observation_id,fold,observed_label,oof_probability_or_plus,predicted_label_t0_5
0,3,0,0.006074895492384208,0
1,3,0,0.006074895492384208,0
2,3,0,0.10926626082474833,0
3,3,0,0.09974771798814928,0
4,3,0,0.09974771798814928,0
5,4,1,0.9870648673983176,1
6,2,0,0.013061848416366902,0
7,2,0,0.013061848416366902,0
8,2,0,0.013061848416366902,0
9,2,0,0.013061848416366902,0
10,2,0,0.013061848416366902,0
11,0,0,0.004353641074553093,0
12,0,0,0.004353641074553093,0
13,0,0,0.004353641074553093,0
14,1,0,0.0043672739211606795,0
15,0,0,0.004009354977825671,0
16,1,1,0.9546293213084598,1
17,0,1,0.9947480949998936,1
18,3,1,0.9711707119293775,1
19,3,1,0.9711707119293775,1
20,3,1,0.9711707119293775,1
21,3,1,0.9711707119293775,1
22,3,1,0.9711707119293775,1
23,1,1,0.9844308726367821,1
24,1,1,0.9844308726367821,1
25,3,1,0.9711707119293775,1
26,1,1,0.9844308726367821,1
27,1,1,0.9844308726367821,1
28,3,1,0.9711707119293775,1
29,4,0,0.021025939033318484,0
30,4,0,0.021025939033318484,0
31,4,0,0.021025939033318484,0
32,4,0,0.021025939033318484,0
33,1,0,0.014713474651090925,0
34,4,0,0.021025939033318484,0
35,1,0,0.014713474651090925,0
36,0,0,0.013753748422735301,0
37,4,0,0.021025939033318484,0
38,4,0,0.021025939033318484,0
39,0,0,0.013753748422735301,0
40,4,0,0.021025939033318484,0
41,0,0,0.0161857239243524,0
42,0,0,0.0161857239243524,0
43,3,0,0.01981080162844278,0
44,1,0,0.016354715339201197,0
45,0,0,0.014789339480105362,0
46,0,0,0.08144443332163316,0
47,0,0,0.08144443332163316,0
48,2,1,0.9656947492657548,1
49,3,1,0.09303887185739416,0
50,4,0,0.1760775280634923,0
51,4,0,0.1760775280634923,0
52,4,0,0.015545278598671849,0
53,0,1,0.06035676519962117,0
54,1,0,0.0464979824499775,0
55,1,0,0.0464979824499775,0
56,1,0,0.0464979824499775,0
57,3,1,0.8852262316270405,1
58,4,1,0.9251436648431921,1
59,3,0,0.050620418032818436,0
60,3,0,0.050620418032818436,0
61,0,0,0.05999427296792678,0
62,4,0,0.01016307230034698,0
63,4,0,0.01016307230034698,0
64,4,0,0.01016307230034698,0
65,4,0,0.01016307230034698,0
66,4,0,0.01016307230034698,0
67,4,0,0.01016307230034698,0
68,4,0,0.01016307230034698,0
69,4,0,0.01016307230034698,0
70,0,1,0.24011517051000503,0
71,1,1,0.5691041028566804,1
72,1,1,0.5691041028566804,1
73,1,1,0.5691041028566804,1
74,1,1,0.9749946370054182,1
75,4,1,0.9803344772230724,1
76,4,1,0.9803344772230724,1
77,4,1,0.9803344772230724,1
78,3,1,0.939504488528955,1
79,3,1,0.939504488528955,1
80,4,0,0.3106802931408822,0
81,4,0,0.3106802931408822,0
82,0,1,0.9068048467418538,1
83,0,1,0.9068048467418538,1
84,2,0,0.021667698191292523,0
85,2,0,0.021667698191292523,0
86,4,0,0.010702956643629144,0
87,2,0,0.021667698191292523,0
88,0,0,0.03021800731696043,0
89,4,1,0.9143042047748278,1
90,2,0,0.014877164891667478,0
91,2,0,0.014877164891667478,0
92,2,0,0.026787592189993444,0
93,2,1,0.9774706082162578,1
94,2,1,0.9774706082162578,1
95,0,1,0.9607956589244528,1
96,3,0,0.13742580010557484,0
97,3,0,0.13742580010557484,0
98,1,0,0.04926168510922028,0
99,3,0,0.021133458579527184,0
100,4,0,0.036810382168358496,0
101,2,1,0.9642887365080073,1
102,0,1,0.2996270854810507,0
103,0,0,0.46700448955574975,0
104,0,0,0.46700448955574975,0
105,1,0,0.034152756236430326,0
106,3,0,0.06173764383196068,0
107,3,0,0.06173764383196068,0
108,3,0,0.06173764383196068,0
109,4,1,0.015437282847925943,0
110,4,1,0.9843646780686072,1
111,4,0,0.5991818447770408,1
112,4,0,0.5991818447770408,1
113,3,0,0.010884663177011963,0
114,2,0,0.008504564963335902,0
115,1,0,0.03579455104782025,0
116,1,0,0.03579455104782025,0
117,2,0,0.010592987876074354,0
118,2,0,0.010592987876074354,0
119,2,0,0.010592987876074354,0
120,2,0,0.010592987876074354,0
121,2,0,0.010592987876074354,0
122,3,0,0.8946504794250774,1
123,4,1,0.0962521756478412,0
124,3,0,0.012831432075109386,0
125,3,0,0.018103818455530163,0
126,0,0,0.0033229416654216967,0
127,0,0,0.0033229416654216967,0
128,0,0,0.0033229416654216967,0
129,1,0,0.022176940203043394,0
130,2,0,0.020624470160284732,0
131,4,0,0.012559155828952713,0
132,1,0,0.16267275665092673,0
133,4,1,0.9782101139615406,1
134,4,1,0.1277253025709307,0
135,4,1,0.1277253025709307,0
136,1,0,0.008607620235421968,0
137,1,0,0.008607620235421968,0
138,2,0,0.3519283130506007,0
139,3,1,0.9833534724898196,1
140,3,1,0.9833534724898196,1
141,1,0,0.002627307455625846,0
142,1,0,0.002627307455625846,0
143,4,1,0.9755582571367742,1
144,4,1,0.9755582571367742,1
145,0,0,0.009234613558811552,0
146,0,0,0.009234613558811552,0
147,1,0,0.09875355269486547,0
148,1,0,0.09875355269486547,0
149,3,1,0.9468434951586421,1
150,0,1,0.9204749445973044,1
151,0,1,0.9204749445973044,1
152,4,0,0.03152145653312486,0
153,2,0,0.6461814034492557,1
154,2,0,0.17924610703991478,0
155,0,1,0.9372242296040197,1
156,4,1,0.8195345258706848,1
157,3,0,0.16567447188775367,0
158,3,1,0.8255459176549438,1
159,0,0,0.03576688349852935,0
160,0,0,0.12094783326888105,0
161,0,0,0.12094783326888105,0
162,1,1,0.9687545516750683,1
163,4,1,0.9391569238068407,1
164,4,1,0.3178501054448809,0
165,2,0,0.00887517937300617,0
166,4,1,0.807342291316028,1
167,4,1,0.807342291316028,1
168,0,1,0.9817615911334605,1
169,1,1,0.9825472225241237,1
170,1,1,0.9825472225241237,1
171,0,1,0.9817615911334605,1
172,1,1,0.9825472225241237,1
173,4,1,0.9678178969417182,1
174,4,0,0.027300542683175583,0
175,4,0,0.027300542683175583,0
176,3,0,0.04304593516835731,0
177,4,0,0.006302595904292654,0
178,0,0,0.04032326851779008,0
179,0,0,0.04032326851779008,0
180,3,0,0.07246066274442411,0
181,2,0,0.11018048700096686,0
182,1,1,0.9514629484083943,1
183,2,1,0.9686067589733888,1
184,1,1,0.9514629484083943,1
185,4,1,0.8028526092387391,1
186,3,0,0.31185351163360825,0
187,3,0,0.31185351163360825,0
188,0,0,0.036935119153484165,0
189,0,0,0.15165134835244243,0
190,0,0,0.15165134835244243,0
191,0,0,0.15165134835244243,0
192,0,0,0.5838075294862237,1
193,3,1,0.3201760117483898,0
194,4,1,0.9799793770818114,1
195,4,1,0.9799793770818114,1
196,4,1,0.9799793770818114,1
197,0,0,0.03129837192111949,0
198,1,0,0.01859941378130217,0
199,4,1,0.9868188111530358,1
200,4,1,0.9868188111530358,1
201,2,0,0.08496105577260799,0
202,2,0,0.08245298629863064,0
203,2,0,0.05288397184477637,0
204,1,0,0.05983517305662968,0
205,1,0,0.022469153021439064,0
206,2,0,0.01761328740543729,0
207,1,0,0.022469153021439064,0
208,1,0,0.022469153021439064,0
209,0,1,0.7397160994207114,1
210,0,1,0.7397160994207114,1
211,3,1,0.5765397802103169,1
212,1,0,0.07527059521341292,0
213,1,0,0.07527059521341292,0
214,1,0,0.07527059521341292,0
215,4,0,0.028336968533738544,0
216,4,0,0.028336968533738544,0
217,3,0,0.06002700954706365,0
218,3,1,0.7883763668213022,1
219,3,1,0.7883763668213022,1
220,3,1,0.7883763668213022,1
221,3,1,0.7883763668213022,1
222,3,1,0.7883763668213022,1
223,3,1,0.7883763668213022,1
224,2,0,0.01942722965180093,0
225,2,0,0.01942722965180093,0
226,2,0,0.01942722965180093,0
227,1,0,0.6380348980452619,1
228,3,1,0.3464168001539643,0
229,1,0,0.013652021512818717,0
230,0,1,0.9830774713328977,1
231,0,1,0.9830774713328977,1
232,0,1,0.9830774713328977,1
233,0,1,0.9830774713328977,1
234,0,1,0.9830774713328977,1
235,0,1,0.9830774713328977,1
236,3,0,0.005183370996947384,0
237,2,1,0.9427739303810974,1
238,4,0,0.2409978402846785,0
239,0,0,0.08687262797786291,0
240,0,0,0.0054617634250217675,0
241,1,1,0.3599353762143446,0
242,1,1,0.3599353762143446,0
243,1,1,0.3599353762143446,0
244,1,1,0.3599353762143446,0
245,1,1,0.1106966195041622,0
246,0,1,0.9807768157073832,1
247,0,1,0.9807768157073832,1
248,0,1,0.9807768157073832,1
249,0,1,0.36653486842001676,0
250,0,1,0.36653486842001676,0
251,0,1,0.36653486842001676,0
252,0,1,0.36653486842001676,0
253,0,1,0.36653486842001676,0
254,4,0,0.27936509820709876,0
255,4,0,0.27936509820709876,0
256,0,0,0.09930385095423065,0
257,0,0,0.09930385095423065,0
258,3,1,0.04085703933527288,0
259,4,0,0.021938309158155513,0
260,0,0,0.07444186179026807,0
261,0,0,0.07444186179026807,0
262,4,1,0.7936064050253324,1
263,3,1,0.9725602364088993,1
264,0,1,0.980546404255102,1
265,0,1,0.980546404255102,1
266,0,1,0.980546404255102,1
267,1,1,0.9874515613492635,1
268,1,0,0.014971228118812943,0
269,4,1,0.9186592366197821,1
270,4,1,0.9186592366197821,1
271,4,1,0.9186592366197821,1
272,4,1,0.9186592366197821,1
273,4,1,0.9186592366197821,1
274,2,1,0.9328647827596491,1
275,3,0,0.043189567551377456,0
276,3,1,0.8250415337684833,1
277,2,1,0.6335942709357829,1
278,4,0,0.9234445887029421,1
279,4,0,0.9234445887029421,1
280,4,0,0.9234445887029421,1
281,4,0,0.9234445887029421,1
282,3,1,0.5626891172754727,1
283,4,0,0.02935037984954461,0
284,2,0,0.7182225051629484,1
285,4,0,0.017372828242281785,0
286,3,0,0.029038605965320315,0
287,3,0,0.029038605965320315,0
288,2,1,0.8641940369253799,1
289,0,1,0.7562427016113756,1
290,3,0,0.024721666844920415,0
291,3,0,0.024721666844920415,0
292,3,0,0.024721666844920415,0
293,0,0,0.008986417162175792,0
294,4,0,0.010107797757940008,0
295,1,0,0.9263458678899616,1
296,3,1,0.016763622171739136,0
297,4,0,0.009328576567822319,0
298,2,0,0.27868870313856825,0
299,2,0,0.27868870313856825,0
300,2,0,0.27868870313856825,0
301,3,1,0.5884479672015202,1
302,3,1,0.5884479672015202,1
303,3,1,0.5884479672015202,1
304,3,1,0.5884479672015202,1
305,3,1,0.5884479672015202,1
306,0,1,0.1907945237502638,0
307,0,1,0.1907945237502638,0
308,2,1,0.991307658794464,1
309,3,1,0.9594490911639032,1
310,4,1,0.9643393667902771,1
311,3,1,0.9594490911639032,1
312,4,1,0.9643393667902771,1
313,1,1,0.5430331605615014,1
314,1,1,0.5430331605615014,1
315,1,1,0.5430331605615014,1
316,4,1,0.7474683590170579,1
317,3,1,0.9919121151254429,1
318,3,1,0.9919121151254429,1
319,0,1,0.9924348520648484,1
320,0,1,0.9924348520648484,1
321,2,0,0.01413375517106074,0
322,2,0,0.01413375517106074,0
323,1,1,0.994094991100548,1
324,2,0,0.012901622308355775,0
325,2,0,0.012901622308355775,0
326,2,0,0.012901622308355775,0
327,2,0,0.012901622308355775,0
328,4,1,0.7561428091716297,1
329,3,1,0.20086221363596293,0
330,4,0,0.11487079089554113,0
331,1,0,0.7210937802204679,1
332,4,1,0.8695345941735513,1
333,1,1,0.34957455338900895,0
334,1,1,0.34957455338900895,0
335,4,1,0.9340289806199158,1
336,4,0,0.003742410733290045,0
337,2,1,0.8107404713528235,1
338,2,1,0.8107404713528235,1
339,2,1,0.8107404713528235,1
340,2,1,0.8107404713528235,1
341,4,0,0.0074838528896881105,0
342,0,0,0.01406898547127714,0
343,4,0,0.15357622893645229,0
344,4,0,0.26660184260676184,0
345,4,0,0.26660184260676184,0
346,4,0,0.26660184260676184,0
347,2,0,0.22808997599434325,0
348,2,0,0.22808997599434325,0
349,2,0,0.10763066307902407,0
350,4,1,0.8336088474349284,1
351,0,1,0.966932768326024,1
352,0,1,0.966932768326024,1
353,1,1,0.921137633636914,1
354,0,1,0.5495330774883019,1
355,3,0,0.10820824082005888,0
356,4,0,0.01798578296478252,0
357,3,0,0.15309548484942262,0
358,3,0,0.15309548484942262,0
359,3,1,0.7614238685246749,1
360,0,0,0.015621418268091367,0
361,2,0,0.5996992257437849,1
362,4,1,0.33278603256597644,0
363,4,1,0.33278603256597644,0
364,2,0,0.37198876631529426,0
365,2,0,0.37198876631529426,0
366,1,0,0.020595719943237504,0
367,0,0,0.009012917032688682,0
368,3,1,0.8377059953689576,1
369,1,1,0.5125288519090742,1
370,4,0,0.3586785788088413,0
371,4,1,0.8379229109353313,1
372,4,1,0.8379229109353313,1
373,0,0,0.28217629593602556,0
374,0,0,0.28217629593602556,0
375,1,0,0.024295258909079978,0
376,4,1,0.981343959086788,1
377,0,1,0.9689928214330396,1
378,0,1,0.9689928214330396,1
379,4,1,0.8898444943232131,1
380,3,0,0.06455330537611645,0
381,2,0,0.04394772074853459,0
382,3,0,0.6453978033443722,1
383,4,1,0.8637769062601711,1
384,4,1,0.8637769062601711,1
385,4,1,0.8637769062601711,1
386,2,0,0.22756924716921742,0
387,2,0,0.22756924716921742,0
388,2,0,0.22756924716921742,0
389,3,0,0.15325148497424976,0
390,3,0,0.15325148497424976,0
391,3,0,0.15325148497424976,0
392,1,0,0.23343895487814928,0
393,1,0,0.23343895487814928,0
394,1,0,0.23343895487814928,0
395,4,0,0.7000938670918084,1
396,4,0,0.7000938670918084,1
397,4,0,0.7000938670918084,1
398,0,1,0.08176448567562965,0
399,0,1,0.08176448567562965,0
400,0,1,0.08176448567562965,0
401,3,0,0.5642290468600518,1
402,3,0,0.5642290468600518,1
403,3,0,0.5642290468600518,1
404,3,1,0.1691785522152257,0
405,3,1,0.1691785522152257,0
406,3,1,0.1691785522152257,0
407,3,0,0.5281254881677695,1
408,3,0,0.5281254881677695,1
409,1,1,0.32128106869129336,0
410,0,0,0.9226124986214447,1
411,1,0,0.9406907979463067,1
412,4,0,0.8334582500758382,1
413,0,1,0.9759615518541727,1
414,4,1,0.9736040282065722,1
415,3,1,0.9779113162642942,1
416,1,1,0.968206116805295,1
417,4,1,0.9779593556326805,1
418,4,1,0.9779593556326805,1
419,4,0,0.013111671362841746,0
420,0,0,0.022797453595240665,0
421,1,0,0.05679366299880256,0
422,2,1,0.9950595400427372,1
423,2,0,0.9690230229641513,1
424,2,0,0.9690230229641513,1
425,2,0,0.9690230229641513,1
426,4,1,0.159669626965531,0
427,4,1,0.159669626965531,0
428,4,1,0.159669626965531,0
429,1,0,0.02353178749895835,0
430,0,1,0.9437786764560399,1
431,1,0,0.011976662501917734,0
432,4,0,0.014264940534386431,0
433,1,1,0.6861820314654055,1
434,3,1,0.7101811826784139,1
435,3,1,0.7101811826784139,1
436,3,1,0.9939770372840782,1
437,4,0,0.01573122251984708,0
438,2,1,0.9947392385899193,1
439,2,1,0.9947392385899193,1
440,4,0,0.0035877834470190305,0
441,4,0,0.0035877834470190305,0
442,0,1,0.9956973437780894,1
443,3,0,0.4377030323322654,0
444,2,0,0.1922881734780466,0
445,1,1,0.9899697498570682,1
446,3,1,0.8460381225905045,1
447,4,0,0.11127559113435356,0
448,2,0,0.059501269468088994,0
449,1,0,0.06779513566075061,0
450,4,0,0.008597438313441057,0
451,1,0,0.010065364868917844,0
452,3,0,0.015341649758771512,0
453,4,0,0.029643698763903773,0
454,2,0,0.4475983820360378,0
455,0,0,0.013836260070565992,0
456,1,0,0.0774275069557848,0
457,2,1,0.9708474384971841,1
458,4,0,0.013062610324363262,0
459,3,0,0.12215065250954076,0
460,3,1,0.8470423356006953,1
461,3,1,0.8470423356006953,1
462,1,0,0.12247190295987746,0
463,1,0,0.12247190295987746,0
464,1,0,0.05501116490607728,0
465,1,0,0.05501116490607728,0
466,1,0,0.05501116490607728,0
467,3,0,0.0045552796550564845,0
468,0,1,0.8951683019400056,1
469,3,1,0.7545481170155197,1
470,0,0,0.7743729156387064,1
471,0,0,0.8435276599648792,1
472,1,1,0.8386670215934358,1
473,2,0,0.9266913274701668,1
474,0,1,0.30210752808506935,0
475,3,0,0.4584381246413529,0
476,4,0,0.01155390818417247,0
477,2,0,0.0566036795404498,0
478,3,0,0.04293378682293867,0
479,2,0,0.11801244199095619,0
480,4,0,0.11832008796079026,0
481,3,1,0.9326111565589282,1
482,0,0,0.12279770040101114,0
483,1,0,0.15236997498736793,0
484,2,1,0.79709481209824,1
485,2,1,0.79709481209824,1
486,0,1,0.4964085575953013,0
487,0,1,0.205422465763431,0
488,1,1,0.3162465101786793,0
489,3,0,0.41695966360064474,0
490,3,1,0.632751479158734,1
491,4,1,0.41428463226017415,0
492,2,0,0.15918473803219055,0
493,3,0,0.444000768928455,0
494,2,1,0.25046478698596536,0
495,2,0,0.03288920501959906,0
496,4,1,0.9931321775182076,1
497,4,1,0.9223785767447443,1
498,2,1,0.9712373943594413,1
499,4,1,0.9657932379959432,1
500,4,1,0.9657932379959432,1
501,4,1,0.9788605068051003,1
502,4,1,0.9788605068051003,1
503,3,1,0.7901274245448042,1
504,1,1,0.9321331288674249,1
505,0,1,0.9739388356793943,1
506,2,1,0.9297803142046657,1
507,3,0,0.05354640841192716,0
508,2,0,0.22223721988843018,0
509,3,0,0.017983108549428695,0
510,3,0,0.13383810302224244,0
511,3,0,0.13383810302224244,0
512,1,0,0.05679366299880256,0
513,1,0,0.42411956063790907,0
514,3,1,0.9482668389984771,1
515,1,1,0.9709679920575404,1
516,1,1,0.9709679920575404,1
517,2,1,0.9358720528151471,1
518,4,1,0.5479446839226189,1
519,3,0,0.6263313331340946,1
520,2,1,0.873545895700549,1
521,2,1,0.873545895700549,1
522,4,0,0.21946934654657535,0
523,0,0,0.012704912919895844,0
524,1,1,0.36637019367004575,0
525,1,1,0.36637019367004575,0
526,2,1,0.6360707999502897,1
527,0,1,0.9829405727382418,1
528,3,1,0.9775237330227323,1
529,2,1,0.9877494669432555,1
530,0,1,0.8895765841878905,1
531,1,0,0.43618922156657863,0
532,4,0,0.15142642153260108,0
533,4,0,0.15142642153260108,0
534,4,0,0.01938921634317487,0
535,1,1,0.990251184247755,1
536,2,0,0.006009217343090819,0
537,3,1,0.8329043515656844,1
538,4,0,0.0858967877513244,0
539,0,0,0.09398667392353531,0
540,3,1,0.9888898115709078,1
541,3,1,0.9888898115709078,1
542,2,1,0.9840285427143552,1
543,1,1,0.9855013751545604,1
544,3,1,0.9813133195034324,1
545,3,0,0.017357360327581457,0
546,3,0,0.009691305624278064,0
547,3,1,0.9941569471397373,1
548,1,0,0.012064846791733407,0
549,1,1,0.995924571305628,1
550,4,0,0.005354970128993183,0
551,3,1,0.9555447912257741,1
552,3,1,0.7291654064818353,1
553,1,0,0.09198366302367629,0
554,0,0,0.006424098936997096,0
555,1,0,0.2792949774205753,0
556,1,1,0.8276723250241815,1
557,2,0,0.6742116683416342,1
558,2,0,0.6742116683416342,1
559,4,1,0.40861849050800986,0
560,4,0,0.5571485214664983,1
561,0,1,0.08874699464767756,0
562,0,1,0.9489107020067233,1
563,4,0,0.049082277281263534,0
564,4,1,0.9600453436768964,1
565,1,0,0.0840109603596371,0
566,1,1,0.980224294949883,1
567,0,0,0.015969874293754488,0
568,4,1,0.9455960873654525,1
569,0,0,0.004963124195702948,0
570,3,1,0.9700901604774957,1
571,2,0,0.05049043891829446,0
572,3,1,0.9932623298899494,1
573,3,0,0.010072061942442841,0
574,0,1,0.988430363956883,1
575,4,0,0.0019881381849596296,0
576,2,1,0.9807980103638749,1
577,0,0,0.009341941594846484,0
578,3,1,0.9836664502952203,1
579,2,0,0.04147547609924576,0
580,4,1,0.9831377033716187,1
581,3,0,0.004689099261937349,0
582,0,0,0.12162837760365786,0
583,2,1,0.9726778619573632,1
584,1,0,0.010573929641736013,0
585,2,0,0.03612718765454346,0
586,2,0,0.702245775057913,1
587,3,1,0.9824938330611385,1
588,3,0,0.22201205379989725,0
589,1,0,0.01667373423194765,0
590,2,1,0.6293528659589173,1
591,2,1,0.6293528659589173,1
592,2,1,0.7507024327391163,1
593,4,0,0.05495772402626113,0
594,2,1,0.8124346883161422,1
595,3,0,0.07259686665884794,0
596,3,1,0.659852932670012,1
597,1,0,0.4544478902897617,0
598,3,1,0.913051271887217,1
599,3,1,0.913051271887217,1
600,2,0,0.5006323471504777,1
601,1,1,0.656652613511481,1
602,2,0,0.014248791540358659,0
603,0,1,0.6958281276040498,1
604,2,1,0.7660973083496809,1
605,2,1,0.7660973083496809,1
606,1,1,0.9784921711540455,1
607,4,0,0.056833370834516075,0
608,2,0,0.01315836556251362,0
609,0,1,0.9741628374044747,1
610,3,0,0.01171262733965658,0
611,3,1,0.9506187464324363,1
612,0,1,0.6046704011574069,1
613,1,0,0.06466281761058483,0
614,1,0,0.06466281761058483,0
615,2,0,0.009840503375275696,0
616,0,1,0.050361022911336234,0
617,3,0,0.8056861799738122,1
618,2,0,0.171863151839825,0
619,2,0,0.171863151839825,0
620,0,0,0.04925390735163352,0
621,0,0,0.04925390735163352,0
622,4,0,0.12029445062948722,0
623,0,0,0.09520042124426496,0
624,4,0,0.055067248223146334,0
625,1,0,0.5242933021276162,1
626,4,1,0.5344230307097242,1
627,2,0,0.43709778550596795,0
628,2,0,0.43709778550596795,0
629,2,0,0.05225906028259383,0
630,4,1,0.0676322320660661,0
631,3,0,0.836360819637432,1
632,0,0,0.020173411849808642,0
633,2,1,0.8119818124056455,1
634,1,0,0.23562525729371808,0
635,4,1,0.6886458595906895,1
636,4,1,0.5197567545826318,1
637,1,1,0.9338594149802344,1
638,4,0,0.5749826423490508,1
639,0,1,0.17334139899980494,0
640,4,0,0.14586278840223835,0
641,1,0,0.690120479056316,1
642,4,1,0.9126548853965312,1
643,4,1,0.9126548853965312,1
644,4,1,0.8674475528950146,1
645,4,1,0.8674475528950146,1
646,1,1,0.9526774038346701,1
647,2,0,0.2958658527675812,0
648,0,1,0.8813761524492927,1
649,3,0,0.05605246114337033,0
650,3,0,0.05605246114337033,0
651,1,0,0.01450862025199129,0
652,2,1,0.9685643727337601,1
653,3,1,0.9835603677839805,1
654,1,1,0.8121117201234631,1
655,1,1,0.40748347334340773,0
656,4,0,0.013093707901645503,0
657,4,0,0.013093707901645503,0
658,0,0,0.7490629669382622,1
659,0,0,0.7490629669382622,1
660,2,1,0.8511345671959532,1
661,0,1,0.7899941430896991,1
662,3,1,0.9393262917674714,1
663,4,1,0.976047349229217,1
664,1,1,0.9520940065634174,1
665,0,1,0.893766883248468,1
666,2,1,0.9910319283539867,1
667,0,1,0.9425774442952716,1
668,4,1,0.9073243524337511,1
669,3,1,0.9614144656376502,1
670,1,0,0.9822153742258767,1
671,4,1,0.04356857322793447,0
672,3,1,0.6461310129251812,1
673,1,1,0.2764627527729019,0
674,0,1,0.5167654264782733,1
675,3,1,0.6618046817195323,1
676,0,0,0.8919864394322228,1
677,2,1,0.6584404125202299,1
678,0,0,0.8948242736579258,1
679,1,1,0.23729346171568952,0
680,1,1,0.7796799100249384,1
681,0,1,0.5010671203721837,1
682,1,0,0.16279184654650541,0
683,1,1,0.2080985545213555,0
684,4,0,0.216279570585634,0
685,1,0,0.6063546936635542,1
686,1,1,0.7175673895646965,1
687,2,1,0.828609454974556,1
688,3,1,0.7182453280693325,1
689,4,0,0.40379832392932646,0
690,0,0,0.21995878747982953,0
691,4,0,0.2942852936466843,0
692,0,1,0.32381305212297573,0
693,3,0,0.47726840729431697,0
694,0,1,0.9379448319136819,1
695,3,0,0.15181582855159398,0
696,2,0,0.16836043811570683,0
697,4,1,0.7419394072012715,1
698,4,0,0.007139985046615183,0
699,1,0,0.05176095256597575,0
700,0,0,0.22350963551469208,0
701,1,0,0.03244299438425094,0
702,2,0,0.4234075842873459,0
703,0,0,0.014058464147149724,0
704,2,0,0.04163780843067133,0
705,4,0,0.033666985868014594,0
706,1,0,0.016186836789534864,0
707,1,0,0.029593680522518324,0
708,3,0,0.15637400968251866,0
709,0,0,0.1763551752980582,0
710,3,0,0.011591851850951915,0
711,1,1,0.4265354946179496,0
712,1,1,0.7227661391903638,1
713,0,1,0.9319267999907996,1
714,4,1,0.9705253091514434,1
715,1,0,0.8765819081484696,1
716,4,1,0.9454128458561557,1
717,1,0,0.009711894830567867,0
718,2,0,0.012594593607656164,0
719,2,0,0.06695069734653349,0
720,2,0,0.5577593260367093,1
721,1,1,0.8112096277906135,1
722,4,1,0.9476710288224452,1
723,4,1,0.9476710288224452,1
724,3,1,0.9227750420813079,1
725,1,1,0.6226698909408447,1
726,3,1,0.7876826815722563,1
727,2,1,0.9650008827857178,1
728,3,1,0.9737211604371074,1
729,4,1,0.5999396950544221,1
730,2,0,0.34093165883275744,0
731,0,0,0.014881412198043358,0
732,0,0,0.16900761673429374,0
733,3,0,0.0896423628211678,0
734,1,0,0.06113007528410134,0
735,2,0,0.09655804360564998,0
736,4,0,0.6684078520313298,1
737,2,1,0.9816807924286935,1
738,3,0,0.017500003798160465,0
739,1,0,0.48702131616824934,0
740,1,1,0.18571510877335554,0
741,0,1,0.3218763986516056,0
742,3,1,0.8068872262965557,1
743,2,0,0.8626792945996801,1
744,2,1,0.9879136495459935,1
745,1,1,0.9755714923430485,1
746,2,1,0.9463333160824097,1
747,4,1,0.9022140424530123,1
748,0,1,0.6458361347533295,1
749,1,0,0.7072863810353568,1
750,4,1,0.9624618280350614,1
751,4,1,0.93032783168825,1
752,2,0,0.0461553695094296,0
753,2,1,0.2862001248679825,0
754,1,1,0.8744841041296623,1
755,0,0,0.12331525454746631,0
756,4,0,0.00414148100906233,0
757,3,0,0.005527713943455548,0
758,0,0,0.006424820641430233,0
759,3,0,0.025443127752360187,0
760,4,1,0.9698140490503385,1
761,2,1,0.9806674521511554,1
762,4,0,0.04120120747775049,0
763,0,0,0.04339834439597201,0
764,2,0,0.06536980760553586,0
765,1,0,0.9877448317628647,1
766,1,1,0.9653852529055177,1
767,3,0,0.06096807269977259,0
768,0,1,0.9087397533200648,1
769,1,0,0.035799561860154275,0
770,1,1,0.8078697985987574,1
771,1,0,0.19985892303512665,0
772,0,1,0.969515508458288,1
773,2,0,0.024732928724908915,0
774,4,0,0.015648049753182285,0
775,2,1,0.9941355389900058,1
776,0,0,0.004794497810528109,0
777,4,1,0.9909992267277278,1
778,2,0,0.004412622210451326,0
779,1,1,0.34005742798951405,0
780,2,1,0.9805487479370565,1
781,0,1,0.6361754244193936,1
782,2,0,0.11295919393138268,0
783,0,1,0.9383217157857637,1
784,3,0,0.045596733753070814,0
785,1,1,0.9802714190719465,1
786,0,0,0.007305919223077843,0
787,2,1,0.9911862339556412,1
788,1,0,0.021115357044166973,0
789,4,1,0.6403146713955584,1
790,2,1,0.979090885211199,1
791,2,0,0.015774497076337067,0
792,4,0,0.028827906241346502,0
793,0,1,0.06367682907674525,0
794,4,1,0.904181974928042,1
795,2,1,0.9484913027797569,1
796,3,1,0.922978196895254,1
797,3,1,0.9760108278661456,1
798,2,0,0.008531566654739068,0
799,4,1,0.9776203373539863,1
800,4,1,0.9882688788684564,1
801,3,0,0.017823917580238175,0
802,0,1,0.9836179950372731,1
803,0,0,0.012454344687819602,0
804,1,1,0.9866949773934046,1
805,1,0,0.009620862115843447,0
806,3,1,0.9839504609478595,1
807,2,0,0.009881509747250493,0
808,3,1,0.9784654430175923,1
809,3,0,0.05930678345637551,0
810,1,1,0.9877560858371895,1
811,0,1,0.9808392070719444,1
812,2,0,0.007301350636759045,0
813,1,1,0.9912769218371008,1
814,4,0,0.006761782179524966,0
815,4,1,0.9971086691045689,1
816,0,0,0.004617556989363752,0
817,4,1,0.9569074850063974,1
818,1,0,0.04285175333833192,0
819,1,1,0.9863728496291514,1
820,1,0,0.04244273813969515,0
821,0,1,0.6311749632893815,1
822,0,0,0.044310584174966444,0
823,4,1,0.9777267559089892,1
824,4,1,0.7255892515584007,1
825,4,1,0.9854333000329791,1
826,3,1,0.9888351078744134,1
827,2,1,0.9692694568757152,1
828,3,1,0.9250104022233049,1
829,2,1,0.983584681833209,1
830,2,1,0.9619127006842024,1
831,3,1,0.5353104101382914,1
832,4,1,0.6742498194074024,1
833,4,1,0.9913318578463746,1
834,3,1,0.7694249550652144,1
835,1,1,0.9901358940369438,1
836,3,1,0.8448852088897059,1
837,2,1,0.9055200311059777,1
838,0,1,0.96766059337568,1
839,2,0,0.38324882672336774,0
840,4,1,0.182479236130072,0
841,1,0,0.12822065302037308,0
842,4,0,0.03269182583271993,0
843,2,0,0.1847000570764183,0
844,0,0,0.014299884006491528,0
845,0,1,0.9813839155281838,1
846,3,1,0.6538458243159491,1
847,2,1,0.9408141212193406,1
848,1,1,0.9324410664028545,1
849,3,0,0.3572417873647426,0
850,1,1,0.8457314078264055,1
851,3,0,0.08321505114242102,0
852,4,0,0.7842466270618045,1
853,3,0,0.1509752972008652,0
854,4,1,0.14887991940236125,0
855,2,0,0.667188257561994,1
856,3,1,0.8797060677879092,1
857,3,1,0.9859217403948443,1
858,4,0,0.009552920991202007,0
859,1,1,0.97279119433823,1
860,2,0,0.11484578439943581,0
861,3,1,0.9785428805821614,1
862,1,1,0.9791014941063749,1
863,0,1,0.9564632627864383,1
864,2,1,0.5714609925690174,1
865,0,1,0.9726415995757403,1
866,1,1,0.9765553292087596,1
867,2,1,0.9864580684586964,1
868,4,1,0.9619520784033506,1
869,1,0,0.005664043790218777,0
870,0,1,0.9527924086822975,1
871,3,0,0.02768497010026839,0
872,1,0,0.11534232685563857,0
873,0,0,0.13738809148455244,0
874,3,0,0.09641001180598575,0
875,1,0,0.11554492682754859,0
876,4,0,0.11166439355660127,0
877,2,1,0.8027584930325394,1
878,1,0,0.11097223806032257,0
879,0,0,0.08157618436211171,0
880,2,1,0.8544697150068749,1
881,0,0,0.04235053798158514,0
882,0,1,0.9083116976309159,1
883,3,1,0.984460526775603,1
884,4,0,0.08413817387355756,0
885,2,0,0.01852115423974248,0
886,2,1,0.8410111254166388,1
887,4,0,0.06700090989714627,0
888,3,1,0.9489213571327315,1
889,0,0,0.012142575510593211,0
890,2,0,0.23119282449998443,0
891,4,0,0.16059762074738027,0
892,1,0,0.03051779540076711,0
893,1,0,0.01647514833902756,0
894,0,0,0.019716417164103946,0
895,2,0,0.06842977991980564,0
896,0,1,0.9858986530942747,1
897,2,0,0.024536175790077063,0
898,1,1,0.9829438023655677,1
899,3,0,0.020408579259403193,0
900,4,0,0.01553176051883617,0
901,3,1,0.8992948353446398,1
902,1,1,0.9503924506611597,1
903,4,1,0.9548815620426194,1
904,0,0,0.02765654833204394,0
905,2,0,0.029107692098743726,0
906,3,1,0.8344230666879449,1
907,1,0,0.05224673740844173,0
908,0,1,0.7622678608005078,1
909,2,0,0.15017411728710015,0
910,0,1,0.14614582789492386,0
911,3,0,0.2313724221557223,0
912,2,0,0.0927476814926205,0
913,0,0,0.08311243751317743,0
914,4,0,0.006819334132560082,0
915,3,1,0.9268503831527727,1
916,0,1,0.9512149523015251,1
917,4,1,0.7812290215177528,1
918,1,0,0.5006772955729365,1
919,3,1,0.8315293368487078,1
920,2,0,0.4899253850010004,0
921,4,1,0.9535300032861705,1
922,2,1,0.41900854082624817,0
923,4,0,0.07433817034238428,0
924,0,0,0.18199584299702318,0
925,2,0,0.07677185061256106,0
926,3,0,0.16200110254659764,0
927,4,1,0.821505118244852,1
928,3,1,0.7434545535248495,1
929,4,0,0.5163982166907174,1
930,0,0,0.2717108039362957,0
931,4,0,0.237430258162046,0
932,1,0,0.032032960465595055,0
933,2,0,0.021451329915245294,0
934,2,0,0.07144943768233769,0
935,1,0,0.015556765931197541,0
936,0,1,0.8211566590125267,1
937,0,0,0.13067849963705605,0
938,0,1,0.19362190301988177,0
939,2,0,0.09796570776251379,0
940,0,0,0.42018190844739894,0
941,1,0,0.02569546019821498,0
942,3,0,0.32283670824259614,0
943,3,0,0.32809594476681125,0
944,3,0,0.002575039087651548,0
945,2,0,0.37147896394954616,0
946,0,0,0.36747383020033114,0
947,2,0,0.5081690496967173,1
948,4,1,0.2920223211800086,0
949,2,0,0.5338390640005977,1
950,4,1,0.4456260872412392,0
951,4,1,0.6899685984630324,1
952,0,0,0.22890623131937443,0
953,2,0,0.3495816624577447,0
954,3,1,0.13055805176216786,0
955,3,1,0.5969091546399355,1
956,4,0,0.509247024909302,1
957,4,1,0.5559316867528787,1
958,0,0,0.4649573803487915,0
959,0,0,0.782560285573367,1
960,3,1,0.22238304857757876,0
961,2,1,0.9330748213521273,1
962,4,1,0.47314975597325726,0
963,3,1,0.6154497040713753,1
964,3,0,0.44219902101726183,0
965,3,0,0.44219902101726183,0
966,0,0,0.6017673664577554,1
967,2,0,0.07206902746168369,0
968,1,0,0.2437627776877623,0
969,4,1,0.9642789895506938,1
970,4,1,0.628335679697096,1
971,4,1,0.860514174867766,1
972,3,1,0.7969576990229126,1
973,3,1,0.7748946620239631,1
974,0,1,0.7750222608699041,1
975,3,1,0.9348927115903879,1
976,1,0,0.7183470991348948,1
977,2,0,0.6354654814681677,1
978,1,1,0.6296040924587957,1
979,0,1,0.8125356282581971,1
980,3,1,0.8096967851147652,1
981,2,1,0.9168386387153944,1
982,2,1,0.7147003279659313,1
983,3,1,0.8961718712515518,1
984,3,0,0.03494866732147572,0
985,1,0,0.0061907891301557555,0
986,4,0,0.09197839939111517,0
987,2,0,0.22431145049793488,0
988,3,0,0.16186260755669632,0
989,3,0,0.5426456765672767,1
990,1,0,0.2815910730102661,0
991,3,1,0.9201389790476282,1
992,0,0,0.06980622076633057,0
993,1,0,0.010917378360443509,0
994,3,0,0.0786745371011901,0
995,0,0,0.045311132010130845,0
996,4,0,0.3516318536583501,0
997,0,0,0.07004005651740465,0
998,1,0,0.17446061198436894,0
999,3,0,0.0541377718816629,0
1000,0,1,0.6423040867064658,1
1001,4,0,0.11156275443272447,0
1002,3,1,0.6260284250615897,1
1003,1,0,0.019486717170700843,0
1004,1,1,0.37104694841189023,0
1005,1,0,0.056082361853695084,0
1006,4,0,0.013500851684239862,0
1007,0,0,0.026404709704232344,0
1008,3,0,0.030970885526100524,0
1009,3,0,0.03630980740975791,0
1010,3,1,0.6659935808132225,1
1011,4,1,0.7997336645465329,1
1012,2,1,0.7272720037637399,1
1013,4,1,0.7186268113081137,1
1014,2,1,0.5986480111115822,1
1015,1,0,0.574770782179574,1
1016,2,1,0.8192592498935302,1
1017,1,0,0.9513717095208085,1
1018,2,1,0.7858290361264991,1
1019,4,1,0.7049638633104597,1
1020,1,1,0.8552428027843907,1
1021,4,1,0.6681067222979381,1
1022,3,1,0.955344202619543,1
1023,1,0,0.6692987904844698,1
1024,1,0,0.6411879626644009,1
1025,2,1,0.34041381242170526,0
1026,1,0,0.1752803552971406,0
1027,0,1,0.8251495562623797,1
1028,2,1,0.727597926782866,1
1029,4,1,0.8443655919955728,1
1030,3,0,0.19020258540291043,0
1031,1,0,0.05487864837578185,0
1032,0,0,0.5361020085632213,1
1033,2,0,0.4811219596740464,0
1034,3,0,0.30847324152857636,0
1035,2,0,0.0415156840585474,0
1036,2,0,0.1050573709876521,0
1037,0,1,0.9608531224312116,1
1038,4,0,0.023952041716325548,0
1039,3,1,0.08121250685574614,0
1040,3,0,0.0035629004361118644,0
1041,3,0,0.005807530332585923,0
1042,1,1,0.9351125191950469,1
1043,2,0,0.18908027187951695,0
1044,3,0,0.5219006619485164,1
1045,0,1,0.22362615028562396,0
1046,4,1,0.9723893799960096,1
1047,4,0,0.012626274144545641,0
1048,2,1,0.9435702968080337,1
1049,2,0,0.004533299403890965,0
1050,3,0,0.011879119662200082,0
1051,1,1,0.9869351412680551,1
1052,1,1,0.9575711497270708,1
1053,2,0,0.0497446511035521,0
1054,3,1,0.8705373347617168,1
1055,0,0,0.01194709184646686,0
1056,0,0,0.14726549534429895,0
1057,1,0,0.06578361440332531,0
1058,2,0,0.06125924339777941,0
1059,2,0,0.06527042419387234,0
1060,2,0,0.01564851174902003,0
1061,2,0,0.01449749485676493,0
1062,4,0,0.0166679519580296,0
1063,3,0,0.27676026273666465,0
1064,3,0,0.018260967349689343,0
1065,1,0,0.39671950044952614,0
1066,0,0,0.24909708540952236,0
1067,1,0,0.02071172311847614,0
1068,2,0,0.035672779191240546,0
1069,1,1,0.992880458776234,1
1070,1,0,0.04312725171738448,0
1071,1,0,0.01966085451657973,0
1072,3,1,0.3053863531413468,0
1073,1,1,0.5474458057709154,1
1074,3,0,0.01833470745045007,0
1075,0,0,0.05560069671097022,0
1076,1,0,0.8520255400542347,1
1077,0,1,0.21408033797026532,0
1078,1,0,0.06162537733326545,0
1079,2,0,0.020547790004615995,0
1080,0,1,0.6416312043810491,1
1081,3,0,0.8187436719128672,1
1082,3,1,0.8940427383984437,1
1083,4,0,0.03785083789971283,0
1084,0,1,0.8995174278208633,1
1085,3,0,0.14872324617999186,0
1086,0,1,0.6482829559274937,1
1087,3,1,0.7887512449705962,1
1088,0,1,0.9360486804165962,1
1089,1,1,0.523741105497739,1
1090,2,1,0.405584873024933,0
1091,0,1,0.6915124614394896,1
1092,0,1,0.8408806678775502,1
1093,2,1,0.8584121585815803,1
1094,2,1,0.8201768303140577,1
1095,4,1,0.8402001518122786,1
1096,3,1,0.6380004651213964,1
1097,1,1,0.8611751130902362,1
1098,0,1,0.426281077148022,0
1099,2,0,0.828660252421629,1
1100,0,0,0.8197328693986682,1
1101,4,1,0.5169333591000841,1
1102,3,1,0.3465593107400199,0
1103,1,0,0.6324737748048384,1
1104,4,0,0.6016838182796438,1
1105,0,0,0.372635491011652,0
1106,2,0,0.057376390662069274,0
1107,4,0,0.007275886455833759,0
1108,1,0,0.07621661377442607,0
1109,2,0,0.20001155637667212,0
1110,0,0,0.09832610645914172,0
1111,4,0,0.07495007311401221,0
1112,4,1,0.008648513462803625,0
1113,3,0,0.2039599877065021,0
1114,2,0,0.046243414371842664,0
1115,1,0,0.03331803628579842,0
1116,0,0,0.2021514587240779,0
1117,4,1,0.45902349887057764,0
1118,4,1,0.4021798691939027,0
1119,0,1,0.5755327444535473,1
1120,4,1,0.40754228703626033,0
1121,1,1,0.29118460172937477,0
1122,1,1,0.7701804540105853,1
1123,0,0,0.7815329509485689,1
1124,1,1,0.8147143749309844,1
1125,0,0,0.02821274721258816,0
1126,3,1,0.9708934458631275,1
1127,2,0,0.021135256361297164,0
1128,1,1,0.9737662978720286,1
1129,4,0,0.21256624000857127,0
1130,2,0,0.026989295121144778,0
1131,4,0,0.8999548628513272,1
1132,4,0,0.0163835297101084,0
1133,1,0,0.02462656265254659,0
1134,2,0,0.04160120046995723,0
1135,2,0,0.025178280212218556,0
1136,4,0,0.035919313925110614,0
1137,1,0,0.1544584581901231,0
1138,0,0,0.06478273699379385,0
1139,2,0,0.5347239925109626,1
1140,1,0,0.39301744518572884,0
1141,4,1,0.6344074044822203,1
1142,2,0,0.8128501558553146,1
1143,3,1,0.8078464952253102,1
1144,0,0,0.41069548089469776,0
1145,3,0,0.016244427166526968,0
1146,0,0,0.003963049497761743,0
1147,2,0,0.01691432473328357,0
1148,4,0,0.0205980496220004,0
1149,0,1,0.7414314355294728,1
1150,0,0,0.22066249592423026,0
1151,3,1,0.8760303140266037,1
1152,2,1,0.9811169047126509,1
1153,2,1,0.9084982397842781,1
1154,2,1,0.9833528062832826,1
1155,0,1,0.9588258160200959,1
1156,0,1,0.906676461549396,1
1157,2,1,0.8761871659364362,1
1158,0,0,0.14561106732216583,0
1159,0,0,0.33995191339363323,0
1160,1,1,0.9939661934605091,1
1161,2,1,0.9154342170031224,1
1162,0,1,0.9833441271760873,1
1163,3,1,0.9900078611854397,1
1164,2,1,0.9780423793740625,1
1165,0,1,0.9868343880417217,1
1166,4,1,0.9931637840093257,1
1167,3,1,0.9661583940328616,1
1168,4,1,0.9962742581278949,1
1169,1,1,0.9954130664672106,1
1170,2,1,0.9057898872220064,1
1171,1,1,0.9561572578410817,1
1172,1,0,0.8374919480144778,1
1173,1,1,0.6354084987238195,1
1174,1,0,0.4086407339464826,0
1175,2,1,0.625931880395789,1
1176,0,1,0.7076774459715863,1
1177,3,1,0.936379434927892,1
1178,0,1,0.9369093611659416,1
1179,2,1,0.9641525103624891,1
1180,0,1,0.9484028073424355,1
1181,3,1,0.8724435212882862,1
1182,2,1,0.5074232188639637,1
1183,3,1,0.8846582376933,1
1184,1,0,0.20832662263634255,0
1185,0,1,0.4225804967442637,0
1186,2,1,0.38120703192780464,0
1187,1,1,0.762189448653763,1
1188,4,1,0.9722993303928511,1
1189,4,1,0.7776960556629113,1
1190,0,1,0.9876588841766504,1
1191,2,1,0.9836176491828746,1
1192,1,1,0.9629458369359802,1
1193,1,1,0.956577748089485,1
1194,2,1,0.9837037018039475,1
1195,0,1,0.9847438980097455,1
1196,1,1,0.8984028720057257,1
1197,4,1,0.9924895289917021,1
1198,4,1,0.9651862177244571,1
1199,3,1,0.9952409933349038,1
1200,0,1,0.9912512033711036,1
1201,3,1,0.915116107679173,1
1202,3,1,0.7127532029936523,1
1203,4,0,0.049421252206543816,0
1204,1,1,0.9503604092361486,1
1205,0,1,0.9587824613046062,1
1206,3,1,0.9517308372267046,1
1207,0,1,0.9820095632638622,1
1208,3,1,0.992750324275904,1
1209,4,1,0.9653592758205557,1
1210,4,0,0.019411591845227654,0
1211,4,0,0.06589038022415382,0
1212,1,0,0.9738822318383279,1
1213,3,1,0.9312986720786219,1
1214,1,1,0.9879382010383785,1
1215,3,0,0.31098801286905997,0
1216,4,0,0.849145818386524,1
1217,2,1,0.6337133509913024,1
1218,4,1,0.015437282847925943,0
1219,2,1,0.8199764928372619,1
1220,3,1,0.9241969688110419,1
1221,2,1,0.8199764928372619,1
1222,3,1,0.9241969688110419,1
1223,4,1,0.922214771898757,1
1224,3,0,0.015275201252852819,0
1225,1,0,0.010258023137727628,0
1226,0,0,0.01536588135940251,0
1227,1,0,0.010258023137727628,0
1228,2,0,0.013274462145630595,0
1229,3,0,0.015275201252852819,0
1230,1,0,0.010258023137727628,0
1231,3,0,0.015275201252852819,0
1232,0,0,0.01536588135940251,0
1233,3,0,0.015275201252852819,0
1234,1,0,0.010258023137727628,0
1235,0,0,0.4638991328203121,0
1236,0,0,0.4638991328203121,0
1237,1,1,0.5753123277411717,1
1238,1,1,0.5753123277411717,1
1239,1,1,0.5753123277411717,1
1240,1,1,0.7637655857730586,1
1241,4,1,0.8273801286246322,1
1242,0,0,0.27857026905575544,0
1243,3,1,0.6809237353719755,1
1244,1,0,0.35391957560710297,0
1245,2,0,0.38902141405086477,0
1246,2,0,0.38902141405086477,0
1247,2,0,0.38902141405086477,0
1248,1,0,0.8758684004786876,1
1249,2,1,0.8830054098074438,1
1250,1,0,0.013043429004152904,0
1251,0,0,0.016997150627016656,0
1252,1,0,0.013043429004152904,0
1253,1,0,0.013043429004152904,0
1254,4,0,0.012234798350813699,0
1255,1,0,0.01573465949039896,0
1256,1,0,0.01573465949039896,0
1257,0,1,0.9549274132996559,1
1258,3,0,0.0728908830610418,0
1259,0,0,0.04366323738063598,0
1260,3,0,0.4855145416515547,0
1261,2,1,0.8751494229561291,1
1262,2,1,0.8751494229561291,1
1263,4,0,0.03234869642057455,0
1264,4,0,0.03234869642057455,0
1265,4,0,0.006320720123957045,0
1266,4,0,0.006320720123957045,0
1267,4,0,0.006320720123957045,0
1268,4,0,0.006320720123957045,0
1269,4,0,0.006320720123957045,0
1270,4,0,0.006320720123957045,0
1271,4,0,0.006320720123957045,0
1272,3,1,0.6848882862401969,1
1273,2,0,0.3038010626613324,0
1274,2,0,0.23323808338990715,0
1275,4,1,0.8054949222499578,1
1276,2,0,0.0296148326978336,0
1277,0,0,0.10031646454519767,0
1278,0,0,0.10031646454519767,0
1279,0,0,0.10031646454519767,0
1280,0,0,0.10031646454519767,0
1281,0,0,0.10031646454519767,0
1282,0,0,0.10031646454519767,0
1283,0,0,0.10031646454519767,0
1284,0,0,0.10031646454519767,0
1285,0,0,0.10031646454519767,0
1286,0,0,0.10031646454519767,0
1287,0,0,0.007803715102136613,0
1288,0,0,0.007803715102136613,0
1289,0,0,0.007803715102136613,0
1290,0,1,0.9682318451975418,1
1291,1,1,0.934061793875375,1
1292,1,1,0.934061793875375,1
1293,1,1,0.934061793875375,1
1294,1,1,0.934061793875375,1
1295,1,1,0.934061793875375,1
1296,0,1,0.9682318451975418,1
1297,1,1,0.934061793875375,1
1298,1,1,0.934061793875375,1
1299,1,1,0.934061793875375,1
1300,1,1,0.934061793875375,1
1301,3,1,0.798524858933679,1
1302,0,0,0.02554679690040861,0
1303,1,0,0.02508168111497228,0
1304,4,1,0.930597772854276,1
1305,4,1,0.9776984897020711,1
1306,2,1,0.972198787093115,1
1307,3,1,0.9718596454625398,1
1308,1,0,0.03232856138416939,0
1309,3,0,0.016110659382310672,0
1310,4,0,0.04979300550431164,0
1311,1,0,0.01845107719853162,0
1312,3,0,0.1802747968416976,0
1313,0,1,0.7281907538325588,1
1314,1,0,0.07124853644673475,0
1315,1,0,0.07931954397876793,0
1316,1,0,0.07931954397876793,0
1317,1,0,0.07931954397876793,0
1318,1,0,0.07931954397876793,0
1319,1,0,0.06869799097886575,0
1320,4,0,0.028025684718611672,0
1321,4,0,0.028025684718611672,0
1322,1,0,0.3038841662172117,0
1323,3,1,0.911244140615396,1
1324,4,0,0.005854559344475374,0
1325,4,0,0.0030484287806276404,0
1326,1,1,0.881291397439145,1
1327,3,1,0.8320723410636628,1
1328,0,0,0.21804038236346315,0
1329,0,0,0.21804038236346315,0
1330,2,1,0.45443702593424246,0
1331,3,1,0.6264161733020435,1
1332,2,0,0.5034584345750677,1
1333,3,0,0.06589225010030705,0
1334,4,1,0.32001716095459254,0
1335,4,1,0.32001716095459254,0
1336,2,0,0.3638035641801187,0
1337,2,0,0.3638035641801187,0
1338,1,0,0.053230692117947336,0
1339,1,0,0.053230692117947336,0
1340,0,1,0.7542209831955755,1
1341,0,1,0.7542209831955755,1
1342,2,0,0.20025348417985955,0
1343,2,0,0.20025348417985955,0
1344,2,0,0.20025348417985955,0
1345,2,0,0.20025348417985955,0
1346,0,0,0.06436945584531348,0
1347,2,0,0.20025348417985955,0
1348,4,1,0.9132339515206048,1
1349,4,1,0.9132339515206048,1
1350,4,1,0.9132339515206048,1
1351,4,1,0.9132339515206048,1
1352,4,1,0.9132339515206048,1
1353,4,1,0.8936444769291311,1
1354,4,1,0.9132339515206048,1
1355,1,0,0.09859551691518084,0
1356,2,0,0.04264292698909816,0
1357,2,0,0.04264292698909816,0
1358,3,0,0.021639709423567143,0
1359,2,1,0.7939932131926246,1
1360,3,1,0.8097706165807427,1
1361,2,1,0.7334504242321256,1
1362,3,1,0.9416682903387016,1
1363,0,1,0.8978912115427263,1
1364,0,1,0.8978912115427263,1
1365,0,0,0.11440119128489831,0
1366,0,0,0.11440119128489831,0
1367,0,0,0.34946697199117854,0
1368,4,0,0.0822747598552408,0
1369,1,1,0.7338505937992331,1
1370,0,0,0.0400408720494043,0
1371,0,0,0.0400408720494043,0
1372,4,0,0.014030571609339355,0
1373,4,0,0.02231810072981898,0
1374,4,0,0.02231810072981898,0
1375,4,0,0.11493130725289644,0
1376,4,0,0.11493130725289644,0
1377,4,1,0.9816644856275385,1
1378,3,1,0.6321176717460669,1
1379,1,0,0.04260404538538733,0
1380,2,0,0.08484101151798246,0
1381,3,0,0.8167081459136505,1
1382,3,0,0.8167081459136505,1
1383,3,0,0.8167081459136505,1
1384,3,0,0.8167081459136505,1
1385,3,0,0.8167081459136505,1
1386,3,0,0.8167081459136505,1
1387,3,0,0.8167081459136505,1
1388,3,0,0.8167081459136505,1
1389,3,0,0.8167081459136505,1
1390,3,0,0.8167081459136505,1
1391,2,1,0.6038336443689143,1
1392,2,1,0.6038336443689143,1
1393,2,1,0.6038336443689143,1
1394,4,0,0.041199457942701925,0
1395,3,0,0.3543944203108824,0
1396,4,0,0.2571439998942343,0
1397,1,1,0.7653962439019995,1
1398,4,0,0.31683905776924,0
1399,4,0,0.31683905776924,0
1400,0,0,0.030780973044923488,0
1401,0,0,0.030780973044923488,0
1402,0,0,0.030780973044923488,0
1403,0,1,0.8268621145005925,1
1404,2,0,0.03340198458687034,0
1405,1,0,0.03576230618593605,0
1406,1,0,0.03576230618593605,0
1407,1,0,0.03576230618593605,0
1408,1,0,0.006269894326789949,0
1409,1,0,0.006269894326789949,0
1410,1,0,0.006269894326789949,0
1411,1,0,0.006269894326789949,0
1412,4,1,0.6414526847307845,1
1413,0,1,0.6988189511514594,1
1414,0,1,0.9805870012083626,1
1415,2,0,0.08359625588158902,0
1416,0,1,0.371022372267717,0
1417,0,1,0.371022372267717,0
1418,1,1,0.9440916995738524,1
1419,3,0,0.03313088964330364,0
1420,4,0,0.07880087464833468,0
1421,2,1,0.9894655194400661,1
1422,0,0,0.06810229444602972,0
1423,3,0,0.03227441746156566,0
1424,2,0,0.039587030455919686,0
1425,1,0,0.13409208085670907,0
1426,1,0,0.13409208085670907,0
1427,1,0,0.13409208085670907,0
1428,3,1,0.8949665963070595,1
1429,3,1,0.8949665963070595,1
1430,3,1,0.8949665963070595,1
1431,3,1,0.8949665963070595,1
1432,3,1,0.8949665963070595,1
1433,3,1,0.8949665963070595,1
1434,0,0,0.14045793794690947,0
1435,4,0,0.12701210269611798,0
1436,4,0,0.12701210269611798,0
1437,3,0,0.23543381978872246,0
1438,3,0,0.23543381978872246,0
1439,1,1,0.900218484935537,1
1440,1,1,0.900218484935537,1
1441,3,0,0.01755447598429629,0
1442,0,0,0.02299159086688868,0
1443,3,0,0.027178730705091438,0
1444,0,1,0.963433959841876,1
1445,1,1,0.6579377833997898,1
1446,3,0,0.8728544563577706,1
1447,0,1,0.608461206171286,1
1448,2,0,0.09847089697908025,0
1449,3,1,0.09542116062974851,0
1450,3,0,0.5066299697964007,1
1451,0,0,0.008291067987802273,0
1452,0,0,0.008291067987802273,0
1453,1,0,0.009088189953939344,0
1454,0,0,0.008291067987802273,0
1455,0,0,0.008291067987802273,0
1456,0,0,0.008291067987802273,0
1457,0,0,0.008291067987802273,0
1458,2,0,0.008558801403849865,0
1459,2,0,0.008558801403849865,0
1460,0,0,0.015955251625118218,0
1461,1,0,0.02296057719903405,0
1462,1,0,0.02296057719903405,0
1463,0,0,0.00626540326813908,0
1464,0,0,0.00626540326813908,0
1465,3,0,0.008850841898919623,0
1466,3,0,0.008850841898919623,0
1467,3,0,0.008850841898919623,0
1468,4,1,0.9164424169381402,1
1469,0,1,0.5718683720801928,1
1470,1,0,0.20247833813134117,0
1471,1,0,0.02696864615138476,0
1472,1,0,0.02696864615138476,0
1473,1,0,0.02696864615138476,0
1474,1,0,0.02696864615138476,0
1475,1,0,0.02696864615138476,0
1476,1,0,0.02696864615138476,0
1477,1,0,0.02696864615138476,0
1478,0,0,0.44140217976942764,0
1479,4,0,0.08896865564408404,0
1480,3,0,0.1899668371524285,0
1481,2,1,0.8708069002865205,1
1482,0,0,0.010527154732217162,0
1483,4,0,0.030494542581635295,0
1484,0,0,0.800826092787801,1
1485,2,0,0.7282549408585098,1
1486,1,1,0.3865220639442815,0
1487,0,1,0.7722587185500935,1
1488,4,0,0.07797603665118809,0
1489,4,0,0.23059126168922248,0
1490,4,0,0.23059126168922248,0
1491,4,0,0.23059126168922248,0
1492,4,0,0.23059126168922248,0
1493,4,0,0.23059126168922248,0
1494,4,1,0.0833277742961295,0
1495,4,1,0.0833277742961295,0
1496,4,1,0.0833277742961295,0
1497,4,1,0.0833277742961295,0
1498,4,1,0.0833277742961295,0
1499,4,0,0.12814824453167137,0
1500,2,1,0.9541516598883155,1
1501,3,1,0.2085348593768023,0
1502,0,0,0.8016498668581306,1
1503,1,0,0.10377249698779878,0
1504,1,1,0.8273696527950996,1
1505,3,0,0.02596329551308258,0
1506,3,0,0.02596329551308258,0
1507,2,0,0.026341355455456007,0
1508,0,1,0.9684246442895041,1
1509,0,1,0.959383810377772,1
1510,2,0,0.009803299874766094,0
1511,1,1,0.7684786384292946,1
1512,4,0,0.12626577001286182,0
1513,0,0,0.03142027125870312,0
1514,0,0,0.03142027125870312,0
1515,0,0,0.03142027125870312,0
1516,1,1,0.5818466700310443,1
1517,4,1,0.8889912419589239,1
1518,1,0,0.0055460163563134214,0
1519,2,0,0.105839838032685,0
1520,3,0,0.7850899857550862,1
1521,3,0,0.19122443708957917,0
1522,4,1,0.7879422209776455,1
1523,4,1,0.7289675540264888,1
1524,1,1,0.955900365094886,1
1525,1,0,0.013385185287059793,0
1526,1,0,0.013385185287059793,0
1527,2,0,0.006595164002312999,0
1528,3,0,0.010237026174309901,0
1529,1,0,0.013385185287059793,0
1530,1,0,0.013385185287059793,0
1531,3,0,0.010237026174309901,0
1532,4,1,0.7637306494135525,1
1533,3,1,0.2935782521588397,0
1534,4,1,0.4443833503134499,0
1535,3,0,0.626239942888394,1
1536,3,0,0.626239942888394,1
1537,2,1,0.8986033453136473,1
1538,2,0,0.6675102718807923,1
1539,4,1,0.7293133883328907,1
1540,4,1,0.702627145581196,1
1541,4,1,0.702627145581196,1
1542,2,0,0.3809356298245062,0
1543,2,0,0.3809356298245062,0
1544,3,0,0.02322718340175213,0
1545,3,0,0.02322718340175213,0
1546,3,1,0.35908544639203865,0
1547,2,0,0.6801451665288711,1
1548,2,1,0.44150862727215784,0
1549,1,1,0.8463226704025111,1
1550,2,0,0.030433263857215145,0
1551,2,1,0.7458991952678505,1
1552,3,1,0.7279986850928625,1
1553,3,0,0.013270378460173817,0
1554,2,0,0.019256307966870778,0
1555,3,0,0.017974692903872533,0
1556,4,0,0.012218579144537764,0
1557,3,0,0.013270378460173817,0
1558,4,0,0.007118833529783383,0
1559,4,0,0.007118833529783383,0
1560,1,0,0.022812842478185564,0
1561,2,0,0.012253282529620903,0
1562,1,0,0.02042918783847412,0
1563,3,1,0.3104051755371602,0
1564,1,0,0.0867792774584383,0
1565,0,0,0.003328057584319225,0
1566,0,0,0.003328057584319225,0
1567,0,0,0.003328057584319225,0
1568,0,0,0.003328057584319225,0
1569,0,0,0.003328057584319225,0
1570,0,0,0.0159061979141383,0
1571,0,0,0.0159061979141383,0
1572,4,1,0.8959712000608374,1
1573,2,0,0.04049990814889337,0
1574,3,0,0.46842237387255303,0
1575,1,0,0.967992326067676,1
1576,4,0,0.7574391652124334,1
1577,1,1,0.6600714144693299,1
1578,1,1,0.6600714144693299,1
1579,1,1,0.6600714144693299,1
1580,0,0,0.9475198346422746,1
1581,0,0,0.9475198346422746,1
1582,0,0,0.9475198346422746,1
1583,0,0,0.4021721915637907,0
1584,2,1,0.8143005858528262,1
1585,4,1,0.9652386174892275,1
1586,4,0,0.020211510252882096,0
1587,4,0,0.5190929442866242,1
1588,1,1,0.36073456174233215,0
1589,1,0,0.016735554341200876,0
1590,0,0,0.03043467922241757,0
1591,0,0,0.03043467922241757,0
1592,0,0,0.012331286327134006,0
1593,3,1,0.09768874051225727,0
1594,4,0,0.06314923182826174,0
1595,1,0,0.009492403341632127,0
1596,1,0,0.009492403341632127,0
1597,0,0,0.02052496207121446,0
1598,0,0,0.04891375046729743,0
1599,0,0,0.035913897862561835,0
1600,2,0,0.015295244928661515,0
1601,2,0,0.6553921372022316,1
1602,2,0,0.6553921372022316,1
1603,4,0,0.04656025797279525,0
1604,0,1,0.8066528205427308,1
1605,2,1,0.9537267990162109,1
1606,2,0,0.19642703084433388,0
1607,1,0,0.009900748185788915,0
1608,4,0,0.8037254635141673,1
1609,3,0,0.6141303827704215,1
1610,2,1,0.9224903997010715,1
1611,0,0,0.68510520353912,1
1612,4,0,0.1978110812435877,0
1613,0,1,0.5484144409178536,1
1614,4,0,0.09574511947562425,0
1615,2,0,0.015265672847148104,0
1616,2,0,0.20757856434442004,0
1617,1,0,0.08540571336483947,0
1618,2,0,0.012734679680917849,0
1619,2,0,0.7306284922311739,1
1620,1,1,0.9541279624219401,1
1621,0,1,0.8510196745255749,1
1622,2,1,0.6904503433868047,1
1623,0,1,0.13518525399259457,0
1624,0,0,0.6818372391097695,1
1625,3,0,0.045838101762126486,0
1626,1,0,0.020559462458564763,0
1627,3,0,0.04487264547993574,0
1628,1,0,0.16558028754001783,0
1629,1,0,0.03246977144544338,0
1630,3,1,0.9620907353274178,1
1631,0,1,0.9493285395085793,1
1632,4,1,0.5613596649994351,1
1633,2,1,0.5514012770363529,1
1634,1,0,0.013359500954943553,0
1635,2,0,0.00883578709301648,0
1636,4,1,0.8439197140898317,1
1637,3,1,0.4619546891792234,0
1638,0,0,0.022577979549841348,0
1639,2,0,0.05467820197444072,0
1640,0,1,0.10458262205335947,0
1641,2,0,0.532485984827794,1
1642,1,1,0.5627765320032826,1
1643,1,0,0.1782044587681172,0
1644,2,0,0.010432232673863324,0
1645,2,0,0.010432232673863324,0
1646,3,0,0.018261948471775473,0
1647,3,0,0.018261948471775473,0
1648,3,0,0.018261948471775473,0
1649,3,0,0.018261948471775473,0
1650,3,0,0.018261948471775473,0
1651,3,0,0.018261948471775473,0
1652,3,0,0.018261948471775473,0
1653,3,0,0.018261948471775473,0
1654,1,0,0.5973646970159686,1
1655,2,0,0.01838703243654994,0
1656,1,1,0.04545544622008567,0
1657,1,0,0.774913689681851,1
1658,4,0,0.5243387547025489,1
1659,1,0,0.011828973588725615,0
1660,4,0,0.02348725803760428,0
1661,0,0,0.08065108849811167,0
1662,4,0,0.027928893832306966,0
1663,2,0,0.12904990854137283,0
1664,4,0,0.05070588549682885,0
1665,2,0,0.01428513654215783,0
1666,4,0,0.012178202933716378,0
1667,2,1,0.9920795106600928,1
1668,0,0,0.034389631312524,0
1669,1,1,0.6930450619631257,1
1670,3,1,0.8926304291186745,1
1671,3,0,0.8023565454774234,1
1672,3,0,0.17030927376818755,0
1673,0,0,0.05966748773553116,0
1674,4,0,0.2958251224988838,0
1675,4,0,0.1061191795216693,0
1676,4,0,0.0011391796553519413,0
1677,4,0,0.9168980134173799,1
1678,1,1,0.4495082303674517,0
1679,0,1,0.5341160524110539,1
1680,2,0,0.11765190382293535,0
1681,0,1,0.5244715923915794,1
1682,2,0,0.8168204962598408,1
1683,1,1,0.1982358383333598,0
1684,3,1,0.8252350900793004,1
1685,4,0,0.32976474054952654,0
1686,0,0,0.17114572483005416,0
1687,3,1,0.9902250071467169,1
1688,4,0,0.013212690252013229,0
1689,0,1,0.2570864808775882,0
1690,0,1,0.6431817416984725,1
1691,0,0,0.3188188451125344,0
1692,3,0,0.0811346826983941,0
1693,3,0,0.12239185390222271,0
1694,3,0,0.1989544468067087,0
1695,0,0,0.05347101027831926,0
1696,1,0,0.09112817317247554,0
1697,3,1,0.9983732323412424,1
1698,2,0,0.010286311265148508,0
1699,2,1,0.8691154230325142,1
1700,3,0,0.015266069710015194,0
1701,0,0,0.3405331417626477,0
1702,1,1,0.4308970904332208,0
1703,0,0,0.792508364263776,1
1704,0,1,0.9196428724925523,1
1705,4,1,0.7985947102467865,1
1706,3,1,0.9873129655491758,1
1707,3,0,0.33826533506958334,0
1708,2,1,0.16540102291317293,0
1709,3,1,0.14789766040293,0
1710,0,0,0.08336433092833559,0
1711,3,0,0.17575222382552025,0
1712,4,0,0.11489160386944625,0
1713,1,1,0.9802417647230973,1
1714,2,0,0.026240106782641864,0
1715,3,1,0.9462728442104561,1
1716,1,0,0.6329062872760711,1
1717,3,1,0.7021367039260163,1
1718,0,0,0.1424578553029818,0
1719,3,0,0.7198381705753026,1
1720,1,1,0.11778311512403417,0
1721,2,0,0.012744253662084258,0
1722,2,0,0.012744253662084258,0
1723,2,0,0.012744253662084258,0
1724,2,0,0.012744253662084258,0
1725,2,0,0.012744253662084258,0
1726,0,1,0.8184486896516476,1
1727,1,0,0.1313763414911558,0
1728,3,1,0.9453181285615819,1
1729,2,0,0.17590482787530695,0
1730,2,1,0.9971267983735661,1
1731,2,0,0.018533099637086763,0
1732,0,0,0.11616242111980729,0
1733,2,1,0.0281400325756221,0
1734,2,1,0.0281400325756221,0
1735,2,1,0.0281400325756221,0
1736,2,1,0.0281400325756221,0
1737,0,0,0.35007636724040414,0
1738,0,0,0.4857727735615913,0
1739,0,0,0.10462075454638468,0
1740,4,1,0.7211563816213588,1
1741,4,0,0.2330819668257452,0
1742,4,1,0.2691241313370185,0
1743,1,1,0.2012448996913302,0
1744,1,1,0.1108938605441303,0
1745,2,0,0.6193424361146196,1
1746,3,0,0.18506009348358535,0
1747,0,0,0.10836392324375223,0
1748,3,0,0.013209836070650767,0
1749,0,0,0.049333940585055594,0
1750,3,1,0.9420365948480544,1
1751,3,1,0.9420365948480544,1
1752,4,0,0.08252128579468454,0
1753,4,0,0.08252128579468454,0
1754,0,0,0.3121017577266353,0
1755,2,1,0.7541113605831806,1
1756,0,0,0.013068218017124333,0
1757,0,1,0.8707936953798169,1
1758,0,1,0.8707936953798169,1
1759,3,1,0.535353409018598,1
1760,0,1,0.9941571620595167,1
1761,3,0,0.016231268499932783,0
1762,0,1,0.8087884318792996,1
1763,4,0,0.16437241780820133,0
1764,4,0,0.16437241780820133,0
1765,4,0,0.16437241780820133,0
1766,2,0,0.005481274522343197,0
1767,3,1,0.8218467577472277,1
1768,2,1,0.9982783637518288,1
1769,4,0,0.00668028475205654,0
1770,1,0,0.030411730667053074,0
1771,0,0,0.5007087579654261,1
1772,3,0,0.16182581173261623,0
1773,3,1,0.864638668158907,1
1774,2,0,0.1187319369354195,0
1775,2,0,0.17574886039128096,0
1776,1,1,0.9577570518461603,1
1777,1,0,0.03081753174592288,0
1778,0,0,0.03799045105857766,0
1779,1,0,0.1483916790673715,0
1780,3,0,0.33797895451905713,0
1781,2,0,0.05724591776010511,0
1782,0,0,0.10233750663248721,0
1783,4,0,0.06383646303096999,0
1784,0,1,0.984415008333018,1
1785,1,0,0.009287453031789655,0
1786,0,0,0.015668567799477087,0
1787,1,0,0.2511913910255528,0
1788,4,0,0.15377366788845007,0
1789,0,1,0.8466485097330597,1
1790,4,1,0.8848934254209241,1
1791,2,1,0.9810674684380031,1
1792,0,0,0.009336578518239573,0
1793,2,0,0.5618426543264057,1
1794,0,0,0.2323736648747083,0
1795,1,1,0.034590341811443215,0
1796,2,0,0.35851855855384446,0
1797,0,1,0.18061808554166414,0
1798,4,0,0.05219835590687538,0
1799,4,1,0.04393340176592151,0
1800,2,0,0.12355788980229891,0
1801,4,1,0.3663251704717527,0
1802,3,1,0.6664571746427296,1
1803,1,0,0.5719084873764821,1
1804,3,1,0.1703158445627681,0
1805,1,0,0.24497967148375083,0
1806,2,0,0.1326583351884764,0
1807,4,0,0.06835213720026712,0
1808,4,1,0.9754354460051545,1
1809,0,0,0.020665711919461757,0
1810,0,1,0.9394622787974843,1
1811,0,0,0.021063748378536903,0
1812,2,1,0.9886823022213034,1
1813,3,0,0.013987068301193737,0
1814,1,1,0.5952637701399301,1
1815,1,1,0.9286668584555016,1
1816,1,0,0.09250179014302849,0
1817,3,1,0.819197552674116,1
1818,3,0,0.24122614952070803,0
1819,1,0,0.117965420634923,0
1820,2,1,0.7371838447896836,1
1821,2,0,0.06700449126406917,0
1822,0,0,0.09456747202399121,0
1823,4,1,0.9977409726564195,1
1824,1,0,0.055028345703070324,0
1825,1,1,0.6394607816603937,1
1826,2,1,0.9945462627111457,1
1827,3,0,0.02521872789766628,0
1828,3,0,0.06807904230625002,0
1829,3,0,0.06807904230625002,0
1830,4,0,0.012851568096970372,0
1831,2,0,0.031509070810617955,0
1832,2,0,0.07877810846792614,0
1833,1,0,0.031107732214452354,0
1834,1,0,0.2024702747030485,0
1835,0,0,0.019220920436663978,0
1836,4,0,0.22514224783601583,0
1837,2,0,0.0073717782317976556,0
1838,3,0,0.004248121001127822,0
1839,3,0,0.1502854025168005,0
1840,4,0,0.037670243343473686,0
1841,4,1,0.6049855378265181,1
1842,0,1,0.9890954539471036,1
1843,0,0,0.06457555855278835,0
1844,1,0,0.03476797168222182,0
1845,4,0,0.019844333715348404,0
1846,0,1,0.9855499674867823,1
1847,3,0,0.008557090843273139,0
1848,0,1,0.5917531035881025,1
1849,0,0,0.44852803396403923,0
1850,0,0,0.44852803396403923,0
1851,0,0,0.693663167149024,1
1852,4,1,0.5278680999046328,1
1853,4,1,0.5278680999046328,1
1854,1,0,0.0188112899115621,0
1855,2,0,0.0376727902062991,0
1856,1,0,0.12257002974326801,0
1857,3,0,0.08062636291998129,0
1858,2,1,0.9970979793089312,1
1859,4,0,0.0040059150079595615,0
1860,1,0,0.03818752629398614,0
1861,2,1,0.6357785354408979,1
1862,3,0,0.26016878103242863,0
1863,3,1,0.9217571299664369,1
1864,1,0,0.46938555980058766,0
1865,2,0,0.01786646104931759,0
1866,2,0,0.01786646104931759,0
1867,1,0,0.09025833853288619,0
1868,4,1,0.17235740251402934,0
1869,0,1,0.9061616791727094,1
1870,0,1,0.9061616791727094,1
1871,1,0,0.09632107823483957,0
1872,1,0,0.09632107823483957,0
1873,3,1,0.9732370368433543,1
1874,4,0,0.008702509012449493,0
1875,0,1,0.8602215228257823,1
1876,4,0,0.013274676758313042,0
1877,4,0,0.023923745916054125,0
1878,2,1,0.9906804172035498,1
1879,2,0,0.03631841390382456,0
1880,2,0,0.17519448606355512,0
1881,3,0,0.011115400764008982,0
1882,1,1,0.9790762212802445,1
1883,3,0,0.06006436946799716,0
1884,3,0,0.005305777620768479,0
1885,3,0,0.039018385658872154,0
1886,1,1,0.8526672567852569,1
1887,1,1,0.8526672567852569,1
1888,0,0,0.13519657185145637,0
1889,3,1,0.9560219689116053,1
1890,4,1,0.9962467302496205,1
1891,1,0,0.03092000026236292,0
1892,2,0,0.016212701527948917,0
1893,4,1,0.9926008724159783,1
1894,1,1,0.8409801524431603,1
1895,1,1,0.8274205128172929,1
1896,0,0,0.00908273565235054,0
1897,0,1,0.9919887562121311,1
1898,1,1,0.9908605586548178,1
1899,3,0,0.06039336029583188,0
1900,1,0,0.022919917114533783,0
1901,2,0,0.030695257129247127,0
1902,0,0,0.27103565468011265,0
1903,2,1,0.988023626149513,1
1904,0,0,0.23987174205761277,0
1905,3,0,0.01519436370977027,0
1906,1,0,0.2651941134762842,0
1907,2,0,0.030458340808931807,0
1908,0,1,0.4129737243776825,0
1909,0,1,0.34611780242035173,0
1910,1,0,0.01621249498238923,0
1911,0,1,0.9857023882164487,1
1912,4,0,0.9176492423698117,1
1913,3,1,0.5269252020019413,1
1914,2,0,0.9266003711728151,1
1915,4,1,0.09082900474243491,0
1916,3,1,0.7854360668200173,1
1917,0,1,0.9307517250517979,1
1918,0,1,0.9307517250517979,1
1919,2,0,0.05993465239801207,0
1920,4,0,0.2265404127250636,0
1921,2,1,0.9763325554299026,1
1922,2,0,0.04178203092738104,0
1923,4,1,0.9876508809601456,1
1924,3,0,0.014266398501345418,0
1925,1,1,0.9977652801569902,1
1926,3,0,0.016142461216017055,0
1927,3,0,0.032154092881599344,0
1928,0,0,0.024239498090935067,0
1929,0,1,0.9970033846085574,1
1930,0,0,0.011482475793209022,0
1931,1,1,0.9843530326009656,1
1932,3,0,0.019096771842463115,0
1933,1,1,0.9939931496566455,1
1934,3,0,0.017325304647055433,0
1935,0,0,0.024208383727032573,0
1936,0,0,0.024208383727032573,0
1937,4,0,0.04391068330148262,0
1938,4,0,0.04391068330148262,0
1939,4,0,0.018817690036133213,0
1940,4,0,0.018817690036133213,0
1941,0,1,0.9981662474734287,1
1942,4,0,0.02004851616850433,0
1943,1,1,0.991131407371013,1
1944,0,0,0.004773855111954242,0
1945,4,1,0.9971102158098107,1
1946,0,0,0.013821473255718386,0
1947,4,1,0.9757240706558162,1
1948,3,0,0.03631369876163172,0
1949,3,0,0.014912189933468684,0
1950,3,0,0.014912189933468684,0
1951,1,0,0.12342229607454455,0
1952,1,0,0.12342229607454455,0
1953,2,0,0.034977013940499485,0
1954,4,1,0.025697667448124704,0
1955,3,1,0.9336663505509182,1
1956,3,1,0.9336663505509182,1
1957,0,1,0.46616197295150086,0
1958,3,1,0.06536568782691621,0
1959,0,0,0.00954946599436858,0
1960,3,0,0.09267423831919074,0
1961,0,1,0.9165041695430766,1
1962,2,0,0.047837379565226414,0
1963,4,1,0.7372374048767244,1
1964,0,0,0.3502006078247138,0
1965,4,1,0.034185830530384605,0
1966,0,1,0.9971195552765525,1
1967,1,0,0.009423103627055134,0
1968,0,1,0.9470529187013335,1
1969,4,0,0.07779069339817389,0
1970,2,1,0.9749583480307821,1
1971,3,0,0.017697011095077,0
1972,3,1,0.972514298297009,1
1973,3,0,0.06552598570938525,0
1974,4,0,0.10027921119704089,0
1975,4,1,0.9572686527320414,1
1976,1,0,0.30477630674307943,0
1977,1,1,0.9944502945601273,1
1978,4,0,0.008191824206123325,0
1979,1,1,0.9000953493463391,1
1980,4,0,0.03262280613159861,0
1981,1,0,0.16310589921097446,0
1982,0,0,0.03724687002952462,0
1983,4,1,0.9962395976787404,1
1984,0,0,0.004598887904818192,0
1985,4,1,0.41567151712289774,0
1986,3,1,0.7346160461146823,1
1987,3,0,0.035456830257088616,0
1988,3,0,0.035456830257088616,0
1989,2,1,0.9870178090642929,1
1990,4,0,0.013951754414959223,0
1991,4,1,0.9214795705597557,1
1992,4,1,0.9214795705597557,1
1993,1,0,0.2653616313199136,0
1994,1,0,0.2653616313199136,0
1995,0,0,0.01758799972084481,0
1996,2,0,0.616928957174215,1
1997,2,0,0.0731179650146817,0
1998,1,1,0.998616796419837,1
1999,2,0,0.005302312071836123,0
2000,1,1,0.959951681263989,1
2001,1,1,0.959951681263989,1
2002,2,0,0.011340574155814387,0
2003,2,0,0.012340667882811438,0
2004,2,0,0.012340667882811438,0
2005,3,1,0.9910290578581835,1
2006,2,0,0.007822318270106838,0
2007,2,1,0.6212396970750039,1
2008,2,0,0.014904865364954847,0
2009,4,0,0.08512357999420783,0
2010,4,0,0.012058936681221802,0
2011,2,1,0.9160214043186012,1
2012,2,0,0.007628244777753724,0
2013,0,1,0.996731682777042,1
2014,1,0,0.01116725328246793,0
2015,4,1,0.8984646964225113,1
2016,0,0,0.0695513516973262,0
2017,4,0,0.017068806318494383,0
2018,3,1,0.9873905203929401,1
2019,2,0,0.00749498213809692,0
2020,4,1,0.3256245429463251,0
2021,3,0,0.024143280541069838,0
2022,2,0,0.02240995653199555,0
2023,3,0,0.03138522571177746,0
2024,4,1,0.10679513718953815,0
2025,2,0,0.013182105989290972,0
2026,0,1,0.9788504914606936,1
2027,0,1,0.9881988557835892,1
2028,2,0,0.010693580233199343,0
2029,4,1,0.8898634515744548,1
2030,3,0,0.09102172097132404,0
2031,4,0,0.18261563400947511,0
2032,4,0,0.18261563400947511,0
2033,2,0,0.07237734161368452,0
2034,0,1,0.957801805148573,1
2035,3,0,0.005913105888276241,0
2036,4,1,0.9952841318225241,1
2037,0,1,0.9957373649704646,1
2038,2,0,0.012501738209532147,0
2039,1,1,0.997130809780617,1
2040,2,0,0.012923589653132696,0
2041,3,1,0.9926262657645828,1
2042,0,0,0.011626448120676924,0
2043,0,1,0.31218669244159525,0
2044,1,0,0.08214399865032433,0
2045,0,0,0.06278598386842857,0
2046,4,0,0.044389392512309056,0
2047,4,1,0.5930969687280669,1
2048,2,1,0.904857552307904,1
2049,2,1,0.904857552307904,1
2050,4,0,0.178227148430079,0
2051,4,0,0.178227148430079,0
2052,1,0,0.08665982010970597,0
2053,4,0,0.034914533894337546,0
2054,3,0,0.43559103630618373,0
2055,3,0,0.4186078842433977,0
2056,0,0,0.08460668965092623,0
2057,0,0,0.01202675466445988,0
2058,4,0,0.0113973465235084,0
2059,4,0,0.01962103853894065,0
2060,3,1,0.9854009225230943,1
2061,4,1,0.868198221782549,1
2062,3,0,0.014911711334024998,0
2063,1,1,0.9821529309185539,1
2064,1,0,0.04351470212302477,0
2065,2,1,0.9956285848982679,1
2066,1,0,0.00663939988956129,0
2067,2,0,0.08919036228618937,0
2068,0,0,0.013068078035728162,0
2069,2,1,0.9975185640832397,1
2070,3,0,0.013300378378154882,0
2071,0,1,0.9919727021431466,1
2072,2,0,0.011617809504076544,0
2073,1,1,0.9978477337826721,1
2074,1,0,0.0432624010533974,0
2075,1,0,0.023685997418957386,0
2076,1,0,0.011722784107294859,0
2077,2,1,0.9095223891248628,1
2078,1,0,0.047180494991825805,0
2079,2,0,0.022883457367786474,0
2080,0,1,0.9786053406780967,1
2081,4,0,0.11358306463628134,0
2082,3,1,0.9437347512679125,1
2083,0,0,0.08604691853273302,0
2084,0,0,0.02424903063730682,0
2085,3,1,0.9922233358288438,1
2086,1,0,0.009858687373197594,0
2087,3,1,0.9387885344421647,1
2088,1,0,0.031140784385912338,0
2089,2,1,0.9865026742731744,1
2090,2,1,0.9865026742731744,1
2091,3,1,0.37726394730260027,0
2092,4,1,0.9841649579167473,1
2093,4,1,0.9841649579167473,1
2094,0,1,0.9925557083693365,1
2095,4,0,0.010775332295088738,0
2096,3,0,0.011786311066618864,0
2097,3,1,0.9409261907307284,1
2098,3,1,0.9409261907307284,1
2099,2,0,0.4804162870801613,0
2100,4,0,0.11696546608303689,0
2101,4,0,0.11696546608303689,0
2102,1,0,0.025801572991332,0
2103,1,0,0.025801572991332,0
2104,0,0,0.01730110717311666,0
2105,1,1,0.9611114028994973,1
2106,1,1,0.9611114028994973,1
2107,2,0,0.25115749486540584,0
2108,4,0,0.24610528451435892,0
2109,1,1,0.9806369072813775,1
2110,0,0,0.04355676488576309,0
2111,4,1,0.9908104566524137,1
2112,4,0,0.06387547028539763,0
2113,0,1,0.3129775606181542,0
2114,0,1,0.5105835889402937,1
2115,3,1,0.912486648651437,1
2116,1,0,0.1306229473087654,0
2117,1,0,0.025613298032121437,0
2118,3,0,0.013020310128516288,0
2119,4,1,0.9630248932839869,1
2120,1,1,0.6018073071954578,1
2121,0,0,0.7548208990098372,1
2122,3,1,0.6676476714937305,1
2123,2,0,0.8022723322300366,1
2124,2,1,0.9457507060623672,1
2125,1,0,0.024645807242437368,0
2126,1,0,0.6478996429476302,1
2127,2,0,0.024983532125582023,0
2128,3,1,0.9485334517586779,1
2129,1,0,0.0224252366740318,0
2130,1,0,0.0224252366740318,0
2131,2,1,0.8447681089691685,1
2132,0,0,0.007482692812607667,0
2133,1,0,0.01788541251044806,0
2134,3,1,0.5839007171035937,1
2135,1,0,0.06185299325887093,0
2136,2,1,0.8521669588277685,1
2137,4,0,0.04352759297800149,0
2138,2,1,0.9578631840228896,1
2139,3,1,0.9498977118466143,1
2140,4,0,0.00549109454066389,0
2141,3,0,0.9120857833490218,1
2142,3,0,0.04812803053073973,0
2143,2,0,0.010613881269287168,0
2144,4,0,0.014337137286732714,0
2145,4,0,0.026820447804334534,0
2146,4,0,0.026820447804334534,0
2147,4,1,0.9972088299586088,1
2148,3,0,0.018218651303747727,0
2149,0,1,0.9969371362657523,1
2150,2,0,0.014336506718573401,0
2151,2,1,0.9947127061971074,1
2152,1,0,0.013318033139972632,0
2153,1,0,0.011966082980265913,0
2154,4,0,0.013193173072818089,0
2155,1,0,0.018082039908727972,0
2156,3,0,0.020841655559004302,0
2157,2,0,0.019486308013485686,0
2158,2,0,0.013137231745493354,0
2159,0,0,0.024649768112594558,0
2160,0,0,0.024649768112594558,0
2161,2,1,0.7594087793314749,1
2162,0,0,0.010030216360870063,0
2163,1,0,0.020886852503601405,0
2164,4,0,0.008978761924786395,0
2165,3,0,0.013596566787672529,0
2166,4,1,0.6956536238395862,1
2167,3,1,0.9822930858254,1
2168,1,0,0.010779722710282817,0
2169,3,0,0.012835732609749588,0
2170,4,0,0.896650914457773,1
2171,4,0,0.08151286078369184,0
2172,2,0,0.16653204417048223,0
2173,3,1,0.9404176359531021,1
2174,2,1,0.9216847084297183,1
2175,0,0,0.01985147807704457,0
2176,4,1,0.8181896636427473,1
2177,1,1,0.9194485213711795,1
2178,2,0,0.04071921237739106,0
2179,2,0,0.02338189533056078,0
2180,1,0,0.020003851043978012,0
2181,0,0,0.06504441443093288,0
2182,3,1,0.9610797342554377,1
2183,0,1,0.9705595598074059,1
2184,0,1,0.9705595598074059,1
2185,2,0,0.1211688129481686,0
2186,2,0,0.1211688129481686,0
2187,2,1,0.5109012067214875,1
2188,2,0,0.062461326795550755,0
2189,1,0,0.06075250849633306,0
2190,0,1,0.9691601292126939,1
2191,4,1,0.8882016308482897,1
2192,0,0,0.04247334828419346,0
2193,3,1,0.8745136629404475,1
2194,4,1,0.9578431167881402,1
2195,0,1,0.6546083788028718,1
2196,0,1,0.24533745443594704,0
2197,4,1,0.8211931576813744,1
2198,1,0,0.1221472473086247,0
2199,3,1,0.18327586161540194,0
2200,1,0,0.807133129226396,1
2201,4,1,0.03970162286173496,0
2202,3,1,0.6200042516127245,1
2203,3,0,0.013131912715629428,0
2204,1,0,0.14445445813919025,0
2205,1,0,0.04185946586351234,0
2206,4,1,0.8883538765140988,1
2207,2,1,0.9490696507998925,1
2208,3,0,0.03603398151023439,0
2209,3,1,0.5747418620568495,1
2210,0,0,0.7424442130561688,1
2211,4,0,0.09242295033522718,0
2212,0,0,0.9885795607040039,1
2213,4,0,0.011637713062502528,0
2214,3,0,0.007710998705310319,0
2215,4,0,0.05126122588968608,0
2216,2,0,0.018799799081373893,0
2217,1,0,0.020031399962142003,0
2218,0,0,0.6480982700722353,1
2219,0,0,0.029045071054690293,0
2220,3,0,0.03265122689870855,0
2221,2,0,0.6830347431904429,1
2222,0,1,0.41984834783907915,0
2223,0,1,0.41984834783907915,0
2224,3,0,0.7237939213279437,1
2225,1,1,0.5883857130810428,1
2226,1,1,0.5883857130810428,1
2227,3,0,0.4074964486774484,0
2228,2,1,0.7558391454627793,1
2229,2,1,0.7558391454627793,1
2230,0,1,0.4410607934688755,0
2231,2,0,0.20548618861314513,0
2232,0,1,0.2607884706389443,0
2233,1,0,0.014429221280109537,0
2234,1,1,0.9680361071805026,1
2235,4,0,0.8356265225131622,1
2236,0,1,0.6339067786276094,1
2237,3,1,0.9887278856021537,1
2238,2,1,0.9776022407443908,1
2239,2,1,0.9776022407443908,1
2240,1,0,0.15014163446492418,0
2241,1,0,0.15014163446492418,0
2242,1,0,0.15014163446492418,0
2243,3,1,0.9394274779574519,1
2244,3,1,0.9394274779574519,1
2245,4,0,0.005382549799472463,0
2246,4,0,0.005382549799472463,0
2247,4,0,0.005382549799472463,0
2248,4,0,0.005382549799472463,0
2249,4,0,0.005382549799472463,0
2250,4,0,0.005382549799472463,0
2251,4,0,0.005382549799472463,0
2252,0,0,0.00750902596561886,0
2253,4,0,0.005382549799472463,0
2254,4,0,0.005382549799472463,0
2255,4,0,0.005382549799472463,0
2256,4,0,0.005382549799472463,0
2257,4,0,0.005382549799472463,0
2258,4,0,0.005382549799472463,0
2259,4,0,0.005382549799472463,0
2260,4,0,0.005382549799472463,0
2261,4,0,0.005382549799472463,0
2262,4,0,0.005382549799472463,0
2263,4,0,0.005382549799472463,0
2264,4,0,0.005382549799472463,0
2265,4,0,0.007986926027735633,0
2266,4,0,0.007986926027735633,0
2267,0,1,0.5675631542191483,1
2268,0,1,0.5675631542191483,1
2269,0,1,0.5675631542191483,1
2270,0,1,0.5675631542191483,1
2271,0,1,0.5675631542191483,1
2272,0,1,0.5675631542191483,1
2273,0,1,0.5675631542191483,1
2274,0,1,0.5675631542191483,1
2275,0,1,0.5675631542191483,1
2276,0,1,0.5675631542191483,1
2277,0,1,0.5675631542191483,1
2278,0,1,0.5675631542191483,1
2279,2,0,0.9850895511065969,1
2280,0,1,0.5675631542191483,1
2281,0,1,0.5675631542191483,1
2282,0,1,0.5675631542191483,1
2283,0,1,0.5675631542191483,1
2284,0,1,0.5675631542191483,1
2285,0,1,0.5675631542191483,1
2286,1,0,0.8548926361228305,1
2287,1,0,0.8548926361228305,1
2288,1,0,0.8548926361228305,1
2289,4,1,0.037564597319923565,0
2290,2,1,0.9177169556032937,1
2291,2,1,0.9177169556032937,1
2292,1,0,0.022842872247154134,0
2293,1,0,0.02611251915340025,0
2294,1,0,0.02611251915340025,0
2295,1,0,0.02611251915340025,0
2296,1,0,0.05820977215464915,0
2297,3,1,0.8658046070720609,1
2298,1,0,0.08532422717081359,0
2299,1,0,0.08532422717081359,0
2300,3,1,0.90577630629207,1
2301,3,1,0.90577630629207,1
2302,0,0,0.09355654239863406,0
2303,0,0,0.09355654239863406,0
2304,0,0,0.09355654239863406,0
2305,0,0,0.09355654239863406,0
2306,0,0,0.09355654239863406,0
2307,0,0,0.09355654239863406,0
2308,0,0,0.09355654239863406,0
2309,0,0,0.09355654239863406,0
2310,0,0,0.09355654239863406,0
2311,0,0,0.07390184626387523,0
2312,4,1,0.8494642305951563,1
2313,4,1,0.8494642305951563,1
2314,0,1,0.8390793750950793,1
2315,4,1,0.8494642305951563,1
2316,4,1,0.8494642305951563,1
2317,0,1,0.8390793750950793,1
2318,4,0,0.03510976041374428,0
2319,4,0,0.03510976041374428,0
2320,4,0,0.03510976041374428,0
2321,4,0,0.03510976041374428,0
2322,4,0,0.03510976041374428,0
2323,4,0,0.018963278118856834,0
2324,4,0,0.018963278118856834,0
2325,4,0,0.018963278118856834,0
2326,4,1,0.9479543944815036,1
2327,4,1,0.9479543944815036,1
2328,4,1,0.9479543944815036,1
2329,4,1,0.9479543944815036,1
2330,4,1,0.9479543944815036,1
2331,4,0,0.018963278118856834,0
2332,4,0,0.018963278118856834,0
2333,0,0,0.06628062536669233,0
2334,3,1,0.15328359607388725,0
2335,1,1,0.9159067636169228,1
2336,3,1,0.9614330533063348,1
2337,3,1,0.9614330533063348,1
2338,0,0,0.7325933113429034,1
2339,0,0,0.7325933113429034,1
2340,0,0,0.7325933113429034,1
2341,0,1,0.09548393132824647,0
2342,3,1,0.22438272369485812,0
2343,3,1,0.22438272369485812,0
2344,3,1,0.22438272369485812,0
2345,3,1,0.22438272369485812,0
2346,3,1,0.22438272369485812,0
2347,2,0,0.23705260370971026,0
2348,2,0,0.23705260370971026,0
2349,2,0,0.23705260370971026,0
2350,2,0,0.23705260370971026,0
2351,4,0,0.018322256487887267,0
2352,0,0,0.013592227141173557,0
2353,4,0,0.018322256487887267,0
2354,4,0,0.018322256487887267,0
2355,2,1,0.850227075654275,1
2356,2,1,0.850227075654275,1
2357,3,0,0.12258594079453214,0
2358,3,0,0.12258594079453214,0
2359,4,1,0.9045773160721842,1
2360,4,1,0.9045773160721842,1
2361,4,1,0.9045773160721842,1
2362,4,1,0.9045773160721842,1
2363,4,1,0.9045773160721842,1
2364,4,0,0.029785709783867995,0
2365,4,0,0.029785709783867995,0
2366,2,0,0.0060116723119778715,0
2367,2,0,0.0060116723119778715,0
2368,2,0,0.0060116723119778715,0
2369,2,0,0.0060116723119778715,0
2370,2,0,0.0060116723119778715,0
2371,2,0,0.0060116723119778715,0
2372,2,0,0.0060116723119778715,0
2373,1,1,0.9860831618652093,1
2374,1,1,0.9860831618652093,1
2375,1,1,0.9860831618652093,1
2376,3,1,0.9897767123596438,1
2377,3,1,0.9897767123596438,1
2378,3,1,0.9897767123596438,1
2379,3,1,0.9897767123596438,1
2380,3,1,0.9897767123596438,1
2381,4,0,0.04067352357029577,0
2382,2,0,0.25130014784492893,0
2383,2,0,0.142963941466073,0
2384,0,0,0.03055770853737369,0
2385,1,0,0.06923439503675619,0
2386,1,0,0.06923439503675619,0
2387,1,0,0.06923439503675619,0
2388,4,0,0.0194140435271891,0
2389,1,0,0.06923439503675619,0
2390,1,0,0.06923439503675619,0
2391,1,0,0.06923439503675619,0
2392,4,0,0.0194140435271891,0
2393,1,0,0.06923439503675619,0
2394,1,0,0.06923439503675619,0
2395,1,0,0.06923439503675619,0
2396,1,0,0.06923439503675619,0
2397,1,0,0.06923439503675619,0
2398,1,0,0.06923439503675619,0
2399,1,0,0.06923439503675619,0
2400,0,1,0.997266762505295,1
2401,0,1,0.997266762505295,1
2402,3,1,0.9950667357689879,1
2403,3,1,0.9950667357689879,1
2404,3,1,0.9950667357689879,1
2405,3,1,0.9950667357689879,1
2406,3,1,0.9950667357689879,1
2407,0,1,0.997266762505295,1
2408,0,1,0.997266762505295,1
2409,0,1,0.997266762505295,1
2410,3,1,0.9950667357689879,1
2411,3,1,0.9950667357689879,1
2412,3,1,0.9950667357689879,1
2413,3,1,0.9950667357689879,1
2414,3,1,0.9950667357689879,1
2415,2,1,0.8825700146805245,1
2416,3,0,0.027206717026413342,0
2417,1,0,0.020572150143855,0
2418,1,0,0.020572150143855,0
2419,1,0,0.020572150143855,0
2420,1,0,0.020572150143855,0
2421,4,0,0.5495143985192878,1
2422,4,0,0.5495143985192878,1
2423,0,1,0.7345441680761966,1
2424,0,1,0.7345441680761966,1
2425,0,1,0.7345441680761966,1
2426,3,0,0.4442959390014199,0
2427,1,1,0.8521951773562271,1
2428,0,1,0.8744832784720238,1
2429,2,0,0.1785672290103106,0
2430,2,0,0.1785672290103106,0
2431,2,1,0.9867638980644022,1
2432,4,1,0.9871296519478362,1
2433,1,1,0.9870001991740287,1
2434,1,1,0.9870001991740287,1
2435,0,0,0.5413807936833674,1
2436,4,0,0.03424285795260069,0
2437,2,1,0.9937209868318672,1
2438,2,0,0.10578798752564833,0
2439,2,0,0.057487608670231664,0
2440,2,0,0.057487608670231664,0
2441,2,0,0.057487608670231664,0
2442,2,0,0.057487608670231664,0
2443,2,0,0.057487608670231664,0
2444,2,0,0.057487608670231664,0
2445,2,0,0.057487608670231664,0
2446,2,0,0.057487608670231664,0
2447,3,1,0.9960156759536153,1
2448,3,1,0.9960156759536153,1
2449,3,1,0.9960156759536153,1
2450,3,1,0.9960156759536153,1
2451,3,1,0.9960156759536153,1
2452,3,1,0.9960156759536153,1
2453,1,1,0.8152899635721927,1
2454,2,0,0.00855103182731974,0
2455,2,0,0.00855103182731974,0
2456,2,0,0.00855103182731974,0
2457,0,1,0.9705136903505559,1
2458,4,1,0.9760246506506651,1
2459,4,1,0.9760246506506651,1
2460,4,1,0.9760246506506651,1
2461,1,1,0.9837580790042237,1
2462,3,0,0.060540022522179306,0
2463,2,0,0.00855103182731974,0
2464,3,0,0.060540022522179306,0
2465,4,0,0.04234962616723729,0
2466,4,0,0.04493011749646979,0
2467,1,0,0.10925555107201534,0
2468,0,0,0.12345895297558222,0
2469,1,0,0.30056640626467274,0
2470,1,0,0.055300142365231106,0
2471,1,0,0.055300142365231106,0
2472,1,0,0.055300142365231106,0
2473,0,1,0.8819255951957613,1
2474,4,0,0.08622065628944807,0
2475,2,0,0.01503750359276042,0
2476,2,0,0.01503750359276042,0
2477,3,0,0.010471237580701002,0
2478,2,0,0.01503750359276042,0
2479,2,0,0.06321868551124324,0
2480,2,0,0.06321868551124324,0
2481,2,0,0.06321868551124324,0
2482,1,1,0.9907414446429579,1
2483,1,1,0.9907414446429579,1
2484,1,1,0.9907414446429579,1
2485,1,1,0.9907414446429579,1
2486,1,0,0.14819965460702955,0
2487,3,0,0.04412441093879997,0
2488,4,1,0.9744888594329246,1
2489,4,1,0.9744888594329246,1
2490,2,1,0.5893388741426707,1
2491,2,1,0.5893388741426707,1
2492,4,1,0.8421471167783671,1
2493,1,0,0.07124030620503924,0
2494,0,0,0.3223586399589309,0
2495,3,0,0.11608473009174103,0
2496,0,0,0.012878451179845395,0
2497,0,0,0.012878451179845395,0
2498,0,0,0.012878451179845395,0
2499,0,1,0.16558699471244076,0
2500,0,1,0.16558699471244076,0
2501,3,0,0.03424241471328577,0
2502,3,0,0.03424241471328577,0
2503,0,0,0.14544005703790341,0
2504,4,0,0.010212760486257072,0
2505,4,0,0.010212760486257072,0
2506,4,0,0.010212760486257072,0
2507,1,1,0.9727414000681519,1
2508,1,1,0.9727414000681519,1
2509,3,1,0.7816090531145973,1
2510,0,1,0.971369338467255,1
2511,0,1,0.971369338467255,1
2512,4,0,0.010212760486257072,0
2513,2,0,0.04533502571879934,0
2514,4,0,0.036326767308545845,0
2515,4,0,0.12068688698029818,0
2516,3,0,0.2987993528961414,0
2517,3,1,0.8113505813188309,1
2518,1,1,0.9818133847087085,1
2519,1,0,0.6346445389295807,1
2520,3,0,0.006116772577250043,0
2521,2,0,0.453155380560967,0
2522,1,1,0.5978448646957011,1
2523,2,1,0.542494606456632,1
2524,1,0,0.8103537353886358,1
2525,2,1,0.5382875126778908,1
2526,4,0,0.0869344764520058,0
2527,1,0,0.009296534579603109,0
2528,2,0,0.016743596889358378,0
2529,2,0,0.04843468698576947,0
2530,1,0,0.02296267692224487,0
2531,4,0,0.026260792108698527,0
2532,1,0,0.01267771332241519,0
2533,0,0,0.12985349153964346,0
2534,3,0,0.03704563698565219,0
2535,3,0,0.04534269337140213,0
2536,3,0,0.04534269337140213,0
2537,2,1,0.7050210879728354,1
2538,3,0,0.046563458817780345,0
2539,1,0,0.03004747404887369,0
2540,4,0,0.03784681478920775,0
2541,3,1,0.9499842076760548,1
2542,3,1,0.9499842076760548,1
2543,0,1,0.9869518365305988,1
2544,1,1,0.2088994598127907,0
2545,3,0,0.08366503635780666,0
2546,1,1,0.862156562034586,1
2547,3,0,0.1641329087849476,0
2548,3,0,0.1641329087849476,0
2549,3,0,0.1641329087849476,0
2550,1,1,0.9933294982244754,1
2551,1,1,0.9933294982244754,1
2552,1,1,0.9933294982244754,1
2553,4,1,0.9880131512816341,1
2554,1,1,0.9949126418490241,1
2555,1,1,0.9949126418490241,1
2556,0,0,0.019516970158768052,0
2557,4,1,0.9922719542441487,1
2558,4,1,0.9922719542441487,1
2559,0,1,0.9968703561220704,1
2560,4,1,0.992810077241641,1
2561,2,1,0.9948693704922653,1
2562,4,1,0.9262945766788516,1
2563,0,1,0.11244634956924938,0
2564,0,0,0.16306082308024153,0
2565,3,0,0.04404953544870729,0
2566,3,0,0.04404953544870729,0
2567,2,1,0.739215662882329,1
2568,2,1,0.739215662882329,1
2569,3,1,0.9493476681711601,1
2570,3,1,0.36886615063785766,0
2571,3,1,0.36886615063785766,0
2572,3,1,0.8191952673388915,1
2573,3,1,0.8191952673388915,1
2574,2,0,0.1593217207737174,0
2575,2,0,0.1593217207737174,0
2576,2,0,0.1593217207737174,0
2577,2,0,0.06037437361925892,0
2578,4,0,0.08649746730434513,0
2579,1,0,0.0279723525896249,0
2580,0,0,0.2765060028017488,0
2581,2,0,0.07063984668943289,0
2582,2,0,0.028969491428832934,0
2583,3,0,0.12089561010429187,0
2584,3,0,0.12089561010429187,0
2585,1,1,0.8796979074898398,1
2586,1,1,0.8796979074898398,1
2587,1,1,0.8796979074898398,1
2588,1,1,0.8796979074898398,1
2589,0,0,0.3895332903049816,0
2590,4,1,0.9380014389460499,1
2591,4,1,0.9380014389460499,1
2592,4,1,0.9380014389460499,1
2593,1,0,0.0803035289645622,0
2594,1,0,0.0803035289645622,0
2595,1,0,0.0803035289645622,0
2596,1,0,0.0803035289645622,0
2597,0,0,0.4629374602741155,0
2598,4,1,0.9755732031955698,1
2599,4,1,0.9755732031955698,1
2600,4,1,0.9755732031955698,1
2601,4,1,0.9755732031955698,1
2602,4,1,0.9755732031955698,1
2603,4,0,0.032502662432190105,0
2604,4,0,0.032502662432190105,0
2605,4,0,0.032502662432190105,0
2606,4,0,0.032502662432190105,0
2607,3,1,0.47623944507744176,0
2608,0,0,0.05173548099634621,0
2609,4,1,0.706494345791312,1
2610,0,0,0.1032419715447812,0
2611,4,0,0.05989541892864955,0
2612,3,1,0.9522216967739968,1
2613,1,1,0.36474466279322426,0
2614,2,1,0.8755317776017429,1
2615,2,1,0.8755317776017429,1
2616,2,1,0.8755317776017429,1
2617,0,0,0.08644687964344414,0
2618,2,1,0.9256523684048514,1
2619,1,1,0.9479654016303516,1
2620,2,0,0.007509028001668329,0
2621,2,0,0.007509028001668329,0
2622,3,0,0.014532888425608254,0
2623,2,0,0.007509028001668329,0
2624,2,0,0.007509028001668329,0
2625,2,0,0.007509028001668329,0
2626,2,0,0.007509028001668329,0
2627,3,0,0.014532888425608254,0
2628,2,0,0.007509028001668329,0
2629,2,0,0.007509028001668329,0
2630,2,0,0.007509028001668329,0
2631,2,0,0.007509028001668329,0
2632,2,0,0.007509028001668329,0
2633,2,0,0.007509028001668329,0
2634,4,1,0.9886609769534284,1
2635,4,1,0.9886609769534284,1
2636,4,1,0.9886609769534284,1
2637,4,1,0.9886609769534284,1
2638,4,1,0.9886609769534284,1
2639,4,1,0.9886609769534284,1
2640,0,1,0.7207782875768818,1
2641,1,0,0.021617092517110203,0
2642,3,0,0.02599284085724322,0
2643,3,0,0.02599284085724322,0
2644,3,0,0.02599284085724322,0
2645,3,0,0.02599284085724322,0
2646,4,1,0.9867333743569221,1
2647,4,1,0.9867333743569221,1
2648,4,1,0.9867333743569221,1
2649,4,1,0.9867333743569221,1
2650,0,0,0.040753353176306135,0
2651,4,1,0.969563239861214,1
2652,4,1,0.969563239861214,1
2653,4,1,0.969563239861214,1
2654,1,0,0.7489738737253389,1
2655,0,0,0.014249024720255604,0
2656,2,0,0.11667381601719623,0
2657,3,0,0.022723737566378688,0
2658,3,0,0.022723737566378688,0
2659,2,1,0.9265550017624512,1
2660,2,1,0.9265550017624512,1
2661,4,1,0.8238239770507937,1
2662,1,1,0.9898642994814224,1
2663,4,0,0.014569548803668696,0
2664,1,0,0.02809971038580463,0
2665,4,0,0.014569548803668696,0
2666,1,0,0.02809971038580463,0
2667,0,0,0.017554159684583723,0
2668,3,1,0.9512286180872174,1
2669,1,1,0.8949380502357145,1
2670,1,1,0.6264103554269395,1
2671,0,0,0.01876238698788672,0
2672,0,0,0.01876238698788672,0
2673,0,0,0.01876238698788672,0
2674,0,1,0.3549803909285733,0
2675,2,1,0.03523014357593195,0
2676,2,1,0.9579391070652742,1
2677,4,0,0.09971499017571704,0
2678,1,0,0.03328775086472283,0
2679,1,0,0.104936155789894,0
2680,1,0,0.009308300009334119,0
2681,1,0,0.009308300009334119,0
2682,1,0,0.009308300009334119,0
2683,1,0,0.009308300009334119,0
2684,1,0,0.009308300009334119,0
2685,1,0,0.009308300009334119,0
2686,4,0,0.11057351232171707,0
2687,4,0,0.11057351232171707,0
2688,1,0,0.10307870807814955,0
2689,4,0,0.03126267849969897,0
2690,2,1,0.11064495501085937,0
2691,0,1,0.05704596266555296,0
2692,1,0,0.07821696024848888,0
2693,1,1,0.14647524374498525,0
2694,0,0,0.0725652895040027,0
2695,2,0,0.9396785551977436,1
2696,3,1,0.5386324191070233,1
2697,4,0,0.03947530159160816,0
2698,4,0,0.03118055536170963,0
2699,1,0,0.029697989848091876,0
2700,2,0,0.02006794594648128,0
2701,0,0,0.14851906894428252,0
2702,2,0,0.025403875842787128,0
2703,2,0,0.025403875842787128,0
2704,2,0,0.025403875842787128,0
2705,2,0,0.042095969773651445,0
2706,3,1,0.9837947664488704,1
2707,3,1,0.9837947664488704,1
2708,2,1,0.9070804844893664,1
2709,2,1,0.9070804844893664,1
2710,2,1,0.9070804844893664,1
2711,2,0,0.026188756800639056,0
2712,2,0,0.042095969773651445,0
2713,0,0,0.027968065713041945,0
2714,2,1,0.9841863858328157,1
2715,0,1,0.4949771238503004,0
2716,1,1,0.8462996980179535,1
2717,0,0,0.07473585977248628,0
2718,4,0,0.028712650762451726,0
2719,4,1,0.9565700734117684,1
2720,1,1,0.9892246344574656,1
2721,1,1,0.9892246344574656,1
2722,4,1,0.9215064192561468,1
2723,2,1,0.975661610595302,1
2724,4,1,0.980944850837329,1
2725,3,1,0.02302536404909166,0
2726,0,1,0.9785935907619473,1
2727,0,1,0.9785935907619473,1
2728,3,0,0.01713475371097001,0
2729,3,0,0.01713475371097001,0
2730,3,0,0.03205076140864424,0
2731,3,0,0.03205076140864424,0
2732,4,0,0.01146629417698749,0
2733,3,0,0.03205076140864424,0
2734,3,0,0.03205076140864424,0
2735,3,0,0.03205076140864424,0
2736,3,0,0.03205076140864424,0
2737,3,0,0.03205076140864424,0
2738,3,0,0.03205076140864424,0
2739,4,0,0.01146629417698749,0
2740,4,0,0.01146629417698749,0
2741,3,0,0.03205076140864424,0
2742,3,0,0.03205076140864424,0
2743,3,0,0.03205076140864424,0
2744,3,0,0.03205076140864424,0
2745,2,0,0.01116706534105112,0
2746,2,0,0.01116706534105112,0
2747,0,1,0.9748371344225261,1
2748,4,1,0.7320769908059013,1
2749,3,0,0.05903640964883882,0
2750,2,0,0.0521015145362095,0
2751,1,0,0.3919295560756654,0
2752,1,0,0.02532492602776789,0
2753,3,0,0.08898168256040895,0
2754,0,1,0.9864172014365504,1
2755,0,1,0.9864172014365504,1
2756,0,1,0.9864172014365504,1
2757,0,1,0.9864172014365504,1
2758,2,1,0.9698203710626963,1
2759,2,1,0.9698203710626963,1
2760,1,0,0.020985158384026294,0
2761,1,0,0.020985158384026294,0
2762,1,0,0.020985158384026294,0
2763,1,0,0.020985158384026294,0
2764,0,0,0.07298206064514058,0
2765,0,0,0.07298206064514058,0
2766,0,0,0.07298206064514058,0
2767,3,0,0.03927002649976778,0
2768,0,0,0.03178384688228484,0
2769,0,0,0.03178384688228484,0
2770,0,0,0.03178384688228484,0
2771,0,0,0.03178384688228484,0
2772,1,0,0.015575028864739108,0
2773,1,0,0.015575028864739108,0
2774,1,0,0.015575028864739108,0
2775,1,0,0.015575028864739108,0
2776,1,0,0.015575028864739108,0
2777,1,0,0.015575028864739108,0
2778,1,0,0.015575028864739108,0
2779,1,0,0.015575028864739108,0
2780,1,0,0.015575028864739108,0
2781,4,1,0.9927973142852801,1
2782,4,1,0.9927973142852801,1
2783,4,1,0.9927973142852801,1
2784,4,1,0.9927973142852801,1
2785,4,1,0.9927973142852801,1
2786,1,1,0.9873056645744384,1
2787,1,1,0.9873056645744384,1
2788,1,1,0.9873056645744384,1
2789,3,1,0.9350699300186109,1
2790,3,1,0.9350699300186109,1
2791,3,1,0.9350699300186109,1
2792,3,0,0.21767915466696208,0
2793,3,1,0.9666315077986015,1
2794,0,0,0.07133394146431174,0
2795,1,1,0.9842308658311377,1
2796,0,0,0.6707671691912513,1
2797,2,0,0.07752038015454708,0
2798,0,0,0.07527580618131034,0
2799,1,0,0.02491431075061248,0
2800,4,0,0.06377165361080432,0
2801,4,0,0.06377165361080432,0
2802,0,0,0.020340908702296774,0
2803,0,0,0.020340908702296774,0
2804,0,0,0.020340908702296774,0
2805,0,0,0.020340908702296774,0
2806,2,0,0.09477650927424791,0
2807,3,0,0.186563600834776,0
2808,3,0,0.2494212324610423,0
2809,3,0,0.011006444080720398,0
2810,3,0,0.011006444080720398,0
2811,2,1,0.9695668643908262,1
2812,2,1,0.9695668643908262,1
2813,2,1,0.9697758698288609,1
2814,2,1,0.9697758698288609,1
2815,2,1,0.9697758698288609,1
2816,3,0,0.08204183817927761,0
2817,2,0,0.01645577551689328,0
2818,2,1,0.7993841772111222,1
2819,0,1,0.8099116625280868,1
2820,3,0,0.011006444080720398,0
2821,0,1,0.8993340034176533,1
2822,2,0,0.10687555286802482,0
2823,2,1,0.4153737093188766,0
2824,2,1,0.4153737093188766,0
2825,4,0,0.03560870205997809,0
2826,3,1,0.9073536358879757,1
2827,3,0,0.03619150710157733,0
2828,2,1,0.8367473341889018,1
2829,2,1,0.9812344765970716,1
2830,3,1,0.9918753499159283,1
2831,2,0,0.0206907644413234,0
2832,3,1,0.9623142606948352,1
2833,0,0,0.04440145845795567,0
2834,1,0,0.29075345840608735,0
2835,0,1,0.9934346276878222,1
2836,3,0,0.03187043763212393,0
2837,0,1,0.964975583524663,1
2838,2,0,0.3546327868209214,0
2839,4,1,0.9915284265349801,1
2840,4,1,0.9915284265349801,1
2841,4,1,0.9856755555974589,1
2842,1,1,0.9655863035870405,1
2843,1,1,0.9655863035870405,1
2844,3,1,0.6530291740690878,1
2845,3,1,0.9620404676583993,1
2846,3,1,0.8899692397003757,1
2847,0,0,0.051611225316798126,0
2848,1,1,0.7470119900898711,1
2849,1,0,0.671356848305755,1
2850,3,0,0.23734160111062538,0
2851,1,1,0.966020787964723,1
2852,0,1,0.9796769468405707,1
2853,3,1,0.9650045084939801,1
2854,2,0,0.09664264003289871,0
2855,4,0,0.15601848218827963,0
2856,2,0,0.7116107974354634,1
2857,0,1,0.039681144964628406,0
2858,2,1,0.5862524554758997,1
2859,3,0,0.019666022746193276,0
2860,4,0,0.07201629190347264,0
2861,0,1,0.5805226301403328,1
2862,0,1,0.5805226301403328,1
2863,3,0,0.4884449438201997,0
2864,3,0,0.4884449438201997,0
2865,3,0,0.5882111753862982,1
2866,4,0,0.030473281098808345,0
2867,0,1,0.993403699075406,1
2868,4,0,0.018499297696744813,0
2869,3,0,0.02608247615854808,0
2870,4,0,0.02398110940078634,0
2871,3,0,0.02608247615854808,0
2872,0,0,0.46539361661744466,0
2873,0,0,0.46539361661744466,0
2874,0,0,0.46539361661744466,0
2875,0,0,0.46539361661744466,0
2876,4,0,0.14387970274779563,0
2877,1,1,0.8647465745723245,1
2878,2,0,0.08790238383649321,0
2879,0,0,0.06572729866352625,0
2880,2,0,0.08790238383649321,0
2881,4,1,0.9378162255811967,1
2882,2,1,0.2960579486298599,0
2883,2,1,0.2960579486298599,0
2884,3,0,0.2484172529700281,0
2885,2,0,0.044592110804076,0
2886,3,1,0.9800548014284429,1
2887,3,0,0.03767673331236089,0
2888,4,0,0.012630295582929364,0
2889,3,0,0.018011536109672825,0
2890,3,0,0.03409421858141035,0
2891,2,1,0.026868173162315025,0
2892,2,0,0.19747805673191893,0
2893,2,1,0.9584566273254972,1
2894,2,1,0.9584566273254972,1
2895,4,1,0.9918270056354687,1
2896,4,1,0.9918270056354687,1
2897,0,1,0.9843884669057781,1
2898,0,1,0.8019878545465672,1
2899,3,1,0.9873570687231559,1
2900,4,1,0.9915071693175416,1
2901,4,0,0.1328027604836849,0
2902,3,1,0.6049211933686742,1
2903,3,1,0.6049211933686742,1
2904,4,1,0.9886324026182292,1
2905,1,1,0.9838384046526875,1
2906,4,1,0.9708580592238595,1
2907,2,1,0.9094727780667533,1
2908,4,0,0.05739431994272654,0
2909,3,1,0.9620227495576461,1
2910,1,1,0.956380316901125,1
2911,4,1,0.9834722497016036,1
2912,0,1,0.9508779783513425,1
2913,2,0,0.01652086504184955,0
2914,1,1,0.956380316901125,1
2915,4,1,0.9834722497016036,1
2916,3,0,0.031284631316281813,0
2917,4,0,0.1186063933264498,0
2918,0,1,0.954705126744299,1
2919,0,0,0.011320137879650175,0
2920,1,0,0.10613379553439375,0
2921,3,0,0.034881324728850034,0
2922,0,0,0.18422107543927774,0
2923,4,0,0.3456026887124908,0
2924,1,0,0.0559207962521274,0
2925,4,0,0.10723925674568553,0
2926,3,0,0.10776004447866222,0
2927,0,0,0.11503942228075537,0
2928,0,0,0.11503942228075537,0
2929,0,0,0.11503942228075537,0
2930,0,0,0.11503942228075537,0
2931,0,0,0.11503942228075537,0
2932,2,1,0.9786822859899125,1
2933,2,1,0.9786822859899125,1
2934,2,1,0.9786822859899125,1
2935,2,1,0.9786822859899125,1
2936,0,1,0.33931638081911475,0
2937,0,1,0.33931638081911475,0
2938,0,1,0.33931638081911475,0
2939,2,0,0.6254393331835211,1
2940,1,1,0.8411877741255874,1
2941,2,1,0.8590380541788591,1
2942,3,0,0.0799617834505781,0
2943,4,0,0.06201510992643934,0
2944,1,0,0.3130133014676697,0
2945,3,0,0.7886471007276822,1
2946,0,1,0.7405515136060522,1
2947,0,0,0.007956640155616744,0
2948,2,0,0.07010686196133764,0
2949,3,0,0.027878838519808876,0
2950,2,0,0.025487051123566737,0
2951,3,0,0.027878838519808876,0
2952,2,0,0.01889125567370983,0
2953,3,0,0.027878838519808876,0
2954,2,0,0.025487051123566737,0
2955,3,0,0.027878838519808876,0
2956,3,0,0.027878838519808876,0
2957,3,0,0.027878838519808876,0
2958,3,0,0.027878838519808876,0
2959,3,0,0.027878838519808876,0
2960,2,0,0.025487051123566737,0
2961,3,0,0.027878838519808876,0
2962,3,0,0.027878838519808876,0
2963,2,0,0.025487051123566737,0
2964,3,0,0.027878838519808876,0
2965,3,0,0.027878838519808876,0
2966,3,0,0.027878838519808876,0
2967,3,0,0.027878838519808876,0
2968,1,1,0.8544585132051754,1
2969,1,1,0.8544585132051754,1
2970,2,0,0.015782811665897182,0
2971,2,0,0.015782811665897182,0
2972,2,0,0.015782811665897182,0
2973,2,0,0.015782811665897182,0
2974,2,0,0.015782811665897182,0
2975,2,0,0.015782811665897182,0
2976,2,0,0.015782811665897182,0
2977,2,1,0.8430885319851648,1
2978,0,1,0.8899524635597368,1
2979,3,0,0.045377434508927325,0
2980,2,1,0.8593953647688446,1
2981,0,0,0.7929202890028793,1
2982,0,1,0.9459319901257043,1
2983,4,0,0.026766467221577165,0
2984,3,1,0.9919221019741719,1
2985,2,0,0.017298122968795633,0
2986,4,1,0.991321913097624,1
2987,4,0,0.17014039869174338,0
2988,4,0,0.3041002179932721,0
2989,0,1,0.5667579252142946,1
2990,4,0,0.08911666876354668,0
2991,4,0,0.08911666876354668,0
2992,4,0,0.09906809506710204,0
2993,2,0,0.010538746960892803,0
2994,2,0,0.010538746960892803,0
2995,1,0,0.01953623466936894,0
2996,1,0,0.01953623466936894,0
2997,2,0,0.01906673166686987,0
2998,2,1,0.015002735730313407,0
2999,1,1,0.9431324742408912,1
3000,0,1,0.9606224413248918,1
3001,1,0,0.05566972133689466,0
3002,2,1,0.9714358595031355,1
3003,3,0,0.14635931215380307,0
3004,2,1,0.9095061979017564,1
3005,1,1,0.6627597702233217,1
3006,0,1,0.10344906699130225,0
3007,2,0,0.3348012392046715,0
3008,3,0,0.2854624747319603,0
3009,4,1,0.9334852644979906,1
3010,0,1,0.646058225943032,1
3011,0,1,0.9162411975507558,1
3012,2,1,0.3967013068467789,0
3013,4,0,0.8506810505398328,1
3014,0,0,0.08903782337818593,0
3015,1,0,0.0631052044829755,0
3016,4,0,0.012826075698596114,0
3017,0,0,0.02099050341235494,0
3018,4,1,0.9388987634717723,1
3019,4,0,0.35762309043680857,0
3020,2,0,0.02868418352655447,0
3021,1,0,0.018334230666193364,0
3022,1,0,0.037445354544072135,0
3023,1,0,0.14722402898310585,0
3024,4,0,0.022773187612523855,0
3025,2,0,0.06441005968003105,0
3026,2,0,0.22094057356216823,0
3027,2,0,0.19986089002196844,0
3028,1,0,0.04164511036054304,0
3029,3,0,0.9754612809531927,1
3030,0,1,0.7927771020732997,1
3031,4,1,0.5139806477818902,1
3032,2,1,0.9785264804325257,1
3033,3,1,0.9755687984211796,1
3034,1,0,0.12127394870285271,0
3035,4,1,0.04115216894016312,0
3036,2,0,0.11573613206387974,0
3037,3,0,0.10194559792595057,0
3038,3,0,0.10194559792595057,0
3039,2,1,0.9002658240437251,1
3040,4,0,0.3412189767317053,0
3041,2,1,0.973510632428935,1
3042,1,0,0.015127584626649692,0
3043,3,0,0.01822948301456948,0
3044,2,1,0.973510632428935,1
3045,0,1,0.9809074353960024,1
3046,0,0,0.014837734591631398,0
3047,1,0,0.05385374060301621,0
3048,1,0,0.7980590949093324,1
3049,3,1,0.9543330717274416,1
3050,3,1,0.9875935955269267,1
3051,3,1,0.9875935955269267,1
3052,2,0,0.41421459056307025,0
3053,1,0,0.014611078320328088,0
3054,1,0,0.014611078320328088,0
3055,1,0,0.014611078320328088,0
3056,1,0,0.014611078320328088,0
3057,1,0,0.014611078320328088,0
3058,1,0,0.014611078320328088,0
3059,1,0,0.014611078320328088,0
3060,1,0,0.014611078320328088,0
3061,1,0,0.014611078320328088,0
3062,1,0,0.014611078320328088,0
3063,3,1,0.2861398202147444,0
3064,1,0,0.14641527066606697,0
3065,2,0,0.26500036105669567,0
3066,3,1,0.9440179790448507,1
3067,3,1,0.9440179790448507,1
3068,4,0,0.13657835107856234,0
3069,4,0,0.13657835107856234,0
3070,4,0,0.13657835107856234,0
3071,4,0,0.13657835107856234,0
3072,0,1,0.9125936161907147,1
3073,0,0,0.026134140749893887,0
3074,0,0,0.026134140749893887,0
3075,0,0,0.026134140749893887,0
3076,0,0,0.026134140749893887,0
3077,2,1,0.98164189480779,1
3078,2,1,0.98164189480779,1
3079,2,1,0.98164189480779,1
3080,2,1,0.98164189480779,1
3081,2,1,0.98164189480779,1
3082,2,1,0.98164189480779,1
3083,4,1,0.975536567299914,1
3084,4,1,0.975536567299914,1
3085,4,1,0.975536567299914,1
3086,4,0,0.009490419809348059,0
3087,4,0,0.009490419809348059,0
3088,4,0,0.009490419809348059,0
3089,4,0,0.009490419809348059,0
3090,4,1,0.8647268046707707,1
3091,0,1,0.9008710906456858,1
3092,4,1,0.9639705914958827,1
3093,4,0,0.0070801710874662535,0
3094,3,0,0.028090925770142956,0
3095,3,1,0.995146951704386,1
3096,2,1,0.024314452957992935,0
3097,0,1,0.8074038915796328,1
3098,0,1,0.03713523927728989,0
3099,0,1,0.03713523927728989,0
3100,4,0,0.06602166364262779,0
3101,4,0,0.06602166364262779,0
3102,4,0,0.06602166364262779,0
3103,4,0,0.06602166364262779,0
3104,4,0,0.06602166364262779,0
3105,1,1,0.0054735130765861464,0
3106,4,0,0.07683498337452457,0
3107,4,0,0.07683498337452457,0
3108,3,0,0.024003270409917954,0
3109,4,0,0.07683498337452457,0
3110,1,1,0.9614533645393406,1
3111,0,1,0.9628670901078725,1
3112,1,0,0.0656259398895239,0
3113,4,0,0.027644171586183302,0
3114,0,0,0.012710825732341726,0
3115,4,1,0.9591251978513925,1
3116,0,0,0.007506203337798321,0
3117,0,0,0.012068221536500492,0
3118,2,0,0.008250167199139303,0
3119,2,0,0.037747480255993345,0
3120,0,1,0.9865584024015654,1
3121,3,0,0.16228769591677208,0
3122,3,0,0.21377760347885086,0
3123,3,1,0.69796899924742,1
3124,1,1,0.8684764330050204,1
3125,3,0,0.4588545225826961,0
3126,3,0,0.7298180749303086,1
3127,1,0,0.024148646103131274,0
3128,1,1,0.41265227593124826,0
3129,2,1,0.4525115046176153,0
3130,4,1,0.9914528442120953,1
3131,4,1,0.9914528442120953,1
3132,4,1,0.9914528442120953,1
3133,0,0,0.00827692660662963,0
3134,0,0,0.00827692660662963,0
3135,3,0,0.04578649296635286,0
3136,0,0,0.07712686427573306,0
3137,0,0,0.18831327093318792,0
3138,3,1,0.0727097381069502,0
3139,2,0,0.12618531792007176,0
3140,2,0,0.3823494963334157,0
3141,1,1,0.25361139638358576,0
3142,0,1,0.9768512588379415,1
3143,3,0,0.06113302582007917,0
3144,0,1,0.9555257351999296,1
3145,3,1,0.7330078621744667,1
3146,0,0,0.16161197740827044,0
3147,2,0,0.3044142928932652,0
3148,2,0,0.3044142928932652,0
3149,1,0,0.010795994317120111,0
3150,2,0,0.04658693742210546,0
3151,0,1,0.8326526164254647,1
3152,4,1,0.8756401921892398,1
3153,0,0,0.06142367432597562,0
3154,3,0,0.1846861404583643,0
3155,1,1,0.77289739920408,1
3156,4,1,0.9817161258867114,1
3157,2,1,0.7674501066772684,1
3158,1,0,0.0847304934230517,0
3159,3,1,0.6624121518922349,1
3160,3,1,0.6624121518922349,1
3161,3,0,0.30460711057843703,0
3162,3,0,0.30460711057843703,0
3163,0,1,0.43311657753170096,0
3164,3,0,0.1420543190753425,0
3165,1,0,0.1276991970686613,0
3166,0,0,0.10281985801532191,0
3167,3,0,0.04519903855567947,0
3168,0,0,0.047337226719075635,0
3169,4,0,0.21323550511411507,0
3170,0,0,0.041875134345911495,0
3171,1,1,0.9674577909194988,1
3172,0,1,0.8518044495350866,1
3173,3,0,0.0662127331927714,0
3174,1,1,0.9724052375850819,1
3175,1,1,0.902293318996084,1
3176,3,1,0.9483748860839669,1
3177,1,1,0.9574254708549998,1
3178,1,1,0.9574254708549998,1
3179,4,0,0.1515711548826399,0
3180,0,0,0.016914734529978777,0
3181,2,0,0.015426911213831612,0
3182,3,0,0.02549775434523539,0
3183,0,0,0.03004336084956961,0
3184,0,0,0.03004336084956961,0
3185,0,0,0.03004336084956961,0
3186,0,0,0.03004336084956961,0
3187,0,0,0.03004336084956961,0
3188,0,0,0.03004336084956961,0
3189,0,0,0.03004336084956961,0
3190,0,0,0.03004336084956961,0
3191,0,0,0.03004336084956961,0
3192,0,0,0.03004336084956961,0
3193,0,0,0.03004336084956961,0
3194,0,0,0.025103158603449582,0
3195,1,0,0.03928385236329532,0
3196,1,0,0.03928385236329532,0
3197,1,0,0.03928385236329532,0
3198,0,0,0.01941949987410321,0
3199,0,0,0.01941949987410321,0
3200,3,1,0.9448929858253083,1
3201,3,1,0.9448929858253083,1
3202,2,0,0.022823499089460058,0
3203,3,0,0.0533716909381574,0
3204,1,0,0.022571489584070084,0
3205,2,0,0.05391719466976513,0
3206,3,0,0.07561820053516646,0
3207,3,0,0.3952550033641232,0
3208,3,0,0.4473612810439608,0
3209,1,1,0.9514644924126388,1
3210,0,1,0.969728504107026,1
3211,0,0,0.01715789603057701,0
3212,0,0,0.01715789603057701,0
3213,0,0,0.01715789603057701,0
3214,0,0,0.01715789603057701,0
3215,3,0,0.03144108410350189,0
3216,3,0,0.03144108410350189,0
3217,4,0,0.02779129611070816,0
3218,2,1,0.7934781267305526,1
3219,1,0,0.11655355745565377,0
3220,2,1,0.3105481045500449,0
3221,0,0,0.8693704774500911,1
3222,1,0,0.10430447016087287,0
3223,4,0,0.1701900962033457,0
3224,4,1,0.8021503918978634,1
3225,3,0,0.16664236411092306,0
3226,0,1,0.914516970504425,1
3227,4,0,0.029010955659740472,0
3228,4,0,0.07837963536706787,0
3229,4,0,0.0650090111643827,0
3230,1,1,0.9188284560118696,1
3231,4,1,0.44584440293769106,0
3232,4,1,0.1685332205582287,0
3233,2,1,0.6071792515802967,1
3234,0,0,0.022349628241376054,0
3235,3,0,0.03305167023743037,0
3236,0,0,0.022349628241376054,0
3237,3,0,0.03305167023743037,0
3238,3,0,0.03305167023743037,0
3239,0,0,0.021541607059026788,0
3240,0,0,0.021541607059026788,0
3241,3,0,0.04838679863269729,0
3242,3,0,0.04838679863269729,0
3243,3,0,0.04838679863269729,0
3244,0,0,0.021541607059026788,0
3245,0,0,0.021541607059026788,0
3246,3,0,0.04838679863269729,0
3247,3,0,0.04838679863269729,0
3248,3,0,0.04838679863269729,0
3249,0,0,0.021541607059026788,0
3250,2,1,0.95181940324295,1
3251,1,1,0.9008946939867675,1
3252,2,1,0.9661472144716615,1
3253,1,1,0.9008946939867675,1
3254,1,1,0.9008946939867675,1
3255,1,1,0.9008946939867675,1
3256,3,0,0.01842178941892284,0
3257,3,0,0.014763014406642842,0
3258,3,0,0.014763014406642842,0
3259,3,0,0.014763014406642842,0
3260,3,0,0.014763014406642842,0
3261,3,0,0.014763014406642842,0
3262,3,0,0.014763014406642842,0
3263,3,0,0.014763014406642842,0
3264,4,1,0.662950055583149,1
3265,3,1,0.2437342066115643,0
3266,1,0,0.043606128508411106,0
3267,2,1,0.9772413164656407,1
3268,2,0,0.023933761793329657,0
3269,3,1,0.9835292858579128,1
3270,2,1,0.1764198541907705,0
3271,2,1,0.1764198541907705,0
3272,2,1,0.1764198541907705,0
3273,2,1,0.1764198541907705,0
3274,2,1,0.1764198541907705,0
3275,3,0,0.08389967459274265,0
3276,4,0,0.026188631851249353,0
3277,0,0,0.05538403973625726,0
3278,4,0,0.026188631851249353,0
3279,4,0,0.026188631851249353,0
3280,3,0,0.02988913091583756,0
3281,1,0,0.02842941958757063,0
3282,1,0,0.02842941958757063,0
3283,1,0,0.6218235426963896,1
3284,1,0,0.04071156228475443,0
3285,3,0,0.8095925539011686,1
3286,4,0,0.04821051048565251,0
3287,4,0,0.03157967044819837,0
3288,3,0,0.057942815901696365,0
3289,1,1,0.7659419102356103,1
3290,2,0,0.7090867138098418,1
3291,0,1,0.45456412743617053,0
3292,0,1,0.782698497515352,1
3293,3,0,0.21008714723203717,0
3294,0,1,0.9309342970964353,1
3295,2,0,0.03592615002134983,0
3296,4,0,0.035916315027844384,0
3297,0,1,0.9267261971828542,1
3298,3,0,0.02529480376672719,0
3299,2,1,0.7076839607856097,1
3300,0,1,0.9881838086963391,1
3301,0,1,0.9881838086963391,1
3302,4,1,0.9425723896951903,1
3303,4,1,0.8698772848755494,1
3304,4,1,0.6054946263146251,1
3305,3,1,0.9878813498104564,1
3306,2,1,0.9460127916257722,1
3307,4,1,0.9790674916847254,1
3308,3,0,0.060219835782938054,0
3309,4,0,0.03486199370037301,0
3310,4,0,0.018686759090048046,0
3311,4,0,0.1766261935765089,0
3312,0,1,0.9487117279425894,1
3313,2,1,0.9369476134245462,1
3314,2,1,0.9369476134245462,1
3315,1,0,0.13263681382062528,0
3316,2,0,0.0709372814162693,0
3317,0,1,0.9497564703701262,1
3318,0,1,0.9497564703701262,1
3319,0,1,0.9732981082631939,1
3320,2,1,0.8489428129310168,1
3321,1,0,0.06825781857828578,0
3322,3,0,0.07213727381345436,0
3323,3,0,0.10600118245319225,0
3324,1,1,0.9401757439628434,1
3325,4,0,0.07442142453245022,0
3326,0,1,0.9628605812020714,1
3327,3,1,0.9704117597525808,1
3328,3,0,0.31904556120960487,0
3329,2,0,0.43657901769801216,0
3330,1,0,0.5314109737728853,1
3331,2,0,0.031414860408182574,0
3332,1,1,0.9280075387292934,1
3333,1,0,0.020730275165613505,0
3334,0,1,0.6840556604343463,1
3335,1,0,0.0416532530257191,0
3336,2,0,0.118882136915431,0
3337,0,0,0.006595657518970247,0
3338,0,0,0.007232853719401576,0
3339,0,0,0.007232853719401576,0
3340,0,0,0.007232853719401576,0
3341,0,0,0.007232853719401576,0
3342,2,1,0.9923337539663944,1
3343,2,0,0.01988594665386179,0
3344,1,1,0.9812362238409529,1
3345,3,1,0.4759249659165221,0
3346,0,0,0.047120821063058954,0
3347,2,1,0.9762196127525581,1
3348,1,1,0.9756963709178746,1
3349,4,1,0.9565775882820527,1
3350,0,1,0.9869804443281147,1
3351,3,0,0.19107903297600273,0
3352,2,1,0.9442543642074326,1
3353,3,1,0.9749930116810807,1
3354,1,1,0.9821426998006885,1
3355,1,0,0.006344404965722062,0
3356,3,0,0.016062633104613654,0
3357,1,0,0.006344404965722062,0
3358,1,0,0.006344404965722062,0
3359,4,0,0.30641934162227424,0
3360,1,1,0.028717365859032215,0
3361,0,0,0.03208067600378014,0
3362,3,0,0.5258611349613973,1
3363,3,0,0.5258611349613973,1
3364,4,0,0.034665455755191095,0
3365,4,0,0.034665455755191095,0
3366,4,0,0.034665455755191095,0
3367,0,0,0.022802686180802417,0
3368,0,0,0.022802686180802417,0
3369,4,1,0.3518544279782768,0
3370,2,1,0.9734100303075632,1
3371,2,1,0.875204861459395,1
3372,2,0,0.014876717659856447,0
3373,3,0,0.017137180115999667,0
3374,1,0,0.016432813254643193,0
3375,0,0,0.015825861060776575,0
3376,1,1,0.9759497524075679,1
3377,0,0,0.015825861060776575,0
3378,2,0,0.007636722924471695,0
3379,4,0,0.05633785981644246,0
3380,3,1,0.9189424138142978,1
3381,2,0,0.057872423184146767,0
3382,4,0,0.06960557341244399,0
3383,4,1,0.9805571630991734,1
3384,4,1,0.9933693596046117,1
3385,2,0,0.02864013117194313,0
3386,0,0,0.029945649009199157,0
3387,1,0,0.11366548752854612,0
3388,2,1,0.9360035084217408,1
3389,2,1,0.9344361120281646,1
3390,2,1,0.9344361120281646,1
3391,2,1,0.9911775103967866,1
3392,1,1,0.6742561527703921,1
3393,0,0,0.020224305406883514,0
3394,0,1,0.4070363961694545,0
3395,1,1,0.9917887990577022,1
3396,0,1,0.986849437642813,1
3397,4,1,0.8210600722595885,1
3398,4,1,0.8078896361358769,1
3399,3,0,0.14137791550324552,0
3400,1,0,0.43254903464171224,0
3401,4,0,0.020454102587531834,0
3402,3,0,0.1167364998118892,0
3403,4,0,0.5796679907739785,1
3404,2,0,0.322772527313357,0
3405,4,0,0.33761855498049437,0
3406,2,0,0.09760754513571762,0
3407,0,0,0.31169491355070755,0
3408,4,0,0.42902604004726264,0
3409,1,1,0.9367658861900467,1
3410,0,0,0.15138091565998546,0
3411,3,0,0.14906421363258454,0
3412,3,0,0.9597019385822825,1
3413,4,0,0.012619333839497418,0
3414,0,0,0.04959196820735337,0
3415,1,1,0.7772944823103123,1
3416,1,1,0.7121757116524446,1
3417,4,0,0.2856303262077091,0
3418,4,0,0.29682620630595385,0
3419,1,1,0.9274027127598375,1
3420,4,1,0.8406394912180457,1
3421,0,0,0.30366131755519343,0
3422,0,0,0.8027373107524581,1
3423,0,1,0.20466109142948358,0
3424,0,0,0.059044948439538746,0
3425,0,0,0.182637800164863,0
3426,1,0,0.024545102098017562,0
3427,4,1,0.9644028573925605,1
3428,3,0,0.05242574515933801,0
3429,4,1,0.9675183829948004,1
3430,4,1,0.9113909896466083,1
3431,3,0,0.11058616960557573,0
3432,4,1,0.978120697722085,1
3433,2,0,0.0578751307116188,0
3434,2,1,0.8558052234189061,1
3435,3,1,0.5944105722218094,1
3436,4,0,0.9011252570996154,1
3437,2,1,0.8947202365579922,1
3438,0,0,0.16524705529273223,0
3439,2,1,0.9490094215768496,1
3440,1,0,0.05356698764859865,0
3441,4,1,0.4466649126194139,0
3442,1,0,0.01843401709255551,0
3443,1,0,0.01843401709255551,0
3444,1,0,0.01843401709255551,0
3445,1,0,0.01843401709255551,0
3446,1,0,0.01843401709255551,0
3447,1,0,0.01843401709255551,0
3448,1,1,0.9014735972107568,1
3449,3,1,0.10042291235935039,0
3450,4,0,0.06169514819229881,0
3451,3,0,0.30943599945759487,0
3452,1,0,0.01289662843787855,0
3453,2,0,0.00534040084538593,0
3454,2,0,0.00534040084538593,0
3455,3,0,0.023779793355895792,0
3456,3,0,0.023779793355895792,0
3457,4,0,0.02039593913380446,0
3458,3,0,0.023779793355895792,0
3459,3,0,0.023779793355895792,0
3460,3,0,0.023779793355895792,0
3461,4,0,0.02039593913380446,0
3462,3,0,0.023779793355895792,0
3463,3,0,0.023779793355895792,0
3464,4,0,0.02039593913380446,0
3465,4,0,0.02039593913380446,0
3466,3,0,0.023779793355895792,0
3467,3,0,0.023779793355895792,0
3468,4,0,0.07054631194065121,0
3469,2,0,0.9172473997252063,1
3470,0,1,0.5745018698109305,1
3471,2,0,0.03732363235921897,0
3472,2,0,0.13255972208341454,0
3473,4,1,0.06659129153129228,0
3474,2,0,0.015487049094503755,0
3475,2,0,0.08442410602514444,0
3476,2,1,0.6736316366181356,1
3477,2,0,0.07214145135287628,0
3478,3,1,0.7951624223818453,1
3479,0,0,0.05686530412293759,0
3480,1,0,0.04657409337475609,0
3481,1,0,0.04657409337475609,0
3482,1,0,0.09720843435522201,0
3483,2,0,0.05957467372094436,0
3484,2,0,0.05957467372094436,0
3485,2,1,0.3754828029198916,0
3486,2,1,0.3754828029198916,0
3487,3,1,0.8378792813217322,1
3488,4,1,0.8142377245280106,1
3489,0,0,0.01806638240044441,0
3490,1,0,0.0646613843211128,0
3491,4,0,0.04640984232648752,0
3492,1,0,0.03180816981545581,0
3493,0,0,0.04567428649691618,0
3494,2,0,0.01084144334665938,0
3495,0,0,0.0353463612996555,0
3496,4,0,0.06173068587263896,0
3497,0,0,0.03410656267956976,0
3498,1,0,0.03648441019487584,0
3499,2,1,0.8802312529297069,1
3500,2,1,0.6740304994589513,1
3501,4,0,0.04054935889440797,0
3502,1,0,0.04050299965622226,0
3503,1,0,0.10515517412631968,0
3504,3,0,0.034761230309311004,0
3505,4,0,0.3861796721417485,0
3506,2,0,0.04190945571772279,0
3507,1,0,0.05930090186506379,0
3508,1,0,0.161592047500003,0
3509,3,0,0.4669553561510496,0
3510,0,0,0.030336521404272145,0
3511,2,1,0.2519897404526055,0
3512,4,0,0.014001789079173205,0
3513,4,0,0.014001789079173205,0
3514,4,0,0.014001789079173205,0
3515,1,1,0.926481544137592,1
3516,1,1,0.926481544137592,1
3517,1,1,0.926481544137592,1
3518,4,0,0.014001789079173205,0
3519,0,1,0.8521602647049568,1
3520,3,1,0.9763843664291985,1
3521,0,1,0.8673238406174272,1
3522,0,1,0.8673238406174272,1
3523,4,0,0.4444513363041465,0
3524,3,0,0.010302229965934192,0
3525,3,0,0.010302229965934192,0
3526,3,0,0.010302229965934192,0
3527,3,0,0.010302229965934192,0
3528,1,0,0.009609954845776996,0
3529,1,0,0.009609954845776996,0
3530,1,0,0.009609954845776996,0
3531,1,0,0.009609954845776996,0
3532,3,1,0.9909996774381309,1
3533,3,1,0.9909996774381309,1
3534,3,1,0.9909996774381309,1
3535,1,1,0.9672638263033312,1
3536,1,1,0.9672638263033312,1
3537,1,1,0.9672638263033312,1
3538,1,1,0.039011214769278914,0
3539,0,0,0.0492008294660506,0
3540,0,0,0.0492008294660506,0
3541,0,0,0.0492008294660506,0
3542,1,0,0.20709888136574872,0
3543,1,0,0.20709888136574872,0
3544,1,0,0.20709888136574872,0
3545,4,1,0.9504455031318728,1
3546,4,1,0.9504455031318728,1
3547,1,1,0.028443850868062552,0
3548,2,0,0.6119104660744736,1
3549,2,0,0.7133542326013729,1
3550,2,0,0.7133542326013729,1
3551,2,0,0.7133542326013729,1
3552,2,0,0.7133542326013729,1
3553,2,0,0.7133542326013729,1
3554,4,1,0.38685440722441966,0
3555,4,1,0.38685440722441966,0
3556,1,1,0.45721026601274634,0
3557,1,1,0.45721026601274634,0
3558,4,0,0.03823533727824435,0
3559,3,0,0.037257692914587213,0
3560,2,0,0.10434772153337345,0
3561,2,0,0.12524806956806375,0
3562,1,0,0.11659067057227035,0
3563,2,1,0.8925596580661181,1
3564,2,1,0.8925596580661181,1
3565,0,1,0.9486782900752728,1
3566,0,0,0.04263776554953333,0
3567,2,1,0.9126923331774445,1
3568,3,1,0.9820781300607542,1
3569,2,1,0.9500569328781309,1
3570,0,1,0.9071469871618405,1
3571,0,1,0.9071469871618405,1
3572,3,0,0.037761302528786476,0
3573,1,1,0.23102230550033354,0
3574,2,0,0.023853919728017293,0
3575,4,0,0.5677966532228055,1
3576,2,0,0.013794254500112003,0
3577,0,1,0.9581815832791034,1
3578,1,1,0.017223272535862894,0
3579,2,0,0.1425428822155926,0
3580,3,0,0.05592372437722073,0
3581,3,0,0.05592372437722073,0
3582,2,0,0.020438838375161965,0
3583,2,0,0.020438838375161965,0
3584,2,0,0.020438838375161965,0
3585,2,0,0.020438838375161965,0
3586,2,0,0.020438838375161965,0
3587,4,0,0.01260707267314236,0
3588,4,0,0.01260707267314236,0
3589,4,0,0.01260707267314236,0
3590,1,0,0.2721823235305541,0
3591,3,0,0.13553541000096048,0
3592,0,0,0.04853196684220891,0
3593,0,0,0.04853196684220891,0
3594,2,1,0.7171974538818137,1
3595,4,1,0.8242885439748981,1
3596,1,1,0.9489833502012756,1
3597,0,0,0.024248001330597433,0
3598,0,0,0.024248001330597433,0
3599,0,0,0.0300976879258665,0
3600,2,1,0.9663652123880139,1
3601,2,1,0.9663652123880139,1
3602,2,1,0.9663652123880139,1
3603,3,0,0.009598164348106389,0
3604,3,0,0.009598164348106389,0
3605,2,1,0.9751499140428995,1
3606,2,1,0.9751499140428995,1
3607,2,1,0.9751499140428995,1
3608,3,0,0.009598164348106389,0
3609,1,1,0.8606685240490998,1
3610,0,1,0.2971585502303975,0
3611,2,0,0.6668769192136159,1
3612,1,1,0.889290111432073,1
3613,3,0,0.06212663356612277,0
3614,0,0,0.05747781057397342,0
3615,0,1,0.75668562705065,1
3616,1,0,0.3863895910799828,0
3617,0,1,0.964516827587228,1
3618,4,1,0.7771028667103287,1
3619,4,0,0.039148457728697246,0
3620,0,1,0.07536918034890515,0
3621,2,1,0.9664666608046752,1
3622,2,1,0.9664666608046752,1
3623,4,0,0.017287801499546274,0
3624,2,0,0.08835995956340024,0
3625,4,0,0.049559951628384176,0
3626,1,0,0.09123518084973693,0
3627,1,1,0.9261668373159563,1
3628,1,1,0.08104074944894886,0
3629,1,0,0.004504196235406684,0
3630,2,1,0.9165152675158945,1
3631,3,1,0.9512258768558366,1
3632,3,1,0.6696957948671309,1
3633,3,1,0.9272427665035495,1
3634,3,0,0.0593945407467537,0
3635,0,0,0.13237870652779768,0
3636,0,0,0.13237870652779768,0
3637,2,1,0.9787800177270823,1
3638,0,1,0.9472548202205849,1
3639,0,1,0.9787444315254428,1
3640,0,0,0.10369833183603318,0
3641,4,0,0.11721232534085588,0
3642,3,1,0.9384532279486953,1
3643,3,1,0.9277102234562455,1
3644,4,0,0.07494883362129301,0
3645,0,1,0.9888259558830699,1
3646,2,1,0.9777447227707097,1
3647,2,1,0.6580360435419744,1
3648,4,0,0.06686732179573429,0
3649,2,0,0.06625966223529292,0
3650,1,0,0.23039372360424548,0
3651,3,0,0.1835897073561763,0
3652,3,0,0.0773008277253273,0
3653,3,0,0.1478850535005665,0
3654,1,0,0.00993675310688059,0
3655,4,1,0.9949434331965648,1
3656,2,0,0.4696290004502474,0
3657,3,1,0.08283665740818577,0
3658,1,0,0.26731536366204234,0
3659,4,0,0.0636604689898013,0
3660,4,1,0.40462452610186717,0
3661,0,0,0.16791980547803226,0
3662,0,1,0.11599571386410325,0
3663,1,0,0.07788487045790618,0
3664,1,0,0.07788487045790618,0
3665,2,1,0.5414566246174977,1
3666,2,0,0.02520402333118919,0
3667,2,1,0.879763988556464,1
3668,4,0,0.5257573220830916,1
3669,4,0,0.5257573220830916,1
3670,3,1,0.1435816206907168,0
3671,3,1,0.1435816206907168,0
3672,3,0,0.011891863669927578,0
3673,2,0,0.016801721070326608,0
3674,2,0,0.9116057587428559,1
3675,1,1,0.9310899080062304,1
3676,1,1,0.9310899080062304,1
3677,3,0,0.366331875966329,0
3678,2,1,0.5533624268298246,1
3679,3,1,0.975005635354577,1
3680,2,0,0.13773454505110702,0
3681,4,0,0.02725156586326539,0
3682,4,0,0.04010554542742967,0
3683,4,0,0.017888649819025396,0
3684,4,0,0.017888649819025396,0
3685,3,0,0.07411903934559312,0
3686,3,0,0.03862924354403605,0
3687,3,0,0.03862924354403605,0
3688,1,0,0.014883246656453441,0
3689,2,0,0.029557441329106694,0
3690,0,0,0.023527222139211747,0
3691,3,1,0.11455661305392914,0
3692,1,0,0.1642119978834204,0
3693,4,0,0.041232456346981264,0
3694,0,0,0.026313294661991803,0
3695,0,1,0.8349644242321663,1
3696,0,1,0.8349644242321663,1
3697,3,0,0.10685171040583813,0
3698,1,1,0.6312532094094444,1
3699,3,0,0.12121274768758696,0
3700,4,0,0.531593571911577,1
3701,0,0,0.05408519165894586,0
3702,3,0,0.024802116249385137,0
3703,3,0,0.05415338726178302,0
3704,0,0,0.8801545368880522,1
3705,1,0,0.1467500549395278,0
3706,0,1,0.10942445866587489,0
3707,0,1,0.56195248503795,1
3708,1,0,0.05484638228527583,0
3709,3,0,0.07317867108388272,0
3710,0,0,0.05763867200016758,0
3711,4,1,0.8491650211620073,1
3712,0,0,0.013375069002067334,0
3713,3,0,0.058282520119669376,0
3714,0,0,0.06706256160589176,0
3715,4,1,0.9959096598539409,1
3716,0,0,0.042084449152381395,0
3717,1,0,0.5554807128118656,1
3718,0,1,0.8155575832913554,1
3719,4,1,0.47925876268184925,0
3720,1,1,0.8957698624278191,1
3721,1,1,0.8957698624278191,1
3722,0,1,0.7781106994826027,1
3723,0,1,0.965658373381578,1
3724,1,1,0.9333203954249606,1
3725,3,0,0.48434038222386594,0
3726,3,0,0.07316004211285507,0
3727,2,1,0.8597990439612003,1
3728,0,0,0.16839280038903684,0
3729,1,0,0.9233485092434215,1
3730,3,0,0.3393471621965671,0
3731,2,0,0.032232929907738614,0
3732,4,1,0.958821713285092,1
3733,4,0,0.03869222641785099,0
3734,4,0,0.03869222641785099,0
3735,3,0,0.048483488092072556,0
3736,3,1,0.037404738041008675,0
3737,3,1,0.8769634192753198,1
3738,3,1,0.8769634192753198,1
3739,4,0,0.5811618388759049,1
3740,4,0,0.5811618388759049,1
3741,1,1,0.2726960397165229,0
3742,1,1,0.2726960397165229,0
3743,1,0,0.6999780663505212,1
3744,2,1,0.4621479806067052,0
3745,2,0,0.0945167471770791,0
3746,4,0,0.06534490578455568,0
3747,0,1,0.14973805767916606,0
3748,1,0,0.4426241594127253,0
3749,2,0,0.3018555599665092,0
3750,1,0,0.4494751377560841,0
3751,2,0,0.9353285161820839,1
3752,1,0,0.23093197497297607,0
3753,1,1,0.589030421717742,1
3754,2,0,0.12791605962597039,0
3755,3,0,0.028169926136620393,0
3756,2,0,0.11952718339900886,0
3757,4,0,0.07415507243183667,0
3758,1,0,0.13020905062865185,0
3759,0,0,0.31482956095408526,0
3760,3,0,0.01746980164490035,0
3761,3,0,0.01746980164490035,0
3762,0,0,0.16716105115733018,0
3763,2,0,0.40143504968197175,0
3764,3,0,0.024774406555247836,0
3765,1,0,0.08949144971977828,0
3766,4,0,0.03124729576935509,0
3767,3,1,0.7661793434558433,1
3768,0,0,0.017419806475036874,0
3769,0,1,0.5252655671133237,1
3770,4,0,0.03598997010493686,0
3771,2,0,0.012771796229232349,0
3772,1,1,0.9622525073124395,1
3773,4,1,0.9525330666202845,1
3774,4,0,0.8436165891377528,1
3775,4,0,0.8436165891377528,1
3776,2,1,0.8812348432959229,1
3777,4,0,0.5257124968115596,1
3778,3,1,0.9793673013103597,1
3779,4,1,0.295234958934686,0
3780,2,0,0.3221782793592785,0
3781,1,1,0.12465139101994233,0
3782,4,1,0.919796675783297,1
3783,4,1,0.919796675783297,1
3784,3,0,0.887807799197691,1
3785,4,1,0.8556016841013218,1
3786,4,1,0.8556016841013218,1
3787,0,1,0.9496861719660247,1
3788,1,1,0.7910580680664971,1
3789,3,0,0.024005805968363436,0
3790,3,0,0.024005805968363436,0
3791,1,1,0.983077753820223,1
3792,1,1,0.983077753820223,1
3793,0,0,0.02438798449655843,0
3794,3,1,0.9653880803848225,1
3795,3,1,0.029418441188878684,0
3796,4,0,0.0917178906031092,0
3797,4,0,0.0536947072090791,0
3798,0,1,0.5348479026022341,1
3799,1,0,0.865039996731981,1
3800,2,0,0.03392392676635059,0
3801,2,0,0.03392392676635059,0
3802,2,0,0.03392392676635059,0
3803,2,0,0.03392392676635059,0
3804,2,0,0.03392392676635059,0
3805,3,1,0.9832309097513962,1
3806,3,1,0.9832309097513962,1
3807,3,1,0.9832309097513962,1
3808,3,1,0.8038749011820597,1
3809,3,1,0.8038749011820597,1
3810,3,1,0.12363093468058806,0
3811,0,1,0.11800331734293351,0
3812,4,0,0.26170714199961853,0
3813,4,0,0.15535605696912483,0
3814,0,0,0.06951564895157462,0
3815,1,1,0.6280823889498032,1
3816,4,0,0.020013600043494152,0
3817,3,0,0.08417797593710583,0
3818,0,1,0.9800011257056692,1
3819,3,0,0.08503153539443042,0
3820,3,0,0.08503153539443042,0
3821,3,1,0.4242499812899974,0
3822,1,1,0.8835646520270477,1
3823,1,1,0.8835646520270477,1
3824,4,1,0.20331838279296552,0
3825,4,1,0.20331838279296552,0
3826,0,1,0.8085101211776803,1
3827,0,1,0.8085101211776803,1
3828,0,0,0.07499624917058381,0
3829,1,1,0.9122551793404452,1
3830,1,1,0.5088809221365062,1
3831,4,0,0.05090648070587366,0
3832,4,0,0.9028740761158505,1
3833,4,0,0.94801120919175,1
3834,3,0,0.019669697866995618,0
3835,1,0,0.03215275853355392,0
3836,1,1,0.8297970193986419,1
3837,3,0,0.07006174536649801,0
3838,1,1,0.9415065428186842,1
3839,4,1,0.9620490670631067,1
3840,0,0,0.036799940104098254,0
3841,2,0,0.03002283452603143,0
3842,0,0,0.013651517084828847,0
3843,0,0,0.23119461425582627,0
3844,1,0,0.009006964161667153,0
3845,0,1,0.9897832408756463,1
3846,4,1,0.04808716186029212,0
3847,0,0,0.8107610775091258,1
3848,1,0,0.02569276965758716,0
3849,1,0,0.02569276965758716,0
3850,2,0,0.19393997844126257,0
3851,3,0,0.031729754992279466,0
3852,3,0,0.032698471397772155,0
3853,0,0,0.042304354960325766,0
3854,0,0,0.042304354960325766,0
3855,1,0,0.023170943405905073,0
3856,4,1,0.9021982221186408,1
3857,1,1,0.4518980114747073,0
3858,3,0,0.1318912700422904,0
3859,3,0,0.13192549418805513,0
3860,2,1,0.2666266102772168,0
3861,2,0,0.8211987895629643,1
3862,1,1,0.42324568100365345,0
3863,3,0,0.12218563982806904,0
3864,0,0,0.011873780693353047,0
3865,4,1,0.9641170858198382,1
3866,0,1,0.9632181739936002,1
3867,4,0,0.036711657910510814,0
3868,3,1,0.9528121239559986,1
3869,3,1,0.6797524815483633,1
3870,2,0,0.051336432983937585,0
3871,0,1,0.15035586265079853,0
3872,2,0,0.0577791105522569,0
3873,3,0,0.040592367750359896,0
3874,1,0,0.04408087109044792,0
3875,3,0,0.022493370588740996,0
3876,2,0,0.2736175278478738,0
3877,1,1,0.8295041109516437,1
3878,1,1,0.9230185187170544,1
3879,4,1,0.9631639897364609,1
3880,2,0,0.017440910610232223,0
3881,4,1,0.1348269765330931,0
3882,1,0,0.08017314305046283,0
3883,4,0,0.23291636357323964,0
3884,2,0,0.041817817500249606,0
3885,2,0,0.041817817500249606,0
3886,4,1,0.10020405331604876,0
3887,4,1,0.10020405331604876,0
3888,4,1,0.5596407328097005,1
3889,2,1,0.7490395914374477,1
3890,2,0,0.4227835833364704,0
3891,3,0,0.5036987025280157,1
3892,0,1,0.05994032468753597,0
3893,0,0,0.06192080471979129,0
3894,2,1,0.9362421411839237,1
3895,2,1,0.8914952416983406,1
3896,2,0,0.08056029099793605,0
3897,2,0,0.35871567692727485,0
3898,0,0,0.07194426790001517,0
3899,4,1,0.6119651784475063,1
3900,1,1,0.7312222815292587,1
3901,4,0,0.8895981084027794,1
3902,0,1,0.646253180590246,1
3903,1,1,0.28233470178569103,0
3904,2,0,0.8825780997178452,1
3905,3,1,0.1411180567197252,0
3906,2,0,0.0692984962504132,0
3907,0,1,0.8836654251693709,1
3908,3,1,0.5703162112759117,1
3909,3,1,0.5703162112759117,1
3910,4,0,0.049884019640587154,0
3911,4,0,0.049884019640587154,0
3912,3,0,0.5061172756137626,1
3913,2,0,0.9691477239722284,1
3914,0,1,0.1206321961788521,0
3915,3,0,0.35882823610690834,0
3916,3,0,0.35882823610690834,0
3917,4,1,0.8478664399413541,1
3918,2,0,0.08823792370760421,0
3919,0,0,0.06395170633354015,0
3920,4,0,0.42143986049676074,0
3921,3,0,0.03641704727454237,0
3922,3,0,0.02189547914186099,0
3923,4,0,0.11241860772192785,0
3924,4,0,0.11241860772192785,0
3925,1,0,0.028696973752835205,0
3926,2,0,0.0645719006099344,0
3927,1,0,0.01506821696696907,0
3928,4,0,0.09777458555201411,0
3929,1,0,0.05237822635112429,0
3930,3,0,0.015763558298835478,0
3931,0,0,0.05851405392077589,0
3932,0,1,0.2226139434258334,0
3933,1,1,0.8957125300575038,1
3934,4,0,0.08769034567632038,0
3935,2,0,0.3622681225389082,0
3936,0,0,0.05482524620748409,0
3937,1,0,0.8335135250268854,1
3938,4,0,0.30593673384276404,0
3939,2,1,0.5642292468165816,1
3940,1,1,0.32873405903628417,0
3941,4,0,0.04460681539434886,0
3942,4,0,0.040896688389270755,0
3943,0,0,0.6996848932588197,1
3944,4,0,0.03839228935313323,0
3945,2,1,0.8523409872771935,1
3946,1,0,0.037544938605654235,0
3947,2,0,0.7635470036188713,1
3948,3,1,0.6682884909924723,1
3949,2,1,0.8025724159396952,1
3950,3,0,0.09689955046136807,0
3951,3,1,0.9019893072013592,1
3952,0,0,0.035203609084459235,0
3953,1,0,0.034672099945411816,0
3954,1,0,0.023474188123890873,0
3955,4,1,0.681248254710752,1
3956,4,0,0.05432349710694223,0
3957,2,0,0.0689077090717106,0
3958,1,1,0.18987320437950844,0
3959,2,0,0.20938065372613315,0
3960,0,1,0.9798488234501647,1
3961,2,1,0.9704940998322593,1
3962,1,1,0.9194408519757878,1
3963,3,1,0.7462399338725527,1
3964,2,0,0.6790504567931233,1
3965,0,1,0.8891779513025547,1
3966,2,1,0.6813602255012963,1
3967,2,0,0.03611769172969106,0
3968,4,0,0.04896012532035352,0
3969,0,1,0.030122213492614954,0
3970,1,0,0.025733518780214203,0
3971,4,0,0.8042426113781997,1
3972,2,0,0.6984901942500629,1
3973,3,1,0.07054541020506036,0
3974,3,1,0.3498848089078218,0
3975,0,0,0.622218097012611,1
3976,1,1,0.9554008628557278,1
3977,4,0,0.7961825246832475,1
3978,4,0,0.7961825246832475,1
3979,1,1,0.9385135850391483,1
3980,1,1,0.9385135850391483,1
3981,3,1,0.8766130866212224,1
3982,3,1,0.8766130866212224,1
3983,0,1,0.6755301129420324,1
3984,0,1,0.6365707977095048,1
3985,0,1,0.6365707977095048,1
3986,1,0,0.03944298209070091,0
3987,3,0,0.01703118708747295,0
3988,0,1,0.6892767110135123,1
3989,4,1,0.9419172489402545,1
3990,3,1,0.8840422979378862,1
3991,1,0,0.08132288415569801,0
3992,1,1,0.7379489812958078,1
3993,4,0,0.0238710741239729,0
3994,3,0,0.01931656705575999,0
3995,4,0,0.0238710741239729,0
3996,2,0,0.07351992116067704,0
3997,0,1,0.056503005118343684,0
3998,0,1,0.9554007661968829,1
3999,0,1,0.809931709053295,1
4000,2,0,0.03939010639136059,0
4001,1,1,0.9474291144364009,1
4002,2,1,0.9391000263663406,1
4003,1,0,0.5870070231911058,1
4004,4,1,0.9603079534149189,1
4005,2,1,0.7986832985606416,1
4006,0,1,0.8151994977079157,1
4007,0,1,0.8151994977079157,1
4008,2,1,0.872987808385643,1
4009,2,1,0.872987808385643,1
4010,2,1,0.7986832985606416,1
4011,0,0,0.040382360222392395,0
4012,4,1,0.020107996743862648,0
4013,3,1,0.7705288634730341,1
4014,3,0,0.017307542827721446,0
4015,0,0,0.013825809431033245,0
4016,4,0,0.02394163252808207,0
4017,2,0,0.05542315072474045,0
4018,2,1,0.5885198092197781,1
4019,0,0,0.012294937841423435,0
4020,1,1,0.10249278569238436,0
4021,0,0,0.03238472094364394,0
4022,0,1,0.7402248460909231,1
4023,3,0,0.06732147262388943,0
4024,2,0,0.02808104037829264,0
4025,4,0,0.038900041241537245,0
4026,4,0,0.038900041241537245,0
4027,1,0,0.32563921818322566,0
4028,0,0,0.03113448669525584,0
4029,3,0,0.06720856399756057,0
4030,4,1,0.956954654318645,1
4031,4,0,0.1591785196937152,0
4032,4,0,0.4522225711776026,0
4033,4,1,0.32631139987937996,0
4034,3,0,0.11031394839911444,0
4035,3,0,0.11031394839911444,0
4036,1,0,0.14079576470823973,0
4037,2,1,0.48792945775456464,0
4038,0,0,0.14841286145626228,0
4039,0,0,0.18780461422756184,0
4040,0,1,0.814529589651391,1
4041,1,0,0.7899157448413348,1
4042,4,0,0.028481874522927112,0
4043,3,1,0.03015885757914679,0
4044,3,0,0.021262132968603208,0
4045,1,0,0.07710719148137778,0
4046,0,0,0.13304194679259745,0
4047,3,1,0.07395961502018333,0
4048,2,0,0.10784961048558153,0
4049,2,0,0.17940255173008104,0
4050,3,0,0.42519443185367084,0
4051,0,0,0.18704168642280988,0
4052,3,1,0.9030053583484269,1
4053,3,1,0.15675939009302128,0
4054,3,0,0.049695555231268285,0
4055,3,0,0.049695555231268285,0
4056,4,0,0.8394394690703173,1
4057,0,0,0.15871381185621716,0
4058,0,0,0.1478875882960899,0
4059,1,1,0.8205523406472731,1
4060,3,0,0.11801999960176321,0
4061,4,0,0.08915076016306155,0
4062,4,0,0.020929470950122164,0
4063,4,0,0.03133357679894413,0
4064,3,1,0.8083892516498487,1
4065,3,1,0.8083892516498487,1
4066,1,0,0.03699984865511454,0
4067,4,0,0.0189578081560547,0
4068,3,0,0.1966220664896185,0
4069,1,1,0.78142255610202,1
4070,3,0,0.2189480212216939,0
4071,2,1,0.8120872188131163,1
4072,1,1,0.9365051713453604,1
4073,4,0,0.08532142767349732,0
4074,4,0,0.08077395173204792,0
4075,0,0,0.040745586241263315,0
4076,4,1,0.8968587014943481,1
4077,0,0,0.22273322331556356,0
4078,0,0,0.024449672967559885,0
4079,4,0,0.06779648970445884,0
4080,3,1,0.13278735628060975,0
4081,3,1,0.6713952573773793,1
4082,4,0,0.41584840337631024,0
4083,4,0,0.04291286909532347,0
4084,0,0,0.3379859058774081,0
4085,2,1,0.26532907956832047,0
4086,1,0,0.07011043605693242,0
4087,2,0,0.023196259989401332,0
4088,0,1,0.9450481092886013,1
4089,1,0,0.09073452131384481,0
4090,3,1,0.8108897685976639,1
4091,0,0,0.03214332111879479,0
4092,3,0,0.025670004139118036,0
4093,2,0,0.03336517657323666,0
4094,2,0,0.024611975584782137,0
4095,3,0,0.8652614756263091,1
4096,2,0,0.04683503600463612,0
4097,3,0,0.18696060803168807,0
4098,4,1,0.9818967324477152,1
4099,0,0,0.050179534596118576,0
4100,4,1,0.8258134917330043,1
4101,2,0,0.10947844489065,0
4102,1,1,0.2113425189497745,0
4103,2,0,0.06597276637440706,0
4104,4,0,0.05245356000398164,0
4105,2,1,0.28955205649131993,0
4106,3,1,0.23745379054599577,0
4107,3,0,0.678235641770307,1
4108,3,0,0.678235641770307,1
4109,1,1,0.2783984760457805,0
4110,1,1,0.2783984760457805,0
4111,0,0,0.4247772802583836,0
4112,3,0,0.7915453822774087,1
4113,1,1,0.9347681787035538,1
4114,2,0,0.912561475525099,1
4115,1,0,0.7285756760869011,1
4116,0,0,0.03001876578376757,0
4117,1,1,0.9089077770530939,1
4118,1,1,0.9089077770530939,1
4119,0,0,0.08857034242937743,0
4120,3,1,0.9771655318972946,1
4121,0,0,0.023955991242488758,0
4122,0,1,0.9640517676790243,1
4123,1,0,0.01506858409093063,0
4124,0,1,0.9173694949967912,1
4125,0,1,0.9920014533212701,1
4126,4,0,0.06180713238238012,0
4127,2,0,0.06761312336087319,0
4128,3,0,0.04890626926877227,0
4129,1,1,0.8997937153376178,1
4130,4,1,0.8366863696589475,1
4131,2,1,0.9473007723724102,1
4132,2,0,0.23014254964757933,0
4133,3,1,0.9865581027467221,1
4134,2,0,0.06488464023400616,0
4135,1,0,0.1448201718986659,0
4136,1,0,0.03986397354749874,0
4137,2,0,0.04191087012446755,0
4138,1,0,0.08620055323177422,0
4139,2,0,0.10677266940849871,0
4140,4,0,0.09136977035550903,0
4141,0,0,0.023941231629727656,0
4142,2,0,0.052426542035118796,0
4143,1,0,0.03268713915675153,0
4144,1,1,0.5901349682915149,1
4145,4,0,0.02035690512727892,0
4146,1,0,0.04075450047912796,0
4147,2,0,0.28662419947289186,0
4148,4,0,0.03704731047645592,0
4149,2,0,0.0170212013108719,0
4150,4,0,0.03704731047645592,0
4151,0,0,0.04104897814238602,0
4152,3,0,0.034418587261833354,0
4153,3,1,0.9547068741393231,1
4154,0,1,0.9242428442429174,1
4155,1,0,0.08397568684531617,0
4156,2,0,0.11563660996569324,0
4157,3,1,0.8086464673731205,1
4158,2,0,0.1707567999868958,0
4159,3,1,0.9705473435524545,1
4160,3,1,0.9705473435524545,1
4161,1,0,0.831270582553013,1
4162,1,0,0.013861509683486773,0
4163,0,1,0.9699471633661293,1
4164,4,0,0.01912718106452025,0
4165,0,1,0.8026834270039934,1
4166,3,0,0.015095444403411911,0
4167,1,0,0.016715956684870574,0
4168,3,0,0.015095444403411911,0
4169,3,0,0.015095444403411911,0
4170,1,0,0.016715956684870574,0
4171,1,0,0.016715956684870574,0
4172,0,0,0.024683803128341928,0
4173,3,1,0.6041749101869038,1
4174,3,0,0.01324262771144216,0
4175,2,0,0.06527420964028112,0
4176,2,0,0.06527420964028112,0
4177,2,0,0.06527420964028112,0
4178,2,0,0.06527420964028112,0
4179,2,0,0.09218999914922253,0
4180,0,1,0.07684350149638505,0
4181,4,0,0.07528712142717571,0
4182,0,0,0.03292099183836018,0
4183,0,0,0.03292099183836018,0
4184,4,0,0.3269712383335897,0
4185,1,0,0.6577032769436235,1
4186,0,0,0.012025994160560874,0
4187,4,0,0.019272584838462822,0
4188,4,0,0.018258887665306332,0
4189,4,0,0.0720245645470428,0
4190,4,1,0.34411603804995944,0
4191,4,1,0.1728133587886754,0
4192,2,0,0.40887666688373475,0
4193,2,1,0.9774322510653705,1
4194,1,0,0.46173549223953136,0
4195,2,0,0.06303449217923636,0
4196,0,0,0.3169636669502117,0
4197,2,1,0.4040724913367984,0
4198,2,0,0.01748924682699618,0
4199,0,0,0.1567049289194559,0
4200,0,0,0.1567049289194559,0
4201,2,1,0.04457111119525097,0
4202,2,0,0.11282758610320091,0
4203,4,1,0.30059652816948074,0
4204,4,0,0.023947887688105865,0
4205,0,1,0.8214321054417398,1
4206,3,1,0.16571720491259134,0
4207,4,0,0.025579034508129726,0
4208,0,0,0.2675996787150199,0
4209,1,1,0.8142952201835966,1
4210,4,0,0.12150900597266978,0
4211,4,0,0.5248200391418869,1
4212,0,1,0.35245483112902587,0
4213,0,1,0.9802320564128045,1
4214,3,0,0.14970473293291048,0
4215,0,1,0.015586284858379542,0
4216,0,0,0.03855430980331399,0
4217,1,0,0.02077730542199774,0
4218,2,0,0.25127333985232064,0
4219,3,1,0.43113403525658694,0
4220,2,1,0.8612210675918219,1
4221,1,0,0.05136375893177117,0
4222,1,0,0.04201347338974953,0
4223,3,0,0.020318793527290175,0
4224,1,0,0.276840651224483,0
4225,4,1,0.8272868120600975,1
4226,3,1,0.9666006642181728,1
4227,4,1,0.8397889076940371,1
4228,0,0,0.04144707940806905,0
4229,3,0,0.21348237270505246,0
4230,0,1,0.32080479782777904,0
4231,1,1,0.3698121548544052,0
4232,3,0,0.04912373643828781,0
4233,0,0,0.473910080082384,0
4234,4,1,0.8338619553327403,1
4235,0,0,0.6338872464152026,1
4236,1,1,0.6850737985578539,1
4237,1,0,0.01923626634567764,0
4238,1,0,0.926252236431099,1
4239,3,0,0.7065245524548864,1
4240,2,1,0.5328708816291944,1
4241,2,0,0.04776926694741182,0
4242,2,1,0.0675925151642812,0
4243,0,0,0.4094764948061196,0
4244,2,0,0.06585053578478747,0
4245,4,0,0.48216086744483305,0
4246,4,0,0.026852608038632805,0
4247,1,0,0.3115975610483922,0
4248,4,0,0.014880091024490175,0
4249,0,0,0.20277644599853173,0
4250,0,0,0.07214723633435034,0
4251,3,1,0.8541757992803469,1
4252,2,0,0.1802108616267071,0
4253,1,1,0.7960634526413998,1
4254,3,1,0.28555788583202085,0
4255,3,0,0.530891981392036,1
4256,1,0,0.4915950788748214,0
4257,2,0,0.036608623364716326,0
4258,1,0,0.11867348880685831,0
4259,0,0,0.05071986600121269,0
4260,3,0,0.022319522080152428,0
4261,0,0,0.041526727873529165,0
4262,4,1,0.8861508149876631,1
4263,2,0,0.42670585390910537,0
4264,4,0,0.13047367593558257,0
4265,1,0,0.2979261536031894,0
4266,2,1,0.41682914480964933,0
4267,4,0,0.014493999094224629,0
4268,3,0,0.022014504091096967,0
4269,2,0,0.01692038087186121,0
4270,2,0,0.02292622188665413,0
4271,1,1,0.40920186934016595,0
4272,1,1,0.9969292241611748,1
4273,0,0,0.04566286054041984,0
4274,3,0,0.12519610016438237,0
4275,4,0,0.10057456768386394,0
4276,2,1,0.9584234471954751,1
4277,4,1,0.7127138643259531,1
4278,2,0,0.018222207676783748,0
4279,2,0,0.018222207676783748,0
4280,4,0,0.010522513647222596,0
4281,2,1,0.9742650199865222,1
4282,3,1,0.9870684297180544,1
4283,4,0,0.8924742575066068,1
4284,0,1,0.9160494079318142,1
4285,1,1,0.9244830457671499,1
4286,4,0,0.026847182764641982,0
4287,1,0,0.04585063347817812,0
4288,2,0,0.1388688443383282,0
4289,3,1,0.8186980293766447,1
4290,2,1,0.9290252731323284,1
4291,1,1,0.3099002754373966,0
4292,2,1,0.31859228095132375,0
4293,3,0,0.08470881133948215,0
4294,2,0,0.017528913353141405,0
4295,1,0,0.03761514584122536,0
4296,1,1,0.8746531636425701,1
4297,2,0,0.3490604312221287,0
4298,1,1,0.6266812703368596,1
4299,1,0,0.03101024062943414,0
4300,0,0,0.028535785869840142,0
4301,4,0,0.019960425189243285,0
4302,1,0,0.03453979885520217,0
4303,0,1,0.8261536574938463,1
4304,3,0,0.12267578747552176,0
4305,1,0,0.20818815936709664,0
4306,3,0,0.026297291450280712,0
4307,0,0,0.038534302118328354,0
4308,3,0,0.09973783196282533,0
4309,1,0,0.016961392336218604,0
4310,2,1,0.843650266357982,1
4311,2,0,0.019110138935931182,0
4312,3,0,0.05559303806160795,0
4313,3,0,0.05559303806160795,0
4314,0,0,0.01171487027819831,0
4315,2,0,0.01879289773788432,0
4316,3,0,0.5144967393277026,1
4317,1,1,0.47257327379504743,0
4318,4,0,0.019767630724890645,0
4319,0,0,0.06906277296244447,0
4320,1,0,0.03979339893036703,0
4321,4,1,0.6884257157524556,1
4322,0,0,0.012548476023015849,0
4323,4,0,0.08107438970499543,0
4324,0,1,0.6075369980952331,1
4325,3,0,0.06594303107668698,0
4326,2,0,0.07958957658050808,0
4327,2,0,0.07958957658050808,0
4328,0,1,0.9417647523275678,1
4329,0,1,0.9417647523275678,1
4330,2,0,0.03152078001399775,0
4331,3,0,0.023251463507830798,0
4332,0,1,0.8440242853519893,1
4333,1,1,0.854284650158821,1
4334,2,0,0.021308120796001646,0
4335,1,0,0.026089847568702692,0
4336,0,1,0.7400914303111291,1
4337,1,1,0.9057124277856784,1
4338,2,0,0.03488799781645315,0
4339,0,0,0.00939309287635065,0
4340,0,0,0.02471993815630942,0
4341,2,0,0.06892583885323239,0
4342,2,0,0.06892583885323239,0
4343,2,0,0.06892583885323239,0
4344,4,1,0.0094566645059719,0
4345,3,1,0.48234967428094566,0
4346,1,0,0.023367329760707344,0
4347,0,0,0.37348145159062124,0
4348,0,0,0.02177512296283156,0
4349,4,0,0.3007647165336148,0
4350,0,0,0.023833609818403698,0
4351,1,0,0.18359497714547873,0
4352,2,1,0.35514194343792177,0
4353,2,1,0.46205971842438975,0
4354,1,0,0.4466994360272652,0
4355,0,1,0.5253519660815568,1
4356,4,0,0.04653186029289321,0
4357,0,0,0.4275523972495761,0
4358,3,0,0.03393174087063917,0
4359,0,1,0.9557191475436179,1
4360,0,1,0.9557191475436179,1
4361,0,1,0.9557191475436179,1
4362,0,0,0.03368032120767846,0
4363,4,0,0.02568155047035189,0
4364,2,1,0.9085356957714642,1
4365,1,0,0.1898874643441608,0
4366,1,0,0.022080048414924,0
4367,3,1,0.14211377741082626,0
4368,1,0,0.021500037653906883,0
4369,4,0,0.041429609734888545,0
4370,2,0,0.03322941955171736,0
4371,4,0,0.17994493336501408,0
4372,4,0,0.15795729545736317,0
4373,0,1,0.020325839682981343,0
4374,3,0,0.35054702714240005,0
4375,3,1,0.5087673260667454,1
4376,2,0,0.4474791168432272,0
4377,1,0,0.06567240839121147,0
4378,1,0,0.09276970774165871,0
4379,2,1,0.61418336788755,1
4380,1,0,0.03769734645786589,0
4381,4,0,0.028092409081780335,0
4382,0,0,0.01855925477048922,0
4383,2,1,0.9673126154384908,1
4384,4,0,0.03529773138340441,0
4385,1,1,0.8851180349469492,1
4386,0,1,0.7825521811092272,1
4387,0,0,0.06427367787639438,0
4388,3,0,0.37251262294942733,0
4389,0,0,0.015747805616832797,0
4390,0,1,0.9354980425269663,1
4391,2,1,0.9577752685750385,1
4392,1,0,0.08349327457358714,0
4393,1,1,0.9491401530157951,1
4394,0,1,0.9237708521935875,1
4395,4,1,0.8350567384267034,1
4396,2,0,0.027996208040713785,0
4397,3,0,0.008780050370952176,0
4398,1,1,0.8829931550458457,1
4399,3,0,0.3017657302225378,0
4400,3,0,0.3017657302225378,0
4401,0,1,0.8796391050365919,1
4402,0,1,0.8796391050365919,1
4403,3,0,0.7611439588674427,1
4404,4,1,0.8423280628161486,1
4405,4,1,0.7836825372737453,1
4406,0,0,0.01465318082435033,0
4407,3,0,0.014443245203970318,0
4408,0,0,0.012098741176507683,0
4409,3,0,0.024030034667178422,0
4410,4,0,0.10792781635847887,0
4411,2,0,0.022078360203350123,0
4412,3,0,0.03802671416186638,0
4413,3,0,0.6960088247290643,1
4414,2,1,0.3258138160440628,0
4415,4,1,0.1494685564497541,0
4416,3,1,0.26952012353094124,0
4417,0,0,0.027243324209920025,0
4418,2,1,0.796898637896697,1
4419,2,1,0.796898637896697,1
4420,2,1,0.8031680750679582,1
4421,1,1,0.9550201284343169,1
4422,0,0,0.8161712380738416,1
4423,2,1,0.9173734142299527,1
4424,2,1,0.9173734142299527,1
4425,3,0,0.05800985649764341,0
4426,3,0,0.05800985649764341,0
4427,4,1,0.8815166899677398,1
4428,4,1,0.8815166899677398,1
4429,4,0,0.08469901530260283,0
4430,4,0,0.08469901530260283,0
4431,4,0,0.024218931549749377,0
4432,1,0,0.025835416838139225,0
4433,4,0,0.07478958427353023,0
4434,3,0,0.027408738145384474,0
4435,0,0,0.025299154541431897,0
4436,2,0,0.03956183550412139,0
4437,2,1,0.6838221722439839,1
4438,0,1,0.8183342487365891,1
4439,0,0,0.3778281375101455,0
4440,4,1,0.11676202729889248,0
4441,3,0,0.5993148318424495,1
4442,1,0,0.13977347061118997,0
4443,3,1,0.5135314820661613,1
4444,4,1,0.5995101586274422,1
4445,0,0,0.010760117194940045,0
4446,1,0,0.03143167800245444,0
4447,1,0,0.03143167800245444,0
4448,2,1,0.20701714789579828,0
4449,3,0,0.06684950285625615,0
4450,0,0,0.03190027800512642,0
4451,0,1,0.3827900331271507,0
4452,2,0,0.48695866477855854,0
4453,3,0,0.016803819471376075,0
4454,3,0,0.04038076467034689,0
4455,2,0,0.4337822133672537,0
4456,0,0,0.4160259854905085,0
4457,0,0,0.8680383748027464,1
4458,0,1,0.4645922039549507,0
4459,1,1,0.13635318062423807,0
4460,4,0,0.08060872181234938,0
4461,2,0,0.01835987096984292,0
4462,3,1,0.6386641742521187,1
4463,3,0,0.026985388825870312,0
4464,1,0,0.05900537312101473,0
4465,1,0,0.05900537312101473,0
4466,1,1,0.933178811517676,1
4467,1,1,0.9830651174687555,1
4468,3,1,0.9632752905943301,1
4469,1,1,0.933178811517676,1
4470,3,1,0.9632752905943301,1
4471,2,0,0.11219730599618202,0
4472,4,0,0.4213159227436138,0
4473,0,1,0.06374258146801556,0
4474,1,0,0.04371363472925224,0
4475,1,0,0.025501157727504813,0
4476,4,1,0.707122259809558,1
4477,1,0,0.05891678495275985,0
4478,4,1,0.825641651353274,1
4479,4,1,0.9391251022170942,1
4480,3,0,0.017959883186425517,0
4481,4,0,0.029618406351769457,0
4482,2,1,0.9088067241188138,1
4483,4,1,0.9700399084222887,1
4484,2,1,0.939043197561634,1
4485,2,1,0.939043197561634,1
4486,4,1,0.9396864872148925,1
4487,3,0,0.06464624931665183,0
4488,4,1,0.11156408000503157,0
4489,1,0,0.8116561365799022,1
4490,3,0,0.018549346458960895,0
4491,1,0,0.06596801632767033,0
4492,3,0,0.04289831892063678,0
4493,1,1,0.42944611194482885,0
4494,1,0,0.07208454441296402,0
4495,2,0,0.05837151480027069,0
4496,0,1,0.7254451004451689,1
4497,1,0,0.04719731370825955,0
4498,1,1,0.05185494773945862,0
4499,0,0,0.9940775801616641,1
4500,4,0,0.04491604375838166,0
4501,2,1,0.9733620803667075,1
4502,2,1,0.9733620803667075,1
4503,2,0,0.24303163871870406,0
4504,2,1,0.7436030495498204,1
4505,1,1,0.3668994079841536,0
4506,0,0,0.02895869631092439,0
4507,4,1,0.6511507229781213,1
4508,0,0,0.9342897818335587,1
4509,3,1,0.17381233359553716,0
4510,1,0,0.06451165106674527,0
4511,0,0,0.22112358093874904,0
4512,1,1,0.47638419016197237,0
4513,4,0,0.04561111134700119,0
4514,3,0,0.09130003012767464,0
4515,1,1,0.09938438382096036,0
4516,4,1,0.018630361817774704,0
4517,0,0,0.15241028552470134,0
4518,3,0,0.10938717867947455,0
4519,1,0,0.030864918249822015,0
4520,3,1,0.6577341195944849,1
4521,3,1,0.2569807581313688,0
4522,1,0,0.023000553324801637,0
4523,1,1,0.9947460278634501,1
4524,1,0,0.022870141120651395,0
4525,1,0,0.24005136746462424,0
4526,4,1,0.8646963525238474,1
4527,4,1,0.8553878488145209,1
4528,2,0,0.5549200877825028,1
4529,3,1,0.602683520001068,1
4530,4,0,0.01402879927744074,0
4531,2,0,0.12765927407542885,0
4532,2,0,0.06053067324316676,0
4533,4,0,0.03421515141204358,0
4534,3,0,0.1273860465129615,0
4535,0,0,0.15510968247303622,0
4536,0,0,0.021335915679612606,0
4537,0,1,0.9561961416503688,1
4538,0,0,0.023838490800958543,0
4539,3,0,0.3621847143115699,0
4540,0,0,0.08690390792009929,0
4541,0,0,0.08690390792009929,0
4542,1,1,0.9381947377160729,1
4543,1,1,0.9381947377160729,1
4544,3,0,0.020428647301685948,0
4545,1,0,0.019492938765203263,0
4546,4,0,0.8525803986021234,1
4547,1,0,0.33910639970124196,0
4548,1,1,0.43537980415850525,0
4549,4,0,0.03693709164831764,0
4550,0,0,0.17381201444064448,0
4551,1,0,0.03572448201157627,0
4552,1,1,0.2284463612298548,0
4553,1,0,0.24951488692481844,0
4554,4,0,0.029252241311235834,0
4555,4,0,0.0582157929715453,0
4556,3,0,0.6327188956744939,1
4557,4,0,0.03625685611615608,0
4558,1,1,0.9347574612573433,1
4559,2,1,0.8923140481828542,1
4560,3,0,0.21213182025427213,0
4561,3,1,0.5594505917247723,1
4562,2,0,0.8564816019970083,1
4563,0,1,0.8512680181827214,1
4564,2,0,0.04428005731200057,0
4565,1,0,0.027353094647820986,0
4566,2,0,0.03404905220599488,0
4567,4,0,0.010650330071359283,0
4568,3,1,0.29369027086861327,0
4569,3,1,0.9603129150352695,1
4570,3,0,0.28610469994078264,0
4571,2,1,0.9502724754648333,1
4572,0,1,0.931998317622407,1
4573,0,0,0.1036740330894676,0
4574,4,1,0.570637340697371,1
4575,1,1,0.7116433181166525,1
4576,1,0,0.018005661391412325,0
4577,2,0,0.7436598290031652,1
4578,1,0,0.02513463116431734,0
4579,3,0,0.031232032786296056,0
4580,1,0,0.3165964285304925,0
4581,1,0,0.06094136220736974,0
4582,2,0,0.021263861658300517,0
4583,0,0,0.017068449569801865,0
4584,4,1,0.2823454152956657,0
4585,1,0,0.031155544610423327,0
4586,3,0,0.018333532485898068,0
4587,2,0,0.061769412745143165,0
4588,4,1,0.5255339527900517,1
4589,2,1,0.9423255738013792,1
4590,2,0,0.06021037744733705,0
4591,2,0,0.0273850355689551,0
4592,2,0,0.008321648088108135,0
4593,4,0,0.04630150351660305,0
4594,4,0,0.013486419931758723,0
4595,3,1,0.07133077641116353,0
4596,4,1,0.7215071717734958,1
4597,3,0,0.040581617761786766,0
4598,3,1,0.9632124205583568,1
4599,3,0,0.0362396417030164,0
4600,1,1,0.5457269718135104,1
4601,3,0,0.41274538910941355,0
4602,1,0,0.33290100568153314,0
4603,1,1,0.9890745039443902,1
4604,1,1,0.9890745039443902,1
4605,1,1,0.8157567502763019,1
4606,4,1,0.9581902457502358,1
4607,1,1,0.9211997988841862,1
4608,1,0,0.046188765081861476,0
4609,4,0,0.041797322620402796,0
4610,2,0,0.04622206255731722,0
4611,1,0,0.07577566303177476,0
4612,3,0,0.01770559895960239,0
4613,3,0,0.018099090297083405,0
4614,3,0,0.018099090297083405,0
4615,2,0,0.02404136771283015,0
4616,2,0,0.025897054891151575,0
4617,4,0,0.01503577912438721,0
4618,1,0,0.007754890647277221,0
4619,2,0,0.9267682326530989,1
4620,0,1,0.04363632022576835,0
4621,0,1,0.04363632022576835,0
4622,2,1,0.6746974542896171,1
4623,1,0,0.048740537969353834,0
4624,2,1,0.4525279520801706,0
4625,2,1,0.5394538389763935,1
4626,4,0,0.6372420486368606,1
4627,2,1,0.7320017999867431,1
4628,1,0,0.06070361398494961,0
4629,3,1,0.4540433624077299,0
4630,2,1,0.3160216794665336,0
4631,0,0,0.03271027014932563,0
4632,4,0,0.13706507510697954,0
4633,4,0,0.13706507510697954,0
4634,4,0,0.13706507510697954,0
4635,1,1,0.17890971616928358,0
4636,1,1,0.17890971616928358,0
4637,2,0,0.20480012294708194,0
4638,3,0,0.10728436765829115,0
4639,3,0,0.5274268558687788,1
4640,2,0,0.1272567710884202,0
4641,1,1,0.8336631001590329,1
4642,4,0,0.020207667685025285,0
4643,2,1,0.17464952971423928,0
4644,1,1,0.05928424409178987,0
4645,0,1,0.6233187301804857,1
4646,3,0,0.1318370793505059,0
4647,3,0,0.1318370793505059,0
4648,4,1,0.9339134931410085,1
4649,4,1,0.9339134931410085,1
4650,1,1,0.9676622646255822,1
4651,1,0,0.04532468564548112,0
4652,1,0,0.06552660187728414,0
4653,3,1,0.6386173363442994,1
4654,3,0,0.30760928471949994,0
4655,0,1,0.9234700543121859,1
4656,4,0,0.11053947573705952,0
4657,4,0,0.01083282358879561,0
4658,4,0,0.026757215261885202,0
4659,3,0,0.3192898817121463,0
4660,1,1,0.9820283584748656,1
4661,3,1,0.4718457653856017,0
4662,3,0,0.21107236140725427,0
4663,2,0,0.9668280784736467,1
4664,0,0,0.17279004989977362,0
4665,1,1,0.4220610429410298,0
4666,1,1,0.4220610429410298,0
4667,0,0,0.6426485644179748,1
4668,1,0,0.20884627558546598,0
4669,0,0,0.019291298329154254,0
4670,0,0,0.04477435785440073,0
4671,1,0,0.24618019863743534,0
4672,4,1,0.04172987718977116,0
4673,2,0,0.4781157419180215,0
4674,3,0,0.11106227843298436,0
4675,3,1,0.9183925557767685,1
4676,0,0,0.29250690594144035,0
4677,1,1,0.9183362340583547,1
4678,1,1,0.9208396676993992,1
4679,2,0,0.08074345690037653,0
4680,2,0,0.04053815883367728,0
4681,0,0,0.031722638182993534,0
4682,2,0,0.019358889782722693,0
4683,3,0,0.029297953634708437,0
4684,4,0,0.039701083013301365,0
4685,1,0,0.6237570053198831,1
4686,2,0,0.0346065247022915,0
4687,4,0,0.044877339286712704,0
4688,4,0,0.06294489139544061,0
4689,2,0,0.8368499332935777,1
4690,2,0,0.8368499332935777,1
4691,4,0,0.01889458399989243,0
4692,1,0,0.011771618504766122,0
4693,4,0,0.017000145473470327,0
4694,3,0,0.08534994939183949,0
4695,2,0,0.03071410936631725,0
4696,0,0,0.15746807121867004,0
4697,2,1,0.015154491183047146,0
4698,0,0,0.15746807121867004,0
4699,1,0,0.13522851320071771,0
4700,4,0,0.13127451292016912,0
4701,0,0,0.020157422141314777,0
4702,0,0,0.020157422141314777,0
4703,4,0,0.004172523264107553,0
4704,3,0,0.018144689446600148,0
4705,0,0,0.026806361178665146,0
4706,0,0,0.007191091678417777,0
4707,0,0,0.09441824169502244,0
4708,0,0,0.07582895627825297,0
4709,2,0,0.03138509928230426,0
4710,3,0,0.03738625220431875,0
4711,0,0,0.02517916873339533,0
4712,1,0,0.012098407323872911,0
4713,2,0,0.008932458427978634,0
4714,1,0,0.012098407323872911,0
4715,1,0,0.020041913093523035,0
4716,3,0,0.040172854013435406,0
4717,1,1,0.5341569880707753,1
4718,1,0,0.39531343049338913,0
4719,4,0,0.04248299395223964,0
4720,2,0,0.27709417359027205,0
4721,3,1,0.9399015134033452,1
4722,2,0,0.031134700388155398,0
4723,3,0,0.0057280889389295575,0
4724,4,0,0.09388756764915773,0
4725,4,0,0.11497400839476683,0
4726,1,0,0.011389146281304394,0
4727,0,0,0.28664435326648746,0
4728,0,1,0.04269458275284515,0
4729,4,1,0.3584475254898624,0
4730,4,0,0.9328519469629337,1
4731,1,0,0.09725104749265175,0
4732,3,0,0.07433221370473722,0
4733,2,0,0.02953370330591776,0
4734,4,0,0.06744057336375163,0
4735,4,1,0.9902040963723534,1
4736,4,0,0.805853920129691,1
4737,2,1,0.9774309929671683,1
4738,0,0,0.2587897619715512,0
4739,4,0,0.13386136289421796,0
4740,3,0,0.7160221879319992,1
4741,0,0,0.7103541536982069,1
4742,3,0,0.04321105480834908,0
4743,4,0,0.34488587613264154,0
4744,0,0,0.1056712136962508,0
4745,3,0,0.06523677853979191,0
4746,0,0,0.49687947182989983,0
4747,4,0,0.4377350050333798,0
4748,3,1,0.4407054457058108,0
4749,4,0,0.02159178359240368,0
4750,4,0,0.025041848781331158,0
4751,1,0,0.01403163314788563,0
4752,0,1,0.9224651740729226,1
4753,2,1,0.3724338978073515,0
4754,2,0,0.05523787879236024,0
4755,4,1,0.5782811037903587,1
4756,3,0,0.5578498278416165,1
4757,3,1,0.17539706347363415,0
4758,3,0,0.17534173715826618,0
4759,3,1,0.31463632564519195,0
4760,3,1,0.9037779362648636,1
4761,3,1,0.9266769258610382,1
4762,0,0,0.028890484533136626,0
4763,2,1,0.8473139372358905,1
4764,0,0,0.01805892112566819,0
4765,4,0,0.29614674359017545,0
4766,0,0,0.02194032204384471,0
4767,4,0,0.019680504734305347,0
4768,0,0,0.3810141483621527,0
4769,0,1,0.8484455984485597,1
4770,4,1,0.39654729266279837,0
4771,0,0,0.19628441415974543,0
4772,1,0,0.020782767845742848,0
4773,0,0,0.13606695491349544,0
4774,3,0,0.01281807350537812,0
4775,4,1,0.04522333803495536,0
4776,1,0,0.0719917540659764,0
4777,4,0,0.022324035321395208,0
4778,1,0,0.023702616856252395,0
4779,0,0,0.015446582501038916,0
4780,0,0,0.014503329311930373,0
4781,3,0,0.02695345712601526,0
4782,3,0,0.02695345712601526,0
4783,1,0,0.018470652024751698,0
4784,3,0,0.014839607570655998,0
4785,4,0,0.644357354963121,1
4786,3,0,0.2780090567976575,0
4787,1,0,0.09577576060740112,0
4788,2,0,0.029175404586329754,0
4789,3,1,0.20564673768095001,0
4790,4,0,0.008818268365405897,0
4791,2,1,0.8023190072596194,1
4792,3,0,0.004553979832359777,0
4793,1,1,0.9171864604115703,1
4794,0,0,0.063011744811507,0
4795,4,0,0.05821686121163108,0
4796,2,0,0.019540548432695568,0
4797,4,0,0.27060708285973,0
4798,1,0,0.07360811402996702,0
4799,1,0,0.31721489879210096,0
4800,1,0,0.08902788795175608,0
4801,1,0,0.08233754912525164,0
4802,2,1,0.611353876349699,1
4803,2,0,0.07337916709851697,0
4804,1,0,0.06772613213036036,0
4805,1,0,0.07367073864100891,0
4806,4,0,0.02629782851727186,0
4807,0,0,0.022200877753446473,0
4808,3,0,0.02665367487059955,0
4809,1,0,0.013501789945725526,0
4810,1,0,0.013448229832926418,0
4811,1,0,0.013448229832926418,0
4812,4,0,0.022510173798998043,0
4813,3,0,0.040775176554335095,0
4814,3,0,0.040775176554335095,0
4815,4,0,0.022510173798998043,0
4816,4,0,0.022510173798998043,0
4817,4,0,0.8361710456465179,1
4818,3,1,0.05773308386527895,0
4819,1,0,0.101367948794645,0
4820,0,0,0.007878992297557043,0
4821,3,0,0.01017711460935744,0
4822,0,0,0.007878992297557043,0
4823,3,0,0.01017711460935744,0
4824,3,0,0.01017711460935744,0
4825,3,0,0.01017711460935744,0
4826,0,0,0.017315065540616074,0
4827,0,0,0.017315065540616074,0
4828,3,0,0.050658287179177204,0
4829,2,0,0.011730981261027987,0
4830,2,0,0.023076125617308315,0
4831,2,0,0.023076125617308315,0
4832,2,0,0.023076125617308315,0
4833,1,0,0.0210377960568008,0
4834,1,0,0.4301244915251421,0
4835,2,0,0.028855406626807367,0
4836,1,0,0.019922308073258326,0
4837,2,0,0.10041991043932165,0
4838,2,0,0.07337916709851697,0
4839,1,0,0.07367073864100891,0
4840,3,0,0.10983161060517349,0
4841,0,0,0.042769350512458296,0
4842,0,1,0.49899603945240145,0
4843,0,1,0.49899603945240145,0
4844,0,1,0.49899603945240145,0
4845,0,1,0.49899603945240145,0
4846,2,1,0.7530628936352594,1
4847,3,0,0.03520789323644696,0
4848,2,0,0.35319155143917863,0
4849,4,0,0.04592967777585382,0
4850,3,0,0.021254261176802475,0
4851,0,1,0.9753282557368408,1
4852,3,1,0.9841334272034109,1
4853,2,1,0.7950931156206336,1
4854,3,0,0.057626264372720795,0
4855,1,0,0.13226219028652006,0
4856,4,0,0.0506425696448043,0
4857,4,0,0.0506425696448043,0
4858,1,1,0.17630480824352365,0
4859,2,0,0.030231141984379793,0
4860,2,0,0.030231141984379793,0
4861,3,0,0.011215943836013422,0
4862,1,0,0.1531549680990257,0
4863,3,0,0.04305902772174621,0
4864,2,0,0.07163752856504006,0
4865,2,1,0.9716035589983723,1
4866,4,1,0.10783438838469173,0
4867,4,1,0.8763685054042849,1
4868,4,1,0.8763685054042849,1
4869,2,0,0.31925401793689556,0
4870,3,1,0.8809153475461469,1
4871,1,1,0.9758466185592058,1
4872,1,0,0.014343920759311832,0
4873,0,0,0.03214364496340773,0
4874,1,0,0.3792825888471366,0
4875,2,0,0.033682922356871585,0
4876,4,0,0.6525376833634149,1
4877,1,0,0.04667803346937141,0
4878,2,0,0.06523865115808472,0
4879,4,1,0.9172870786311413,1
4880,0,0,0.07432127887927972,0
4881,2,0,0.1051620680986804,0
4882,1,1,0.9598310724972553,1
4883,0,0,0.03331865064244447,0
4884,3,0,0.023708403566449127,0
4885,3,0,0.3483698981593796,0
4886,1,1,0.32600721911108627,0
4887,2,1,0.5291934792776309,1
4888,1,0,0.02105143404221232,0
4889,0,0,0.03636094647689531,0
4890,0,0,0.047725071305375025,0
4891,4,0,0.057585039263694925,0
4892,3,0,0.05752101212009348,0
4893,4,0,0.6507811908134049,1
4894,1,0,0.02761836798925992,0
4895,3,1,0.19898969790651103,0
4896,3,1,0.010329116538720881,0
4897,3,1,0.010329116538720881,0
4898,3,1,0.010329116538720881,0
4899,2,0,0.4404302288238127,0
4900,0,0,0.1613827049438019,0
4901,1,0,0.023762180702916077,0
4902,4,0,0.02068395576255846,0
4903,2,0,0.0051672393379545494,0
4904,3,0,0.006727006732309737,0
4905,2,0,0.0051672393379545494,0
4906,3,0,0.006727006732309737,0
4907,3,0,0.006727006732309737,0
4908,3,1,0.010329116538720881,0
4909,3,0,0.025806687242513573,0
4910,2,0,0.013147221548822165,0
4911,1,0,0.03688071756625401,0
4912,1,0,0.03909032315755486,0
4913,1,0,0.03909032315755486,0
4914,4,0,0.007816077745572135,0
4915,2,1,0.6177643564925687,1
4916,2,0,0.020094921131800888,0
4917,1,0,0.03708110395154012,0
4918,1,1,0.8146200333774005,1
4919,3,1,0.3564711521220751,0
4920,2,1,0.954236553489501,1
4921,2,0,0.015591677329458101,0
4922,2,0,0.016840190358291134,0
4923,0,1,0.9660871486786575,1
4924,1,1,0.8794303997654628,1
4925,1,1,0.8794303997654628,1
4926,4,0,0.030679918669920668,0
4927,4,0,0.8221504892807983,1
4928,4,1,0.5523449093847661,1
4929,1,0,0.052989260195520076,0
4930,4,1,0.6996312681801786,1
4931,0,1,0.7409612372132662,1
4932,3,1,0.577348992135867,1
4933,0,0,0.4743432752870004,0
4934,3,0,0.623615897632207,1
4935,2,0,0.048847972125311015,0
4936,4,0,0.020343278525805635,0
4937,4,0,0.020343278525805635,0
4938,3,0,0.0293396938474426,0
4939,3,0,0.4121117118981176,0
4940,1,0,0.035433859086729705,0
4941,0,0,0.09521475091311009,0
4942,1,0,0.08125710088861347,0
4943,0,0,0.14525518349044422,0
4944,1,1,0.5706388449474443,1
4945,3,0,0.4432778044372581,0
4946,0,0,0.05313671143482064,0
4947,4,1,0.98799978019484,1
4948,4,0,0.05750949343944218,0
4949,2,0,0.021916155107338058,0
4950,0,0,0.9112441790637056,1
4951,0,1,0.36011757630244823,0
4952,3,1,0.4248882166313342,0
4953,3,1,0.6195754244887519,1
4954,1,0,0.8535450900821646,1
4955,0,1,0.9868004428658379,1
4956,2,1,0.32570390341933614,0
4957,1,0,0.050975329632450134,0
4958,2,1,0.9032502566703181,1
4959,4,0,0.34417080394839467,0
4960,2,0,0.023119438221773987,0
4961,3,1,0.850552842780967,1
4962,2,1,0.341843061525859,0
4963,2,0,0.4960135215928765,0
4964,2,0,0.4960135215928765,0
4965,0,0,0.03036262587963238,0
4966,0,0,0.3480288908222586,0
4967,3,0,0.536886566459736,1
4968,0,1,0.6103992758713747,1
4969,1,0,0.09563623546652797,0
4970,4,1,0.3606648598555923,0
4971,2,0,0.11097573601875223,0
4972,2,0,0.016474250688631877,0
4973,2,0,0.009965190616511804,0
4974,0,0,0.5612055577933273,1
4975,4,0,0.08711100233295374,0
4976,4,0,0.08847545176281363,0
4977,2,0,0.6045369181893199,1
4978,2,0,0.6045369181893199,1
4979,2,0,0.6045369181893199,1
4980,0,0,0.24079651899608887,0
4981,3,1,0.9221608183182238,1
4982,4,0,0.07923858557190293,0
4983,0,1,0.08603795413108196,0
4984,2,0,0.4558771485385732,0
4985,1,0,0.006898886929434543,0
4986,2,0,0.4558771485385732,0
4987,2,0,0.16527167375567514,0
4988,3,0,0.019053907553425106,0
4989,3,0,0.024088927237957514,0
4990,3,0,0.153285169704754,0
4991,0,0,0.013753388953522691,0
4992,0,0,0.02706005200214649,0
4993,0,1,0.31065106501281203,0
4994,1,1,0.08622368504697892,0
4995,1,1,0.9723680007988132,1
4996,1,1,0.7759970084553043,1
4997,1,0,0.03754326701071906,0
4998,2,0,0.02550109388780492,0
4999,2,0,0.7111866947243052,1
5000,4,1,0.8702639510266085,1
5001,2,1,0.17505273718814096,0
5002,3,0,0.029087632271515826,0
5003,1,1,0.9454841220200264,1
5004,4,0,0.023920676077521973,0
5005,1,1,0.043584216647925264,0
5006,1,1,0.043584216647925264,0
5007,0,0,0.01846103884956376,0
5008,2,0,0.045952240155605534,0
5009,0,0,0.04585404342007262,0
5010,2,0,0.039305791965440186,0
5011,4,0,0.010233229852786067,0
5012,0,0,0.019880328866499826,0
5013,0,0,0.03540064970708434,0
5014,3,1,0.8226647432804018,1
5015,2,1,0.8960054019629509,1
5016,4,0,0.05801377215287907,0
5017,0,0,0.07380428389759494,0
5018,3,0,0.020132139491923107,0
5019,4,0,0.01739409818010911,0
5020,3,0,0.02080876283814216,0
5021,3,0,0.02080876283814216,0
5022,3,0,0.023853567046892656,0
5023,0,0,0.02537557940640356,0
5024,3,0,0.014768437225730699,0
5025,3,1,0.9336364489075181,1
5026,4,1,0.9856985400176708,1
5027,4,1,0.9856985400176708,1
5028,2,1,0.8283955848130811,1
5029,1,0,0.6182599229288344,1
5030,4,0,0.03953786387622029,0
5031,1,0,0.027274244960528923,0
5032,4,0,0.1624066920504504,0
5033,4,1,0.7717679725225293,1
5034,0,1,0.23860175526875904,0
5035,3,0,0.8863009607585051,1
5036,3,0,0.014943682176474661,0
5037,1,0,0.015734676130535644,0
5038,0,0,0.02475331876305376,0
5039,2,0,0.00797993804811075,0
5040,2,0,0.024071567588859623,0
5041,4,0,0.17942568631459568,0
5042,1,0,0.04681633562980519,0
5043,4,0,0.014378326393046337,0
5044,1,1,0.9604290065586286,1
5045,3,1,0.8867265273953087,1
5046,2,1,0.8115360813408166,1
5047,3,1,0.8541033327348999,1
5048,2,1,0.9581977923387701,1
5049,1,0,0.4955546280925777,0
5050,3,1,0.32245425870089506,0
5051,1,0,0.11782202048674788,0
5052,4,0,0.5925644809350389,1
5053,4,0,0.5925644809350389,1
5054,4,0,0.5925644809350389,1
5055,4,0,0.5925644809350389,1
5056,4,0,0.5925644809350389,1
5057,4,0,0.5925644809350389,1
5058,0,0,0.07697727213580956,0
5059,4,1,0.20241367214859393,0
5060,1,0,0.7808539687446575,1
5061,3,0,0.01880259234348282,0
5062,4,0,0.022964425083095503,0
5063,1,0,0.021841132652981012,0
5064,3,0,0.013356671788925219,0
5065,0,1,0.807677397299008,1
5066,0,1,0.807677397299008,1
5067,4,1,0.039519321687781474,0
5068,1,0,0.6405273517983864,1
5069,0,0,0.07810352480841772,0
5070,0,0,0.07810352480841772,0
5071,3,0,0.1935121161780202,0
5072,1,1,0.7370623655406333,1
5073,3,0,0.030069088063622063,0
5074,1,1,0.14430209055069845,0
5075,0,1,0.5235167092031785,1
5076,3,0,0.09147759426172554,0
5077,2,0,0.12176213617009951,0
5078,2,0,0.12176213617009951,0
5079,2,0,0.12176213617009951,0
5080,2,1,0.3694604358653842,0
5081,4,1,0.8680706292543064,1
5082,4,0,0.8680706292543064,1
5083,1,0,0.0712069943173074,0
5084,4,1,0.30845105569187287,0
5085,3,1,0.5615118503566203,1
5086,1,0,0.04359362265005827,0
5087,2,0,0.29498544894701867,0
5088,2,0,0.05662865575939173,0
5089,4,0,0.02082727411377635,0
5090,0,0,0.007284634236006011,0
5091,4,0,0.029218514598114274,0
5092,1,0,0.029878254720412487,0
5093,3,0,0.014492941044668535,0
5094,2,1,0.41197308118419257,0
5095,0,0,0.03643840645242806,0
5096,4,1,0.5639426025074737,1
5097,0,0,0.9064826627171292,1
5098,0,0,0.07364899348412667,0
5099,1,0,0.025491165050161232,0
5100,0,0,0.07364899348412667,0
5101,0,0,0.07364899348412667,0
5102,3,0,0.6551586206878391,1
5103,4,1,0.18440538711599055,0
5104,4,1,0.47883396133230505,0
5105,2,1,0.4801306299409134,0
5106,3,1,0.7019651208356511,1
5107,0,1,0.3694250697113023,0
5108,4,1,0.49517386766754756,0
5109,3,0,0.6255329325267182,1
5110,0,1,0.5956044407346,1
5111,4,1,0.9167035102994205,1
5112,2,0,0.35408736899143417,0
5113,1,0,0.986764676928759,1
5114,2,1,0.41377238258900595,0
5115,3,0,0.04548589348363068,0
5116,2,0,0.06075846165185653,0
5117,2,0,0.23590881059006608,0
5118,3,1,0.6988824856629949,1
5119,1,0,0.5542132684043671,1
5120,0,0,0.14598853693791627,0
5121,4,0,0.0670232275733972,0
5122,4,0,0.01286056456170577,0
5123,1,0,0.8461452751994368,1
5124,2,1,0.048455721073009966,0
5125,0,0,0.03455018441937371,0
5126,1,0,0.23839818742126573,0
5127,2,0,0.03239872788120842,0
5128,3,0,0.13646695453616123,0
5129,2,1,0.1293137795991084,0
5130,1,0,0.61080721265349,1
5131,0,1,0.936370371266876,1
5132,4,0,0.038152842318789654,0
5133,1,0,0.033267789883561875,0
5134,0,1,0.10417742349243996,0
5135,4,0,0.41666370035416184,0
5136,1,1,0.13922463097037865,0
5137,4,0,0.12182425519087094,0
5138,1,0,0.25899357429985376,0
5139,2,0,0.6411856205356646,1
5140,4,0,0.5887364399287494,1
5141,3,0,0.03495608994753258,0
5142,0,0,0.8994371068844726,1
5143,0,0,0.9027133571477625,1
5144,2,0,0.011805093668981172,0
5145,0,1,0.9157011429622192,1
5146,1,0,0.2330013872451308,0
5147,2,1,0.928031929709177,1
5148,0,0,0.8570446343876312,1
5149,4,0,0.25337406062997214,0
5150,2,1,0.18558135300348738,0
5151,2,1,0.835109070566378,1
5152,2,0,0.26259857125479935,0
5153,1,1,0.711252961870545,1
5154,2,0,0.147858122645858,0
5155,4,0,0.935631999103985,1
5156,1,1,0.40001352326161954,0
5157,0,1,0.3689091637140399,0
5158,0,0,0.07539974690467753,0
5159,2,0,0.044826763199073236,0
5160,3,0,0.39191055460457475,0
5161,4,0,0.1740064931768589,0
5162,0,1,0.9209935285028145,1
5163,3,1,0.9259535045000834,1
5164,4,1,0.8238672154576631,1
5165,3,0,0.026158171233328545,0
5166,1,0,0.19552536390371494,0
5167,0,0,0.260112233547265,0
5168,2,0,0.13115846469421938,0
5169,3,1,0.041604543438435664,0
5170,3,0,0.0612682773418024,0
5171,2,0,0.03964782211086368,0
5172,0,0,0.08938727313419186,0
5173,1,0,0.01964803020530017,0
5174,3,0,0.12313480308503179,0
5175,2,0,0.21856791536666081,0
5176,0,0,0.06805077347598854,0
5177,3,0,0.5157892149289728,1
5178,3,0,0.7059240202925863,1
5179,4,0,0.02156105015606407,0
5180,4,1,0.04906938137846548,0
5181,1,1,0.26553463205392625,0
5182,2,1,0.11270716792494868,0
5183,3,1,0.4439077001540144,0
5184,3,1,0.5597001855738052,1
5185,4,1,0.4583969465165322,0
5186,4,1,0.10638489587918995,0
5187,0,0,0.46365813202182204,0
5188,1,1,0.3500289118825683,0
5189,1,0,0.05416826286597503,0
5190,2,0,0.036188262191305685,0
5191,4,0,0.06401987631329822,0
5192,4,0,0.05203341548901598,0
5193,1,0,0.02765639388612852,0
5194,2,0,0.03849560552469758,0
5195,4,0,0.04370421585002545,0
5196,0,0,0.12869329001567134,0
5197,3,0,0.03560231112091978,0
5198,0,0,0.10743720399608589,0
5199,4,1,0.012427255529043413,0
5200,1,0,0.2688233602830422,0
5201,0,0,0.6020461786872382,1
5202,3,0,0.1741747703010162,0
5203,0,0,0.30893942098384203,0
