feature_name,mean_abs_shap,mean_shap,rank,percentage_total_abs_shap
geo:signed_tetra_volume,0.4057692347794016,-0.0033376577262444434,1,6.071169021240617
ECFP_1412,0.2121232087242473,0.07402564663806713,2,3.1738134464357457
geo:signed_dihedral_subst_c_rn1_rn2,0.15214217150857007,-0.00017795860852601284,3,2.2763698164284705
geo:baseline_pm_dihedral_sin,0.15032381697281413,-0.0019522985815327804,4,2.249163373009675
dihedral,0.09409603281844843,0.004438437714487622,5,1.4078763752988317
geo:signed_dihedral_NS_path,0.0940700942668968,-0.004428698035364498,6,1.4074882795115262
sPAS_0,0.08216979071275186,0.0012562957647708674,7,1.2294344792509846
3D_Sphero,0.07637489126531782,0.0021731497024482047,8,1.1427304835042575
PAS_5,0.07548037424438163,-0.01097880959808899,9,1.1293466102063405
solvent_code,0.07460613485921923,0.0009464928369534578,10,1.1162661333800676
PAS_10,0.07191022446309163,-0.007081839123028581,11,1.075929591626456
sPAS_10,0.07123983918541918,-0.0011517186898529932,12,1.0658992049405027
PAS_15,0.06255864039444176,-0.006602781229286829,13,0.9360100446751441
MACCS_129,0.05610843461941278,0.001429196225669725,14,0.8395012753415771
ECFP_492,0.05490453622918107,0.005872538495942067,15,0.8214884000789421
ECFP_1465,0.054667016106819045,0.010293297443188557,16,0.8179345948980501
3D_RoG,0.05333048053920014,-0.0007140889757279386,17,0.7979371859315336
TPSA,0.052592674194928815,0.0033010634657994024,18,0.7868980369841029
geo:baseline_pm_dihedral_cos,0.052102017590694404,-0.0007895047948178992,19,0.7795567727374071
geo:subst_to_ringplane_signed_dist,0.051723908182899084,-0.0028057683942449697,20,0.7738994534374494
ECFP_1342,0.05157753964237718,-0.006779577042225481,21,0.771709469395451
3D_Ecc,0.050442335032962735,-0.0027120697556750196,22,0.7547243989004112
MolLogP,0.04891929223841885,-0.0005793984861800516,23,0.731936445946596
ECFP_429,0.04701476645022089,-0.006913847095165443,24,0.7034406976877428
sPAS_5,0.045361399790403156,-0.002675832942234728,25,0.6787028230894021
geo:ringnormal_dot_substvec,0.0451418269657591,-0.000403752951693854,26,0.6754175475765605
3D_NPR2,0.04257903456941282,0.002452625045761453,27,0.6370727336504199
3D_NPR1,0.04217668117150261,0.006618299695390964,28,0.6310526727990561
ECFP_1419,0.039722139296252096,-0.0007381856995262819,29,0.5943275164365727
ECFP_373,0.039345367029296856,0.0028026156611596974,30,0.5886902036017422
MolWt,0.03866879333312733,0.003413956121164415,31,0.5785672250397923
MACCS_62,0.036539595537241745,0.0003953887423935847,32,0.5467099066664513
3D_Asph,0.036263446327924616,-0.0024772438757265296,33,0.5425781283522139
3D_ISF,0.03557728269323383,-0.0057631666454453995,34,0.5323116639547804
3D_PMI3,0.03531377634910407,-0.001986962674820518,35,0.528369049738967
PAS_0,0.03518472544195883,-0.0032009716596467976,36,0.5264381742499735
3D_PMI2,0.032863243877893064,0.0054645151037690555,37,0.49170388257110925
sPAS_15,0.03254127659499017,-0.0002679631119582305,38,0.486886568624487
ECFP_1691,0.03115138561225351,-0.0013727215292449815,39,0.46609084939781864
3D_PMI1,0.031046889202959373,0.0032828960756363943,40,0.46452736131503597
ECFP_1359,0.02928445716273532,-0.001209905476952393,41,0.4381576371281659
ECFP_1483,0.02857559749784091,0.0058435459098020335,42,0.4275515919452341
MACCS_118,0.027798887256255216,-0.0018082702269735151,43,0.4159303581181822
ECFP_1214,0.025912983689313492,0.002196494425757235,44,0.3877132378160764
pm_code,0.025730605550851757,0.00025350955127880425,45,0.38498447375641975
ECFP_1325,0.025725107237412535,-0.0021774479220659873,46,0.384902207316877
ECFP_1575,0.02490264645581459,-0.003518805059264728,47,0.37259644830304395
ECFP_301,0.024321668291870845,0.0013336089465344322,48,0.36390378181030175
ECFP_937,0.023972375254404626,0.0004846582024023696,49,0.3586776165748994
MACCS_128,0.02387544036379091,0.00010334278737850635,50,0.35722726486134154
ECFP_1279,0.023761322093659578,-0.000576411397010581,51,0.3555198133174719
ECFP_36,0.022484825382812254,-0.0010155274022156755,52,0.33642071308424437
MACCS_150,0.02225065396211699,-0.000861673946497758,53,0.33291701158810233
ECFP_1464,0.022244883831206107,-0.00016107238860388811,54,0.3328306781822351
ECFP_445,0.022237520704895465,-0.002025564321531909,55,0.3327205101839615
ECFP_762,0.02218619325182815,-0.0024108808576182067,56,0.33195254254055234
ECFP_861,0.022079669649319036,-0.001237144864946672,57,0.33035872334443744
ECFP_1216,0.02167770366324162,-0.0009944339410519255,58,0.3243444589963964
ECFP_1935,0.021220668416569204,-0.0036166746849327393,59,0.3175062416221267
ECFP_1749,0.020393158839606844,0.0006871156481073634,60,0.3051249419132784
ECFP_1832,0.0201892705307997,0.00020022858424192968,61,0.30207434004865935
MACCS_125,0.020046968365888627,-0.0011706638740514525,62,0.2999451976169191
MACCS_82,0.019813371757361052,-0.001242827297821699,63,0.2964500965308782
ECFP_1844,0.019469391949438405,-0.0030213217353602328,64,0.29130342848708823
MACCS_57,0.019410276822568913,0.0017354819088682394,65,0.2904189407138052
ECFP_981,0.01929127655244544,-0.0014331428265230836,66,0.2886384440877225
ECFP_83,0.01895404866614154,-0.0060033522057101035,67,0.2835927991226976
ECFP_1114,0.01892820529098256,-0.001240912037565716,68,0.2832061273762435
ECFP_231,0.018857222817324912,-0.002962842495349065,69,0.28214407890587184
NumRotBonds,0.018807877617231777,-0.0006510155632453309,70,0.28140576997440436
MACCS_79,0.018627746894510622,-0.0015239268215761395,71,0.2787106320244982
ECFP_1765,0.018535209703406604,-0.0003740720956117331,72,0.27732607922998
NumAromRings,0.01828484117002413,-0.001467557026423917,73,0.273580034548718
NumHDonors,0.018154051930422316,0.0021302143675162874,74,0.27162314991646186
ECFP_771,0.018002775468461966,0.002312541362995813,75,0.2693597329523939
ECFP_1396,0.017953314375454697,0.0011083357089667252,76,0.2686196900169414
MACCS_120,0.017861976310297917,-0.0032774435415231073,77,0.2672530786918089
ECFP_357,0.01774615310308149,0.0018655744350654674,78,0.26552011767031747
RingCount,0.017326150989228423,-0.0017910020801278981,79,0.25923599456801627
ECFP_1881,0.017097547176509013,0.0027350730670086124,80,0.2558155963047667
ECFP_82,0.016963993048442264,-0.0007761346227519921,81,0.25381734307243764
ECFP_656,0.016737005824175918,-0.0008607548436686064,82,0.25042113240374947
ECFP_1772,0.01647654845533229,0.0006814346573320245,83,0.24652413732984507
PAS_6,0.015876345584857444,-0.002534232120715808,84,0.2375438284218333
ECFP_1776,0.01578124711002693,-0.0026610845211113817,85,0.23612095338629213
ECFP_1696,0.01558321318057137,0.0004587102818606035,86,0.23315794546303553
ECFP_1321,0.015357784515901106,0.0014089252571323724,87,0.22978505415403866
ECFP_1853,0.015262147319621382,0.0015945945634550788,88,0.2283541187021495
ECFP_1908,0.014575456722176371,0.0001431104937367502,89,0.21807976982340357
ECFP_65,0.014369254482835606,0.00045895754721559897,90,0.21499454664654863
ECFP_1437,0.014340212052731529,0.0014356913371245442,91,0.21456001024793458
MACCS_90,0.014171822977209713,-0.00042364432686519706,92,0.21204055226246363
NumHAcceptors,0.013992461765461515,0.0005663631590993178,93,0.20935692783004495
ECFP_1905,0.013943516899990164,-0.0005635560194316668,94,0.208624608754253
ECFP_1929,0.013719801547927304,0.005635908908534004,95,0.20527735223846919
ECFP_389,0.013412398703040104,0.0012848854729238621,96,0.20067795319843348
ECFP_129,0.013369444582849015,0.002259397921243884,97,0.2000352683877416
PAS_18,0.013322014529806681,-0.003513188781293338,98,0.19932561412116576
ECFP_1137,0.013213731665781395,-0.0031512385092052537,99,0.19770547263863336
ECFP_1197,0.013168617544105747,0.003982096469040571,100,0.19703046962100296
ECFP_1047,0.013090925010203995,-0.0001556260306546099,101,0.19586802440688406
sPAS_18,0.01302301363712865,-0.0012066870898451907,102,0.19485192611981433
sPAS_9,0.012839327393507445,-0.0038315016572980226,103,0.19210359003044225
ECFP_1629,0.012834926948890829,0.0009994140045981531,104,0.19203775003877654
ECFP_1622,0.012656777018856683,0.001017543606440925,105,0.18937224895181637
MACCS_99,0.012567692859569162,7.327900846520275e-06,106,0.18803936084253503
PAS_13,0.012537704406503314,-0.0008205570978203326,107,0.1875906699324238
ECFP_380,0.01247698471697312,-0.0012439475664180993,108,0.18668217449595859
ECFP_753,0.012332389421300141,-0.0023390685416171553,109,0.18451872196071606
ECFP_1489,0.012224978537524862,-0.0014582886474277185,110,0.18291162715355289
ECFP_66,0.012090791671483707,0.0005920806306827758,111,0.1809039068181033
ECFP_1088,0.012035456357637569,-0.0003533148954124269,112,0.18007597307052398
ECFP_1478,0.01166046625845255,-0.000943069102128101,113,0.1744653252482914
ECFP_1655,0.011619605755692382,-0.0004929328872844144,114,0.1738539653981916
ECFP_131,0.011600506051976761,-0.0002418499339613729,115,0.17356819329036732
MACCS_132,0.011600371228609036,0.0009741177984542438,116,0.17356617604661564
ECFP_1942,0.01154241061500384,-0.001068736741451377,117,0.1726989622422885
MACCS_147,0.01146361834142579,-0.0015479074436463383,118,0.1715200625883504
ECFP_2045,0.01142667880850605,-0.00043452109395651954,119,0.17096736876955126
ECFP_1860,0.011398385977684836,0.0016277924495566502,120,0.17054404796727718
ECFP_1601,0.01132786944245829,2.8551360354358154e-05,121,0.16948897092481638
ECFP_1078,0.011213002785849479,-0.0012583730377709553,122,0.16777032193074953
MACCS_143,0.011177093665156474,-0.0005208294095561034,123,0.16723304526597263
ECFP_943,0.011176844609203382,0.005015001240110834,124,0.16722931886027853
ECFP_650,0.011171381108487798,0.00032969867327418685,125,0.16714757329297347
ECFP_1039,0.010885560125547304,-0.00038241611103446293,126,0.16287108471642514
sPAS_1,0.010763926784564913,0.0005095196519853064,127,0.16105119176144603
ECFP_1348,0.010649145608395829,0.0007433629100325325,128,0.15933382173619473
MACCS_155,0.010629472479403188,0.0005274340251545153,129,0.15903946996909754
ECFP_875,0.010477566932864809,0.0006107887315552411,130,0.15676664056447348
ECFP_1797,0.010412671950801358,-0.0009622051788337071,131,0.15579567388940807
ECFP_294,0.01033495695333308,-0.0008687496942910263,132,0.15463289257265372
ECFP_537,0.010294551283740246,0.00024586700258502565,133,0.1540283379921472
ECFP_1425,0.010272872439005378,0.0013512550529257092,134,0.1537039764602973
ECFP_988,0.010249034639467646,-0.0008848095932504831,135,0.15334731238208865
ECFP_1819,0.010241285774620827,-0.0005389671251061145,136,0.15323137291656128
PAS_2,0.010214194962256578,-0.00033309708605906653,137,0.15282603686175786
ECFP_1740,0.010027752590447643,-0.000785250659682602,138,0.15003646324465403
ECFP_80,0.009888777303950054,0.000578456679265999,139,0.14795709797547363
MACCS_97,0.009870919268700597,0.0005176147910253183,140,0.14768990386341713
MACCS_91,0.009821774122309656,0.0006985855896925023,141,0.14695458815996013
MACCS_74,0.009768888995947947,0.001117871762245696,142,0.1461633144178142
MACCS_121,0.00944630868762525,-5.03209532936531e-05,143,0.14133682830972932
ECFP_49,0.009308607663071117,-0.0010128655958558457,144,0.13927652870391855
ECFP_1496,0.00921128585928387,0.00038286595709329457,145,0.13782038794803886
ECFP_206,0.009157878881114198,0.0013316634799905112,146,0.1370213061951848
ECFP_352,0.009154363914218335,-0.00011930074916267367,147,0.13696871482969977
ECFP_1607,0.009130071311099209,-0.00033687021008054743,148,0.13660524592456627
ECFP_858,0.009113404356785412,0.0012068422513324818,149,0.13635587291144624
ECFP_333,0.009058182381094987,0.00036947910185762566,150,0.13552963494324324
ECFP_1024,0.009042060373491706,0.0010519387730933331,151,0.13528841548959378
ECFP_1803,0.009016409908093784,0.00026239287050602606,152,0.13490463008262737
ECFP_1602,0.008988489973741567,-0.0012947155300428697,153,0.13448688860302405
ECFP_1065,0.008911299148998096,-0.0002465541517761914,154,0.13333195002282008
MACCS_127,0.008851725818796277,0.0002843243538133331,155,0.1324406065551221
MACCS_123,0.008741267295356615,6.83896482830026e-05,156,0.13078791258978628
ECFP_1944,0.008713676296639347,0.001967950264581481,157,0.13037509268546693
MACCS_109,0.008712151522690227,0.0016787815347641493,158,0.1303522788307662
ECFP_925,0.008697173341759403,0.00021193342593793708,159,0.1301281734519757
ECFP_2039,0.00868888341322851,-0.0015502410565417207,160,0.13000413852529522
ECFP_1186,0.00830221368645608,0.0003315648490311047,161,0.1242187386836621
ECFP_1778,0.008294447555044085,-0.0016579724039784212,162,0.12410254087367036
ECFP_1738,0.008290631286130053,0.0004874508656915252,163,0.12404544139046239
ECFP_242,0.008267894763852089,-0.00015310539969048772,164,0.12370525475758529
ECFP_250,0.008265412139828215,-0.0004410100906289582,165,0.12366810943267338
ECFP_470,0.008201808583715537,3.8611536613889744e-05,166,0.1227164652309587
ECFP_794,0.008183018229989897,-0.000599195650068834,167,0.12243532165559798
ECFP_612,0.00816913891767715,7.191752707863438e-05,168,0.12222765768374688
MACCS_98,0.008149551020309264,-0.000788554728763961,169,0.12193458116266515
ECFP_1185,0.008104201018886655,-0.00044885739299207827,170,0.12125604888335163
ECFP_26,0.007999451154360893,0.0007129483092469602,171,0.11968876857233028
ECFP_92,0.00796548203481998,-0.0007141764458484995,172,0.1191805184425546
MACCS_115,0.00794414632359778,-0.0011162480250813405,173,0.11886129091637514
ECFP_1479,0.007935093076185038,0.00032486358243680706,174,0.11872583511903323
ECFP_1199,0.007932074302655068,-0.000453685214265568,175,0.11868066785950145
ECFP_2029,0.007904615898841741,0.0008485730596736069,176,0.11826983185638548
PAS_12,0.007866732430487886,-0.00067847859452447,177,0.11770301475993383
ECFP_441,0.007850901049693304,0.00027334492780403067,178,0.11746614370021491
ECFP_1146,0.007838129167091899,1.9424716736819976e-05,179,0.11727504922742983
ECFP_113,0.007690076630628978,-0.001652730144094501,180,0.11505986903177394
ECFP_314,0.007685577604404543,0.00026310322982271803,181,0.11499255405000999
sPAS_3,0.007680144091062996,0.0008579535311896889,182,0.1149112571574705
PAS_9,0.00761961536165959,0.0015633334802333996,183,0.11400561888982609
ECFP_821,0.007406922687942033,0.0010644677347259105,184,0.11082328503836766
ECFP_1741,0.007304401238719082,0.000699437241587088,185,0.10928934655021823
sPAS_4,0.007284782439208001,-0.0020766613121637498,186,0.10899580766748267
PAS_4,0.007235002551139243,0.0010818072892838,187,0.1082509948812492
ECFP_41,0.007156411844024312,0.0007056186449760052,188,0.10707511108943595
ECFP_1912,0.007155503366313876,-0.0006191471686381465,189,0.10706151833459072
ECFP_1991,0.007154841220980197,0.0007160122887271579,190,0.10705161123495668
MACCS_156,0.00710806871558045,-0.001036328071356413,191,0.10635179527679729
ECFP_361,0.0070852043784103095,0.0013535363230213556,192,0.10600969626183865
ECFP_1027,0.006898377985246873,-0.0009782551675125534,193,0.10321437687016366
ECFP_910,0.006871563324921379,0.0005104242250283157,194,0.1028131726360089
ECFP_807,0.006840802441064197,0.0006911261427989224,195,0.10235292452172978
ECFP_1595,0.006816805468401865,-0.00021648194569084183,196,0.10199387887572285
ECFP_1217,0.006703921106874909,-0.0002564950801496776,197,0.10030488922361785
ECFP_786,0.00665024524733761,5.602871214206513e-05,198,0.09950178443478763
ECFP_984,0.006609104744927426,0.0008632327143743032,199,0.09888623519560794
ECFP_1893,0.006539481633593511,0.0004244616353168782,200,0.09784452567092537
ECFP_1326,0.006514002862515875,0.00011451064886048757,201,0.09746330917542168
ECFP_1626,0.006487372192331028,-0.0017339309551385113,202,0.09706485782430084
ECFP_455,0.006479827565298886,0.0005189992134286998,203,0.09695197418998772
ECFP_1920,0.006440675377255366,-0.0004008113279298719,204,0.09636617435404689
ECFP_491,0.0064382109297747995,0.0017046695121379022,205,0.09632930098880366
sPAS_6,0.006422744673856795,-6.820307263722932e-05,206,0.09609789297223725
ECFP_1490,0.006415013241520189,-0.000780070522716133,207,0.09598221433406416
ECFP_750,0.006413976789100209,-0.0022836376468778428,208,0.09596670680593036
ECFP_75,0.006389336328683813,0.0015658319471555918,209,0.09559803321728222
ECFP_1526,0.006388712218958555,-0.0010502286245340198,210,0.09558869521108296
MACCS_141,0.0063859205567746245,0.00048522253858169974,211,0.09554692601934504
ECFP_1956,0.00637459606653974,0.0004867565267192004,212,0.09537748760853809
ECFP_787,0.006318242872643154,0.0007442399011217009,213,0.09453432421489413
ECFP_1452,0.006273612362847387,-0.0001333057151134702,214,0.09386655705748126
MACCS_95,0.00626046372325625,-1.9540269651524016e-05,215,0.09366982550044103
MACCS_72,0.006161933028920011,-7.718857563191675e-05,216,0.09219559717600753
MACCS_89,0.006067769460210357,-8.5731728594376e-05,217,0.09078671032042739
ECFP_1928,0.006065153311417552,-0.00026960431060525213,218,0.09074756718155814
ECFP_593,0.006028842820799368,-0.0004736033156839698,219,0.0902042851707694
ECFP_1236,0.006010486253837819,0.00037060692090041587,220,0.08992963196613728
ECFP_322,0.0059805989595907326,-0.0003386147715855236,221,0.08948245460667024
ECFP_309,0.005978383063168408,0.0002896713544987228,222,0.08944930009282247
ECFP_822,0.0059625437452761505,0.0017527978102121263,223,0.08921231027727537
ECFP_1237,0.0059246380075210735,0.0006825462931817762,224,0.08864515998331332
MACCS_111,0.0059150496807721,-0.0002975296042276605,225,0.08850169826336418
ECFP_700,0.005909431691151751,-0.0011503716697506602,226,0.08841764121413209
ECFP_1145,0.005875573733862658,0.00024756955998464584,227,0.08791105430759202
MACCS_85,0.005803777784183307,-0.00046480761120654666,228,0.08683683450928525
ECFP_168,0.005786581664390296,0.00045358727377287035,229,0.08657954405741147
ECFP_1509,0.005771889442988703,-0.0010033939462480664,230,0.08635971724014412
ECFP_461,0.005753221271865159,1.2121942996959181e-05,231,0.0860804017758505
ECFP_751,0.005721829668514529,-0.0008914767304140434,232,0.08561071675921035
ECFP_1353,0.005595647784394021,0.0006051374799816771,233,0.0837227679443361
ECFP_651,0.0055460827636232175,-0.0007240022267500442,234,0.08298117002894846
ECFP_1859,0.005505207813398733,-0.0007610292385946556,235,0.08236959401411688
ECFP_249,0.005504241458288586,-0.00013039620186976666,236,0.08235513529052382
ECFP_1507,0.005486045137257503,-4.877698796730809e-05,237,0.08208287970514284
ECFP_1201,0.005470434431194003,-0.0006254395466048162,238,0.08184931040779593
ECFP_540,0.00542119136560064,-0.0005122608181672846,239,0.0811125296252315
ECFP_1116,0.005386479894204228,-0.0007531437696520484,240,0.08059317233601229
MACCS_160,0.005365131270259384,-7.75770971956735e-06,241,0.08027375160809408
sPAS_16,0.005319566829756824,0.0006158225139841348,242,0.07959201086498503
ECFP_1599,0.005318718746316722,5.2824185372175734e-05,243,0.07957932173661438
ECFP_553,0.005298513575040864,0.0004381944272825228,244,0.07927700948766939
ECFP_1923,0.005292180183795452,6.480277040745538e-05,245,0.07918224851164456
ECFP_620,0.005280117226340969,-0.0007635937994966809,246,0.07900176106379254
MACCS_153,0.0052736238362085285,-0.00017462738646475276,247,0.07890460616481076
MACCS_117,0.005231417341710382,-0.0006916243380051289,248,0.07827310742136459
ECFP_1470,0.005169029155070631,0.0004382846328418402,249,0.07733964772665769
ECFP_819,0.005144399964841523,-0.002034049919157889,250,0.07697114276393302
ECFP_1982,0.005099287657991748,-0.00023776141226468654,251,0.07629616689994975
ECFP_905,0.00507016320598586,0.0003171049262484871,252,0.07586040327958833
MACCS_158,0.00506632034874037,0.0003162711252740533,253,0.07580290597850646
ECFP_457,0.005037509925519993,-0.0008451002913714808,254,0.07537184089532076
PAS_3,0.0050211945760999105,-0.00021986947859823388,255,0.07512772863771262
PAS_1,0.005018206698201983,0.0009650212739448771,256,0.07508302364241398
ECFP_1970,0.005002218481548675,0.00023761404742445022,257,0.07484380598535526
ECFP_1346,0.004982684118380759,-0.00029903073908018213,258,0.07455153044953453
MACCS_75,0.004926636084405477,0.0004882003687984504,259,0.07371293289603305
ECFP_186,0.00491126069852154,0.0004392553451620676,260,0.07348288448805325
ECFP_1884,0.0048919011493163325,0.001184845755522278,261,0.07319322454016751
ECFP_107,0.004849427790160807,0.00025332576956024793,262,0.0725577329350111
ECFP_1409,0.004817556110034857,-0.00018818272233526838,263,0.07208086495082112
ECFP_1555,0.00481450805584554,0.00032606677200090165,264,0.0720352595904756
ECFP_1570,0.0048060092778187055,-0.0011084608006420586,265,0.07190809983204056
ECFP_557,0.004795460088111648,0.0010451936415571384,266,0.07175026156275063
MACCS_139,0.00476087871016937,-0.0006960862401279357,267,0.07123285074773626
ECFP_1814,0.004745919773442629,0.0007013088353933956,268,0.07100903330308582
PAS_7,0.004721515772347402,-0.0007985307670142352,269,0.07064389764778113
ECFP_1405,0.004717079345220176,-0.00029274803580127954,270,0.07057751928138169
ECFP_458,0.004699572619069272,0.00013999543618942244,271,0.07031558149911367
ECFP_561,0.004688559259822797,7.188234846334491e-07,272,0.07015079826828703
ECFP_1972,0.004666945527387199,9.217760314670089e-05,273,0.06982741095463886
ECFP_1941,0.004660448645245658,0.0006080616536935943,274,0.06973020380778897
ECFP_2006,0.004642951894348053,0.00020669095655956218,275,0.06946841527648336
ECFP_960,0.004638315846860969,-0.0001989702384781468,276,0.06939905016579455
ECFP_308,0.0046370314600424345,0.000452334397073595,277,0.0693798330128031
ECFP_755,0.004629386165980185,-0.0014954023762953706,278,0.06926544318604791
ECFP_279,0.004606051245280909,0.0007295872523375881,279,0.06891630324265231
ECFP_1466,0.004598053602554359,0.0003180827111383075,280,0.06879664153199853
ECFP_437,0.004586273165462213,0.0006872899554044885,281,0.06862038118843307
ECFP_1537,0.004580926852076417,-0.0011945535543512547,282,0.06854038899231861
MACCS_131,0.0045573658076751115,0.0002968329590439424,283,0.06818786575837987
ECFP_1644,0.004556249254773311,-0.0007135384136788182,284,0.06817115975702008
ECFP_1625,0.004551927771383881,-0.0006447170823063658,285,0.06810650119291288
ECFP_1943,0.004550571013899008,-0.000768870895739016,286,0.06808620122114203
ECFP_1583,0.004501909632565278,3.427734701413475e-05,287,0.06735812366976057
ECFP_289,0.004486580748308906,0.0004778464270073642,288,0.06712877102483158
MACCS_104,0.004452946296203987,0.001433846976077265,289,0.06662552823024957
MACCS_107,0.00440075547659205,0.00011406254472935553,290,0.0658446427907869
ECFP_781,0.004373680464368528,-0.00017182228302545284,291,0.06543954313962551
ECFP_1440,0.004373226920700878,-0.0003180791228078945,292,0.0654327571636845
ECFP_331,0.004358232912898525,0.0005562160229031455,293,0.0652084149813025
MACCS_108,0.004295333895929835,0.00016682974834994203,294,0.06426731218060741
ECFP_1646,0.004277078764445624,0.00038786530850615,295,0.063994176666019
ECFP_1634,0.004250549485262075,0.00015144737850933867,296,0.06359724233948591
MACCS_88,0.004248745714236352,0.0003649043269303046,297,0.06357025409633157
ECFP_863,0.004242281483735093,-1.1506288600706722e-05,298,0.0634735354873253
ECFP_1536,0.004172580148984938,0.00010924864839426155,299,0.062430655574302024
ECFP_204,0.004150177458835106,-0.00022154077428565707,300,0.06209546377864
ECFP_1366,0.0041004964307898495,2.492075361836027e-05,301,0.061352130148194295
ECFP_1154,0.004083917874165631,-0.0003864364260962872,302,0.0611040797521396
ECFP_1761,0.004075366970033248,0.0005806316869053327,303,0.060976140076524854
ECFP_159,0.00406792120164128,-1.6337743895051393e-05,304,0.06086473557730198
ECFP_364,0.004059132320984352,-0.0003459928793742887,305,0.06073323526776095
MACCS_140,0.004053919943476518,0.0013488906967726371,306,0.06065524703666753
ECFP_277,0.004051302945672913,-0.0004303965414632075,307,0.06061609119479465
ECFP_1224,0.004047413458604611,0.00011181980414700633,308,0.06055789621258899
MACCS_87,0.004044256162286575,4.6460193399044886e-05,309,0.060510656358125026
ECFP_224,0.004036927008778743,0.0004270480703202878,310,0.06040099666509074
ECFP_590,0.004019320835898636,-0.0004140830462342721,311,0.06013757094867232
sPAS_7,0.004018690620089831,-0.0005150454718486143,312,0.06012814158250268
ECFP_1486,0.004007994091907202,7.5163543885183e-05,313,0.05996809881688367
ECFP_463,0.004006611633344766,-0.0008233556817330186,314,0.05994741430244044
ECFP_366,0.003994725330861642,-0.00018135660272493493,315,0.05976956998792047
ECFP_936,0.003994265110050904,-0.0005863162860934906,316,0.05976268410774622
ECFP_625,0.003974969971285117,1.2704953335700127e-05,317,0.059473987876749144
ECFP_10,0.003951436967943177,0.0006470042738835367,318,0.0591218841965773
ECFP_1947,0.003949997144230938,0.00034765451765448934,319,0.059100341377732145
MACCS_100,0.003917642802293366,0.0007233190729006643,320,0.05861625174836239
ECFP_1904,0.0038770390454816355,-0.00038084119391489926,321,0.05800873336260949
MACCS_54,0.003865479798238838,-0.00022687598502153214,322,0.05783578248867868
ECFP_698,0.0038479523917152978,-0.0006939929512162216,323,0.05757353528414072
ECFP_723,0.0038163038113073955,2.789803736048125e-05,324,0.05710000534527495
ECFP_1476,0.0038137004641332953,0.00019115731473320373,325,0.057061053745793726
ECFP_1287,0.0038132535073888926,-0.0010730034209942916,326,0.057054366324205616
ECFP_1672,0.003806294724468542,-0.00030175117178160793,327,0.05695024816129329
ECFP_198,0.003794707593583857,0.00030006969234303325,328,0.05677688008889519
ECFP_582,0.003791077594800554,0.00018884634194936138,329,0.056722567602212184
MACCS_151,0.003765029957559555,0.00035000528990647444,330,0.05633283966145285
ECFP_694,0.003746156499675161,0.0004971674310530872,331,0.056050452671483744
ECFP_878,0.0037303957609676705,-0.00035252110951241585,332,0.05581463856732968
ECFP_1410,0.003722144020962211,-0.0002145627635314082,333,0.05569117502204707
MACCS_106,0.003717307713293847,-4.317448000447304e-05,334,0.055618813593982366
ECFP_675,0.0037120238461331246,-0.0004923261395477278,335,0.05553975572594077
ECFP_1294,0.0037046915228540977,0.0006119565850655377,336,0.055430048606401376
sPAS_8,0.003686066639274619,-0.0011140834321394365,337,0.05515138081564731
MACCS_157,0.0036750958679847632,0.0015200461191188608,338,0.054987234791047154
ECFP_1842,0.0036608548284956786,0.00042360723784434513,339,0.05477415861285095
ECFP_1766,0.0036538103072671978,0.0003922328889422982,340,0.05466875762286441
ECFP_1313,0.0036498785196237594,0.00023756946529807205,341,0.05460992973426928
ECFP_1488,0.0036268369979680897,-0.0002444999652568545,342,0.05426517966332267
ECFP_935,0.003616247388798179,0.00044758838765904507,343,0.05410673663307578
ECFP_739,0.0036026413543120165,-0.0001568395897784024,344,0.05390316147755856
ECFP_1980,0.0036005604236144383,-0.0004851324761612575,345,0.053872026337425646
ECFP_114,0.0035975804943965584,3.429019244580859e-05,346,0.05382744027125205
ECFP_325,0.0035973693915458643,3.5389530758788444e-05,347,0.05382428172452751
ECFP_371,0.003536218884599061,0.000499844607608631,348,0.05290934034507467
ECFP_1918,0.00347904026830103,-0.0005754197787782413,349,0.052053826880297735
ECFP_1132,0.0034773230688996187,9.303108444459137e-05,350,0.05202813393239643
ECFP_1477,0.003476099083981021,-0.00036580917251450483,351,0.052009820520034604
ECFP_1663,0.0034700759441214407,-0.00042414928922359686,352,0.05191970156326855
sPAS_19,0.0034620482682887086,-0.0003540072118538459,353,0.05179959049359925
ECFP_1849,0.0034616514931689467,0.0006255261106213075,354,0.051793653895629205
ECFP_207,0.003451660546753919,-2.1671219839296496e-05,355,0.05164416813089209
MACCS_116,0.0034447617711023015,-0.00022525183220597106,356,0.051540947804088966
ECFP_27,0.003411495839289752,0.0003627928231419277,357,0.05104321885528669
MACCS_113,0.0034070099790189327,-0.00014313557612596257,358,0.05097610086413436
ECFP_155,0.003394230448832654,-0.00031315467517207917,359,0.05078489196724713
ECFP_392,0.00336775059160617,-0.0002264911309506349,360,0.05038869709809273
ECFP_1386,0.0033558052034877456,-3.4639711956600136e-06,361,0.050209968737055945
ECFP_1257,0.003330280856812928,-4.4454852411803365e-05,362,0.04982807033388153
ECFP_1642,0.003318797136313343,0.00034892586725337056,363,0.04965624950033911
MACCS_146,0.003317160606902471,0.000432814488242574,364,0.04963176354672304
MACCS_53,0.0033082728816051614,-0.00018320040881690818,365,0.04949878431155835
ECFP_912,0.0033056702099180575,0.0006869904229808772,366,0.049459842818796354
ECFP_695,0.0032992655729471845,-0.0015735682759443982,367,0.049364015855495415
ECFP_929,0.003295868861139291,-2.5391421220112885e-05,368,0.049313193837129794
ECFP_1143,0.00325902158272287,-0.00016003828400750104,369,0.048761880341515906
ECFP_1060,0.0032541999377834136,0.0006052830133830479,370,0.048689738298998156
ECFP_1029,0.0032294626118718893,-0.000846450226673847,371,0.04831961539694023
MACCS_138,0.0032076414299615536,-0.00046717030268067766,372,0.04799312419882633
ECFP_1258,0.00317957114097192,9.945087987334601e-05,373,0.04757313309471074
ECFP_152,0.003151750109079179,-0.00025873061624702627,374,0.04715687140582745
ECFP_1378,0.0031391006148406837,5.7477910491033044e-05,375,0.04696760812272797
ECFP_1966,0.0031133386154377995,0.00028737041905254604,376,0.04658215393030985
ECFP_699,0.0030835097753458317,0.0001340744293752508,377,0.04613585116907575
MACCS_76,0.00306021187022273,-9.454107619746692e-05,378,0.045787265057267455
ECFP_1722,0.0030083063599528246,-0.00010204412291207088,379,0.04501064845114734
ECFP_167,0.0030079223491651353,-0.00031122032890440384,380,0.045004902834678145
MACCS_93,0.0029971154534913116,0.00019621899378762767,381,0.04484320873712941
MACCS_137,0.002995832972388468,-0.00013628291467310448,382,0.04482402009768969
ECFP_172,0.0029822577181035084,0.0003355039498813423,383,0.04462090547931524
MACCS_81,0.0029785050040333667,-0.0005570338767677755,384,0.04456475691147075
MACCS_112,0.002950926360310075,0.00038933788811370667,385,0.04415212186408549
ECFP_847,0.002947499660709866,0.0004909118475863152,386,0.044100851164695976
ECFP_472,0.0029358622151754287,-0.00023073353530339986,387,0.04392673027834179
ECFP_490,0.002922531794777302,-0.00019670700221975299,388,0.04372727889458861
ECFP_823,0.0029050961416446234,4.631270064582567e-05,389,0.04346640451552987
ECFP_123,0.0028944928536791684,0.00037699063675682187,390,0.043307756821467605
ECFP_1917,0.002844860850463138,0.00012848262487586955,391,0.042565156706525185
ECFP_1792,0.0028324047178028794,-0.0006959281380187156,392,0.04237878652305739
ECFP_439,0.0028272979252496567,0.0004447583467512862,393,0.0423023780669952
ECFP_1913,0.0028118021810900114,-0.0003175721628450326,394,0.04207052884374334
ECFP_955,0.0028112797366034305,0.00018412249852489587,395,0.0420627119653051
ECFP_1635,0.002810303703356537,-0.00023315053273152792,396,0.04204810843624391
ECFP_3,0.002770718952764516,-0.0006726281867731808,397,0.04145583654643819
ECFP_1436,0.002754789666590969,-0.0007291264151136204,398,0.041217500614440065
ECFP_1182,0.0027506715333529197,-0.00021641323521215833,399,0.04115588460022011
ECFP_1670,0.0027394781721117685,-0.0005128719263915282,400,0.04098840815748838
ECFP_709,0.0027359547424067833,0.0003090770327360658,401,0.04093569017041611
ECFP_1295,0.0027235242639573804,0.000970753347611655,402,0.040749703828395274
ECFP_1598,0.0027221536075624653,-0.0005239472674390543,403,0.04072919589942895
ECFP_485,0.002720291084923067,8.285875183448882e-05,404,0.04070132860743028
ECFP_1332,0.0027075302950643624,-0.00040961165695323085,405,0.04051040010562101
ECFP_1124,0.0027016285395731693,-0.0007815773371025439,406,0.04042209731665144
ECFP_1688,0.002701097053088645,0.00018538441617121725,407,0.0404141451507318
ECFP_1531,0.0027009651509539183,0.00031619069411473644,408,0.040412171614826284
ECFP_377,0.0026905972894201795,0.0006387032612529397,409,0.04025704639988887
ECFP_1754,0.0026867823161508112,-8.574778007525521e-05,410,0.04019996630227515
ECFP_836,0.0026695368180245332,0.0002999213105457912,411,0.039941937045727294
MACCS_66,0.0026561532166603334,-0.00036633162763631235,412,0.03974168996184195
ECFP_318,0.0026555703459881703,-0.00035933528639141906,413,0.03973296897940928
MACCS_110,0.0026226421710921132,0.00029451110030238837,414,0.03924029359098656
ECFP_187,0.0026221344330552717,0.00013912496021689392,415,0.039232696752251724
ECFP_1017,0.0026150530272759705,-0.00018595197338025773,416,0.03912674389109531
ECFP_1035,0.00260243537412937,0.0005003216157240524,417,0.03893795701831515
ECFP_5,0.0026003119132826263,0.0003956690463648034,418,0.038906185536877975
ECFP_118,0.0025872631286947803,-0.00046627184785184264,419,0.03871094802263508
ECFP_282,0.0025805807316360394,-4.002367202611408e-06,420,0.0386109651788576
ECFP_505,0.0025774528784565888,0.00027974404345376116,421,0.038564165856241645
ECFP_1284,0.002576443671318946,3.5751520760760676e-05,422,0.03854906597536132
ECFP_985,0.002574820623667062,-0.0004240894889580325,423,0.03852478173747553
ECFP_577,0.0025620503374313426,-0.00012000978205363562,424,0.038333711149709494
ECFP_1710,0.002553682843741679,-0.00010167359151914721,425,0.038208515683617224
ECFP_1683,0.0025472336747060617,1.6161654272542133e-05,426,0.03811202242610579
ECFP_738,0.002526857111800743,0.00019332496913822663,427,0.037807145794595313
ECFP_158,0.0025268248797111893,-0.0001061564428475188,428,0.037806663534121085
ECFP_1459,0.0025098756110519703,-8.93701372302364e-05,429,0.03755306649916481
ECFP_1051,0.00250401769438346,0.0005948413010544852,430,0.037465419632033044
ECFP_1054,0.0024957059349427686,0.00015056922339132863,431,0.0373410580686046
ECFP_1692,0.0024923831166574865,-0.0001307585953374787,432,0.03729134165418056
ECFP_824,0.0024822923856330685,0.0002754403939083449,433,0.037140362899888306
ECFP_572,0.0024811188298595917,0.0001917047651811099,434,0.0371228040145763
ECFP_724,0.0024777568346518023,0.00022370723992261898,435,0.03707250143023624
MACCS_142,0.002461758557243225,-0.0004041450004005046,436,0.036833133242924136
ECFP_1482,0.002428284927152742,-0.00010573269107122451,437,0.03633229668703223
ECFP_2038,0.0024221868640558384,0.0005407458547644669,438,0.036241056719606854
ECFP_19,0.0024195028646442664,-0.0002673880773590813,439,0.03620089839146396
ECFP_1445,0.0024140527914801916,0.0006445829364653533,440,0.036119353728830246
ECFP_1262,0.002405386399755825,0.00019372287159956657,441,0.03598968611371025
ECFP_609,0.002404470403190024,-0.0005037652826404619,442,0.03597598086082957
ECFP_1083,0.0024000228194356737,5.96667872841387e-05,443,0.035909435567607756
ECFP_1580,0.0023747191203207806,0.0005417430203277199,444,0.035530838520267165
ECFP_2021,0.002374200322573353,7.58021683884843e-05,445,0.03552307620478708
ECFP_1775,0.002362885962364705,-0.00022189974790160527,446,0.0353537893606742
ECFP_1169,0.002357216435889504,0.00027931323527392686,447,0.035268961210703546
ECFP_1645,0.0023445168122825603,-2.689496374068469e-05,448,0.03507894788584956
ECFP_432,0.0023441116955427947,-5.90370197511976e-05,449,0.035072886479538684
ECFP_68,0.002338075637011071,7.663933409874691e-05,450,0.034982574232016714
ECFP_1665,0.002326010020674608,-2.899316350551579e-05,451,0.03480204700164665
ECFP_320,0.0023255642263112627,-0.0002508504650131066,452,0.03479537697174638
ECFP_974,0.0023232471579977434,-0.0002443364584984899,453,0.03476070871166308
ECFP_327,0.0023196644150634154,-0.0003774688795041609,454,0.03470710327278404
ECFP_1855,0.0023066283869802337,-0.00012529819295318845,455,0.03451205662292735
ECFP_431,0.002295077856055425,-0.0002519096097927159,456,0.03433923616361454
ECFP_1654,0.0022944388991235493,-0.000413409364438379,457,0.034329676011690215
ECFP_1226,0.0022927716163867696,-7.904767189363554e-05,458,0.034304729923042836
ECFP_1037,0.002287323285021376,0.0006053597368326251,459,0.03422321132141446
ECFP_839,0.00228621760860215,-0.0001810075496558656,460,0.03420666805531996
ECFP_857,0.0022580214049402413,0.0001104893818977883,461,0.03378479300044588
ECFP_1398,0.002249727079585853,-0.0010279594621361364,462,0.0336606922879534
ECFP_381,0.0022379001662460795,-0.0003338837837365946,463,0.03348373656107488
MACCS_154,0.002237051106126133,-0.0002456181270014137,464,0.0334710328195007
ECFP_43,0.0022341696538118504,3.9348052781317806e-05,465,0.03342792017682791
ECFP_707,0.0022271942573700394,-0.0003515469628465468,466,0.03332355344037137
MACCS_114,0.002226296164052725,-0.00010601282682364655,467,0.033310116058088736
ECFP_539,0.002222306192914153,0.001092844222013802,468,0.033250417620908516
ECFP_252,0.0022050909163947047,0.0001929520603478789,469,0.03299284054374597
ECFP_1208,0.002203505878657661,-0.00013694523606260826,470,0.03296912501486446
ECFP_319,0.0022011088318901048,9.93507370896991e-05,471,0.03293326010734981
ECFP_1349,0.00220030142017436,0.00025761632549171334,472,0.032921179514303664
ECFP_1582,0.0021990096668831546,3.058633835326082e-05,473,0.0329018521432453
ECFP_1902,0.0021972510352908487,0.00046424129204081883,474,0.032875539281825954
ECFP_1460,0.0021965622216306335,0.00012562569595796634,475,0.03286523316742184
ECFP_1362,0.002190918040644524,-0.00018099160383943692,476,0.03278078423976528
ECFP_1351,0.002183507148030928,-0.0006486575484849279,477,0.03266990155621274
ECFP_1290,0.002179240816236623,0.0008848934867535142,478,0.032606068177031086
MACCS_77,0.0021682099655527588,-0.0001539293909469632,479,0.03244102323717453
ECFP_324,0.002153230761398759,-0.0001650590398445245,480,0.0322169025487935
ECFP_1475,0.0021486705088969915,-7.461268286677915e-05,481,0.03214867149196433
ECFP_1093,0.0021311543683247814,-0.0002939044891374402,482,0.0318865928499709
ECFP_511,0.0021307142065306478,0.0002201990508545416,483,0.031880007095261495
ECFP_1150,0.002111515953610722,-0.0002681120862454162,484,0.031592760482164375
ECFP_497,0.0021090300547389616,0.0001883416651592638,485,0.03155556615857704
ECFP_713,0.002108932935259462,-0.0003676712582395916,486,0.031554113045021946
ECFP_886,0.0021025130651233476,-0.00047807204032802457,487,0.031458058161235716
ECFP_638,0.002089164277684607,6.0854652013838134e-05,488,0.03125833196756984
ECFP_1438,0.002083238696288578,-0.00025068992895562343,489,0.031169672692492042
ECFP_626,0.0020797922963346413,0.00035300581591360934,490,0.031118107233995614
ECFP_1181,0.0020705050402934208,0.0005686937557779836,491,0.030979150170874645
ECFP_1165,0.0020703022810239485,-0.0004065974811672165,492,0.030976116461834926
ECFP_174,0.00206501461406278,-0.00011283515333743192,493,0.030897001740713356
MACCS_59,0.0020648145444982354,8.548348470423578e-05,494,0.030894008275368416
ECFP_923,0.0020615451441974787,0.00013973348874013326,495,0.03084509110737568
ECFP_1631,0.0020464818703037563,0.00031872321295958294,496,0.03061971255724546
ECFP_614,0.0020451896225056523,-8.386475200758657e-05,497,0.03060037778731427
ECFP_1641,0.002035011732849218,0.0004236872291294623,498,0.03044809495488775
ECFP_1087,0.0020337364418400836,0.00015535571639234736,499,0.030429013894511314
ECFP_721,0.0020285402470082868,0.00023963611097222598,500,0.030351267790600094
ECFP_240,0.002027686664946029,6.100394092240623e-05,501,0.030338496391170856
ECFP_1871,0.0020193294766990256,0.00030730850802373593,502,0.03021345511637468
MACCS_122,0.0020114541247196293,0.000666361788645179,503,0.030095623134867584
PAS_17,0.002007243687503374,0.00021902638499696312,504,0.03003262605721307
ECFP_1569,0.0019862712464373527,7.527748554650363e-05,505,0.029718833823632218
ECFP_1748,0.0019859079477620805,0.0001928759827481313,506,0.029713398104327455
ECFP_391,0.0019837712839405933,-0.0002486787122037752,507,0.02968142907836404
ECFP_1823,0.001980186742995473,0.00029404545751697157,508,0.029627796737427162
ECFP_621,0.0019762947205595716,0.00040599440081309524,509,0.02956956382074075
ECFP_1952,0.0019716086418996998,0.0005045747136157777,510,0.02949945013751295
ECFP_510,0.0019656177620933557,1.3917067105579124e-06,511,0.02940981385961715
ECFP_59,0.001964450434752226,3.09306252192675e-05,512,0.029392348164873273
ECFP_1840,0.00196398066179682,-0.00011905210172672868,513,0.02938531936433982
ECFP_1831,0.001961751359994735,-0.0003173729202896692,514,0.02935196427755712
ECFP_1,0.0019578002859471843,0.00015867435814903788,515,0.02929284782341994
ECFP_1657,0.0019493294112969473,0.0002245478788518646,516,0.029166105558725352
ECFP_1689,0.0019361330714405902,0.00013988919076279646,517,0.02896866030447084
ECFP_63,0.0019345306848053412,-0.00016086870587757145,518,0.02894468519924813
ECFP_1127,0.001933554819338213,0.00028910026149336654,519,0.028930084180528344
ECFP_1172,0.0019332610996884764,5.8323697697950036e-05,520,0.028925689511131142
ECFP_1357,0.0019287833037222276,6.160344453790463e-05,521,0.028858692179092146
ECFP_619,0.0019270198674671316,0.00014538693071289936,522,0.028832307429719286
ECFP_810,0.0019088290711025981,-0.0002526920782783291,523,0.02856013450507631
ECFP_1596,0.0019045451023048518,0.00022878886513882167,524,0.028496037238887613
ECFP_1008,0.0018906368474806738,-0.0005258513359134433,525,0.028287940225633326
ECFP_841,0.0018896430960332353,-0.0001991361371125633,526,0.028273071594684063
ECFP_1887,0.0018862153270260361,-4.182547707040329e-05,527,0.028221784894696098
ECFP_342,0.0018778927451118172,-0.0006575369829705591,528,0.02809726140409235
ECFP_703,0.0018749218166470895,0.00023702444539794483,529,0.02805281000829054
ECFP_378,0.001872868420113362,0.00027910582613746755,530,0.028022086837691695
ECFP_599,0.0018624482111065993,-0.0005132442529074636,531,0.027866178393447266
ECFP_711,0.0018623817944062142,0.0002141822395411105,532,0.02786518465863617
ECFP_673,0.0018475427566051188,-0.0003256446126281102,533,0.027643161156405877
ECFP_1640,0.0018472749143885225,1.0924387218833392e-05,534,0.02763915366833482
ECFP_1550,0.0018238504692256981,-0.000344852419369938,535,0.02728867424894364
ECFP_1866,0.0018227669834606187,8.692414399088808e-05,536,0.02727246300213613
ECFP_1708,0.001820476861482781,-0.00023887222501803703,537,0.027238197916429792
ECFP_611,0.00181265639196953,0.00017560779560516496,538,0.027121187093107464
ECFP_1314,0.0018018985677985973,-0.00015294845106288856,539,0.026960227209399112
ECFP_628,0.0017980460359307534,-0.0002683960362072114,540,0.026902585155431882
ECFP_1147,0.0017911111822458531,0.00018830264403075716,541,0.0267988250246731
ECFP_1447,0.0017791008930368173,-3.287656372229602e-05,542,0.0266191256055644
ECFP_1260,0.0017779044540844784,0.00047178986813790853,543,0.026601224339325737
ECFP_1322,0.0017731909894008926,0.0003118452987757942,544,0.026530700903054736
MACCS_50,0.0017694189049890455,0.00022478776072988886,545,0.02647426251378365
ECFP_2009,0.0017693549411345762,-0.00027967538921483973,546,0.026473305478753765
ECFP_1594,0.001763955390022505,0.00037464602020527654,547,0.02639251673325404
ECFP_1813,0.0017599829247195724,1.2176507319391293e-05,548,0.026333080220532146
ECFP_170,0.0017549137507673126,0.0002344542199305019,549,0.02625723461858805
ECFP_1861,0.0017548710631981289,-0.00014457858199563219,550,0.026256595921946197
ECFP_1593,0.0017522978181067094,-0.00016690992513727936,551,0.026218094713515307
ECFP_1066,0.0017498305377042648,0.00011680090591882538,552,0.02618117896174773
ECFP_140,0.001745637217497369,0.00019361369334517045,553,0.026118437990885097
ECFP_425,0.0017392263944293264,0.0003792359950366605,554,0.026022518470440147
ECFP_957,0.001736548303800797,-0.00010556573000014271,555,0.0259824485502333
ECFP_913,0.0017292268061072555,-4.371905205542507e-05,556,0.025872903404430717
ECFP_783,0.0017262509299283586,-0.00035031684776442977,557,0.02582837798032312
ECFP_1397,0.0017256056055330526,0.00011947920090796207,558,0.02581872255763056
ECFP_462,0.0017223699925481702,0.0004380871050463772,559,0.025770310919598853
ECFP_1463,0.0017220252622958002,0.00017774651853937222,560,0.02576515302331327
ECFP_601,0.0017180782256626692,-0.00034434348219332037,561,0.02570609697746545
ECFP_996,0.0017061189164468127,-0.00030045621820571673,562,0.025527160327262734
ECFP_7,0.0017058245976879888,-0.0005324303928111073,563,0.025522756693921945
ECFP_213,0.0017028111096142307,0.000153680314195606,564,0.025477668516033777
ECFP_722,0.0016996211078512704,-5.934687127231427e-05,565,0.025429939318694517
ECFP_1791,0.001698631864595628,-5.973282865994138e-05,566,0.025415138139863416
ECFP_1788,0.001693933832458785,-0.00014240381219882028,567,0.025344845607248173
ECFP_443,0.0016861783287498088,0.0003834593024176952,568,0.025228806810251525
ECFP_1682,0.0016798271774893857,-7.00388716617092e-05,569,0.025133780106705462
ECFP_1931,0.0016792168329917622,-0.00021567495138115122,570,0.02512464805752911
MACCS_149,0.0016721503229063929,0.00017707947262143408,571,0.025018918067570898
ECFP_1469,0.0016652127619762884,-7.461733663184595e-05,572,0.02491511743067757
ECFP_1820,0.001662528647295936,-2.2775680045073786e-05,573,0.02487495737786905
ECFP_1387,0.0016590846830358413,-0.00015663978641640194,574,0.024823428362522403
ECFP_740,0.0016582550822288752,-7.201346839470601e-05,575,0.024811015773573936
ECFP_1115,0.0016578556985539156,-0.00019347186607050485,576,0.024805040146081325
ECFP_772,0.0016562996695035806,3.045177218168784e-05,577,0.024781758648725616
ECFP_2013,0.0016517071126745083,-1.023121442092595e-05,578,0.024713044250592137
ECFP_888,0.0016510440817231581,7.622117679904031e-07,579,0.02470312390023795
ECFP_916,0.0016420331510872133,-0.00015521049055648467,580,0.024568301251696744
ECFP_15,0.0016382658284816861,7.317985912791563e-06,581,0.024511934109155416
ECFP_1309,0.001637585012674414,-0.0001052375800601362,582,0.024501747659607245
ECFP_1643,0.001637179229089155,-0.0001655579182242428,583,0.02449567627587237
ECFP_144,0.0016307626712840427,0.00019681932751268208,584,0.02439967095158854
ECFP_1062,0.0016278256920489046,0.00026700330495175133,585,0.02435572750832062
ECFP_1936,0.0016261027486407665,0.000308829203028965,586,0.024329948617886683
ECFP_718,0.0016254292861872398,-0.0002620093874200287,587,0.024319872190118465
ECFP_241,0.0016168231068078205,0.00013011260470273942,588,0.02419110547948311
ECFP_1609,0.0016155364100909088,-0.0002527685368894049,589,0.02417185376550905
ECFP_1604,0.001608750041632997,-0.00016710532918810223,590,0.024070315288914592
ECFP_1373,0.001607571145790682,-4.5327359246104856e-06,591,0.02405267650483816
ECFP_304,0.0016059973555679677,-2.2248316469517e-07,592,0.024029129262644534
ECFP_1213,0.0016010681133602084,6.396414224998585e-05,593,0.023955377336611475
ECFP_29,0.0015951610828583648,3.3398375134792067e-05,594,0.023866995622286058
ECFP_1807,0.0015946192312113882,0.00012875149602332688,595,0.023858888371535467
ECFP_454,0.0015890558116605617,0.00015561966220104006,596,0.023775647806371612
ECFP_488,0.001588581620551371,-0.0002566361657897823,597,0.023768552900879748
ECFP_659,0.0015862775549175879,5.360524847860187e-05,598,0.023734079188484244
ECFP_1158,0.0015818633123101803,-0.0004231763317236924,599,0.02366803274958923
ECFP_596,0.0015764037009464253,0.0004032955772804956,600,0.023586345375242915
ECFP_735,0.001575172281358314,0.00017057466991629442,601,0.02356792072444465
ECFP_617,0.0015670359945862665,0.0002988695179594116,602,0.023446184604590123
ECFP_2026,0.0015619151471398722,0.00013894869206542213,603,0.023369565857493762
ECFP_1266,0.0015538381781028058,3.396236887013638e-05,604,0.023248717256859914
ECFP_283,0.0015471792127303278,-0.00010164777187459466,605,0.02314908500084405
MACCS_130,0.0015447961882073648,0.0003870082477265937,606,0.023113429895871552
ECFP_940,0.0015417813769417323,-0.00028672335774457876,607,0.023068321920224392
ECFP_1152,0.0015360621887381084,0.00010751210781954033,608,0.02298275072538661
ECFP_1352,0.0015292018641574713,2.599520336583259e-05,609,0.022880105708219984
ECFP_1245,0.0015250240233544172,8.09765747005757e-05,610,0.022817596342094765
ECFP_1986,0.0015144668887571528,0.00039977146286110024,611,0.02265963920038385
ECFP_1439,0.0015121652561411968,0.0004397771033887884,612,0.02262520189109926
ECFP_951,0.001502609433757069,0.00029911647401468117,613,0.022482226505440624
ECFP_670,0.0014969943847160507,0.000362196511538535,614,0.022398213453516887
ECFP_1041,0.0014925929617394132,-0.0004248359989500821,615,0.022332358823508616
ECFP_1031,0.0014907861371629989,0.0001731261952100021,616,0.02230532489275458
ECFP_399,0.0014879412494418858,-5.009391166155076e-06,617,0.022262759334006097
ECFP_132,0.001486270670668019,0.0005551780368811007,618,0.022237763929647866
sPAS_17,0.0014810433022522398,-8.300023257041887e-05,619,0.02215955140275251
ECFP_2004,0.001478555960970304,-0.0002307562337723046,620,0.022122335497647357
ECFP_120,0.0014778860991739298,-3.629305560662741e-05,621,0.02211231294335275
ECFP_345,0.0014773336634552132,9.947066864114653e-05,622,0.02210404733242361
sPAS_2,0.0014745086568856733,0.00015441847266823344,623,0.022061779237901574
ECFP_832,0.0014547842349253222,-9.813062111549825e-05,624,0.02176666001913511
ECFP_911,0.001445641707098245,0.00022323537203760267,625,0.02162986839729183
ECFP_1234,0.0014433098461356466,0.0002867746237112932,626,0.021594978807780038
ECFP_995,0.001440867715398933,-0.0004228010469535812,627,0.02155843934839343
ECFP_35,0.0014329418792154935,2.3911770941165933e-05,628,0.021439852016038166
MACCS_135,0.0014321616827386897,0.000100175500681584,629,0.021428178620732517
ECFP_1530,0.0014195540065146703,-8.960949098799678e-05,630,0.021239541023890775
ECFP_216,0.001417233380787669,-2.832460806273569e-05,631,0.02120481953735096
ECFP_1612,0.0014164985291437167,-0.00048563320308879314,632,0.021193824596991827
ECFP_534,0.0014153812044815704,-2.1897499310774436e-05,633,0.021177107048459154
ECFP_1802,0.0014114899970626995,-0.00051580955033944,634,0.021118886326157438
ECFP_693,0.0013929224427408952,-0.0001583018665086706,635,0.020841076302782882
ECFP_1218,0.0013929068832931107,-0.00032812854083425814,636,0.020840843500418187
ECFP_1392,0.0013912899065398093,0.00023673469458515513,637,0.02081665009606104
ECFP_305,0.0013886360186607797,8.488580726109068e-05,638,0.02077694230035846
ECFP_1151,0.0013816458698471827,-0.00021175746319574071,639,0.020672354837107228
ECFP_1022,0.0013804510134908141,-0.0003490444139035782,640,0.020654477249863433
ECFP_306,0.0013793946280517264,0.00015575783144788056,641,0.02063867148145478
ECFP_1139,0.0013782754876113313,0.0001467829775478849,642,0.02062192676502541
ECFP_551,0.0013691903753739129,-0.0002234405362511574,643,0.02048599420227137
ECFP_1673,0.001368719432457172,-0.00037416856841223045,644,0.020478947896633036
ECFP_32,0.0013684659043499497,4.100484936131157e-05,645,0.020475154578020745
ECFP_525,0.0013649446894887292,2.899500731297597e-06,646,0.020422469729712334
ECFP_199,0.0013600425566537143,0.00035661045983418455,647,0.020349123417436766
ECFP_779,0.0013596952588011903,8.178609347684259e-05,648,0.020343927104402994
ECFP_276,0.0013588700231580053,-0.0001004379852195893,649,0.02033157982757001
MACCS_103,0.0013573065112914501,2.2202256975059587e-05,650,0.020308186371400937
ECFP_238,0.0013475536292514795,-0.000129135500835323,651,0.020162262555020242
MACCS_124,0.0013426794157614815,3.211507101656888e-05,652,0.02008933397540657
ECFP_725,0.0013381705050047505,-8.124272887181626e-05,653,0.020021871100058996
ECFP_401,0.0013371491918991287,-0.0002410914073476665,654,0.020006590088202072
ECFP_1444,0.0013199895921177066,-7.869606111513191e-05,655,0.019749846053217522
ECFP_438,0.001319913804943656,-0.0005645169611616242,656,0.019748712116231016
ECFP_1757,0.001319857849744005,0.000184278472585408,657,0.01974787490767605
ECFP_715,0.0013168997215060076,0.000260458029637154,658,0.019703615030435353
ECFP_1736,0.0013156936037859875,0.00015308631036659996,659,0.01968556894928843
ECFP_1274,0.0013120492585565811,2.3403795092153252e-05,660,0.019631041809320543
ECFP_2022,0.0013100992418900786,-0.0002466658223758824,661,0.019601865420965203
ECFP_1467,0.0013036498876757218,-0.00040459607264358116,662,0.01950536939278678
ECFP_1559,0.0013032350882636317,0.00013148996500692077,663,0.019499163113145892
ECFP_1474,0.0013027722765592126,9.337181753068487e-05,664,0.01949223846770286
ECFP_508,0.0013020457829767127,0.00015925677679704583,665,0.01948136858168353
ECFP_372,0.0012985749572507405,-5.8834927630515316e-05,666,0.019429437661792316
ECFP_1759,0.0012914586087510091,-9.811374926744824e-05,667,0.019322961983370298
ECFP_1138,0.001289321588089383,-0.0001891918940137753,668,0.019290987618320987
MACCS_96,0.0012847007778058516,-0.00013149240149235846,669,0.019221850488539183
ECFP_1651,0.0012748004578257439,-0.00018886268921340047,670,0.019073720687628387
ECFP_58,0.0012742980749593804,0.00021619917971331948,671,0.019066203973610564
ECFP_91,0.0012678899192592847,-0.0004959101493441073,672,0.018970324362651742
ECFP_1413,0.001267861325098629,-0.00013361325898777067,673,0.018969896533315555
ECFP_827,0.0012577448671657297,0.0001521104698727262,674,0.018818532849865545
ECFP_684,0.0012485214797538398,0.00022616116800133214,675,0.018680531397004266
MACCS_43,0.0012464953578095073,0.00023567772799205393,676,0.018650216312154685
ECFP_944,0.0012464210984876782,0.00022514846773708327,677,0.018649105235080364
MACCS_133,0.001242612466450689,-4.5201903564447306e-05,678,0.01859212001576268
MACCS_80,0.0012341122105217876,-0.00014759809357287713,679,0.01846493814477579
ECFP_1231,0.0012336995306831346,0.00020092203945900293,680,0.01845876357845244
ECFP_310,0.0012181195909497357,-2.7744706070698993e-06,681,0.018225654610707187
ECFP_484,0.0012134025306778347,-0.00017936828461260725,682,0.018155077376803143
ECFP_1747,0.0012109912569457243,0.00017281323016174284,683,0.0181189996037012
ECFP_1235,0.0012077583694145321,-4.7129113843769456e-05,684,0.01807062874424164
ECFP_1303,0.001192641487295951,6.861297662181368e-05,685,0.01784444810128094
ECFP_801,0.0011872861696195676,-0.00013088627312227418,686,0.017764321181867156
ECFP_486,0.0011769309768721043,6.096832549541984e-05,687,0.01760938551886266
ECFP_1839,0.0011712406905240265,0.0003735910925269798,688,0.017524246757129727
ECFP_1574,0.0011682248582871788,0.0003382105698853805,689,0.017479123505586114
ECFP_64,0.001167145905198023,-6.502562835393035e-05,690,0.01746298007723129
ECFP_1319,0.0011642791532969151,-0.00015226020321166961,691,0.017420087383942084
ECFP_385,0.0011640350890914262,0.00015970616459694688,692,0.017416435665387413
ECFP_1910,0.001162558681584787,-0.00015279872682214638,693,0.01739434547532678
ECFP_1385,0.0011624918551989367,-7.4285249635946655e-06,694,0.017393345610751544
ECFP_646,0.0011603473860545054,-0.00022938785721898861,695,0.01736125980058963
ECFP_1767,0.001159241746244767,-0.00013232944986440117,696,0.01734471708225076
ECFP_1308,0.0011582111004181008,8.891559822622919e-05,697,0.01732929643307777
ECFP_799,0.0011553209075264713,0.0002586442901034588,698,0.017286053012815487
ECFP_826,0.0011531159821851565,0.0002385652733516556,699,0.017253062649626377
ECFP_1000,0.0011505444578522115,-0.00025135258865248964,700,0.017214587187394673
MACCS_94,0.0011481501011423745,9.468507351490587e-05,701,0.017178762528853312
ECFP_1924,0.0011455791493077904,-0.00017956101236767515,702,0.017140295632412247
ECFP_903,0.0011372195131880958,6.197174978124636e-05,703,0.01701521773224486
ECFP_1589,0.0011370433610015628,-0.00014262792374568096,704,0.017012582121641005
ECFP_680,0.0011320953210091082,0.0003232102163595361,705,0.016938548940849514
ECFP_1547,0.0011167504988379145,0.0003733443626079362,706,0.01670895783088563
ECFP_1453,0.001109570197423873,-5.8721043152167314e-05,707,0.01660152528112173
ECFP_831,0.0011041534558677976,1.8767561842289125e-05,708,0.016520479330091976
ECFP_1711,0.0011007043724689568,-0.000361864496862802,709,0.016468873721564012
MACCS_55,0.0010988830913284174,-0.0003073875281135887,710,0.016441623489925766
ECFP_1434,0.0010948842068054395,-0.00011267703810580861,711,0.016381791689595655
ECFP_518,0.0010935512336918839,-3.9918494706955264e-06,712,0.016361847582503444
ECFP_1726,0.0010932676155970464,4.295438798837069e-06,713,0.016357604053808674
ECFP_668,0.0010925562101852342,0.0003877977795812367,714,0.016346959918848356
ECFP_765,0.0010913407807961956,-7.053236270786745e-05,715,0.016328774515368353
ECFP_571,0.0010833391737157885,-0.00011472081468142045,716,0.01620905348956629
ECFP_1129,0.0010825170789414648,-0.00015869113013443337,717,0.01619675320679815
ECFP_654,0.0010819589066238787,-5.5699591680853845e-05,718,0.016188401764173663
ECFP_1709,0.0010812543628098685,-8.944080301512104e-06,719,0.016177860293280607
ECFP_1963,0.0010800160912081132,-4.6747342111903834e-05,720,0.016159333121814425
ECFP_449,0.0010624251733026523,0.0002111473139067779,721,0.0158961356521963
ECFP_524,0.0010614084966804156,-0.0001991060925600542,722,0.015880924011972025
ECFP_16,0.001055591625709094,1.0827079792226091e-05,723,0.015793891275592095
ECFP_1498,0.0010485938769867118,0.0003344178913717362,724,0.015689190101574185
ECFP_973,0.0010482394609108456,3.46799117475883e-05,725,0.01568388728481037
ECFP_1259,0.0010414722206477118,0.00023144817436901202,726,0.015582635006610506
ECFP_96,0.0010406610023211609,-0.0001319052477582738,727,0.015570497458586944
ECFP_1806,0.001040099373981666,0.00034399900054796987,728,0.015562094306539091
ECFP_1171,0.0010391529631678157,-0.00017715606015113224,729,0.01554793399195157
ECFP_1369,0.0010332428115002934,6.015969856321997e-05,730,0.015459505578362742
ECFP_261,0.0010306715259622242,-0.0001515242261165299,731,0.015421033689009237
ECFP_339,0.0010280140286774496,1.416267989936676e-05,732,0.01538127188893554
ECFP_1334,0.0010258561332088874,-5.94441632775419e-05,733,0.015348985192466469
ECFP_519,0.0010257056170356689,0.0003693950874206656,734,0.015346733151035737
ECFP_1997,0.0010242445605998824,0.00012986514900725985,735,0.015324872645578604
ECFP_1204,0.001021015118132735,0.0003296714620465101,736,0.015276553331589502
ECFP_1597,0.0010164628387388706,0.00010391597508084191,737,0.01520844156937794
MACCS_38,0.0010164265392486906,-0.0003608678218422373,738,0.015207898451957056
ECFP_203,0.0010147521866951906,-0.00011564208416136402,739,0.01518284658384544
ECFP_1731,0.001004775305205775,-3.742846149453754e-05,740,0.015033571260249115
ECFP_270,0.001002507062482426,-7.577152226032115e-05,741,0.014999633534629929
ECFP_1639,0.001001771626376591,-8.276103993632113e-06,742,0.014988629849480475
ECFP_1685,0.0009954910708670178,0.0007801154972327844,743,0.01489465940821074
ECFP_395,0.000995297571957575,8.249493156489896e-05,744,0.014891764253812721
ECFP_1468,0.0009943252450958693,0.00015194214517410572,745,0.014877216180140951
ECFP_9,0.000990624391836345,2.431514272346148e-06,746,0.0148218435601009
ECFP_1003,0.0009904557906859597,-5.361324367362147e-06,747,0.014819320929025333
ECFP_194,0.0009887717045510413,-0.0002212548737530504,748,0.014794123425875601
ECFP_2036,0.000986964873846373,6.785510993576273e-05,749,0.014767089403429882
ECFP_2028,0.0009859727723570844,5.7549657617334476e-05,750,0.01475224545935667
ECFP_1431,0.0009777654118312627,4.729126708552035e-05,751,0.014629445925287482
ECFP_1323,0.0009746743778030431,-0.00013213822014838253,752,0.014583197495324747
ECFP_1215,0.0009688521830797077,2.855801111692765e-05,753,0.014496085104314715
ECFP_119,0.0009686164647722291,-0.00012064220640092372,754,0.014492558258108936
ECFP_262,0.000967952770518898,1.7242641000532735e-05,755,0.014482627983349223
MACCS_92,0.0009667861131342126,6.496104932805731e-05,756,0.014465172312575771
ECFP_130,0.0009663964595014506,6.896378761262492e-05,757,0.01445934226716702
ECFP_1122,0.0009641593803041333,-7.829173241208405e-05,758,0.014425870814043675
ECFP_1756,0.0009625663384808036,-0.0001297797645844074,759,0.01440203552704219
ECFP_660,0.0009616890209236906,-0.00019944800014253162,760,0.014388908994229937
ECFP_17,0.0009595875347697101,0.00013729328869373176,761,0.014357466300839077
ECFP_421,0.0009590210200015305,0.00010101171377242272,762,0.014348990037446368
ECFP_1630,0.0009590122432778756,-0.0001643600752716412,763,0.014348858719031384
ECFP_653,0.0009589587873353702,0.00029681855965901446,764,0.014348058904668136
ECFP_1700,0.0009585141338326015,8.752143347366297e-05,765,0.014341405944463644
ECFP_387,0.0009518080561196619,-4.487944266953681e-05,766,0.014241068787835775
MACCS_42,0.00094981215212885,6.582657546619229e-06,767,0.014211205827710235
ECFP_1636,0.0009491750696590758,3.8435905784257495e-05,768,0.0142016737217176
ECFP_94,0.0009472877159780513,1.1645937899793316e-05,769,0.014173434904630862
ECFP_597,0.0009413379735951536,-3.836932892896509e-06,770,0.014084414129906409
MACCS_161,0.0009412914399272478,0.00037801701004062856,771,0.014083717887464106
ECFP_2018,0.0009383603982376285,2.0662887469463355e-05,772,0.014039863282479931
ECFP_73,0.0009364225907358296,-0.00010396179414119412,773,0.014010869569143223
sPAS_13,0.0009363030243069748,2.2688953674906078e-05,774,0.014009080601580815
ECFP_115,0.0009357703306729317,-5.1996905351803416e-05,775,0.014001110374142128
ECFP_1805,0.0009339290835685313,2.9851675535471836e-05,776,0.013973561409305594
ECFP_705,0.000928552809640426,-8.092712821519075e-05,777,0.013893120939885182
ECFP_379,0.0009281375596755095,0.00013427012895772005,778,0.013886907919017684
ECFP_1164,0.0009257839000427474,-0.00025782153752800896,779,0.01385169217513129
ECFP_567,0.0009249577833363372,-0.00019300764371090555,780,0.01383933171572235
ECFP_1974,0.0009204988585381211,7.914952627410604e-05,781,0.01377261673641228
ECFP_1240,0.0009187528594834691,-5.373171241294596e-05,782,0.013746492884569542
ECFP_1492,0.0009095535046096091,-0.00018292655347496516,783,0.013608851009487657
ECFP_413,0.0009087334315924488,6.290266465057694e-05,784,0.013596580976497984
ECFP_1184,0.0009075199197019398,-8.489256318261448e-05,785,0.013578424262865983
ECFP_1384,0.0009064634620068011,0.00017020925828340922,786,0.01356261741335344
ECFP_1922,0.0009055418923955864,0.0002809091900500091,787,0.013548828775884252
ECFP_165,0.0009037463881913953,-6.743040042927409e-05,788,0.01352196422192683
ECFP_939,0.0009037255235453219,9.645074157677518e-05,789,0.01352165204253514
ECFP_866,0.0008902586144390108,-0.00017461873721417773,790,0.013320158498002254
ECFP_191,0.0008899713163855933,8.959168521605871e-07,791,0.013315859909316198
MACCS_34,0.000889743756512174,0.00021624548044588346,792,0.013312455130600701
ECFP_1300,0.0008871359435157522,0.00013610975718311477,793,0.013273436712938576
ECFP_1177,0.0008871039935664154,7.561810847160429e-05,794,0.01327295867388086
ECFP_742,0.000883868614234329,0.00013974833651791909,795,0.013224550531790925
ECFP_1264,0.0008835498286315646,3.065620436148742e-06,796,0.013219780822532477
ECFP_766,0.0008830513740325712,7.350387196326222e-05,797,0.013212322883732487
ECFP_536,0.0008825037887112044,0.00031630689078298164,798,0.013204129845042958
ECFP_138,0.0008824273529833517,-3.4975054814149526e-05,799,0.013202986204314976
ECFP_1648,0.0008795858314990014,2.3622723464928195e-07,800,0.013160471011613498
ECFP_248,0.0008793991350177708,-0.00019680391437210376,801,0.013157677635980086
ECFP_2023,0.0008785277028183946,5.7415821502498736e-05,802,0.01314463916061159
ECFP_1360,0.0008757826614518473,-0.00032872268801832855,803,0.01310356751525714
ECFP_1250,0.0008753810365214902,-6.556838227884114e-05,804,0.013097558353826585
ECFP_418,0.0008748091647579831,2.588872216353598e-05,805,0.013089001938413244
ECFP_311,0.0008745400708758869,-0.00015500918910772897,806,0.013084975722769577
ECFP_23,0.0008739297178922588,1.8540033504829372e-05,807,0.013075843546624583
ECFP_251,0.0008737599834695931,-0.00012326776718068284,808,0.01307330395939026
ECFP_384,0.0008697407268409588,0.00022630618551825588,809,0.013013167349118547
ECFP_1693,0.0008695460605687015,-0.00011624772294041956,810,0.013010254728495027
ECFP_921,0.0008659973857643806,7.893955414595818e-05,811,0.012957159021152496
ECFP_6,0.0008650501517686413,-0.0001578682463288891,812,0.01294298639001666
ECFP_1727,0.0008631091146989716,0.00022110180960676568,813,0.012913944355489657
ECFP_1005,0.0008629492682746217,-6.028909365457875e-05,814,0.012911552713697996
MACCS_134,0.0008613120961139248,-0.00012179645336220474,815,0.012887057143180275
ECFP_976,0.0008590655652839859,-0.0002778285766198549,816,0.012853444273571265
ECFP_1424,0.0008546707318975783,-0.00012349154365489027,817,0.012787688237819622
MACCS_33,0.0008543851066565414,-2.877276863493461e-05,818,0.012783414677957423
ECFP_1354,0.000853708426536037,-0.00015514344823038575,819,0.012773290107061535
ECFP_1667,0.0008531439405233971,-3.3060680863517705e-05,820,0.012764844198157854
ECFP_1964,0.0008516893015722298,0.00026368020822774963,821,0.012743079711892112
ECFP_1282,0.0008507835338709837,0.0001222125797079443,822,0.012729527504536532
ECFP_435,0.0008495501274518174,0.00042482090336691227,823,0.012711073126528517
ECFP_1228,0.000844820787082587,0.0003842825775636035,824,0.0126403121563032
ECFP_674,0.0008381254430198365,-1.364313300007147e-05,825,0.012540135597864963
ECFP_230,0.0008361382781182993,-0.00015939129656617496,826,0.0125104033930642
ECFP_394,0.0008358167555029929,-2.936219958976784e-05,827,0.012505592732288656
ECFP_743,0.0008299382119399768,0.00013569446419279082,828,0.012417637243033292
ECFP_1600,0.0008288854082095067,-0.0002355271242011012,829,0.012401885064587946
ECFP_202,0.0008273692511361931,-1.9115717119130384e-05,830,0.012379200136639082
ECFP_84,0.0008270987853729682,0.0002809267387550789,831,0.012375153394741831
ECFP_1367,0.0008264168570934015,6.31117929013367e-05,832,0.012364950300246844
ECFP_565,0.0008232214878671587,0.00017802128763880706,833,0.012317140794264119
ECFP_1517,0.000816651034934331,6.895080908411144e-05,834,0.012218832872218255
ECFP_1221,0.0008103978310215495,-0.0001314705645376103,835,0.012125271668891888
MACCS_126,0.0008083552041690408,6.523619114012197e-05,836,0.012094709635583359
MACCS_64,0.0008048201473315475,-0.00057980998807449,837,0.0120418176819295
ECFP_1456,0.000803984137131893,2.2457764538205692e-05,838,0.012029309194862108
ECFP_554,0.0008030829630880948,-2.0702053574139302e-05,839,0.012015825718372257
ECFP_1117,0.0008028296656217061,0.00020168632141830576,840,0.012012035850636388
ECFP_1878,0.0008019150826164233,0.00010845189374146768,841,0.01199835174762142
ECFP_1554,0.0007984107525195776,-7.677966887690451e-05,842,0.011945919531226954
ECFP_51,0.0007908230560051639,0.00016873392368749375,843,0.011832391486041547
ECFP_95,0.0007888007683127672,-0.00014628307614258414,844,0.011802133769739348
ECFP_1391,0.000787371514106066,0.0001645489124019569,845,0.011780749093131426
ECFP_1327,0.0007862545908453221,0.00016620112480552747,846,0.011764037550415728
ECFP_1619,0.0007855037729940632,-1.0714061457621284e-05,847,0.01175280372170608
ECFP_1925,0.0007852543301818904,-0.0001452350839266785,848,0.011749071527779011
ECFP_47,0.0007847285005112177,6.935493483505133e-05,849,0.011741203999801506
sPAS_11,0.0007776330020041317,0.0002930937437609841,850,0.011635040281524789
ECFP_1306,0.0007771456664186643,0.00028616510825737215,851,0.011627748706767905
ECFP_284,0.0007762595983308609,0.00017845726958142015,852,0.01161449124744301
ECFP_754,0.0007756021461026206,-0.00012351274136072958,853,0.011604654366627715
ECFP_894,0.0007751930957673208,8.991524909851832e-05,854,0.011598534105378363
ECFP_1714,0.0007741767030776549,0.0002566413019540156,855,0.011583326713388012
ECFP_719,0.0007708382401582545,-0.00014681528421435177,856,0.011533376222030916
ECFP_1784,0.0007706682895970597,-0.00027094246827887757,857,0.011530833400905431
ECFP_1985,0.0007668714458136025,-0.0002476507708178056,858,0.011474024558881843
ECFP_1750,0.0007614707855162597,0.0001005531232197328,859,0.011393219217616142
ECFP_161,0.0007600715213751112,0.00029070656306177115,860,0.011372283256044556
ECFP_494,0.0007585701819506764,-3.416389123447582e-06,861,0.011349820031574245
ECFP_1157,0.0007538908924882327,0.00013245554957384224,862,0.011279807929150436
ECFP_1070,0.0007538667197449861,0.00024556043187147204,863,0.011279446253603406
ECFP_235,0.0007515088655117809,7.936381941719887e-05,864,0.011244167749591097
MACCS_136,0.000750666496682923,-8.73627184817888e-06,865,0.011231564123934258
ECFP_865,0.0007485717595491569,0.00018466977507034313,866,0.011200222410210998
ECFP_1382,0.0007459151227050287,-0.00016562284371074714,867,0.01116047348415571
ECFP_1356,0.0007424937435671103,0.00017973509227499874,868,0.011109282390175059
ECFP_1862,0.0007419761669270805,-2.9988523898621752e-05,869,0.011101538345053515
ECFP_909,0.0007399431878438741,0.00020022985319222733,870,0.0110711206628517
ECFP_1560,0.0007395245594372224,2.891905397266817e-06,871,0.011064857093324904
ECFP_820,0.000738864664198586,2.6692743949950254e-06,872,0.011054983659888652
ECFP_77,0.0007378123560070639,-6.560834477561562e-05,873,0.011039238895757779
MACCS_86,0.0007354185543096364,-0.00018027385275547303,874,0.01100342254138011
ECFP_256,0.0007352928476644464,-0.00022168010827081292,875,0.011001541703148356
ECFP_212,0.0007325328561619249,0.0001403009735114734,876,0.010960246372027195
ECFP_520,0.0007319791534092543,-3.588326699715627e-05,877,0.010951961803580755
ECFP_1662,0.0007310934660453278,-0.0002973179482472678,878,0.010938710040693167
ECFP_79,0.0007303951788043486,2.277395113064776e-05,879,0.010928262181412594
ECFP_1833,0.0007288187735013622,-0.0001746177230267504,880,0.010904675812067435
ECFP_1163,0.000728716386481495,0.00011482067442736239,881,0.010903143884927781
ECFP_1892,0.0007267325935849334,-0.00020441035990347036,882,0.010873462132478732
ECFP_1799,0.000725821551879832,5.392325821923438e-05,883,0.010859831014831095
ECFP_99,0.0007178061096117016,-0.00019627650615158083,884,0.010739902985254698
ECFP_1718,0.0007143687130316151,0.0001429773875902416,885,0.010688472236341255
ECFP_1527,0.000711513940623736,3.464985131983217e-05,886,0.010645758781697925
ECFP_1052,0.000711197399057106,9.402364705369406e-05,887,0.010641022647983146
ECFP_1099,0.0007101135583792087,7.903680829543248e-05,888,0.010624806090926552
ECFP_657,0.0007080663811265094,-0.00019913978731875872,889,0.01059417597397268
ECFP_683,0.0007078547524247559,4.9406536003434346e-05,890,0.010591009559400148
ECFP_757,0.0007067632312544428,-0.000262486569800528,891,0.010574678085874718
ECFP_40,0.0007006783587563483,1.3947946046194456e-05,892,0.010483635477805345
ECFP_286,0.0007002246379298349,-0.0001492498967502706,893,0.010476846851191704
ECFP_1202,0.0006986702227393898,2.7845484152367782e-05,894,0.010453589500605463
ECFP_1128,0.0006968893359284901,-0.0002689160451018927,895,0.010426943653877955
ECFP_1101,0.000696413561676862,0.00016350658859469192,896,0.010419825061214914
ECFP_898,0.0006920593885226743,-8.226912021923372e-05,897,0.010354677388840999
ECFP_548,0.0006846292638055386,-7.020129358258894e-06,898,0.010243506952198231
ECFP_1198,0.000681563043855004,-4.458744647516464e-05,899,0.010197629793506996
ECFP_1543,0.0006741126263926004,-0.00017994547552060356,900,0.010086155734322479
ECFP_587,0.0006735827495576474,-3.9868259552031884e-05,901,0.010078227652177
ECFP_1888,0.0006710967152486103,-0.00012658885247717272,902,0.010041031302160535
ECFP_397,0.0006692986749096249,0.0003381703736111761,903,0.010014128802243496
ECFP_1238,0.0006690082778681094,0.00017458110634672598,904,0.010009783846117715
ECFP_465,0.0006682484344244716,-9.099952970129945e-06,905,0.009998414975388729
MACCS_17,0.0006669837665098345,-0.00018583500308311425,906,0.009979492859054119
ECFP_1277,0.0006656484502732256,0.00011172629456006874,907,0.009959513693867614
ECFP_1072,0.0006649889619256761,-6.433382979936317e-05,908,0.00994964634838567
ECFP_257,0.0006429010489119293,-3.4341420570703184e-05,909,0.009619164286812372
ECFP_573,0.0006409250101376685,-0.00010443807121918588,910,0.00958959855249152
ECFP_851,0.000638878473437636,0.00012402857415537668,911,0.009558978019565154
ECFP_917,0.0006386056311972107,7.709827900071623e-05,912,0.009554895720524774
ECFP_873,0.0006376485856554797,0.00016450041767070777,913,0.009540576287835322
MACCS_65,0.0006365477722226216,7.272169317533575e-05,914,0.00952410578233885
ECFP_1568,0.000636173413685733,0.00018582160845055822,915,0.009518504584029098
ECFP_616,0.0006352142892658904,-0.00010053221236316581,916,0.009504154046910558
ECFP_809,0.0006340700213060574,0.00018665523431604495,917,0.009487033369455765
ECFP_38,0.000633976349112672,-0.00021367789349322625,918,0.00948563183461801
ECFP_404,0.0006319479324544402,-0.00014374546285218944,919,0.00945528241597783
ECFP_1809,0.0006316627301137889,-0.00017842906609914316,920,0.009451015183603032
ECFP_45,0.0006314204003047726,-9.741246502506465e-05,921,0.00944738941530095
ECFP_145,0.0006291712263144024,9.171497731106851e-05,922,0.009413736998401628
ECFP_1978,0.000626515806674351,-5.1066336154310485e-05,923,0.009374006284302915
ECFP_952,0.0006250821659755871,-0.00011208543644483657,924,0.009352555976463147
ECFP_860,0.0006225368810752352,0.000327271755707687,925,0.009314473111837767
ECFP_1069,0.0006218834201296604,-0.00011247862136313201,926,0.00930469594908288
ECFP_899,0.000618324598114693,-0.00023735453319403648,927,0.009251448417931029
ECFP_1023,0.0006145834021514885,0.00015165576351421333,928,0.009195472185414173
ECFP_1703,0.0006138746927400738,-0.0003334191398383674,929,0.00918486838834222
ECFP_1789,0.0006121964094587061,-5.36702380142022e-05,930,0.009159757708198504
ECFP_1505,0.0006102090408675622,-7.736461314827911e-05,931,0.009130022455768884
ECFP_975,0.0006059590022359751,0.00016814268845150653,932,0.009066432856884693
ECFP_1042,0.0006034314668015128,-7.291001851320757e-06,933,0.009028615561943301
ECFP_419,0.0006006990944594827,6.296736371251763e-05,934,0.008987733472086375
ECFP_663,0.0005994767263309581,-7.14438456905174e-05,935,0.008969444250335778
ECFP_1394,0.0005978774784802101,5.298172070450681e-05,936,0.00894551610799146
ECFP_1876,0.00059678602830363,-0.00024550032999181155,937,0.008929185696682966
ECFP_1180,0.0005965010670682374,0.00013270384186267963,938,0.008924922071754597
ECFP_853,0.0005961735426763922,0.00019326338257269444,939,0.00892002161166291
ECFP_409,0.0005961540400920681,1.7034976948710056e-06,940,0.008919729811606046
ECFP_147,0.0005951033937286217,-0.00020569498076169018,941,0.00890400991195051
ECFP_1523,0.0005899907032066898,9.734857568191878e-06,942,0.008827513209757653
MACCS_152,0.0005892936806184371,0.00011788555028094767,943,0.00881708427236617
ECFP_1614,0.0005890845694225041,0.0002467250849930368,944,0.008813955525024264
ECFP_453,0.0005871363015427974,-0.00018293411528000453,945,0.008784805302231292
ECFP_1388,0.0005860051320172813,-0.0002147808868083906,946,0.008767880605156073
ECFP_427,0.0005831233435287123,-6.315603724649406e-05,947,0.00872476293260241
ECFP_291,0.0005812656769887338,-1.3711599581562637e-06,948,0.00869696829815842
ECFP_1845,0.0005810076419608986,-0.000196808473918769,949,0.008693107546447561
ECFP_1297,0.0005801435615348158,7.882602972584296e-05,950,0.008680179069212103
ECFP_502,0.0005775627061805612,5.8320777990673577e-05,951,0.008641563995095969
ECFP_583,0.0005773034676972127,-0.0003969482392894981,952,0.008637685237136228
ECFP_745,0.0005768889946721181,-3.283687995551908e-05,953,0.008631483840937568
ECFP_1330,0.0005758411744367024,-0.00011041055646185876,954,0.008615806226155995
ECFP_645,0.0005756072191863538,-9.666383674168989e-05,955,0.008612305759027073
ECFP_607,0.0005753569629289359,0.00017036300012348318,956,0.008608561394232554
ECFP_676,0.0005750795699473416,0.00012297247154068562,957,0.008604411006445071
ECFP_1021,0.0005740948198916723,0.00014247725802543252,958,0.008589677055422651
ECFP_843,0.0005737192772775617,7.926984978028552e-05,959,0.008584058140804386
ECFP_1800,0.0005732219707439603,8.854792201715458e-05,960,0.008576617379499496
ECFP_1491,0.0005722080220021286,-0.0002838203676509673,961,0.008561446554156166
ECFP_451,0.0005713984528844043,0.0002424468604837246,962,0.008549333681797196
ECFP_1239,0.0005711463678353977,-8.694721339815419e-05,963,0.008545561954398791
ECFP_1175,0.0005684793252533741,-5.907328713210929e-05,964,0.0085056573364178
ECFP_1794,0.0005676726504926497,3.561501228178752e-05,965,0.00849358776978299
ECFP_268,0.0005663586582486348,0.0001206314355352477,966,0.00847392765678711
ECFP_1567,0.0005631323005896522,6.049845571694985e-05,967,0.008425654498075837
ECFP_1768,0.0005604959114393575,-5.908197206592903e-05,968,0.008386208520497214
ECFP_1868,0.0005601400606219328,9.026372043144093e-07,969,0.00838088423695436
ECFP_1495,0.0005599370999338012,-5.1824621823041265e-06,970,0.008377847514263976
ECFP_1907,0.000559879131196387,9.443694786199555e-05,971,0.008376980178910223
ECFP_1249,0.0005581505343196807,6.822728258605643e-05,972,0.008351116700586693
ECFP_1429,0.0005577104264059006,2.6844252807583935e-05,973,0.008344531752041747
ECFP_1552,0.0005546855833624515,0.00026345277561703757,974,0.008299273679705418
ECFP_46,0.0005540521905437848,1.5998121100790954e-05,975,0.008289796778724849
ECFP_854,0.0005530924794359463,-0.0001025591938670171,976,0.008275437463508608
ECFP_581,0.0005516970119833885,0.0001797928487402857,977,0.008254558308457033
ECFP_313,0.0005505365420397619,0.0001085138629113336,978,0.008237195214935029
ECFP_157,0.0005480509404173358,0.00018863959396538688,979,0.008200005338828668
ECFP_666,0.0005478612567528649,-0.00011395593300477224,980,0.008197167268593509
ECFP_1082,0.0005475030683105308,1.7713426871758977e-05,981,0.008191808009220265
ECFP_422,0.0005473327363632669,-1.5196881527894399e-05,982,0.008189259481749674
ECFP_67,0.0005463792397445686,0.00017474150401746582,983,0.00817499314848159
ECFP_661,0.0005463578685375605,-2.1199577256877683e-05,984,0.008174673389863111
ECFP_1162,0.0005455961430134472,0.00023689653861991966,985,0.008163276359215384
ECFP_1004,0.0005452991151433857,-0.00011578713307189712,986,0.008158832191820231
ECFP_1535,0.0005437663057873917,-0.00025441074719999144,987,0.008135898110377026
ECFP_1808,0.0005423756905690824,-4.432636440769149e-05,988,0.008115091555048958
ECFP_1735,0.0005423378170695771,2.331504249301531e-05,989,0.00811452488710764
ECFP_528,0.0005416447640312184,-0.00021992815852101474,990,0.008104155342608173
ECFP_1762,0.0005395736929782415,7.48629424554083e-05,991,0.008073167723686159
ECFP_1681,0.0005382633573002897,-0.0001852535316578481,992,0.00805356232067986
ECFP_25,0.0005379550207190848,-0.00015880705817275309,993,0.0080489489509626
ECFP_796,0.0005376777129918928,-9.470454300072531e-05,994,0.008044799838761935
ECFP_201,0.0005354714452173211,-7.762981356872855e-05,995,0.008011789389921909
ECFP_516,0.0005345691068994747,-5.585146481969501e-06,996,0.007998288493421055
MACCS_164,0.0005335991452834168,0.00022533733449000588,997,0.00798377580884455
ECFP_1291,0.0005320359534037925,-0.00014811398616981742,998,0.00796038714035915
ECFP_2005,0.0005310414460351718,-3.5839642297577606e-05,999,0.007945507199224511
ECFP_734,0.0005300588514995245,0.00015882023121160474,1000,0.007930805499356836
ECFP_285,0.0005268121511930453,-0.00015975150656377524,1001,0.007882227971460556
ECFP_728,0.0005268011019427253,2.2578431595566706e-05,1002,0.00788206265122309
ECFP_433,0.0005247571214179965,-0.00016932312532646346,1003,0.007851480364104896
ECFP_117,0.0005224848922367598,5.917822827320816e-05,1004,0.00781748299261422
MACCS_26,0.0005221292019948868,0.0003004895874786284,1005,0.0078121611116224515
ECFP_1684,0.0005219573532549791,9.088166514842291e-05,1006,0.007809589889714428
ECFP_1141,0.0005215005261561923,7.367699092828495e-06,1007,0.007802754786674334
ECFP_37,0.0005149586355489267,-2.3385386920421877e-05,1008,0.0077048742176440855
ECFP_1227,0.0005148998596634405,0.00028479654204856795,1009,0.007703994805641955
ECFP_479,0.0005124096806453566,0.00021429563614767895,1010,0.007666736441980765
MACCS_83,0.0005087414383001815,4.278424949987837e-05,1011,0.0076118517504379524
ECFP_953,0.0005075208285524178,5.2769982694256535e-06,1012,0.007593588837795805
ECFP_970,0.0005068962126720955,-1.637594237032648e-05,1013,0.007584243258442435
ECFP_1084,0.0005066491147489731,0.00010636763279548156,1014,0.007580546149032724
ECFP_891,0.00050515649618072,3.0147559043486763e-05,1015,0.007558213407081419
MACCS_30,0.0005044287411360667,-0.00010738437797536145,1016,0.0075473246469107465
ECFP_234,0.0005018506145894393,0.00019941390070832206,1017,0.007508750401548769
ECFP_864,0.0005006109433193547,6.937576651587091e-05,1018,0.007490202288073504
ECFP_672,0.0005005663890755823,-0.00020865554160565898,1019,0.0074895356620176805
ECFP_222,0.000499566254810101,0.00014881814342016512,1020,0.007474571530562588
ECFP_578,0.000496444973618058,-0.00011376366965024491,1021,0.00742787053882768
ECFP_369,0.0004959642660248087,-3.6555849327564724e-05,1022,0.00742067813290268
ECFP_237,0.000494458273825058,5.523408488210793e-05,1023,0.007398145293037857
ECFP_867,0.0004915167594957484,-1.2956739757477334e-05,1024,0.007354133995135124
ECFP_1013,0.0004897679687216899,-3.1514258463395004e-05,1025,0.007327968373244475
ECFP_1278,0.0004892464760221452,4.4756371812056495e-05,1026,0.007320165735560523
ECFP_1501,0.00048742805702021086,0.0001092351928577393,1027,0.007292958327590865
ECFP_716,0.00048724925526562015,-7.159073700680938e-05,1028,0.0072902830738250015
ECFP_81,0.0004870314067383316,0.0002882793539378191,1029,0.007287023597460521
ECFP_1010,0.0004857759064849181,-2.3897374756900024e-05,1030,0.007268238648796712
ECFP_1098,0.0004836707301069859,0.0001891376872499031,1031,0.007236740741822819
ECFP_1728,0.0004835929512744979,0.0001149158945400237,1032,0.007235577005398675
ECFP_1828,0.00048300039114894177,-0.00011657640509551428,1033,0.007226711048176821
ECFP_1368,0.00048239529877880795,6.340455290071194e-05,1034,0.007217657581975663
ECFP_1656,0.0004804379608119203,-3.1222587147055286e-06,1035,0.007188371651426673
ECFP_1411,0.00047888878646213984,-0.00010828569760517965,1036,0.007165192714940763
ECFP_367,0.00047701762309986526,-4.964470301483125e-05,1037,0.007137196139387425
ECFP_370,0.00047528529688279595,9.873053825810485e-05,1038,0.007111276862216321
ECFP_1071,0.00047496556905409507,9.228811928457843e-05,1039,0.007106493055257932
ECFP_776,0.00047492051598301325,-0.00020826953091587303,1040,0.007105818965686769
ECFP_835,0.00047478256611994046,4.07136438600968e-05,1041,0.0071037549429285455
ECFP_993,0.00047442033110597594,0.00010005887688345376,1042,0.007098335138254626
MACCS_61,0.0004742063132533774,2.4101614479367327e-05,1043,0.00709513297691434
ECFP_346,0.0004741437160828455,0.00023429043846380645,1044,0.007094196390377025
ECFP_471,0.0004718650205451906,-5.766823351617497e-05,1045,0.007060102268469112
ECFP_1851,0.00046975447711669735,-9.187009562657654e-05,1046,0.007028524059026946
ECFP_2012,0.00046905158561589953,4.3058881938193916e-05,1047,0.007018007310246677
ECFP_968,0.0004680306841561516,-1.4150213724963603e-05,1048,0.00700273245748577
ECFP_1286,0.0004671272059902183,-8.31081405068572e-05,1049,0.006989214506438142
ECFP_1272,0.00046677755874415097,-0.00010111690232730718,1050,0.006983983041490239
ECFP_350,0.00046489901801418005,-2.689870852441781e-05,1051,0.006955876084857268
ECFP_341,0.00046473874813920333,1.6952932797852713e-05,1052,0.00695347810734543
MACCS_23,0.00046064718463237434,5.963645779545943e-05,1053,0.006892259632700345
ECFP_1009,0.0004598930394069263,0.00013741091285905265,1054,0.0068809760194102785
ECFP_1096,0.00045674391523651875,8.1119379422563e-05,1055,0.006833858437620687
ECFP_818,0.0004545454948839019,-5.210854672776365e-05,1056,0.00680096540286972
ECFP_1525,0.00045411870492791107,-8.608184996319066e-05,1057,0.006794579719241444
ECFP_846,0.0004527207106845968,-2.867232757226128e-05,1058,0.006773662758036892
ECFP_1520,0.0004526165646496512,2.240792119034632e-05,1059,0.006772104512298052
ECFP_1916,0.00045240855023619565,5.986153483109084e-05,1060,0.006768992175149995
ECFP_1190,0.0004508983582148113,0.00012551785849077024,1061,0.006746396497039164
ECFP_941,0.00044935388550210615,-2.0566901488011938e-05,1062,0.006723287907023401
ECFP_1140,0.0004487228564429713,0.00013276003985969074,1063,0.006713846372902647
ECFP_1189,0.0004479433790350507,-1.4389667850675884e-05,1064,0.006702183736393753
ECFP_1732,0.00044732061843633927,4.4311341590114054e-05,1065,0.006692865915991223
ECFP_1521,0.00044655024719154673,-0.00010334206264459226,1066,0.006681339527011088
ECFP_1110,0.00044577123520480986,-8.842132426009732e-05,1067,0.006669683854190986
ECFP_1984,0.0004454673077212155,8.571700163913163e-05,1068,0.006665136453932549
ECFP_1471,0.0004444239087837313,-6.852615970675874e-05,1069,0.006649524991152496
ECFP_192,0.00044388902151496656,7.207706195687379e-05,1070,0.006641521942282253
ECFP_1289,0.00044296806074744334,-0.00038770338280104963,1071,0.0066277424144069955
MACCS_67,0.0004428092085221201,0.0002522692222995849,1072,0.006625365647943017
ECFP_949,0.00044086895798646535,9.505559772800003e-06,1073,0.006596335381634344
PAS_14,0.0004400226499663556,8.347027673480841e-05,1074,0.006583672817315216
ECFP_1948,0.00043592776152505733,0.00011353086178629863,1075,0.0065224045945931
ECFP_950,0.00043589986550666813,-7.282189390472994e-05,1076,0.006521987210947067
ECFP_872,0.00043584513397677436,0.0001522236264533615,1077,0.006521168311088982
ECFP_13,0.0004357337994141208,-1.5352505146911183e-05,1078,0.0065195025097175615
MACCS_52,0.0004357213949583834,-2.9457460777754134e-05,1079,0.006519316912730547
MACCS_68,0.00043279678534374543,-0.00043279678534374543,1080,0.006475558545240549
ECFP_1638,0.0004319699666515182,-7.467765253867795e-05,1081,0.006463187582633782
ECFP_655,0.000429823227222355,7.607960541015881e-05,1082,0.006431067804193464
PAS_11,0.00042974182595044387,0.00010521566361455801,1083,0.006429849868386711
ECFP_825,0.0004281809575352196,-0.0002145881549970303,1084,0.0064064959638604245
ECFP_880,0.00042673583405116827,-6.692818675477089e-05,1085,0.006384873849179873
ECFP_1484,0.0004262852514435646,-6.080529672364174e-05,1086,0.006378132176982175
ECFP_303,0.00042333774602214687,5.0989298716643214e-05,1087,0.006334031239625063
ECFP_630,0.00042207216589388116,7.235861557409125e-05,1088,0.006315095474638342
ECFP_1174,0.00042076830623882463,5.345063164272664e-05,1089,0.006295586966680295
ECFP_1699,0.00041919032176733825,-9.635018825609536e-05,1090,0.006271976969622496
ECFP_1187,0.00041826762395185703,4.665769245859031e-05,1091,0.0062581714518228
ECFP_545,0.00041602357510375017,5.785850099854615e-05,1092,0.006224595717930151
ECFP_790,0.0004142831018519026,-2.272231312848473e-05,1093,0.006198554543826206
ECFP_773,0.000414241030879148,6.210045645447523e-05,1094,0.006197925072775697
ECFP_896,0.00041295244340442235,6.860838791610133e-05,1095,0.006178645069051496
ECFP_965,0.0004127642063273776,-0.0001354973428634745,1096,0.006175828642834697
ECFP_802,0.0004116028902313355,-8.47073290055433e-05,1097,0.006158452889076549
ECFP_685,0.00041092668195959507,-0.00011831145239022187,1098,0.006148335378039694
ECFP_4,0.0004104236388444056,0.0001180853587312502,1099,0.006140808785298016
ECFP_1664,0.0004066655476504186,-0.0002317623788188189,1100,0.00608457976426754
ECFP_623,0.00040634362118069,2.8477470968916558e-05,1101,0.006079763060972633
ECFP_1063,0.0004055695770990978,-0.00012673198679943052,1102,0.006068181718558164
ECFP_1561,0.0004048993415236813,4.737995958202844e-05,1103,0.006058153571735713
ECFP_382,0.0004039823575128237,-0.00022062286142259056,1104,0.0060444335445810704
ECFP_959,0.0004016302606439638,5.145157156963775e-06,1105,0.00600924118295971
ECFP_1059,0.0004011555680146071,-6.601831256767666e-05,1106,0.006002138773661655
ECFP_1856,0.000400512137775456,9.969099874570469e-05,1107,0.005992511691565628
ECFP_506,0.00039918743329755383,0.00023406807248798562,1108,0.0059726913008134545
ECFP_1919,0.00039851171224799105,6.939989783126278e-05,1109,0.005962581079654534
ECFP_890,0.0003971508717398117,-5.3371420403627845e-05,1110,0.005942220017188575
ECFP_1253,0.0003966429954786184,-0.00015097032360594038,1111,0.005934621110324044
ECFP_498,0.00039644839184603396,-0.00010797848944793918,1112,0.005931709426922985
ECFP_210,0.00039640630748622086,6.320971387126463e-05,1113,0.005931079755573667
ECFP_1268,0.000395444315055628,2.4773508941521368e-05,1114,0.005916686306926781
ECFP_1317,0.0003949418582840594,-6.373906017557693e-06,1115,0.005909168487130219
ECFP_1040,0.000393874927891435,-0.00010646670776512933,1116,0.005893204943834379
ECFP_800,0.0003934255076621328,0.00021176620214099066,1117,0.005886480663283287
ECFP_326,0.0003929041187896102,5.054024711456615e-05,1118,0.0058786795790719635
ECFP_1406,0.000392161225728622,-9.291108969179034e-05,1119,0.005867564322045594
ECFP_1293,0.000392153768200221,-7.68291363993727e-05,1120,0.005867452741591674
MACCS_166,0.00039135340394014944,-0.00022645636565654805,1121,0.0058554775934410355
ECFP_712,0.00039110903241081486,-3.0198070516904278e-05,1122,0.005851821276669322
ECFP_1514,0.00038972218364543887,-7.08512018384071e-05,1123,0.005831071075471654
ECFP_562,0.00038530278470960336,-0.00010324710663092677,1124,0.005764947486958751
ECFP_1729,0.00038442170853845623,1.5881178749032587e-05,1125,0.005751764717302669
ECFP_833,0.00038350377908121907,-1.1746295812898473e-06,1126,0.005738030544263423
ECFP_585,0.00038320416169589924,-1.4081967944990339e-05,1127,0.00573354763222361
MACCS_24,0.00038163124029969047,1.6359297570877055e-05,1128,0.005710013389518638
ECFP_105,0.00037936049993900754,-0.0002295064611836653,1129,0.005676038293943553
ECFP_1903,0.0003779820404151761,4.915215701316445e-05,1130,0.005655413613606048
ECFP_1168,0.0003777920398704714,-8.771448095951444e-05,1131,0.005652570802169993
ECFP_1025,0.0003777289831752011,5.2862631408214446e-05,1132,0.005651627340167224
ECFP_1451,0.0003766079752840756,-9.683573307121506e-05,1133,0.005634854682711152
ECFP_817,0.00037491455302417806,2.7109849352811665e-05,1134,0.005609517491315262
ECFP_1830,0.0003740868356298377,-7.463523079090475e-06,1135,0.005597133082217335
sPAS_14,0.00037396825733210644,0.00013477207126933333,1136,0.005595358899193901
ECFP_1058,0.00037076593440846283,-9.87032527719951e-05,1137,0.0055474453511384315
ECFP_1649,0.00036973867466814545,3.57563727536483e-05,1138,0.005532075365004384
ECFP_171,0.0003696395796125266,0.00024062495633729675,1139,0.005530592692637273
ECFP_1760,0.000367720636177186,-0.00014583015469593884,1140,0.005501881225774866
ECFP_931,0.00036634895619243866,3.4997552116496745e-05,1141,0.0054813579817320265
ECFP_1371,0.00036476987835215227,0.00019149688269070578,1142,0.00545773162555624
ECFP_1515,0.0003645204623741929,0.00012036853336778296,1143,0.0054539998331259625
ECFP_1081,0.0003641797630456512,-5.582902099522661e-05,1144,0.005448902248016722
ECFP_2033,0.0003639738858260679,-4.017360424897086e-05,1145,0.0054458218878253115
ECFP_2032,0.00036344748845117835,4.217421823844635e-05,1146,0.005437945865787738
ECFP_634,0.00036256259414606105,-6.336074002226945e-05,1147,0.005424705968743249
ECFP_838,0.00036077617102506183,-6.372400165259791e-05,1148,0.00539797728706551
ECFP_1717,0.0003604195303201293,-8.874751907080981e-05,1149,0.005392641185128957
ECFP_570,0.00036016381954594927,0.00024052600020034988,1150,0.005388815209186146
ECFP_926,0.00035972880924492635,-1.9062150514631244e-05,1151,0.005382306531748028
MACCS_32,0.00035915607944602746,-0.00011672179328557098,1152,0.005373737278303994
ECFP_375,0.0003583763132507268,0.00022034574151926,1153,0.005362070320922925
ECFP_729,0.00035820446190418145,6.792395895094763e-05,1154,0.0053594990600140694
ECFP_608,0.0003575352528764179,6.267789196670995e-05,1155,0.005349486272523413
ECFP_1076,0.0003574885698281722,0.00010190112176876872,1156,0.005348787795034156
ECFP_1744,0.0003573116622994201,-0.00012448838636286782,1157,0.005346140882907444
ECFP_1074,0.0003565499777098979,7.400979839910168e-05,1158,0.005334744464728088
MACCS_63,0.00035483276496591843,-4.3418033456062787e-05,1159,0.005309051317193639
ECFP_932,0.0003543784432126606,1.3843376613807414e-05,1160,0.0053022536994404
ECFP_1243,0.0003537518340432544,-0.0002017386404162467,1161,0.005292878296251461
ECFP_60,0.0003523022767617613,-8.482318366647904e-05,1162,0.005271189842550187
ECFP_1504,0.00035208283307057805,0.00014500879813889386,1163,0.005267906499148011
ECFP_1979,0.0003503952847881154,-2.714755786495147e-05,1164,0.0052426571949224085
ECFP_1954,0.0003491906924004512,-3.56088609599276e-05,1165,0.005224633935985133
ECFP_1390,0.00034809766001282506,3.709003202843528e-05,1166,0.0052082798514410545
ECFP_1097,0.0003474291945401448,-1.589698137830866e-05,1167,0.005198278189112684
ECFP_315,0.0003474116429475946,2.1528207568891252e-05,1168,0.00519801558003385
ECFP_1999,0.00034579714671469916,-7.04358719872504e-05,1169,0.005173859289527022
ECFP_150,0.00034497432701997247,-7.398666296899922e-05,1170,0.0051615481604109685
ECFP_1621,0.0003449241719109966,-1.8714070949895438e-05,1171,0.005160797733523537
ECFP_924,0.0003446826087690638,-5.528626822272905e-05,1172,0.005157183436188321
ECFP_1118,0.0003444914230124199,-0.00011967345567928871,1173,0.005154322891465973
ECFP_406,0.00034375639659054363,-0.00013366658999718945,1174,0.00514332533605812
ECFP_792,0.0003435257989253373,-4.6029261744635564e-05,1175,0.005139875105529598
MACCS_46,0.00034254568956255363,-1.8222322892061974e-05,1176,0.00512521058912289
ECFP_541,0.00034170345324875076,0.0001579572450332854,1177,0.005112608946172547
ECFP_101,0.0003415657307630564,-9.925564412636004e-05,1178,0.005110548325462526
ECFP_1155,0.00034083304026675875,6.634255710737283e-05,1179,0.0050995857204594675
ECFP_564,0.0003403230346809996,4.8559564800459305e-05,1180,0.005091954954379817
ECFP_544,0.00033947655064811626,0.0002142778774724028,1181,0.005079289756535998
ECFP_141,0.0003385364098009796,-7.986776659310877e-06,1182,0.0050652232539588815
ECFP_706,0.00033848249102427585,-8.465450438510452e-05,1183,0.005064416514613635
ECFP_1818,0.0003374224168740215,-2.8968143043478197e-05,1184,0.005048555555256426
ECFP_1780,0.0003361000539530936,-5.9200939257722884e-05,1185,0.005028770199166678
ECFP_613,0.0003359570890651874,5.008303835308153e-05,1186,0.005026631140992262
ECFP_44,0.0003345632457945299,2.87557785645708e-05,1187,0.005005776287149336
ECFP_859,0.00033399901842670344,9.585894548844604e-05,1188,0.004997334248121053
MACCS_119,0.00033284233384116226,-1.1632638650066035e-05,1189,0.004980027791590651
ECFP_579,0.0003326617054157103,3.028443966581155e-05,1190,0.00497732520695149
ECFP_1671,0.0003309825585467486,8.679774042951112e-05,1191,0.004952201605704352
ECFP_1034,0.00033000325629120846,8.247574167555802e-05,1192,0.004937549165335139
ECFP_1205,0.00032937147321625976,4.028386583942768e-05,1193,0.004928096349537367
ECFP_2001,0.00032802638682536306,-6.0984782720271014e-05,1194,0.004907971002104992
ECFP_1487,0.00032756895786771064,5.061470023269318e-05,1195,0.004901126893978787
ECFP_2017,0.0003272033263354624,9.436283462007505e-05,1196,0.004895656270182035
MACCS_145,0.000326683939477745,6.538453439017444e-05,1197,0.004887885140361589
ECFP_720,0.0003235133854711112,-8.738710515603782e-05,1198,0.004840446922735972
ECFP_1632,0.00032348187691939016,-4.692093068909483e-05,1199,0.004839975487923481
ECFP_543,0.000322522139556556,7.631441809153842e-05,1200,0.004825615779876779
ECFP_563,0.0003218630243029839,-5.5945629642714094e-05,1201,0.004815754016672653
ECFP_473,0.0003205997543945933,-7.124531456280424e-05,1202,0.00479685281747884
ECFP_334,0.00031866683002348685,8.069271725337359e-05,1203,0.004767932166142022
ECFP_2027,0.0003181009980015967,3.285226840542661e-05,1204,0.004759466118082974
ECFP_1763,0.00031698470274555915,-0.0001548158199742584,1205,0.0047427639716506615
ECFP_1493,0.0003160467609672291,-0.00013852393047367526,1206,0.004728730371810545
ECFP_1119,0.00031450763392575814,9.54451157305135e-05,1207,0.004705701764382945
ECFP_580,0.00031286650116740285,2.6518661329137512e-05,1208,0.0046811469349176535
ECFP_1329,0.00031253823400186645,-0.00012311982153148592,1209,0.004676235361354965
ECFP_697,0.0003123390535093349,-5.107114200030126e-05,1210,0.004673255198414444
ECFP_232,0.00031228246992357026,0.00023374714663724065,1211,0.004672408587869433
ECFP_1339,0.0003112105651932533,-6.673086138132687e-05,1212,0.004656370617923389
ECFP_1611,0.0003111773208787936,-0.00026660636079518834,1213,0.004655873212416069
ECFP_1370,0.00030946088765031226,6.064469553847281e-05,1214,0.004630191728088039
ECFP_1953,0.0003092254289923662,8.516299725503484e-05,1215,0.004626668766790389
ECFP_1142,0.00030859095019475347,0.00010810073439604492,1216,0.004617175617259734
ECFP_1016,0.0003078555293317075,1.1214620951911388e-05,1217,0.0046061721601747575
ECFP_1864,0.00030684403580758055,2.7871597232783395e-05,1218,0.004591038070099636
ECFP_1613,0.00030594119179210813,-1.2898406024939983e-06,1219,0.0045775296072889235
ECFP_297,0.00030592396383073006,8.037326571702214e-05,1220,0.004577271840419351
PAS_16,0.0003055562250712851,5.774022473655224e-05,1221,0.004571769688031023
ECFP_632,0.0003037004782884774,9.471364200911179e-05,1222,0.004544003777229101
ECFP_1977,0.00030265171057003274,-3.907993349914064e-05,1223,0.004528311986090328
ECFP_610,0.0003022105362513015,9.81211334162758e-05,1224,0.004521711081863805
ECFP_55,0.00030186366915682856,-4.439316934707152e-05,1225,0.004516521213884787
ECFP_1810,0.0003006379659748277,-0.00019818525122146464,1226,0.00449818209265534
ECFP_1267,0.0003001453730347142,-1.4583630743173234e-05,1227,0.004490811856713907
ECFP_1422,0.00029895637986378606,-0.00011887200405390615,1228,0.004473021995169253
ECFP_756,0.00029801753910844086,-0.00016220976620259553,1229,0.004458974944724858
ECFP_1271,0.00029729140995802454,0.00012553307572314628,1230,0.004448110511383025
ECFP_1686,0.0002952994674353008,9.207928727464565e-05,1231,0.004418306823228533
ECFP_271,0.00029492386451582557,-6.155000786665224e-05,1232,0.004412687006314012
ECFP_70,0.00029432528107887763,-3.540015881661527e-05,1233,0.004403730927568905
ECFP_1846,0.0002912039469230307,-0.0001518317954848036,1234,0.004357029143383072
ECFP_111,0.0002893951969025613,0.0001284050628596754,1235,0.004329966403899109
ECFP_1650,0.00028893690343489894,6.616672157548457e-05,1236,0.004323109360868182
ECFP_440,0.00028844907076399306,-7.38088176326839e-05,1237,0.004315810348658045
ECFP_400,0.00028827517189315336,0.0001221764643624648,1238,0.004313208452439756
ECFP_1457,0.000287024306371798,5.887064030236953e-07,1239,0.004294492849205027
ECFP_748,0.0002866497005946289,-5.254630427892095e-05,1240,0.004288887951655899
ECFP_402,0.0002861278505512495,-0.00014469363307812174,1241,0.004281079967349694
ECFP_1890,0.00028573252413331126,3.1507674911124785e-05,1242,0.004275165045033887
ECFP_1516,0.0002856251604563511,1.6841538194555884e-05,1243,0.004273558656540877
ECFP_945,0.0002854031546725295,3.95549943459469e-05,1244,0.004270236978794642
ECFP_639,0.0002853862488404336,-0.00021716024636506478,1245,0.0042699840316628695
ECFP_840,0.0002846910374612085,1.8297204151126388e-05,1246,0.004259582193802835
ECFP_1877,0.00028359728078645807,-6.481092893077132e-05,1247,0.004243217272386035
ECFP_1787,0.0002833767323945655,3.2124742573929944e-05,1248,0.004239917400316458
ECFP_1423,0.00028334027816587925,-8.755890908826069e-05,1249,0.004239371967679078
ECFP_1030,0.0002830418581929869,-0.00016274286183950843,1250,0.004234906971470756
ECFP_615,0.0002817906041157244,5.421630224262455e-05,1251,0.004216185554614923
ECFP_477,0.00028120070668092575,3.1559992916694915e-06,1252,0.004207359436898518
ECFP_1721,0.00028022036984793946,4.527287267877884e-05,1253,0.00419269151705476
ECFP_1006,0.0002781809548479247,6.209187755505464e-05,1254,0.004162177539876883
ECFP_1834,0.0002774285182205138,0.0001411756787367246,1255,0.004150919490840053
ECFP_1299,0.0002759360169482112,9.994183842935344e-05,1256,0.004128588503885135
ECFP_1755,0.0002751220956593895,-7.48479432208011e-05,1257,0.004116410513808808
ECFP_337,0.0002730978970966529,-0.0001303087010615133,1258,0.004086124206830391
ECFP_149,0.00027276040197062035,-4.15655942865115e-05,1259,0.004081074563391794
ECFP_1472,0.00027165263277597023,-2.008420455557903e-05,1260,0.004064499984934901
ECFP_1281,0.00027162934735210114,3.43708932506353e-05,1261,0.004064151585569145
ECFP_908,0.0002712778550379315,-1.9541309058384524e-05,1262,0.004058892514486166
MACCS_27,0.00027077369680326475,-0.00027041245478791044,1263,0.004051349237190202
ECFP_1511,0.00027054800298192565,2.847471754983582e-05,1264,0.004047972378574629
MACCS_69,0.0002694095657071476,-3.419690049116048e-05,1265,0.004030938940544227
ECFP_1975,0.0002693956960827985,-2.3016888197075094e-06,1266,0.004030731421524876
ECFP_2003,0.00026915170602120165,-1.2009453825995634e-05,1267,0.0040270808123202065
ECFP_1620,0.000268826377726194,2.2685273620727608e-05,1268,0.004022213210498553
ECFP_1220,0.00026858741560692077,-8.483481758451083e-05,1269,0.004018637829983146
ECFP_2019,0.00026764915280545927,-8.410044491232818e-05,1270,0.004004599426955592
ECFP_893,0.00026731248059222717,-1.3967032055789367e-05,1271,0.00399956209603917
ECFP_176,0.0002653250931045591,-1.140313901938729e-05,1272,0.003969826560877438
ECFP_208,0.00026433201860929823,8.282927587593766e-05,1273,0.0039549680585696185
ECFP_100,0.000262593493252589,-4.8652740657440314e-05,1274,0.003928956029111465
ECFP_1442,0.0002622165947588973,-0.000186765281428532,1275,0.0039233168276567336
ECFP_1874,0.00026220998308751874,-2.5423962017856402e-05,1276,0.00392321790301925
ECFP_1906,0.0002621225427803458,0.00016941281919008824,1277,0.003921909610426775
ECFP_1961,0.0002607633387421065,-0.00010349007597759071,1278,0.0039015730330246227
ECFP_1623,0.0002605586936634608,-8.93901597090155e-05,1279,0.003898511108276931
ECFP_348,0.000258534316046948,3.508910779097626e-05,1280,0.0038682221222739697
ECFP_363,0.0002585253889621165,7.654536678632231e-05,1281,0.0038680885541366307
ECFP_405,0.0002582954133982451,3.455834337076808e-05,1282,0.003864647631564526
ECFP_245,0.0002581805097452613,0.0001182980070507424,1283,0.0038629284290261617
ECFP_918,0.0002574222667958686,-7.242066301739503e-05,1284,0.0038515835050882247
ECFP_124,0.0002561665185558669,4.735229334312359e-05,1285,0.003832794846018692
ECFP_244,0.0002559919416362893,-5.537536770809434e-06,1286,0.003830182804752085
ECFP_362,0.00025377848512984626,-5.430607007295539e-06,1287,0.003797064797224762
ECFP_1273,0.0002531973705497828,2.3136212997632525e-05,1288,0.0037883700896573173
ECFP_1835,0.0002530606676651444,-7.074724224065368e-05,1289,0.003786324724343257
MACCS_49,0.0002529976880818797,2.312910427917252e-05,1290,0.0037853824160997665
ECFP_1669,0.0002521697124307481,9.625096523316126e-05,1291,0.0037729941429320763
ECFP_1553,0.0002518200151496062,8.19656556775326e-05,1292,0.003767761929353255
ECFP_193,0.0002508752489632766,-3.848117589458313e-05,1293,0.0037536262218842596
ECFP_53,0.0002460777542713558,-1.5414541105312992e-07,1294,0.003681845518329958
ECFP_1895,0.0002457403756753433,-5.509682345601102e-05,1295,0.0036767976184278028
ECFP_933,0.00024499691475962486,0.0001035772713892499,1296,0.0036656738650893642
ECFP_870,0.0002442183779199089,-6.223925003878602e-05,1297,0.0036540253014772216
ECFP_1443,0.00024180252465466287,-1.933189790614296e-05,1298,0.0036178790088392436
ECFP_1785,0.00024139617278059648,6.1271144586329935e-06,1299,0.0036117991222975837
ECFP_20,0.00024043983521868076,3.962498393983281e-05,1300,0.003597490282488898
ECFP_696,0.00024043460547978034,-0.0001664778577770899,1301,0.003597412034494521
ECFP_1149,0.0002382304436392184,-3.2543550273580205e-05,1302,0.003564433094897251
ECFP_1104,0.00023726716654821523,2.9447769147194565e-05,1303,0.0035500204250038603
ECFP_8,0.0002370640322518398,6.458982683581454e-05,1304,0.0035469811047656556
ECFP_1914,0.000236983467060574,3.618371993303622e-05,1305,0.0035457756784999864
ECFP_273,0.00023639057665183943,-6.182496220810697e-05,1306,0.0035369047795407375
ECFP_307,0.00023323882407450412,-3.735571677997058e-05,1307,0.003489747871204559
ECFP_1212,0.0002301595712292587,-1.6801869294972252e-05,1308,0.003443675712745369
ECFP_1407,0.00022953732061711118,-0.00010258351550926432,1309,0.003434365522824312
ECFP_1403,0.00022907328105808145,3.6393749502014775e-05,1310,0.0034274225060701145
ECFP_1430,0.00022904005908626208,3.8434799313814584e-05,1311,0.0034269254348561176
ECFP_407,0.00022839202166480857,-1.4583757894844965e-05,1312,0.003417229419533832
ECFP_428,0.00022798654989547118,3.757968090482301e-05,1313,0.0034111627012269915
ECFP_1848,0.0002265014249339197,8.90839136604088e-05,1314,0.0033889420795375617
ECFP_1109,0.00022607751243436524,-0.00010128240599211353,1315,0.0033825994487651453
ECFP_664,0.0002255946849724609,-6.81764384330919e-05,1316,0.0033753753251055205
ECFP_489,0.00022527618979732874,1.4867943197456047e-06,1317,0.0033706099612609
ECFP_1983,0.00022239722625511975,5.8814361680016885e-05,1318,0.0033275345559008983
ECFP_635,0.00022207392687728178,-2.3999648044303402e-05,1319,0.003322697310986598
ECFP_1188,0.00021971395303442142,3.8879024008385786e-05,1320,0.0032873870931148523
MACCS_84,0.0002183830552289359,-2.2253925855206814e-05,1321,0.0032674740370363317
ECFP_190,0.0002181734628456879,-1.120910507778452e-05,1322,0.0032643380901108457
MACCS_20,0.00021779654464637924,-3.988632056247247e-05,1323,0.003258698593818258
ECFP_221,0.00021773065332105946,-9.236195924264981e-05,1324,0.0032577127197332815
ECFP_1751,0.0002144472778758714,-9.652449773540703e-05,1325,0.0032085864539167877
ECFP_983,0.00021424401843953838,1.1246874712585489e-05,1326,0.0032055452613192004
ECFP_1195,0.0002139474509296013,7.2712383070079275e-06,1327,0.0032011079818886515
ECFP_153,0.0002127845143905101,8.339772448042508e-05,1328,0.0031837079828630037
MACCS_56,0.00021207971450559022,3.540260007009507e-05,1329,0.003173162680605611
ECFP_788,0.0002111244581121296,-4.6470567940180454e-05,1330,0.0031588700173718577
ECFP_90,0.00021051652164237448,-5.102852274605653e-06,1331,0.0031497739974035957
ECFP_647,0.00021047933128828648,-4.9052237134890375e-05,1332,0.003149217550767737
ECFP_11,0.0002103900740592258,4.367397444005262e-05,1333,0.0031478820731672985
ECFP_1695,0.00020944759032595113,0.00020944759032595113,1334,0.0031337805160406443
ECFP_328,0.00020761981944652515,7.073326582857438e-06,1335,0.0031064331841338046
ECFP_871,0.00020744977765566622,-1.2617695334730935e-05,1336,0.0031038889980189058
ECFP_1090,0.00020660409667765087,7.909596901679184e-05,1337,0.0030912358155804425
ECFP_1857,0.00020630970390250576,2.6004363398168518e-05,1338,0.0030868310747983827
ECFP_1462,0.0002024798406012356,-1.3569741139313673e-05,1339,0.003029528190702454
ECFP_648,0.00020236928095177415,0.00014279633931999373,1340,0.003027873983677186
ECFP_1361,0.0002020168395890211,1.5048637032779326e-06,1341,0.003022600712812988
ECFP_1927,0.00020008483250927406,2.6412760151520716e-05,1342,0.002993693786101912
ECFP_1374,0.00019722299078520796,-1.821038767892352e-05,1343,0.0029508745594833885
ECFP_1315,0.00019686026329629949,4.723867458327885e-05,1344,0.0029454473863390006
ECFP_1341,0.000196836229211071,-1.84216833379757e-05,1345,0.0029450877854102307
ECFP_504,0.00019676312348438063,-2.3136777414085506e-05,1346,0.0029439939685677605
ECFP_1715,0.00019648345589709266,-4.746325910894805e-05,1347,0.002939809547851116
ECFP_1532,0.0001957681003634108,2.0945168938520447e-05,1348,0.002929106310683263
ECFP_569,0.00019558920922160868,8.475796390360806e-06,1349,0.0029264297194949883
ECFP_166,0.00019541236046888015,2.189386435197021e-05,1350,0.002923783686782345
ECFP_1811,0.00019497227222755668,0.00010282343639990542,1351,0.002917199032579106
ECFP_1955,0.00019374592364180136,-7.571667233343555e-05,1352,0.002898850254739584
ECFP_767,0.0001930943184591093,-1.0739992050670045e-05,1353,0.0028891008581363883
ECFP_374,0.0001928430091685188,-5.838310225991185e-05,1354,0.002885340737730482
ECFP_1899,0.00019210101878559363,-6.569565351075031e-06,1355,0.0028742389866839224
ECFP_1161,0.00019128765595203713,-1.2034769412601633e-05,1356,0.0028620693522837166
ECFP_52,0.00019062397265643563,6.568067144834317e-05,1357,0.0028521392414748935
ECFP_1976,0.00019048413656979894,-6.543277516590803e-05,1358,0.002850046996808534
ECFP_1301,0.00018986150993985552,-2.6086233965029487e-05,1359,0.002840731180863131
ECFP_637,0.0001891520683435152,2.939959934123983e-07,1360,0.0028301164287505847
ECFP_1679,0.00018814496407555838,0.0001286504265281809,1361,0.00281504801126422
ECFP_1200,0.0001880805063280987,1.1044881841375145e-05,1362,0.0028140835865468833
ECFP_701,0.00018804999588517885,3.3449860106863476e-05,1363,0.002813627085560602
ECFP_785,0.00018727163390592656,2.118073639035817e-05,1364,0.0028019811382321478
ECFP_682,0.000186461406150625,-6.180656538752826e-05,1365,0.002789858411257023
MACCS_40,0.00018480356576928378,-6.261947417095816e-05,1366,0.0027650536002889552
ECFP_727,0.00018393544094836013,-1.7178840259002216e-05,1367,0.0027520646103222145
ECFP_2024,0.00018358112288130595,-6.14043486104398e-05,1368,0.002746763259978257
ECFP_148,0.00018215019602373024,-8.07186500826465e-05,1369,0.002725353556962951
ECFP_928,0.00018180633717383298,9.630758404153323e-05,1370,0.0027202086987079613
ECFP_1316,0.00018071998469958882,-3.5425278524957235e-05,1371,0.002703954559846584
ECFP_181,0.00018055948312897913,-6.839379707855693e-05,1372,0.002701553115676289
ECFP_39,0.00017855711545105614,-8.799314356650108e-05,1373,0.002671593445072014
ECFP_236,0.00017729379162397983,0.0001378530494577129,1374,0.0026526914391402177
ECFP_446,0.00017625406152462086,0.00010543029249900551,1375,0.002637134869965841
PAS_8,0.00017584992526072877,-9.380401490954552e-07,1376,0.0026310881336551505
ECFP_209,0.0001755572489080798,7.02728615427305e-06,1377,0.00262670907419684
ECFP_1705,0.0001751505651297209,7.381562622126239e-06,1378,0.002620624221662478
ECFP_533,0.00017369877353863773,4.011712522275162e-05,1379,0.002598902337947283
ECFP_102,0.00017360805600303723,0.0001079453044672152,1380,0.0025975450110614228
ECFP_760,0.00017231156114997485,-9.468237863431224e-05,1381,0.0025781466961734313
ECFP_302,0.00016968029904712955,7.411688927552666e-05,1382,0.0025387774301071074
ECFP_1591,0.00016750500388359527,-7.354098027061611e-05,1383,0.0025062303972693822
ECFP_288,0.0001673776147885622,3.133489490649335e-05,1384,0.0025043243860168804
ECFP_163,0.00016671875929052913,6.0259567635885345e-05,1385,0.0024944665093069637
ECFP_1283,0.00016643666445144374,6.950074967650837e-05,1386,0.0024902457717514465
ECFP_1178,0.00016625902689502227,2.3138322291210858e-05,1387,0.0024875879368612746
ECFP_594,0.00016354227482941335,3.523463044458336e-05,1388,0.0024469395594945596
ECFP_1032,0.00016291858897955874,-2.6313466920811785e-05,1389,0.002437607895371029
ECFP_398,0.00016275016345442239,-7.251019732302856e-06,1390,0.002435087892021958
ECFP_1896,0.00015748032880309528,-5.040073601398299e-05,1391,0.00235623998010574
ECFP_414,0.00015687232464282484,-3.0049877403761737e-06,1392,0.002347142947343692
ECFP_61,0.00015626705015794916,3.058193740063226e-05,1393,0.002338086756319446
ECFP_1265,0.0001561888032377648,1.6721950096262635e-05,1394,0.002336916016309821
ECFP_1393,0.0001545322117760744,5.975952799963117e-06,1395,0.0023121298918306354
ECFP_106,0.0001524444443891787,3.91016611654605e-05,1396,0.00228089246031425
ECFP_1229,0.00015211161194505563,2.0729795637905997e-05,1397,0.0022759125804938333
ECFP_336,0.00015187146256484906,-4.398991742165255e-05,1398,0.0022723194360348333
ECFP_269,0.0001499561959978954,1.3821926011771098e-05,1399,0.0022436629829278637
ECFP_633,0.00014989214708216922,-2.51948046792188e-05,1400,0.002242704675201029
ECFP_1592,0.00014869105899831248,2.598932029387737e-05,1401,0.0022247338480868035
ECFP_2016,0.00014777842951969498,-5.3477243846342285e-05,1402,0.0022110789739772227
ECFP_892,0.0001474628377012344,-4.118356626197803e-05,1403,0.002206357050510954
ECFP_1428,0.00014651733557922641,2.4337528518119404e-05,1404,0.002192210331882143
MACCS_144,0.0001450568181513829,1.4588139321148073e-05,1405,0.002170357891127914
ECFP_1618,0.00014381074547032582,4.4180440307132104e-05,1406,0.002151713998957132
ECFP_349,0.00014105084024630007,-3.1936559316682644e-05,1407,0.0021104199587453974
ECFP_1653,0.00014045527654217783,-7.607088810708389e-06,1408,0.0021015090616129228
ECFP_1068,0.00013960697686766073,3.098845007298592e-05,1409,0.002088816697916457
ECFP_1576,0.00013949798800749131,4.628182661104012e-05,1410,0.0020871859932330905
ECFP_57,0.0001390675188678032,1.129102287400673e-05,1411,0.002080745261207422
ECFP_606,0.00013824309206015396,4.2625935748868615e-06,1412,0.0020684100862708565
ECFP_927,0.00013824226967685537,-1.7968624139718303e-05,1413,0.002068397781671153
ECFP_1822,0.00013755913839868118,-8.244215559232175e-05,1414,0.002058176687763562
ECFP_501,0.000137369104959137,-3.487036145501928e-05,1415,0.0020553333841508876
ECFP_1694,0.00013642407041181031,2.1583312026462807e-05,1416,0.0020411936614317633
ECFP_1737,0.00013638169534163346,1.4768306261858577e-05,1417,0.0020405596404383516
ECFP_1050,0.00013624937968213,-4.389656599127874e-06,1418,0.002038579917324451
ECFP_1932,0.00013559069615131744,5.802661456312305e-05,1419,0.0020287246136091648
ECFP_669,0.0001355187845414986,2.098180674427506e-05,1420,0.0020276486632896757
ECFP_726,0.00013509396793267157,2.413616799885327e-05,1421,0.0020212925051235164
ECFP_1633,0.0001350047816623641,2.3007314594631997e-05,1422,0.0020199580892166402
ECFP_1183,0.0001348662881383537,6.22101581180026e-05,1423,0.002017885932136837
ECFP_1556,0.00013458475113904588,-8.098780228710395e-05,1424,0.0020136735410484397
ECFP_1661,0.0001336195484843009,-9.327020253751207e-07,1425,0.0019992320606343496
ECFP_1827,0.00013322841767888979,-2.7835979118520795e-05,1426,0.0019933799135873815
ECFP_991,0.00013247893560603088,7.80258565657051e-05,1427,0.0019821660709578633
ECFP_500,0.0001319927935448667,1.5407806484431778e-05,1428,0.0019748923538578803
ECFP_62,0.00013187458436349962,5.470380297863729e-05,1429,0.001973123693598725
ECFP_177,0.00013063345891438475,2.9009609752314256e-05,1430,0.0019545538225185875
ECFP_1324,0.00013061530157965583,-1.0018017305017621e-05,1431,0.001954282150251038
ECFP_1191,0.00013054098509108185,7.357901237340659e-05,1432,0.001953170217840876
ECFP_296,0.00012944043179705426,4.1653688205090276e-05,1433,0.0019367036045734678
ECFP_1318,0.0001289758666814483,5.014009601018981e-06,1434,0.0019297527243773646
ECFP_1790,0.00012825422306869447,-5.183341382543174e-05,1435,0.0019189554041997789
ECFP_947,0.00012793443386165189,1.4748000502673839e-05,1436,0.0019141706788911204
ECFP_22,0.00012640302378433532,4.686458997627159e-06,1437,0.0018912575336269787
ECFP_1395,0.00012531599057016284,-5.442740755066491e-06,1438,0.0018749932094513633
ECFP_447,0.00012391313860510522,-4.1730138404760555e-05,1439,0.0018540035664187304
ECFP_54,0.0001231485014920038,4.595473681794503e-06,1440,0.0018425629722197247
ECFP_1503,0.0001229058614534008,2.6154995905375136e-05,1441,0.001838932562224546
ECFP_1269,0.0001227102281082962,2.8493010418621762e-05,1442,0.0018360054721385602
ECFP_1826,0.00012208452714417364,-9.95992559693385e-05,1443,0.0018266436576283834
ECFP_549,0.00012137446237713225,2.562907973297305e-05,1444,0.0018160195815594329
ECFP_259,0.00012024300561743336,-3.826324795511345e-05,1445,0.001799090586851168
ECFP_535,0.00011831101061872576,-1.2658107940586048e-05,1446,0.001770183840898084
ECFP_160,0.00011816778670558087,-7.290427788780232e-05,1447,0.0017680409071563015
ECFP_815,0.00011800597677318736,1.2129617301853973e-05,1448,0.0017656198871166462
ECFP_1698,0.00011648190934954019,-3.2105579349946704e-05,1449,0.0017428166035366106
ECFP_30,0.00011486018189177491,-1.1932251046880011e-05,1450,0.001718552118557032
ECFP_290,0.0001148035903563052,-7.87388820180877e-06,1451,0.0017177053890675602
ECFP_1056,0.00011444328817226002,-5.213455006577058e-05,1452,0.001712314503631779
ECFP_1930,0.00011401756541433126,2.418525243377841e-05,1453,0.0017059447875517036
ECFP_1617,0.00011314379698074385,-3.249451444157578e-05,1454,0.001692871357160615
ECFP_358,0.00011253348977219786,-4.00350434275872e-06,1455,0.00168373986590801
ECFP_688,0.00011219818450943735,-6.031928459327558e-05,1456,0.0016787229874720754
ECFP_778,0.00010958047942906258,3.873369615811597e-06,1457,0.001639556563237484
ECFP_424,0.00010940577448969606,1.697083102423732e-05,1458,0.0016369426065231058
ECFP_514,0.0001092893749698296,-4.9485859062733965e-05,1459,0.0016352010226411127
ECFP_509,0.0001083480282688922,2.866061232734826e-05,1460,0.001621116477931642
ECFP_1364,0.00010649510947714027,-9.004523055392686e-07,1461,0.0015933928798784907
ECFP_1702,0.00010581331975023779,1.2356154607514235e-05,1462,0.0015831918584254452
ECFP_972,0.00010566726072421116,-3.4690373655436075e-05,1463,0.001581006505377259
ECFP_1716,0.00010521925156295632,3.27154278420005e-06,1464,0.0015743033373992305
ECFP_475,0.00010437516794980511,-3.8988838673989455e-05,1465,0.0015616740549296356
ECFP_1018,0.00010226844305358836,5.6468039448753985e-05,1466,0.0015301529788353844
ECFP_662,0.00010183114574215511,-2.4046235679546584e-05,1467,0.0015236100828672152
ECFP_1433,0.00010177946265133466,5.7213050959560894e-05,1468,0.0015228367941281572
ECFP_874,0.00010168031306944049,-5.5479727772203005e-06,1469,0.0015213533059322318
ECFP_1045,9.969360807272806e-05,5.610208226768852e-06,1470,0.001491627982283824
ECFP_143,9.949272915210679e-05,5.70222678114794e-06,1471,0.0014886224072540684
ECFP_1417,9.944712731524984e-05,3.893517694492508e-06,1472,0.0014879401069821216
ECFP_383,9.812178197088342e-05,3.889854737945927e-05,1473,0.001468110127507366
ECFP_774,9.647801881333481e-05,3.02288008171685e-05,1474,0.0014435159416869667
ECFP_1883,9.625509138867254e-05,6.7838999969382516e-06,1475,0.0014401804742375176
ECFP_135,9.528479871048174e-05,8.722790860871998e-06,1476,0.0014256628362688058
ECFP_1389,9.343372514657325e-05,4.701475707715011e-05,1477,0.0013979668467407965
ECFP_1350,9.075203723427679e-05,4.448593348268403e-05,1478,0.0013578431035333528
ECFP_1542,8.727552159056663e-05,-7.544921619201406e-06,1479,0.0013058270503955977
ECFP_977,8.717551153622235e-05,-7.0761107282423936e-06,1480,0.0013043306877054156
ECFP_1079,8.450039999677697e-05,-4.529142513260419e-05,1481,0.0012643053409945601
ECFP_1337,8.423165031881044e-05,1.6365388412715758e-05,1482,0.001260284275375266
ECFP_1144,8.132147413866441e-05,9.127740106251434e-06,1483,0.001216741862701076
ECFP_1566,8.013320483715467e-05,4.299152025788781e-05,1484,0.0011989628317793772
ECFP_24,7.977339134421267e-05,5.7438276834239134e-05,1485,0.0011935792581997747
ECFP_1320,7.969394624023184e-05,-2.958644624814154e-05,1486,0.0011923905908173401
ECFP_299,7.960547960748572e-05,6.36643421781145e-05,1487,0.0011910669422158543
ECFP_1418,7.885786483043195e-05,2.571308852618772e-05,1488,0.0011798810382950258
ECFP_552,7.832713704533019e-05,1.0501340333285959e-05,1489,0.0011719402241291287
ECFP_1312,7.803029436360887e-05,-7.361588094848311e-06,1490,0.0011674988275446189
ECFP_1676,7.642717247127412e-05,-8.74855865401073e-06,1491,0.0011435127213152822
ECFP_1296,7.47849186699398e-05,-5.185334084333054e-06,1492,0.0011189411186675454
ECFP_1824,7.244069186953086e-05,-9.551154926050295e-06,1493,0.0010838665099748926
ECFP_136,7.005898855145863e-05,4.014558674060817e-06,1494,0.0010482311730318954
ECFP_649,7.001427985507871e-05,1.745378783366378e-05,1495,0.001047562236037228
ECFP_1764,6.823968595929973e-05,-3.739036032628054e-06,1496,0.0010210105446770063
ECFP_1048,6.814018600870693e-05,-5.1559293721520256e-05,1497,0.0010195218142216714
ECFP_1038,6.769868171437369e-05,1.0849626941057628e-06,1498,0.0010129159728597507
ECFP_681,6.733500816104707e-05,1.2734666256129953e-05,1499,0.0010074746445835905
ECFP_934,6.66239611004922e-05,-1.354580846946015e-05,1500,0.0009968358713187031
ECFP_1222,6.571117504788329e-05,-2.1830003799038845e-05,1501,0.0009831786545298736
ECFP_1148,6.39263472540859e-05,-4.6366307181087214e-07,1502,0.0009564738423332492
ECFP_1328,6.352300874141752e-05,-1.5766191136352366e-05,1503,0.0009504390420741393
ECFP_390,6.30938558628436e-05,9.57698659408425e-06,1504,0.0009440180041085806
ECFP_1894,6.0766009196814934e-05,-4.963770630881226e-06,1505,0.0009091884769940501
ECFP_1882,6.0758404247281716e-05,5.0372076500070654e-05,1506,0.0009090746908070827
ECFP_126,6.055667636132338e-05,3.084205971598124e-05,1507,0.0009060564134539058
ECFP_1967,6.028376831063477e-05,4.6195723124467404e-05,1508,0.0009019731297522999
ECFP_1223,5.9516021543483744e-05,-1.4762130302476864e-05,1509,0.0008904860085282894
ECFP_423,5.917802991508634e-05,-8.02136596000848e-06,1510,0.0008854289363604584
ECFP_417,5.7886900602451055e-05,1.1628487205320625e-05,1511,0.0008661109013459297
ECFP_956,5.7388241450937416e-05,-4.357560013842986e-06,1512,0.000858649902006062
ECFP_1743,5.456184743489584e-05,-7.675176049042816e-06,1513,0.0008163610483394199
ECFP_1677,5.447614161741246e-05,5.447614161741246e-05,1514,0.0008150787073942566
ECFP_1153,5.417210439326182e-05,-3.273138621120694e-05,1515,0.0008105296651841666
ECFP_368,5.406182817924942e-05,1.8368345964265507e-05,1516,0.0008088796989548252
ECFP_1962,5.3755416657542455e-05,4.498472055503544e-05,1517,0.0008042951322137072
ECFP_103,5.362758986972946e-05,6.602378726728101e-06,1518,0.000802382572148189
ECFP_1546,5.3050224282154164e-05,3.877171241447928e-05,1519,0.0007937439574658235
ECFP_942,5.144726176626406e-05,-4.15405744374042e-06,1520,0.0007697602358463846
MACCS_31,4.985900405867346e-05,4.3519542370441996e-05,1521,0.0007459965293709223
ECFP_704,4.9465837789816534e-05,-3.0175418557692017e-05,1522,0.0007401139274704144
ECFP_1926,4.748354673494187e-05,4.708386497860998e-07,1523,0.0007104546457607495
ECFP_1400,4.611853336311397e-05,-1.5780134857970726e-05,1524,0.0006900311483974609
ECFP_1637,4.526467250173402e-05,-6.014461861923015e-06,1525,0.0006772555775415825
ECFP_2025,4.277011456645316e-05,-1.5350643190630832e-05,1526,0.0006399316959846165
ECFP_1331,4.1422162919136045e-05,8.55978532917732e-07,1527,0.0006197634782345177
MACCS_35,3.630510110646771e-05,-8.166817779010566e-06,1528,0.0005432013722539231
ECFP_901,3.2779880560377346e-05,7.34828003650567e-06,1529,0.0004904565903975554
PAS_19,3.1494061535548664e-05,-1.6821856815762184e-05,1530,0.00047121800856001
ECFP_907,3.128090774009626e-05,-4.446980400430697e-06,1531,0.0004680287753486403
ECFP_2011,3.0295931682759405e-05,-5.743777060677038e-06,1532,0.0004532914428615723
ECFP_1988,2.863832620704894e-05,-1.492331677476512e-05,1533,0.00042849014658034157
ECFP_2015,2.8179975318954267e-05,2.8179975318954267e-05,1534,0.00042163224441786905
ECFP_1244,2.7341344865538146e-05,-1.662102964153836e-06,1535,0.0004090845527925615
ECFP_900,2.4711631231410974e-05,-5.1436506174138276e-06,1536,0.0003697384551049765
ECFP_2040,2.1689130502900782e-05,-1.5600941970124203e-05,1537,0.0003245154287718332
ECFP_1577,2.1139300812692435e-05,-2.9588281050808283e-06,1538,0.00031628880956063046
ECFP_1544,2.103607889935802e-05,8.659195425882155e-06,1539,0.0003147443906425975
ECFP_1608,1.912076281664196e-05,6.868982199784978e-06,1540,0.0002860871966747221
ECFP_568,1.739051281687785e-05,-8.833491806548345e-06,1541,0.00026019898412139647
ECFP_1551,7.339826435514529e-06,-6.349322557819253e-06,1542,0.00010981938268633091
ECFP_1934,0.0,0.0,1913,0.0
ECFP_1825,0.0,0.0,1913,0.0
ECFP_340,0.0,0.0,1913,0.0
ECFP_1821,0.0,0.0,1913,0.0
ECFP_412,0.0,0.0,1913,0.0
ECFP_1933,0.0,0.0,1913,0.0
ECFP_411,0.0,0.0,1913,0.0
ECFP_343,0.0,0.0,1913,0.0
ECFP_338,0.0,0.0,1913,0.0
ECFP_1817,0.0,0.0,1913,0.0
ECFP_1854,0.0,0.0,1913,0.0
ECFP_344,0.0,0.0,1913,0.0
ECFP_1915,0.0,0.0,1913,0.0
ECFP_1873,0.0,0.0,1913,0.0
ECFP_1875,0.0,0.0,1913,0.0
ECFP_1879,0.0,0.0,1913,0.0
ECFP_1880,0.0,0.0,1913,0.0
ECFP_351,0.0,0.0,1913,0.0
ECFP_353,0.0,0.0,1913,0.0
ECFP_1911,0.0,0.0,1913,0.0
ECFP_1885,0.0,0.0,1913,0.0
ECFP_1886,0.0,0.0,1913,0.0
ECFP_1872,0.0,0.0,1913,0.0
ECFP_354,0.0,0.0,1913,0.0
ECFP_365,0.0,0.0,1913,0.0
ECFP_355,0.0,0.0,1913,0.0
ECFP_356,0.0,0.0,1913,0.0
ECFP_1889,0.0,0.0,1913,0.0
ECFP_359,0.0,0.0,1913,0.0
ECFP_1891,0.0,0.0,1913,0.0
ECFP_360,0.0,0.0,1913,0.0
ECFP_1897,0.0,0.0,1913,0.0
ECFP_1901,0.0,0.0,1913,0.0
ECFP_1900,0.0,0.0,1913,0.0
ECFP_1909,0.0,0.0,1913,0.0
ECFP_1829,0.0,0.0,1913,0.0
ECFP_1870,0.0,0.0,1913,0.0
ECFP_376,0.0,0.0,1913,0.0
ECFP_410,0.0,0.0,1913,0.0
ECFP_408,0.0,0.0,1913,0.0
ECFP_1836,0.0,0.0,1913,0.0
ECFP_1837,0.0,0.0,1913,0.0
ECFP_1838,0.0,0.0,1913,0.0
ECFP_1841,0.0,0.0,1913,0.0
ECFP_403,0.0,0.0,1913,0.0
ECFP_1843,0.0,0.0,1913,0.0
ECFP_1847,0.0,0.0,1913,0.0
ECFP_1850,0.0,0.0,1913,0.0
ECFP_1869,0.0,0.0,1913,0.0
ECFP_347,0.0,0.0,1913,0.0
ECFP_1852,0.0,0.0,1913,0.0
ECFP_396,0.0,0.0,1913,0.0
ECFP_1898,0.0,0.0,1913,0.0
ECFP_393,0.0,0.0,1913,0.0
ECFP_1858,0.0,0.0,1913,0.0
ECFP_388,0.0,0.0,1913,0.0
ECFP_386,0.0,0.0,1913,0.0
ECFP_1863,0.0,0.0,1913,0.0
ECFP_1865,0.0,0.0,1913,0.0
ECFP_1867,0.0,0.0,1913,0.0
ECFP_1921,0.0,0.0,1913,0.0
ECFP_1007,0.0,0.0,1913,0.0
MACCS_3,0.0,0.0,1913,0.0
ECFP_1938,0.0,0.0,1913,0.0
ECFP_205,0.0,0.0,1913,0.0
ECFP_200,0.0,0.0,1913,0.0
MACCS_101,0.0,0.0,1913,0.0
MACCS_102,0.0,0.0,1913,0.0
ECFP_197,0.0,0.0,1913,0.0
ECFP_196,0.0,0.0,1913,0.0
MACCS_105,0.0,0.0,1913,0.0
ECFP_195,0.0,0.0,1913,0.0
ECFP_189,0.0,0.0,1913,0.0
ECFP_188,0.0,0.0,1913,0.0
ECFP_211,0.0,0.0,1913,0.0
ECFP_185,0.0,0.0,1913,0.0
ECFP_183,0.0,0.0,1913,0.0
ECFP_182,0.0,0.0,1913,0.0
ECFP_180,0.0,0.0,1913,0.0
ECFP_179,0.0,0.0,1913,0.0
ECFP_178,0.0,0.0,1913,0.0
ECFP_175,0.0,0.0,1913,0.0
ECFP_173,0.0,0.0,1913,0.0
ECFP_169,0.0,0.0,1913,0.0
ECFP_164,0.0,0.0,1913,0.0
ECFP_162,0.0,0.0,1913,0.0
ECFP_184,0.0,0.0,1913,0.0
ECFP_156,0.0,0.0,1913,0.0
ECFP_214,0.0,0.0,1913,0.0
ECFP_217,0.0,0.0,1913,0.0
ECFP_254,0.0,0.0,1913,0.0
ECFP_253,0.0,0.0,1913,0.0
ECFP_247,0.0,0.0,1913,0.0
MACCS_58,0.0,0.0,1913,0.0
ECFP_246,0.0,0.0,1913,0.0
MACCS_60,0.0,0.0,1913,0.0
ECFP_243,0.0,0.0,1913,0.0
ECFP_239,0.0,0.0,1913,0.0
MACCS_70,0.0,0.0,1913,0.0
MACCS_71,0.0,0.0,1913,0.0
ECFP_215,0.0,0.0,1913,0.0
MACCS_73,0.0,0.0,1913,0.0
MACCS_78,0.0,0.0,1913,0.0
ECFP_229,0.0,0.0,1913,0.0
ECFP_228,0.0,0.0,1913,0.0
ECFP_227,0.0,0.0,1913,0.0
ECFP_226,0.0,0.0,1913,0.0
ECFP_225,0.0,0.0,1913,0.0
ECFP_223,0.0,0.0,1913,0.0
ECFP_220,0.0,0.0,1913,0.0
ECFP_219,0.0,0.0,1913,0.0
ECFP_218,0.0,0.0,1913,0.0
ECFP_233,0.0,0.0,1913,0.0
ECFP_154,0.0,0.0,1913,0.0
ECFP_151,0.0,0.0,1913,0.0
ECFP_146,0.0,0.0,1913,0.0
ECFP_86,0.0,0.0,1913,0.0
ECFP_85,0.0,0.0,1913,0.0
sPAS_12,0.0,0.0,1913,0.0
ECFP_78,0.0,0.0,1913,0.0
ECFP_76,0.0,0.0,1913,0.0
ECFP_74,0.0,0.0,1913,0.0
ECFP_72,0.0,0.0,1913,0.0
ECFP_71,0.0,0.0,1913,0.0
ECFP_69,0.0,0.0,1913,0.0
ECFP_56,0.0,0.0,1913,0.0
ECFP_87,0.0,0.0,1913,0.0
ECFP_50,0.0,0.0,1913,0.0
ECFP_42,0.0,0.0,1913,0.0
ECFP_34,0.0,0.0,1913,0.0
ECFP_33,0.0,0.0,1913,0.0
ECFP_31,0.0,0.0,1913,0.0
ECFP_28,0.0,0.0,1913,0.0
ECFP_21,0.0,0.0,1913,0.0
ECFP_18,0.0,0.0,1913,0.0
ECFP_14,0.0,0.0,1913,0.0
ECFP_12,0.0,0.0,1913,0.0
ECFP_2,0.0,0.0,1913,0.0
ECFP_48,0.0,0.0,1913,0.0
ECFP_88,0.0,0.0,1913,0.0
ECFP_89,0.0,0.0,1913,0.0
ECFP_93,0.0,0.0,1913,0.0
ECFP_142,0.0,0.0,1913,0.0
ECFP_139,0.0,0.0,1913,0.0
ECFP_137,0.0,0.0,1913,0.0
MACCS_148,0.0,0.0,1913,0.0
ECFP_134,0.0,0.0,1913,0.0
ECFP_133,0.0,0.0,1913,0.0
ECFP_128,0.0,0.0,1913,0.0
ECFP_127,0.0,0.0,1913,0.0
ECFP_125,0.0,0.0,1913,0.0
ECFP_122,0.0,0.0,1913,0.0
ECFP_121,0.0,0.0,1913,0.0
MACCS_159,0.0,0.0,1913,0.0
ECFP_116,0.0,0.0,1913,0.0
ECFP_112,0.0,0.0,1913,0.0
MACCS_162,0.0,0.0,1913,0.0
MACCS_163,0.0,0.0,1913,0.0
MACCS_165,0.0,0.0,1913,0.0
ECFP_110,0.0,0.0,1913,0.0
ECFP_109,0.0,0.0,1913,0.0
ECFP_108,0.0,0.0,1913,0.0
ECFP_104,0.0,0.0,1913,0.0
ECFP_98,0.0,0.0,1913,0.0
ECFP_97,0.0,0.0,1913,0.0
ECFP_255,0.0,0.0,1913,0.0
MACCS_51,0.0,0.0,1913,0.0
ECFP_258,0.0,0.0,1913,0.0
MACCS_48,0.0,0.0,1913,0.0
ECFP_1987,0.0,0.0,1913,0.0
ECFP_1989,0.0,0.0,1913,0.0
ECFP_1990,0.0,0.0,1913,0.0
ECFP_298,0.0,0.0,1913,0.0
ECFP_1992,0.0,0.0,1913,0.0
ECFP_1993,0.0,0.0,1913,0.0
ECFP_1994,0.0,0.0,1913,0.0
ECFP_1995,0.0,0.0,1913,0.0
ECFP_1996,0.0,0.0,1913,0.0
ECFP_1998,0.0,0.0,1913,0.0
ECFP_300,0.0,0.0,1913,0.0
ECFP_2000,0.0,0.0,1913,0.0
ECFP_295,0.0,0.0,1913,0.0
ECFP_293,0.0,0.0,1913,0.0
ECFP_2007,0.0,0.0,1913,0.0
ECFP_2008,0.0,0.0,1913,0.0
ECFP_292,0.0,0.0,1913,0.0
ECFP_2010,0.0,0.0,1913,0.0
ECFP_2014,0.0,0.0,1913,0.0
ECFP_2020,0.0,0.0,1913,0.0
ECFP_287,0.0,0.0,1913,0.0
ECFP_281,0.0,0.0,1913,0.0
ECFP_2002,0.0,0.0,1913,0.0
ECFP_1981,0.0,0.0,1913,0.0
ECFP_312,0.0,0.0,1913,0.0
ECFP_1973,0.0,0.0,1913,0.0
ECFP_1939,0.0,0.0,1913,0.0
ECFP_1940,0.0,0.0,1913,0.0
ECFP_335,0.0,0.0,1913,0.0
ECFP_332,0.0,0.0,1913,0.0
ECFP_330,0.0,0.0,1913,0.0
ECFP_1945,0.0,0.0,1913,0.0
ECFP_1946,0.0,0.0,1913,0.0
ECFP_329,0.0,0.0,1913,0.0
ECFP_1949,0.0,0.0,1913,0.0
ECFP_1950,0.0,0.0,1913,0.0
ECFP_1951,0.0,0.0,1913,0.0
ECFP_1957,0.0,0.0,1913,0.0
ECFP_1958,0.0,0.0,1913,0.0
ECFP_1959,0.0,0.0,1913,0.0
ECFP_1960,0.0,0.0,1913,0.0
ECFP_323,0.0,0.0,1913,0.0
ECFP_321,0.0,0.0,1913,0.0
ECFP_1965,0.0,0.0,1913,0.0
ECFP_317,0.0,0.0,1913,0.0
ECFP_1968,0.0,0.0,1913,0.0
ECFP_1969,0.0,0.0,1913,0.0
ECFP_316,0.0,0.0,1913,0.0
ECFP_1971,0.0,0.0,1913,0.0
ECFP_280,0.0,0.0,1913,0.0
ECFP_1937,0.0,0.0,1913,0.0
ECFP_278,0.0,0.0,1913,0.0
ECFP_274,0.0,0.0,1913,0.0
MACCS_15,0.0,0.0,1913,0.0
MACCS_16,0.0,0.0,1913,0.0
ECFP_267,0.0,0.0,1913,0.0
MACCS_18,0.0,0.0,1913,0.0
MACCS_19,0.0,0.0,1913,0.0
MACCS_21,0.0,0.0,1913,0.0
MACCS_22,0.0,0.0,1913,0.0
MACCS_25,0.0,0.0,1913,0.0
ECFP_266,0.0,0.0,1913,0.0
MACCS_28,0.0,0.0,1913,0.0
MACCS_14,0.0,0.0,1913,0.0
MACCS_29,0.0,0.0,1913,0.0
ECFP_264,0.0,0.0,1913,0.0
MACCS_36,0.0,0.0,1913,0.0
MACCS_37,0.0,0.0,1913,0.0
ECFP_263,0.0,0.0,1913,0.0
MACCS_39,0.0,0.0,1913,0.0
MACCS_41,0.0,0.0,1913,0.0
ECFP_260,0.0,0.0,1913,0.0
MACCS_44,0.0,0.0,1913,0.0
MACCS_45,0.0,0.0,1913,0.0
MACCS_47,0.0,0.0,1913,0.0
ECFP_265,0.0,0.0,1913,0.0
MACCS_13,0.0,0.0,1913,0.0
MACCS_12,0.0,0.0,1913,0.0
MACCS_11,0.0,0.0,1913,0.0
ECFP_2030,0.0,0.0,1913,0.0
ECFP_2031,0.0,0.0,1913,0.0
ECFP_2034,0.0,0.0,1913,0.0
ECFP_2035,0.0,0.0,1913,0.0
ECFP_2037,0.0,0.0,1913,0.0
ECFP_272,0.0,0.0,1913,0.0
ECFP_2041,0.0,0.0,1913,0.0
ECFP_2042,0.0,0.0,1913,0.0
ECFP_2043,0.0,0.0,1913,0.0
ECFP_2044,0.0,0.0,1913,0.0
ECFP_2046,0.0,0.0,1913,0.0
ECFP_2047,0.0,0.0,1913,0.0
MACCS_0,0.0,0.0,1913,0.0
MACCS_1,0.0,0.0,1913,0.0
MACCS_2,0.0,0.0,1913,0.0
ECFP_1816,0.0,0.0,1913,0.0
MACCS_4,0.0,0.0,1913,0.0
MACCS_5,0.0,0.0,1913,0.0
MACCS_6,0.0,0.0,1913,0.0
MACCS_7,0.0,0.0,1913,0.0
MACCS_8,0.0,0.0,1913,0.0
MACCS_9,0.0,0.0,1913,0.0
MACCS_10,0.0,0.0,1913,0.0
ECFP_275,0.0,0.0,1913,0.0
ECFP_1815,0.0,0.0,1913,0.0
ECFP_550,0.0,0.0,1913,0.0
ECFP_416,0.0,0.0,1913,0.0
ECFP_1261,0.0,0.0,1913,0.0
ECFP_842,0.0,0.0,1913,0.0
ECFP_1263,0.0,0.0,1913,0.0
ECFP_1270,0.0,0.0,1913,0.0
ECFP_837,0.0,0.0,1913,0.0
ECFP_1275,0.0,0.0,1913,0.0
ECFP_1276,0.0,0.0,1913,0.0
ECFP_834,0.0,0.0,1913,0.0
ECFP_1280,0.0,0.0,1913,0.0
ECFP_830,0.0,0.0,1913,0.0
ECFP_1285,0.0,0.0,1913,0.0
ECFP_829,0.0,0.0,1913,0.0
ECFP_1288,0.0,0.0,1913,0.0
ECFP_828,0.0,0.0,1913,0.0
ECFP_1292,0.0,0.0,1913,0.0
ECFP_816,0.0,0.0,1913,0.0
ECFP_1298,0.0,0.0,1913,0.0
ECFP_1302,0.0,0.0,1913,0.0
ECFP_814,0.0,0.0,1913,0.0
ECFP_1304,0.0,0.0,1913,0.0
ECFP_1305,0.0,0.0,1913,0.0
ECFP_813,0.0,0.0,1913,0.0
ECFP_1307,0.0,0.0,1913,0.0
ECFP_812,0.0,0.0,1913,0.0
ECFP_811,0.0,0.0,1913,0.0
ECFP_844,0.0,0.0,1913,0.0
ECFP_1310,0.0,0.0,1913,0.0
ECFP_845,0.0,0.0,1913,0.0
ECFP_1256,0.0,0.0,1913,0.0
ECFP_879,0.0,0.0,1913,0.0
ECFP_877,0.0,0.0,1913,0.0
ECFP_876,0.0,0.0,1913,0.0
ECFP_1219,0.0,0.0,1913,0.0
ECFP_1225,0.0,0.0,1913,0.0
ECFP_1230,0.0,0.0,1913,0.0
ECFP_869,0.0,0.0,1913,0.0
ECFP_1232,0.0,0.0,1913,0.0
ECFP_1233,0.0,0.0,1913,0.0
ECFP_868,0.0,0.0,1913,0.0
ECFP_862,0.0,0.0,1913,0.0
ECFP_856,0.0,0.0,1913,0.0
ECFP_855,0.0,0.0,1913,0.0
ECFP_1241,0.0,0.0,1913,0.0
ECFP_1242,0.0,0.0,1913,0.0
ECFP_852,0.0,0.0,1913,0.0
ECFP_1246,0.0,0.0,1913,0.0
ECFP_1247,0.0,0.0,1913,0.0
ECFP_1248,0.0,0.0,1913,0.0
ECFP_850,0.0,0.0,1913,0.0
ECFP_849,0.0,0.0,1913,0.0
ECFP_1251,0.0,0.0,1913,0.0
ECFP_1252,0.0,0.0,1913,0.0
ECFP_1254,0.0,0.0,1913,0.0
ECFP_1255,0.0,0.0,1913,0.0
ECFP_848,0.0,0.0,1913,0.0
ECFP_1311,0.0,0.0,1913,0.0
ECFP_808,0.0,0.0,1913,0.0
ECFP_806,0.0,0.0,1913,0.0
ECFP_768,0.0,0.0,1913,0.0
ECFP_1375,0.0,0.0,1913,0.0
ECFP_1376,0.0,0.0,1913,0.0
ECFP_1377,0.0,0.0,1913,0.0
ECFP_1379,0.0,0.0,1913,0.0
ECFP_1380,0.0,0.0,1913,0.0
ECFP_1381,0.0,0.0,1913,0.0
ECFP_764,0.0,0.0,1913,0.0
ECFP_1383,0.0,0.0,1913,0.0
ECFP_763,0.0,0.0,1913,0.0
ECFP_761,0.0,0.0,1913,0.0
ECFP_759,0.0,0.0,1913,0.0
ECFP_758,0.0,0.0,1913,0.0
ECFP_752,0.0,0.0,1913,0.0
ECFP_749,0.0,0.0,1913,0.0
ECFP_747,0.0,0.0,1913,0.0
ECFP_746,0.0,0.0,1913,0.0
ECFP_1399,0.0,0.0,1913,0.0
ECFP_1401,0.0,0.0,1913,0.0
ECFP_1402,0.0,0.0,1913,0.0
ECFP_1404,0.0,0.0,1913,0.0
ECFP_744,0.0,0.0,1913,0.0
ECFP_1408,0.0,0.0,1913,0.0
ECFP_741,0.0,0.0,1913,0.0
ECFP_737,0.0,0.0,1913,0.0
ECFP_1372,0.0,0.0,1913,0.0
ECFP_769,0.0,0.0,1913,0.0
ECFP_770,0.0,0.0,1913,0.0
ECFP_1365,0.0,0.0,1913,0.0
ECFP_805,0.0,0.0,1913,0.0
ECFP_804,0.0,0.0,1913,0.0
ECFP_803,0.0,0.0,1913,0.0
ECFP_798,0.0,0.0,1913,0.0
ECFP_797,0.0,0.0,1913,0.0
ECFP_795,0.0,0.0,1913,0.0
ECFP_793,0.0,0.0,1913,0.0
ECFP_1333,0.0,0.0,1913,0.0
ECFP_1335,0.0,0.0,1913,0.0
ECFP_1336,0.0,0.0,1913,0.0
ECFP_1338,0.0,0.0,1913,0.0
ECFP_1340,0.0,0.0,1913,0.0
ECFP_881,0.0,0.0,1913,0.0
ECFP_791,0.0,0.0,1913,0.0
ECFP_1344,0.0,0.0,1913,0.0
ECFP_1345,0.0,0.0,1913,0.0
ECFP_1347,0.0,0.0,1913,0.0
ECFP_789,0.0,0.0,1913,0.0
ECFP_784,0.0,0.0,1913,0.0
ECFP_782,0.0,0.0,1913,0.0
ECFP_780,0.0,0.0,1913,0.0
ECFP_1355,0.0,0.0,1913,0.0
ECFP_777,0.0,0.0,1913,0.0
ECFP_1358,0.0,0.0,1913,0.0
ECFP_775,0.0,0.0,1913,0.0
ECFP_1363,0.0,0.0,1913,0.0
ECFP_1343,0.0,0.0,1913,0.0
ECFP_736,0.0,0.0,1913,0.0
ECFP_882,0.0,0.0,1913,0.0
ECFP_1210,0.0,0.0,1913,0.0
ECFP_978,0.0,0.0,1913,0.0
ECFP_1055,0.0,0.0,1913,0.0
ECFP_1057,0.0,0.0,1913,0.0
ECFP_1061,0.0,0.0,1913,0.0
ECFP_1064,0.0,0.0,1913,0.0
ECFP_971,0.0,0.0,1913,0.0
ECFP_1067,0.0,0.0,1913,0.0
ECFP_969,0.0,0.0,1913,0.0
ECFP_967,0.0,0.0,1913,0.0
ECFP_1073,0.0,0.0,1913,0.0
ECFP_1075,0.0,0.0,1913,0.0
ECFP_1077,0.0,0.0,1913,0.0
ECFP_966,0.0,0.0,1913,0.0
ECFP_1080,0.0,0.0,1913,0.0
ECFP_964,0.0,0.0,1913,0.0
ECFP_1085,0.0,0.0,1913,0.0
ECFP_1086,0.0,0.0,1913,0.0
ECFP_963,0.0,0.0,1913,0.0
ECFP_962,0.0,0.0,1913,0.0
ECFP_1089,0.0,0.0,1913,0.0
ECFP_1091,0.0,0.0,1913,0.0
ECFP_1092,0.0,0.0,1913,0.0
ECFP_961,0.0,0.0,1913,0.0
ECFP_1094,0.0,0.0,1913,0.0
ECFP_1095,0.0,0.0,1913,0.0
ECFP_1053,0.0,0.0,1913,0.0
ECFP_1100,0.0,0.0,1913,0.0
ECFP_979,0.0,0.0,1913,0.0
ECFP_1049,0.0,0.0,1913,0.0
ECFP_1002,0.0,0.0,1913,0.0
ECFP_1011,0.0,0.0,1913,0.0
ECFP_1012,0.0,0.0,1913,0.0
ECFP_1014,0.0,0.0,1913,0.0
ECFP_1015,0.0,0.0,1913,0.0
ECFP_1001,0.0,0.0,1913,0.0
ECFP_1019,0.0,0.0,1913,0.0
ECFP_1020,0.0,0.0,1913,0.0
ECFP_999,0.0,0.0,1913,0.0
ECFP_998,0.0,0.0,1913,0.0
ECFP_997,0.0,0.0,1913,0.0
ECFP_994,0.0,0.0,1913,0.0
ECFP_1026,0.0,0.0,1913,0.0
ECFP_1028,0.0,0.0,1913,0.0
ECFP_992,0.0,0.0,1913,0.0
ECFP_1033,0.0,0.0,1913,0.0
ECFP_990,0.0,0.0,1913,0.0
ECFP_1036,0.0,0.0,1913,0.0
ECFP_989,0.0,0.0,1913,0.0
ECFP_987,0.0,0.0,1913,0.0
ECFP_986,0.0,0.0,1913,0.0
ECFP_1043,0.0,0.0,1913,0.0
ECFP_1044,0.0,0.0,1913,0.0
ECFP_1046,0.0,0.0,1913,0.0
ECFP_982,0.0,0.0,1913,0.0
ECFP_980,0.0,0.0,1913,0.0
ECFP_958,0.0,0.0,1913,0.0
ECFP_1102,0.0,0.0,1913,0.0
ECFP_1103,0.0,0.0,1913,0.0
ECFP_914,0.0,0.0,1913,0.0
ECFP_1166,0.0,0.0,1913,0.0
ECFP_1167,0.0,0.0,1913,0.0
ECFP_1170,0.0,0.0,1913,0.0
ECFP_906,0.0,0.0,1913,0.0
ECFP_904,0.0,0.0,1913,0.0
ECFP_1173,0.0,0.0,1913,0.0
ECFP_902,0.0,0.0,1913,0.0
ECFP_1176,0.0,0.0,1913,0.0
ECFP_1179,0.0,0.0,1913,0.0
ECFP_897,0.0,0.0,1913,0.0
ECFP_895,0.0,0.0,1913,0.0
ECFP_1192,0.0,0.0,1913,0.0
ECFP_1193,0.0,0.0,1913,0.0
ECFP_1194,0.0,0.0,1913,0.0
ECFP_1196,0.0,0.0,1913,0.0
ECFP_889,0.0,0.0,1913,0.0
ECFP_887,0.0,0.0,1913,0.0
ECFP_885,0.0,0.0,1913,0.0
ECFP_1203,0.0,0.0,1913,0.0
ECFP_884,0.0,0.0,1913,0.0
ECFP_1206,0.0,0.0,1913,0.0
ECFP_1207,0.0,0.0,1913,0.0
ECFP_883,0.0,0.0,1913,0.0
ECFP_1209,0.0,0.0,1913,0.0
ECFP_915,0.0,0.0,1913,0.0
ECFP_1160,0.0,0.0,1913,0.0
ECFP_1159,0.0,0.0,1913,0.0
ECFP_919,0.0,0.0,1913,0.0
ECFP_1105,0.0,0.0,1913,0.0
ECFP_1106,0.0,0.0,1913,0.0
ECFP_1107,0.0,0.0,1913,0.0
ECFP_1108,0.0,0.0,1913,0.0
ECFP_1111,0.0,0.0,1913,0.0
ECFP_1112,0.0,0.0,1913,0.0
ECFP_1113,0.0,0.0,1913,0.0
ECFP_954,0.0,0.0,1913,0.0
ECFP_1120,0.0,0.0,1913,0.0
ECFP_1121,0.0,0.0,1913,0.0
ECFP_1123,0.0,0.0,1913,0.0
ECFP_948,0.0,0.0,1913,0.0
ECFP_1211,0.0,0.0,1913,0.0
ECFP_1125,0.0,0.0,1913,0.0
ECFP_946,0.0,0.0,1913,0.0
ECFP_1130,0.0,0.0,1913,0.0
ECFP_1131,0.0,0.0,1913,0.0
ECFP_1133,0.0,0.0,1913,0.0
ECFP_1134,0.0,0.0,1913,0.0
ECFP_1135,0.0,0.0,1913,0.0
ECFP_1136,0.0,0.0,1913,0.0
ECFP_938,0.0,0.0,1913,0.0
ECFP_930,0.0,0.0,1913,0.0
ECFP_922,0.0,0.0,1913,0.0
ECFP_1156,0.0,0.0,1913,0.0
ECFP_920,0.0,0.0,1913,0.0
ECFP_1126,0.0,0.0,1913,0.0
ECFP_415,0.0,0.0,1913,0.0
ECFP_733,0.0,0.0,1913,0.0
ECFP_1415,0.0,0.0,1913,0.0
ECFP_529,0.0,0.0,1913,0.0
ECFP_527,0.0,0.0,1913,0.0
ECFP_526,0.0,0.0,1913,0.0
ECFP_523,0.0,0.0,1913,0.0
ECFP_522,0.0,0.0,1913,0.0
ECFP_1687,0.0,0.0,1913,0.0
ECFP_521,0.0,0.0,1913,0.0
ECFP_517,0.0,0.0,1913,0.0
ECFP_1690,0.0,0.0,1913,0.0
ECFP_515,0.0,0.0,1913,0.0
ECFP_513,0.0,0.0,1913,0.0
ECFP_512,0.0,0.0,1913,0.0
ECFP_1697,0.0,0.0,1913,0.0
ECFP_1701,0.0,0.0,1913,0.0
ECFP_507,0.0,0.0,1913,0.0
ECFP_1704,0.0,0.0,1913,0.0
ECFP_1706,0.0,0.0,1913,0.0
ECFP_1707,0.0,0.0,1913,0.0
ECFP_503,0.0,0.0,1913,0.0
ECFP_1712,0.0,0.0,1913,0.0
ECFP_1713,0.0,0.0,1913,0.0
ECFP_499,0.0,0.0,1913,0.0
ECFP_1719,0.0,0.0,1913,0.0
ECFP_1720,0.0,0.0,1913,0.0
ECFP_1723,0.0,0.0,1913,0.0
ECFP_1680,0.0,0.0,1913,0.0
ECFP_1724,0.0,0.0,1913,0.0
ECFP_1678,0.0,0.0,1913,0.0
ECFP_1674,0.0,0.0,1913,0.0
ECFP_575,0.0,0.0,1913,0.0
ECFP_574,0.0,0.0,1913,0.0
ECFP_1624,0.0,0.0,1913,0.0
ECFP_1627,0.0,0.0,1913,0.0
ECFP_1628,0.0,0.0,1913,0.0
ECFP_566,0.0,0.0,1913,0.0
ECFP_560,0.0,0.0,1913,0.0
ECFP_559,0.0,0.0,1913,0.0
ECFP_558,0.0,0.0,1913,0.0
ECFP_556,0.0,0.0,1913,0.0
ECFP_555,0.0,0.0,1913,0.0
ECFP_547,0.0,0.0,1913,0.0
ECFP_1647,0.0,0.0,1913,0.0
ECFP_546,0.0,0.0,1913,0.0
ECFP_1652,0.0,0.0,1913,0.0
ECFP_542,0.0,0.0,1913,0.0
ECFP_1658,0.0,0.0,1913,0.0
ECFP_1659,0.0,0.0,1913,0.0
ECFP_1660,0.0,0.0,1913,0.0
ECFP_538,0.0,0.0,1913,0.0
ECFP_1666,0.0,0.0,1913,0.0
ECFP_1668,0.0,0.0,1913,0.0
ECFP_532,0.0,0.0,1913,0.0
ECFP_531,0.0,0.0,1913,0.0
ECFP_530,0.0,0.0,1913,0.0
ECFP_1675,0.0,0.0,1913,0.0
ECFP_1725,0.0,0.0,1913,0.0
ECFP_496,0.0,0.0,1913,0.0
ECFP_495,0.0,0.0,1913,0.0
ECFP_459,0.0,0.0,1913,0.0
ECFP_456,0.0,0.0,1913,0.0
ECFP_1777,0.0,0.0,1913,0.0
ECFP_452,0.0,0.0,1913,0.0
ECFP_1779,0.0,0.0,1913,0.0
ECFP_1781,0.0,0.0,1913,0.0
ECFP_1782,0.0,0.0,1913,0.0
ECFP_1783,0.0,0.0,1913,0.0
ECFP_450,0.0,0.0,1913,0.0
ECFP_1786,0.0,0.0,1913,0.0
ECFP_448,0.0,0.0,1913,0.0
ECFP_444,0.0,0.0,1913,0.0
ECFP_1793,0.0,0.0,1913,0.0
ECFP_442,0.0,0.0,1913,0.0
ECFP_1795,0.0,0.0,1913,0.0
ECFP_1796,0.0,0.0,1913,0.0
ECFP_1798,0.0,0.0,1913,0.0
ECFP_436,0.0,0.0,1913,0.0
ECFP_434,0.0,0.0,1913,0.0
ECFP_1801,0.0,0.0,1913,0.0
ECFP_430,0.0,0.0,1913,0.0
ECFP_1804,0.0,0.0,1913,0.0
ECFP_426,0.0,0.0,1913,0.0
ECFP_420,0.0,0.0,1913,0.0
ECFP_1812,0.0,0.0,1913,0.0
ECFP_1774,0.0,0.0,1913,0.0
ECFP_1773,0.0,0.0,1913,0.0
ECFP_460,0.0,0.0,1913,0.0
ECFP_1771,0.0,0.0,1913,0.0
ECFP_1730,0.0,0.0,1913,0.0
ECFP_493,0.0,0.0,1913,0.0
ECFP_1733,0.0,0.0,1913,0.0
ECFP_1734,0.0,0.0,1913,0.0
ECFP_487,0.0,0.0,1913,0.0
ECFP_483,0.0,0.0,1913,0.0
ECFP_1739,0.0,0.0,1913,0.0
ECFP_482,0.0,0.0,1913,0.0
ECFP_481,0.0,0.0,1913,0.0
ECFP_1742,0.0,0.0,1913,0.0
ECFP_1745,0.0,0.0,1913,0.0
ECFP_1746,0.0,0.0,1913,0.0
ECFP_1616,0.0,0.0,1913,0.0
ECFP_480,0.0,0.0,1913,0.0
ECFP_1752,0.0,0.0,1913,0.0
ECFP_1753,0.0,0.0,1913,0.0
ECFP_476,0.0,0.0,1913,0.0
ECFP_474,0.0,0.0,1913,0.0
ECFP_1758,0.0,0.0,1913,0.0
ECFP_469,0.0,0.0,1913,0.0
ECFP_468,0.0,0.0,1913,0.0
ECFP_467,0.0,0.0,1913,0.0
ECFP_466,0.0,0.0,1913,0.0
ECFP_464,0.0,0.0,1913,0.0
ECFP_1769,0.0,0.0,1913,0.0
ECFP_1770,0.0,0.0,1913,0.0
ECFP_478,0.0,0.0,1913,0.0
ECFP_1414,0.0,0.0,1913,0.0
ECFP_1615,0.0,0.0,1913,0.0
ECFP_1610,0.0,0.0,1913,0.0
ECFP_686,0.0,0.0,1913,0.0
ECFP_1473,0.0,0.0,1913,0.0
ECFP_679,0.0,0.0,1913,0.0
ECFP_678,0.0,0.0,1913,0.0
ECFP_677,0.0,0.0,1913,0.0
ECFP_1480,0.0,0.0,1913,0.0
ECFP_1481,0.0,0.0,1913,0.0
ECFP_671,0.0,0.0,1913,0.0
ECFP_1485,0.0,0.0,1913,0.0
ECFP_667,0.0,0.0,1913,0.0
ECFP_665,0.0,0.0,1913,0.0
ECFP_658,0.0,0.0,1913,0.0
ECFP_1494,0.0,0.0,1913,0.0
ECFP_652,0.0,0.0,1913,0.0
ECFP_1497,0.0,0.0,1913,0.0
ECFP_1499,0.0,0.0,1913,0.0
ECFP_1500,0.0,0.0,1913,0.0
ECFP_1502,0.0,0.0,1913,0.0
ECFP_1506,0.0,0.0,1913,0.0
ECFP_644,0.0,0.0,1913,0.0
ECFP_1508,0.0,0.0,1913,0.0
ECFP_643,0.0,0.0,1913,0.0
ECFP_1510,0.0,0.0,1913,0.0
ECFP_1512,0.0,0.0,1913,0.0
ECFP_1513,0.0,0.0,1913,0.0
ECFP_687,0.0,0.0,1913,0.0
ECFP_642,0.0,0.0,1913,0.0
ECFP_689,0.0,0.0,1913,0.0
ECFP_691,0.0,0.0,1913,0.0
ECFP_1416,0.0,0.0,1913,0.0
ECFP_732,0.0,0.0,1913,0.0
ECFP_1420,0.0,0.0,1913,0.0
ECFP_1421,0.0,0.0,1913,0.0
ECFP_731,0.0,0.0,1913,0.0
ECFP_730,0.0,0.0,1913,0.0
ECFP_1426,0.0,0.0,1913,0.0
ECFP_1427,0.0,0.0,1913,0.0
ECFP_1432,0.0,0.0,1913,0.0
ECFP_1435,0.0,0.0,1913,0.0
ECFP_717,0.0,0.0,1913,0.0
ECFP_714,0.0,0.0,1913,0.0
ECFP_1441,0.0,0.0,1913,0.0
ECFP_710,0.0,0.0,1913,0.0
ECFP_708,0.0,0.0,1913,0.0
ECFP_1446,0.0,0.0,1913,0.0
ECFP_1448,0.0,0.0,1913,0.0
ECFP_1449,0.0,0.0,1913,0.0
ECFP_1450,0.0,0.0,1913,0.0
ECFP_702,0.0,0.0,1913,0.0
ECFP_1454,0.0,0.0,1913,0.0
ECFP_1455,0.0,0.0,1913,0.0
ECFP_1458,0.0,0.0,1913,0.0
ECFP_1461,0.0,0.0,1913,0.0
ECFP_692,0.0,0.0,1913,0.0
ECFP_690,0.0,0.0,1913,0.0
ECFP_1518,0.0,0.0,1913,0.0
ECFP_1519,0.0,0.0,1913,0.0
ECFP_1522,0.0,0.0,1913,0.0
ECFP_1578,0.0,0.0,1913,0.0
ECFP_1579,0.0,0.0,1913,0.0
ECFP_605,0.0,0.0,1913,0.0
ECFP_1581,0.0,0.0,1913,0.0
ECFP_604,0.0,0.0,1913,0.0
ECFP_603,0.0,0.0,1913,0.0
ECFP_1584,0.0,0.0,1913,0.0
ECFP_1585,0.0,0.0,1913,0.0
ECFP_1586,0.0,0.0,1913,0.0
ECFP_1587,0.0,0.0,1913,0.0
ECFP_1588,0.0,0.0,1913,0.0
ECFP_602,0.0,0.0,1913,0.0
ECFP_1590,0.0,0.0,1913,0.0
ECFP_600,0.0,0.0,1913,0.0
ECFP_598,0.0,0.0,1913,0.0
ECFP_595,0.0,0.0,1913,0.0
ECFP_592,0.0,0.0,1913,0.0
ECFP_591,0.0,0.0,1913,0.0
ECFP_589,0.0,0.0,1913,0.0
ECFP_588,0.0,0.0,1913,0.0
ECFP_586,0.0,0.0,1913,0.0
ECFP_1603,0.0,0.0,1913,0.0
ECFP_584,0.0,0.0,1913,0.0
ECFP_1605,0.0,0.0,1913,0.0
ECFP_1606,0.0,0.0,1913,0.0
ECFP_1573,0.0,0.0,1913,0.0
ECFP_1572,0.0,0.0,1913,0.0
ECFP_1571,0.0,0.0,1913,0.0
ECFP_618,0.0,0.0,1913,0.0
ECFP_641,0.0,0.0,1913,0.0
ECFP_1524,0.0,0.0,1913,0.0
ECFP_640,0.0,0.0,1913,0.0
ECFP_1528,0.0,0.0,1913,0.0
ECFP_1529,0.0,0.0,1913,0.0
ECFP_636,0.0,0.0,1913,0.0
ECFP_1533,0.0,0.0,1913,0.0
ECFP_1534,0.0,0.0,1913,0.0
ECFP_1538,0.0,0.0,1913,0.0
ECFP_1539,0.0,0.0,1913,0.0
ECFP_1540,0.0,0.0,1913,0.0
ECFP_1541,0.0,0.0,1913,0.0
ECFP_576,0.0,0.0,1913,0.0
ECFP_1545,0.0,0.0,1913,0.0
ECFP_1548,0.0,0.0,1913,0.0
ECFP_1549,0.0,0.0,1913,0.0
ECFP_629,0.0,0.0,1913,0.0
ECFP_627,0.0,0.0,1913,0.0
ECFP_624,0.0,0.0,1913,0.0
ECFP_1557,0.0,0.0,1913,0.0
ECFP_1558,0.0,0.0,1913,0.0
ECFP_622,0.0,0.0,1913,0.0
ECFP_1562,0.0,0.0,1913,0.0
ECFP_1563,0.0,0.0,1913,0.0
ECFP_1564,0.0,0.0,1913,0.0
ECFP_1565,0.0,0.0,1913,0.0
ECFP_631,0.0,0.0,1913,0.0
ECFP_0,0.0,0.0,1913,0.0
