split_id,seed,sample_id,row_index,y_true,p_ORplus,predicted_label
1,42,4575,4575,1,0.4833897528785731,0
1,42,3325,3325,0,0.20859756999129886,0
1,42,4218,4218,0,0.5022105136194516,1
1,42,4391,4391,1,0.9074237499942214,1
1,42,4285,4285,1,0.9061808549525707,1
1,42,3298,3298,0,0.018212561278058325,0
1,42,2341,2341,1,0.885899125167602,1
1,42,2521,2521,0,0.8993661617825205,1
1,42,2848,2848,1,0.9197143674898323,1
1,42,2849,2849,0,0.9654835434011954,1
1,42,2850,2850,0,0.8958283965323778,1
1,42,3005,3005,1,0.9467992400116615,1
1,42,3006,3006,1,0.8859056505420361,1
1,42,3007,3007,0,0.8493460870896677,1
1,42,3400,3400,0,0.8930825516500848,1
1,42,3610,3610,1,0.7917976176277844,1
1,42,1739,1739,0,0.0776449446086467,0
1,42,515,515,1,0.8485015442761001,1
1,42,516,516,1,0.8485015442761001,1
1,42,950,950,1,0.2226581427563236,0
1,42,951,951,1,0.12003742276838163,0
1,42,4132,4132,0,0.6719147941656449,1
1,42,4038,4038,0,0.6267576820977668,1
1,42,4288,4288,0,0.8686496555852535,1
1,42,4326,4326,0,0.9476760941636573,1
1,42,4327,4327,0,0.9476760941636573,1
1,42,4425,4425,0,0.892411761478221,1
1,42,4426,4426,0,0.892411761478221,1
1,42,4540,4540,0,0.9055562369349219,1
1,42,4541,4541,0,0.9055562369349219,1
1,42,4568,4568,1,0.4438895442096944,0
1,42,4646,4646,0,0.9705942428066678,1
1,42,4647,4647,0,0.9705942428066678,1
1,42,5074,5074,1,0.05799465208402352,0
1,42,2215,2215,0,0.012887406327855242,0
1,42,5,5,1,0.987132022587354,1
1,42,6,6,0,0.011297056483058733,0
1,42,7,7,0,0.011297056483058733,0
1,42,8,8,0,0.011297056483058733,0
1,42,9,9,0,0.011297056483058733,0
1,42,10,10,0,0.011297056483058733,0
1,42,11,11,0,0.011198383897114519,0
1,42,12,12,0,0.011198383897114519,0
1,42,13,13,0,0.011198383897114519,0
1,42,14,14,0,0.009933978158894722,0
1,42,15,15,0,0.01297001989945457,0
1,42,16,16,1,0.9064409645852134,1
1,42,17,17,1,0.9929154737242547,1
1,42,18,18,1,0.8669043942942553,1
1,42,19,19,1,0.8669043942942553,1
1,42,20,20,1,0.8669043942942553,1
1,42,21,21,1,0.8669043942942553,1
1,42,22,22,1,0.8669043942942553,1
1,42,23,23,1,0.8487377330881637,1
1,42,24,24,1,0.8487377330881637,1
1,42,25,25,1,0.8669043942942553,1
1,42,26,26,1,0.8487377330881637,1
1,42,27,27,1,0.8487377330881637,1
1,42,28,28,1,0.8669043942942553,1
1,42,29,29,0,0.21126473973795,0
1,42,30,30,0,0.21126473973795,0
1,42,31,31,0,0.21126473973795,0
1,42,32,32,0,0.21126473973795,0
1,42,33,33,0,0.19379942067195152,0
1,42,34,34,0,0.21126473973795,0
1,42,35,35,0,0.19379942067195152,0
1,42,36,36,0,0.2243636519988449,0
1,42,37,37,0,0.21126473973795,0
1,42,38,38,0,0.21126473973795,0
1,42,39,39,0,0.2243636519988449,0
1,42,40,40,0,0.21126473973795,0
1,42,43,43,0,0.1317754525334916,0
1,42,44,44,0,0.154818898177806,0
1,42,45,45,0,0.07053131653632756,0
1,42,46,46,0,0.5271637155583625,1
1,42,47,47,0,0.5271637155583625,1
1,42,48,48,1,0.82982671328914,1
1,42,49,49,1,0.3249949428663908,0
1,42,50,50,0,0.7459815859378779,1
1,42,51,51,0,0.7459815859378779,1
1,42,52,52,0,0.2835322139458826,0
1,42,54,54,0,0.08309284140904123,0
1,42,55,55,0,0.08309284140904123,0
1,42,56,56,0,0.08309284140904123,0
1,42,62,62,0,0.007917310705343612,0
1,42,63,63,0,0.007917310705343612,0
1,42,64,64,0,0.007917310705343612,0
1,42,65,65,0,0.007917310705343612,0
1,42,66,66,0,0.007917310705343612,0
1,42,67,67,0,0.007917310705343612,0
1,42,68,68,0,0.007917310705343612,0
1,42,69,69,0,0.007917310705343612,0
1,42,74,74,1,0.5739658395981574,1
1,42,75,75,1,0.5885791464224733,1
1,42,76,76,1,0.5885791464224733,1
1,42,77,77,1,0.5885791464224733,1
1,42,78,78,1,0.8754794079004918,1
1,42,79,79,1,0.8754794079004918,1
1,42,82,82,1,0.3826117675775059,0
1,42,83,83,1,0.3826117675775059,0
1,42,84,84,0,0.09055995443563478,0
1,42,85,85,0,0.09055995443563478,0
1,42,86,86,0,0.07259708797879445,0
1,42,87,87,0,0.09055995443563478,0
1,42,88,88,0,0.1262266896672545,0
1,42,89,89,1,0.8748187522084607,1
1,42,90,90,0,0.33215692553109144,0
1,42,91,91,0,0.33215692553109144,0
1,42,92,92,0,0.0659693854562853,0
1,42,93,93,1,0.9478542101064891,1
1,42,94,94,1,0.9478542101064891,1
1,42,95,95,1,0.9850602949816274,1
1,42,98,98,0,0.023934027680024703,0
1,42,99,99,0,0.11616982631605219,0
1,42,100,100,0,0.12368583070293863,0
1,42,101,101,1,0.9758356802225215,1
1,42,105,105,0,0.2010976901132914,0
1,42,106,106,0,0.19935013851279332,0
1,42,107,107,0,0.19935013851279332,0
1,42,108,108,0,0.19935013851279332,0
1,42,110,110,1,0.5890195007081743,1
1,42,111,111,0,0.6891323248308331,1
1,42,112,112,0,0.6891323248308331,1
1,42,114,114,0,0.023189474200888013,0
1,42,115,115,0,0.42429953979241875,0
1,42,116,116,0,0.42429953979241875,0
1,42,117,117,0,0.049451202173000364,0
1,42,118,118,0,0.049451202173000364,0
1,42,119,119,0,0.049451202173000364,0
1,42,120,120,0,0.049451202173000364,0
1,42,121,121,0,0.049451202173000364,0
1,42,124,124,0,0.05040364724950382,0
1,42,125,125,0,0.007547590775419759,0
1,42,126,126,0,0.006877507939949097,0
1,42,127,127,0,0.006877507939949097,0
1,42,128,128,0,0.006877507939949097,0
1,42,129,129,0,0.026053291569095003,0
1,42,130,130,0,0.10545221969035222,0
1,42,131,131,0,0.10818217080300666,0
1,42,132,132,0,0.10674085137718263,0
1,42,133,133,1,0.8525731781407859,1
1,42,136,136,0,0.17722169191812095,0
1,42,137,137,0,0.17722169191812095,0
1,42,149,149,1,0.2821939563047786,0
1,42,150,150,1,0.2437376638781744,0
1,42,151,151,1,0.2437376638781744,0
1,42,152,152,0,0.48447346700549715,0
1,42,153,153,0,0.9263776203158585,1
1,42,154,154,0,0.4428934896025839,0
1,42,158,158,1,0.8478481419435239,1
1,42,159,159,0,0.14881704380124636,0
1,42,160,160,0,0.5304438287753426,1
1,42,161,161,0,0.5304438287753426,1
1,42,162,162,1,0.38631424807790526,0
1,42,163,163,1,0.9450832703992852,1
1,42,164,164,1,0.2913219530768594,0
1,42,165,165,0,0.33947210548770446,0
1,42,168,168,1,0.9578201731990756,1
1,42,169,169,1,0.9539322992850074,1
1,42,170,170,1,0.9539322992850074,1
1,42,171,171,1,0.9578201731990756,1
1,42,172,172,1,0.9539322992850074,1
1,42,173,173,1,0.9254960683351617,1
1,42,174,174,0,0.054827905900922465,0
1,42,175,175,0,0.054827905900922465,0
1,42,176,176,0,0.09358458345193454,0
1,42,177,177,0,0.01893934604341358,0
1,42,178,178,0,0.11988534599275266,0
1,42,179,179,0,0.11988534599275266,0
1,42,181,181,0,0.24191210243308336,0
1,42,182,182,1,0.8504611690021631,1
1,42,183,183,1,0.7855666365053272,1
1,42,184,184,1,0.8504611690021631,1
1,42,188,188,0,0.11197459841946644,0
1,42,189,189,0,0.49395601358430363,0
1,42,190,190,0,0.49395601358430363,0
1,42,191,191,0,0.49395601358430363,0
1,42,194,194,1,0.7940856935989304,1
1,42,195,195,1,0.7940856935989304,1
1,42,196,196,1,0.7940856935989304,1
1,42,199,199,1,0.8683010805202589,1
1,42,200,200,1,0.8683010805202589,1
1,42,201,201,0,0.2011927395245531,0
1,42,212,212,0,0.2372189447561679,0
1,42,213,213,0,0.2372189447561679,0
1,42,214,214,0,0.2372189447561679,0
1,42,215,215,0,0.3213512324823264,0
1,42,216,216,0,0.3213512324823264,0
1,42,217,217,0,0.32249457837483647,0
1,42,229,229,0,0.0317942565519232,0
1,42,230,230,1,0.9401663626376456,1
1,42,231,231,1,0.9401663626376456,1
1,42,232,232,1,0.9401663626376456,1
1,42,233,233,1,0.9401663626376456,1
1,42,234,234,1,0.9401663626376456,1
1,42,235,235,1,0.9401663626376456,1
1,42,236,236,0,0.022336619038671925,0
1,42,237,237,1,0.9179907670959248,1
1,42,246,246,1,0.7173511851911262,1
1,42,247,247,1,0.7173511851911262,1
1,42,248,248,1,0.7173511851911262,1
1,42,262,262,1,0.6010887802753933,1
1,42,263,263,1,0.8444802028196368,1
1,42,264,264,1,0.8686967189262501,1
1,42,265,265,1,0.8686967189262501,1
1,42,266,266,1,0.8686967189262501,1
1,42,267,267,1,0.9744626923246562,1
1,42,268,268,0,0.01558230569414918,0
1,42,269,269,1,0.8982411788094304,1
1,42,270,270,1,0.8982411788094304,1
1,42,271,271,1,0.8982411788094304,1
1,42,272,272,1,0.8982411788094304,1
1,42,273,273,1,0.8982411788094304,1
1,42,274,274,1,0.9506061195744714,1
1,42,288,288,1,0.8135316092764765,1
1,42,289,289,1,0.67248973058447,1
1,42,290,290,0,0.30248240045619695,0
1,42,291,291,0,0.30248240045619695,0
1,42,292,292,0,0.30248240045619695,0
1,42,293,293,0,0.03840270805095089,0
1,42,294,294,0,0.39734077638767534,0
1,42,308,308,1,0.9087419308601971,1
1,42,309,309,1,0.6670125955823026,1
1,42,310,310,1,0.6389221898129991,1
1,42,311,311,1,0.6670125955823026,1
1,42,312,312,1,0.6389221898129991,1
1,42,313,313,1,0.029911172141335807,0
1,42,314,314,1,0.029911172141335807,0
1,42,315,315,1,0.029911172141335807,0
1,42,316,316,1,0.45208606662638945,0
1,42,317,317,1,0.9887726435422998,1
1,42,318,318,1,0.9887726435422998,1
1,42,319,319,1,0.9900252673437658,1
1,42,320,320,1,0.9900252673437658,1
1,42,321,321,0,0.03189070681566661,0
1,42,322,322,0,0.03189070681566661,0
1,42,323,323,1,0.9821245204591699,1
1,42,324,324,0,0.015949927175800974,0
1,42,325,325,0,0.015949927175800974,0
1,42,326,326,0,0.015949927175800974,0
1,42,327,327,0,0.015949927175800974,0
1,42,328,328,1,0.7737474953528147,1
1,42,332,332,1,0.7677818896397869,1
1,42,333,333,1,0.456610928560936,0
1,42,334,334,1,0.456610928560936,0
1,42,335,335,1,0.9323708578456357,1
1,42,336,336,0,0.11324267842302954,0
1,42,343,343,0,0.4076815821588864,0
1,42,351,351,1,0.6877845305265142,1
1,42,352,352,1,0.6877845305265142,1
1,42,353,353,1,0.740822465323,1
1,42,354,354,1,0.1457442203746573,0
1,42,355,355,0,0.09730134311477627,0
1,42,356,356,0,0.016830953489989253,0
1,42,357,357,0,0.38292102044535115,0
1,42,358,358,0,0.38292102044535115,0
1,42,359,359,1,0.5954959955822308,1
1,42,360,360,0,0.03560754740463336,0
1,42,369,369,1,0.2255444159877187,0
1,42,370,370,0,0.46383312709517033,0
1,42,371,371,1,0.6840172596702893,1
1,42,372,372,1,0.6840172596702893,1
1,42,373,373,0,0.43088150691380694,0
1,42,374,374,0,0.43088150691380694,0
1,42,375,375,0,0.057135013658070014,0
1,42,376,376,1,0.7234275181288919,1
1,42,377,377,1,0.8412959291183152,1
1,42,378,378,1,0.8412959291183152,1
1,42,379,379,1,0.3991633994244389,0
1,42,380,380,0,0.08252535375648362,0
1,42,381,381,0,0.08732199070656242,0
1,42,416,416,1,0.96168392954321,1
1,42,417,417,1,0.7728317119783266,1
1,42,418,418,1,0.7728317119783266,1
1,42,419,419,0,0.5189186179014593,1
1,42,420,420,0,0.5108671083673919,1
1,42,421,421,0,0.06034206698616873,0
1,42,422,422,1,0.9959492210243296,1
1,42,429,429,0,0.14117010043552694,0
1,42,432,432,0,0.009837097700438328,0
1,42,433,433,1,0.2569562683735415,0
1,42,436,436,1,0.9928270162090094,1
1,42,437,437,0,0.0303661082936534,0
1,42,442,442,1,0.9953906207840088,1
1,42,443,443,0,0.5882217969494856,1
1,42,444,444,0,0.2477456319680249,0
1,42,445,445,1,0.9392606070075926,1
1,42,446,446,1,0.49518767628736926,0
1,42,454,454,0,0.6190391276020095,1
1,42,458,458,0,0.040146795063053416,0
1,42,462,462,0,0.578334284420848,1
1,42,463,463,0,0.578334284420848,1
1,42,467,467,0,0.027038367657133792,0
1,42,475,475,0,0.6349140591252131,1
1,42,496,496,1,0.8718549184575186,1
1,42,498,498,1,0.7768431346938831,1
1,42,499,499,1,0.9258615474947494,1
1,42,500,500,1,0.9258615474947494,1
1,42,501,501,1,0.9323005923292905,1
1,42,502,502,1,0.9323005923292905,1
1,42,504,504,1,0.8797671129893564,1
1,42,505,505,1,0.892134824762059,1
1,42,507,507,0,0.039023138804304164,0
1,42,509,509,0,0.2642835852097138,0
1,42,510,510,0,0.05877008245032655,0
1,42,511,511,0,0.05877008245032655,0
1,42,512,512,0,0.06034206698616873,0
1,42,513,513,0,0.3096972331399487,0
1,42,514,514,1,0.8890310008059858,1
1,42,522,522,0,0.29118202083689426,0
1,42,523,523,0,0.017254335013826474,0
1,42,527,527,1,0.8933072856743648,1
1,42,528,528,1,0.7654186007047066,1
1,42,529,529,1,0.9435256552329807,1
1,42,530,530,1,0.8291692801288003,1
1,42,531,531,0,0.3352235683857444,0
1,42,534,534,0,0.01540752177540329,0
1,42,535,535,1,0.9788898504673893,1
1,42,536,536,0,0.010221627867977942,0
1,42,540,540,1,0.896236084274676,1
1,42,541,541,1,0.896236084274676,1
1,42,542,542,1,0.9156672990731684,1
1,42,543,543,1,0.9700408155634265,1
1,42,544,544,1,0.9826868066571713,1
1,42,545,545,0,0.07199809370931652,0
1,42,546,546,0,0.05353469553437254,0
1,42,547,547,1,0.9935565231273825,1
1,42,548,548,0,0.028176701704459472,0
1,42,549,549,1,0.9952890672217726,1
1,42,550,550,0,0.02338112222363439,0
1,42,551,551,1,0.799861778524332,1
1,42,553,553,0,0.16293360709203666,0
1,42,554,554,0,0.012233472945348128,0
1,42,562,562,1,0.9522777126473639,1
1,42,572,572,1,0.9945098794745522,1
1,42,573,573,0,0.0788873252612196,0
1,42,574,574,1,0.9964404464211944,1
1,42,575,575,0,0.012287638097216337,0
1,42,580,580,1,0.9949486280624273,1
1,42,581,581,0,0.010528171272318301,0
1,42,586,586,0,0.48325338029094794,0
1,42,596,596,1,0.39940782999083985,0
1,42,597,597,0,0.6090219193672064,1
1,42,600,600,0,0.9133856927657203,1
1,42,612,612,1,0.7443914639164155,1
1,42,615,615,0,0.18072571149043834,0
1,42,622,622,0,0.05639112543133813,0
1,42,623,623,0,0.0338549573938521,0
1,42,625,625,0,0.5129225756175662,1
1,42,637,637,1,0.9208283814301559,1
1,42,656,656,0,0.327944915249399,0
1,42,657,657,0,0.327944915249399,0
1,42,669,669,1,0.6871086280816783,1
1,42,698,698,0,0.02228864563878941,0
1,42,699,699,0,0.039044897180048624,0
1,42,700,700,0,0.10553408216440432,0
1,42,701,701,0,0.08570951253092822,0
1,42,703,703,0,0.057281220733074935,0
1,42,704,704,0,0.05956108723119104,0
1,42,710,710,0,0.12564779192884945,0
1,42,711,711,1,0.30063800318455275,0
1,42,712,712,1,0.5605831609444869,1
1,42,713,713,1,0.9334421889292737,1
1,42,714,714,1,0.817787645941831,1
1,42,715,715,0,0.8463651936183642,1
1,42,716,716,1,0.40095336545039073,0
1,42,717,717,0,0.027777366779812622,0
1,42,719,719,0,0.24765521152277895,0
1,42,722,722,1,0.9281504789822915,1
1,42,723,723,1,0.9281504789822915,1
1,42,726,726,1,0.5441727942079898,1
1,42,727,727,1,0.9403922041587295,1
1,42,728,728,1,0.9120888348154715,1
1,42,729,729,1,0.14165582708535815,0
1,42,730,730,0,0.6655143298459233,1
1,42,732,732,0,0.3427729761995218,0
1,42,734,734,0,0.5363808902476773,1
1,42,735,735,0,0.551952966367776,1
1,42,741,741,1,0.7943521638213086,1
1,42,742,742,1,0.7676796175509956,1
1,42,743,743,0,0.8531789543595961,1
1,42,744,744,1,0.8944549723814244,1
1,42,745,745,1,0.9153784497079082,1
1,42,746,746,1,0.908902104794925,1
1,42,750,750,1,0.9602797992936801,1
1,42,753,753,1,0.19223817896178597,0
1,42,754,754,1,0.5229066330018631,1
1,42,755,755,0,0.43489063697738545,0
1,42,756,756,0,0.002978686070405943,0
1,42,757,757,0,0.004159890944247748,0
1,42,758,758,0,0.008121905075482107,0
1,42,760,760,1,0.8201962733824898,1
1,42,761,761,1,0.8059720581696752,1
1,42,764,764,0,0.04881263136992657,0
1,42,767,767,0,0.23226319629333256,0
1,42,768,768,1,0.8882643032442629,1
1,42,769,769,0,0.17037010001906563,0
1,42,770,770,1,0.8240137657188942,1
1,42,771,771,0,0.2102481542160083,0
1,42,772,772,1,0.8797841042295548,1
1,42,773,773,0,0.2095727054117684,0
1,42,774,774,0,0.014076534964288507,0
1,42,775,775,1,0.9857189710477151,1
1,42,776,776,0,0.011338758876650723,0
1,42,777,777,1,0.9917703153719447,1
1,42,778,778,0,0.010397719267701803,0
1,42,779,779,1,0.3449428225489073,0
1,42,780,780,1,0.7237870906764502,1
1,42,781,781,1,0.26605363444359803,0
1,42,782,782,0,0.4639364528602414,0
1,42,783,783,1,0.7770205253037004,1
1,42,784,784,0,0.662459733995358,1
1,42,785,785,1,0.9904777920553403,1
1,42,786,786,0,0.007972474336116253,0
1,42,787,787,1,0.9908129483533958,1
1,42,788,788,0,0.02397514920693408,0
1,42,789,789,1,0.6438050802141287,1
1,42,792,792,0,0.036404085110033554,0
1,42,795,795,1,0.8303855050150449,1
1,42,796,796,1,0.8149529683457305,1
1,42,808,808,1,0.8877934508684939,1
1,42,809,809,0,0.05280549888344834,0
1,42,810,810,1,0.9185660509152034,1
1,42,817,817,1,0.8394240328730967,1
1,42,818,818,0,0.013349354553605735,0
1,42,819,819,1,0.9569747816413988,1
1,42,820,820,0,0.06922342470745908,0
1,42,821,821,1,0.37572126368411984,0
1,42,822,822,0,0.18309372452436387,0
1,42,823,823,1,0.9902351208044435,1
1,42,825,825,1,0.9759478768014138,1
1,42,826,826,1,0.9861850347591368,1
1,42,828,828,1,0.9370499872623207,1
1,42,829,829,1,0.9449014342972438,1
1,42,830,830,1,0.9629376450331624,1
1,42,844,844,0,0.03995986585425656,0
1,42,845,845,1,0.8756819678332596,1
1,42,857,857,1,0.9878993753402864,1
1,42,858,858,0,0.009515539201581952,0
1,42,859,859,1,0.9364557002542082,1
1,42,860,860,0,0.13049873691411953,0
1,42,912,912,0,0.7258772295024326,1
1,42,913,913,0,0.8123044096704928,1
1,42,914,914,0,0.1338539413848079,0
1,42,915,915,1,0.7698197100200337,1
1,42,916,916,1,0.6104466419593685,1
1,42,917,917,1,0.28594066254575295,0
1,42,918,918,0,0.5147841162739326,1
1,42,919,919,1,0.467930811859381,0
1,42,920,920,0,0.7656890224621086,1
1,42,921,921,1,0.9646914784535426,1
1,42,922,922,1,0.23956529317446298,0
1,42,941,941,0,0.22232244954579716,0
1,42,944,944,0,0.03586122420379929,0
1,42,954,954,1,0.06305799614555083,0
1,42,961,961,1,0.3400681431829657,0
1,42,963,963,1,0.3738022922105914,0
1,42,964,964,0,0.33253141348247867,0
1,42,965,965,0,0.33253141348247867,0
1,42,991,991,1,0.9271126444417714,1
1,42,992,992,0,0.10893888418992337,0
1,42,993,993,0,0.3646285799921323,0
1,42,994,994,0,0.31410672993595706,0
1,42,995,995,0,0.06459855365450083,0
1,42,1029,1029,1,0.21661760049301343,0
1,42,1030,1030,0,0.3395347008929123,0
1,42,1031,1031,0,0.35375692752798216,0
1,42,1032,1032,0,0.3997563586706516,0
1,42,1033,1033,0,0.4857201513295793,0
1,42,1034,1034,0,0.5745616598760814,1
1,42,1036,1036,0,0.21820451921853756,0
1,42,1037,1037,1,0.809723006544533,1
1,42,1038,1038,0,0.020845096466805567,0
1,42,1039,1039,1,0.05269179350977423,0
1,42,1040,1040,0,0.005993960051190602,0
1,42,1052,1052,1,0.6078315995823955,1
1,42,1069,1069,1,0.8303559090886058,1
1,42,1071,1071,0,0.031080362513726187,0
1,42,1086,1086,1,0.3422916143855592,0
1,42,1087,1087,1,0.48325816433975133,0
1,42,1088,1088,1,0.9541475573478486,1
1,42,1160,1160,1,0.9609234172649876,1
1,42,1162,1162,1,0.9563049324079899,1
1,42,1163,1163,1,0.960558415671646,1
1,42,1164,1164,1,0.9604478827048002,1
1,42,1165,1165,1,0.9373154941216842,1
1,42,1166,1166,1,0.9472341848443117,1
1,42,1167,1167,1,0.9522991423945888,1
1,42,1168,1168,1,0.918014574866784,1
1,42,1169,1169,1,0.9306954627693786,1
1,42,1172,1172,0,0.4938558251376527,0
1,42,1188,1188,1,0.9590534904184403,1
1,42,1190,1190,1,0.9193204614994243,1
1,42,1191,1191,1,0.9475058681651555,1
1,42,1192,1192,1,0.9344153887654971,1
1,42,1194,1194,1,0.9746268722572913,1
1,42,1195,1195,1,0.9302090270307225,1
1,42,1196,1196,1,0.7782433146393299,1
1,42,1197,1197,1,0.9673536069915356,1
1,42,1199,1199,1,0.9570650308640088,1
1,42,1200,1200,1,0.9756212381071993,1
1,42,1202,1202,1,0.5420930573703073,1
1,42,1206,1206,1,0.8752108789890561,1
1,42,1207,1207,1,0.9692609709749899,1
1,42,1208,1208,1,0.9564079828435849,1
1,42,1209,1209,1,0.9594012482715134,1
1,42,1210,1210,0,0.45550416892988055,0
1,42,1211,1211,0,0.4449095178497934,0
1,42,1212,1212,0,0.8817600966460268,1
1,42,1213,1213,1,0.8554346317610698,1
1,42,1214,1214,1,0.9489403820329428,1
1,42,565,565,0,0.060481555838037035,0
1,42,567,567,0,0.01940854006871143,0
1,42,569,569,0,0.005856000653554126,0
1,42,571,571,0,0.10651909989036598,0
1,42,155,155,1,0.9533443128522073,1
1,42,1046,1046,1,0.9465487831753203,1
1,42,2078,2078,0,0.026446620370999135,0
1,42,2125,2125,0,0.01519460742879155,0
1,42,2132,2132,0,0.016282030439812665,0
1,42,2162,2162,0,0.016298150954923114,0
1,42,2203,2203,0,0.012391327384027243,0
1,42,2213,2213,0,0.026685266811850468,0
1,42,483,483,0,0.640269310387509,1
1,42,2400,2400,1,0.9505929412779497,1
1,42,2401,2401,1,0.9505929412779497,1
1,42,2402,2402,1,0.9518710620335543,1
1,42,2403,2403,1,0.9518710620335543,1
1,42,2404,2404,1,0.9518710620335543,1
1,42,2405,2405,1,0.9518710620335543,1
1,42,2406,2406,1,0.9518710620335543,1
1,42,2407,2407,1,0.9505929412779497,1
1,42,2408,2408,1,0.9505929412779497,1
1,42,2409,2409,1,0.9505929412779497,1
1,42,2410,2410,1,0.9518710620335543,1
1,42,2411,2411,1,0.9518710620335543,1
1,42,2412,2412,1,0.9518710620335543,1
1,42,2413,2413,1,0.9518710620335543,1
1,42,2414,2414,1,0.9518710620335543,1
1,42,2550,2550,1,0.8572221450175075,1
1,42,2551,2551,1,0.8572221450175075,1
1,42,2552,2552,1,0.8572221450175075,1
1,42,2553,2553,1,0.8407890067318321,1
1,42,2554,2554,1,0.8628544876937981,1
1,42,2555,2555,1,0.8628544876937981,1
1,42,2557,2557,1,0.9214321564826776,1
1,42,2558,2558,1,0.9214321564826776,1
1,42,2559,2559,1,0.916860691342843,1
1,42,2560,2560,1,0.8886343472830356,1
1,42,2561,2561,1,0.8899895465984884,1
1,42,2562,2562,1,0.8655365781886228,1
1,42,2662,2662,1,0.8797103399560718,1
1,42,2719,2719,1,0.7935273452889466,1
1,42,2720,2720,1,0.8197201828003909,1
1,42,2721,2721,1,0.8197201828003909,1
1,42,2722,2722,1,0.8265404767556264,1
1,42,2723,2723,1,0.8070924587157483,1
1,42,2724,2724,1,0.8239244271253221,1
1,42,2830,2830,1,0.9171402644286147,1
1,42,2837,2837,1,0.5167039012826828,1
1,42,2839,2839,1,0.890335279280715,1
1,42,2840,2840,1,0.890335279280715,1
1,42,2841,2841,1,0.7976295839742039,1
1,42,2851,2851,1,0.7880615637062058,1
1,42,2852,2852,1,0.7781779532402515,1
1,42,2853,2853,1,0.628167240161721,1
1,42,2893,2893,1,0.7575951578981859,1
1,42,2894,2894,1,0.7575951578981859,1
1,42,2895,2895,1,0.7720009382364735,1
1,42,2896,2896,1,0.7720009382364735,1
1,42,2897,2897,1,0.8033673131146334,1
1,42,2899,2899,1,0.9100858241765636,1
1,42,2900,2900,1,0.9125207458519767,1
1,42,2904,2904,1,0.7976729254603252,1
1,42,2905,2905,1,0.8942035555192331,1
1,42,2906,2906,1,0.9043356456629288,1
1,42,2968,2968,1,0.5915289449230243,1
1,42,2969,2969,1,0.5915289449230243,1
1,42,2984,2984,1,0.7304659756575482,1
1,42,2986,2986,1,0.8052767086175138,1
1,42,3018,3018,1,0.438020682331636,0
1,42,3032,3032,1,0.8346141768114127,1
1,42,3033,3033,1,0.6954503412737233,1
1,42,3039,3039,1,0.7995621908151461,1
1,42,3095,3095,1,0.7388858695069744,1
1,42,3156,3156,1,0.5671215696600721,1
1,42,3200,3200,1,0.9082621177320618,1
1,42,3201,3201,1,0.9082621177320618,1
1,42,3250,3250,1,0.15746358033356572,0
1,42,3251,3251,1,0.20002351146819508,0
1,42,3252,3252,1,0.45317993062506345,0
1,42,3253,3253,1,0.20002351146819508,0
1,42,3254,3254,1,0.20002351146819508,0
1,42,3255,3255,1,0.20002351146819508,0
1,42,3264,3264,1,0.21162961905689157,0
1,42,3267,3267,1,0.5640617285329779,1
1,42,3269,3269,1,0.7988328137447668,1
1,42,3294,3294,1,0.8472517718977242,1
1,42,3384,3384,1,0.9346642791686706,1
1,42,3395,3395,1,0.9390092489614313,1
1,42,3396,3396,1,0.8059178662317381,1
1,42,3419,3419,1,0.9316821795665862,1
1,42,3420,3420,1,0.5359745245296377,1
1,42,3427,3427,1,0.8061326791769153,1
1,42,3429,3429,1,0.7193498446399503,1
1,42,3430,3430,1,0.551720864044669,1
1,42,3432,3432,1,0.91982673912542,1
1,42,3469,3469,0,0.18428565674488587,0
1,42,3478,3478,1,0.6055568650100105,1
1,42,3637,3637,1,0.8945846396593359,1
1,42,3638,3638,1,0.7722346188756957,1
1,42,3667,3667,1,0.6075994494697448,1
1,42,3692,3692,0,0.545999408678547,1
1,42,3700,3700,0,0.7539315479260595,1
1,42,3704,3704,0,0.7865693584463432,1
1,42,3705,3705,0,0.5219793855333719,1
1,42,3750,3750,0,0.4132887755446925,0
1,42,3751,3751,0,0.611907779770246,1
1,42,3791,3791,1,0.9074492864634333,1
1,42,3792,3792,1,0.9074492864634333,1
1,42,3794,3794,1,0.9074315829238021,1
1,42,3811,3811,1,0.4502264928476403,0
1,42,3838,3838,1,0.7515275780264283,1
1,42,3839,3839,1,0.6545732401538487,1
1,42,3865,3865,1,0.6810116213816422,1
1,42,3866,3866,1,0.5767480248294,1
1,42,3868,3868,1,0.598533579331298,1
1,42,3890,3890,0,0.7654415495079662,1
1,42,3894,3894,1,0.6737203918430161,1
1,42,3972,3972,0,0.5074831159812878,1
1,42,4001,4001,1,0.6928587106011588,1
1,42,4069,4069,1,0.485166564534312,0
1,42,4077,4077,0,0.5767313556577797,1
1,42,4122,4122,1,0.7506943638405346,1
1,42,4147,4147,0,0.3838587427513869,0
1,42,4153,4153,1,0.5332812917511256,1
1,42,4154,4154,1,0.48402631000207097,0
1,42,4173,4173,1,0.7778044709579265,1
1,42,4233,4233,0,0.24800310668050216,0
1,42,4284,4284,1,0.8343332581989035,1
1,42,4310,4310,1,0.7780917916116032,1
1,42,4324,4324,1,0.16806687001378412,0
1,42,4364,4364,1,0.5122669061405509,1
1,42,4367,4367,1,0.026668350238963173,0
1,42,4441,4441,0,0.5998771046525994,1
1,42,4443,4443,1,0.7339293779950132,1
1,42,4444,4444,1,0.25885159232011995,0
1,42,4448,4448,1,0.6427621505998717,1
1,42,4452,4452,0,0.13101291431924675,0
1,42,4476,4476,1,0.1475521249876791,0
1,42,4486,4486,1,0.6912477364016169,1
1,42,4577,4577,0,0.3505332636033055,0
1,42,4622,4622,1,0.5214281592366572,1
1,42,4627,4627,1,0.282564368432557,0
1,42,4685,4685,0,0.3316623704012407,0
1,42,4729,4729,1,0.43779987708337476,0
1,42,4802,4802,1,0.10143045632873361,0
1,42,4944,4944,1,0.32066774318065383,0
1,42,4968,4968,1,0.2566648119607536,0
1,42,4993,4993,1,0.5274172887073161,1
1,42,5087,5087,0,0.77597072796695,1
1,42,2077,2077,1,0.9712144356145145,1
1,42,2124,2124,1,0.9561069440273436,1
1,42,2131,2131,1,0.9461773837261179,1
1,42,2161,2161,1,0.9512233883861627,1
1,42,2202,2202,1,0.9587113209410668,1
1,42,2212,2212,0,0.9582762384226767,1
1,42,2222,2222,1,0.44364963660986195,0
1,42,2223,2223,1,0.44364963660986195,0
1,42,2225,2225,1,0.5735890020664333,1
1,42,2226,2226,1,0.5735890020664333,1
1,42,2227,2227,0,0.11615059054043783,0
1,42,2228,2228,1,0.5306038600271958,1
1,42,2229,2229,1,0.5306038600271958,1
1,42,3668,3668,0,0.8552007507669553,1
1,42,3669,3669,0,0.8552007507669553,1
1,42,4511,4511,0,0.8340125119691929,1
1,42,71,71,1,0.21697684720285687,0
1,42,72,72,1,0.21697684720285687,0
1,42,73,73,1,0.21697684720285687,0
1,42,156,156,1,0.7065575238097079,1
1,42,157,157,0,0.07215566185262502,0
1,42,186,186,0,0.5422632631642399,1
1,42,187,187,0,0.5422632631642399,1
1,42,975,975,1,0.6594476947529381,1
1,42,2185,2185,0,0.24950152828710417,0
1,42,2186,2186,0,0.24950152828710417,0
1,42,2693,2693,1,0.15850640050748235,0
1,42,4333,4333,1,0.6935570791567292,1
1,42,4437,4437,1,0.34715610200094976,0
1,42,4438,4438,1,0.4553217803720796,0
1,42,4588,4588,1,0.6625369443351661,1
1,42,4589,4589,1,0.687365914720179,1
1,42,4480,4480,0,0.05663840058624662,0
1,42,1051,1051,1,0.9179535076087155,1
1,42,5145,5145,1,0.8139012202970657,1
1,42,1577,1577,1,0.17354124211037125,0
1,42,1578,1578,1,0.17354124211037125,0
1,42,1579,1579,1,0.17354124211037125,0
1,42,1852,1852,1,0.04647675565884862,0
1,42,1853,1853,1,0.04647675565884862,0
1,42,2196,2196,1,0.5055005757912696,1
1,42,2221,2221,0,0.19326801321573991,0
1,42,616,616,1,0.29832712526563165,0
1,42,617,617,0,0.2617649984442983,0
1,42,2145,2145,0,0.015551388472890702,0
1,42,2146,2146,0,0.015551388472890702,0
1,42,3798,3798,1,0.2111549362274616,0
1,42,4161,4161,0,0.9344869986088176,1
1,42,1241,1241,1,0.9412962654348022,1
1,42,1487,1487,1,0.3724602963162209,0
1,42,1501,1501,1,0.27217629205955307,0
1,42,1502,1502,0,0.5677712421542439,1
1,42,4041,4041,0,0.5655166088374629,1
1,42,3872,3872,0,0.05876014948533357,0
1,42,1175,1175,1,0.6403924658023381,1
1,42,1149,1149,1,0.3359671340919073,0
1,42,5141,5141,0,0.028504608229908,0
1,42,4534,4534,0,0.6805451995649383,1
1,42,4757,4757,1,0.44784048850721714,0
1,42,4758,4758,0,0.26898929722977133,0
1,42,3777,3777,0,0.5403787441660894,1
1,42,3988,3988,1,0.9045314154402282,1
1,42,1634,1634,0,0.05742140268769258,0
1,42,708,708,0,0.3149493206290584,0
1,42,1073,1073,1,0.0875823257175256,0
1,42,4415,4415,1,0.25962786377248115,0
1,42,1809,1809,0,0.020876471881141466,0
1,42,1930,1930,0,0.010254330675167548,0
1,42,1934,1934,0,0.005469856161269443,0
1,42,2070,2070,0,0.008199965305751717,0
1,42,2074,2074,0,0.01116765992351372,0
1,42,5059,5059,1,0.03735635124561211,0
1,42,3914,3914,1,0.04822535652123105,0
1,42,1525,1525,0,0.04381171924793775,0
1,42,1526,1526,0,0.04381171924793775,0
1,42,1527,1527,0,0.03434334933311079,0
1,42,1528,1528,0,0.02589322680648817,0
1,42,1529,1529,0,0.04381171924793775,0
1,42,1530,1530,0,0.04381171924793775,0
1,42,1531,1531,0,0.02589322680648817,0
1,42,1558,1558,0,0.02298067019307301,0
1,42,1559,1559,0,0.02298067019307301,0
1,42,1560,1560,0,0.07624778204791884,0
1,42,1561,1561,0,0.024209988064214438,0
1,42,1595,1595,0,0.03983992977104282,0
1,42,1596,1596,0,0.03983992977104282,0
1,42,1598,1598,0,0.028547063105296467,0
1,42,1599,1599,0,0.07217024316095966,0
1,42,1695,1695,0,0.06670528190927758,0
1,42,414,414,1,0.9875488452344744,1
1,42,653,653,1,0.9733809033075864,1
1,42,1154,1154,1,0.9592564994605727,1
1,42,1155,1155,1,0.9598637980326403,1
1,42,5104,5104,1,0.5074817368331841,1
1,42,5142,5142,0,0.23167032341200489,0
1,42,4013,4013,1,0.14048983756219535,0
1,42,4180,4180,1,0.019396267213301028,0
1,42,4185,4185,0,0.07769872087556029,0
1,42,4190,4190,1,0.051711579879275285,0
1,42,4191,4191,1,0.19851426585980583,0
1,42,4595,4595,1,0.05431085727984257,0
1,42,4625,4625,1,0.33313350046587803,0
1,42,4717,4717,1,0.06298607838733371,0
1,42,4718,4718,0,0.03297277534494041,0
1,42,4719,4719,0,0.06797083885396783,0
1,42,4721,4721,1,0.14987348747392834,0
1,42,4727,4727,0,0.08143228397446108,0
1,42,4840,4840,0,0.03833834023459992,0
1,42,4862,4862,0,0.07272135318220051,0
1,42,4917,4917,0,0.020540084473784956,0
1,42,5001,5001,1,0.10951381403831204,0
1,42,4022,4022,1,0.7532201968524231,1
1,42,5149,5149,0,0.2653711865024242,0
1,42,5150,5150,1,0.1515285355192153,0
1,42,5144,5144,0,0.31318397177764024,0
1,42,5190,5190,0,0.5951591654847705,1
1,42,5191,5191,0,0.4471994187879098,0
1,42,5192,5192,0,0.31024320089313756,0
1,42,5193,5193,0,0.3733661906713983,0
1,42,5194,5194,0,0.5567389266629487,1
1,42,5195,5195,0,0.5864492265325464,1
1,42,5196,5196,0,0.6804582975487702,1
1,42,5197,5197,0,0.3183253953351521,0
1,42,5198,5198,0,0.6658494220676523,1
1,42,4599,4599,0,0.07928127770191526,0
1,42,4673,4673,0,0.428400502793713,0
1,42,4674,4674,0,0.06856061229097442,0
1,42,4733,4733,0,0.06327094743019476,0
1,42,4734,4734,0,0.16738753345538693,0
1,42,4854,4854,0,0.16116172187305908,0
1,42,4997,4997,0,0.06407053687743722,0
1,42,5023,5023,0,0.1455439275773498,0
1,42,5129,5129,1,0.03487154134348813,0
1,42,862,862,1,0.992972510644009,1
1,42,2224,2224,0,0.35330391854741033,0
1,42,4569,4569,1,0.9310447645609443,1
1,42,4750,4750,0,0.3415308752895757,0
1,42,4931,4931,1,0.6166398642983322,1
1,42,1744,1744,1,0.29912716408066253,0
1,42,1745,1745,0,0.20742668761327449,0
1,42,766,766,1,0.592468323000852,1
1,42,4663,4663,0,0.5915132856155816,1
1,42,1964,1964,0,0.7200042134453064,1
1,42,2198,2198,0,0.5427378867989169,1
1,42,2231,2231,0,0.5980387158398288,1
1,42,456,456,0,0.6563973187055676,1
1,42,3718,3718,1,0.05979282062836083,0
1,42,4193,4193,1,0.212537250667832,0
1,42,4236,4236,1,0.19556645015968394,0
1,42,342,342,0,0.01066089563681894,0
1,42,2092,2092,1,0.9872762179172986,1
1,42,2093,2093,1,0.9872762179172986,1
1,42,367,367,0,0.015058976097873029,0
1,42,1047,1047,0,0.010314072151260454,0
1,42,1958,1958,1,0.3487922016011466,0
1,42,2233,2233,0,0.09312193850033941,0
1,42,2235,2235,0,0.37740226939940336,0
1,42,3814,3814,0,0.05572149727930319,0
1,42,557,557,0,0.5244265304795924,1
1,42,558,558,0,0.5244265304795924,1
1,42,559,559,1,0.46425059108483346,0
1,42,1173,1173,1,0.7555619664618545,1
1,42,589,589,0,0.024900982943475557,0
1,42,3917,3917,1,0.9296344226532908,1
1,42,2847,2847,0,0.6078319409162006,1
1,42,2855,2855,0,0.8029596787448261,1
1,42,2856,2856,0,0.5118456455393707,1
1,42,3008,3008,0,0.900094841134396,1
1,42,3611,3611,0,0.9275000089978548,1
1,42,3698,3698,1,0.8751615845833328,1
1,42,1715,1715,1,0.06667392537457972,0
1,42,1776,1776,1,0.09180432023739,0
1,42,1814,1814,1,0.03664747720643813,0
1,42,1841,1841,1,0.020465337540356645,0
1,42,1875,1875,1,0.06359943271777915,0
1,42,2024,2024,1,0.022983750195428143,0
1,42,2141,2141,0,0.13328247127835816,0
1,42,3910,3910,0,0.11109674952731588,0
1,42,3911,3911,0,0.11109674952731588,0
1,42,4870,4870,1,0.9125509187136422,1
1,42,952,952,0,0.0992805524271039,0
1,42,4574,4574,1,0.7389268136718381,1
1,42,747,747,1,0.7466157104036169,1
1,42,3877,3877,1,0.7226590127166077,1
1,42,4220,4220,1,0.5158294542391546,1
1,42,4605,4605,1,0.6790999427593133,1
1,42,4606,4606,1,0.4549860329535674,0
1,42,4607,4607,1,0.787331419832591,1
1,42,209,209,1,0.3957070194449976,0
1,42,210,210,1,0.3957070194449976,0
1,42,519,519,0,0.7934006791908332,1
1,42,1701,1701,0,0.5562139863524516,1
1,42,3233,3233,1,0.41618253428750257,0
1,42,3519,3519,1,0.6134911277833615,1
1,42,3520,3520,1,0.7172949840072111,1
1,42,3722,3722,1,0.5602777644341896,1
1,42,3723,3723,1,0.8668408505251651,1
1,42,3724,3724,1,0.6961531704661166,1
1,42,3918,3918,0,0.47142496749157986,0
1,42,3961,3961,1,0.6420992987614573,1
1,42,3962,3962,1,0.6595726503454495,1
1,42,3963,3963,1,0.4071375960680407,0
1,42,3964,3964,0,0.20089690932976592,0
1,42,3965,3965,1,0.38922463709020083,0
1,42,3966,3966,1,0.42865996618356067,0
1,42,3992,3992,1,0.3890090091206864,0
1,42,4061,4061,0,0.4083799602558519,0
1,42,4062,4062,0,0.37987411705551527,0
1,42,4063,4063,0,0.7465750031627248,1
1,42,4116,4116,0,0.6721503161056103,1
1,42,4221,4221,0,0.5590263321792478,1
1,42,4222,4222,0,0.918007940020809,1
1,42,4223,4223,0,0.6135262549884068,1
1,42,4273,4273,0,0.7042333918234887,1
1,42,4274,4274,0,0.82152772098814,1
1,42,4275,4275,0,0.5528337340880448,1
1,42,4362,4362,0,0.4704399630620871,0
1,42,4394,4394,1,0.737331361667265,1
1,42,4471,4471,0,0.8133309729677212,1
1,42,4487,4487,0,0.6362842846445629,1
1,42,4503,4503,0,0.9482394426456585,1
1,42,4544,4544,0,0.3623981363862693,0
1,42,5185,5185,1,0.679100389865743,1
1,42,0,0,0,0.008522484425153123,0
1,42,1,1,0,0.008522484425153123,0
1,42,41,41,0,0.013867197304863601,0
1,42,42,42,0,0.013867197304863601,0
1,42,96,96,0,0.07580617299221103,0
1,42,97,97,0,0.07580617299221103,0
1,42,141,141,0,0.015781900049934697,0
1,42,142,142,0,0.015781900049934697,0
1,42,145,145,0,0.011355221937772112,0
1,42,146,146,0,0.011355221937772112,0
1,42,3448,3448,1,0.9604470699282448,1
1,42,1693,1693,0,0.15688484470218936,0
1,42,1746,1746,0,0.48108629098707134,0
1,42,1747,1747,0,0.4375011567957355,0
1,42,1787,1787,0,0.3310401290648724,0
1,42,1789,1789,1,0.3776727612679217,0
1,42,1790,1790,1,0.34936481305607786,0
1,42,1796,1796,0,0.26384083759310456,0
1,42,1836,1836,0,0.04899874635134981,0
1,42,1906,1906,0,0.15567493911162508,0
1,42,1915,1915,1,0.046047183514234834,0
1,42,2052,2052,0,0.480653323315607,0
1,42,2053,2053,0,0.4596751160102064,0
1,42,4381,4381,0,0.04974498884024097,0
1,42,4517,4517,0,0.3480009948424412,0
1,42,4518,4518,0,0.03585403183186506,0
1,42,4519,4519,0,0.08673815106990598,0
1,42,4680,4680,0,0.07040771349295681,0
1,42,4957,4957,0,0.1630228382367638,0
1,42,1668,1668,0,0.024169386578617648,0
1,42,1688,1688,0,0.012343218087935598,0
1,42,1698,1698,0,0.005819065929393825,0
1,42,1714,1714,0,0.17390495856956048,0
1,42,1731,1731,0,0.008379953374918182,0
1,42,1761,1761,0,0.005845457379212424,0
1,42,1769,1769,0,0.009966698520524528,0
1,42,1777,1777,0,0.03028099951095224,0
1,42,1785,1785,0,0.017844582425417525,0
1,42,1792,1792,0,0.010087682390673315,0
1,42,1797,1797,1,0.03575167017592849,0
1,42,1813,1813,0,0.010611361582471076,0
1,42,1824,1824,0,0.02419660963374594,0
1,42,1827,1827,0,0.04425801103112513,0
1,42,1830,1830,0,0.014012613708799299,0
1,42,1837,1837,0,0.013110854341671797,0
1,42,1838,1838,0,0.01588784868386265,0
1,42,1843,1843,0,0.12987210405494043,0
1,42,1847,1847,0,0.02697022861707212,0
1,42,1854,1854,0,0.0038147597093761043,0
1,42,1859,1859,0,0.0033960161453513633,0
1,42,1874,1874,0,0.00773593739841561,0
1,42,1876,1876,0,0.012507143090230481,0
1,42,1884,1884,0,0.017856935975211825,0
1,42,1891,1891,0,0.009529770584325371,0
1,42,1899,1899,0,0.020619887265890417,0
1,42,1900,1900,0,0.054385237168175525,0
1,42,1901,1901,0,0.07528761425957117,0
1,42,1904,1904,0,0.015124261077831743,0
1,42,1910,1910,0,0.02886942825598822,0
1,42,1922,1922,0,0.03078260671216545,0
1,42,1924,1924,0,0.013749106666776572,0
1,42,1926,1926,0,0.009951257099215259,0
1,42,1942,1942,0,0.05570149850922783,0
1,42,1944,1944,0,0.017246385198939635,0
1,42,1946,1946,0,0.0133874938353451,0
1,42,1954,1954,1,0.028663143194934713,0
1,42,1959,1959,0,0.010227001910650577,0
1,42,1967,1967,0,0.002633761573268814,0
1,42,1971,1971,0,0.040084099882523185,0
1,42,1978,1978,0,0.02386531199289948,0
1,42,1982,1982,0,0.10557839936617054,0
1,42,1984,1984,0,0.03687865550585893,0
1,42,1990,1990,0,0.05512878746881695,0
1,42,1999,1999,0,0.014671680811292517,0
1,42,2006,2006,0,0.007704695056854988,0
1,42,2014,2014,0,0.005633927838716613,0
1,42,2019,2019,0,0.004974682332791056,0
1,42,2028,2028,0,0.005393367339152705,0
1,42,2038,2038,0,0.016109330824504522,0
1,42,2040,2040,0,0.03897713258844492,0
1,42,2042,2042,0,0.06476032197113198,0
1,42,2058,2058,0,0.016690894516022015,0
1,42,2059,2059,0,0.011531927965520425,0
1,42,2064,2064,0,0.04565901612872474,0
1,42,2066,2066,0,0.011698618624550993,0
1,42,2095,2095,0,0.028413391738906772,0
1,42,2110,2110,0,0.13607926037517756,0
1,42,2112,2112,0,0.03797370268396792,0
1,42,2118,2118,0,0.010640106136963763,0
1,42,2168,2168,0,0.0052298965863185835,0
1,42,2084,2084,0,0.010041199452618034,0
1,42,2232,2232,1,0.15489096100243704,0
1,42,2210,2210,0,0.13569221165498574,0
1,42,341,341,0,0.011424984350107527,0
1,42,2099,2099,0,0.07877752026281819,0
1,42,959,959,0,0.32670792038436025,0
1,42,960,960,1,0.5292193949303384,1
1,42,1181,1181,1,0.9650363555566485,1
1,42,1667,1667,1,0.9845016849540482,1
1,42,1687,1687,1,0.9730803184736934,1
1,42,1697,1697,1,0.9977170033039485,1
1,42,1713,1713,1,0.9879516938692041,1
1,42,1730,1730,1,0.9966336418096509,1
1,42,1760,1760,1,0.9583013968952998,1
1,42,1768,1768,1,0.9972833319787097,1
1,42,1784,1784,1,0.9743937505875551,1
1,42,1791,1791,1,0.9859189201323783,1
1,42,1812,1812,1,0.8116010727913215,1
1,42,1823,1823,1,0.9964839303648233,1
1,42,1826,1826,1,0.9752007326554325,1
1,42,1842,1842,1,0.9852424940957776,1
1,42,1846,1846,1,0.9151363827089716,1
1,42,1858,1858,1,0.9957221467272077,1
1,42,1873,1873,1,0.9846814644840961,1
1,42,1890,1890,1,0.9596871199174756,1
1,42,1898,1898,1,0.9916436084470581,1
1,42,1903,1903,1,0.9903459129193213,1
1,42,1911,1911,1,0.9058976106131552,1
1,42,1921,1921,1,0.9824576246901409,1
1,42,1923,1923,1,0.9602074869271188,1
1,42,1925,1925,1,0.995447322168903,1
1,42,1941,1941,1,0.9989995877663747,1
1,42,1943,1943,1,0.9736535127393983,1
1,42,1945,1945,1,0.9847300887327838,1
1,42,1966,1966,1,0.9836762114676728,1
1,42,1970,1970,1,0.9796695670428602,1
1,42,1977,1977,1,0.979860757285606,1
1,42,1983,1983,1,0.9945626324179471,1
1,42,1989,1989,1,0.9339569639371148,1
1,42,1998,1998,1,0.9961115824356459,1
1,42,2005,2005,1,0.9915688402328848,1
1,42,2013,2013,1,0.9981803411875092,1
1,42,2018,2018,1,0.9846857033338261,1
1,42,2027,2027,1,0.9968439935475543,1
1,42,2037,2037,1,0.9876316001011719,1
1,42,2039,2039,1,0.9831128086805472,1
1,42,2041,2041,1,0.9921332386337947,1
1,42,2060,2060,1,0.9097554225845113,1
1,42,2063,2063,1,0.9841298737030867,1
1,42,2065,2065,1,0.9751432949601836,1
1,42,2094,2094,1,0.9951984752075831,1
1,42,2109,2109,1,0.9822468532103013,1
1,42,2111,2111,1,0.9787782969398761,1
1,42,2119,2119,1,0.9776680045542643,1
1,42,2167,2167,1,0.9866079653090556,1
1,42,552,552,1,0.4559046285364275,0
1,42,2214,2214,0,0.02251225990124599,0
1,42,2385,2385,0,0.10187536059041429,0
1,42,2386,2386,0,0.10187536059041429,0
1,42,2387,2387,0,0.10187536059041429,0
1,42,2388,2388,0,0.08958629835938725,0
1,42,2389,2389,0,0.10187536059041429,0
1,42,2390,2390,0,0.10187536059041429,0
1,42,2391,2391,0,0.10187536059041429,0
1,42,2392,2392,0,0.08958629835938725,0
1,42,2393,2393,0,0.10187536059041429,0
1,42,2394,2394,0,0.10187536059041429,0
1,42,2395,2395,0,0.10187536059041429,0
1,42,2396,2396,0,0.10187536059041429,0
1,42,2397,2397,0,0.10187536059041429,0
1,42,2398,2398,0,0.10187536059041429,0
1,42,2399,2399,0,0.10187536059041429,0
1,42,2556,2556,0,0.13431108331068375,0
1,42,2564,2564,0,0.14597779771581323,0
1,42,2565,2565,0,0.09674935213301403,0
1,42,2566,2566,0,0.09674935213301403,0
1,42,2663,2663,0,0.16558228034696487,0
1,42,2664,2664,0,0.10088607197843102,0
1,42,2665,2665,0,0.16558228034696487,0
1,42,2666,2666,0,0.10088607197843102,0
1,42,2667,2667,0,0.11366612923097176,0
1,42,2718,2718,0,0.13711556350235782,0
1,42,2831,2831,0,0.1902557803528439,0
1,42,2836,2836,0,0.203343829339766,0
1,42,2887,2887,0,0.07607707064637734,0
1,42,2888,2888,0,0.07009282689694066,0
1,42,2889,2889,0,0.10843843366313956,0
1,42,2890,2890,0,0.08622794201187821,0
1,42,2901,2901,0,0.20357349034001682,0
1,42,2949,2949,0,0.15847752757739,0
1,42,2950,2950,0,0.1714051461091846,0
1,42,2951,2951,0,0.15847752757739,0
1,42,2952,2952,0,0.18381936773949453,0
1,42,2953,2953,0,0.15847752757739,0
1,42,2954,2954,0,0.1714051461091846,0
1,42,2955,2955,0,0.15847752757739,0
1,42,2956,2956,0,0.15847752757739,0
1,42,2957,2957,0,0.15847752757739,0
1,42,2958,2958,0,0.15847752757739,0
1,42,2959,2959,0,0.15847752757739,0
1,42,2960,2960,0,0.1714051461091846,0
1,42,2961,2961,0,0.15847752757739,0
1,42,2962,2962,0,0.15847752757739,0
1,42,2963,2963,0,0.1714051461091846,0
1,42,2964,2964,0,0.15847752757739,0
1,42,2965,2965,0,0.15847752757739,0
1,42,2966,2966,0,0.15847752757739,0
1,42,2967,2967,0,0.15847752757739,0
1,42,2970,2970,0,0.08508208185528893,0
1,42,2971,2971,0,0.08508208185528893,0
1,42,2972,2972,0,0.08508208185528893,0
1,42,2973,2973,0,0.08508208185528893,0
1,42,2974,2974,0,0.08508208185528893,0
1,42,2975,2975,0,0.08508208185528893,0
1,42,2976,2976,0,0.08508208185528893,0
1,42,2979,2979,0,0.10417553636537312,0
1,42,2983,2983,0,0.166013836229772,0
1,42,2985,2985,0,0.2147465954278201,0
1,42,3034,3034,0,0.11040603761315433,0
1,42,3035,3035,1,0.08858930707410066,0
1,42,3036,3036,0,0.10159435162708276,0
1,42,3094,3094,0,0.18379818547662194,0
1,42,3179,3179,0,0.08464243086804558,0
1,42,3180,3180,0,0.05418542240734366,0
1,42,3181,3181,0,0.1049716662557981,0
1,42,3182,3182,0,0.08557024382926443,0
1,42,3183,3183,0,0.13439658070432037,0
1,42,3184,3184,0,0.13439658070432037,0
1,42,3185,3185,0,0.13439658070432037,0
1,42,3186,3186,0,0.13439658070432037,0
1,42,3187,3187,0,0.13439658070432037,0
1,42,3188,3188,0,0.13439658070432037,0
1,42,3189,3189,0,0.13439658070432037,0
1,42,3190,3190,0,0.13439658070432037,0
1,42,3191,3191,0,0.13439658070432037,0
1,42,3192,3192,0,0.13439658070432037,0
1,42,3193,3193,0,0.13439658070432037,0
1,42,3194,3194,0,0.057235931977490676,0
1,42,3195,3195,0,0.07092799086258864,0
1,42,3196,3196,0,0.07092799086258864,0
1,42,3197,3197,0,0.07092799086258864,0
1,42,3198,3198,0,0.14088985124603973,0
1,42,3199,3199,0,0.14088985124603973,0
1,42,3204,3204,0,0.145778211250333,0
1,42,3234,3234,0,0.21509920213528416,0
1,42,3235,3235,0,0.17337593454237976,0
1,42,3236,3236,0,0.21509920213528416,0
1,42,3237,3237,0,0.17337593454237976,0
1,42,3238,3238,0,0.17337593454237976,0
1,42,3239,3239,0,0.11422546582610477,0
1,42,3240,3240,0,0.11422546582610477,0
1,42,3241,3241,0,0.08525886609601324,0
1,42,3242,3242,0,0.08525886609601324,0
1,42,3243,3243,0,0.08525886609601324,0
1,42,3244,3244,0,0.11422546582610477,0
1,42,3245,3245,0,0.11422546582610477,0
1,42,3246,3246,0,0.08525886609601324,0
1,42,3247,3247,0,0.08525886609601324,0
1,42,3248,3248,0,0.08525886609601324,0
1,42,3249,3249,0,0.11422546582610477,0
1,42,3256,3256,0,0.1257979184393525,0
1,42,3257,3257,0,0.03848593870859134,0
1,42,3258,3258,0,0.03848593870859134,0
1,42,3259,3259,0,0.03848593870859134,0
1,42,3260,3260,0,0.03848593870859134,0
1,42,3261,3261,0,0.03848593870859134,0
1,42,3262,3262,0,0.03848593870859134,0
1,42,3263,3263,0,0.03848593870859134,0
1,42,3265,3265,1,0.036522955124301926,0
1,42,3266,3266,0,0.15013626982975609,0
1,42,3268,3268,0,0.14399662445594394,0
1,42,3293,3293,0,0.09584267822270072,0
1,42,3310,3310,0,0.12271101114265359,0
1,42,3394,3394,1,0.08535520100600326,0
1,42,3417,3417,0,0.11287981718051357,0
1,42,3418,3418,0,0.16450868806211663,0
1,42,3421,3421,0,0.03458866502005174,0
1,42,3423,3423,1,0.04384814741089574,0
1,42,3424,3424,0,0.15342539821029855,0
1,42,3425,3425,0,0.1511952175346364,0
1,42,3426,3426,0,0.09592364779325788,0
1,42,3428,3428,0,0.13961148924162192,0
1,42,3433,3433,0,0.08741882724864809,0
1,42,3450,3450,0,0.050725131433602855,0
1,42,3452,3452,0,0.11471621171469829,0
1,42,3453,3453,0,0.13661744460189265,0
1,42,3454,3454,0,0.13661744460189265,0
1,42,3455,3455,0,0.04652872128738314,0
1,42,3456,3456,0,0.04652872128738314,0
1,42,3457,3457,0,0.08957545378838505,0
1,42,3458,3458,0,0.04652872128738314,0
1,42,3459,3459,0,0.04652872128738314,0
1,42,3460,3460,0,0.04652872128738314,0
1,42,3461,3461,0,0.08957545378838505,0
1,42,3462,3462,0,0.04652872128738314,0
1,42,3463,3463,0,0.04652872128738314,0
1,42,3464,3464,0,0.08957545378838505,0
1,42,3465,3465,0,0.08957545378838505,0
1,42,3466,3466,0,0.04652872128738314,0
1,42,3467,3467,0,0.04652872128738314,0
1,42,3468,3468,0,0.05673099333579553,0
1,42,3471,3471,0,0.02618855171463324,0
1,42,3472,3472,0,0.194717011628678,0
1,42,3474,3474,0,0.05647161705379832,0
1,42,3475,3475,0,0.09040344421045483,0
1,42,3477,3477,0,0.028123855643454442,0
1,42,3547,3547,1,0.19088894941762194,0
1,42,3548,3548,0,0.06544682620931239,0
1,42,3549,3549,0,0.15339847396379194,0
1,42,3550,3550,0,0.15339847396379194,0
1,42,3551,3551,0,0.15339847396379194,0
1,42,3552,3552,0,0.15339847396379194,0
1,42,3553,3553,0,0.15339847396379194,0
1,42,3554,3554,1,0.13500407764682273,0
1,42,3555,3555,1,0.13500407764682273,0
1,42,3556,3556,1,0.05950598890522993,0
1,42,3557,3557,1,0.05950598890522993,0
1,42,3558,3558,0,0.07891299463819139,0
1,42,3559,3559,0,0.06079106272410861,0
1,42,3574,3574,0,0.03452001250573738,0
1,42,3623,3623,0,0.11272657594503387,0
1,42,3647,3647,1,0.10120550023983035,0
1,42,3656,3656,0,0.05748456968961645,0
1,42,3657,3657,1,0.10362889055409377,0
1,42,3659,3659,0,0.059204170142726144,0
1,42,3660,3660,1,0.21570327980295018,0
1,42,3661,3661,0,0.3379127725108962,0
1,42,3662,3662,1,0.061617490037071905,0
1,42,3665,3665,1,0.08774085325305364,0
1,42,3681,3681,0,0.10578967004890745,0
1,42,3682,3682,0,0.035465233631111155,0
1,42,3683,3683,0,0.1419904269679727,0
1,42,3684,3684,0,0.1419904269679727,0
1,42,3685,3685,0,0.0634356576051178,0
1,42,3688,3688,0,0.12080790063249876,0
1,42,3689,3689,0,0.1465934308505122,0
1,42,3690,3690,0,0.14528156819950488,0
1,42,3691,3691,1,0.03820571155992652,0
1,42,3693,3693,0,0.07047225643739082,0
1,42,3694,3694,0,0.07507278524358012,0
1,42,3697,3697,0,0.03441234735439026,0
1,42,3699,3699,0,0.08101521134162656,0
1,42,3701,3701,0,0.03832546822215502,0
1,42,3702,3702,0,0.02648594883228207,0
1,42,3703,3703,0,0.039505674745749675,0
1,42,3733,3733,0,0.05384225285835746,0
1,42,3734,3734,0,0.05384225285835746,0
1,42,3735,3735,0,0.07433027703716184,0
1,42,3736,3736,1,0.0698442852081764,0
1,42,3745,3745,0,0.07584957076600299,0
1,42,3746,3746,0,0.022065016081067097,0
1,42,3747,3747,1,0.02838687362881966,0
1,42,3748,3748,0,0.2015575727259763,0
1,42,3749,3749,0,0.1885339206803918,0
1,42,3753,3753,1,0.12861824335360175,0
1,42,3789,3789,0,0.05026872518304718,0
1,42,3790,3790,0,0.05026872518304718,0
1,42,3793,3793,0,0.06875675253750921,0
1,42,3795,3795,1,0.04330178395917083,0
1,42,3796,3796,0,0.1174302699114861,0
1,42,3846,3846,1,0.1281539824668084,0
1,42,3862,3862,1,0.19450797266829756,0
1,42,3863,3863,0,0.25879857402061524,0
1,42,3864,3864,0,0.03970145272852105,0
1,42,3867,3867,0,0.1008769216419056,0
1,42,3881,3881,1,0.17139088003388342,0
1,42,3882,3882,0,0.3572631743269266,0
1,42,3883,3883,0,0.09904362191905051,0
1,42,3886,3886,1,0.1462327553390514,0
1,42,3887,3887,1,0.1462327553390514,0
1,42,3888,3888,1,0.06195532779754127,0
1,42,3891,3891,0,0.13127961884836156,0
1,42,3892,3892,1,0.14595362158072456,0
1,42,3893,3893,0,0.16209874373640326,0
1,42,3903,3903,1,0.044651732769302316,0
1,42,3921,3921,0,0.058541760916942305,0
1,42,3922,3922,0,0.11510351215982371,0
1,42,3923,3923,0,0.04828998756862198,0
1,42,3924,3924,0,0.04828998756862198,0
1,42,3925,3925,0,0.05087776988537355,0
1,42,3926,3926,0,0.2815897607504198,0
1,42,3927,3927,0,0.09377319431801678,0
1,42,3928,3928,0,0.031811399009282815,0
1,42,3929,3929,0,0.05818379084894731,0
1,42,3930,3930,0,0.037552910258293375,0
1,42,3931,3931,0,0.06199519547246119,0
1,42,3934,3934,0,0.03634151746448097,0
1,42,3935,3935,0,0.026740573570991685,0
1,42,3936,3936,0,0.06703141562162507,0
1,42,3968,3968,0,0.068582873753511,0
1,42,3969,3969,1,0.03619395531281851,0
1,42,3970,3970,0,0.020336931999485445,0
1,42,4000,4000,0,0.08805604892216383,0
1,42,4012,4012,1,0.06627417535201957,0
1,42,4014,4014,0,0.07046393061476407,0
1,42,4015,4015,0,0.2418088642825332,0
1,42,4016,4016,0,0.2775131207431492,0
1,42,4017,4017,0,0.23824222991710187,0
1,42,4019,4019,0,0.07708864520179526,0
1,42,4021,4021,0,0.1813071106078198,0
1,42,4023,4023,0,0.048971876725142055,0
1,42,4048,4048,0,0.024458161075814736,0
1,42,4051,4051,0,0.18508392601425944,0
1,42,4052,4052,1,0.16576411701585722,0
1,42,4053,4053,1,0.09797028616935996,0
1,42,4068,4068,0,0.07099767564856882,0
1,42,4070,4070,0,0.05086982793240365,0
1,42,4073,4073,0,0.13732649695838517,0
1,42,4075,4075,0,0.11358874347017467,0
1,42,4078,4078,0,0.07137156257426983,0
1,42,4079,4079,0,0.10586790152541187,0
1,42,4080,4080,1,0.16735014606327656,0
1,42,4083,4083,0,0.20224787603316904,0
1,42,4084,4084,0,0.12230072290831713,0
1,42,4085,4085,1,0.06777206104439962,0
1,42,4101,4101,0,0.028829341598890855,0
1,42,4103,4103,0,0.029300123701452258,0
1,42,4104,4104,0,0.020287128329036837,0
1,42,4126,4126,0,0.0617838514739053,0
1,42,4143,4143,0,0.2982062514448138,0
1,42,4145,4145,0,0.10380393179900366,0
1,42,4146,4146,0,0.0913391214843639,0
1,42,4148,4148,0,0.1378320427426337,0
1,42,4149,4149,0,0.12007065304359019,0
1,42,4150,4150,0,0.1378320427426337,0
1,42,4151,4151,0,0.07616874175824857,0
1,42,4152,4152,0,0.11784055417612961,0
1,42,4155,4155,0,0.11597381082483656,0
1,42,4166,4166,0,0.09057115686999731,0
1,42,4167,4167,0,0.07611597114134717,0
1,42,4168,4168,0,0.09057115686999731,0
1,42,4169,4169,0,0.09057115686999731,0
1,42,4170,4170,0,0.07611597114134717,0
1,42,4171,4171,0,0.07611597114134717,0
1,42,4172,4172,0,0.07053645670725403,0
1,42,4174,4174,0,0.048221330495731914,0
1,42,4175,4175,0,0.0215983705524146,0
1,42,4176,4176,0,0.0215983705524146,0
1,42,4177,4177,0,0.0215983705524146,0
1,42,4178,4178,0,0.0215983705524146,0
1,42,4181,4181,0,0.1687833946504966,0
1,42,4186,4186,0,0.05181536913055868,0
1,42,4187,4187,0,0.04701619273380504,0
1,42,4188,4188,0,0.028090427616635244,0
1,42,4189,4189,0,0.08781521829811363,0
1,42,4195,4195,0,0.054858535848274326,0
1,42,4202,4202,0,0.04557084281249551,0
1,42,4210,4210,0,0.06301033267076651,0
1,42,4212,4212,1,0.05919377073720741,0
1,42,4215,4215,1,0.036661074946914174,0
1,42,4228,4228,0,0.1219250666933414,0
1,42,4229,4229,0,0.07395640454143695,0
1,42,4232,4232,0,0.17344644759461317,0
1,42,4244,4244,0,0.08559244517761952,0
1,42,4246,4246,0,0.09175991990877466,0
1,42,4248,4248,0,0.025132775405654433,0
1,42,4265,4265,0,0.4918897934639021,0
1,42,4278,4278,0,0.1448328146099407,0
1,42,4279,4279,0,0.1448328146099407,0
1,42,4286,4286,0,0.3564246325245151,0
1,42,4287,4287,0,0.044870064517515955,0
1,42,4291,4291,1,0.31744092922552636,0
1,42,4301,4301,0,0.311376368505684,0
1,42,4302,4302,0,0.0774506266344848,0
1,42,4306,4306,0,0.05339917420803447,0
1,42,4307,4307,0,0.059188914435428376,0
1,42,4308,4308,0,0.14086758931014706,0
1,42,4309,4309,0,0.0742093941647735,0
1,42,4311,4311,0,0.03453746109649497,0
1,42,4312,4312,0,0.08652717803046259,0
1,42,4313,4313,0,0.08652717803046259,0
1,42,4314,4314,0,0.0678526738865933,0
1,42,4315,4315,0,0.06111664116047757,0
1,42,4318,4318,0,0.14206096407071436,0
1,42,4322,4322,0,0.02266371509360591,0
1,42,4323,4323,0,0.11376922944272895,0
1,42,4325,4325,0,0.13665236789113153,0
1,42,4334,4334,0,0.08150785062568458,0
1,42,4335,4335,0,0.0630534320809506,0
1,42,4338,4338,0,0.16503095781057522,0
1,42,4339,4339,0,0.054431070774312286,0
1,42,4340,4340,0,0.04295291137413051,0
1,42,4341,4341,0,0.02302737437221092,0
1,42,4342,4342,0,0.02302737437221092,0
1,42,4343,4343,0,0.02302737437221092,0
1,42,4344,4344,1,0.06535401380414921,0
1,42,4346,4346,0,0.05113337776502572,0
1,42,4348,4348,0,0.046161500160133595,0
1,42,4350,4350,0,0.12875017974898903,0
1,42,4365,4365,0,0.027725387839937558,0
1,42,4366,4366,0,0.08029525577228865,0
1,42,4368,4368,0,0.0674541907880565,0
1,42,4369,4369,0,0.04179159156274814,0
1,42,4373,4373,1,0.054431395898171676,0
1,42,4374,4374,0,0.06710116080517842,0
1,42,4375,4375,1,0.09876496344432463,0
1,42,4378,4378,0,0.06420334290522228,0
1,42,4397,4397,0,0.02426293244376013,0
1,42,4408,4408,0,0.05921640186482013,0
1,42,4417,4417,0,0.13144317205684805,0
1,42,4446,4446,0,0.05495104598672019,0
1,42,4447,4447,0,0.05495104598672019,0
1,42,4449,4449,0,0.2494566001603587,0
1,42,4450,4450,0,0.3445572728218033,0
1,42,4453,4453,0,0.0430266926989899,0
1,42,4474,4474,0,0.05246617533626696,0
1,42,4475,4475,0,0.08715575961646504,0
1,42,4477,4477,0,0.25328163643045803,0
1,42,4478,4478,1,0.13600760453366373,0
1,42,4492,4492,0,0.12836373047998625,0
1,42,4493,4493,1,0.0669207190589492,0
1,42,4494,4494,0,0.14031378255454124,0
1,42,4495,4495,0,0.10425553839431118,0
1,42,4505,4505,1,0.08418848937552623,0
1,42,4510,4510,0,0.026560970195892285,0
1,42,4530,4530,0,0.019911546034819688,0
1,42,4535,4535,0,0.0952819871301906,0
1,42,4536,4536,0,0.0952799393300589,0
1,42,4538,4538,0,0.16566008482715275,0
1,42,4551,4551,0,0.05479763886036561,0
1,42,4554,4554,0,0.1744809843196028,0
1,42,4564,4564,0,0.10257551187070912,0
1,42,4565,4565,0,0.03824677773763941,0
1,42,4566,4566,0,0.0802520492589742,0
1,42,4576,4576,0,0.02030820002876253,0
1,42,4590,4590,0,0.11047816905472417,0
1,42,4612,4612,0,0.025434036414883985,0
1,42,4613,4613,0,0.04125967032748507,0
1,42,4614,4614,0,0.04125967032748507,0
1,42,4615,4615,0,0.1231517150593543,0
1,42,4616,4616,0,0.04336092276430002,0
1,42,4617,4617,0,0.04288593828827145,0
1,42,4618,4618,0,0.03462189976579017,0
1,42,4620,4620,1,0.048092585882784394,0
1,42,4621,4621,1,0.048092585882784394,0
1,42,4623,4623,0,0.07644249925795642,0
1,42,4642,4642,0,0.013131572985091112,0
1,42,4651,4651,0,0.046990833978030624,0
1,42,4652,4652,0,0.052160907892827874,0
1,42,4657,4657,0,0.11502962775796788,0
1,42,4679,4679,0,0.11186408368952913,0
1,42,4686,4686,0,0.14725175110865749,0
1,42,4687,4687,0,0.09497548558951899,0
1,42,4688,4688,0,0.06244499953033351,0
1,42,4689,4689,0,0.0915940642657466,0
1,42,4690,4690,0,0.0915940642657466,0
1,42,4691,4691,0,0.15542630727462772,0
1,42,4693,4693,0,0.011970116931018196,0
1,42,4694,4694,0,0.0517621923421074,0
1,42,4695,4695,0,0.09525146036263096,0
1,42,4696,4696,0,0.23322666520554067,0
1,42,4697,4697,1,0.16693246469703196,0
1,42,4698,4698,0,0.23322666520554067,0
1,42,4699,4699,0,0.21581090947035625,0
1,42,4700,4700,0,0.018883511856366483,0
1,42,4701,4701,0,0.1681173432937566,0
1,42,4702,4702,0,0.1681173432937566,0
1,42,4703,4703,0,0.13351543213146064,0
1,42,4704,4704,0,0.0848821776032897,0
1,42,4705,4705,0,0.18740829997170758,0
1,42,4706,4706,0,0.02455099943568333,0
1,42,4707,4707,0,0.1579385866408916,0
1,42,4708,4708,0,0.19629115142616496,0
1,42,4709,4709,0,0.07402830979342113,0
1,42,4710,4710,0,0.02809547898278837,0
1,42,4711,4711,0,0.060328127649838234,0
1,42,4712,4712,0,0.028505911820686267,0
1,42,4713,4713,0,0.02668246487437186,0
1,42,4714,4714,0,0.028505911820686267,0
1,42,4715,4715,0,0.02525209452699414,0
1,42,4716,4716,0,0.12292848729757803,0
1,42,4722,4722,0,0.10080161584559048,0
1,42,4723,4723,0,0.02630396767954035,0
1,42,4724,4724,0,0.1608210360636645,0
1,42,4739,4739,0,0.176575354348169,0
1,42,4764,4764,0,0.15364276170554209,0
1,42,4765,4765,0,0.19711792464294128,0
1,42,4766,4766,0,0.05937937972931223,0
1,42,4779,4779,0,0.05690806357118153,0
1,42,4780,4780,0,0.03855963684928502,0
1,42,4781,4781,0,0.09831317675934614,0
1,42,4782,4782,0,0.09831317675934614,0
1,42,4783,4783,0,0.06221012104423216,0
1,42,4784,4784,0,0.04653254663207134,0
1,42,4787,4787,0,0.04321820808925088,0
1,42,4788,4788,0,0.0986479921714757,0
1,42,4790,4790,0,0.27403002202889637,0
1,42,4792,4792,0,0.008846194121184729,0
1,42,4794,4794,0,0.14921585979679788,0
1,42,4795,4795,0,0.26502995401354684,0
1,42,4796,4796,0,0.12768154360389275,0
1,42,4800,4800,0,0.06856900793772971,0
1,42,4801,4801,0,0.1389018473962004,0
1,42,4803,4803,0,0.0380498987052608,0
1,42,4804,4804,0,0.15634893636182,0
1,42,4805,4805,0,0.02776826791226297,0
1,42,4806,4806,0,0.08309308027770852,0
1,42,4807,4807,0,0.07308860048306899,0
1,42,4808,4808,0,0.15873606541124063,0
1,42,4809,4809,0,0.05152878025973444,0
1,42,4810,4810,0,0.05188629366735356,0
1,42,4811,4811,0,0.05188629366735356,0
1,42,4812,4812,0,0.19690312201022875,0
1,42,4813,4813,0,0.14069996763154588,0
1,42,4814,4814,0,0.14069996763154588,0
1,42,4815,4815,0,0.19690312201022875,0
1,42,4816,4816,0,0.19690312201022875,0
1,42,4817,4817,0,0.416170930447867,0
1,42,4818,4818,1,0.39949882663838115,0
1,42,4820,4820,0,0.03630750597225266,0
1,42,4821,4821,0,0.03546407899224768,0
1,42,4822,4822,0,0.03630750597225266,0
1,42,4823,4823,0,0.03546407899224768,0
1,42,4824,4824,0,0.03546407899224768,0
1,42,4825,4825,0,0.03546407899224768,0
1,42,4826,4826,0,0.28861137456986014,0
1,42,4827,4827,0,0.28861137456986014,0
1,42,4828,4828,0,0.17486204957652413,0
1,42,4829,4829,0,0.05198065457346652,0
1,42,4830,4830,0,0.24234025808452855,0
1,42,4831,4831,0,0.24234025808452855,0
1,42,4832,4832,0,0.24234025808452855,0
1,42,4833,4833,0,0.0931876754720493,0
1,42,4835,4835,0,0.08253687820530564,0
1,42,4836,4836,0,0.0804998073008287,0
1,42,4837,4837,0,0.2825325254680877,0
1,42,4838,4838,0,0.0380498987052608,0
1,42,4839,4839,0,0.02776826791226297,0
1,42,4841,4841,0,0.20788877896358562,0
1,42,4859,4859,0,0.020577042817013842,0
1,42,4860,4860,0,0.020577042817013842,0
1,42,4861,4861,0,0.1006351225315994,0
1,42,4863,4863,0,0.1417852202461459,0
1,42,4866,4866,1,0.09194525485763201,0
1,42,4888,4888,0,0.09136215442285216,0
1,42,4889,4889,0,0.04637561774675917,0
1,42,4890,4890,0,0.15327709257310293,0
1,42,4891,4891,0,0.24654497651580973,0
1,42,4892,4892,0,0.2366439958734258,0
1,42,4894,4894,0,0.11211590781284961,0
1,42,4896,4896,1,0.021536984692962512,0
1,42,4897,4897,1,0.021536984692962512,0
1,42,4898,4898,1,0.021536984692962512,0
1,42,4901,4901,0,0.13775263719945238,0
1,42,4902,4902,0,0.07432036498239163,0
1,42,4903,4903,0,0.06726299325168876,0
1,42,4904,4904,0,0.04713985085542361,0
1,42,4905,4905,0,0.06726299325168876,0
1,42,4906,4906,0,0.04713985085542361,0
1,42,4907,4907,0,0.04713985085542361,0
1,42,4908,4908,1,0.021536984692962512,0
1,42,4909,4909,0,0.08819120891420572,0
1,42,4910,4910,0,0.14654199853033376,0
1,42,4911,4911,0,0.025867324527238687,0
1,42,4912,4912,0,0.16655994886929795,0
1,42,4913,4913,0,0.16655994886929795,0
1,42,4914,4914,0,0.03571280165233309,0
1,42,4916,4916,0,0.07282274489758826,0
1,42,4922,4922,0,0.047044607276529954,0
1,42,4926,4926,0,0.07566527635816749,0
1,42,4936,4936,0,0.03018010564262037,0
1,42,4937,4937,0,0.03018010564262037,0
1,42,4938,4938,0,0.0322726074217563,0
1,42,4939,4939,0,0.26572404706054586,0
1,42,4941,4941,0,0.17723590772393014,0
1,42,4942,4942,0,0.1632316670674592,0
1,42,4943,4943,0,0.06936455874471362,0
1,42,4963,4963,0,0.030592927043159808,0
1,42,4964,4964,0,0.030592927043159808,0
1,42,4965,4965,0,0.10654825218408334,0
1,42,4966,4966,0,0.023640790667672842,0
1,42,4969,4969,0,0.0839858216019559,0
1,42,4972,4972,0,0.10881510278090764,0
1,42,4973,4973,0,0.10339167383842313,0
1,42,4976,4976,0,0.06094366423398334,0
1,42,4983,4983,1,0.0690987902263436,0
1,42,4984,4984,0,0.01586031833958799,0
1,42,4985,4985,0,0.09665345596168347,0
1,42,4986,4986,0,0.01586031833958799,0
1,42,4987,4987,0,0.038484926271252586,0
1,42,4988,4988,0,0.013509431725684482,0
1,42,4990,4990,0,0.20675531738997574,0
1,42,4991,4991,0,0.11984959048245648,0
1,42,4992,4992,0,0.16337288450525603,0
1,42,4994,4994,1,0.020625332865818722,0
1,42,5002,5002,0,0.16698321395133936,0
1,42,5013,5013,0,0.05753244642884241,0
1,42,5018,5018,0,0.14372029816407264,0
1,42,5020,5020,0,0.1710323154518846,0
1,42,5021,5021,0,0.1710323154518846,0
1,42,5022,5022,0,0.299270617741921,0
1,42,5024,5024,0,0.03374111763093532,0
1,42,5036,5036,0,0.10326624449986826,0
1,42,5037,5037,0,0.09462030593944165,0
1,42,5038,5038,0,0.1975346943684708,0
1,42,5039,5039,0,0.056927580370433405,0
1,42,5040,5040,0,0.062248935950078056,0
1,42,5043,5043,0,0.14172414336819733,0
1,42,5063,5063,0,0.19108056782243013,0
1,42,5077,5077,0,0.008942578892124426,0
1,42,5078,5078,0,0.008942578892124426,0
1,42,5079,5079,0,0.008942578892124426,0
1,42,5080,5080,1,0.4770227669494159,0
1,42,5081,5081,1,0.4783693253886646,0
1,42,5082,5082,0,0.4783693253886646,0
1,42,5083,5083,0,0.19955124902463722,0
1,42,5084,5084,1,0.8039847204187903,1
1,42,5086,5086,0,0.24511281349950217,0
1,42,5088,5088,0,0.0372926436738388,0
1,42,5089,5089,0,0.055686966367474236,0
2,142,4383,4383,1,0.9566158785585542,1
2,142,1878,1878,1,0.9850479080087099,1
2,142,3299,3299,1,0.7688643693915224,1
2,142,618,618,0,0.43192393253769845,0
2,142,619,619,0,0.43192393253769845,0
2,142,1158,1158,0,0.5484512141933016,1
2,142,1159,1159,0,0.7222661730880329,1
2,142,3096,3096,1,0.04912392089390252,0
2,142,296,296,1,0.17381390720407874,0
2,142,593,593,0,0.09008219376968349,0
2,142,4929,4929,0,0.02907067593090786,0
2,142,2267,2267,1,0.7438280945056859,1
2,142,2268,2268,1,0.7438280945056859,1
2,142,2269,2269,1,0.7438280945056859,1
2,142,2270,2270,1,0.7438280945056859,1
2,142,2271,2271,1,0.7438280945056859,1
2,142,2272,2272,1,0.7438280945056859,1
2,142,2273,2273,1,0.7438280945056859,1
2,142,2274,2274,1,0.7438280945056859,1
2,142,2275,2275,1,0.7438280945056859,1
2,142,2276,2276,1,0.7438280945056859,1
2,142,2277,2277,1,0.7438280945056859,1
2,142,2278,2278,1,0.7438280945056859,1
2,142,2279,2279,0,0.6296604864803486,1
2,142,2280,2280,1,0.7438280945056859,1
2,142,2281,2281,1,0.7438280945056859,1
2,142,2282,2282,1,0.7438280945056859,1
2,142,2283,2283,1,0.7438280945056859,1
2,142,2284,2284,1,0.7438280945056859,1
2,142,2285,2285,1,0.7438280945056859,1
2,142,2359,2359,1,0.45695419602950044,0
2,142,2360,2360,1,0.45695419602950044,0
2,142,2361,2361,1,0.45695419602950044,0
2,142,2362,2362,1,0.45695419602950044,0
2,142,2363,2363,1,0.45695419602950044,0
2,142,2373,2373,1,0.5700271477358867,1
2,142,2374,2374,1,0.5700271477358867,1
2,142,2375,2375,1,0.5700271477358867,1
2,142,2376,2376,1,0.7057197368826988,1
2,142,2377,2377,1,0.7057197368826988,1
2,142,2378,2378,1,0.7057197368826988,1
2,142,2379,2379,1,0.7057197368826988,1
2,142,2380,2380,1,0.7057197368826988,1
2,142,2437,2437,1,0.7869470073149457,1
2,142,2457,2457,1,0.45979172844116334,0
2,142,2482,2482,1,0.7888128327640197,1
2,142,2483,2483,1,0.7888128327640197,1
2,142,2484,2484,1,0.7888128327640197,1
2,142,2485,2485,1,0.7888128327640197,1
2,142,2488,2488,1,0.5227869050098419,1
2,142,2489,2489,1,0.5227869050098419,1
2,142,2518,2518,1,0.6799103222634014,1
2,142,2541,2541,1,0.6438739134531949,1
2,142,2542,2542,1,0.6438739134531949,1
2,142,2543,2543,1,0.63266882641334,1
2,142,2634,2634,1,0.692227301933048,1
2,142,2635,2635,1,0.692227301933048,1
2,142,2636,2636,1,0.692227301933048,1
2,142,2637,2637,1,0.692227301933048,1
2,142,2638,2638,1,0.692227301933048,1
2,142,2639,2639,1,0.692227301933048,1
2,142,2646,2646,1,0.47071137715750355,0
2,142,2647,2647,1,0.47071137715750355,0
2,142,2648,2648,1,0.47071137715750355,0
2,142,2649,2649,1,0.47071137715750355,0
2,142,2651,2651,1,0.4086379439990476,0
2,142,2652,2652,1,0.4086379439990476,0
2,142,2653,2653,1,0.4086379439990476,0
2,142,2659,2659,1,0.6943955563587673,1
2,142,2660,2660,1,0.6943955563587673,1
2,142,2714,2714,1,0.7336707450420638,1
2,142,2781,2781,1,0.6510780755410601,1
2,142,2782,2782,1,0.6510780755410601,1
2,142,2783,2783,1,0.6510780755410601,1
2,142,2784,2784,1,0.6510780755410601,1
2,142,2785,2785,1,0.6510780755410601,1
2,142,2786,2786,1,0.550644700672895,1
2,142,2787,2787,1,0.550644700672895,1
2,142,2788,2788,1,0.550644700672895,1
2,142,2789,2789,1,0.6693573925900845,1
2,142,2790,2790,1,0.6693573925900845,1
2,142,2791,2791,1,0.6693573925900845,1
2,142,2793,2793,1,0.584153938081477,1
2,142,2835,2835,1,0.5478717210107217,1
2,142,2867,2867,1,0.5888210622080288,1
2,142,3010,3010,1,0.17399679515620892,0
2,142,3130,3130,1,0.5690526180428653,1
2,142,3131,3131,1,0.5690526180428653,1
2,142,3132,3132,1,0.5690526180428653,1
2,142,3144,3144,1,0.6640384521280797,1
2,142,3174,3174,1,0.6527781456242716,1
2,142,3175,3175,1,0.13428983686433987,0
2,142,3176,3176,1,0.13668387668011756,0
2,142,3177,3177,1,0.6472505800668036,1
2,142,3178,3178,1,0.6472505800668036,1
2,142,3342,3342,1,0.8208493800840786,1
2,142,3344,3344,1,0.5806760264527974,1
2,142,3347,3347,1,0.26429991495412686,0
2,142,3391,3391,1,0.5205804134928341,1
2,142,3521,3521,1,0.509338631926,1
2,142,3522,3522,1,0.509338631926,1
2,142,3532,3532,1,0.6264961343007615,1
2,142,3533,3533,1,0.6264961343007615,1
2,142,3534,3534,1,0.6264961343007615,1
2,142,3535,3535,1,0.7861633143241407,1
2,142,3536,3536,1,0.7861633143241407,1
2,142,3537,3537,1,0.7861633143241407,1
2,142,3545,3545,1,0.5047863589771253,1
2,142,3546,3546,1,0.5047863589771253,1
2,142,3617,3617,1,0.738360666614102,1
2,142,3679,3679,1,0.5284350410028288,1
2,142,3732,3732,1,0.6362432471924875,1
2,142,3818,3818,1,0.7265316598364479,1
2,142,4098,4098,1,0.7761718642006933,1
2,142,4164,4164,0,0.12206617814440164,0
2,142,4293,4293,0,0.1332520183017456,0
2,142,4294,4294,0,0.12380072935207743,0
2,142,4358,4358,0,0.20486474552453623,0
2,142,4407,4407,0,0.17117453064153057,0
2,142,4431,4431,0,0.2401865822723425,0
2,142,4432,4432,0,0.13135332369512284,0
2,142,4433,4433,0,0.07520481975519484,0
2,142,4490,4490,0,0.19182230820292784,0
2,142,4665,4665,1,0.10929310536978379,0
2,142,4666,4666,1,0.10929310536978379,0
2,142,4762,4762,0,0.21179903368102024,0
2,142,4850,4850,0,0.1038697055197224,0
2,142,1684,1684,1,0.8147490775845121,1
2,142,1126,1126,1,0.9550625652021276,1
2,142,1739,1739,0,0.07313924913337354,0
2,142,1175,1175,1,0.283552353208252,0
2,142,3960,3960,1,0.16836941616512682,0
2,142,3298,3298,0,0.20253485225480872,0
2,142,3815,3815,1,0.8262443013707363,1
2,142,948,948,1,0.7351714829958935,1
2,142,4192,4192,0,0.35850067536986596,0
2,142,5126,5126,0,0.12342004733063519,0
2,142,5111,5111,1,0.7522060096988943,1
2,142,5162,5162,1,0.7374381712966085,1
2,142,5163,5163,1,0.5074231609623666,1
2,142,607,607,0,0.03278296177105493,0
2,142,1070,1070,0,0.060572693335264584,0
2,142,1074,1074,0,0.013035289332285703,0
2,142,1075,1075,0,0.07813957840540792,0
2,142,4415,4415,1,0.2893336912392806,0
2,142,503,503,1,0.9139278098694535,1
2,142,517,517,1,0.9640102394211203,1
2,142,718,718,0,0.015028517436255648,0
2,142,4123,4123,0,0.01902082745024912,0
2,142,4267,4267,0,0.022173783734596053,0
2,142,4268,4268,0,0.041554926232283025,0
2,142,4269,4269,0,0.050528818376701756,0
2,142,4270,4270,0,0.1186613821945028,0
2,142,4382,4382,0,0.02744262485078225,0
2,142,4406,4406,0,0.0770633081092697,0
2,142,4533,4533,0,0.08671982312208576,0
2,142,4545,4545,0,0.05724770186083333,0
2,142,4628,4628,0,0.22116813663563026,0
2,142,4849,4849,0,0.05338285873071301,0
2,142,3448,3448,1,0.39679976254166544,0
2,142,4042,4042,0,0.006131652703826546,0
2,142,766,766,1,0.5740933358902288,1
2,142,1173,1173,1,0.4423244276230728,0
2,142,4020,4020,1,0.049589463264712974,0
2,142,4317,4317,1,0.27560648751129657,0
2,142,4553,4553,0,0.32174964646552656,0
2,142,4624,4624,1,0.07478184642021637,0
2,142,4791,4791,1,0.8084045037969683,1
2,142,4797,4797,0,0.09720633238264838,0
2,142,4927,4927,0,0.5115739144407817,1
2,142,5047,5047,1,0.23645658095928032,0
2,142,5094,5094,1,0.4449376910851414,0
2,142,5041,5041,0,0.4063669171279359,0
2,142,3650,3650,0,0.668743823661216,1
2,142,3906,3906,0,0.8004842673251042,1
2,142,4039,4039,0,0.685448647502996,1
2,142,1532,1532,1,0.512356578531976,1
2,142,1533,1533,1,0.10379634470774686,0
2,142,3327,3327,1,0.8437936534684024,1
2,142,3568,3568,1,0.8489558967473553,1
2,142,3569,3569,1,0.7314444022530381,1
2,142,4005,4005,1,0.739422693148773,1
2,142,4010,4010,1,0.739422693148773,1
2,142,4290,4290,1,0.7665712933915391,1
2,142,557,557,0,0.47780899394886606,0
2,142,558,558,0,0.47780899394886606,0
2,142,559,559,1,0.746081729918293,1
2,142,5003,5003,1,0.9713665171927828,1
2,142,955,955,1,0.4337108118328606,0
2,142,2222,2222,1,0.26670717403987493,0
2,142,2223,2223,1,0.26670717403987493,0
2,142,2225,2225,1,0.14763424733583047,0
2,142,2226,2226,1,0.14763424733583047,0
2,142,2227,2227,0,0.11245529386843607,0
2,142,2228,2228,1,0.3741507476096088,0
2,142,2229,2229,1,0.3741507476096088,0
2,142,868,868,1,0.9805087857775163,1
2,142,870,870,1,0.9484237957892987,1
2,142,3311,3311,0,0.40138011364421544,0
2,142,4750,4750,0,0.08663505411485879,0
2,142,470,470,0,0.9468308939049366,1
2,142,471,471,0,0.8667854366893634,1
2,142,601,601,1,0.7149180535086221,1
2,142,641,641,0,0.8152836998340136,1
2,142,647,647,0,0.4661131188321894,0
2,142,649,649,0,0.7616347320816286,1
2,142,650,650,0,0.7616347320816286,1
2,142,658,658,0,0.4967582961239777,0
2,142,659,659,0,0.4967582961239777,0
2,142,671,671,1,0.23728412847937433,0
2,142,1083,1083,0,0.5278700943422168,1
2,142,1085,1085,0,0.5587005971495214,1
2,142,1117,1117,1,0.38323203806178446,0
2,142,1118,1118,1,0.6893156168689925,1
2,142,1119,1119,1,0.3620266283872337,0
2,142,1120,1120,1,0.3414071524570259,0
2,142,1121,1121,1,0.2233751435414353,0
2,142,1144,1144,0,0.47223838540700785,0
2,142,3674,3674,0,0.7633456068275405,1
2,142,1580,1580,0,0.8410790204918794,1
2,142,1581,1581,0,0.8410790204918794,1
2,142,1582,1582,0,0.8410790204918794,1
2,142,1849,1849,0,0.5830867422928245,1
2,142,1850,1850,0,0.5830867422928245,1
2,142,1851,1851,0,0.6040075215530982,1
2,142,3857,3857,1,0.5074995889388649,1
2,142,4206,4206,1,0.3441974267086062,0
2,142,4380,4380,0,0.017770819269515594,0
2,142,2075,2075,0,0.008448865560348882,0
2,142,4496,4496,1,0.91710609148397,1
2,142,2055,2055,0,0.055076030540896596,0
2,142,4499,4499,0,0.9661119189864404,1
2,142,1896,1896,0,0.004165405051694288,0
2,142,2035,2035,0,0.0054280117707889205,0
2,142,702,702,0,0.41487335795095903,0
2,142,3029,3029,0,0.7426277118503096,1
2,142,947,947,0,0.8068944915318306,1
2,142,2140,2140,0,0.021681954480131823,0
2,142,337,337,1,0.8294095179396099,1
2,142,338,338,1,0.8294095179396099,1
2,142,339,339,1,0.8294095179396099,1
2,142,340,340,1,0.8294095179396099,1
2,142,389,389,0,0.06564692324185428,0
2,142,390,390,0,0.06564692324185428,0
2,142,391,391,0,0.06564692324185428,0
2,142,971,971,1,0.8028021336664569,1
2,142,1217,1217,1,0.6143065015903499,1
2,142,4285,4285,1,0.7926970331302018,1
2,142,4130,4130,1,0.4591886134884927,0
2,142,4282,4282,1,0.8323348840396243,1
2,142,4656,4656,0,0.2065726410676825,0
2,142,5019,5019,0,0.02037157835371526,0
2,142,383,383,1,0.8391000800671118,1
2,142,384,384,1,0.8391000800671118,1
2,142,385,385,1,0.8391000800671118,1
2,142,1043,1043,0,0.14469922793829001,0
2,142,4658,4658,0,0.06422252306346457,0
2,142,4567,4567,0,0.03241654617679036,0
2,142,3798,3798,1,0.5996869033029403,1
2,142,479,479,0,0.1453985899395193,0
2,142,651,651,0,0.15069523654557906,0
2,142,5201,5201,0,0.44129251160110994,0
2,142,1877,1877,0,0.0155477970117821,0
2,142,911,911,0,0.5031869953824111,1
2,142,953,953,0,0.2753784505287604,0
2,142,970,970,1,0.8069024716382397,1
2,142,972,972,1,0.7936553592329215,1
2,142,1025,1025,1,0.037065337013296715,0
2,142,1094,1094,1,0.5404467504765201,1
2,142,1095,1095,1,0.11973493072094088,0
2,142,1143,1143,1,0.2659279763382611,0
2,142,1182,1182,1,0.2864982991112253,0
2,142,515,515,1,0.894765818565836,1
2,142,516,516,1,0.894765818565836,1
2,142,2517,2517,1,0.7602526526332881,1
2,142,2826,2826,1,0.5732530867501368,1
2,142,3618,3618,1,0.6383826120466061,1
2,142,4109,4109,1,0.3053534833091466,0
2,142,4110,4110,1,0.3053534833091466,0
2,142,4508,4508,0,0.3755364456334751,0
2,142,5103,5103,1,0.04043026948387166,0
2,142,4420,4420,1,0.10571747115127499,0
2,142,4421,4421,1,0.4099848159305462,0
2,142,4537,4537,1,0.42345775399373925,0
2,142,4650,4650,1,0.4292080908403015,0
2,142,1964,1964,0,0.6444126038345187,1
2,142,2198,2198,0,0.6523655748556889,1
2,142,2231,2231,0,0.4521404974959775,0
2,142,473,473,0,0.9795502055160623,1
2,142,2351,2351,0,0.0996520175510958,0
2,142,2352,2352,0,0.08552245294121269,0
2,142,2353,2353,0,0.0996520175510958,0
2,142,2354,2354,0,0.0996520175510958,0
2,142,2527,2527,0,0.1653754983895836,0
2,142,2528,2528,0,0.18396805956168935,0
2,142,2529,2529,0,0.26382473636411896,0
2,142,2530,2530,0,0.29826909873370777,0
2,142,2531,2531,0,0.055330943466320275,0
2,142,2532,2532,0,0.05155230339864299,0
2,142,2533,2533,0,0.19493751841656576,0
2,142,2534,2534,0,0.17717310513687787,0
2,142,2697,2697,0,0.38042393467564234,0
2,142,2698,2698,0,0.3509949213260733,0
2,142,2699,2699,0,0.30891112447192426,0
2,142,2700,2700,0,0.25766459617026866,0
2,142,2701,2701,0,0.28195704937000576,0
2,142,2869,2869,0,0.07030533018849243,0
2,142,2870,2870,0,0.06557505135902308,0
2,142,2871,2871,0,0.07030533018849243,0
2,142,2878,2878,0,0.30742382730580425,0
2,142,2879,2879,0,0.3470067621237275,0
2,142,2880,2880,0,0.30742382730580425,0
2,142,3015,3015,0,0.36953805130059303,0
2,142,3016,3016,0,0.1152310141335243,0
2,142,3017,3017,0,0.0991357399772268,0
2,142,3147,3147,0,0.11264726586860047,0
2,142,3148,3148,0,0.11264726586860047,0
2,142,3154,3154,0,0.22705338400163214,0
2,142,3372,3372,0,0.09663730133257908,0
2,142,3373,3373,0,0.11899330645636103,0
2,142,3413,3413,0,0.201100765104322,0
2,142,3414,3414,0,0.28874678652605035,0
2,142,3726,3726,0,0.12245990456152515,0
2,142,3731,3731,0,0.14073739371080685,0
2,142,3874,3874,0,0.1399363273512129,0
2,142,3875,3875,0,0.4833578255880609,0
2,142,4570,4570,0,0.18004412283643775,0
2,142,4946,4946,0,0.10074313700994748,0
2,142,4959,4959,0,0.20726524274498678,0
2,142,606,606,1,0.9661125604445091,1
2,142,341,341,0,0.00854381507503366,0
2,142,5007,5007,0,0.08246928617914343,0
2,142,2333,2333,0,0.49788024410133874,0
2,142,2465,2465,0,0.5761874228254624,1
2,142,2466,2466,0,0.5140339114664778,1
2,142,2467,2467,0,0.4164392610503215,0
2,142,2514,2514,0,0.6692446351777581,1
2,142,2515,2515,0,0.4961810403673798,0
2,142,2516,2516,0,0.7282811821981879,1
2,142,2677,2677,0,0.24511095459970914,0
2,142,2749,2749,0,0.44192475451933366,0
2,142,2750,2750,0,0.43859136155126194,0
2,142,2751,2751,0,0.553535336031191,1
2,142,2825,2825,0,0.5647064476981122,1
2,142,3023,3023,0,0.22347065915973932,0
2,142,3165,3165,0,0.6501102551503773,1
2,142,3379,3379,0,0.3472903186885918,0
2,142,3387,3387,0,0.621531626043198,1
2,142,3438,3438,0,0.5572887509426989,1
2,142,3619,3619,0,0.29139855762974565,0
2,142,4107,4107,0,0.559935814642916,1
2,142,4108,4108,0,0.559935814642916,1
2,142,4509,4509,1,0.2577119932996842,0
2,142,2429,2429,0,0.8015979334994969,1
2,142,2430,2430,0,0.8015979334994969,1
2,142,2574,2574,0,0.7774241207022229,1
2,142,2575,2575,0,0.7774241207022229,1
2,142,2576,2576,0,0.7774241207022229,1
2,142,2577,2577,0,0.7880424269048264,1
2,142,2578,2578,0,0.6778702020175872,1
2,142,2579,2579,0,0.8977686161140698,1
2,142,2725,2725,1,0.24888726746538936,0
2,142,2728,2728,0,0.6438595770792701,1
2,142,2729,2729,0,0.6438595770792701,1
2,142,2833,2833,0,0.2790822876958676,0
2,142,2859,2859,0,0.7067561122841792,1
2,142,2860,2860,0,0.577011318762451,1
2,142,2863,2863,0,0.8108432409190466,1
2,142,2864,2864,0,0.8108432409190466,1
2,142,2865,2865,0,0.8691208613867009,1
2,142,2908,2908,0,0.40492358773582005,0
2,142,2916,2916,0,0.792276002727773,1
2,142,2917,2917,0,0.6834203003483066,1
2,142,2987,2987,0,0.6014067906609144,1
2,142,2988,2988,0,0.7798089579526621,1
2,142,3042,3042,0,0.2938498880023056,0
2,142,3043,3043,0,0.17942765278513267,0
2,142,3121,3121,0,0.294764307343067,0
2,142,3122,3122,0,0.49974633038447225,0
2,142,3158,3158,0,0.13276283377962256,0
2,142,3159,3159,1,0.5736340042579428,1
2,142,3160,3160,1,0.5736340042579428,1
2,142,3161,3161,0,0.5734228540682711,1
2,142,3162,3162,0,0.5734228540682711,1
2,142,3295,3295,0,0.7608758204533892,1
2,142,3351,3351,0,0.6909652693447202,1
2,142,3386,3386,0,0.5351038710140126,1
2,142,3628,3628,1,0.2838518423031334,0
2,142,3648,3648,0,0.2541587671870335,0
2,142,3797,3797,0,0.18348674350787297,0
2,142,3953,3953,0,0.8942777837422589,1
2,142,3954,3954,0,0.8011189741627185,1
2,142,3991,3991,0,0.09793846383717207,0
2,142,4011,4011,0,0.22498871143076862,0
2,142,4047,4047,1,0.12036783725627852,0
2,142,4096,4096,0,0.4087077012396445,0
2,142,4097,4097,0,0.8235278831916449,1
2,142,4472,4472,0,0.07900006640688371,0
2,142,4573,4573,0,0.11198846845748728,0
2,142,1881,1881,0,0.01095157761326025,0
2,142,2025,2025,0,0.014345798442586079,0
2,142,4887,4887,1,0.5256751726149487,1
2,142,584,584,0,0.07313587008557106,0
2,142,585,585,0,0.12238822175126124,0
2,142,892,892,0,0.09099383153933902,0
2,142,894,894,0,0.08998364021934528,0
2,142,900,900,0,0.07771913969252221,0
2,142,905,905,0,0.03611861208502818,0
2,142,4793,4793,1,0.8309131397588627,1
2,142,2121,2121,0,0.950420962300082,1
2,142,3907,3907,1,0.9422402170416939,1
2,142,4740,4740,0,0.3871577583838521,0
2,142,794,794,1,0.9605833462526983,1
2,142,1806,1806,0,0.3247333563430932,0
2,142,3329,3329,0,0.28883450097958957,0
2,142,4754,4754,0,0.08151078702578674,0
2,142,4872,4872,0,0.03529767797280837,0
2,142,4873,4873,0,0.057072576971488966,0
2,142,4948,4948,0,0.07553190182958651,0
2,142,4949,4949,0,0.08585431447279336,0
2,142,5091,5091,0,0.10936603288859774,0
2,142,5092,5092,0,0.06122422587593748,0
2,142,5058,5058,0,0.12561050892037467,0
2,142,1027,1027,1,0.5874882223938367,1
2,142,2342,2342,1,0.5505458241113573,1
2,142,2343,2343,1,0.5505458241113573,1
2,142,2344,2344,1,0.5505458241113573,1
2,142,2345,2345,1,0.5505458241113573,1
2,142,2346,2346,1,0.5505458241113573,1
2,142,2522,2522,1,0.6259191268674881,1
2,142,2523,2523,1,0.7707658237952685,1
2,142,2524,2524,0,0.8135004919025473,1
2,142,2525,2525,1,0.4202462177074783,0
2,142,2607,2607,1,0.7319957113677077,1
2,142,2609,2609,1,0.6615274013851861,1
2,142,2695,2695,0,0.8002479510872933,1
2,142,2696,2696,1,0.8649385252769823,1
2,142,2882,2882,1,0.48464417205620935,0
2,142,2883,2883,1,0.48464417205620935,0
2,142,3011,3011,1,0.8036509831074682,1
2,142,3012,3012,1,0.9040416200662684,1
2,142,3013,3013,0,0.8603048131781676,1
2,142,3115,3115,1,0.9149753940451675,1
2,142,3125,3125,0,0.49970881371733333,0
2,142,3126,3126,0,0.9381770947529424,1
2,142,3128,3128,1,0.8323285619238973,1
2,142,3145,3145,1,0.6322434871963424,1
2,142,3152,3152,1,0.6205134740008912,1
2,142,3352,3352,1,0.8820471793468628,1
2,142,3353,3353,1,0.9254387881376885,1
2,142,3388,3388,1,0.9257703714124909,1
2,142,3630,3630,1,0.8507776211136006,1
2,142,3631,3631,1,0.9326003324782851,1
2,142,3727,3727,1,0.6191639794320203,1
2,142,3729,3729,0,0.8175831163695058,1
2,142,3730,3730,0,0.6969727118194516,1
2,142,3876,3876,0,0.8651981599141689,1
2,142,4224,4224,0,0.8130116382655959,1
2,142,4296,4296,1,0.8392142628957011,1
2,142,3321,3321,0,0.34235089422998344,0
2,142,3322,3322,0,0.33583176992643876,0
2,142,3323,3323,0,0.28209350538850675,0
2,142,1679,1679,1,0.41490725827359903,0
2,142,673,673,1,0.3333982906278911,0
2,142,1187,1187,1,0.6204759193962609,1
2,142,3312,3312,1,0.9530119704483603,1
2,142,3313,3313,1,0.930648988377215,1
2,142,3314,3314,1,0.930648988377215,1
2,142,4416,4416,1,0.149504243226327,0
2,142,3328,3328,0,0.5497895867503052,1
2,142,3672,3672,0,0.32484984804947514,0
2,142,3673,3673,0,0.19510398079857547,0
2,142,3816,3816,0,0.37509920327558394,0
2,142,3840,3840,0,0.2810528557905077,0
2,142,3841,3841,0,0.39525485127311016,0
2,142,4094,4094,0,0.608085367275224,1
2,142,4819,4819,0,0.02965660857610122,0
2,142,489,489,0,0.7320913891064387,1
2,142,490,490,1,0.3630356361927748,0
2,142,492,492,0,0.8771347252820895,1
2,142,493,493,0,0.9121799112502599,1
2,142,494,494,1,0.7725697988915161,1
2,142,495,495,0,0.2997335039643101,0
2,142,686,686,1,0.17509075176482292,0
2,142,687,687,1,0.5303140628416281,1
2,142,688,688,1,0.42721370709252904,0
2,142,689,689,0,0.49459409958921724,0
2,142,690,690,0,0.07015663968443657,0
2,142,691,691,0,0.6203040976951821,1
2,142,692,692,1,0.40740165612316875,0
2,142,693,693,0,0.3240451643128517,0
2,142,694,694,1,0.802571713712988,1
2,142,695,695,0,0.48746512204734604,0
2,142,696,696,0,0.38044439937457536,0
2,142,2318,2318,0,0.09562665019447422,0
2,142,2319,2319,0,0.09562665019447422,0
2,142,2320,2320,0,0.09562665019447422,0
2,142,2321,2321,0,0.09562665019447422,0
2,142,2322,2322,0,0.09562665019447422,0
2,142,2323,2323,0,0.14254047951629376,0
2,142,2324,2324,0,0.14254047951629376,0
2,142,2325,2325,0,0.14254047951629376,0
2,142,2331,2331,0,0.14254047951629376,0
2,142,2332,2332,0,0.14254047951629376,0
2,142,2454,2454,0,0.096909447128677,0
2,142,2455,2455,0,0.096909447128677,0
2,142,2456,2456,0,0.096909447128677,0
2,142,2462,2462,0,0.20077494525120612,0
2,142,2463,2463,0,0.096909447128677,0
2,142,2464,2464,0,0.20077494525120612,0
2,142,2504,2504,0,0.16662253743003694,0
2,142,2505,2505,0,0.16662253743003694,0
2,142,2506,2506,0,0.16662253743003694,0
2,142,2512,2512,0,0.16662253743003694,0
2,142,2513,2513,0,0.1354031129965868,0
2,142,2655,2655,0,0.12623443505682658,0
2,142,2702,2702,0,0.07742863803615954,0
2,142,2703,2703,0,0.07742863803615954,0
2,142,2704,2704,0,0.07742863803615954,0
2,142,2705,2705,0,0.14069484479981625,0
2,142,2711,2711,0,0.12157877616407012,0
2,142,2712,2712,0,0.14069484479981625,0
2,142,2767,2767,0,0.1273062898674958,0
2,142,2809,2809,0,0.07363959341723675,0
2,142,2810,2810,0,0.07363959341723675,0
2,142,2816,2816,0,0.26822203307075737,0
2,142,2817,2817,0,0.2041970417386129,0
2,142,2820,2820,0,0.07363959341723675,0
2,142,2827,2827,0,0.11423899610796458,0
2,142,3093,3093,0,0.08870694445794854,0
2,142,3118,3118,0,0.14824576678762239,0
2,142,3333,3333,0,0.19488596848391518,0
2,142,3375,3375,0,0.10374390716639892,0
2,142,3377,3377,0,0.10374390716639892,0
2,142,3378,3378,0,0.12910337699327232,0
2,142,3597,3597,0,0.12928865483140325,0
2,142,3598,3598,0,0.12928865483140325,0
2,142,3599,3599,0,0.21523138581896673,0
2,142,3603,3603,0,0.0474386324510291,0
2,142,3604,3604,0,0.0474386324510291,0
2,142,3608,3608,0,0.0474386324510291,0
2,142,3858,3858,0,0.205623029793498,0
2,142,3859,3859,0,0.19099599164854786,0
2,142,4025,4025,0,0.14825310504295505,0
2,142,4026,4026,0,0.14825310504295505,0
2,142,4027,4027,0,0.15095920456246575,0
2,142,4057,4057,0,0.0989576223363422,0
2,142,4208,4208,0,0.15071715383525436,0
2,142,4241,4241,0,0.08547158834666528,0
2,142,4242,4242,1,0.18861107731436003,0
2,142,4331,4331,0,0.35410016010633266,0
2,142,4434,4434,0,0.38819155542268174,0
2,142,4435,4435,0,0.3651646988930267,0
2,142,4436,4436,0,0.3835829187671166,0
2,142,4557,4557,0,0.3297361449305338,0
2,142,4585,4585,0,0.4005402169472633,0
2,142,4586,4586,0,0.2322573169862082,0
2,142,4587,4587,0,0.3432135038682774,0
2,142,4880,4880,0,0.22591233700000446,0
2,142,4743,4743,0,0.22526020393131213,0
2,142,3515,3515,1,0.09935124554203811,0
2,142,3516,3516,1,0.09935124554203811,0
2,142,3517,3517,1,0.09935124554203811,0
2,142,5015,5015,1,0.8049514650581864,1
2,142,1668,1668,0,0.03259306005399349,0
2,142,1688,1688,0,0.015361821514312184,0
2,142,1698,1698,0,0.0190547231264568,0
2,142,1714,1714,0,0.05607675035693425,0
2,142,1731,1731,0,0.03210629118275969,0
2,142,1761,1761,0,0.006089384426718776,0
2,142,1769,1769,0,0.008058946037673636,0
2,142,1777,1777,0,0.06676253360752081,0
2,142,1785,1785,0,0.024515498847917636,0
2,142,1792,1792,0,0.016227240764041872,0
2,142,1797,1797,1,0.04137548240814779,0
2,142,1813,1813,0,0.015359795334229914,0
2,142,1824,1824,0,0.07401417901806916,0
2,142,1827,1827,0,0.03322778193933022,0
2,142,1830,1830,0,0.03282521851858978,0
2,142,1837,1837,0,0.013232313219767602,0
2,142,1838,1838,0,0.011440653014162885,0
2,142,1843,1843,0,0.03506780342524854,0
2,142,1847,1847,0,0.035122436624663224,0
2,142,1854,1854,0,0.03338267210582236,0
2,142,1859,1859,0,0.022951165228064514,0
2,142,1874,1874,0,0.025429451815693994,0
2,142,1876,1876,0,0.029509947802518633,0
2,142,1884,1884,0,0.04118920308677129,0
2,142,1891,1891,0,0.009617544037703022,0
2,142,1899,1899,0,0.03823785280583737,0
2,142,1900,1900,0,0.034091361615275616,0
2,142,1901,1901,0,0.023917069413284166,0
2,142,1904,1904,0,0.07335194088917374,0
2,142,1910,1910,0,0.034805755806329275,0
2,142,1922,1922,0,0.061176586074608,0
2,142,1924,1924,0,0.015611684633129773,0
2,142,1926,1926,0,0.008379754530003284,0
2,142,1942,1942,0,0.07409976493596963,0
2,142,1944,1944,0,0.039192371059636265,0
2,142,1946,1946,0,0.026513567856216894,0
2,142,1954,1954,1,0.03628285077497261,0
2,142,1959,1959,0,0.02806494816140798,0
2,142,1967,1967,0,0.01415161681692825,0
2,142,1971,1971,0,0.05530422319947779,0
2,142,1978,1978,0,0.02053512807976068,0
2,142,1982,1982,0,0.13480448630306166,0
2,142,1984,1984,0,0.03168067653865602,0
2,142,1990,1990,0,0.022015695744703034,0
2,142,1999,1999,0,0.021310442173987712,0
2,142,2006,2006,0,0.03231969339906189,0
2,142,2014,2014,0,0.026961425661494887,0
2,142,2019,2019,0,0.06167204437510724,0
2,142,2028,2028,0,0.023668406411457916,0
2,142,2038,2038,0,0.026829727262190215,0
2,142,2040,2040,0,0.018941370498787812,0
2,142,2042,2042,0,0.03300465764712265,0
2,142,2058,2058,0,0.011329130947366331,0
2,142,2059,2059,0,0.04016233741671349,0
2,142,2064,2064,0,0.050193997236408314,0
2,142,2066,2066,0,0.012034446574887288,0
2,142,2095,2095,0,0.021828752940147425,0
2,142,2110,2110,0,0.06795680465705453,0
2,142,2112,2112,0,0.05062077681284397,0
2,142,2118,2118,0,0.055646205953976006,0
2,142,2168,2168,0,0.011702289183245236,0
2,142,1301,1301,1,0.9142642132155859,1
2,142,1302,1302,0,0.024969563458558518,0
2,142,1303,1303,0,0.019258946842643898,0
2,142,1304,1304,1,0.8930047296137331,1
2,142,1305,1305,1,0.8573938086053843,1
2,142,1306,1306,1,0.8714345255060089,1
2,142,1307,1307,1,0.8655076419571386,1
2,142,1308,1308,0,0.030485553768701365,0
2,142,1309,1309,0,0.06212489599210491,0
2,142,1310,1310,0,0.05451685206703903,0
2,142,1418,1418,1,0.9420464180993533,1
2,142,1419,1419,0,0.050509005371212556,0
2,142,1420,1420,0,0.10288018232445881,0
2,142,1421,1421,1,0.9472431015517742,1
2,142,1572,1572,1,0.9149295679949372,1
2,142,1573,1573,0,0.23561377459987096,0
2,142,1574,1574,0,0.3752055311611492,0
2,142,3950,3950,0,0.4374338150662578,0
2,142,1606,1606,0,0.15770877601247738,0
2,142,4413,4413,0,0.7799632540341876,1
2,142,4885,4885,0,0.12983558854950575,0
2,142,4962,4962,1,0.6111075302069849,1
2,142,2286,2286,0,0.04576065620568346,0
2,142,2287,2287,0,0.04576065620568346,0
2,142,2288,2288,0,0.04576065620568346,0
2,142,2289,2289,1,0.04020554839379008,0
2,142,2654,2654,0,0.030783971109670825,0
2,142,3810,3810,1,0.12411316088211377,0
2,142,4058,4058,0,0.23589290170578936,0
2,142,4060,4060,0,0.11283059290133848,0
2,142,4488,4488,1,0.20207536390434283,0
2,142,4489,4489,0,0.6198737873990737,1
2,142,4561,4561,1,0.26845386432725815,0
2,142,4584,4584,1,0.12343657267252457,0
2,142,4951,4951,1,0.42229639340380953,0
2,142,4952,4952,1,0.40544347279297155,0
2,142,4954,4954,0,0.26910672789109547,0
2,142,259,259,0,0.5137007146151061,1
2,142,1106,1106,0,0.35537620314022106,0
2,142,4846,4846,1,0.6198662887903151,1
2,142,4928,4928,1,0.8368796921819832,1
2,142,4945,4945,0,0.2938263133725339,0
2,142,4876,4876,0,0.6473641317302312,1
2,142,4391,4391,1,0.8559987056897086,1
2,142,4240,4240,1,0.4060442049278144,0
2,142,4018,4018,1,0.403794279272825,0
2,142,4144,4144,1,0.13774891909170542,0
2,142,4184,4184,0,0.3353561572169808,0
2,142,4283,4283,0,0.4968303803070899,0
2,142,4303,4303,1,0.18395741351464712,0
2,142,4418,4418,1,0.536136026432346,1
2,142,4419,4419,1,0.536136026432346,1
2,142,4619,4619,0,0.7308423767021405,1
2,142,4333,4333,1,0.051372046558089426,0
2,142,4437,4437,1,0.04096111734182646,0
2,142,4438,4438,1,0.040905243296046924,0
2,142,4588,4588,1,0.041220857641499145,0
2,142,4589,4589,1,0.047307386123249376,0
2,142,2693,2693,1,0.20029019009853427,0
2,142,5202,5202,0,0.05707445709103759,0
2,142,3880,3880,0,0.07744701280377479,0
2,142,4043,4043,1,0.41251022564374085,0
2,142,4044,4044,0,0.0559210951979209,0
2,142,4045,4045,0,0.38961364118608166,0
2,142,4046,4046,0,0.2275866329011156,0
2,142,4099,4099,0,0.04875090100917581,0
2,142,4257,4257,0,0.22112069690523364,0
2,142,4258,4258,0,0.05071877881901884,0
2,142,4259,4259,0,0.04267146631467282,0
2,142,4260,4260,0,0.06362278291316513,0
2,142,4261,4261,0,0.07601937311837115,0
2,142,4370,4370,0,0.12115426109995443,0
2,142,4532,4532,0,0.0491252031218381,0
2,142,4608,4608,0,0.08139255629877705,0
2,142,4609,4609,0,0.06205444081629729,0
2,142,4611,4611,0,0.053259433384591486,0
2,142,3053,3053,0,0.016309431208221554,0
2,142,3054,3054,0,0.016309431208221554,0
2,142,3055,3055,0,0.016309431208221554,0
2,142,3056,3056,0,0.016309431208221554,0
2,142,3057,3057,0,0.016309431208221554,0
2,142,3058,3058,0,0.016309431208221554,0
2,142,3059,3059,0,0.016309431208221554,0
2,142,3060,3060,0,0.016309431208221554,0
2,142,3061,3061,0,0.016309431208221554,0
2,142,3062,3062,0,0.016309431208221554,0
2,142,456,456,0,0.3740870218243848,0
2,142,2091,2091,1,0.4819059365083881,0
2,142,5093,5093,0,0.007503198271503221,0
2,142,4371,4371,0,0.7471853012924967,1
2,142,565,565,0,0.39815705638175863,0
2,142,567,567,0,0.06510518171839118,0
2,142,569,569,0,0.06762682909862831,0
2,142,571,571,0,0.1393741168452494,0
2,142,4515,4515,1,0.04340932492444317,0
2,142,863,863,1,0.9560697319392093,1
2,142,2185,2185,0,0.7937861831406852,1
2,142,2186,2186,0,0.7937861831406852,1
2,142,4513,4513,0,0.3868970948459816,0
2,142,4514,4514,0,0.414463153188301,0
2,142,4600,4600,1,0.4681153100660807,0
2,142,4601,4601,0,0.9332048040235291,1
2,142,4602,4602,0,0.6186792800134719,1
2,142,4643,4643,1,0.4148380272338904,0
2,142,4676,4676,0,0.7522420161160583,1
2,142,4738,4738,0,0.5214320862809232,1
2,142,4982,4982,0,0.6789722461479815,1
2,142,2717,2717,0,0.3154313504121736,0
2,142,2808,2808,0,0.360991712458471,0
2,142,3819,3819,0,0.13845644420168304,0
2,142,3820,3820,0,0.13845644420168304,0
2,142,654,654,1,0.8905755254077917,1
2,142,224,224,0,0.013255849884514974,0
2,142,225,225,0,0.013255849884514974,0
2,142,226,226,0,0.013255849884514974,0
2,142,476,476,0,0.021823453071378354,0
2,142,478,478,0,0.06182542080364286,0
2,142,480,480,0,0.15199573466324834,0
2,142,652,652,1,0.9269504304779532,1
2,142,1141,1141,1,0.8364199925307649,1
2,142,1142,1142,0,0.49060934376793913,0
2,142,1151,1151,1,0.8730519808380865,1
2,142,1152,1152,1,0.9935008011121466,1
2,142,4033,4033,1,0.3778194991659893,0
2,142,2326,2326,1,0.5671952341960526,1
2,142,2327,2327,1,0.5671952341960526,1
2,142,2328,2328,1,0.5671952341960526,1
2,142,2329,2329,1,0.5671952341960526,1
2,142,2330,2330,1,0.5671952341960526,1
2,142,2458,2458,1,0.2059924958127897,0
2,142,2459,2459,1,0.2059924958127897,0
2,142,2460,2460,1,0.2059924958127897,0
2,142,2461,2461,1,0.41501489553589643,0
2,142,2507,2507,1,0.30222061733925254,0
2,142,2508,2508,1,0.30222061733925254,0
2,142,2509,2509,1,0.5940635316477355,1
2,142,2510,2510,1,0.7225921230918229,1
2,142,2511,2511,1,0.7225921230918229,1
2,142,2706,2706,1,0.3123041173950753,0
2,142,2707,2707,1,0.3123041173950753,0
2,142,2708,2708,1,0.39524111128312805,0
2,142,2709,2709,1,0.39524111128312805,0
2,142,2710,2710,1,0.39524111128312805,0
2,142,2811,2811,1,0.17368563810075058,0
2,142,2812,2812,1,0.17368563810075058,0
2,142,2813,2813,1,0.24953584779584617,0
2,142,2814,2814,1,0.24953584779584617,0
2,142,2815,2815,1,0.24953584779584617,0
2,142,2818,2818,1,0.5580362393614677,1
2,142,2819,2819,1,0.10829774392341625,0
2,142,2828,2828,1,0.6072423476140962,1
2,142,2982,2982,1,0.23615164059701643,0
2,142,3151,3151,1,0.28457131188667517,0
2,142,3230,3230,1,0.24633290038624148,0
2,142,3370,3370,1,0.2790697033287196,0
2,142,3376,3376,1,0.3196228204520673,0
2,142,3600,3600,1,0.1829902466413562,0
2,142,3601,3601,1,0.1829902466413562,0
2,142,3602,3602,1,0.1829902466413562,0
2,142,3605,3605,1,0.18555680690884707,0
2,142,3606,3606,1,0.18555680690884707,0
2,142,3607,3607,1,0.18555680690884707,0
2,142,3860,3860,1,0.09129537583043115,0
2,142,4254,4254,1,0.29390420731540795,0
2,142,4678,4678,1,0.7837185362329913,1
2,142,4759,4759,1,0.5371654075437697,1
2,142,3290,3290,0,0.7224097858141093,1
2,142,2240,2240,0,0.6687383270530126,1
2,142,2241,2241,0,0.6687383270530126,1
2,142,2242,2242,0,0.6687383270530126,1
2,142,973,973,1,0.42788214626784954,0
2,142,974,974,1,0.6958024281747872,1
2,142,3031,3031,1,0.8153098215026652,1
2,142,907,907,0,0.24633443933311247,0
2,142,909,909,0,0.2706490139945849,0
2,142,4381,4381,0,0.044260040932271046,0
2,142,4517,4517,0,0.09445564717289967,0
2,142,4518,4518,0,0.008107901638083193,0
2,142,4519,4519,0,0.021727968138425084,0
2,142,4680,4680,0,0.0897531147887684,0
2,142,4957,4957,0,0.017154789477650343,0
2,142,3050,3050,1,0.6943604966545416,1
2,142,3051,3051,1,0.6943604966545416,1
2,142,3300,3300,1,0.5053682942118164,1
2,142,3301,3301,1,0.5053682942118164,1
2,142,3305,3305,1,0.6834897672021348,1
2,142,3306,3306,1,0.47464281541848474,0
2,142,3307,3307,1,0.8413381410263301,1
2,142,3349,3349,1,0.6173273791833354,1
2,142,3350,3350,1,0.7161062033233073,1
2,142,3596,3596,1,0.8454594117064583,1
2,142,1953,1953,0,0.017096616655754897,0
2,142,2086,2086,0,0.018608909813027822,0
2,142,976,976,0,0.8880934100622001,1
2,142,977,977,0,0.4619494049952242,0
2,142,978,978,1,0.3606305697650185,0
2,142,979,979,1,0.8276061500993984,1
2,142,980,980,1,0.8912196144634609,1
2,142,981,981,1,0.8593014142541043,1
2,142,5069,5069,0,0.04192130222872391,0
2,142,5070,5070,0,0.04192130222872391,0
2,142,2338,2338,0,0.7103806168997283,1
2,142,2339,2339,0,0.7103806168997283,1
2,142,2340,2340,0,0.7103806168997283,1
2,142,2857,2857,1,0.17740792298164726,0
2,142,2858,2858,1,0.7676516988776095,1
2,142,3139,3139,0,0.3230601056240179,0
2,142,3140,3140,0,0.284487944631578,0
2,142,3141,3141,1,0.25499303451531447,0
2,142,3206,3206,0,0.25236433181631973,0
2,142,3207,3207,0,0.2162143710451781,0
2,142,3208,3208,0,0.1290891460130738,0
2,142,3403,3403,0,0.6311288700211233,1
2,142,3404,3404,0,0.2645864574302869,0
2,142,3405,3405,0,0.7081289240948243,1
2,142,3406,3406,0,0.20957901368424883,0
2,142,3407,3407,0,0.302809913871806,0
2,142,3408,3408,0,0.3344131109393269,0
2,142,3508,3508,0,0.3106231152480433,0
2,142,3509,3509,0,0.5912720333925572,1
2,142,3510,3510,0,0.15169922061993402,0
2,142,3511,3511,1,0.12499883189663558,0
2,142,3640,3640,0,0.17104544795541793,0
2,142,3641,3641,0,0.13062620349791282,0
2,142,3869,3869,1,0.7631868141906492,1
2,142,3871,3871,1,0.41579748354171603,0
2,142,4531,4531,0,0.37272565506246885,0
2,142,2243,2243,1,0.46244403117118726,0
2,142,2244,2244,1,0.46244403117118726,0
2,142,2618,2618,1,0.21151324394833027,0
2,142,2619,2619,1,0.24686502262795867,0
2,142,2821,2821,1,0.2736690319673205,0
2,142,3172,3172,1,0.4104628834648917,0
2,142,3415,3415,1,0.4409621761747587,0
2,142,3416,3416,1,0.26144385141150106,0
2,142,4059,4059,1,0.2805499564260323,0
2,142,4219,4219,1,0.43605967767742687,0
2,142,4562,4562,0,0.7058852499203815,1
2,142,4953,4953,1,0.8974640111202575,1
2,142,4915,4915,1,0.828293798910293,1
2,142,3049,3049,1,0.11945826422619456,0
2,142,3302,3302,1,0.5572710757632485,1
2,142,3303,3303,1,0.489124581690066,0
2,142,3304,3304,1,0.10863573864070085,0
2,142,3348,3348,1,0.3617790918511511,0
2,142,3595,3595,1,0.17044640550216447,0
2,142,3633,3633,1,0.2288531987446396,0
2,142,5182,5182,1,0.001932622113993453,0
2,142,5183,5183,1,0.01796708877372189,0
2,142,5184,5184,1,0.1093055622856657,0
2,142,5188,5188,1,0.2662701719909226,0
2,142,53,53,1,0.026694143308081078,0
2,142,258,258,1,0.020325117548606837,0
2,142,260,260,0,0.011425140762044227,0
2,142,261,261,0,0.011425140762044227,0
2,142,285,285,0,0.00545796561858096,0
2,142,286,286,0,0.02054388237460197,0
2,142,287,287,0,0.02054388237460197,0
2,142,344,344,0,0.021456975904335197,0
2,142,345,345,0,0.021456975904335197,0
2,142,346,346,0,0.021456975904335197,0
2,142,347,347,0,0.01225482654951882,0
2,142,348,348,0,0.01225482654951882,0
2,142,411,411,0,0.953666231388799,1
2,142,412,412,0,0.94316632959491,1
2,142,413,413,1,0.9888521162245555,1
2,142,438,438,1,0.9695708869636658,1
2,142,439,439,1,0.9695708869636658,1
2,142,440,440,0,0.01297320767729181,0
2,142,441,441,0,0.01297320767729181,0
2,142,455,455,0,0.021803538098533335,0
2,142,486,486,1,0.9656724806926574,1
2,142,588,588,0,0.18827958881525983,0
2,142,797,797,1,0.963177670170158,1
2,142,798,798,0,0.022461082752459994,0
2,142,800,800,1,0.9820452702799082,1
2,142,801,801,0,0.014541774873100287,0
2,142,802,802,1,0.9809813051905593,1
2,142,803,803,0,0.009450772056232615,0
2,142,804,804,1,0.9783596031785657,1
2,142,805,805,0,0.006943645136952636,0
2,142,806,806,1,0.9710787796993838,1
2,142,807,807,0,0.013795345805703704,0
2,142,931,931,0,0.294323165105707,0
2,142,932,932,0,0.011301583832750957,0
2,142,933,933,0,0.004123253926504998,0
2,142,1170,1170,1,0.854331578036838,1
2,142,1171,1171,1,0.9848833429574243,1
2,142,1183,1183,1,0.9551091027322521,1
2,142,1184,1184,0,0.021781506178679116,0
2,142,295,295,0,0.8469875355085374,1
2,142,592,592,1,0.9588167650535286,1
2,142,2011,2011,1,0.9658744335779206,1
2,142,2078,2078,0,0.019198400460874912,0
2,142,2125,2125,0,0.013911559722245283,0
2,142,2132,2132,0,0.005660812246684018,0
2,142,2162,2162,0,0.02123221030068093,0
2,142,2203,2203,0,0.006029239495292628,0
2,142,2213,2213,0,0.009367144172479169,0
2,142,4445,4445,0,0.03644255659740547,0
2,142,4141,4141,0,0.02744843389134119,0
2,142,4776,4776,0,0.0351311779892344,0
2,142,2292,2292,0,0.19469388858334352,0
2,142,2383,2383,0,0.3068167992111673,0
2,142,2384,2384,0,0.11127880015979502,0
2,142,2474,2474,0,0.5771246079441894,1
2,142,2486,2486,0,0.6848796216854993,1
2,142,2487,2487,0,0.1329985259244145,0
2,142,2538,2538,0,0.23071495372964693,0
2,142,2641,2641,0,0.5102082036791075,1
2,142,2656,2656,0,0.17403841606615467,0
2,142,2794,2794,0,0.08770592293366343,0
2,142,2806,2806,0,0.4887353178006064,0
2,142,2807,2807,0,0.8438894531878649,1
2,142,3129,3129,1,0.705090248148511,1
2,142,3346,3346,0,0.13555421091333208,0
2,142,3538,3538,1,0.09818266548774175,0
2,142,4386,4386,1,0.8940655423863143,1
2,142,1963,1963,1,0.8945903309761438,1
2,142,2197,2197,1,0.9356816666988185,1
2,142,2230,2230,1,0.9206625711359365,1
2,142,4256,4256,0,0.7418663714368631,1
2,142,3326,3326,1,0.9674953021995306,1
2,142,5131,5131,1,0.9406361658452306,1
2,142,5132,5132,0,0.00804929278479774,0
2,142,5133,5133,0,0.02848828185496799,0
2,142,5147,5147,1,0.9847989470804953,1
2,142,5151,5151,1,0.8397199089955948,1
2,142,5152,5152,0,0.1038039750248286,0
2,142,4506,4506,0,0.15042119011018035,0
2,142,4610,4610,0,0.032501598976156995,0
2,142,4692,4692,0,0.014900928846866326,0
2,142,4881,4881,0,0.11706884917268161,0
2,142,2115,2115,1,0.9410769584498676,1
2,142,2116,2116,0,0.1079833226343933,0
2,142,2715,2715,1,0.25291114213156807,0
2,142,3719,3719,1,0.4423988007558433,0
2,142,4770,4770,1,0.29351454181432063,0
2,142,4675,4675,1,0.02587411188912261,0
2,142,3572,3572,0,0.057798295995432195,0
2,142,4483,4483,1,0.9806354456003668,1
2,142,602,602,0,0.010686230357367169,0
2,142,2099,2099,0,0.4052404657545467,0
2,142,1955,1955,1,0.7320287893806691,1
2,142,1956,1956,1,0.7320287893806691,1
2,142,1991,1991,1,0.9522350457496486,1
2,142,1992,1992,1,0.9522350457496486,1
2,142,1993,1993,0,0.6273799813047073,1
2,142,1994,1994,0,0.6273799813047073,1
2,142,2000,2000,1,0.4602980914996148,0
2,142,2001,2001,1,0.4602980914996148,0
2,142,2048,2048,1,0.8640332400486139,1
2,142,2049,2049,1,0.8640332400486139,1
2,142,2050,2050,0,0.6653123351285283,1
2,142,2051,2051,0,0.6653123351285283,1
2,142,2097,2097,1,0.945521828900276,1
2,142,2098,2098,1,0.945521828900276,1
2,142,5105,5105,1,0.5588277210640924,1
2,142,5114,5114,1,0.3179084031628267,0
2,142,1762,1762,1,0.16481007249121235,0
2,142,1815,1815,1,0.29704885847360407,0
2,142,1817,1817,1,0.09689983494536314,0
2,142,1820,1820,1,0.14129952663040937,0
2,142,1861,1861,1,0.12768913463932127,0
2,142,1863,1863,1,0.32133112247208595,0
2,142,2085,2085,1,0.9974066053670005,1
2,142,4579,4579,0,0.07858652651462746,0
2,142,934,934,0,0.05842040249258818,0
2,142,935,935,0,0.019554888228640977,0
2,142,936,936,1,0.8791313544772714,1
2,142,937,937,0,0.030877233345648243,0
2,142,938,938,1,0.38157974757279955,0
2,142,939,939,0,0.07283041530788407,0
2,142,1948,1948,0,0.028542335679703493,0
2,142,2008,2008,0,0.029594020619108378,0
2,142,2076,2076,0,0.009751609395187126,0
2,142,4163,4163,1,0.9552285539330312,1
2,142,2293,2293,0,0.46687093799663404,0
2,142,2294,2294,0,0.46687093799663404,0
2,142,2295,2295,0,0.46687093799663404,0
2,142,2436,2436,0,0.3131773409238284,0
2,142,2468,2468,0,0.28985641121207145,0
2,142,2493,2493,0,0.6582771810051843,1
2,142,2494,2494,0,0.8539975900912862,1
2,142,2495,2495,0,0.4568640355811059,0
2,142,2580,2580,0,0.79361616645286,1
2,142,2581,2581,0,0.578819495855538,1
2,142,2582,2582,0,0.37733255850000214,0
2,142,2671,2671,0,0.3882651223028077,0
2,142,2672,2672,0,0.3882651223028077,0
2,142,2673,2673,0,0.3882651223028077,0
2,142,2674,2674,1,0.3148783865130066,0
2,142,2678,2678,0,0.38503385475751645,0
2,142,2730,2730,0,0.16875123944246784,0
2,142,2731,2731,0,0.16875123944246784,0
2,142,2732,2732,0,0.1314246170209992,0
2,142,2733,2733,0,0.16875123944246784,0
2,142,2734,2734,0,0.16875123944246784,0
2,142,2735,2735,0,0.16875123944246784,0
2,142,2736,2736,0,0.16875123944246784,0
2,142,2737,2737,0,0.16875123944246784,0
2,142,2738,2738,0,0.16875123944246784,0
2,142,2739,2739,0,0.1314246170209992,0
2,142,2740,2740,0,0.1314246170209992,0
2,142,2741,2741,0,0.16875123944246784,0
2,142,2742,2742,0,0.16875123944246784,0
2,142,2743,2743,0,0.16875123944246784,0
2,142,2744,2744,0,0.16875123944246784,0
2,142,2752,2752,0,0.4248041042610192,0
2,142,2753,2753,0,0.5913783036998503,1
2,142,2797,2797,0,0.4848251160799312,0
2,142,2798,2798,0,0.29748539638667953,0
2,142,2919,2919,0,0.3056614698650927,0
2,142,3020,3020,0,0.25628738829679,0
2,142,3021,3021,0,0.20435852002019295,0
2,142,3046,3046,0,0.21397717277196837,0
2,142,3047,3047,0,0.46222859763770463,0
2,142,3211,3211,0,0.23980547548274647,0
2,142,3212,3212,0,0.23980547548274647,0
2,142,3213,3213,0,0.23980547548274647,0
2,142,3214,3214,0,0.23980547548274647,0
2,142,3215,3215,0,0.1767484621391229,0
2,142,3216,3216,0,0.1767484621391229,0
2,142,3218,3218,1,0.28628015531310486,0
2,142,3224,3224,1,0.26033469725857855,0
2,142,3270,3270,1,0.10511661019900957,0
2,142,3271,3271,1,0.10511661019900957,0
2,142,3272,3272,1,0.10511661019900957,0
2,142,3273,3273,1,0.10511661019900957,0
2,142,3274,3274,1,0.10511661019900957,0
2,142,3283,3283,0,0.15101533438027676,0
2,142,3285,3285,0,0.1969224853300152,0
2,142,3485,3485,1,0.10186869022923609,0
2,142,3486,3486,1,0.10186869022923609,0
2,142,3487,3487,1,0.20730651932586935,0
2,142,3488,3488,1,0.15458591729594245,0
2,142,3579,3579,0,0.5676733327632344,1
2,142,3711,3711,1,0.21336649918224154,0
2,142,3758,3758,0,0.33243302756754656,0
2,142,3759,3759,0,0.39710339821618423,0
2,142,3763,3763,0,0.330282465862193,0
2,142,3939,3939,1,0.16703630517423626,0
2,142,3947,3947,0,0.44709365118202876,0
2,142,3973,3973,1,0.19129772061041658,0
2,142,3974,3974,1,0.3383996854503936,0
2,142,3975,3975,0,0.3860148023844902,0
2,142,4029,4029,0,0.2597601501877749,0
2,142,4087,4087,0,0.21845914583798645,0
2,142,4088,4088,1,0.2425363223243159,0
2,142,4111,4111,0,0.3412463873555662,0
2,142,4135,4135,0,0.22493972114987032,0
2,142,4197,4197,1,0.12891936405631302,0
2,142,4227,4227,1,0.20735895836188595,0
2,142,4235,4235,0,0.6331191887150284,1
2,142,4250,4250,0,0.5599256895353921,1
2,142,4352,4352,1,0.39711381823479946,0
2,142,4379,4379,1,0.5470054120682121,1
2,142,4460,4460,0,0.34932454366774174,0
2,142,4507,4507,1,0.5696559262929622,1
2,142,4919,4919,1,0.4900104348340233,0
2,142,5042,5042,0,0.18397547536775824,0
3,242,721,721,1,0.13036161951004477,0
3,242,3202,3202,0,0.13319172932874704,0
3,242,983,983,1,0.9731434215661955,1
3,242,1053,1053,0,0.09485390832097514,0
3,242,1054,1054,1,0.9792005183667679,1
3,242,2068,2068,0,0.020170904306788976,0
3,242,2117,2117,0,0.025681662850228982,0
3,242,2154,2154,0,0.02445851664904689,0
3,242,2155,2155,0,0.026230113030735584,0
3,242,2156,2156,0,0.013606401366924072,0
3,242,2157,2157,0,0.08451794878075664,0
3,242,2158,2158,0,0.00820521244781473,0
3,242,2163,2163,0,0.024209153804337205,0
3,242,2164,2164,0,0.03242813829892902,0
3,242,2165,2165,0,0.045468479103385265,0
3,242,2175,2175,0,0.03026938202656465,0
3,242,2179,2179,0,0.023952524071631853,0
3,242,2180,2180,0,0.0316979950584985,0
3,242,2181,2181,0,0.08074988125138086,0
3,242,2208,2208,0,0.10451555853181924,0
3,242,2216,2216,0,0.02556102080570468,0
3,242,2217,2217,0,0.04483135884318817,0
3,242,2219,2219,0,0.00893901162434669,0
3,242,5137,5137,0,0.05254356149835249,0
3,242,1668,1668,0,0.03368124021076296,0
3,242,1688,1688,0,0.024010309266578198,0
3,242,1698,1698,0,0.012615605438198285,0
3,242,1714,1714,0,0.03206975005991286,0
3,242,1731,1731,0,0.009844808113538434,0
3,242,1761,1761,0,0.005350322450391247,0
3,242,1769,1769,0,0.004990583475220722,0
3,242,1777,1777,0,0.06460321597013803,0
3,242,1785,1785,0,0.020280892083952614,0
3,242,1792,1792,0,0.015976850346261815,0
3,242,1797,1797,1,0.04106822743211015,0
3,242,1813,1813,0,0.024136740585608912,0
3,242,1824,1824,0,0.029342921146157823,0
3,242,1827,1827,0,0.006467544087927687,0
3,242,1830,1830,0,0.021371718351875017,0
3,242,1837,1837,0,0.020944584629096905,0
3,242,1838,1838,0,0.01026478658489381,0
3,242,1843,1843,0,0.023348739339546874,0
3,242,1847,1847,0,0.020652465346657302,0
3,242,1854,1854,0,0.013642193861349726,0
3,242,1859,1859,0,0.006882682375444011,0
3,242,1874,1874,0,0.01612857472147694,0
3,242,1876,1876,0,0.015098805719072139,0
3,242,1884,1884,0,0.016362730242113453,0
3,242,1891,1891,0,0.017475730072795563,0
3,242,1899,1899,0,0.013275795658578884,0
3,242,1900,1900,0,0.017642247979584264,0
3,242,1901,1901,0,0.027992810841942706,0
3,242,1904,1904,0,0.014045031459828453,0
3,242,1910,1910,0,0.1260423516683336,0
3,242,1922,1922,0,0.03202228073842111,0
3,242,1924,1924,0,0.006327724860142973,0
3,242,1926,1926,0,0.009271150791556066,0
3,242,1942,1942,0,0.07313661502230313,0
3,242,1944,1944,0,0.010148346849581045,0
3,242,1946,1946,0,0.01808244174032655,0
3,242,1954,1954,1,0.040353804574372334,0
3,242,1959,1959,0,0.02252175090323974,0
3,242,1967,1967,0,0.0077523107845678925,0
3,242,1971,1971,0,0.13637384559662485,0
3,242,1978,1978,0,0.006526349901822226,0
3,242,1982,1982,0,0.08371340878565996,0
3,242,1984,1984,0,0.022098861802614545,0
3,242,1990,1990,0,0.0419035844115704,0
3,242,1999,1999,0,0.007719767587838947,0
3,242,2006,2006,0,0.024822384611312295,0
3,242,2014,2014,0,0.015252253987762606,0
3,242,2019,2019,0,0.010305473697540082,0
3,242,2028,2028,0,0.015780948310063242,0
3,242,2038,2038,0,0.012288404548874414,0
3,242,2040,2040,0,0.012094727357754307,0
3,242,2042,2042,0,0.015269472286836833,0
3,242,2058,2058,0,0.017453369858373688,0
3,242,2059,2059,0,0.1171977011506404,0
3,242,2064,2064,0,0.0865344434132593,0
3,242,2066,2066,0,0.007652156342198668,0
3,242,2095,2095,0,0.012599159206848285,0
3,242,2110,2110,0,0.06024690660449022,0
3,242,2112,2112,0,0.10049569008875452,0
3,242,2118,2118,0,0.07033525404112405,0
3,242,2168,2168,0,0.0075267043323562245,0
3,242,53,53,1,0.02390247775474716,0
3,242,258,258,1,0.028704807791403806,0
3,242,260,260,0,0.026430275109427186,0
3,242,261,261,0,0.026430275109427186,0
3,242,285,285,0,0.012025876978936331,0
3,242,286,286,0,0.053737137930919256,0
3,242,287,287,0,0.053737137930919256,0
3,242,344,344,0,0.014321810884663706,0
3,242,345,345,0,0.014321810884663706,0
3,242,346,346,0,0.014321810884663706,0
3,242,347,347,0,0.038004518692298796,0
3,242,348,348,0,0.038004518692298796,0
3,242,411,411,0,0.950790051860225,1
3,242,412,412,0,0.9453167331236683,1
3,242,413,413,1,0.9739163260688957,1
3,242,438,438,1,0.9802448396672343,1
3,242,439,439,1,0.9802448396672343,1
3,242,440,440,0,0.009464921557381042,0
3,242,441,441,0,0.009464921557381042,0
3,242,455,455,0,0.01338011134141236,0
3,242,486,486,1,0.9401024118061544,1
3,242,588,588,0,0.4237314573344492,0
3,242,797,797,1,0.9170414323943139,1
3,242,798,798,0,0.06457838270572983,0
3,242,800,800,1,0.9645199178016953,1
3,242,801,801,0,0.011108914804231283,0
3,242,802,802,1,0.9836347707428156,1
3,242,803,803,0,0.022221667802340677,0
3,242,804,804,1,0.97275535032975,1
3,242,805,805,0,0.009532195382409046,0
3,242,806,806,1,0.9572812821592022,1
3,242,807,807,0,0.00910525732065717,0
3,242,931,931,0,0.4137662253766685,0
3,242,932,932,0,0.02094931378621324,0
3,242,933,933,0,0.024548547298121278,0
3,242,1170,1170,1,0.9110836488212033,1
3,242,1171,1171,1,0.9698490025104852,1
3,242,1183,1183,1,0.9664584806829253,1
3,242,1184,1184,0,0.030905295528060536,0
3,242,1147,1147,0,0.0595716780255583,0
3,242,2439,2439,0,0.7120419395235785,1
3,242,2440,2440,0,0.7120419395235785,1
3,242,2441,2441,0,0.7120419395235785,1
3,242,2442,2442,0,0.7120419395235785,1
3,242,2443,2443,0,0.7120419395235785,1
3,242,2444,2444,0,0.7120419395235785,1
3,242,2445,2445,0,0.7120419395235785,1
3,242,2446,2446,0,0.7120419395235785,1
3,242,2589,2589,0,0.9569311727547346,1
3,242,2593,2593,0,0.7305444655426022,1
3,242,2594,2594,0,0.7305444655426022,1
3,242,2595,2595,0,0.7305444655426022,1
3,242,2596,2596,0,0.7305444655426022,1
3,242,2603,2603,0,0.9216761297368448,1
3,242,2604,2604,0,0.9216761297368448,1
3,242,2605,2605,0,0.9216761297368448,1
3,242,2606,2606,0,0.9216761297368448,1
3,242,2611,2611,0,0.665151510045153,1
3,242,2760,2760,0,0.6736948196456748,1
3,242,2761,2761,0,0.6736948196456748,1
3,242,2762,2762,0,0.6736948196456748,1
3,242,2763,2763,0,0.6736948196456748,1
3,242,2764,2764,0,0.8230390300908951,1
3,242,2765,2765,0,0.8230390300908951,1
3,242,2766,2766,0,0.8230390300908951,1
3,242,2872,2872,0,0.9143286689043569,1
3,242,2873,2873,0,0.9143286689043569,1
3,242,2874,2874,0,0.9143286689043569,1
3,242,2875,2875,0,0.9143286689043569,1
3,242,2885,2885,0,0.45624480271580004,0
3,242,2927,2927,0,0.8239108946732113,1
3,242,2928,2928,0,0.8239108946732113,1
3,242,2929,2929,0,0.8239108946732113,1
3,242,2930,2930,0,0.8239108946732113,1
3,242,2931,2931,0,0.8239108946732113,1
3,242,2936,2936,1,0.8571601152451344,1
3,242,2937,2937,1,0.8571601152451344,1
3,242,2938,2938,1,0.8571601152451344,1
3,242,3073,3073,0,0.6015854054423816,1
3,242,3074,3074,0,0.6015854054423816,1
3,242,3075,3075,0,0.6015854054423816,1
3,242,3076,3076,0,0.6015854054423816,1
3,242,3086,3086,0,0.7420953849812355,1
3,242,3087,3087,0,0.7420953849812355,1
3,242,3088,3088,0,0.7420953849812355,1
3,242,3089,3089,0,0.7420953849812355,1
3,242,3127,3127,0,0.5559072462714997,1
3,242,3150,3150,0,0.37399126094496055,0
3,242,3308,3308,0,0.6940710979311242,1
3,242,3309,3309,0,0.6018308351429841,1
3,242,3800,3800,0,0.6277905184012228,1
3,242,3801,3801,0,0.6277905184012228,1
3,242,3802,3802,0,0.6277905184012228,1
3,242,3803,3803,0,0.6277905184012228,1
3,242,3804,3804,0,0.6277905184012228,1
3,242,3967,3967,0,0.6122540000246708,1
3,242,4981,4981,1,0.5473987237111455,1
3,242,5065,5065,1,0.5644905016525442,1
3,242,5066,5066,1,0.5644905016525442,1
3,242,4855,4855,0,0.09398596507588641,0
3,242,5074,5074,1,0.08595639981594201,0
3,242,430,430,1,0.9756213619893627,1
3,242,737,737,1,0.9819707717920282,1
3,242,1795,1795,1,0.010651033843941607,0
3,242,5202,5202,0,0.299991660699779,0
3,242,3857,3857,1,0.5553693281145787,1
3,242,4206,4206,1,0.5382455457355514,1
3,242,2290,2290,1,0.6961593691985107,1
3,242,2291,2291,1,0.6961593691985107,1
3,242,2473,2473,1,0.47407279536805136,0
3,242,2537,2537,1,0.3944849283118729,0
3,242,2640,2640,1,0.2557968705440878,0
3,242,2661,2661,1,0.6113215463046037,1
3,242,4238,4238,0,0.7798059308656898,1
3,242,4277,4277,1,0.7370275829992725,1
3,242,1107,1107,0,0.02150113144085548,0
3,242,2214,2214,0,0.009904135125003025,0
3,242,2,2,0,0.07333650593728647,0
3,242,3,3,0,0.07682660286047335,0
3,242,4,4,0,0.07682660286047335,0
3,242,109,109,1,0.02526677265255074,0
3,242,185,185,1,0.7710917403083015,1
3,242,218,218,1,0.7391430140183743,1
3,242,219,219,1,0.7391430140183743,1
3,242,220,220,1,0.7391430140183743,1
3,242,221,221,1,0.7391430140183743,1
3,242,222,222,1,0.7391430140183743,1
3,242,223,223,1,0.7391430140183743,1
3,242,241,241,1,0.34251236801326196,0
3,242,242,242,1,0.34251236801326196,0
3,242,243,243,1,0.34251236801326196,0
3,242,244,244,1,0.34251236801326196,0
3,242,245,245,1,0.044965636141052694,0
3,242,249,249,1,0.7717365432104842,1
3,242,250,250,1,0.7717365432104842,1
3,242,251,251,1,0.7717365432104842,1
3,242,252,252,1,0.7717365432104842,1
3,242,253,253,1,0.7717365432104842,1
3,242,254,254,0,0.7836700527366529,1
3,242,255,255,0,0.7836700527366529,1
3,242,278,278,0,0.2249649657887993,0
3,242,279,279,0,0.2249649657887993,0
3,242,280,280,0,0.2249649657887993,0
3,242,281,281,0,0.2249649657887993,0
3,242,282,282,1,0.6991322278362062,1
3,242,283,283,0,0.009816580129031473,0
3,242,298,298,0,0.13022386428073598,0
3,242,299,299,0,0.13022386428073598,0
3,242,300,300,0,0.13022386428073598,0
3,242,301,301,1,0.8669764300239091,1
3,242,302,302,1,0.8669764300239091,1
3,242,303,303,1,0.8669764300239091,1
3,242,304,304,1,0.8669764300239091,1
3,242,305,305,1,0.8669764300239091,1
3,242,306,306,1,0.8030499151421585,1
3,242,307,307,1,0.8030499151421585,1
3,242,362,362,1,0.630464702255643,1
3,242,363,363,1,0.630464702255643,1
3,242,364,364,0,0.18450955667190977,0
3,242,365,365,0,0.18450955667190977,0
3,242,386,386,0,0.02531644615013497,0
3,242,387,387,0,0.02531644615013497,0
3,242,388,388,0,0.02531644615013497,0
3,242,392,392,0,0.9312396627799714,1
3,242,393,393,0,0.9312396627799714,1
3,242,394,394,0,0.9312396627799714,1
3,242,395,395,0,0.7533821637953046,1
3,242,396,396,0,0.7533821637953046,1
3,242,397,397,0,0.7533821637953046,1
3,242,398,398,1,0.05585428871194218,0
3,242,399,399,1,0.05585428871194218,0
3,242,400,400,1,0.05585428871194218,0
3,242,401,401,0,0.19829451674907872,0
3,242,402,402,0,0.19829451674907872,0
3,242,403,403,0,0.19829451674907872,0
3,242,404,404,1,0.07328313764615291,0
3,242,405,405,1,0.07328313764615291,0
3,242,406,406,1,0.07328313764615291,0
3,242,407,407,0,0.5866373190716266,1
3,242,408,408,0,0.5866373190716266,1
3,242,464,464,0,0.03694069661492652,0
3,242,465,465,0,0.03694069661492652,0
3,242,466,466,0,0.03694069661492652,0
3,242,598,598,1,0.8609496148755685,1
3,242,599,599,1,0.8609496148755685,1
3,242,603,603,1,0.4953603910796631,0
3,242,604,604,1,0.5442437610876846,1
3,242,605,605,1,0.5442437610876846,1
3,242,627,627,0,0.3250657339721959,0
3,242,628,628,0,0.3250657339721959,0
3,242,630,630,1,0.09734804541920121,0
3,242,631,631,0,0.8392534185778673,1
3,242,633,633,1,0.9228394783976991,1
3,242,635,635,1,0.38858633018278793,0
3,242,636,636,1,0.19087732430979604,0
3,242,639,639,1,0.9121870674910737,1
3,242,748,748,1,0.42719040361331684,0
3,242,749,749,0,0.31099994917010854,0
3,242,751,751,1,0.9705918054300412,1
3,242,752,752,0,0.041432135806995916,0
3,242,793,793,1,0.38724378006255744,0
3,242,839,839,0,0.518668335151545,1
3,242,840,840,1,0.16408743806476603,0
3,242,841,841,0,0.04724517508641552,0
3,242,842,842,0,0.14607541191468063,0
3,242,940,940,0,0.4021239699405083,0
3,242,962,962,1,0.843446887010113,1
3,242,966,966,0,0.7999634148136497,1
3,242,967,967,0,0.2112438774080644,0
3,242,968,968,0,0.9324121537892525,1
3,242,1026,1026,0,0.05560450776977948,0
3,242,1072,1072,1,0.6879821221982685,1
3,242,1096,1096,1,0.4677856086665638,0
3,242,1097,1097,1,0.8748927404071124,1
3,242,1098,1098,1,0.21753271209128866,0
3,242,1099,1099,0,0.4468549924421535,0
3,242,1100,1100,0,0.35089978936804267,0
3,242,1101,1101,1,0.44905229622386506,0
3,242,1102,1102,1,0.1376488459858659,0
3,242,1103,1103,0,0.7383046606619903,1
3,242,1104,1104,0,0.8544344448986003,1
3,242,1132,1132,0,0.007850351000379728,0
3,242,1133,1133,0,0.027185705673539916,0
3,242,1134,1134,0,0.01390174169868211,0
3,242,1139,1139,0,0.12809426298524434,0
3,242,1140,1140,0,0.668977901217841,1
3,242,1176,1176,1,0.37749955527668067,0
3,242,1203,1203,0,0.018573973832143386,0
3,242,1218,1218,1,0.02526677265255074,0
3,242,863,863,1,0.9726228214714195,1
3,242,1727,1727,0,0.2479740195764815,0
3,242,1774,1774,0,0.18728613989030993,0
3,242,4529,4529,1,0.5681940678280156,1
3,242,1732,1732,0,0.0202895971376357,0
3,242,2099,2099,0,0.735976125807664,1
3,242,1972,1972,1,0.6674354729693575,1
3,242,2015,2015,1,0.672002193082049,1
3,242,2029,2029,1,0.7587245189536107,1
3,242,2087,2087,1,0.6485782869592408,1
3,242,2177,2177,1,0.653190893987353,1
3,242,2191,2191,1,0.6687338319204051,1
3,242,607,607,0,0.04819601082820309,0
3,242,1070,1070,0,0.06317190504274352,0
3,242,1074,1074,0,0.05972606590439195,0
3,242,1075,1075,0,0.18634634844214948,0
3,242,4214,4214,0,0.041453762470557876,0
3,242,563,563,0,0.013266877985978082,0
3,242,1881,1881,0,0.017666158224282254,0
3,242,2025,2025,0,0.020853176218356986,0
3,242,957,957,1,0.6210254713277925,1
3,242,1547,1547,0,0.41296655277348654,0
3,242,3063,3063,1,0.22564992477297718,0
3,242,5012,5012,0,0.01514582553740052,0
3,242,57,57,1,0.8313691234321352,1
3,242,58,58,1,0.8198149840030096,1
3,242,59,59,0,0.0984678369670325,0
3,242,60,60,0,0.0984678369670325,0
3,242,61,61,0,0.11276229827484945,0
3,242,80,80,0,0.33899155524402597,0
3,242,81,81,0,0.33899155524402597,0
3,242,102,102,1,0.12365630041198858,0
3,242,113,113,0,0.020150096199906698,0
3,242,122,122,0,0.244981439384195,0
3,242,123,123,1,0.13774682541999378,0
3,242,138,138,0,0.42348389788282603,0
3,242,202,202,0,0.12156120644441354,0
3,242,203,203,0,0.3363226411885293,0
3,242,204,204,0,0.4392507974801433,0
3,242,205,205,0,0.04956196726962244,0
3,242,206,206,0,0.033158850630151594,0
3,242,207,207,0,0.04956196726962244,0
3,242,208,208,0,0.04956196726962244,0
3,242,211,211,1,0.22372378967106546,0
3,242,238,238,0,0.3649899054252214,0
3,242,239,239,0,0.12070360421896115,0
3,242,276,276,1,0.41904412469244706,0
3,242,277,277,1,0.36634794497814777,0
3,242,329,329,1,0.45860011429410036,0
3,242,350,350,1,0.7360176310871968,1
3,242,366,366,0,0.046858797390137916,0
3,242,423,423,0,0.6003314004461553,1
3,242,424,424,0,0.6003314004461553,1
3,242,425,425,0,0.6003314004461553,1
3,242,426,426,1,0.15629355400804132,0
3,242,427,427,1,0.15629355400804132,0
3,242,428,428,1,0.15629355400804132,0
3,242,447,447,0,0.20172024475266456,0
3,242,448,448,0,0.23617419688503433,0
3,242,449,449,0,0.06899716230991212,0
3,242,450,450,0,0.06507603770361595,0
3,242,451,451,0,0.01718833038882389,0
3,242,452,452,0,0.03869898780092364,0
3,242,453,453,0,0.04079175871454214,0
3,242,460,460,1,0.42776493365998725,0
3,242,461,461,1,0.42776493365998725,0
3,242,487,487,1,0.26322532505414453,0
3,242,488,488,1,0.6623028740889471,1
3,242,520,520,1,0.6861783312573402,1
3,242,521,521,1,0.6861783312573402,1
3,242,582,582,0,0.11688220695902195,0
3,242,583,583,1,0.9339443270155563,1
3,242,620,620,0,0.3181574827552566,0
3,242,621,621,0,0.3181574827552566,0
3,242,629,629,0,0.10830372478213197,0
3,242,634,634,0,0.19209025633266566,0
3,242,660,660,1,0.3190190660902681,0
3,242,661,661,1,0.22418776835629872,0
3,242,662,662,1,0.47901159753562095,0
3,242,663,663,1,0.5872190601490188,1
3,242,664,664,1,0.6497930000503268,1
3,242,665,665,1,0.5758935732800199,1
3,242,666,666,1,0.5777706512048627,1
3,242,667,667,1,0.3633836346340973,0
3,242,668,668,1,0.30339448175195166,0
3,242,675,675,1,0.7363208141762992,1
3,242,676,676,0,0.7145748797375666,1
3,242,677,677,1,0.6366825244787492,1
3,242,678,678,0,0.689123987027728,1
3,242,679,679,1,0.7105967402531648,1
3,242,680,680,1,0.8776736412008844,1
3,242,681,681,1,0.14723173626526725,0
3,242,682,682,0,0.6384674039931477,1
3,242,683,683,1,0.1989641700580568,0
3,242,685,685,0,0.2279134848786206,0
3,242,720,720,0,0.37950881514285584,0
3,242,824,824,1,0.568447290261711,1
3,242,848,848,1,0.6067109108153524,1
3,242,849,849,0,0.7206177893732988,1
3,242,850,850,1,0.7399745372927422,1
3,242,851,851,0,0.19920651841853182,0
3,242,852,852,0,0.47579207180334926,0
3,242,877,877,1,0.8197614439265394,1
3,242,878,878,0,0.15505316998989668,0
3,242,879,879,0,0.1220471151169921,0
3,242,880,880,1,0.7369218902348614,1
3,242,881,881,0,0.10978511407884069,0
3,242,882,882,1,0.7584301905473974,1
3,242,883,883,1,0.9416656962712489,1
3,242,884,884,0,0.05695315572907489,0
3,242,885,885,0,0.0725283298155628,0
3,242,886,886,1,0.7377570124942566,1
3,242,887,887,0,0.2031197356617582,0
3,242,888,888,1,0.9094869024682618,1
3,242,889,889,0,0.022864868775989037,0
3,242,890,890,0,0.0936201020013758,0
3,242,891,891,0,0.20340345669310095,0
3,242,893,893,0,0.03910344779998559,0
3,242,895,895,0,0.1639961462615823,0
3,242,896,896,1,0.9478294808507802,1
3,242,897,897,0,0.03584912558602481,0
3,242,898,898,1,0.8635616591275922,1
3,242,899,899,0,0.014530906076707787,0
3,242,902,902,1,0.8607514767693928,1
3,242,903,903,1,0.9221732918582944,1
3,242,904,904,0,0.04869498095337234,0
3,242,910,910,1,0.5456105006790029,1
3,242,927,927,1,0.6974872392380904,1
3,242,928,928,1,0.8172050533829978,1
3,242,929,929,0,0.7857720058353063,1
3,242,930,930,0,0.5232339289361466,1
3,242,1013,1013,1,0.34226319622753465,0
3,242,1014,1014,1,0.14617065283725134,0
3,242,1015,1015,0,0.5527541175703161,1
3,242,1016,1016,1,0.613057214075676,1
3,242,1017,1017,0,0.5311214244373865,1
3,242,1018,1018,1,0.2433652237852561,0
3,242,1019,1019,1,0.36753732137297174,0
3,242,1020,1020,1,0.5931975410014751,1
3,242,1021,1021,1,0.17015838644307432,0
3,242,1022,1022,1,0.4621496217348201,0
3,242,1023,1023,0,0.3648790396361959,0
3,242,1024,1024,0,0.3481123907615678,0
3,242,1042,1042,1,0.5728744630936076,1
3,242,1044,1044,0,0.8704969325602971,1
3,242,1055,1055,0,0.03778610866886682,0
3,242,1056,1056,0,0.10016967569713325,0
3,242,1057,1057,0,0.07542813322601405,0
3,242,1058,1058,0,0.1598193222603005,0
3,242,1059,1059,0,0.1452206261930133,0
3,242,1060,1060,0,0.025862764291510278,0
3,242,1061,1061,0,0.04800965297570795,0
3,242,1062,1062,0,0.07093497433947141,0
3,242,1063,1063,0,0.27864544283816134,0
3,242,1064,1064,0,0.18796460811266913,0
3,242,1065,1065,0,0.2991792050163571,0
3,242,1066,1066,0,0.361743597689297,0
3,242,1067,1067,0,0.03686718151933561,0
3,242,1068,1068,0,0.0983227414786378,0
3,242,1157,1157,1,0.7554427842793345,1
3,242,1177,1177,1,0.46220821687824637,0
3,242,1178,1178,1,0.7297187719313856,1
3,242,1179,1179,1,0.7022627595620549,1
3,242,1180,1180,1,0.44301411771006116,0
3,242,1198,1198,1,0.9632106377413889,1
3,242,4141,4141,0,0.07652602275489676,0
3,242,4776,4776,0,0.02826811632786824,0
3,242,1825,1825,1,0.7536482113256497,1
3,242,1149,1149,1,0.3253755682326755,0
3,242,2188,2188,0,0.04452984699180563,0
3,242,1809,1809,0,0.043971493671088074,0
3,242,1930,1930,0,0.015802270609479318,0
3,242,1934,1934,0,0.0126711712251669,0
3,242,2070,2070,0,0.017733320490603968,0
3,242,2074,2074,0,0.01653982813502683,0
3,242,4240,4240,1,0.47925852998420193,0
3,242,4961,4961,1,0.7631220591177708,1
3,242,1878,1878,1,0.9929932636730788,1
3,242,868,868,1,0.975463192121273,1
3,242,870,870,1,0.9468560656236447,1
3,242,4192,4192,0,0.48343822303992595,0
3,242,950,950,1,0.300105313108456,0
3,242,951,951,1,0.6890539441757364,1
3,242,4667,4667,0,0.5410920074130836,1
3,242,5017,5017,0,0.025236183262205895,0
3,242,2296,2296,0,0.5420320482607124,1
3,242,2298,2298,0,0.5088693490114345,1
3,242,2299,2299,0,0.5088693490114345,1
3,242,2435,2435,0,0.47856034390194147,0
3,242,2544,2544,1,0.4340681688279169,0
3,242,2545,2545,0,0.3354879240806882,0
3,242,2675,2675,1,0.6232390426351517,1
3,242,2745,2745,0,0.43799772435907414,0
3,242,2746,2746,0,0.43799772435907414,0
3,242,2796,2796,0,0.3512329640158719,0
3,242,2854,2854,0,0.5849128381556203,1
3,242,2891,2891,1,0.27230761204290094,0
3,242,2990,2990,0,0.5708510234651432,1
3,242,2991,2991,0,0.5708510234651432,1
3,242,2992,2992,0,0.5150063232037941,1
3,242,2993,2993,0,0.588594539485478,1
3,242,2994,2994,0,0.588594539485478,1
3,242,2995,2995,0,0.7578165120300805,1
3,242,2996,2996,0,0.7578165120300805,1
3,242,2997,2997,0,0.4730871196687435,0
3,242,2998,2998,1,0.42955187766935427,0
3,242,3001,3001,0,0.6493218218093009,1
3,242,3003,3003,0,0.5472091163349967,1
3,242,3019,3019,0,0.6521497543988078,1
3,242,3022,3022,0,0.28085478616359244,0
3,242,3136,3136,0,0.7383478885187836,1
3,242,3137,3137,0,0.7233833060397915,1
3,242,3138,3138,1,0.5176417813935349,1
3,242,3203,3203,0,0.2555536609378005,0
3,242,3205,3205,0,0.4998101615402968,0
3,242,3217,3217,0,0.3442551923226083,0
3,242,3219,3219,0,0.7626995047278181,1
3,242,3225,3225,0,0.2188439988448735,0
3,242,3227,3227,0,0.4446751638061627,0
3,242,3275,3275,0,0.20387465130027493,0
3,242,3280,3280,0,0.5476344406961791,1
3,242,3281,3281,0,0.23912404124023318,0
3,242,3282,3282,0,0.23912404124023318,0
3,242,3284,3284,0,0.3392164362807778,0
3,242,3286,3286,0,0.6257321379260263,1
3,242,3287,3287,0,0.5610704443917182,1
3,242,3288,3288,0,0.5343782506327747,1
3,242,3362,3362,0,0.9377490333753143,1
3,242,3363,3363,0,0.9377490333753143,1
3,242,3385,3385,0,0.2913681279349443,0
3,242,3401,3401,0,0.6849131244432131,1
3,242,3402,3402,0,0.298792467901142,0
3,242,3440,3440,0,0.24249749654308214,0
3,242,3489,3489,0,0.1521494162078667,0
3,242,3490,3490,0,0.17962698316801226,0
3,242,3491,3491,0,0.194003320752965,0
3,242,3492,3492,0,0.2578695887687675,0
3,242,3493,3493,0,0.42179797328896,0
3,242,3494,3494,0,0.46375505324326294,0
3,242,3495,3495,0,0.5323764203528392,1
3,242,3496,3496,0,0.5105904218811994,1
3,242,3497,3497,0,0.6811667539459607,1
3,242,3498,3498,0,0.35861231848435643,0
3,242,3501,3501,0,0.30028192630728945,0
3,242,3502,3502,0,0.319172763786159,0
3,242,3503,3503,0,0.7200267054566033,1
3,242,3504,3504,0,0.2215208055878263,0
3,242,3507,3507,0,0.4549574738496081,0
3,242,3562,3562,0,0.2679792450516294,0
3,242,3575,3575,0,0.4703853874256979,0
3,242,3576,3576,0,0.27057172909874,0
3,242,3578,3578,1,0.3435796668464573,0
3,242,3644,3644,0,0.4477158630816343,0
3,242,3649,3649,0,0.644512855850911,1
3,242,3666,3666,0,0.8112172846827562,1
3,242,3686,3686,0,0.21054737740260862,0
3,242,3687,3687,0,0.21054737740260862,0
3,242,3708,3708,0,0.6182443940887526,1
3,242,3709,3709,0,0.7256219095130254,1
3,242,3712,3712,0,0.22072285469408626,0
3,242,3713,3713,0,0.3357073665133475,0
3,242,3714,3714,0,0.20468279188833752,0
3,242,3760,3760,0,0.09913355429052509,0
3,242,3761,3761,0,0.09913355429052509,0
3,242,3764,3764,0,0.4537463585747589,0
3,242,3765,3765,0,0.5388614747034247,1
3,242,3766,3766,0,0.5539152727825974,1
3,242,3768,3768,0,0.5000670595990943,1
3,242,3770,3770,0,0.11056679141129647,0
3,242,3771,3771,0,0.5540826277002237,1
3,242,3851,3851,0,0.13335523602542784,0
3,242,3852,3852,0,0.14589629032553647,0
3,242,3853,3853,0,0.32783561014058915,0
3,242,3854,3854,0,0.32783561014058915,0
3,242,3855,3855,0,0.278675393792741,0
3,242,3870,3870,0,0.43444820182771404,0
3,242,3884,3884,0,0.19432904522727482,0
3,242,3885,3885,0,0.19432904522727482,0
3,242,3941,3941,0,0.624013984559671,1
3,242,3942,3942,0,0.49177103359604046,0
3,242,3944,3944,0,0.385124085974363,0
3,242,3946,3946,0,0.2666552796686147,0
3,242,3952,3952,0,0.5070816022618088,1
3,242,4054,4054,0,0.1395513085102884,0
3,242,4055,4055,0,0.1395513085102884,0
3,242,4086,4086,0,0.6524388373931354,1
3,242,4091,4091,0,0.29459542294644087,0
3,242,4092,4092,0,0.35752850094839445,0
3,242,4136,4136,0,0.6011175788991089,1
3,242,4162,4162,0,0.13387702661209624,0
3,242,4198,4198,0,0.25729181970761666,0
3,242,4201,4201,1,0.581633555621416,1
3,242,4204,4204,0,0.15090033169939274,0
3,242,4252,4252,0,0.5997007515012855,1
3,242,4356,4356,0,0.38340510603341943,0
3,242,4461,4461,0,0.20293699965226444,0
3,242,4463,4463,0,0.3118095640103305,0
3,242,4581,4581,0,0.5921013907075853,1
3,242,4632,4632,0,0.4742264802840905,0
3,242,4633,4633,0,0.4742264802840905,0
3,242,4634,4634,0,0.4742264802840905,0
3,242,4847,4847,0,0.11356470086417884,0
3,242,5005,5005,1,0.26041360776736444,0
3,242,5006,5006,1,0.26041360776736444,0
3,242,5030,5030,0,0.13388429608464034,0
3,242,5034,5034,1,0.16227411211469953,0
3,242,5067,5067,1,0.08444239783326533,0
3,242,1985,1985,1,0.20910343328204828,0
3,242,1986,1986,1,0.2716246367228387,0
3,242,1755,1755,1,0.5034712987798977,1
3,242,1868,1868,1,0.14216488203925637,0
3,242,1916,1916,1,0.4803865856719659,0
3,242,4383,4383,1,0.5908608584322258,1
3,242,1693,1693,0,0.5439197565012602,1
3,242,1746,1746,0,0.7082662315421259,1
3,242,1747,1747,0,0.7444503264566885,1
3,242,1787,1787,0,0.3516052542894078,0
3,242,1789,1789,1,0.2709274637850178,0
3,242,1790,1790,1,0.25627851626940595,0
3,242,1796,1796,0,0.1979670406854622,0
3,242,1836,1836,0,0.32288622075154877,0
3,242,1906,1906,0,0.1276817326337831,0
3,242,1915,1915,1,0.050526563878286225,0
3,242,2052,2052,0,0.21988310086658666,0
3,242,2053,2053,0,0.26313509338932556,0
3,242,949,949,0,0.2529600666494132,0
3,242,5102,5102,0,0.2958623152386161,0
3,242,5130,5130,0,0.34517670945588025,0
3,242,5199,5199,1,0.14426499384322058,0
3,242,3877,3877,1,0.6857351626602775,1
3,242,4220,4220,1,0.7994602049944188,1
3,242,4605,4605,1,0.6549768229882061,1
3,242,4606,4606,1,0.6030125724082104,1
3,242,4607,4607,1,0.49003927858573504,0
3,242,766,766,1,0.6389068881734715,1
3,242,3779,3779,1,0.386489249297102,0
3,242,4846,4846,1,0.6971434077289189,1
3,242,4928,4928,1,0.40843962964131875,0
3,242,4945,4945,0,0.18239533692059642,0
3,242,4931,4931,1,0.7188153039088503,1
3,242,4940,4940,0,0.2051987302999377,0
3,242,4974,4974,0,0.3069939350653414,0
3,242,4989,4989,0,0.06692940395182412,0
3,242,5031,5031,0,0.04398585871822647,0
3,242,5061,5061,0,0.13039934897819577,0
3,242,5062,5062,0,0.076887220820732,0
3,242,5085,5085,1,0.5314506647346013,1
3,242,1546,1546,1,0.27026207676226244,0
3,242,4255,4255,0,0.37260107823901445,0
3,242,4013,4013,1,0.39744171150758917,0
3,242,4180,4180,1,0.0610339140057663,0
3,242,4185,4185,0,0.08826331070449789,0
3,242,4190,4190,1,0.26652501334300677,0
3,242,4191,4191,1,0.11488490504730506,0
3,242,4595,4595,1,0.22377140109709098,0
3,242,4625,4625,1,0.21084618519890655,0
3,242,4717,4717,1,0.0947017540375531,0
3,242,4718,4718,0,0.10924838552011504,0
3,242,4719,4719,0,0.25601632140638486,0
3,242,4721,4721,1,0.5794597475697258,1
3,242,4727,4727,0,0.4504279076124204,0
3,242,4840,4840,0,0.23173109345095907,0
3,242,4862,4862,0,0.38992859791305645,0
3,242,4917,4917,0,0.2226261904743138,0
3,242,5001,5001,1,0.22483622467019201,0
3,242,4560,4560,0,0.7270886758179886,1
3,242,4756,4756,0,0.5167019555377574,1
3,242,1667,1667,1,0.9913120977078556,1
3,242,1687,1687,1,0.9968774053184023,1
3,242,1697,1697,1,0.9983271895305235,1
3,242,1713,1713,1,0.9944564570193425,1
3,242,1730,1730,1,0.9973145721880208,1
3,242,1760,1760,1,0.9913090616147577,1
3,242,1768,1768,1,0.9959348339002934,1
3,242,1784,1784,1,0.9825055505128515,1
3,242,1791,1791,1,0.9916335545848234,1
3,242,1812,1812,1,0.988531473958323,1
3,242,1823,1823,1,0.999050335446347,1
3,242,1826,1826,1,0.9932929231682183,1
3,242,1842,1842,1,0.9939374945387158,1
3,242,1846,1846,1,0.9604972481252685,1
3,242,1858,1858,1,0.9958007585843565,1
3,242,1873,1873,1,0.9860731269984239,1
3,242,1890,1890,1,0.9934810484826634,1
3,242,1898,1898,1,0.9870771706056302,1
3,242,1903,1903,1,0.9863159156262117,1
3,242,1911,1911,1,0.9298765202094293,1
3,242,1921,1921,1,0.9745920368900479,1
3,242,1923,1923,1,0.9582617014593303,1
3,242,1925,1925,1,0.9959880410561902,1
3,242,1941,1941,1,0.9963970087480318,1
3,242,1943,1943,1,0.9902073258100501,1
3,242,1945,1945,1,0.9941242594040375,1
3,242,1966,1966,1,0.9905008831604211,1
3,242,1970,1970,1,0.9612776440530834,1
3,242,1977,1977,1,0.9937472217619142,1
3,242,1983,1983,1,0.9904754721167767,1
3,242,1989,1989,1,0.9762784725464877,1
3,242,1998,1998,1,0.9912956343269818,1
3,242,2005,2005,1,0.9872806229918281,1
3,242,2013,2013,1,0.9967115244088143,1
3,242,2018,2018,1,0.9874181343633051,1
3,242,2027,2027,1,0.9873118961811692,1
3,242,2037,2037,1,0.9948326050335395,1
3,242,2039,2039,1,0.9901345327745599,1
3,242,2041,2041,1,0.9926108328306815,1
3,242,2060,2060,1,0.8824093995487,1
3,242,2063,2063,1,0.9718897774634616,1
3,242,2065,2065,1,0.9803309452049593,1
3,242,2094,2094,1,0.989135639084364,1
3,242,2109,2109,1,0.9816074915417469,1
3,242,2111,2111,1,0.974241414632694,1
3,242,2119,2119,1,0.9554418163997187,1
3,242,2167,2167,1,0.9899592548695044,1
3,242,4390,4390,1,0.9212825384588906,1
3,242,5131,5131,1,0.9414173044430153,1
3,242,5132,5132,0,0.027241849733360225,0
3,242,5133,5133,0,0.06037463953526129,0
3,242,5147,5147,1,0.9907095513153872,1
3,242,5151,5151,1,0.8123812930551542,1
3,242,5152,5152,0,0.2080485002136985,0
3,242,0,0,0,0.0058580977798137765,0
3,242,1,1,0,0.0058580977798137765,0
3,242,41,41,0,0.018649436764074757,0
3,242,42,42,0,0.018649436764074757,0
3,242,96,96,0,0.25103095825541577,0
3,242,97,97,0,0.25103095825541577,0
3,242,141,141,0,0.0035890993352260814,0
3,242,142,142,0,0.0035890993352260814,0
3,242,145,145,0,0.003921863737271974,0
3,242,146,146,0,0.003921863737271974,0
3,242,2881,2881,1,0.9272229424115948,1
3,242,3999,3999,1,0.8438055939751896,1
3,242,4596,4596,1,0.42965336805503884,0
3,242,4522,4522,0,0.2734938922341947,0
3,242,2145,2145,0,0.020598869330510392,0
3,242,2146,2146,0,0.020598869330510392,0
3,242,3324,3324,1,0.9384256599403132,1
3,242,3612,3612,1,0.8898270818498919,1
3,242,739,739,0,0.6911095583369667,1
3,242,976,976,0,0.8652268545206161,1
3,242,977,977,0,0.6031745082215512,1
3,242,978,978,1,0.2626942280417461,0
3,242,979,979,1,0.892624941358689,1
3,242,980,980,1,0.9537740961133451,1
3,242,981,981,1,0.7182769818591845,1
3,242,3613,3613,0,0.009303580053042758,0
3,242,5103,5103,1,0.18978200625876981,0
3,242,4384,4384,0,0.006942400388905895,0
3,242,2011,2011,1,0.9324203626128597,1
3,242,3706,3706,1,0.04983206193571212,0
3,242,1840,1840,0,0.01326357843076088,0
3,242,4156,4156,0,0.09673266851504239,0
3,242,4371,4371,0,0.17229351444826263,0
3,242,2107,2107,0,0.5710830001846954,1
3,242,4887,4887,1,0.8684266967328985,1
3,242,2333,2333,0,0.5571408485898924,1
3,242,2465,2465,0,0.4948527726066868,0
3,242,2466,2466,0,0.40048203154866424,0
3,242,2467,2467,0,0.47966729388427626,0
3,242,2514,2514,0,0.3145654567677426,0
3,242,2515,2515,0,0.5507351366022846,1
3,242,2516,2516,0,0.7034922208303402,1
3,242,2677,2677,0,0.33258914281132884,0
3,242,2749,2749,0,0.36661506064298693,0
3,242,2750,2750,0,0.5588656185658911,1
3,242,2751,2751,0,0.5768478818233022,1
3,242,2825,2825,0,0.30251503987747785,0
3,242,3023,3023,0,0.3311016748118099,0
3,242,3165,3165,0,0.3443912260978213,0
3,242,3379,3379,0,0.24133022047719888,0
3,242,3387,3387,0,0.5121399944935738,1
3,242,3438,3438,0,0.7006627576156907,1
3,242,3619,3619,0,0.20776443081233179,0
3,242,4107,4107,0,0.416726208672326,0
3,242,4108,4108,0,0.416726208672326,0
3,242,4509,4509,1,0.44692715529950644,0
3,242,459,459,0,0.22499443103573652,0
3,242,532,532,0,0.3376890348823451,0
3,242,533,533,0,0.3376890348823451,0
3,242,736,736,0,0.682441697722524,1
3,242,759,759,0,0.00561021071316189,0
3,242,1739,1739,0,0.04050394743882117,0
3,242,2385,2385,0,0.2925693649041232,0
3,242,2386,2386,0,0.2925693649041232,0
3,242,2387,2387,0,0.2925693649041232,0
3,242,2388,2388,0,0.27030208524302557,0
3,242,2389,2389,0,0.2925693649041232,0
3,242,2390,2390,0,0.2925693649041232,0
3,242,2391,2391,0,0.2925693649041232,0
3,242,2392,2392,0,0.27030208524302557,0
3,242,2393,2393,0,0.2925693649041232,0
3,242,2394,2394,0,0.2925693649041232,0
3,242,2395,2395,0,0.2925693649041232,0
3,242,2396,2396,0,0.2925693649041232,0
3,242,2397,2397,0,0.2925693649041232,0
3,242,2398,2398,0,0.2925693649041232,0
3,242,2399,2399,0,0.2925693649041232,0
3,242,2556,2556,0,0.2561246675020124,0
3,242,2564,2564,0,0.21771032697991463,0
3,242,2565,2565,0,0.1863228925668951,0
3,242,2566,2566,0,0.1863228925668951,0
3,242,2663,2663,0,0.2137743557813626,0
3,242,2664,2664,0,0.1647921192613084,0
3,242,2665,2665,0,0.2137743557813626,0
3,242,2666,2666,0,0.1647921192613084,0
3,242,2667,2667,0,0.1320186637505407,0
3,242,2718,2718,0,0.4214417510803762,0
3,242,2831,2831,0,0.11088374736627908,0
3,242,2836,2836,0,0.08356075415599552,0
3,242,2887,2887,0,0.1820903878762385,0
3,242,2888,2888,0,0.16124084288048462,0
3,242,2889,2889,0,0.181973378869305,0
3,242,2890,2890,0,0.3164505487575867,0
3,242,2901,2901,0,0.3190140561700953,0
3,242,2949,2949,0,0.32553803949049437,0
3,242,2950,2950,0,0.38824963677842417,0
3,242,2951,2951,0,0.32553803949049437,0
3,242,2952,2952,0,0.36937545428399915,0
3,242,2953,2953,0,0.32553803949049437,0
3,242,2954,2954,0,0.38824963677842417,0
3,242,2955,2955,0,0.32553803949049437,0
3,242,2956,2956,0,0.32553803949049437,0
3,242,2957,2957,0,0.32553803949049437,0
3,242,2958,2958,0,0.32553803949049437,0
3,242,2959,2959,0,0.32553803949049437,0
3,242,2960,2960,0,0.38824963677842417,0
3,242,2961,2961,0,0.32553803949049437,0
3,242,2962,2962,0,0.32553803949049437,0
3,242,2963,2963,0,0.38824963677842417,0
3,242,2964,2964,0,0.32553803949049437,0
3,242,2965,2965,0,0.32553803949049437,0
3,242,2966,2966,0,0.32553803949049437,0
3,242,2967,2967,0,0.32553803949049437,0
3,242,2970,2970,0,0.11946074668622275,0
3,242,2971,2971,0,0.11946074668622275,0
3,242,2972,2972,0,0.11946074668622275,0
3,242,2973,2973,0,0.11946074668622275,0
3,242,2974,2974,0,0.11946074668622275,0
3,242,2975,2975,0,0.11946074668622275,0
3,242,2976,2976,0,0.11946074668622275,0
3,242,2979,2979,0,0.13261251622643327,0
3,242,2983,2983,0,0.3140236327344225,0
3,242,2985,2985,0,0.5597832104938548,1
3,242,3034,3034,0,0.2899501418304272,0
3,242,3035,3035,1,0.08447596187516693,0
3,242,3036,3036,0,0.2829019877644372,0
3,242,3094,3094,0,0.6018198368543425,1
3,242,3179,3179,0,0.15182694812782616,0
3,242,3180,3180,0,0.09341549009181731,0
3,242,3181,3181,0,0.3036181399774918,0
3,242,3182,3182,0,0.24743360153008698,0
3,242,3183,3183,0,0.315721780406129,0
3,242,3184,3184,0,0.315721780406129,0
3,242,3185,3185,0,0.315721780406129,0
3,242,3186,3186,0,0.315721780406129,0
3,242,3187,3187,0,0.315721780406129,0
3,242,3188,3188,0,0.315721780406129,0
3,242,3189,3189,0,0.315721780406129,0
3,242,3190,3190,0,0.315721780406129,0
3,242,3191,3191,0,0.315721780406129,0
3,242,3192,3192,0,0.315721780406129,0
3,242,3193,3193,0,0.315721780406129,0
3,242,3194,3194,0,0.3703530679956626,0
3,242,3195,3195,0,0.36867728736196087,0
3,242,3196,3196,0,0.36867728736196087,0
3,242,3197,3197,0,0.36867728736196087,0
3,242,3198,3198,0,0.12860443799588467,0
3,242,3199,3199,0,0.12860443799588467,0
3,242,3204,3204,0,0.1960672889883062,0
3,242,3234,3234,0,0.20374545108997258,0
3,242,3235,3235,0,0.1741370223558765,0
3,242,3236,3236,0,0.20374545108997258,0
3,242,3237,3237,0,0.1741370223558765,0
3,242,3238,3238,0,0.1741370223558765,0
3,242,3239,3239,0,0.14468816198873824,0
3,242,3240,3240,0,0.14468816198873824,0
3,242,3241,3241,0,0.11870140531878826,0
3,242,3242,3242,0,0.11870140531878826,0
3,242,3243,3243,0,0.11870140531878826,0
3,242,3244,3244,0,0.14468816198873824,0
3,242,3245,3245,0,0.14468816198873824,0
3,242,3246,3246,0,0.11870140531878826,0
3,242,3247,3247,0,0.11870140531878826,0
3,242,3248,3248,0,0.11870140531878826,0
3,242,3249,3249,0,0.14468816198873824,0
3,242,3256,3256,0,0.08347568887747568,0
3,242,3257,3257,0,0.07819013189913593,0
3,242,3258,3258,0,0.07819013189913593,0
3,242,3259,3259,0,0.07819013189913593,0
3,242,3260,3260,0,0.07819013189913593,0
3,242,3261,3261,0,0.07819013189913593,0
3,242,3262,3262,0,0.07819013189913593,0
3,242,3263,3263,0,0.07819013189913593,0
3,242,3265,3265,1,0.24312151864616974,0
3,242,3266,3266,0,0.26228011941452756,0
3,242,3268,3268,0,0.33589061182472246,0
3,242,3293,3293,0,0.0955320583730845,0
3,242,3310,3310,0,0.33087539373790037,0
3,242,3394,3394,1,0.29366522207955054,0
3,242,3417,3417,0,0.5162126947741985,1
3,242,3418,3418,0,0.5022747333987049,1
3,242,3421,3421,0,0.3361935550482418,0
3,242,3423,3423,1,0.08216006408376145,0
3,242,3424,3424,0,0.4877373122198485,0
3,242,3425,3425,0,0.13228488519714182,0
3,242,3426,3426,0,0.12062247858857635,0
3,242,3428,3428,0,0.11048852022988027,0
3,242,3433,3433,0,0.08369586484121051,0
3,242,3450,3450,0,0.26972217386887903,0
3,242,3452,3452,0,0.06586514778821087,0
3,242,3453,3453,0,0.0764531390271381,0
3,242,3454,3454,0,0.0764531390271381,0
3,242,3455,3455,0,0.14661784288720545,0
3,242,3456,3456,0,0.14661784288720545,0
3,242,3457,3457,0,0.19581701455829778,0
3,242,3458,3458,0,0.14661784288720545,0
3,242,3459,3459,0,0.14661784288720545,0
3,242,3460,3460,0,0.14661784288720545,0
3,242,3461,3461,0,0.19581701455829778,0
3,242,3462,3462,0,0.14661784288720545,0
3,242,3463,3463,0,0.14661784288720545,0
3,242,3464,3464,0,0.19581701455829778,0
3,242,3465,3465,0,0.19581701455829778,0
3,242,3466,3466,0,0.14661784288720545,0
3,242,3467,3467,0,0.14661784288720545,0
3,242,3468,3468,0,0.19248747960237841,0
3,242,3471,3471,0,0.07928976059658567,0
3,242,3472,3472,0,0.23836257341230085,0
3,242,3474,3474,0,0.07660126270132654,0
3,242,3475,3475,0,0.2529436622859395,0
3,242,3477,3477,0,0.15631502237737016,0
3,242,3547,3547,1,0.18636423517318856,0
3,242,3548,3548,0,0.09058656785137875,0
3,242,3549,3549,0,0.16120966728272504,0
3,242,3550,3550,0,0.16120966728272504,0
3,242,3551,3551,0,0.16120966728272504,0
3,242,3552,3552,0,0.16120966728272504,0
3,242,3553,3553,0,0.16120966728272504,0
3,242,3554,3554,1,0.12860752291108377,0
3,242,3555,3555,1,0.12860752291108377,0
3,242,3556,3556,1,0.166545759182061,0
3,242,3557,3557,1,0.166545759182061,0
3,242,3558,3558,0,0.11992430250250319,0
3,242,3559,3559,0,0.08043332880938357,0
3,242,3574,3574,0,0.045817776069075805,0
3,242,3623,3623,0,0.10187552754341939,0
3,242,3647,3647,1,0.1945581097211459,0
3,242,3656,3656,0,0.2969950346894535,0
3,242,3657,3657,1,0.186706793301547,0
3,242,3659,3659,0,0.03620976530131973,0
3,242,3660,3660,1,0.232835698041881,0
3,242,3661,3661,0,0.15459637278636562,0
3,242,3662,3662,1,0.1519109343371867,0
3,242,3665,3665,1,0.23056673389201798,0
3,242,3681,3681,0,0.3282817534729342,0
3,242,3682,3682,0,0.06375190920363806,0
3,242,3683,3683,0,0.05475622147565963,0
3,242,3684,3684,0,0.05475622147565963,0
3,242,3685,3685,0,0.1803846257648023,0
3,242,3688,3688,0,0.09778240907111574,0
3,242,3689,3689,0,0.09191819606128962,0
3,242,3690,3690,0,0.08507181720974563,0
3,242,3691,3691,1,0.06394221768172913,0
3,242,3693,3693,0,0.07433333232970472,0
3,242,3694,3694,0,0.09157964702499426,0
3,242,3697,3697,0,0.09564376646169732,0
3,242,3699,3699,0,0.3584444301086089,0
3,242,3701,3701,0,0.12501423147974677,0
3,242,3702,3702,0,0.07504861301006999,0
3,242,3703,3703,0,0.06586993394341001,0
3,242,3733,3733,0,0.041769402156004776,0
3,242,3734,3734,0,0.041769402156004776,0
3,242,3735,3735,0,0.050814295122690506,0
3,242,3736,3736,1,0.07675447766953014,0
3,242,3745,3745,0,0.10461250378487649,0
3,242,3746,3746,0,0.05524487092345369,0
3,242,3747,3747,1,0.3421843871920403,0
3,242,3748,3748,0,0.07074865962904349,0
3,242,3749,3749,0,0.19149620455699382,0
3,242,3753,3753,1,0.07942342923360739,0
3,242,3789,3789,0,0.04343950670391684,0
3,242,3790,3790,0,0.04343950670391684,0
3,242,3793,3793,0,0.08680694852004285,0
3,242,3795,3795,1,0.0670939274340043,0
3,242,3796,3796,0,0.18510273576347117,0
3,242,3846,3846,1,0.16953390566398197,0
3,242,3862,3862,1,0.1264034112978637,0
3,242,3863,3863,0,0.21517419529853782,0
3,242,3864,3864,0,0.06709649954101236,0
3,242,3867,3867,0,0.13244495662361438,0
3,242,3881,3881,1,0.14369023067470235,0
3,242,3882,3882,0,0.33960013574311715,0
3,242,3883,3883,0,0.05680036841409592,0
3,242,3886,3886,1,0.30506995321389097,0
3,242,3887,3887,1,0.30506995321389097,0
3,242,3888,3888,1,0.17245114644506354,0
3,242,3891,3891,0,0.1673242525089838,0
3,242,3892,3892,1,0.1940553252489007,0
3,242,3893,3893,0,0.20828654327808732,0
3,242,3903,3903,1,0.0890638255609833,0
3,242,3921,3921,0,0.17293390216649265,0
3,242,3922,3922,0,0.06190905540292852,0
3,242,3923,3923,0,0.06529804526935475,0
3,242,3924,3924,0,0.06529804526935475,0
3,242,3925,3925,0,0.18958253867401847,0
3,242,3926,3926,0,0.07122944743603206,0
3,242,3927,3927,0,0.1465900185788728,0
3,242,3928,3928,0,0.21228936402926568,0
3,242,3929,3929,0,0.0809556191081174,0
3,242,3930,3930,0,0.0879587547975644,0
3,242,3931,3931,0,0.043897947973930145,0
3,242,3934,3934,0,0.06315094366834256,0
3,242,3935,3935,0,0.03733706783706758,0
3,242,3936,3936,0,0.11710098665938137,0
3,242,3968,3968,0,0.13849474721915073,0
3,242,3969,3969,1,0.0660668510664342,0
3,242,3970,3970,0,0.04242314516736195,0
3,242,4000,4000,0,0.3376327784926807,0
3,242,4012,4012,1,0.08471129367681558,0
3,242,4014,4014,0,0.2047735377662053,0
3,242,4015,4015,0,0.07581489997659056,0
3,242,4016,4016,0,0.11011853823406988,0
3,242,4017,4017,0,0.3437911964635529,0
3,242,4019,4019,0,0.08478118050579608,0
3,242,4021,4021,0,0.1798106758231459,0
3,242,4023,4023,0,0.08347273665643598,0
3,242,4048,4048,0,0.02690598639182998,0
3,242,4051,4051,0,0.10905424191827431,0
3,242,4052,4052,1,0.19385651288092692,0
3,242,4053,4053,1,0.0661454153771451,0
3,242,4068,4068,0,0.1176954435023084,0
3,242,4070,4070,0,0.1200672331646079,0
3,242,4073,4073,0,0.09883719488908685,0
3,242,4075,4075,0,0.202325080396692,0
3,242,4078,4078,0,0.110448474649103,0
3,242,4079,4079,0,0.14452532610162622,0
3,242,4080,4080,1,0.37419541175854915,0
3,242,4083,4083,0,0.1056407344804292,0
3,242,4084,4084,0,0.09099469985839752,0
3,242,4085,4085,1,0.12213837105991114,0
3,242,4101,4101,0,0.08996072502328067,0
3,242,4103,4103,0,0.08005263209506172,0
3,242,4104,4104,0,0.053684237469611526,0
3,242,4126,4126,0,0.11288655185574742,0
3,242,4143,4143,0,0.12019765752063401,0
3,242,4145,4145,0,0.17597717812122882,0
3,242,4146,4146,0,0.15323883786714562,0
3,242,4148,4148,0,0.08962568656469436,0
3,242,4149,4149,0,0.06480523227181773,0
3,242,4150,4150,0,0.08962568656469436,0
3,242,4151,4151,0,0.21665204877782818,0
3,242,4152,4152,0,0.0982181445759262,0
3,242,4155,4155,0,0.19747992468761355,0
3,242,4166,4166,0,0.12879370576366242,0
3,242,4167,4167,0,0.1001842955711661,0
3,242,4168,4168,0,0.12879370576366242,0
3,242,4169,4169,0,0.12879370576366242,0
3,242,4170,4170,0,0.1001842955711661,0
3,242,4171,4171,0,0.1001842955711661,0
3,242,4172,4172,0,0.0543905733377396,0
3,242,4174,4174,0,0.1230564303732666,0
3,242,4175,4175,0,0.19646167344725807,0
3,242,4176,4176,0,0.19646167344725807,0
3,242,4177,4177,0,0.19646167344725807,0
3,242,4178,4178,0,0.19646167344725807,0
3,242,4181,4181,0,0.11428545842265622,0
3,242,4186,4186,0,0.0827640209949905,0
3,242,4187,4187,0,0.08276513481647166,0
3,242,4188,4188,0,0.09013849341987755,0
3,242,4189,4189,0,0.1318847209696704,0
3,242,4195,4195,0,0.17711046339548212,0
3,242,4202,4202,0,0.07016742775396237,0
3,242,4210,4210,0,0.039497925795452915,0
3,242,4212,4212,1,0.06485306538462926,0
3,242,4215,4215,1,0.10834719799487295,0
3,242,4228,4228,0,0.09279080311233562,0
3,242,4229,4229,0,0.1031049375493479,0
3,242,4232,4232,0,0.19010539324283576,0
3,242,4244,4244,0,0.14839008691167038,0
3,242,4246,4246,0,0.033537368332580114,0
3,242,4248,4248,0,0.06919853976786168,0
3,242,4265,4265,0,0.4355491256210284,0
3,242,4278,4278,0,0.1396371887660287,0
3,242,4279,4279,0,0.1396371887660287,0
3,242,4286,4286,0,0.16915618630692936,0
3,242,4287,4287,0,0.06774360318840811,0
3,242,4291,4291,1,0.5381085469984033,1
3,242,4301,4301,0,0.0902462746673588,0
3,242,4302,4302,0,0.0833018229029641,0
3,242,4306,4306,0,0.11954912031132704,0
3,242,4307,4307,0,0.03991231883013435,0
3,242,4308,4308,0,0.13475357084214748,0
3,242,4309,4309,0,0.09474712222495627,0
3,242,4311,4311,0,0.07732381099660464,0
3,242,4312,4312,0,0.07101662122366069,0
3,242,4313,4313,0,0.07101662122366069,0
3,242,4314,4314,0,0.07655165987926081,0
3,242,4315,4315,0,0.08264995129591748,0
3,242,4318,4318,0,0.13403829194039144,0
3,242,4322,4322,0,0.16995561812361878,0
3,242,4323,4323,0,0.14253052953077397,0
3,242,4325,4325,0,0.12388877305886555,0
3,242,4334,4334,0,0.14735791435788795,0
3,242,4335,4335,0,0.14251712668112596,0
3,242,4338,4338,0,0.06557761910848912,0
3,242,4339,4339,0,0.050669688048523044,0
3,242,4340,4340,0,0.031667329214891446,0
3,242,4341,4341,0,0.07854976603556091,0
3,242,4342,4342,0,0.07854976603556091,0
3,242,4343,4343,0,0.07854976603556091,0
3,242,4344,4344,1,0.1455780335619158,0
3,242,4346,4346,0,0.16097903734445135,0
3,242,4348,4348,0,0.023673527628402555,0
3,242,4350,4350,0,0.13881737419836804,0
3,242,4365,4365,0,0.14721796896014355,0
3,242,4366,4366,0,0.08137536693216588,0
3,242,4368,4368,0,0.11494342151165511,0
3,242,4369,4369,0,0.11188148668998618,0
3,242,4373,4373,1,0.020255578238603644,0
3,242,4374,4374,0,0.0399211476698521,0
3,242,4375,4375,1,0.15257286370635445,0
3,242,4378,4378,0,0.07325931599402237,0
3,242,4397,4397,0,0.04904966393232383,0
3,242,4408,4408,0,0.012851461344663848,0
3,242,4417,4417,0,0.06341865008296535,0
3,242,4446,4446,0,0.05591548690078589,0
3,242,4447,4447,0,0.05591548690078589,0
3,242,4449,4449,0,0.440811274880405,0
3,242,4450,4450,0,0.08026156949332895,0
3,242,4453,4453,0,0.0653336909799459,0
3,242,4474,4474,0,0.07627975718244823,0
3,242,4475,4475,0,0.046248984234160455,0
3,242,4477,4477,0,0.5585871756257578,1
3,242,4478,4478,1,0.05828607696336193,0
3,242,4492,4492,0,0.08584966481886593,0
3,242,4493,4493,1,0.05392571450154018,0
3,242,4494,4494,0,0.20188246414712005,0
3,242,4495,4495,0,0.13816123551449958,0
3,242,4505,4505,1,0.24454672663455518,0
3,242,4510,4510,0,0.07397896468022695,0
3,242,4530,4530,0,0.07924599540948868,0
3,242,4535,4535,0,0.01632307842088937,0
3,242,4536,4536,0,0.20725016639446184,0
3,242,4538,4538,0,0.09959809323513655,0
3,242,4551,4551,0,0.11093993589391332,0
3,242,4554,4554,0,0.09169280675732777,0
3,242,4564,4564,0,0.1434220289596321,0
3,242,4565,4565,0,0.1647506121443856,0
3,242,4566,4566,0,0.15898238981511253,0
3,242,4576,4576,0,0.01565921164064763,0
3,242,4590,4590,0,0.06817447746520608,0
3,242,4612,4612,0,0.0533044197259115,0
3,242,4613,4613,0,0.05875819296187069,0
3,242,4614,4614,0,0.05875819296187069,0
3,242,4615,4615,0,0.038163172544394476,0
3,242,4616,4616,0,0.12466634812055902,0
3,242,4617,4617,0,0.11044286085270631,0
3,242,4618,4618,0,0.09537716294133664,0
3,242,4620,4620,1,0.1546869702999676,0
3,242,4621,4621,1,0.1546869702999676,0
3,242,4623,4623,0,0.15703953344693525,0
3,242,4642,4642,0,0.05138204421803824,0
3,242,4651,4651,0,0.07670401695060446,0
3,242,4652,4652,0,0.07241955755869586,0
3,242,4657,4657,0,0.1226454553685403,0
3,242,4679,4679,0,0.05304314482388316,0
3,242,4686,4686,0,0.1871749649303036,0
3,242,4687,4687,0,0.16163511864375182,0
3,242,4688,4688,0,0.08347093779095377,0
3,242,4689,4689,0,0.16964790961740647,0
3,242,4690,4690,0,0.16964790961740647,0
3,242,4691,4691,0,0.15416819918077557,0
3,242,4693,4693,0,0.029846695671418007,0
3,242,4694,4694,0,0.05235074176393697,0
3,242,4695,4695,0,0.12754355921799757,0
3,242,4696,4696,0,0.2155094750941535,0
3,242,4697,4697,1,0.19789378566115304,0
3,242,4698,4698,0,0.2155094750941535,0
3,242,4699,4699,0,0.2173594503440267,0
3,242,4700,4700,0,0.18449742232232705,0
3,242,4701,4701,0,0.06941675504409499,0
3,242,4702,4702,0,0.06941675504409499,0
3,242,4703,4703,0,0.07209450929852541,0
3,242,4704,4704,0,0.13420372130371835,0
3,242,4705,4705,0,0.17462249382318112,0
3,242,4706,4706,0,0.060205691172562296,0
3,242,4707,4707,0,0.29767907161348334,0
3,242,4708,4708,0,0.2652634928730343,0
3,242,4709,4709,0,0.06579405187620528,0
3,242,4710,4710,0,0.07327091435399007,0
3,242,4711,4711,0,0.19361992834140876,0
3,242,4712,4712,0,0.04512977459513035,0
3,242,4713,4713,0,0.03740600644601364,0
3,242,4714,4714,0,0.04512977459513035,0
3,242,4715,4715,0,0.09378239631819373,0
3,242,4716,4716,0,0.1676182481594718,0
3,242,4722,4722,0,0.17398495152929797,0
3,242,4723,4723,0,0.05735787929051957,0
3,242,4724,4724,0,0.3266599968702134,0
3,242,4739,4739,0,0.1644917942619635,0
3,242,4764,4764,0,0.07336960207788286,0
3,242,4765,4765,0,0.20125106528986153,0
3,242,4766,4766,0,0.04951320370470951,0
3,242,4779,4779,0,0.0737137128465742,0
3,242,4780,4780,0,0.20343652797959874,0
3,242,4781,4781,0,0.07162502022241596,0
3,242,4782,4782,0,0.07162502022241596,0
3,242,4783,4783,0,0.28069595344860354,0
3,242,4784,4784,0,0.16156553130045426,0
3,242,4787,4787,0,0.14546489417232364,0
3,242,4788,4788,0,0.038819205548056276,0
3,242,4790,4790,0,0.2970914906132953,0
3,242,4792,4792,0,0.12053084773345318,0
3,242,4794,4794,0,0.17328289551070936,0
3,242,4795,4795,0,0.09869709286122566,0
3,242,4796,4796,0,0.03204675038678908,0
3,242,4800,4800,0,0.07156553690085486,0
3,242,4801,4801,0,0.05937057976275747,0
3,242,4803,4803,0,0.27229860447918375,0
3,242,4804,4804,0,0.16942248261237539,0
3,242,4805,4805,0,0.12842509951420444,0
3,242,4806,4806,0,0.16117935330004562,0
3,242,4807,4807,0,0.16459221179419226,0
3,242,4808,4808,0,0.20349890789747738,0
3,242,4809,4809,0,0.0720427154933681,0
3,242,4810,4810,0,0.0615155424521509,0
3,242,4811,4811,0,0.0615155424521509,0
3,242,4812,4812,0,0.2891351730039668,0
3,242,4813,4813,0,0.2675538522038765,0
3,242,4814,4814,0,0.2675538522038765,0
3,242,4815,4815,0,0.2891351730039668,0
3,242,4816,4816,0,0.2891351730039668,0
3,242,4817,4817,0,0.2711316145659669,0
3,242,4818,4818,1,0.24328715064322629,0
3,242,4820,4820,0,0.04316811865367674,0
3,242,4821,4821,0,0.051394814516708666,0
3,242,4822,4822,0,0.04316811865367674,0
3,242,4823,4823,0,0.051394814516708666,0
3,242,4824,4824,0,0.051394814516708666,0
3,242,4825,4825,0,0.051394814516708666,0
3,242,4826,4826,0,0.34751670590046174,0
3,242,4827,4827,0,0.34751670590046174,0
3,242,4828,4828,0,0.221804224733589,0
3,242,4829,4829,0,0.11975139293769134,0
3,242,4830,4830,0,0.6122636536304588,1
3,242,4831,4831,0,0.6122636536304588,1
3,242,4832,4832,0,0.6122636536304588,1
3,242,4833,4833,0,0.4807657083858378,0
3,242,4835,4835,0,0.3123821306605268,0
3,242,4836,4836,0,0.33112088888141,0
3,242,4837,4837,0,0.16436402347103254,0
3,242,4838,4838,0,0.27229860447918375,0
3,242,4839,4839,0,0.12842509951420444,0
3,242,4841,4841,0,0.16024044020165185,0
3,242,4859,4859,0,0.18127975102711744,0
3,242,4860,4860,0,0.18127975102711744,0
3,242,4861,4861,0,0.11760764289782105,0
3,242,4863,4863,0,0.12158527348791048,0
3,242,4866,4866,1,0.16330170919041426,0
3,242,4888,4888,0,0.06667799253015183,0
3,242,4889,4889,0,0.05484091262896125,0
3,242,4890,4890,0,0.13604466307874422,0
3,242,4891,4891,0,0.03191097198781408,0
3,242,4892,4892,0,0.11857584128961966,0
3,242,4894,4894,0,0.40201360642202316,0
3,242,4896,4896,1,0.16481772522268762,0
3,242,4897,4897,1,0.16481772522268762,0
3,242,4898,4898,1,0.16481772522268762,0
3,242,4901,4901,0,0.0556004142801264,0
3,242,4902,4902,0,0.2036256666093742,0
3,242,4903,4903,0,0.045736628768918854,0
3,242,4904,4904,0,0.0572573947490492,0
3,242,4905,4905,0,0.045736628768918854,0
3,242,4906,4906,0,0.0572573947490492,0
3,242,4907,4907,0,0.0572573947490492,0
3,242,4908,4908,1,0.16481772522268762,0
3,242,4909,4909,0,0.19828424218103727,0
3,242,4910,4910,0,0.29203999811583103,0
3,242,4911,4911,0,0.08730691009505286,0
3,242,4912,4912,0,0.610523200184867,1
3,242,4913,4913,0,0.610523200184867,1
3,242,4914,4914,0,0.0462744663608611,0
3,242,4916,4916,0,0.13908655099266073,0
3,242,4922,4922,0,0.16053141820495276,0
3,242,4926,4926,0,0.22943411485842136,0
3,242,4936,4936,0,0.24024260136890868,0
3,242,4937,4937,0,0.24024260136890868,0
3,242,4938,4938,0,0.6723656797923023,1
3,242,4939,4939,0,0.15416564280057557,0
3,242,4941,4941,0,0.28017709936827,0
3,242,4942,4942,0,0.3529834493957225,0
3,242,4943,4943,0,0.06468313547130365,0
3,242,4963,4963,0,0.1706856894780178,0
3,242,4964,4964,0,0.1706856894780178,0
3,242,4965,4965,0,0.3298140244268319,0
3,242,4966,4966,0,0.19686051530393223,0
3,242,4969,4969,0,0.2294171771116246,0
3,242,4972,4972,0,0.10065210148957232,0
3,242,4973,4973,0,0.19871562824670944,0
3,242,4976,4976,0,0.16522922715076382,0
3,242,4983,4983,1,0.07490234564972362,0
3,242,4984,4984,0,0.3694363474311054,0
3,242,4985,4985,0,0.23834633408877576,0
3,242,4986,4986,0,0.3694363474311054,0
3,242,4987,4987,0,0.10176592330810952,0
3,242,4988,4988,0,0.3397363785276333,0
3,242,4990,4990,0,0.34878465235633604,0
3,242,4991,4991,0,0.15862891432768803,0
3,242,4992,4992,0,0.11897113380686225,0
3,242,4994,4994,1,0.23743338063883324,0
3,242,5002,5002,0,0.2552682943811861,0
3,242,5013,5013,0,0.12160929645818694,0
3,242,5018,5018,0,0.11606973065333481,0
3,242,5020,5020,0,0.14813253076954447,0
3,242,5021,5021,0,0.14813253076954447,0
3,242,5022,5022,0,0.312614100364575,0
3,242,5024,5024,0,0.13905687896678603,0
3,242,5036,5036,0,0.18470183133319015,0
3,242,5037,5037,0,0.15122821631589597,0
3,242,5038,5038,0,0.06060024492187164,0
3,242,5039,5039,0,0.08956793529090755,0
3,242,5040,5040,0,0.1678765222046053,0
3,242,5043,5043,0,0.21817931348645053,0
3,242,5063,5063,0,0.12189735322146587,0
3,242,5077,5077,0,0.058312619243162,0
3,242,5078,5078,0,0.058312619243162,0
3,242,5079,5079,0,0.058312619243162,0
3,242,5080,5080,1,0.17289534626672384,0
3,242,5081,5081,1,0.1909961694542441,0
3,242,5082,5082,0,0.1909961694542441,0
3,242,5083,5083,0,0.2788854295227359,0
3,242,5084,5084,1,0.5671449843039679,1
3,242,5086,5086,0,0.28040071002867745,0
3,242,5088,5088,0,0.10510607186290236,0
3,242,5089,5089,0,0.14103168603567284,0
4,342,3566,3566,0,0.3115973808812556,0
4,342,1985,1985,1,0.16757686625355572,0
4,342,1986,1986,1,0.34207515536535144,0
4,342,721,721,1,0.32289797912496293,0
4,342,1535,1535,0,0.7167395493003663,1
4,342,1536,1536,0,0.7167395493003663,1
4,342,1772,1772,0,0.17955139881767399,0
4,342,1822,1822,0,0.06101613482275498,0
4,342,2312,2312,1,0.07620995390530427,0
4,342,2313,2313,1,0.07620995390530427,0
4,342,2314,2314,1,0.055918131942375805,0
4,342,2315,2315,1,0.07620995390530427,0
4,342,2316,2316,1,0.07620995390530427,0
4,342,2317,2317,1,0.055918131942375805,0
4,342,2499,2499,1,0.10822096511066895,0
4,342,2500,2500,1,0.10822096511066895,0
4,342,2686,2686,0,0.0985410807886882,0
4,342,2687,2687,0,0.0985410807886882,0
4,342,2688,2688,0,0.07830548114898818,0
4,342,2690,2690,1,0.1571147706625827,0
4,342,2866,2866,0,0.21605448111701614,0
4,342,2942,2942,0,0.2400382026480477,0
4,342,2943,2943,0,0.19237768507131794,0
4,342,2944,2944,0,0.19318078873157862,0
4,342,3166,3166,0,0.1698128984900994,0
4,342,3168,3168,0,0.28602697530699134,0
4,342,3296,3296,0,0.21041307549029922,0
4,342,3369,3369,1,0.2567961000776783,0
4,342,3590,3590,0,0.1666936290405729,0
4,342,3591,3591,0,0.13431663317168976,0
4,342,3956,3956,0,0.11264729364263443,0
4,342,3957,3957,0,0.36381514479024946,0
4,342,1081,1081,0,0.8026776861435324,1
4,342,3788,3788,1,0.8644472991178239,1
4,342,457,457,1,0.9722042222001386,1
4,342,508,508,0,0.14020776879034816,0
4,342,613,613,0,0.07184312186089212,0
4,342,614,614,0,0.07184312186089212,0
4,342,996,996,0,0.8055138939940502,1
4,342,997,997,0,0.06832873626155345,0
4,342,998,998,0,0.24487518198627184,0
4,342,1897,1897,1,0.9891477875527706,1
4,342,2036,2036,1,0.9966795648957114,1
4,342,4556,4556,0,0.9745286361371926,1
4,342,5052,5052,0,0.9900043444637823,1
4,342,5053,5053,0,0.9900043444637823,1
4,342,5054,5054,0,0.9900043444637823,1
4,342,5055,5055,0,0.9900043444637823,1
4,342,5056,5056,0,0.9900043444637823,1
4,342,5057,5057,0,0.9900043444637823,1
4,342,4158,4158,0,0.3306327678702207,0
4,342,4330,4330,0,0.14699947962219193,0
4,342,4555,4555,0,0.12677301905016403,0
4,342,4751,4751,0,0.06348452998656305,0
4,342,5051,5051,0,0.15809503279689768,0
4,342,4876,4876,0,0.7403924619013915,1
4,342,2385,2385,0,0.2861597163414146,0
4,342,2386,2386,0,0.2861597163414146,0
4,342,2387,2387,0,0.2861597163414146,0
4,342,2388,2388,0,0.23813734155965605,0
4,342,2389,2389,0,0.2861597163414146,0
4,342,2390,2390,0,0.2861597163414146,0
4,342,2391,2391,0,0.2861597163414146,0
4,342,2392,2392,0,0.23813734155965605,0
4,342,2393,2393,0,0.2861597163414146,0
4,342,2394,2394,0,0.2861597163414146,0
4,342,2395,2395,0,0.2861597163414146,0
4,342,2396,2396,0,0.2861597163414146,0
4,342,2397,2397,0,0.2861597163414146,0
4,342,2398,2398,0,0.2861597163414146,0
4,342,2399,2399,0,0.2861597163414146,0
4,342,2556,2556,0,0.14480389222315118,0
4,342,2564,2564,0,0.33580616309800776,0
4,342,2565,2565,0,0.21225813485951803,0
4,342,2566,2566,0,0.21225813485951803,0
4,342,2663,2663,0,0.16692178738694108,0
4,342,2664,2664,0,0.0786279329581176,0
4,342,2665,2665,0,0.16692178738694108,0
4,342,2666,2666,0,0.0786279329581176,0
4,342,2667,2667,0,0.18345819507153155,0
4,342,2718,2718,0,0.23121612528088986,0
4,342,2831,2831,0,0.17774116341854207,0
4,342,2836,2836,0,0.09977621307881042,0
4,342,2887,2887,0,0.09625496532516081,0
4,342,2888,2888,0,0.08604819719488072,0
4,342,2889,2889,0,0.10023327642227466,0
4,342,2890,2890,0,0.16351070610259863,0
4,342,2901,2901,0,0.34066622439332694,0
4,342,2949,2949,0,0.20424976987692567,0
4,342,2950,2950,0,0.2670536354172404,0
4,342,2951,2951,0,0.20424976987692567,0
4,342,2952,2952,0,0.2472199070521593,0
4,342,2953,2953,0,0.20424976987692567,0
4,342,2954,2954,0,0.2670536354172404,0
4,342,2955,2955,0,0.20424976987692567,0
4,342,2956,2956,0,0.20424976987692567,0
4,342,2957,2957,0,0.20424976987692567,0
4,342,2958,2958,0,0.20424976987692567,0
4,342,2959,2959,0,0.20424976987692567,0
4,342,2960,2960,0,0.2670536354172404,0
4,342,2961,2961,0,0.20424976987692567,0
4,342,2962,2962,0,0.20424976987692567,0
4,342,2963,2963,0,0.2670536354172404,0
4,342,2964,2964,0,0.20424976987692567,0
4,342,2965,2965,0,0.20424976987692567,0
4,342,2966,2966,0,0.20424976987692567,0
4,342,2967,2967,0,0.20424976987692567,0
4,342,2970,2970,0,0.07063168646782798,0
4,342,2971,2971,0,0.07063168646782798,0
4,342,2972,2972,0,0.07063168646782798,0
4,342,2973,2973,0,0.07063168646782798,0
4,342,2974,2974,0,0.07063168646782798,0
4,342,2975,2975,0,0.07063168646782798,0
4,342,2976,2976,0,0.07063168646782798,0
4,342,2979,2979,0,0.05771964982519538,0
4,342,2983,2983,0,0.18517862061672108,0
4,342,2985,2985,0,0.36879060987445994,0
4,342,3034,3034,0,0.2401190058018224,0
4,342,3035,3035,1,0.11169786094044835,0
4,342,3036,3036,0,0.13797013485567505,0
4,342,3094,3094,0,0.4191117789943106,0
4,342,3179,3179,0,0.11241270377624149,0
4,342,3180,3180,0,0.05236209699364472,0
4,342,3181,3181,0,0.11810792050484681,0
4,342,3182,3182,0,0.09622987751122516,0
4,342,3183,3183,0,0.14160260067659114,0
4,342,3184,3184,0,0.14160260067659114,0
4,342,3185,3185,0,0.14160260067659114,0
4,342,3186,3186,0,0.14160260067659114,0
4,342,3187,3187,0,0.14160260067659114,0
4,342,3188,3188,0,0.14160260067659114,0
4,342,3189,3189,0,0.14160260067659114,0
4,342,3190,3190,0,0.14160260067659114,0
4,342,3191,3191,0,0.14160260067659114,0
4,342,3192,3192,0,0.14160260067659114,0
4,342,3193,3193,0,0.14160260067659114,0
4,342,3194,3194,0,0.14606627034349923,0
4,342,3195,3195,0,0.1214628140999295,0
4,342,3196,3196,0,0.1214628140999295,0
4,342,3197,3197,0,0.1214628140999295,0
4,342,3198,3198,0,0.07320035955740903,0
4,342,3199,3199,0,0.07320035955740903,0
4,342,3204,3204,0,0.1479634650377385,0
4,342,3234,3234,0,0.24291064352711267,0
4,342,3235,3235,0,0.20761731510806078,0
4,342,3236,3236,0,0.24291064352711267,0
4,342,3237,3237,0,0.20761731510806078,0
4,342,3238,3238,0,0.20761731510806078,0
4,342,3239,3239,0,0.13031848094359805,0
4,342,3240,3240,0,0.13031848094359805,0
4,342,3241,3241,0,0.10196556608527346,0
4,342,3242,3242,0,0.10196556608527346,0
4,342,3243,3243,0,0.10196556608527346,0
4,342,3244,3244,0,0.13031848094359805,0
4,342,3245,3245,0,0.13031848094359805,0
4,342,3246,3246,0,0.10196556608527346,0
4,342,3247,3247,0,0.10196556608527346,0
4,342,3248,3248,0,0.10196556608527346,0
4,342,3249,3249,0,0.13031848094359805,0
4,342,3256,3256,0,0.14300539249257443,0
4,342,3257,3257,0,0.04023703735424591,0
4,342,3258,3258,0,0.04023703735424591,0
4,342,3259,3259,0,0.04023703735424591,0
4,342,3260,3260,0,0.04023703735424591,0
4,342,3261,3261,0,0.04023703735424591,0
4,342,3262,3262,0,0.04023703735424591,0
4,342,3263,3263,0,0.04023703735424591,0
4,342,3265,3265,1,0.08690687769509513,0
4,342,3266,3266,0,0.1343135268419072,0
4,342,3268,3268,0,0.32629916920176577,0
4,342,3293,3293,0,0.1049471282312809,0
4,342,3310,3310,0,0.2103164524523653,0
4,342,3394,3394,1,0.19071340552604188,0
4,342,3417,3417,0,0.5377321617224043,1
4,342,3418,3418,0,0.6299488449677594,1
4,342,3421,3421,0,0.1482198200043193,0
4,342,3423,3423,1,0.0473977273305663,0
4,342,3424,3424,0,0.16308216618349242,0
4,342,3425,3425,0,0.05302508947316195,0
4,342,3426,3426,0,0.05109630099063115,0
4,342,3428,3428,0,0.14639524379653848,0
4,342,3433,3433,0,0.0892085003156067,0
4,342,3450,3450,0,0.15625010889379248,0
4,342,3452,3452,0,0.12097555785815813,0
4,342,3453,3453,0,0.1378139101455444,0
4,342,3454,3454,0,0.1378139101455444,0
4,342,3455,3455,0,0.03858779545582647,0
4,342,3456,3456,0,0.03858779545582647,0
4,342,3457,3457,0,0.06937530841221233,0
4,342,3458,3458,0,0.03858779545582647,0
4,342,3459,3459,0,0.03858779545582647,0
4,342,3460,3460,0,0.03858779545582647,0
4,342,3461,3461,0,0.06937530841221233,0
4,342,3462,3462,0,0.03858779545582647,0
4,342,3463,3463,0,0.03858779545582647,0
4,342,3464,3464,0,0.06937530841221233,0
4,342,3465,3465,0,0.06937530841221233,0
4,342,3466,3466,0,0.03858779545582647,0
4,342,3467,3467,0,0.03858779545582647,0
4,342,3468,3468,0,0.0671818633572897,0
4,342,3471,3471,0,0.07358218208994098,0
4,342,3472,3472,0,0.2665370408256212,0
4,342,3474,3474,0,0.03110275927481311,0
4,342,3475,3475,0,0.25340697180757404,0
4,342,3477,3477,0,0.0858105632504185,0
4,342,3547,3547,1,0.20517647865793506,0
4,342,3548,3548,0,0.07631895538415584,0
4,342,3549,3549,0,0.17110404726793646,0
4,342,3550,3550,0,0.17110404726793646,0
4,342,3551,3551,0,0.17110404726793646,0
4,342,3552,3552,0,0.17110404726793646,0
4,342,3553,3553,0,0.17110404726793646,0
4,342,3554,3554,1,0.05951508099114744,0
4,342,3555,3555,1,0.05951508099114744,0
4,342,3556,3556,1,0.060005267507386606,0
4,342,3557,3557,1,0.060005267507386606,0
4,342,3558,3558,0,0.08117097070720876,0
4,342,3559,3559,0,0.03876026782319356,0
4,342,3574,3574,0,0.03898246540157944,0
4,342,3623,3623,0,0.10772785648489039,0
4,342,3647,3647,1,0.23373258577302847,0
4,342,3656,3656,0,0.1066009153953141,0
4,342,3657,3657,1,0.11901342912756732,0
4,342,3659,3659,0,0.04679376307044161,0
4,342,3660,3660,1,0.27068401353521604,0
4,342,3661,3661,0,0.15892852452331185,0
4,342,3662,3662,1,0.08129592764900655,0
4,342,3665,3665,1,0.17245118592671396,0
4,342,3681,3681,0,0.3104173125888265,0
4,342,3682,3682,0,0.009265938198731003,0
4,342,3683,3683,0,0.019609277725275386,0
4,342,3684,3684,0,0.019609277725275386,0
4,342,3685,3685,0,0.07605258861878454,0
4,342,3688,3688,0,0.036786018689585656,0
4,342,3689,3689,0,0.0623573250877343,0
4,342,3690,3690,0,0.06097331981352833,0
4,342,3691,3691,1,0.03892317583109948,0
4,342,3693,3693,0,0.039258840866011877,0
4,342,3694,3694,0,0.07854566554857116,0
4,342,3697,3697,0,0.04988529289570594,0
4,342,3699,3699,0,0.16485137176513281,0
4,342,3701,3701,0,0.0626029973269006,0
4,342,3702,3702,0,0.04541122152690619,0
4,342,3703,3703,0,0.045959470106353116,0
4,342,3733,3733,0,0.09333734599595617,0
4,342,3734,3734,0,0.09333734599595617,0
4,342,3735,3735,0,0.1126973313797961,0
4,342,3736,3736,1,0.08352822648025887,0
4,342,3745,3745,0,0.07538176823362559,0
4,342,3746,3746,0,0.04447079128855131,0
4,342,3747,3747,1,0.12112426726355166,0
4,342,3748,3748,0,0.03451400281065951,0
4,342,3749,3749,0,0.21313905481270615,0
4,342,3753,3753,1,0.038772048565821865,0
4,342,3789,3789,0,0.1264410383734947,0
4,342,3790,3790,0,0.1264410383734947,0
4,342,3793,3793,0,0.14165969732231518,0
4,342,3795,3795,1,0.08488247466707215,0
4,342,3796,3796,0,0.14013226083421484,0
4,342,3846,3846,1,0.11133684149247472,0
4,342,3862,3862,1,0.09870551318438268,0
4,342,3863,3863,0,0.09227406917501997,0
4,342,3864,3864,0,0.11438594918371606,0
4,342,3867,3867,0,0.11206100003357,0
4,342,3881,3881,1,0.038118583176049874,0
4,342,3882,3882,0,0.21610451307180298,0
4,342,3883,3883,0,0.03084964303995414,0
4,342,3886,3886,1,0.1902979140823632,0
4,342,3887,3887,1,0.1902979140823632,0
4,342,3888,3888,1,0.17988491407919086,0
4,342,3891,3891,0,0.07887210969445,0
4,342,3892,3892,1,0.09139819231047998,0
4,342,3893,3893,0,0.1024029220693088,0
4,342,3903,3903,1,0.11506027108065009,0
4,342,3921,3921,0,0.060241879083036784,0
4,342,3922,3922,0,0.04305832956565058,0
4,342,3923,3923,0,0.04240933548856846,0
4,342,3924,3924,0,0.04240933548856846,0
4,342,3925,3925,0,0.06953069177651393,0
4,342,3926,3926,0,0.04248701743822712,0
4,342,3927,3927,0,0.15063129745289305,0
4,342,3928,3928,0,0.10632834642412849,0
4,342,3929,3929,0,0.04246405190497133,0
4,342,3930,3930,0,0.02474704359307772,0
4,342,3931,3931,0,0.02016390799472462,0
4,342,3934,3934,0,0.03672589607104083,0
4,342,3935,3935,0,0.017616311131337912,0
4,342,3936,3936,0,0.0451706036870081,0
4,342,3968,3968,0,0.16283090984086435,0
4,342,3969,3969,1,0.08619130643476,0
4,342,3970,3970,0,0.04922741217489947,0
4,342,4000,4000,0,0.13285229868177822,0
4,342,4012,4012,1,0.10001196363618167,0
4,342,4014,4014,0,0.08701050292839951,0
4,342,4015,4015,0,0.16709979353107252,0
4,342,4016,4016,0,0.2374328159004105,0
4,342,4017,4017,0,0.26280486288642546,0
4,342,4019,4019,0,0.05266474195438363,0
4,342,4021,4021,0,0.20319128525019053,0
4,342,4023,4023,0,0.12253252526178407,0
4,342,4048,4048,0,0.03052355473769176,0
4,342,4051,4051,0,0.1749880801035282,0
4,342,4052,4052,1,0.2041552615477819,0
4,342,4053,4053,1,0.1555194062129274,0
4,342,4068,4068,0,0.08077623836515194,0
4,342,4070,4070,0,0.08635383569469939,0
4,342,4073,4073,0,0.10211814862267922,0
4,342,4075,4075,0,0.018449749355179446,0
4,342,4078,4078,0,0.028964533747080932,0
4,342,4079,4079,0,0.05165152333052309,0
4,342,4080,4080,1,0.09470188550316029,0
4,342,4083,4083,0,0.055710914532804176,0
4,342,4084,4084,0,0.12172076660815838,0
4,342,4085,4085,1,0.09882954033258512,0
4,342,4101,4101,0,0.08342455123077346,0
4,342,4103,4103,0,0.19341865562902877,0
4,342,4104,4104,0,0.11245909793421235,0
4,342,4126,4126,0,0.2086213457971774,0
4,342,4143,4143,0,0.22171442686769383,0
4,342,4145,4145,0,0.10906272896155529,0
4,342,4146,4146,0,0.09451520437459697,0
4,342,4148,4148,0,0.0555841230919134,0
4,342,4149,4149,0,0.04337109133509613,0
4,342,4150,4150,0,0.0555841230919134,0
4,342,4151,4151,0,0.11222324270251358,0
4,342,4152,4152,0,0.1154189368345269,0
4,342,4155,4155,0,0.07764801824398468,0
4,342,4166,4166,0,0.15184640133907543,0
4,342,4167,4167,0,0.12981246853954542,0
4,342,4168,4168,0,0.15184640133907543,0
4,342,4169,4169,0,0.15184640133907543,0
4,342,4170,4170,0,0.12981246853954542,0
4,342,4171,4171,0,0.12981246853954542,0
4,342,4172,4172,0,0.18460441424563523,0
4,342,4174,4174,0,0.19801658217080953,0
4,342,4175,4175,0,0.10420756385799126,0
4,342,4176,4176,0,0.10420756385799126,0
4,342,4177,4177,0,0.10420756385799126,0
4,342,4178,4178,0,0.10420756385799126,0
4,342,4181,4181,0,0.057335148697636576,0
4,342,4186,4186,0,0.07540045106220791,0
4,342,4187,4187,0,0.08256698929092747,0
4,342,4188,4188,0,0.07137347668832378,0
4,342,4189,4189,0,0.11772684933293169,0
4,342,4195,4195,0,0.1073837476605949,0
4,342,4202,4202,0,0.06871751005554921,0
4,342,4210,4210,0,0.02207417308629762,0
4,342,4212,4212,1,0.06506292585900915,0
4,342,4215,4215,1,0.016415632075925588,0
4,342,4228,4228,0,0.06504717435925901,0
4,342,4229,4229,0,0.07075315197824428,0
4,342,4232,4232,0,0.08171385062757455,0
4,342,4244,4244,0,0.0946323448798145,0
4,342,4246,4246,0,0.024437922333144377,0
4,342,4248,4248,0,0.12693084735800686,0
4,342,4265,4265,0,0.15984440576309855,0
4,342,4278,4278,0,0.1173314777655427,0
4,342,4279,4279,0,0.1173314777655427,0
4,342,4286,4286,0,0.339982919584686,0
4,342,4287,4287,0,0.04847641373702052,0
4,342,4291,4291,1,0.6448108126770062,1
4,342,4301,4301,0,0.16392859638372712,0
4,342,4302,4302,0,0.1130599908799471,0
4,342,4306,4306,0,0.13459676103508122,0
4,342,4307,4307,0,0.07775374288889611,0
4,342,4308,4308,0,0.13488251092468867,0
4,342,4309,4309,0,0.03342384345752108,0
4,342,4311,4311,0,0.03847269986564091,0
4,342,4312,4312,0,0.027572212296059554,0
4,342,4313,4313,0,0.027572212296059554,0
4,342,4314,4314,0,0.0547509164853361,0
4,342,4315,4315,0,0.2774022038409582,0
4,342,4318,4318,0,0.1733363135217831,0
4,342,4322,4322,0,0.04702279542914886,0
4,342,4323,4323,0,0.21412951643314232,0
4,342,4325,4325,0,0.32001110070687117,0
4,342,4334,4334,0,0.0577799051600464,0
4,342,4335,4335,0,0.05281675991930673,0
4,342,4338,4338,0,0.10130670186466875,0
4,342,4339,4339,0,0.08356443216419471,0
4,342,4340,4340,0,0.06505568466326495,0
4,342,4341,4341,0,0.06922394754184695,0
4,342,4342,4342,0,0.06922394754184695,0
4,342,4343,4343,0,0.06922394754184695,0
4,342,4344,4344,1,0.1459356425168366,0
4,342,4346,4346,0,0.06137904686834463,0
4,342,4348,4348,0,0.1491281664642123,0
4,342,4350,4350,0,0.0815277647835762,0
4,342,4365,4365,0,0.08984175544211,0
4,342,4366,4366,0,0.09839898626627355,0
4,342,4368,4368,0,0.09668873582795881,0
4,342,4369,4369,0,0.054841102197300755,0
4,342,4373,4373,1,0.013624469399314712,0
4,342,4374,4374,0,0.07430583841477463,0
4,342,4375,4375,1,0.10623590559947753,0
4,342,4378,4378,0,0.08847386174672871,0
4,342,4397,4397,0,0.027420982929151943,0
4,342,4408,4408,0,0.03636206519304515,0
4,342,4417,4417,0,0.13119409242015848,0
4,342,4446,4446,0,0.03470398340381798,0
4,342,4447,4447,0,0.03470398340381798,0
4,342,4449,4449,0,0.4776711529127535,0
4,342,4450,4450,0,0.08685528678781229,0
4,342,4453,4453,0,0.058917321392318596,0
4,342,4474,4474,0,0.07875572020547607,0
4,342,4475,4475,0,0.03607939737574178,0
4,342,4477,4477,0,0.4623488144582751,0
4,342,4478,4478,1,0.11301136993573055,0
4,342,4492,4492,0,0.034605730767622446,0
4,342,4493,4493,1,0.07105093325849457,0
4,342,4494,4494,0,0.19966774163666054,0
4,342,4495,4495,0,0.09934212001224428,0
4,342,4505,4505,1,0.11445299423555629,0
4,342,4510,4510,0,0.057993020635761734,0
4,342,4530,4530,0,0.026339238822605138,0
4,342,4535,4535,0,0.032542106672980055,0
4,342,4536,4536,0,0.11400933926980772,0
4,342,4538,4538,0,0.11220472612058018,0
4,342,4551,4551,0,0.0312957886435495,0
4,342,4554,4554,0,0.17547148567817294,0
4,342,4564,4564,0,0.12357416930768406,0
4,342,4565,4565,0,0.057255459823363684,0
4,342,4566,4566,0,0.2539636239359415,0
4,342,4576,4576,0,0.010553715214538597,0
4,342,4590,4590,0,0.0855600111398065,0
4,342,4612,4612,0,0.042315733016495424,0
4,342,4613,4613,0,0.05545761599338632,0
4,342,4614,4614,0,0.05545761599338632,0
4,342,4615,4615,0,0.09143043384687821,0
4,342,4616,4616,0,0.13151658441943126,0
4,342,4617,4617,0,0.1648970226169867,0
4,342,4618,4618,0,0.147478912614652,0
4,342,4620,4620,1,0.1626166379856507,0
4,342,4621,4621,1,0.1626166379856507,0
4,342,4623,4623,0,0.3021353679493722,0
4,342,4642,4642,0,0.023025022831845893,0
4,342,4651,4651,0,0.0727142559369677,0
4,342,4652,4652,0,0.044930695803742364,0
4,342,4657,4657,0,0.07478619472896673,0
4,342,4679,4679,0,0.029759449018847934,0
4,342,4686,4686,0,0.26021965234155,0
4,342,4687,4687,0,0.20314372932716185,0
4,342,4688,4688,0,0.08182238765979089,0
4,342,4689,4689,0,0.09408688244661662,0
4,342,4690,4690,0,0.09408688244661662,0
4,342,4691,4691,0,0.16453619054204716,0
4,342,4693,4693,0,0.03309302005394719,0
4,342,4694,4694,0,0.22463992948561434,0
4,342,4695,4695,0,0.36134247531267233,0
4,342,4696,4696,0,0.3590010668524818,0
4,342,4697,4697,1,0.3270531736372095,0
4,342,4698,4698,0,0.3590010668524818,0
4,342,4699,4699,0,0.33404730936594834,0
4,342,4700,4700,0,0.10107026662212282,0
4,342,4701,4701,0,0.1363769687940872,0
4,342,4702,4702,0,0.1363769687940872,0
4,342,4703,4703,0,0.16255873567918347,0
4,342,4704,4704,0,0.20187235154357858,0
4,342,4705,4705,0,0.3984343638897462,0
4,342,4706,4706,0,0.1515036791663058,0
4,342,4707,4707,0,0.26385631037742896,0
4,342,4708,4708,0,0.20117508893446084,0
4,342,4709,4709,0,0.06321109000025973,0
4,342,4710,4710,0,0.05672177303166974,0
4,342,4711,4711,0,0.16506701230526727,0
4,342,4712,4712,0,0.05409608121026387,0
4,342,4713,4713,0,0.04278703522604772,0
4,342,4714,4714,0,0.05409608121026387,0
4,342,4715,4715,0,0.1583282393095407,0
4,342,4716,4716,0,0.17061536051444465,0
4,342,4722,4722,0,0.3282045417981576,0
4,342,4723,4723,0,0.03747275246353575,0
4,342,4724,4724,0,0.5588576226798925,1
4,342,4739,4739,0,0.1283452864075835,0
4,342,4764,4764,0,0.16723611353225223,0
4,342,4765,4765,0,0.07670452227359029,0
4,342,4766,4766,0,0.15047330275073542,0
4,342,4779,4779,0,0.0706044512308737,0
4,342,4780,4780,0,0.16097509176512134,0
4,342,4781,4781,0,0.40995129476017883,0
4,342,4782,4782,0,0.40995129476017883,0
4,342,4783,4783,0,0.12281432126841747,0
4,342,4784,4784,0,0.21120466323029252,0
4,342,4787,4787,0,0.13048316967896054,0
4,342,4788,4788,0,0.14336184867065113,0
4,342,4790,4790,0,0.2411982211415255,0
4,342,4792,4792,0,0.007527175065691477,0
4,342,4794,4794,0,0.2672791150185053,0
4,342,4795,4795,0,0.21850296272804584,0
4,342,4796,4796,0,0.1372682927496515,0
4,342,4800,4800,0,0.07366714145817983,0
4,342,4801,4801,0,0.09347136159142747,0
4,342,4803,4803,0,0.3089609838535259,0
4,342,4804,4804,0,0.25501206668463633,0
4,342,4805,4805,0,0.0950078664896434,0
4,342,4806,4806,0,0.1383464523372189,0
4,342,4807,4807,0,0.09696966104995018,0
4,342,4808,4808,0,0.17800824063783366,0
4,342,4809,4809,0,0.041411062876465975,0
4,342,4810,4810,0,0.03291955125172591,0
4,342,4811,4811,0,0.03291955125172591,0
4,342,4812,4812,0,0.20611112477902666,0
4,342,4813,4813,0,0.16157115801170088,0
4,342,4814,4814,0,0.16157115801170088,0
4,342,4815,4815,0,0.20611112477902666,0
4,342,4816,4816,0,0.20611112477902666,0
4,342,4817,4817,0,0.6766492792051635,1
4,342,4818,4818,1,0.6891543237718655,1
4,342,4820,4820,0,0.017493698599408806,0
4,342,4821,4821,0,0.02368066346394999,0
4,342,4822,4822,0,0.017493698599408806,0
4,342,4823,4823,0,0.02368066346394999,0
4,342,4824,4824,0,0.02368066346394999,0
4,342,4825,4825,0,0.02368066346394999,0
4,342,4826,4826,0,0.204452178500491,0
4,342,4827,4827,0,0.204452178500491,0
4,342,4828,4828,0,0.3423893763882995,0
4,342,4829,4829,0,0.24358945888816894,0
4,342,4830,4830,0,0.4610113647613034,0
4,342,4831,4831,0,0.4610113647613034,0
4,342,4832,4832,0,0.4610113647613034,0
4,342,4833,4833,0,0.14675168048729023,0
4,342,4835,4835,0,0.5132418899839202,1
4,342,4836,4836,0,0.316616648321352,0
4,342,4837,4837,0,0.1950893898196352,0
4,342,4838,4838,0,0.3089609838535259,0
4,342,4839,4839,0,0.0950078664896434,0
4,342,4841,4841,0,0.19280482776337005,0
4,342,4859,4859,0,0.09286484387156695,0
4,342,4860,4860,0,0.09286484387156695,0
4,342,4861,4861,0,0.12024064543349644,0
4,342,4863,4863,0,0.1592041027881416,0
4,342,4866,4866,1,0.0717950879466104,0
4,342,4888,4888,0,0.09567374435901703,0
4,342,4889,4889,0,0.08129043165478259,0
4,342,4890,4890,0,0.17500008881610826,0
4,342,4891,4891,0,0.03973171876323809,0
4,342,4892,4892,0,0.23154266323113815,0
4,342,4894,4894,0,0.2656934740323696,0
4,342,4896,4896,1,0.14240343828653743,0
4,342,4897,4897,1,0.14240343828653743,0
4,342,4898,4898,1,0.14240343828653743,0
4,342,4901,4901,0,0.20248707450604433,0
4,342,4902,4902,0,0.16639710547992803,0
4,342,4903,4903,0,0.0051383022310439,0
4,342,4904,4904,0,0.005179162327947741,0
4,342,4905,4905,0,0.0051383022310439,0
4,342,4906,4906,0,0.005179162327947741,0
4,342,4907,4907,0,0.005179162327947741,0
4,342,4908,4908,1,0.14240343828653743,0
4,342,4909,4909,0,0.24367914105371055,0
4,342,4910,4910,0,0.22538319483627045,0
4,342,4911,4911,0,0.19281846302966713,0
4,342,4912,4912,0,0.1524275017196812,0
4,342,4913,4913,0,0.1524275017196812,0
4,342,4914,4914,0,0.00815446334844757,0
4,342,4916,4916,0,0.05322934779177354,0
4,342,4922,4922,0,0.02622318749551805,0
4,342,4926,4926,0,0.1054954995336991,0
4,342,4936,4936,0,0.07570995099194912,0
4,342,4937,4937,0,0.07570995099194912,0
4,342,4938,4938,0,0.4064971375629902,0
4,342,4939,4939,0,0.5910995198298612,1
4,342,4941,4941,0,0.28900960035623974,0
4,342,4942,4942,0,0.5748251697864524,1
4,342,4943,4943,0,0.10848871686074447,0
4,342,4963,4963,0,0.12243907490050093,0
4,342,4964,4964,0,0.12243907490050093,0
4,342,4965,4965,0,0.22479489171048697,0
4,342,4966,4966,0,0.13481010279341504,0
4,342,4969,4969,0,0.26605478166370855,0
4,342,4972,4972,0,0.15903186523945448,0
4,342,4973,4973,0,0.20241512653072755,0
4,342,4976,4976,0,0.3775834148969449,0
4,342,4983,4983,1,0.1522209345024776,0
4,342,4984,4984,0,0.14582353488890284,0
4,342,4985,4985,0,0.07333792211499224,0
4,342,4986,4986,0,0.14582353488890284,0
4,342,4987,4987,0,0.06499731895625319,0
4,342,4988,4988,0,0.08578612620907486,0
4,342,4990,4990,0,0.1542023794739149,0
4,342,4991,4991,0,0.08242079763461316,0
4,342,4992,4992,0,0.10212747533036713,0
4,342,4994,4994,1,0.1805823251654142,0
4,342,5002,5002,0,0.15658109396171366,0
4,342,5013,5013,0,0.07644226136070834,0
4,342,5018,5018,0,0.09283126168544065,0
4,342,5020,5020,0,0.22054182189284965,0
4,342,5021,5021,0,0.22054182189284965,0
4,342,5022,5022,0,0.14119543824469563,0
4,342,5024,5024,0,0.04584469744377248,0
4,342,5036,5036,0,0.4199300676273078,0
4,342,5037,5037,0,0.29023346223791036,0
4,342,5038,5038,0,0.08831484263796387,0
4,342,5039,5039,0,0.07194207415386827,0
4,342,5040,5040,0,0.13682575373793945,0
4,342,5043,5043,0,0.10234708353043333,0
4,342,5063,5063,0,0.10502699651382766,0
4,342,5077,5077,0,0.13285420368834935,0
4,342,5078,5078,0,0.13285420368834935,0
4,342,5079,5079,0,0.13285420368834935,0
4,342,5080,5080,1,0.4873932996455187,0
4,342,5081,5081,1,0.4128140514985579,0
4,342,5082,5082,0,0.4128140514985579,0
4,342,5083,5083,0,0.15680308549097152,0
4,342,5084,5084,1,0.7744332364962491,1
4,342,5086,5086,0,0.26194036008809884,0
4,342,5088,5088,0,0.3033823596485839,0
4,342,5089,5089,0,0.0918859279580882,0
4,342,3327,3327,1,0.8575919777524488,1
4,342,3568,3568,1,0.7543274985843678,1
4,342,3569,3569,1,0.7871735082930453,1
4,342,4005,4005,1,0.6830073109363644,1
4,342,4010,4010,1,0.6830073109363644,1
4,342,4290,4290,1,0.7849338232226116,1
4,342,584,584,0,0.03158325727068106,0
4,342,585,585,0,0.04606546389729549,0
4,342,892,892,0,0.04165641312049105,0
4,342,894,894,0,0.028057127997359734,0
4,342,900,900,0,0.042296217985014976,0
4,342,905,905,0,0.023705954326582703,0
4,342,739,739,0,0.6373921818355824,1
4,342,2122,2122,1,0.27822415294987823,0
4,342,2123,2123,0,0.43359754483331214,0
4,342,2206,2206,1,0.3419835609006783,0
4,342,3106,3106,0,0.03864984760395158,0
4,342,3107,3107,0,0.03864984760395158,0
4,342,3109,3109,0,0.03864984760395158,0
4,342,4377,4377,0,0.08355176596721736,0
4,342,4819,4819,0,0.08043516221605365,0
4,342,3096,3096,1,0.07863842284943885,0
4,342,942,942,0,0.3055132649516487,0
4,342,943,943,0,0.7639509695245111,1
4,342,945,945,0,0.5314845426463227,1
4,342,946,946,0,0.6248135321669379,1
4,342,2105,2105,1,0.9496523471431247,1
4,342,2106,2106,1,0.9496523471431247,1
4,342,708,708,0,0.17557993251313753,0
4,342,4336,4336,1,0.8054194635626875,1
4,342,4846,4846,1,0.34431916744055696,0
4,342,4928,4928,1,0.3421683250330133,0
4,342,4945,4945,0,0.047464760341754966,0
4,342,3959,3959,0,0.16161959612346294,0
4,342,4297,4297,0,0.0614001322902224,0
4,342,4644,4644,1,0.1292512148146647,0
4,342,608,608,0,0.010022799350711539,0
4,342,610,610,0,0.009119305864856521,0
4,342,984,984,0,0.04725326665362531,0
4,342,985,985,0,0.01812914882773709,0
4,342,3202,3202,0,0.030783701994130667,0
4,342,854,854,1,0.4049534851972133,0
4,342,611,611,1,0.9766896038542595,1
4,342,2490,2490,1,0.335659792724006,0
4,342,2491,2491,1,0.335659792724006,0
4,342,5109,5109,0,0.4529083068519942,0
4,342,3616,3616,0,0.26526195060366636,0
4,342,4598,4598,1,0.9534449110406793,1
4,342,982,982,1,0.6262730578138576,1
4,342,4929,4929,0,0.026093375111254064,0
4,342,1606,1606,0,0.18118576474336412,0
4,342,557,557,0,0.280063703364792,0
4,342,558,558,0,0.280063703364792,0
4,342,559,559,1,0.6289054482614017,1
4,342,906,906,1,0.8087300390479694,1
4,342,908,908,1,0.45895366640467755,0
4,342,955,955,1,0.539844459859516,1
4,342,565,565,0,0.08657464086707001,0
4,342,567,567,0,0.0207392571531849,0
4,342,569,569,0,0.018340626764140024,0
4,342,571,571,0,0.05611598408692005,0
4,342,4445,4445,0,0.05804247776397058,0
4,342,2149,2149,1,0.9990240633186863,1
4,342,1965,1965,1,0.12376506309358667,0
4,342,2199,2199,1,0.028104671922983444,0
4,342,477,477,0,0.04347191075709679,0
4,342,341,341,0,0.01204216292422976,0
4,342,2211,2211,0,0.11979141696940314,0
4,342,3324,3324,1,0.9141609848274476,1
4,342,3612,3612,1,0.7743483295416791,1
4,342,2333,2333,0,0.5580651252633361,1
4,342,2465,2465,0,0.5169176783307796,1
4,342,2466,2466,0,0.2955676607658897,0
4,342,2467,2467,0,0.23606219643359824,0
4,342,2514,2514,0,0.5735401749493515,1
4,342,2515,2515,0,0.6616473934599477,1
4,342,2516,2516,0,0.7615136007590556,1
4,342,2677,2677,0,0.30630477285935254,0
4,342,2749,2749,0,0.4855002456325317,0
4,342,2750,2750,0,0.4820024934364576,0
4,342,2751,2751,0,0.3939784701542823,0
4,342,2825,2825,0,0.565985195147718,1
4,342,3023,3023,0,0.6433857744842012,1
4,342,3165,3165,0,0.37832212645321045,0
4,342,3379,3379,0,0.5041562513268435,1
4,342,3387,3387,0,0.8245545936302705,1
4,342,3438,3438,0,0.36091761404386796,0
4,342,3619,3619,0,0.4301237457836479,0
4,342,4107,4107,0,0.6260242319310592,1
4,342,4108,4108,0,0.6260242319310592,1
4,342,4509,4509,1,0.14340897263151803,0
4,342,2172,2172,0,0.1503039121434095,0
4,342,3814,3814,0,0.0727161521350285,0
4,342,1892,1892,0,0.0029837871255924105,0
4,342,2153,2153,0,0.0027622917983522975,0
4,342,3615,3615,1,0.8161205811398801,1
4,342,1963,1963,1,0.463365879314431,0
4,342,2197,2197,1,0.4187672271533478,0
4,342,2230,2230,1,0.444963618465268,0
4,342,4217,4217,0,0.027407467791126294,0
4,342,5201,5201,0,0.1503479840704657,0
4,342,5155,5155,0,0.9271173015174298,1
4,342,5156,5156,1,0.7865640993241453,1
4,342,5157,5157,1,0.2371390909860968,0
4,342,3836,3836,1,0.6091285070518145,1
4,342,1786,1786,0,0.011648912257536182,0
4,342,4413,4413,0,0.5052729028093249,1
4,342,4885,4885,0,0.10338589170521711,0
4,342,4962,4962,1,0.4716335378891212,0
4,342,5202,5202,0,0.1023011783657998,0
4,342,1215,1215,0,0.37432723421874886,0
4,342,4481,4481,0,0.01916299039531536,0
4,342,2196,2196,1,0.8225638749615254,1
4,342,2221,2221,0,0.8197395076611865,1
4,342,1883,1883,0,0.04129278994787548,0
4,342,5003,5003,1,0.423177027798701,0
4,342,2021,2021,0,0.030502431390426972,0
4,342,2148,2148,0,0.018223764423276067,0
4,342,4499,4499,0,0.9835924888314631,1
4,342,1729,1729,0,0.27078520021095015,0
4,342,1752,1752,0,0.4201850756570194,0
4,342,1753,1753,0,0.4201850756570194,0
4,342,1871,1871,0,0.13544829469596678,0
4,342,1872,1872,0,0.13544829469596678,0
4,342,1919,1919,0,0.2981924072756103,0
4,342,470,470,0,0.9276907199948816,1
4,342,471,471,0,0.8571394407420205,1
4,342,601,601,1,0.8700454985368381,1
4,342,641,641,0,0.881361601966538,1
4,342,647,647,0,0.6799991312935758,1
4,342,649,649,0,0.702246468453979,1
4,342,650,650,0,0.702246468453979,1
4,342,658,658,0,0.5319764661574645,1
4,342,659,659,0,0.5319764661574645,1
4,342,671,671,1,0.159150411175342,0
4,342,1083,1083,0,0.28840350451063257,0
4,342,1085,1085,0,0.16567473705300115,0
4,342,1117,1117,1,0.4194065984167164,0
4,342,1118,1118,1,0.45602994096843613,0
4,342,1119,1119,1,0.41432591027728893,0
4,342,1120,1120,1,0.14888127953642827,0
4,342,1121,1121,1,0.09491877001891354,0
4,342,1144,1144,0,0.21047299783273013,0
4,342,1540,1540,1,0.6420856849726907,1
4,342,1541,1541,1,0.6420856849726907,1
4,342,2091,2091,1,0.5423160962626937,1
4,342,5165,5165,0,0.0607961534257197,0
4,342,5166,5166,0,0.13804646431419607,0
4,342,5167,5167,0,0.4352116560524658,0
4,342,5168,5168,0,0.1418652241673479,0
4,342,5169,5169,1,0.12791015666906883,0
4,342,5170,5170,0,0.09824026367162678,0
4,342,5171,5171,0,0.055608916341822696,0
4,342,5172,5172,0,0.27682688887247325,0
4,342,5173,5173,0,0.029008233764727734,0
4,342,5174,5174,0,0.560776937117537,1
4,342,5175,5175,0,0.12988367525614536,0
4,342,5176,5176,0,0.045401985901051996,0
4,342,5181,5181,1,0.28015255246640447,0
4,342,5189,5189,0,0.11437503699742266,0
4,342,3135,3135,0,0.02867949875097743,0
4,342,342,342,0,0.03616679988878351,0
4,342,4515,4515,1,0.057228990010410014,0
4,342,1547,1547,0,0.5064952710182588,1
4,342,1715,1715,1,0.14425972222582303,0
4,342,1776,1776,1,0.16643505223448188,0
4,342,1814,1814,1,0.008284065557182762,0
4,342,1841,1841,1,0.05601979993719609,0
4,342,1875,1875,1,0.049941285302363345,0
4,342,2024,2024,1,0.03645771880486491,0
4,342,2141,2141,0,0.10053374431553089,0
4,342,4864,4864,0,0.1418883496555906,0
4,342,2290,2290,1,0.4641775518849367,0
4,342,2291,2291,1,0.4641775518849367,0
4,342,2473,2473,1,0.6960858681724121,1
4,342,2537,2537,1,0.3267617926019813,0
4,342,2640,2640,1,0.38869761693327315,0
4,342,2661,2661,1,0.6865239840429472,1
4,342,4238,4238,0,0.6250529528676252,1
4,342,4277,4277,1,0.49954510983682504,0
4,342,5185,5185,1,0.7812049017979055,1
4,342,1893,1893,1,0.9730022630312897,1
4,342,702,702,0,0.5559127381168555,1
4,342,3100,3100,0,0.18077894884553267,0
4,342,3101,3101,0,0.18077894884553267,0
4,342,3102,3102,0,0.18077894884553267,0
4,342,3103,3103,0,0.18077894884553267,0
4,342,3104,3104,0,0.18077894884553267,0
4,342,1878,1878,1,0.9876967674217835,1
4,342,1783,1783,0,0.04182882270472585,0
4,342,1800,1800,0,0.13390373843525286,0
4,342,1835,1835,0,0.04971975023604288,0
4,342,2,2,0,0.08764507636843223,0
4,342,3,3,0,0.058278088281079866,0
4,342,4,4,0,0.058278088281079866,0
4,342,109,109,1,0.008387935308477123,0
4,342,185,185,1,0.8342226960648825,1
4,342,218,218,1,0.7410743767756783,1
4,342,219,219,1,0.7410743767756783,1
4,342,220,220,1,0.7410743767756783,1
4,342,221,221,1,0.7410743767756783,1
4,342,222,222,1,0.7410743767756783,1
4,342,223,223,1,0.7410743767756783,1
4,342,241,241,1,0.30927926596908534,0
4,342,242,242,1,0.30927926596908534,0
4,342,243,243,1,0.30927926596908534,0
4,342,244,244,1,0.30927926596908534,0
4,342,245,245,1,0.18700169722755,0
4,342,249,249,1,0.5378827430288894,1
4,342,250,250,1,0.5378827430288894,1
4,342,251,251,1,0.5378827430288894,1
4,342,252,252,1,0.5378827430288894,1
4,342,253,253,1,0.5378827430288894,1
4,342,254,254,0,0.6556089389449155,1
4,342,255,255,0,0.6556089389449155,1
4,342,278,278,0,0.7783516257907986,1
4,342,279,279,0,0.7783516257907986,1
4,342,280,280,0,0.7783516257907986,1
4,342,281,281,0,0.7783516257907986,1
4,342,282,282,1,0.9346184067545509,1
4,342,283,283,0,0.05588943784156935,0
4,342,298,298,0,0.12981112320483085,0
4,342,299,299,0,0.12981112320483085,0
4,342,300,300,0,0.12981112320483085,0
4,342,301,301,1,0.9104976740191314,1
4,342,302,302,1,0.9104976740191314,1
4,342,303,303,1,0.9104976740191314,1
4,342,304,304,1,0.9104976740191314,1
4,342,305,305,1,0.9104976740191314,1
4,342,306,306,1,0.932086262383491,1
4,342,307,307,1,0.932086262383491,1
4,342,362,362,1,0.2675502327678164,0
4,342,363,363,1,0.2675502327678164,0
4,342,364,364,0,0.4264179451660102,0
4,342,365,365,0,0.4264179451660102,0
4,342,386,386,0,0.022055733831094184,0
4,342,387,387,0,0.022055733831094184,0
4,342,388,388,0,0.022055733831094184,0
4,342,392,392,0,0.8441866428024403,1
4,342,393,393,0,0.8441866428024403,1
4,342,394,394,0,0.8441866428024403,1
4,342,395,395,0,0.9713867628932897,1
4,342,396,396,0,0.9713867628932897,1
4,342,397,397,0,0.9713867628932897,1
4,342,398,398,1,0.04270640229637513,0
4,342,399,399,1,0.04270640229637513,0
4,342,400,400,1,0.04270640229637513,0
4,342,401,401,0,0.5023994403787345,1
4,342,402,402,0,0.5023994403787345,1
4,342,403,403,0,0.5023994403787345,1
4,342,404,404,1,0.08834664404273429,0
4,342,405,405,1,0.08834664404273429,0
4,342,406,406,1,0.08834664404273429,0
4,342,407,407,0,0.36960196615337787,0
4,342,408,408,0,0.36960196615337787,0
4,342,464,464,0,0.10534134908745549,0
4,342,465,465,0,0.10534134908745549,0
4,342,466,466,0,0.10534134908745549,0
4,342,598,598,1,0.7943670476488272,1
4,342,599,599,1,0.7943670476488272,1
4,342,603,603,1,0.4422806611233611,0
4,342,604,604,1,0.2342183450440608,0
4,342,605,605,1,0.2342183450440608,0
4,342,627,627,0,0.20604145410182864,0
4,342,628,628,0,0.20604145410182864,0
4,342,630,630,1,0.05027237705592813,0
4,342,631,631,0,0.9181799675056489,1
4,342,633,633,1,0.7415483910683734,1
4,342,635,635,1,0.6337727717064964,1
4,342,636,636,1,0.3008003254246139,0
4,342,639,639,1,0.8360706167306589,1
4,342,748,748,1,0.3770720158759448,0
4,342,749,749,0,0.21852521850039575,0
4,342,751,751,1,0.9373041713825904,1
4,342,752,752,0,0.026224933671332624,0
4,342,793,793,1,0.7821018559044095,1
4,342,839,839,0,0.09166951847079893,0
4,342,840,840,1,0.19252038478934197,0
4,342,841,841,0,0.2244695477262318,0
4,342,842,842,0,0.22136685246013546,0
4,342,940,940,0,0.3413488748960414,0
4,342,962,962,1,0.891584350337944,1
4,342,966,966,0,0.9456071048897267,1
4,342,967,967,0,0.292778640780847,0
4,342,968,968,0,0.8245111771337994,1
4,342,1026,1026,0,0.10177639650144463,0
4,342,1072,1072,1,0.8648450793594601,1
4,342,1096,1096,1,0.7775142551538066,1
4,342,1097,1097,1,0.8383985400501301,1
4,342,1098,1098,1,0.4239543278161839,0
4,342,1099,1099,0,0.790373177306586,1
4,342,1100,1100,0,0.6758708422795018,1
4,342,1101,1101,1,0.6269964350969174,1
4,342,1102,1102,1,0.7340653339795911,1
4,342,1103,1103,0,0.7418604682421136,1
4,342,1104,1104,0,0.6484983571757323,1
4,342,1132,1132,0,0.028393755839161348,0
4,342,1133,1133,0,0.05152260771610239,0
4,342,1134,1134,0,0.01316444294470964,0
4,342,1139,1139,0,0.39301038536012406,0
4,342,1140,1140,0,0.4423312259389467,0
4,342,1176,1176,1,0.18354233414388432,0
4,342,1203,1203,0,0.03818222355318564,0
4,342,1218,1218,1,0.008387935308477123,0
4,342,4737,4737,1,0.448068101754119,0
4,342,4851,4851,1,0.5283941634643917,1
4,342,4852,4852,1,0.19892002181628177,0
4,342,4853,4853,1,0.2520746246857312,0
4,342,4865,4865,1,0.3928102073540693,0
4,342,4871,4871,1,0.5065170358883644,1
4,342,4920,4920,1,0.40887273532060814,0
4,342,4930,4930,1,0.19730084611779858,0
4,342,4947,4947,1,0.6238617909455441,1
4,342,4955,4955,1,0.4045334386940178,0
4,342,4995,4995,1,0.5176982529614508,1
4,342,5028,5028,1,0.5182757656273709,1
4,342,5044,5044,1,0.4832797957310625,0
4,342,5045,5045,1,0.5091920727722322,1
4,342,3330,3330,0,0.18335099046819375,0
4,342,3960,3960,1,0.9877410796890407,1
4,342,2224,2224,0,0.8484929428879373,1
4,342,1594,1594,0,0.03748576532227564,0
4,342,1107,1107,0,0.06642567349350714,0
4,342,2220,2220,0,0.020948857331969654,0
4,342,4520,4520,1,0.5776322178531567,1
4,342,2302,2302,0,0.6775622359310721,1
4,342,2303,2303,0,0.6775622359310721,1
4,342,2304,2304,0,0.6775622359310721,1
4,342,2305,2305,0,0.6775622359310721,1
4,342,2306,2306,0,0.6775622359310721,1
4,342,2307,2307,0,0.6775622359310721,1
4,342,2308,2308,0,0.6775622359310721,1
4,342,2309,2309,0,0.6775622359310721,1
4,342,2310,2310,0,0.6775622359310721,1
4,342,2311,2311,0,0.740920938294457,1
4,342,2438,2438,0,0.20639073763658033,0
4,342,2496,2496,0,0.22126993874490544,0
4,342,2497,2497,0,0.22126993874490544,0
4,342,2498,2498,0,0.22126993874490544,0
4,342,2501,2501,0,0.2049957247071242,0
4,342,2502,2502,0,0.2049957247071242,0
4,342,2503,2503,0,0.42495320208171633,0
4,342,2583,2583,0,0.394022710161628,0
4,342,2584,2584,0,0.394022710161628,0
4,342,2679,2679,0,0.5218741138982214,1
4,342,2680,2680,0,0.15632028859976882,0
4,342,2681,2681,0,0.15632028859976882,0
4,342,2682,2682,0,0.15632028859976882,0
4,342,2683,2683,0,0.15632028859976882,0
4,342,2684,2684,0,0.15632028859976882,0
4,342,2685,2685,0,0.15632028859976882,0
4,342,2689,2689,0,0.2261752144310259,0
4,342,2691,2691,1,0.704781909757253,1
4,342,2692,2692,0,0.23308485033067292,0
4,342,2799,2799,0,0.605792915963259,1
4,342,2800,2800,0,0.4186899449229282,0
4,342,2801,2801,0,0.4186899449229282,0
4,342,2802,2802,0,0.18084125417822644,0
4,342,2803,2803,0,0.18084125417822644,0
4,342,2804,2804,0,0.18084125417822644,0
4,342,2805,2805,0,0.18084125417822644,0
4,342,2822,2822,0,0.6571533892789253,1
4,342,3167,3167,0,0.3426881635470308,0
4,342,3355,3355,0,0.2415945548488371,0
4,342,3356,3356,0,0.25082632689082446,0
4,342,3357,3357,0,0.2415945548488371,0
4,342,3358,3358,0,0.2415945548488371,0
4,342,3359,3359,0,0.8818400531635812,1
4,342,3360,3360,1,0.6622633800774359,1
4,342,3361,3361,0,0.32847497354678085,0
4,342,3364,3364,0,0.6899260455652106,1
4,342,3365,3365,0,0.6899260455652106,1
4,342,3366,3366,0,0.6899260455652106,1
4,342,3367,3367,0,0.27715120848752695,0
4,342,3368,3368,0,0.27715120848752695,0
4,342,3410,3410,0,0.6016304397690246,1
4,342,3411,3411,0,0.32328882095372724,0
4,342,3580,3580,0,0.3350782851493283,0
4,342,3581,3581,0,0.3350782851493283,0
4,342,3582,3582,0,0.14973925165314,0
4,342,3583,3583,0,0.14973925165314,0
4,342,3584,3584,0,0.14973925165314,0
4,342,3585,3585,0,0.14973925165314,0
4,342,3586,3586,0,0.14973925165314,0
4,342,3587,3587,0,0.1513599069508662,0
4,342,3588,3588,0,0.1513599069508662,0
4,342,3589,3589,0,0.1513599069508662,0
4,342,3592,3592,0,0.5491692842984527,1
4,342,3593,3593,0,0.5491692842984527,1
4,342,3629,3629,0,0.11903442088482562,0
4,342,3654,3654,0,0.13412264447809902,0
4,342,3842,3842,0,0.1014911545452534,0
4,342,3958,3958,1,0.49512404224533385,0
4,342,4363,4363,0,0.08623083922730349,0
4,342,4736,4736,0,0.3684921932217303,0
4,342,4869,4869,0,0.3579727280014964,0
4,342,2286,2286,0,0.07666619311066712,0
4,342,2287,2287,0,0.07666619311066712,0
4,342,2288,2288,0,0.07666619311066712,0
4,342,2289,2289,1,0.08686073702548594,0
4,342,2654,2654,0,0.045118842265909065,0
4,342,3810,3810,1,0.0983673380744175,0
4,342,4058,4058,0,0.21681490614509072,0
4,342,4060,4060,0,0.14213950210842824,0
4,342,4488,4488,1,0.04271292544194582,0
4,342,4489,4489,0,0.7600641540453175,1
4,342,4561,4561,1,0.22230118950490202,0
4,342,4584,4584,1,0.04512433873818893,0
4,342,4951,4951,1,0.27959677951761425,0
4,342,4952,4952,1,0.5081214385640687,1
4,342,4954,4954,0,0.734276434895622,1
4,342,3298,3298,0,0.02718889770886999,0
4,342,139,139,1,0.9633183380905842,1
4,342,140,140,1,0.9633183380905842,1
4,342,143,143,1,0.9510720093064755,1
4,342,144,144,1,0.9510720093064755,1
4,342,4416,4416,1,0.47694627091274233,0
4,342,3050,3050,1,0.6721775487249482,1
4,342,3051,3051,1,0.6721775487249482,1
4,342,3300,3300,1,0.7399599375373671,1
4,342,3301,3301,1,0.7399599375373671,1
4,342,3305,3305,1,0.9343186762356656,1
4,342,3306,3306,1,0.7152527770751815,1
4,342,3307,3307,1,0.9485437332697497,1
4,342,3349,3349,1,0.6074426025687619,1
4,342,3350,3350,1,0.6008393760646421,1
4,342,3596,3596,1,0.9612601222390872,1
4,342,624,624,0,0.10552973594823492,0
4,342,697,697,1,0.9226358473119644,1
4,342,705,705,0,0.11648620841079817,0
4,342,706,706,0,0.04038918853960208,0
4,342,707,707,0,0.04899112810657697,0
4,342,1035,1035,0,0.12298512238807986,0
4,342,1161,1161,1,0.5791816294634045,1
4,342,1193,1193,1,0.9514814485573388,1
5,442,1684,1684,1,0.6995807500443934,1
5,442,2188,2188,0,0.09941061086937064,0
5,442,2240,2240,0,0.3829502145035028,0
5,442,2241,2241,0,0.3829502145035028,0
5,442,2242,2242,0,0.3829502145035028,0
5,442,224,224,0,0.017717932620252477,0
5,442,225,225,0,0.017717932620252477,0
5,442,226,226,0,0.017717932620252477,0
5,442,476,476,0,0.020579314657821843,0
5,442,478,478,0,0.009704879061413336,0
5,442,480,480,0,0.06445284359249372,0
5,442,652,652,1,0.7196332672924863,1
5,442,1141,1141,1,0.9228711450017901,1
5,442,1142,1142,0,0.8066843025130452,1
5,442,1151,1151,1,0.8325320543970723,1
5,442,1152,1152,1,0.9588822410538823,1
5,442,811,811,1,0.9933810814008643,1
5,442,812,812,0,0.009762855883213139,0
5,442,1786,1786,0,0.005038581715869875,0
5,442,2300,2300,1,0.7279711496809441,1
5,442,2301,2301,1,0.7279711496809441,1
5,442,2492,2492,1,0.6787728084449165,1
5,442,2676,2676,1,0.7017045442716353,1
5,442,2747,2747,1,0.6548165256855265,1
5,442,2999,2999,1,0.8048719289282112,1
5,442,3000,3000,1,0.7113868286953069,1
5,442,3002,3002,1,0.5434032562355035,1
5,442,3226,3226,1,0.6902534338556929,1
5,442,3499,3499,1,0.14541126547642622,0
5,442,3500,3500,1,0.6323383707476111,1
5,442,3577,3577,1,0.609267430377369,1
5,442,3767,3767,1,0.5702781314584757,1
5,442,3856,3856,1,0.45199409934805934,0
5,442,3945,3945,1,0.7547288598566397,1
5,442,3948,3948,1,0.22469968890128347,0
5,442,3949,3949,1,0.1789058836793409,0
5,442,4037,4037,1,0.5917066820970422,1
5,442,4090,4090,1,0.26111508607906697,0
5,442,4124,4124,1,0.7359335617708085,1
5,442,4205,4205,1,0.23250492676307458,0
5,442,4355,4355,1,0.5986941207386195,1
5,442,4641,4641,1,0.6649232652412296,1
5,442,5035,5035,0,0.9878167271480524,1
5,442,5068,5068,0,0.9923595703676039,1
5,442,613,613,0,0.6378321327164451,1
5,442,614,614,0,0.6378321327164451,1
5,442,996,996,0,0.858761135475624,1
5,442,997,997,0,0.5824667462040253,1
5,442,998,998,0,0.4978654352806385,0
5,442,1126,1126,1,0.9044590243086257,1
5,442,5158,5158,0,0.062365518192765604,0
5,442,3449,3449,1,0.1470616626678913,0
5,442,1729,1729,0,0.8439749650240901,1
5,442,1752,1752,0,0.9542848852651054,1
5,442,1753,1753,0,0.9542848852651054,1
5,442,1871,1871,0,0.7986864482976213,1
5,442,1872,1872,0,0.7986864482976213,1
5,442,1919,1919,0,0.8900205999323028,1
5,442,1964,1964,0,0.43565120473805036,0
5,442,2198,2198,0,0.10204465496518136,0
5,442,2231,2231,0,0.2744068033165544,0
5,442,3029,3029,0,0.8017335329171004,1
5,442,1041,1041,0,0.006327809586728966,0
5,442,3105,3105,1,0.03707533844733794,0
5,442,1958,1958,1,0.3048630738331418,0
5,442,2233,2233,0,0.04564786298252957,0
5,442,2235,2235,0,0.44970472663716216,0
5,442,2823,2823,1,0.5812240496085391,1
5,442,2824,2824,1,0.5812240496085391,1
5,442,3113,3113,0,0.26316738208207047,0
5,442,3335,3335,0,0.3837857221507728,0
5,442,3336,3336,0,0.09044908003876466,0
5,442,3381,3381,0,0.3575999518337948,0
5,442,3382,3382,0,0.47524398107236093,0
5,442,3570,3570,1,0.646026506170368,1
5,442,3571,3571,1,0.646026506170368,1
5,442,3573,3573,1,0.4701438750036109,0
5,442,3624,3624,0,0.18741697569949742,0
5,442,3625,3625,0,0.49047507126481144,0
5,442,3626,3626,0,0.13917631100092828,0
5,442,3651,3651,0,0.4246593036558023,0
5,442,3652,3652,0,0.4652314192220472,0
5,442,3653,3653,0,0.5122571180667624,1
5,442,3782,3782,1,0.8533523205627568,1
5,442,3783,3783,1,0.8533523205627568,1
5,442,3784,3784,0,0.2907570810697068,0
5,442,3785,3785,1,0.5353613868392665,1
5,442,3786,3786,1,0.5353613868392665,1
5,442,3787,3787,1,0.37793129146184806,0
5,442,3822,3822,1,0.7740694241099161,1
5,442,3823,3823,1,0.7740694241099161,1
5,442,3824,3824,1,0.12926789829892418,0
5,442,3825,3825,1,0.12926789829892418,0
5,442,3826,3826,1,0.6193096439737543,1
5,442,3827,3827,1,0.6193096439737543,1
5,442,3984,3984,1,0.8750688090990694,1
5,442,3985,3985,1,0.8750688090990694,1
5,442,4006,4006,1,0.8718051995459816,1
5,442,4007,4007,1,0.8718051995459816,1
5,442,4008,4008,1,0.45562329725906026,0
5,442,4009,4009,1,0.45562329725906026,0
5,442,4095,4095,0,0.9043765252656984,1
5,442,4114,4114,0,0.8524793745463185,1
5,442,4115,4115,0,0.6341945855914758,1
5,442,4207,4207,0,0.3898925216020165,0
5,442,4253,4253,1,0.8876363918193053,1
5,442,4337,4337,1,0.838212407842484,1
5,442,4357,4357,0,0.10871719009348932,0
5,442,4401,4401,1,0.9034388607924856,1
5,442,4402,4402,1,0.9034388607924856,1
5,442,4403,4403,0,0.6042456958655117,1
5,442,4404,4404,1,0.610406385078466,1
5,442,4405,4405,1,0.9318601067972488,1
5,442,4662,4662,0,0.3117196832383815,0
5,442,4875,4875,0,0.22364217794774321,0
5,442,4956,4956,1,0.87281006141052,1
5,442,4720,4720,0,0.3464033444090186,0
5,442,1534,1534,1,0.4862985210247001,0
5,442,1614,1614,0,0.4094395088976141,0
5,442,1661,1661,0,0.17676142801213013,0
5,442,1662,1662,0,0.4155423980627689,0
5,442,1663,1663,0,0.3226708684563053,0
5,442,1685,1685,0,0.5083038408001661,1
5,442,1686,1686,0,0.3429560550093991,0
5,442,1692,1692,0,0.41741893945917985,0
5,442,901,901,1,0.8731088608831229,1
5,442,3996,3996,0,0.04453636050284652,0
5,442,4138,4138,0,0.019609748760139652,0
5,442,4142,4142,0,0.039439915649694415,0
5,442,4300,4300,0,0.029035733500709055,0
5,442,4396,4396,0,0.03930599397296971,0
5,442,4410,4410,0,0.11994951039992881,0
5,442,4524,4524,0,0.024932080688290625,0
5,442,4594,4594,0,0.024993884707685692,0
5,442,4669,4669,0,0.02605363072299661,0
5,442,4681,4681,0,0.08946514784375273,0
5,442,4682,4682,0,0.12842516247432556,0
5,442,4767,4767,0,0.07886726907678097,0
5,442,4771,4771,0,0.5748770392439644,1
5,442,4772,4772,0,0.09083768682049433,0
5,442,4774,4774,0,0.1032875315414322,0
5,442,4775,4775,1,0.09322780776016108,0
5,442,4777,4777,0,0.04943529218750056,0
5,442,4778,4778,0,0.048688418835935526,0
5,442,4884,4884,0,0.04733693307535373,0
5,442,4921,4921,0,0.06878953219718027,0
5,442,4960,4960,0,0.08709620786155006,0
5,442,5009,5009,0,0.02798983918326375,0
5,442,5010,5010,0,0.0498844978403307,0
5,442,5073,5073,0,0.07678213504447363,0
5,442,5075,5075,1,0.1847864502213196,0
5,442,166,166,1,0.8575171665338105,1
5,442,167,167,1,0.8575171665338105,1
5,442,5076,5076,0,0.1472442837664508,0
5,442,2126,2126,0,0.09640768442621994,0
5,442,5118,5118,1,0.7657610950665058,1
5,442,5119,5119,0,0.2558349866448091,0
5,442,1274,1274,0,0.2806139391972235,0
5,442,1275,1275,1,0.9053153450048674,1
5,442,1587,1587,0,0.5261758399098722,1
5,442,5109,5109,0,0.7672618130919089,1
5,442,2341,2341,1,0.5834594058079743,1
5,442,2521,2521,0,0.7229452015248506,1
5,442,2848,2848,1,0.8766839265083496,1
5,442,2849,2849,0,0.8286828313075886,1
5,442,2850,2850,0,0.6178790998517246,1
5,442,3005,3005,1,0.8246794915990138,1
5,442,3006,3006,1,0.6222500859853324,1
5,442,3007,3007,0,0.5284381675623684,1
5,442,3400,3400,0,0.6312682175067347,1
5,442,3610,3610,1,0.471404970382489,0
5,442,552,552,1,0.7382531066948957,1
5,442,470,470,0,0.8380444910942281,1
5,442,471,471,0,0.8281877672256751,1
5,442,601,601,1,0.5193624720581486,1
5,442,641,641,0,0.5527211314624665,1
5,442,647,647,0,0.2840066360184162,0
5,442,649,649,0,0.4797600258361639,0
5,442,650,650,0,0.4797600258361639,0
5,442,658,658,0,0.28494003867863743,0
5,442,659,659,0,0.28494003867863743,0
5,442,671,671,1,0.13736913885742918,0
5,442,1083,1083,0,0.16465569122135607,0
5,442,1085,1085,0,0.11142628048465868,0
5,442,1117,1117,1,0.2438850810592462,0
5,442,1118,1118,1,0.07300274631570418,0
5,442,1119,1119,1,0.38217873951437875,0
5,442,1120,1120,1,0.14552736622642665,0
5,442,1121,1121,1,0.04473292894347761,0
5,442,1144,1144,0,0.36001481368354377,0
5,442,854,854,1,0.0828101513430517,0
5,442,5120,5120,0,0.09532202094976527,0
5,442,5178,5178,0,0.4564299219896921,0
5,442,5179,5179,0,0.1046588621004942,0
5,442,5180,5180,1,0.28813233928461013,0
5,442,1552,1552,1,0.7394705481996109,1
5,442,1150,1150,0,0.4102867685600213,0
5,442,5201,5201,0,0.75117946845031,1
5,442,3098,3098,1,0.04793209473292095,0
5,442,3099,3099,1,0.04793209473292095,0
5,442,982,982,1,0.6174390882282955,1
5,442,3143,3143,0,0.21655945135519364,0
5,442,3873,3873,0,0.3033884144040986,0
5,442,4024,4024,0,0.1212088423901261,0
5,442,4237,4237,0,0.22869285612684145,0
5,442,2196,2196,1,0.9425773586433603,1
5,442,2221,2221,0,0.6940863721318089,1
5,442,2318,2318,0,0.18644896278547088,0
5,442,2319,2319,0,0.18644896278547088,0
5,442,2320,2320,0,0.18644896278547088,0
5,442,2321,2321,0,0.18644896278547088,0
5,442,2322,2322,0,0.18644896278547088,0
5,442,2323,2323,0,0.14358878233986624,0
5,442,2324,2324,0,0.14358878233986624,0
5,442,2325,2325,0,0.14358878233986624,0
5,442,2331,2331,0,0.14358878233986624,0
5,442,2332,2332,0,0.14358878233986624,0
5,442,2454,2454,0,0.09845111551666048,0
5,442,2455,2455,0,0.09845111551666048,0
5,442,2456,2456,0,0.09845111551666048,0
5,442,2462,2462,0,0.1821977296433047,0
5,442,2463,2463,0,0.09845111551666048,0
5,442,2464,2464,0,0.1821977296433047,0
5,442,2504,2504,0,0.13889717221402606,0
5,442,2505,2505,0,0.13889717221402606,0
5,442,2506,2506,0,0.13889717221402606,0
5,442,2512,2512,0,0.13889717221402606,0
5,442,2513,2513,0,0.1648808037338562,0
5,442,2655,2655,0,0.07790683062748743,0
5,442,2702,2702,0,0.13662933388673643,0
5,442,2703,2703,0,0.13662933388673643,0
5,442,2704,2704,0,0.13662933388673643,0
5,442,2705,2705,0,0.2583034712823333,0
5,442,2711,2711,0,0.1131639588249802,0
5,442,2712,2712,0,0.2583034712823333,0
5,442,2767,2767,0,0.10557156497999534,0
5,442,2809,2809,0,0.10004911685627636,0
5,442,2810,2810,0,0.10004911685627636,0
5,442,2816,2816,0,0.13172819497805285,0
5,442,2817,2817,0,0.1813160295425363,0
5,442,2820,2820,0,0.10004911685627636,0
5,442,2827,2827,0,0.09985743983050965,0
5,442,3093,3093,0,0.08402437185289031,0
5,442,3118,3118,0,0.11972677226181426,0
5,442,3333,3333,0,0.18471288891689774,0
5,442,3375,3375,0,0.10276874141134729,0
5,442,3377,3377,0,0.10276874141134729,0
5,442,3378,3378,0,0.0899080332225447,0
5,442,3597,3597,0,0.16921095810130687,0
5,442,3598,3598,0,0.16921095810130687,0
5,442,3599,3599,0,0.1766808060470252,0
5,442,3603,3603,0,0.08421349206540649,0
5,442,3604,3604,0,0.08421349206540649,0
5,442,3608,3608,0,0.08421349206540649,0
5,442,3858,3858,0,0.3004742122678307,0
5,442,3859,3859,0,0.33420077438963036,0
5,442,4025,4025,0,0.10119902014903426,0
5,442,4026,4026,0,0.10119902014903426,0
5,442,4027,4027,0,0.7152551971635269,1
5,442,4057,4057,0,0.2716468869162267,0
5,442,4208,4208,0,0.5104741261602056,1
5,442,4241,4241,0,0.23822425341784462,0
5,442,4242,4242,1,0.3512417652442961,0
5,442,4331,4331,0,0.26205718723996985,0
5,442,4434,4434,0,0.2989246038096413,0
5,442,4435,4435,0,0.27280004776886585,0
5,442,4436,4436,0,0.33403279218208043,0
5,442,4557,4557,0,0.22213848551479998,0
5,442,4585,4585,0,0.3524897256245278,0
5,442,4586,4586,0,0.16450945767169128,0
5,442,4587,4587,0,0.206736977114278,0
5,442,4880,4880,0,0.22712158351438563,0
5,442,4332,4332,1,0.9701967369648472,1
5,442,640,640,0,0.11871001639409216,0
5,442,1146,1146,0,0.012014012726119513,0
5,442,4656,4656,0,0.24903902108419537,0
5,442,4534,4534,0,0.7940265771549481,1
5,442,4757,4757,1,0.8412384870767061,1
5,442,4758,4758,0,0.7630767333034092,1
5,442,3329,3329,0,0.5753511434394555,1
5,442,3999,3999,1,0.9239382198804317,1
5,442,4596,4596,1,0.8181054811840656,1
5,442,2113,2113,1,0.6871151792711536,1
5,442,1808,1808,1,0.9415193719945267,1
5,442,1929,1929,1,0.9941540514726722,1
5,442,1933,1933,1,0.996163718935603,1
5,442,2069,2069,1,0.9978497345078987,1
5,442,2073,2073,1,0.991541116684797,1
5,442,673,673,1,0.9024483448622479,1
5,442,1548,1548,1,0.05209685577980434,0
5,442,608,608,0,0.04241130832912515,0
5,442,610,610,0,0.06375262296176501,0
5,442,984,984,0,0.09567162871680988,0
5,442,985,985,0,0.09133554054606945,0
5,442,3872,3872,0,0.36182693677073424,0
5,442,959,959,0,0.13130433888714507,0
5,442,960,960,1,0.39184626365322606,0
5,442,1181,1181,1,0.9641977224713288,1
5,442,1187,1187,1,0.2969112842728008,0
5,442,4030,4030,1,0.39592073304746755,0
5,442,3334,3334,1,0.34641437632917954,0
5,442,3829,3829,1,0.3909781133423754,0
5,442,3989,3989,1,0.4045898400817333,0
5,442,3990,3990,1,0.3274467372687498,0
5,442,3998,3998,1,0.2904151747812896,0
5,442,4131,4131,1,0.2160187852746406,0
5,442,2439,2439,0,0.8832220085714817,1
5,442,2440,2440,0,0.8832220085714817,1
5,442,2441,2441,0,0.8832220085714817,1
5,442,2442,2442,0,0.8832220085714817,1
5,442,2443,2443,0,0.8832220085714817,1
5,442,2444,2444,0,0.8832220085714817,1
5,442,2445,2445,0,0.8832220085714817,1
5,442,2446,2446,0,0.8832220085714817,1
5,442,2589,2589,0,0.9367824195639585,1
5,442,2593,2593,0,0.8569826537333215,1
5,442,2594,2594,0,0.8569826537333215,1
5,442,2595,2595,0,0.8569826537333215,1
5,442,2596,2596,0,0.8569826537333215,1
5,442,2603,2603,0,0.9513774300706009,1
5,442,2604,2604,0,0.9513774300706009,1
5,442,2605,2605,0,0.9513774300706009,1
5,442,2606,2606,0,0.9513774300706009,1
5,442,2611,2611,0,0.23537245994392084,0
5,442,2760,2760,0,0.9090166957444793,1
5,442,2761,2761,0,0.9090166957444793,1
5,442,2762,2762,0,0.9090166957444793,1
5,442,2763,2763,0,0.9090166957444793,1
5,442,2764,2764,0,0.9303795373557734,1
5,442,2765,2765,0,0.9303795373557734,1
5,442,2766,2766,0,0.9303795373557734,1
5,442,2872,2872,0,0.9564226510379198,1
5,442,2873,2873,0,0.9564226510379198,1
5,442,2874,2874,0,0.9564226510379198,1
5,442,2875,2875,0,0.9564226510379198,1
5,442,2885,2885,0,0.223948527520547,0
5,442,2927,2927,0,0.9536687174955151,1
5,442,2928,2928,0,0.9536687174955151,1
5,442,2929,2929,0,0.9536687174955151,1
5,442,2930,2930,0,0.9536687174955151,1
5,442,2931,2931,0,0.9536687174955151,1
5,442,2936,2936,1,0.8717132945032481,1
5,442,2937,2937,1,0.8717132945032481,1
5,442,2938,2938,1,0.8717132945032481,1
5,442,3073,3073,0,0.8645394481895162,1
5,442,3074,3074,0,0.8645394481895162,1
5,442,3075,3075,0,0.8645394481895162,1
5,442,3076,3076,0,0.8645394481895162,1
5,442,3086,3086,0,0.9108602097953535,1
5,442,3087,3087,0,0.9108602097953535,1
5,442,3088,3088,0,0.9108602097953535,1
5,442,3089,3089,0,0.9108602097953535,1
5,442,3127,3127,0,0.18978200889599797,0
5,442,3150,3150,0,0.049237618930141065,0
5,442,3308,3308,0,0.17708423890476496,0
5,442,3309,3309,0,0.4831626078509058,0
5,442,3800,3800,0,0.8145493252926024,1
5,442,3801,3801,0,0.8145493252926024,1
5,442,3802,3802,0,0.8145493252926024,1
5,442,3803,3803,0,0.8145493252926024,1
5,442,3804,3804,0,0.8145493252926024,1
5,442,3967,3967,0,0.37697397939872507,0
5,442,5134,5134,1,0.04549074135295364,0
5,442,5145,5145,1,0.5347143198619053,1
5,442,155,155,1,0.9210531286791305,1
5,442,1046,1046,1,0.9158721686289614,1
5,442,2031,2031,0,0.1664632050715045,0
5,442,2032,2032,0,0.1664632050715045,0
5,442,2693,2693,1,0.4414693222389141,0
5,442,1979,1979,1,0.7761005958181518,1
5,442,2,2,0,0.06060120255545332,0
5,442,3,3,0,0.07420835192088202,0
5,442,4,4,0,0.07420835192088202,0
5,442,109,109,1,0.17712201929637714,0
5,442,185,185,1,0.5060144234015295,1
5,442,218,218,1,0.4801323079947573,0
5,442,219,219,1,0.4801323079947573,0
5,442,220,220,1,0.4801323079947573,0
5,442,221,221,1,0.4801323079947573,0
5,442,222,222,1,0.4801323079947573,0
5,442,223,223,1,0.4801323079947573,0
5,442,241,241,1,0.6117595105722562,1
5,442,242,242,1,0.6117595105722562,1
5,442,243,243,1,0.6117595105722562,1
5,442,244,244,1,0.6117595105722562,1
5,442,245,245,1,0.3860507646899919,0
5,442,249,249,1,0.3921619024059076,0
5,442,250,250,1,0.3921619024059076,0
5,442,251,251,1,0.3921619024059076,0
5,442,252,252,1,0.3921619024059076,0
5,442,253,253,1,0.3921619024059076,0
5,442,254,254,0,0.7227698754405785,1
5,442,255,255,0,0.7227698754405785,1
5,442,278,278,0,0.8665383746619139,1
5,442,279,279,0,0.8665383746619139,1
5,442,280,280,0,0.8665383746619139,1
5,442,281,281,0,0.8665383746619139,1
5,442,282,282,1,0.8189480894641356,1
5,442,283,283,0,0.04785308066486862,0
5,442,298,298,0,0.19739149621480678,0
5,442,299,299,0,0.19739149621480678,0
5,442,300,300,0,0.19739149621480678,0
5,442,301,301,1,0.7963538643696715,1
5,442,302,302,1,0.7963538643696715,1
5,442,303,303,1,0.7963538643696715,1
5,442,304,304,1,0.7963538643696715,1
5,442,305,305,1,0.7963538643696715,1
5,442,306,306,1,0.5948828211390137,1
5,442,307,307,1,0.5948828211390137,1
5,442,362,362,1,0.2997856589876145,0
5,442,363,363,1,0.2997856589876145,0
5,442,364,364,0,0.4505103990272331,0
5,442,365,365,0,0.4505103990272331,0
5,442,386,386,0,0.02040809557784196,0
5,442,387,387,0,0.02040809557784196,0
5,442,388,388,0,0.02040809557784196,0
5,442,392,392,0,0.7986192874772482,1
5,442,393,393,0,0.7986192874772482,1
5,442,394,394,0,0.7986192874772482,1
5,442,395,395,0,0.8106296647839429,1
5,442,396,396,0,0.8106296647839429,1
5,442,397,397,0,0.8106296647839429,1
5,442,398,398,1,0.038054458767489203,0
5,442,399,399,1,0.038054458767489203,0
5,442,400,400,1,0.038054458767489203,0
5,442,401,401,0,0.2530205178328734,0
5,442,402,402,0,0.2530205178328734,0
5,442,403,403,0,0.2530205178328734,0
5,442,404,404,1,0.13341295946240214,0
5,442,405,405,1,0.13341295946240214,0
5,442,406,406,1,0.13341295946240214,0
5,442,407,407,0,0.22693631407407833,0
5,442,408,408,0,0.22693631407407833,0
5,442,464,464,0,0.07881774418638797,0
5,442,465,465,0,0.07881774418638797,0
5,442,466,466,0,0.07881774418638797,0
5,442,598,598,1,0.5644746842555678,1
5,442,599,599,1,0.5644746842555678,1
5,442,603,603,1,0.452054862678907,0
5,442,604,604,1,0.2899348853127575,0
5,442,605,605,1,0.2899348853127575,0
5,442,627,627,0,0.26457419581907815,0
5,442,628,628,0,0.26457419581907815,0
5,442,630,630,1,0.28730061957913217,0
5,442,631,631,0,0.8049821729908702,1
5,442,633,633,1,0.7628247360011288,1
5,442,635,635,1,0.8812142947947452,1
5,442,636,636,1,0.31682239656965233,0
5,442,639,639,1,0.860841101904831,1
5,442,748,748,1,0.3481262792786331,0
5,442,749,749,0,0.271883747647053,0
5,442,751,751,1,0.9469206715868733,1
5,442,752,752,0,0.013414279385101379,0
5,442,793,793,1,0.7824901997666918,1
5,442,839,839,0,0.30676760980021556,0
5,442,840,840,1,0.19356949460377798,0
5,442,841,841,0,0.6448636275553045,1
5,442,842,842,0,0.48772592542838,0
5,442,940,940,0,0.4138149410749161,0
5,442,962,962,1,0.6869522759338923,1
5,442,966,966,0,0.8265301361000892,1
5,442,967,967,0,0.4994460763943084,0
5,442,968,968,0,0.7519945073433065,1
5,442,1026,1026,0,0.11372734504966114,0
5,442,1072,1072,1,0.4266967222804932,0
5,442,1096,1096,1,0.6179640968316237,1
5,442,1097,1097,1,0.7373306500977681,1
5,442,1098,1098,1,0.4101470798583793,0
5,442,1099,1099,0,0.32396251382251834,0
5,442,1100,1100,0,0.578967641666564,1
5,442,1101,1101,1,0.6061736983200738,1
5,442,1102,1102,1,0.43818480901719825,0
5,442,1103,1103,0,0.47900479368836857,0
5,442,1104,1104,0,0.41968632615649065,0
5,442,1132,1132,0,0.029346287421885782,0
5,442,1133,1133,0,0.09849729304468764,0
5,442,1134,1134,0,0.08994800217428191,0
5,442,1139,1139,0,0.4880934016100687,0
5,442,1140,1140,0,0.7993883570430242,1
5,442,1176,1176,1,0.25240008208398423,0
5,442,1203,1203,0,0.16735065020251996,0
5,442,1218,1218,1,0.17712201929637714,0
5,442,1739,1739,0,0.11654491984410281,0
5,442,3912,3912,0,0.8327223284739852,1
5,442,976,976,0,0.6015204915341272,1
5,442,977,977,0,0.3674827494253461,0
5,442,978,978,1,0.38640020959295374,0
5,442,979,979,1,0.7992286259394992,1
5,442,980,980,1,0.7634066147099614,1
5,442,981,981,1,0.44441435191461953,0
5,442,5060,5060,0,0.8401319617229552,1
5,442,1706,1706,1,0.9236486739211119,1
5,442,1885,1885,0,0.018232892147758105,0
5,442,1886,1886,1,0.6990187992276199,1
5,442,1887,1887,1,0.6990187992276199,1
5,442,1888,1888,0,0.037576842339388794,0
5,442,1889,1889,1,0.8397591924845135,1
5,442,1968,1968,1,0.8197452110611051,1
5,442,1969,1969,0,0.013956518266502857,0
5,442,284,284,0,0.23242454668264798,0
5,442,2107,2107,0,0.2946925236022586,0
5,442,3049,3049,1,0.7837552883654726,1
5,442,3302,3302,1,0.9468334943534822,1
5,442,3303,3303,1,0.5085846566088406,1
5,442,3304,3304,1,0.5252204013087614,1
5,442,3348,3348,1,0.8376543939061806,1
5,442,3595,3595,1,0.6101301757118852,1
5,442,3633,3633,1,0.7507386143962076,1
5,442,555,555,0,0.11794181164924707,0
5,442,556,556,1,0.5072552098851589,1
5,442,560,560,0,0.21341059474794064,0
5,442,561,561,1,0.23639251157795035,0
5,442,655,655,1,0.11790481244375267,0
5,442,855,855,0,0.4725078457275964,0
5,442,856,856,1,0.6747414107333802,1
5,442,969,969,1,0.6850799055424445,1
5,442,1301,1301,1,0.930456525046619,1
5,442,1302,1302,0,0.057850336068346865,0
5,442,1303,1303,0,0.05513843570556204,0
5,442,1304,1304,1,0.8914076087950703,1
5,442,1305,1305,1,0.9435592144409934,1
5,442,1306,1306,1,0.7810474304269378,1
5,442,1307,1307,1,0.9735794974949423,1
5,442,1308,1308,0,0.02742237276873792,0
5,442,1309,1309,0,0.0287468913557114,0
5,442,1310,1310,0,0.025756804269930506,0
5,442,1418,1418,1,0.912234101139506,1
5,442,1419,1419,0,0.040160278535429986,0
5,442,1420,1420,0,0.12797542797784842,0
5,442,1421,1421,1,0.9387611239781277,1
5,442,1572,1572,1,0.9587547072878666,1
5,442,1573,1573,0,0.3565678714005108,0
5,442,1574,1574,0,0.22108984921874889,0
5,442,4574,4574,1,0.9148665050440908,1
5,442,587,587,1,0.7493241122464097,1
5,442,864,864,1,0.4967278713828937,0
5,442,4980,4980,0,0.19764638614222096,0
5,442,5064,5064,0,0.11351102636901723,0
5,442,672,672,1,0.15947780862126076,0
5,442,1122,1122,1,0.25115388546904205,0
5,442,1974,1974,0,0.29708909085583235,0
5,442,2033,2033,0,0.2934923438084779,0
5,442,2081,2081,0,0.38192233267194703,0
5,442,2135,2135,0,0.1331352325117719,0
5,442,4923,4923,1,0.9737242897513824,1
5,442,4924,4924,1,0.9448952073068446,1
5,442,4925,4925,1,0.9448952073068446,1
5,442,5025,5025,1,0.8669934851576168,1
5,442,5026,5026,1,0.967301270635536,1
5,442,5027,5027,1,0.967301270635536,1
5,442,4333,4333,1,0.10082709598003722,0
5,442,4437,4437,1,0.05459499430015393,0
5,442,4438,4438,1,0.09412953121240188,0
5,442,4588,4588,1,0.06207222223655032,0
5,442,4589,4589,1,0.10092255713395269,0
5,442,3064,3064,0,0.5589913605959708,1
5,442,3065,3065,0,0.6943033050440969,1
5,442,5111,5111,1,0.8918631682278904,1
5,442,5162,5162,1,0.9454516884686157,1
5,442,5163,5163,1,0.8331783726528917,1
5,442,5116,5116,0,0.1415833477339587,0
5,442,4454,4454,0,0.008957298240791172,0
5,442,457,457,1,0.9765644308784645,1
5,442,508,508,0,0.38117511755171024,0
5,442,1600,1600,0,0.026386983317919173,0
5,442,1629,1629,0,0.05879141729687833,0
5,442,1666,1666,0,0.031081347112842,0
5,442,2185,2185,0,0.1920321494175438,0
5,442,2186,2186,0,0.1920321494175438,0
5,442,4192,4192,0,0.664482086544084,1
5,442,3523,3523,0,0.8759779416574809,1
5,442,4659,4659,0,0.8760639541213063,1
5,442,2183,2183,1,0.9487392470660068,1
5,442,2184,2184,1,0.9487392470660068,1
5,442,4481,4481,0,0.03381618073896634,0
5,442,2426,2426,0,0.6873684465695454,1
5,442,3436,3436,0,0.7617013969715271,1
5,442,3437,3437,1,0.8692948190184276,1
5,442,3900,3900,1,0.7782598393446192,1
5,442,3901,3901,0,0.6431253487780896,1
5,442,3902,3902,1,0.9069847219829065,1
5,442,5097,5097,0,0.78252584182718,1
5,442,4031,4031,0,0.7587048841026964,1
5,442,1908,1908,1,0.45461513418721644,0
5,442,5139,5139,0,0.021162706688498123,0
5,442,602,602,0,0.019269559761908472,0
5,442,383,383,1,0.563375619665747,1
5,442,384,384,1,0.563375619665747,1
5,442,385,385,1,0.563375619665747,1
5,442,1043,1043,0,0.4564443976350106,0
5,442,4388,4388,0,0.7831139639551743,1
5,442,4874,4874,0,0.5388406798189258,1
5,442,4132,4132,0,0.1272022139104893,0
5,442,616,616,1,0.19114422369426423,0
5,442,617,617,0,0.1937513041390354,0
5,442,4929,4929,0,0.019642192976182377,0
5,442,2297,2297,1,0.6672660055403056,1
5,442,2670,2670,1,0.6525267689309313,1
5,442,2748,2748,1,0.43492083577694507,0
5,442,3220,3220,1,0.6237285870881603,1
5,442,3221,3221,0,0.7222301029496592,1
5,442,3222,3222,0,0.8189669214308264,1
5,442,3223,3223,0,0.8018183024619531,1
5,442,3276,3276,0,0.3581843885976632,0
5,442,3277,3277,0,0.38894992592508965,0
5,442,3278,3278,0,0.3581843885976632,0
5,442,3279,3279,0,0.3581843885976632,0
5,442,3479,3479,0,0.7203619816540898,1
5,442,3480,3480,0,0.7392783132685941,1
5,442,3481,3481,0,0.7392783132685941,1
5,442,3482,3482,0,0.8030840638946867,1
5,442,3483,3483,0,0.8149498947497722,1
5,442,3484,3484,0,0.8149498947497722,1
5,442,3560,3560,0,0.7107959853942482,1
5,442,3561,3561,0,0.8646183394925352,1
5,442,3710,3710,0,0.6293793332794748,1
5,442,3754,3754,0,0.6395580631585256,1
5,442,3755,3755,0,0.6516955755197223,1
5,442,3756,3756,0,0.6467280374781166,1
5,442,3757,3757,0,0.5778657469966165,1
5,442,3762,3762,0,0.6678115072605346,1
5,442,3769,3769,1,0.9635212668435209,1
5,442,3812,3812,0,0.9329362590439341,1
5,442,3938,3938,0,0.6173530414638672,1
5,442,3940,3940,1,0.7011187544040202,1
5,442,3943,3943,0,0.8324959865950013,1
5,442,4034,4034,0,0.5337714552889468,1
5,442,4035,4035,0,0.5337714552889468,1
5,442,4036,4036,0,0.28328352782133215,0
5,442,4089,4089,0,0.7955827397520386,1
5,442,4106,4106,1,0.6991258659533185,1
5,442,4112,4112,0,0.9371469492814435,1
5,442,4196,4196,0,0.44292389249967434,0
5,442,4199,4199,0,0.6494604623809245,1
5,442,4200,4200,0,0.6494604623809245,1
5,442,4203,4203,1,0.5552520750424105,1
5,442,4249,4249,0,0.839413994966572,1
5,442,4251,4251,1,0.9616395345019305,1
5,442,4263,4263,0,0.5646639592332808,1
5,442,4349,4349,0,0.595120903284645,1
5,442,4351,4351,0,0.6049168050067005,1
5,442,4353,4353,1,0.307798973341066,0
5,442,4354,4354,0,0.9659148778400692,1
5,442,4376,4376,0,0.38599911255572644,0
5,442,4455,4455,0,0.6917117993844971,1
5,442,4456,4456,0,0.5619140736539473,1
5,442,4457,4457,0,0.8817773609724429,1
5,442,4458,4458,1,0.9118957017609268,1
5,442,4459,4459,1,0.9617598061222697,1
5,442,4462,4462,1,0.9309813381982794,1
5,442,4546,4546,0,0.7423687925960141,1
5,442,4626,4626,0,0.7977266386534322,1
5,442,4635,4635,1,0.836549962119872,1
5,442,4636,4636,1,0.836549962119872,1
5,442,4637,4637,0,0.28172359225159377,0
5,442,4638,4638,0,0.2666084738417743,0
5,442,4639,4639,0,0.8410456156580484,1
5,442,4640,4640,0,0.38533701219889943,0
5,442,4653,4653,1,0.8459822155543114,1
5,442,4730,4730,0,0.8388569123753419,1
5,442,4744,4744,0,0.431460693882602,0
5,442,4745,4745,0,0.7937184503840263,1
5,442,4746,4746,0,0.9434107425839815,1
5,442,4747,4747,0,0.8491752194795251,1
5,442,4748,4748,1,0.7774536137790884,1
5,442,4842,4842,1,0.7125656262329715,1
5,442,4843,4843,1,0.7125656262329715,1
5,442,4844,4844,1,0.7125656262329715,1
5,442,4845,4845,1,0.7125656262329715,1
5,442,4848,4848,0,0.9513844320914501,1
5,442,4918,4918,1,0.8204339058631486,1
5,442,4970,4970,1,0.7715819646580326,1
5,442,5029,5029,0,0.7815962554466422,1
5,442,5050,5050,1,0.40940547804139454,0
5,442,5185,5185,1,0.38909752864090064,0
5,442,957,957,1,0.7306084967908523,1
5,442,3861,3861,0,0.6121979561681844,1
5,442,2138,2138,1,0.2685004789083543,0
5,442,2173,2173,1,0.2552505938512412,0
5,442,2176,2176,1,0.7997179592837322,1
5,442,2190,2190,1,0.761392175973753,1
5,442,2193,2193,1,0.6218725901936998,1
5,442,2194,2194,1,0.9357614828191663,1
5,442,2207,2207,1,0.6620686731740448,1
5,442,838,838,1,0.983638973565733,1
5,442,1105,1105,0,0.43160003671694164,0
5,442,5103,5103,1,0.06545186307979081,0
5,442,4381,4381,0,0.06002250232265917,0
5,442,4517,4517,0,0.1353837621728013,0
5,442,4518,4518,0,0.0757275649388296,0
5,442,4519,4519,0,0.2205802175349206,0
5,442,4680,4680,0,0.10451483784902842,0
5,442,4957,4957,0,0.010560742355507595,0
5,442,3106,3106,0,0.1552068325153802,0
5,442,3107,3107,0,0.1552068325153802,0
5,442,3109,3109,0,0.1552068325153802,0
5,442,4377,4377,0,0.19043840418286923,0
5,442,4032,4032,0,0.2819019124403608,0
5,442,1156,1156,1,0.8598360216187342,1
5,442,1878,1878,1,0.978083305038638,1
5,442,4141,4141,0,0.047773407827201436,0
5,442,4776,4776,0,0.03432968660238389,0
5,442,1622,1622,1,0.5582823865889371,1
5,442,3068,3068,0,0.18729754414212935,0
5,442,3069,3069,0,0.18729754414212935,0
5,442,3070,3070,0,0.18729754414212935,0
5,442,3071,3071,0,0.18729754414212935,0
5,442,5016,5016,0,0.12035627312975519,0
5,442,2115,2115,1,0.442186904696862,0
5,442,2116,2116,0,0.034881445607794145,0
5,442,2174,2174,1,0.6670664739430864,1
5,442,2182,2182,1,0.4812637707160101,0
5,442,3321,3321,0,0.06538344244328555,0
5,442,3322,3322,0,0.05473115873396781,0
5,442,3323,3323,0,0.07876670856932061,0
5,442,180,180,0,0.19518121058979473,0
5,442,4754,4754,0,0.031421490478263564,0
5,442,4872,4872,0,0.022569963944548778,0
5,442,4873,4873,0,0.03368843987350592,0
5,442,4948,4948,0,0.02344189688117001,0
5,442,4949,4949,0,0.024585941377599202,0
5,442,5091,5091,0,0.026012474346297533,0
5,442,5092,5092,0,0.04099784724106898,0
5,442,1953,1953,0,0.01679956750322997,0
5,442,2086,2086,0,0.009225402755041313,0
5,442,2099,2099,0,0.7742477085503722,1
5,442,4391,4391,1,0.9449675972994923,1
5,442,2333,2333,0,0.46475223555998024,0
5,442,2465,2465,0,0.4670418124619739,0
5,442,2466,2466,0,0.6480921388321872,1
5,442,2467,2467,0,0.5792407045409362,1
5,442,2514,2514,0,0.40743574744426336,0
5,442,2515,2515,0,0.6351035409145263,1
5,442,2516,2516,0,0.5662007218049872,1
5,442,2677,2677,0,0.28259250231580574,0
5,442,2749,2749,0,0.5088335609535646,1
5,442,2750,2750,0,0.5944361558674341,1
5,442,2751,2751,0,0.5816123016551021,1
5,442,2825,2825,0,0.3487626350870752,0
5,442,3023,3023,0,0.7788315914973241,1
5,442,3165,3165,0,0.5490591176056405,1
5,442,3379,3379,0,0.3091561878343547,0
5,442,3387,3387,0,0.5683986088186075,1
5,442,3438,3438,0,0.6614942947900979,1
5,442,3619,3619,0,0.1916204629063155,0
5,442,4107,4107,0,0.6409568351418362,1
5,442,4108,4108,0,0.6409568351418362,1
5,442,4509,4509,1,0.3209875091144143,0
5,442,3615,3615,1,0.841799936343709,1
5,442,1727,1727,0,0.8580544172070107,1
5,442,1774,1774,0,0.7741799938898691,1
5,442,5115,5115,0,0.09678076721126813,0
5,442,5135,5135,0,0.36146460237357414,0
5,442,5136,5136,1,0.4820848724177672,0
5,442,5140,5140,0,0.34517060743900346,0
5,442,3706,3706,1,0.00922422449185356,0
5,442,4522,4522,0,0.6380896790926929,1
5,442,2335,2335,1,0.3472265216417768,0
5,442,2336,2336,1,0.4165211713629309,0
5,442,2337,2337,1,0.4165211713629309,0
5,442,2668,2668,1,0.3898699519258793,0
5,442,2669,2669,1,0.3853612218197484,0
5,442,2829,2829,1,0.5829059593546652,1
5,442,2842,2842,1,0.6147067906981128,1
5,442,2843,2843,1,0.6147067906981128,1
5,442,2844,2844,1,0.6254537864367317,1
5,442,2845,2845,1,0.4073089036575972,0
5,442,2846,2846,1,0.46805868204387346,0
5,442,3004,3004,1,0.4181195055323187,0
5,442,3120,3120,1,0.4183431044770977,0
5,442,3142,3142,1,0.35804566019579853,0
5,442,3209,3209,1,0.7775595723274827,1
5,442,3210,3210,1,0.5592878339218043,1
5,442,3383,3383,1,0.5458068848835623,1
5,442,3409,3409,1,0.3400546199992837,0
5,442,3609,3609,1,0.36147580122602174,0
5,442,3639,3639,1,0.541006221125457,1
5,442,3642,3642,1,0.45585910543851976,0
5,442,3643,3643,1,0.5478924912509039,1
5,442,4213,4213,1,0.7391114126801582,1
5,442,4479,4479,1,0.5434817419914209,1
5,442,1149,1149,1,0.6436010436262957,1
5,442,3635,3635,0,0.47211378617865607,0
5,442,3636,3636,0,0.47211378617865607,0
5,442,3663,3663,0,0.5951892268521487,1
5,442,3664,3664,0,0.5951892268521487,1
5,442,3848,3848,0,0.1256378097510428,0
5,442,3849,3849,0,0.1256378097510428,0
5,442,3915,3915,0,0.4424480685824002,0
5,442,3916,3916,0,0.4424480685824002,0
5,442,4182,4182,0,0.11690797964757407,0
5,442,4183,4183,0,0.11690797964757407,0
5,442,342,342,0,0.05436066844634859,0
5,442,3052,3052,0,0.16070519556862137,0
5,442,4130,4130,1,0.41075186525884294,0
5,442,4282,4282,1,0.43491435901545683,0
5,442,4156,4156,0,0.02395909282860356,0
5,442,607,607,0,0.053965751751977147,0
5,442,1070,1070,0,0.08167311766781563,0
5,442,1074,1074,0,0.028009778540365446,0
5,442,1075,1075,0,0.07206064899439077,0
5,442,4504,4504,1,0.7330150359157845,1
5,442,4755,4755,1,0.6674932615215031,1
5,442,4950,4950,0,0.7278339353075467,1
5,442,4958,4958,1,0.583545948524857,1
5,442,4996,4996,1,0.4853796867096548,0
5,442,5096,5096,1,0.7717516596905101,1
5,442,1732,1732,0,0.14740489782512223,0
5,442,2187,2187,1,0.4909862460435159,0
5,442,813,813,1,0.9925562354931173,1
5,442,814,814,0,0.009817691930903505,0
5,442,1696,1696,0,0.18557960122469055,0
5,442,3616,3616,0,0.11775632843724554,0
5,442,4157,4157,1,0.9152239364130085,1
5,442,4420,4420,1,0.4570655462023166,0
5,442,4421,4421,1,0.7309485601846248,1
5,442,4537,4537,1,0.8681570270478982,1
5,442,4650,4650,1,0.8125178428158074,1
5,442,2211,2211,0,0.06600520145608232,0
5,442,3780,3780,0,0.2777244067198143,0
5,442,3053,3053,0,0.016487771201386597,0
5,442,3054,3054,0,0.016487771201386597,0
5,442,3055,3055,0,0.016487771201386597,0
5,442,3056,3056,0,0.016487771201386597,0
5,442,3057,3057,0,0.016487771201386597,0
5,442,3058,3058,0,0.016487771201386597,0
5,442,3059,3059,0,0.016487771201386597,0
5,442,3060,3060,0,0.016487771201386597,0
5,442,3061,3061,0,0.016487771201386597,0
5,442,3062,3062,0,0.016487771201386597,0
5,442,3836,3836,1,0.6882565432811928,1
5,442,3798,3798,1,0.8913242852395535,1
5,442,2108,2108,0,0.1174516837673108,0
5,442,674,674,1,0.44850930924937427,0
5,442,469,469,1,0.6324465525440232,1
5,442,472,472,1,0.48465124137381227,0
5,442,481,481,1,0.7809332963796278,1
5,442,484,484,1,0.7132036783182332,1
5,442,485,485,1,0.7132036783182332,1
5,442,642,642,1,0.8353234702216532,1
5,442,643,643,1,0.8353234702216532,1
5,442,644,644,1,0.9257201748852704,1
5,442,645,645,1,0.9257201748852704,1
5,442,646,646,1,0.7311583639824228,1
5,442,648,648,1,0.6654397405033939,1
5,442,670,670,0,0.7370630592243853,1
5,442,1082,1082,1,0.5734203106628435,1
5,442,1084,1084,1,0.5174673552635304,1
5,442,2171,2171,0,0.22559014278575673,0
5,442,1825,1825,1,0.5814301518492179,1
5,442,1840,1840,0,0.023416987035102445,0
5,442,1701,1701,0,0.1611453863601934,0
5,442,3441,3441,1,0.7118727783658753,1
5,442,2075,2075,0,0.02880694251464312,0
5,442,2694,2694,0,0.3697459508119094,0
5,442,2920,2920,0,0.5249888533299546,1
5,442,2921,2921,0,0.25096586431277224,0
5,442,2922,2922,0,0.933477646962277,1
5,442,2923,2923,0,0.8574926405454872,1
5,442,2924,2924,0,0.8131008461762033,1
5,442,2925,2925,0,0.6955675878208097,1
5,442,2926,2926,0,0.795509389887569,1
5,442,3024,3024,0,0.09679275334814874,0
5,442,3025,3025,0,0.3133471973214851,0
5,442,3026,3026,0,0.39675848836611666,0
5,442,3027,3027,0,0.39915340080860096,0
5,442,3028,3028,0,0.2823146250276092,0
5,442,3169,3169,0,0.348691356543025,0
5,442,3170,3170,0,0.6490201943977426,1
5,442,3228,3228,0,0.41427531622909924,0
5,442,3229,3229,0,0.7735971156503488,1
5,442,3331,3331,0,0.3148438119766884,0
5,442,3834,3834,0,0.15197345351911948,0
5,442,3835,3835,0,0.19147383938414497,0
5,442,3986,3986,0,0.2080946760866518,0
5,442,3987,3987,0,0.42707574442616425,0
5,442,3299,3299,1,0.8021951424390038,1
5,442,4033,4033,1,0.5155158096861233,1
5,442,1715,1715,1,0.056824316322642336,0
5,442,1776,1776,1,0.06659133496892858,0
5,442,1814,1814,1,0.06710316464442224,0
5,442,1841,1841,1,0.04172216112718956,0
5,442,1875,1875,1,0.18392584817401514,0
5,442,2024,2024,1,0.0789501677190429,0
5,442,2141,2141,0,0.24731786662563346,0
5,442,3650,3650,0,0.7144341595476169,1
5,442,3906,3906,0,0.7267569228639451,1
5,442,4039,4039,0,0.6333629652327384,1
5,442,506,506,1,0.9595955883125369,1
5,442,4042,4042,0,0.036248240391318326,0
5,442,3328,3328,0,0.4911272994625945,0
5,442,3672,3672,0,0.19397864116934352,0
5,442,3673,3673,0,0.12452634182547058,0
5,442,3816,3816,0,0.18942264769207895,0
5,442,3840,3840,0,0.4421769036922644,0
5,442,3841,3841,0,0.43223202036229047,0
5,442,4094,4094,0,0.14949397722500704,0
5,442,609,609,1,0.9687439911070921,1
5,442,1217,1217,1,0.3913300706102704,0
5,442,473,473,0,0.8946931284941085,1
5,442,3777,3777,0,0.4488542094161312,0
5,442,3988,3988,1,0.5013573756014039,1
5,442,3813,3813,0,0.44424766857844505,0
5,442,2351,2351,0,0.3889950032430894,0
5,442,2352,2352,0,0.25997589725887893,0
5,442,2353,2353,0,0.3889950032430894,0
5,442,2354,2354,0,0.3889950032430894,0
5,442,2527,2527,0,0.2501564788261427,0
5,442,2528,2528,0,0.18993616715743677,0
5,442,2529,2529,0,0.22934934526329867,0
5,442,2530,2530,0,0.2569693105395958,0
5,442,2531,2531,0,0.29827291736038564,0
5,442,2532,2532,0,0.24893182220073895,0
5,442,2533,2533,0,0.5167179364592628,1
5,442,2534,2534,0,0.37378292497949483,0
5,442,2697,2697,0,0.30593388617273964,0
5,442,2698,2698,0,0.1669302295063755,0
5,442,2699,2699,0,0.5046822557183964,1
5,442,2700,2700,0,0.36621855280800947,0
5,442,2701,2701,0,0.4251872980196592,0
5,442,2869,2869,0,0.1881745402295,0
5,442,2870,2870,0,0.16979981224992685,0
5,442,2871,2871,0,0.1881745402295,0
5,442,2878,2878,0,0.43826882288027114,0
5,442,2879,2879,0,0.4521570642846091,0
5,442,2880,2880,0,0.43826882288027114,0
5,442,3015,3015,0,0.3448383687372481,0
5,442,3016,3016,0,0.25146398282384846,0
5,442,3017,3017,0,0.15892138766587507,0
5,442,3147,3147,0,0.6464768414007785,1
5,442,3148,3148,0,0.6464768414007785,1
5,442,3154,3154,0,0.5562140943798839,1
5,442,3372,3372,0,0.06833033730759228,0
5,442,3373,3373,0,0.05101329555578975,0
5,442,3413,3413,0,0.07825846634226713,0
5,442,3414,3414,0,0.07696756290006214,0
5,442,3726,3726,0,0.2908423079859617,0
5,442,3731,3731,0,0.29150880560169457,0
5,442,3874,3874,0,0.2578659461795249,0
5,442,3875,3875,0,0.03553082450386372,0
5,442,4570,4570,0,0.10703571998115992,0
5,442,4946,4946,0,0.1628935887587926,0
5,442,4959,4959,0,0.2441781020360006,0
5,442,1980,1980,0,0.039842961703631524,0
5,442,4040,4040,1,0.015003595107778428,0
5,442,4289,4289,1,0.10827935045800491,0
5,442,4328,4328,1,0.10536605894636394,0
5,442,4329,4329,1,0.10536605894636394,0
5,442,4427,4427,1,0.05271755808515032,0
5,442,4428,4428,1,0.05271755808515032,0
5,442,4542,4542,1,0.1220496588784492,0
5,442,4543,4543,1,0.1220496588784492,0
5,442,4648,4648,1,0.04286195890014134,0
5,442,4649,4649,1,0.04286195890014134,0
5,442,3847,3847,0,0.731165802047004,1
5,442,4526,4526,1,0.7834777151515854,1
5,442,3327,3327,1,0.9559795029355227,1
5,442,3568,3568,1,0.9803154207974053,1
5,442,3569,3569,1,0.8992237004038626,1
5,442,4005,4005,1,0.9341504946947986,1
5,442,4010,4010,1,0.9341504946947986,1
5,442,4290,4290,1,0.9099676587722949,1
5,442,5200,5200,0,0.4134355892745083,0
5,442,4445,4445,0,0.13500211780602647,0
5,442,4740,4740,0,0.38398544336306084,0
5,442,3814,3814,0,0.0636825144793771,0
5,442,4661,4661,1,0.3164116569071603,0
5,442,4999,4999,0,0.4565349196408815,0
5,442,337,337,1,0.15168278803731847,0
5,442,338,338,1,0.15168278803731847,0
5,442,339,339,1,0.15168278803731847,0
5,442,340,340,1,0.15168278803731847,0
5,442,389,389,0,0.04533560373869095,0
5,442,390,390,0,0.04533560373869095,0
5,442,391,391,0,0.04533560373869095,0
5,442,971,971,1,0.17606285599503893,0
5,442,1547,1547,0,0.4724861309696302,0
5,442,3072,3072,1,0.8425790449477226,1
5,442,4582,4582,0,0.016133584856921818,0
5,442,3674,3674,0,0.8967431923831054,1
5,442,4499,4499,0,0.9654946157564608,1
5,442,3325,3325,0,0.1592486320510443,0
5,442,4218,4218,0,0.3518623784448038,0
5,442,4742,4742,0,0.13682049447581873,0
5,442,1577,1577,1,0.24478663706595366,0
5,442,1578,1578,1,0.24478663706595366,0
5,442,1579,1579,1,0.24478663706595366,0
5,442,1852,1852,1,0.3630700868080188,0
5,442,1853,1853,1,0.3630700868080188,0
5,442,3668,3668,0,0.6595355706436734,1
5,442,3669,3669,0,0.6595355706436734,1
5,442,4511,4511,0,0.7768124895155895,1
5,442,4129,4129,1,0.7444590400072132,1
5,442,4281,4281,1,0.7525118719312488,1
5,442,4395,4395,1,0.35660410628761596,0
5,442,71,71,1,0.6280765646874448,1
5,442,72,72,1,0.6280765646874448,1
5,442,73,73,1,0.6280765646874448,1
5,442,156,156,1,0.531305225750797,1
5,442,157,157,0,0.0454535620552748,0
5,442,186,186,0,0.3926074133795976,0
5,442,187,187,0,0.3926074133795976,0
5,442,975,975,1,0.5572805101418894,1
5,442,430,430,1,0.9526651991590924,1
5,442,737,737,1,0.9766949841797599,1
5,442,3315,3315,0,0.1966163283240724,0
5,442,3316,3316,0,0.16030992308184494,0
5,442,4932,4932,1,0.08294725204201785,0
5,442,4940,4940,0,0.029534871328971993,0
5,442,4974,4974,0,0.03929571262121918,0
5,442,4989,4989,0,0.054305561673913615,0
5,442,5031,5031,0,0.06868710349853556,0
5,442,5061,5061,0,0.014695367788101278,0
5,442,5062,5062,0,0.07757788775466105,0
5,442,5085,5085,1,0.3106539450874796,0
5,442,2012,2012,0,0.044358108490201574,0
5,442,1604,1604,1,0.5734939904826175,1
5,442,2092,2092,1,0.9764354291861577,1
5,442,2093,2093,1,0.9764354291861577,1
5,442,4256,4256,0,0.45032981608828426,0
5,442,5149,5149,0,0.1473015642230314,0
5,442,5150,5150,1,0.0543244263214969,0
5,442,950,950,1,0.3662877895292213,0
5,442,951,951,1,0.11475001621838422,0
5,442,1963,1963,1,0.9469078370710318,1
5,442,2197,2197,1,0.881033154824183,1
5,442,2230,2230,1,0.9182608642764214,1
5,442,790,790,1,0.9865139054222181,1
5,442,791,791,0,0.015205750825504174,0
5,442,1189,1189,1,0.2666597279416919,0
5,442,5,5,1,0.9645551465686052,1
5,442,6,6,0,0.015094578422017807,0
5,442,7,7,0,0.015094578422017807,0
5,442,8,8,0,0.015094578422017807,0
5,442,9,9,0,0.015094578422017807,0
5,442,10,10,0,0.015094578422017807,0
5,442,11,11,0,0.006535449465995618,0
5,442,12,12,0,0.006535449465995618,0
5,442,13,13,0,0.006535449465995618,0
5,442,14,14,0,0.009288742148494346,0
5,442,15,15,0,0.015289440062060875,0
5,442,16,16,1,0.9185552296365382,1
5,442,17,17,1,0.9893098136206202,1
5,442,18,18,1,0.880746150712665,1
5,442,19,19,1,0.880746150712665,1
5,442,20,20,1,0.880746150712665,1
5,442,21,21,1,0.880746150712665,1
5,442,22,22,1,0.880746150712665,1
5,442,23,23,1,0.8446869387796034,1
5,442,24,24,1,0.8446869387796034,1
5,442,25,25,1,0.880746150712665,1
5,442,26,26,1,0.8446869387796034,1
5,442,27,27,1,0.8446869387796034,1
5,442,28,28,1,0.880746150712665,1
5,442,29,29,0,0.35770587913583446,0
5,442,30,30,0,0.35770587913583446,0
5,442,31,31,0,0.35770587913583446,0
5,442,32,32,0,0.35770587913583446,0
5,442,33,33,0,0.0989512101402371,0
5,442,34,34,0,0.35770587913583446,0
5,442,35,35,0,0.0989512101402371,0
5,442,36,36,0,0.2194508478834683,0
5,442,37,37,0,0.35770587913583446,0
5,442,38,38,0,0.35770587913583446,0
5,442,39,39,0,0.2194508478834683,0
5,442,40,40,0,0.35770587913583446,0
5,442,43,43,0,0.297278519492137,0
5,442,44,44,0,0.14840636641721588,0
5,442,45,45,0,0.13897517175962504,0
5,442,46,46,0,0.4755073597065232,0
5,442,47,47,0,0.4755073597065232,0
5,442,48,48,1,0.9000322030804907,1
5,442,49,49,1,0.20224859944903822,0
5,442,50,50,0,0.8212631829933094,1
5,442,51,51,0,0.8212631829933094,1
5,442,52,52,0,0.6227639657903405,1
5,442,54,54,0,0.23238716153314948,0
5,442,55,55,0,0.23238716153314948,0
5,442,56,56,0,0.23238716153314948,0
5,442,62,62,0,0.009192225692354226,0
5,442,63,63,0,0.009192225692354226,0
5,442,64,64,0,0.009192225692354226,0
5,442,65,65,0,0.009192225692354226,0
5,442,66,66,0,0.009192225692354226,0
5,442,67,67,0,0.009192225692354226,0
5,442,68,68,0,0.009192225692354226,0
5,442,69,69,0,0.009192225692354226,0
5,442,74,74,1,0.7739736280928631,1
5,442,75,75,1,0.8315690095624159,1
5,442,76,76,1,0.8315690095624159,1
5,442,77,77,1,0.8315690095624159,1
5,442,78,78,1,0.8759487011658472,1
5,442,79,79,1,0.8759487011658472,1
5,442,82,82,1,0.6564312288919064,1
5,442,83,83,1,0.6564312288919064,1
5,442,84,84,0,0.06808281829745487,0
5,442,85,85,0,0.06808281829745487,0
5,442,86,86,0,0.029597092296837397,0
5,442,87,87,0,0.06808281829745487,0
5,442,88,88,0,0.22019400812020395,0
5,442,89,89,1,0.7393632312712336,1
5,442,90,90,0,0.22727915822146116,0
5,442,91,91,0,0.22727915822146116,0
5,442,92,92,0,0.048978334415258055,0
5,442,93,93,1,0.8883302941105587,1
5,442,94,94,1,0.8883302941105587,1
5,442,95,95,1,0.9848555473765487,1
5,442,98,98,0,0.05339824632858281,0
5,442,99,99,0,0.09299139932757874,0
5,442,100,100,0,0.05742561322605853,0
5,442,101,101,1,0.9287804626888425,1
5,442,105,105,0,0.3416027254280568,0
5,442,106,106,0,0.4138939852784795,0
5,442,107,107,0,0.4138939852784795,0
5,442,108,108,0,0.4138939852784795,0
5,442,110,110,1,0.5906995739142371,1
5,442,111,111,0,0.7060762042762013,1
5,442,112,112,0,0.7060762042762013,1
5,442,114,114,0,0.01648510300930567,0
5,442,115,115,0,0.16120168665137524,0
5,442,116,116,0,0.16120168665137524,0
5,442,117,117,0,0.03468400589412636,0
5,442,118,118,0,0.03468400589412636,0
5,442,119,119,0,0.03468400589412636,0
5,442,120,120,0,0.03468400589412636,0
5,442,121,121,0,0.03468400589412636,0
5,442,124,124,0,0.2088766784517046,0
5,442,125,125,0,0.020777471362671978,0
5,442,126,126,0,0.011910638263983935,0
5,442,127,127,0,0.011910638263983935,0
5,442,128,128,0,0.011910638263983935,0
5,442,129,129,0,0.018650986141752188,0
5,442,130,130,0,0.07761977619383238,0
5,442,131,131,0,0.09140610276567739,0
5,442,132,132,0,0.34249521580939174,0
5,442,133,133,1,0.872068712188024,1
5,442,136,136,0,0.11087790067088112,0
5,442,137,137,0,0.11087790067088112,0
5,442,149,149,1,0.2657742932215981,0
5,442,150,150,1,0.2549847413461427,0
5,442,151,151,1,0.2549847413461427,0
5,442,152,152,0,0.1875782929352912,0
5,442,153,153,0,0.8955808049370231,1
5,442,154,154,0,0.5779336785704497,1
5,442,158,158,1,0.9286175853184427,1
5,442,159,159,0,0.6678176105874095,1
5,442,160,160,0,0.8531913792177581,1
5,442,161,161,0,0.8531913792177581,1
5,442,162,162,1,0.58760450853089,1
5,442,163,163,1,0.9220130183444049,1
5,442,164,164,1,0.5757506112779236,1
5,442,165,165,0,0.13272231738585286,0
5,442,168,168,1,0.9043994719510744,1
5,442,169,169,1,0.894116458986143,1
5,442,170,170,1,0.894116458986143,1
5,442,171,171,1,0.9043994719510744,1
5,442,172,172,1,0.894116458986143,1
5,442,173,173,1,0.9103628354719768,1
5,442,174,174,0,0.025856765845789737,0
5,442,175,175,0,0.025856765845789737,0
5,442,176,176,0,0.04133599028495205,0
5,442,177,177,0,0.00485163085160054,0
5,442,178,178,0,0.23805792954287047,0
5,442,179,179,0,0.23805792954287047,0
5,442,181,181,0,0.48336015812682553,0
5,442,182,182,1,0.8775476298898882,1
5,442,183,183,1,0.8444405357935852,1
5,442,184,184,1,0.8775476298898882,1
5,442,188,188,0,0.5830800814875842,1
5,442,189,189,0,0.7447008074928345,1
5,442,190,190,0,0.7447008074928345,1
5,442,191,191,0,0.7447008074928345,1
5,442,194,194,1,0.8985415532669324,1
5,442,195,195,1,0.8985415532669324,1
5,442,196,196,1,0.8985415532669324,1
5,442,199,199,1,0.7482943461665237,1
5,442,200,200,1,0.7482943461665237,1
5,442,201,201,0,0.4742726768260959,0
5,442,212,212,0,0.7062603470119871,1
5,442,213,213,0,0.7062603470119871,1
5,442,214,214,0,0.7062603470119871,1
5,442,215,215,0,0.554617105471975,1
5,442,216,216,0,0.554617105471975,1
5,442,217,217,0,0.48486277683897744,0
5,442,229,229,0,0.027060077198858324,0
5,442,230,230,1,0.927352253427838,1
5,442,231,231,1,0.927352253427838,1
5,442,232,232,1,0.927352253427838,1
5,442,233,233,1,0.927352253427838,1
5,442,234,234,1,0.927352253427838,1
5,442,235,235,1,0.927352253427838,1
5,442,236,236,0,0.013332283934235368,0
5,442,237,237,1,0.9467132194941232,1
5,442,246,246,1,0.7527313100763235,1
5,442,247,247,1,0.7527313100763235,1
5,442,248,248,1,0.7527313100763235,1
5,442,262,262,1,0.6889565939314055,1
5,442,263,263,1,0.7403743348567641,1
5,442,264,264,1,0.8640978344219126,1
5,442,265,265,1,0.8640978344219126,1
5,442,266,266,1,0.8640978344219126,1
5,442,267,267,1,0.9462973363262369,1
5,442,268,268,0,0.021844832819285648,0
5,442,269,269,1,0.9047803420361167,1
5,442,270,270,1,0.9047803420361167,1
5,442,271,271,1,0.9047803420361167,1
5,442,272,272,1,0.9047803420361167,1
5,442,273,273,1,0.9047803420361167,1
5,442,274,274,1,0.8949414453185244,1
5,442,288,288,1,0.5264131366609072,1
5,442,289,289,1,0.5493963648774898,1
5,442,290,290,0,0.13042073943225427,0
5,442,291,291,0,0.13042073943225427,0
5,442,292,292,0,0.13042073943225427,0
5,442,293,293,0,0.021946997779194146,0
5,442,294,294,0,0.28023669447128446,0
5,442,308,308,1,0.8898748705091106,1
5,442,309,309,1,0.7615599048201805,1
5,442,310,310,1,0.7270574219944741,1
5,442,311,311,1,0.7615599048201805,1
5,442,312,312,1,0.7270574219944741,1
5,442,313,313,1,0.07451162793534859,0
5,442,314,314,1,0.07451162793534859,0
5,442,315,315,1,0.07451162793534859,0
5,442,316,316,1,0.16236761537340502,0
5,442,317,317,1,0.9844436762045679,1
5,442,318,318,1,0.9844436762045679,1
5,442,319,319,1,0.981247864218648,1
5,442,320,320,1,0.981247864218648,1
5,442,321,321,0,0.00799301353963626,0
5,442,322,322,0,0.00799301353963626,0
5,442,323,323,1,0.977974672936759,1
5,442,324,324,0,0.013554458370183193,0
5,442,325,325,0,0.013554458370183193,0
5,442,326,326,0,0.013554458370183193,0
5,442,327,327,0,0.013554458370183193,0
5,442,328,328,1,0.7765220990555426,1
5,442,332,332,1,0.870702330074377,1
5,442,333,333,1,0.42288306280506505,0
5,442,334,334,1,0.42288306280506505,0
5,442,335,335,1,0.6426384802947323,1
5,442,336,336,0,0.05322558050634972,0
5,442,343,343,0,0.6178194221412887,1
5,442,351,351,1,0.6929906091950304,1
5,442,352,352,1,0.6929906091950304,1
5,442,353,353,1,0.6329889289725902,1
5,442,354,354,1,0.09310301589045182,0
5,442,355,355,0,0.054078481697901866,0
5,442,356,356,0,0.014001482475554689,0
5,442,357,357,0,0.48364546431029365,0
5,442,358,358,0,0.48364546431029365,0
5,442,359,359,1,0.4110696335225652,0
5,442,360,360,0,0.010831705365506537,0
5,442,369,369,1,0.21264797047312678,0
5,442,370,370,0,0.6697785407665329,1
5,442,371,371,1,0.12547680033671998,0
5,442,372,372,1,0.12547680033671998,0
5,442,373,373,0,0.39588383737728206,0
5,442,374,374,0,0.39588383737728206,0
5,442,375,375,0,0.01731880331156588,0
5,442,376,376,1,0.7652823778948401,1
5,442,377,377,1,0.5538532900777764,1
5,442,378,378,1,0.5538532900777764,1
5,442,379,379,1,0.3391455918926157,0
5,442,380,380,0,0.15479181659683328,0
5,442,381,381,0,0.1363500344725886,0
5,442,416,416,1,0.895013326169796,1
5,442,417,417,1,0.8518523796560475,1
5,442,418,418,1,0.8518523796560475,1
5,442,419,419,0,0.4633901272647212,0
5,442,420,420,0,0.21908137320051288,0
5,442,421,421,0,0.0808463355768984,0
5,442,422,422,1,0.996152722034246,1
5,442,429,429,0,0.11770801169114874,0
5,442,432,432,0,0.010196874839858247,0
5,442,433,433,1,0.6529958217947653,1
5,442,436,436,1,0.9830399904602548,1
5,442,437,437,0,0.019624796281360615,0
5,442,442,442,1,0.985938363821569,1
5,442,443,443,0,0.44555069219618215,0
5,442,444,444,0,0.07956475967553346,0
5,442,445,445,1,0.8954306792859023,1
5,442,446,446,1,0.6175728001832457,1
5,442,454,454,0,0.6245991721776485,1
5,442,458,458,0,0.1339060287043457,0
5,442,462,462,0,0.37773027943906257,0
5,442,463,463,0,0.37773027943906257,0
5,442,467,467,0,0.007987473310686059,0
5,442,475,475,0,0.5147309731252508,1
5,442,496,496,1,0.7683970693848727,1
5,442,498,498,1,0.8601780585323008,1
5,442,499,499,1,0.8556857439356539,1
5,442,500,500,1,0.8556857439356539,1
5,442,501,501,1,0.881050596089276,1
5,442,502,502,1,0.881050596089276,1
5,442,504,504,1,0.7436983117939268,1
5,442,505,505,1,0.8805337713279169,1
5,442,507,507,0,0.0664482972965751,0
5,442,509,509,0,0.14236482237308704,0
5,442,510,510,0,0.14687283619634758,0
5,442,511,511,0,0.14687283619634758,0
5,442,512,512,0,0.0808463355768984,0
5,442,513,513,0,0.255639673582098,0
5,442,514,514,1,0.8874272164283136,1
5,442,522,522,0,0.27315997687956467,0
5,442,523,523,0,0.038579373296791106,0
5,442,527,527,1,0.78416929738918,1
5,442,528,528,1,0.7746536032438793,1
5,442,529,529,1,0.8836552026716307,1
5,442,530,530,1,0.565721942384864,1
5,442,531,531,0,0.3287023079920926,0
5,442,534,534,0,0.03471456956426243,0
5,442,535,535,1,0.9571067798537134,1
5,442,536,536,0,0.006145758828184593,0
5,442,540,540,1,0.8697659334385552,1
5,442,541,541,1,0.8697659334385552,1
5,442,542,542,1,0.9088389163919908,1
5,442,543,543,1,0.92616068987806,1
5,442,544,544,1,0.9695613450222826,1
5,442,545,545,0,0.011794944870415033,0
5,442,546,546,0,0.00828050715556679,0
5,442,547,547,1,0.9846330572854185,1
5,442,548,548,0,0.01122760567882971,0
5,442,549,549,1,0.9929007293103163,1
5,442,550,550,0,0.012751734899599519,0
5,442,551,551,1,0.7038545298324277,1
5,442,553,553,0,0.4770154241598476,0
5,442,554,554,0,0.12985676368741333,0
5,442,562,562,1,0.8288312450335855,1
5,442,572,572,1,0.9880499301318137,1
5,442,573,573,0,0.01172719680114484,0
5,442,574,574,1,0.9952768198167297,1
5,442,575,575,0,0.0064548156495630084,0
5,442,580,580,1,0.9943173862870104,1
5,442,581,581,0,0.007415047008658433,0
5,442,586,586,0,0.3902221995566487,0
5,442,596,596,1,0.2834647212368719,0
5,442,597,597,0,0.6042373134246448,1
5,442,600,600,0,0.4667748407822498,0
5,442,612,612,1,0.689675422731339,1
5,442,615,615,0,0.23599617594267416,0
5,442,622,622,0,0.18596787818282626,0
5,442,623,623,0,0.12945260156943914,0
5,442,625,625,0,0.2543879487600067,0
5,442,637,637,1,0.6988103410980385,1
5,442,656,656,0,0.23459236227364802,0
5,442,657,657,0,0.23459236227364802,0
5,442,669,669,1,0.7457931499289983,1
5,442,698,698,0,0.013978559301459354,0
5,442,699,699,0,0.07518591863871217,0
5,442,700,700,0,0.08702958350406796,0
5,442,701,701,0,0.05062502895800161,0
5,442,703,703,0,0.04739559508938633,0
5,442,704,704,0,0.07201987800592688,0
5,442,710,710,0,0.13505217830374927,0
5,442,711,711,1,0.3087436037457244,0
5,442,712,712,1,0.7232152210295972,1
5,442,713,713,1,0.9301085938974553,1
5,442,714,714,1,0.5867766029112024,1
5,442,715,715,0,0.729154823244214,1
5,442,716,716,1,0.5865667440049335,1
5,442,717,717,0,0.057636515422316445,0
5,442,719,719,0,0.035783938188286464,0
5,442,722,722,1,0.8289602982389095,1
5,442,723,723,1,0.8289602982389095,1
5,442,726,726,1,0.8498730543643632,1
5,442,727,727,1,0.8156783327682469,1
5,442,728,728,1,0.8620636803306685,1
5,442,729,729,1,0.31224384347109313,0
5,442,730,730,0,0.5952498494271755,1
5,442,732,732,0,0.12406427073169253,0
5,442,734,734,0,0.19237555630850597,0
5,442,735,735,0,0.31190408637470196,0
5,442,741,741,1,0.4037213987611065,0
5,442,742,742,1,0.7068571675170028,1
5,442,743,743,0,0.4389277706708708,0
5,442,744,744,1,0.9050304003254014,1
5,442,745,745,1,0.8935506733400388,1
5,442,746,746,1,0.7163602338898316,1
5,442,750,750,1,0.9438114902291255,1
5,442,753,753,1,0.1734086830845478,0
5,442,754,754,1,0.6189192348847055,1
5,442,755,755,0,0.1000923191846526,0
5,442,756,756,0,0.00878031461331998,0
5,442,757,757,0,0.0030483651134092485,0
5,442,758,758,0,0.026488542973333837,0
5,442,760,760,1,0.8229963906663839,1
5,442,761,761,1,0.822806549953027,1
5,442,764,764,0,0.11672228249727397,0
5,442,767,767,0,0.24411233068235022,0
5,442,768,768,1,0.8366781183682994,1
5,442,769,769,0,0.023157864001440622,0
5,442,770,770,1,0.6675022832749096,1
5,442,771,771,0,0.19543320012211957,0
5,442,772,772,1,0.9183107783648491,1
5,442,773,773,0,0.14664114455890362,0
5,442,774,774,0,0.008266961858879651,0
5,442,775,775,1,0.9835072163067895,1
5,442,776,776,0,0.005794053414703611,0
5,442,777,777,1,0.9790260755528859,1
5,442,778,778,0,0.002352720247597396,0
5,442,779,779,1,0.378168054100425,0
5,442,780,780,1,0.7650608739559321,1
5,442,781,781,1,0.32202223855055284,0
5,442,782,782,0,0.45594526831232207,0
5,442,783,783,1,0.4840217373059462,0
5,442,784,784,0,0.4400248643625544,0
5,442,785,785,1,0.9792819702758492,1
5,442,786,786,0,0.015925811609023722,0
5,442,787,787,1,0.9862910298811559,1
5,442,788,788,0,0.006807081302359602,0
5,442,789,789,1,0.7951772443395572,1
5,442,792,792,0,0.025040437540242728,0
5,442,795,795,1,0.7705459360886427,1
5,442,796,796,1,0.915281926290636,1
5,442,808,808,1,0.9271005263545153,1
5,442,809,809,0,0.022641958181968142,0
5,442,810,810,1,0.926651432861896,1
5,442,817,817,1,0.8290037084932596,1
5,442,818,818,0,0.031086154017324556,0
5,442,819,819,1,0.9769983675377537,1
5,442,820,820,0,0.040070283401406705,0
5,442,821,821,1,0.3382954356824943,0
5,442,822,822,0,0.35140682357128467,0
5,442,823,823,1,0.9923950786622439,1
5,442,825,825,1,0.9564381301685533,1
5,442,826,826,1,0.9595479553144428,1
5,442,828,828,1,0.8882122253503736,1
5,442,829,829,1,0.9200704158452782,1
5,442,830,830,1,0.9216588984190783,1
5,442,844,844,0,0.0391570176500401,0
5,442,845,845,1,0.8954816462136787,1
5,442,857,857,1,0.9682533262652044,1
5,442,858,858,0,0.003964347000771551,0
5,442,859,859,1,0.9382570186371546,1
5,442,860,860,0,0.05949153562044879,0
5,442,912,912,0,0.556720905018731,1
5,442,913,913,0,0.24296990438050464,0
5,442,914,914,0,0.15074168063615387,0
5,442,915,915,1,0.6869336454062996,1
5,442,916,916,1,0.5677263657356324,1
5,442,917,917,1,0.6143711749052857,1
5,442,918,918,0,0.5849108506332437,1
5,442,919,919,1,0.4257509386792371,0
5,442,920,920,0,0.5913263847907319,1
5,442,921,921,1,0.7976821339111142,1
5,442,922,922,1,0.39987541730303316,0
5,442,941,941,0,0.28838823500154814,0
5,442,944,944,0,0.026054189004589834,0
5,442,954,954,1,0.11435682706630755,0
5,442,961,961,1,0.13509588968212524,0
5,442,963,963,1,0.32583807867345344,0
5,442,964,964,0,0.10113758394435993,0
5,442,965,965,0,0.10113758394435993,0
5,442,991,991,1,0.7658763389804212,1
5,442,992,992,0,0.2908588297556189,0
5,442,993,993,0,0.3921509497686308,0
5,442,994,994,0,0.5000747983808546,1
5,442,995,995,0,0.2528878845009342,0
5,442,1029,1029,1,0.1981833768089893,0
5,442,1030,1030,0,0.7349087961862515,1
5,442,1031,1031,0,0.4192166260129701,0
5,442,1032,1032,0,0.21724372486560303,0
5,442,1033,1033,0,0.6685574256688879,1
5,442,1034,1034,0,0.64490611633566,1
5,442,1036,1036,0,0.13053047736941495,0
5,442,1037,1037,1,0.7229859058810139,1
5,442,1038,1038,0,0.03877624906053701,0
5,442,1039,1039,1,0.13727207322139146,0
5,442,1040,1040,0,0.004314121513386582,0
5,442,1052,1052,1,0.6346352930621196,1
5,442,1069,1069,1,0.7593716022615269,1
5,442,1071,1071,0,0.023823663102743045,0
5,442,1086,1086,1,0.5339607042353385,1
5,442,1087,1087,1,0.6079245357807477,1
5,442,1088,1088,1,0.890829663744088,1
5,442,1160,1160,1,0.9652419519678936,1
5,442,1162,1162,1,0.9512131292434552,1
5,442,1163,1163,1,0.9445340550737953,1
5,442,1164,1164,1,0.9208674536794323,1
5,442,1165,1165,1,0.9160009482480627,1
5,442,1166,1166,1,0.9340501633220413,1
5,442,1167,1167,1,0.7900898021019311,1
5,442,1168,1168,1,0.8934027258169281,1
5,442,1169,1169,1,0.7330162271690499,1
5,442,1172,1172,0,0.2339414839786962,0
5,442,1188,1188,1,0.9422627069846742,1
5,442,1190,1190,1,0.9474844583701969,1
5,442,1191,1191,1,0.9728284027599408,1
5,442,1192,1192,1,0.9549686303773836,1
5,442,1194,1194,1,0.9720688656158533,1
5,442,1195,1195,1,0.9580435146272726,1
5,442,1196,1196,1,0.9375807227021279,1
5,442,1197,1197,1,0.9733638730718244,1
5,442,1199,1199,1,0.9562030471972057,1
5,442,1200,1200,1,0.9705892607494772,1
5,442,1202,1202,1,0.6113189978041706,1
5,442,1206,1206,1,0.9027929091173541,1
5,442,1207,1207,1,0.9612574157841879,1
5,442,1208,1208,1,0.9618828660146503,1
5,442,1209,1209,1,0.9610108701282263,1
5,442,1210,1210,0,0.3802079857086337,0
5,442,1211,1211,0,0.29576705609661497,0
5,442,1212,1212,0,0.6829584922071996,1
5,442,1213,1213,1,0.7960975776009876,1
5,442,1214,1214,1,0.8862578086225968,1
6,542,4380,4380,0,0.015912793021228264,0
6,542,1448,1448,0,0.03334698445163561,0
6,542,1449,1449,1,0.6922528337015063,1
6,542,256,256,0,0.11350993435126089,0
6,542,257,257,0,0.11350993435126089,0
6,542,4018,4018,1,0.08884424725710445,0
6,542,4144,4144,1,0.051958755885082315,0
6,542,4184,4184,0,0.17162481480674358,0
6,542,4283,4283,0,0.32486771054872055,0
6,542,4303,4303,1,0.12276976397319378,0
6,542,4418,4418,1,0.230905315967996,0
6,542,4419,4419,1,0.230905315967996,0
6,542,4619,4619,0,0.7640872558696041,1
6,542,3837,3837,0,0.0628607033686378,0
6,542,4923,4923,1,0.9782174797709815,1
6,542,4924,4924,1,0.7535940329136467,1
6,542,4925,4925,1,0.7535940329136467,1
6,542,5025,5025,1,0.467951895189363,0
6,542,5026,5026,1,0.9767021366936375,1
6,542,5027,5027,1,0.9767021366936375,1
6,542,4483,4483,1,0.9695638620747689,1
6,542,2078,2078,0,0.026232755961973074,0
6,542,2125,2125,0,0.03476200651414911,0
6,542,2132,2132,0,0.011688096727224184,0
6,542,2162,2162,0,0.06030520945955744,0
6,542,2203,2203,0,0.03548972463221332,0
6,542,2213,2213,0,0.021250630035592164,0
6,542,4022,4022,1,0.9040770144995602,1
6,542,5149,5149,0,0.07357822507453299,0
6,542,5150,5150,1,0.39322330041903336,0
6,542,1958,1958,1,0.20769903191831085,0
6,542,2233,2233,0,0.017938486523703112,0
6,542,2235,2235,0,0.22602390960998803,0
6,542,2,2,0,0.023853101551871696,0
6,542,3,3,0,0.018997857386728725,0
6,542,4,4,0,0.018997857386728725,0
6,542,109,109,1,0.01839442898634359,0
6,542,185,185,1,0.9408152221063383,1
6,542,218,218,1,0.7754640688460435,1
6,542,219,219,1,0.7754640688460435,1
6,542,220,220,1,0.7754640688460435,1
6,542,221,221,1,0.7754640688460435,1
6,542,222,222,1,0.7754640688460435,1
6,542,223,223,1,0.7754640688460435,1
6,542,241,241,1,0.6843186825783455,1
6,542,242,242,1,0.6843186825783455,1
6,542,243,243,1,0.6843186825783455,1
6,542,244,244,1,0.6843186825783455,1
6,542,245,245,1,0.3264626072124876,0
6,542,249,249,1,0.4629522344663384,0
6,542,250,250,1,0.4629522344663384,0
6,542,251,251,1,0.4629522344663384,0
6,542,252,252,1,0.4629522344663384,0
6,542,253,253,1,0.4629522344663384,0
6,542,254,254,0,0.46439518299808946,0
6,542,255,255,0,0.46439518299808946,0
6,542,278,278,0,0.5820874472931106,1
6,542,279,279,0,0.5820874472931106,1
6,542,280,280,0,0.5820874472931106,1
6,542,281,281,0,0.5820874472931106,1
6,542,282,282,1,0.9204061716551456,1
6,542,283,283,0,0.013106665248389037,0
6,542,298,298,0,0.035635346461617756,0
6,542,299,299,0,0.035635346461617756,0
6,542,300,300,0,0.035635346461617756,0
6,542,301,301,1,0.8010482584292853,1
6,542,302,302,1,0.8010482584292853,1
6,542,303,303,1,0.8010482584292853,1
6,542,304,304,1,0.8010482584292853,1
6,542,305,305,1,0.8010482584292853,1
6,542,306,306,1,0.5461660492190376,1
6,542,307,307,1,0.5461660492190376,1
6,542,362,362,1,0.2061410149454605,0
6,542,363,363,1,0.2061410149454605,0
6,542,364,364,0,0.2600735218297227,0
6,542,365,365,0,0.2600735218297227,0
6,542,386,386,0,0.0184222889735869,0
6,542,387,387,0,0.0184222889735869,0
6,542,388,388,0,0.0184222889735869,0
6,542,392,392,0,0.7255369607887611,1
6,542,393,393,0,0.7255369607887611,1
6,542,394,394,0,0.7255369607887611,1
6,542,395,395,0,0.5998475352847761,1
6,542,396,396,0,0.5998475352847761,1
6,542,397,397,0,0.5998475352847761,1
6,542,398,398,1,0.033221467855122755,0
6,542,399,399,1,0.033221467855122755,0
6,542,400,400,1,0.033221467855122755,0
6,542,401,401,0,0.5442577944067253,1
6,542,402,402,0,0.5442577944067253,1
6,542,403,403,0,0.5442577944067253,1
6,542,404,404,1,0.041469463155758904,0
6,542,405,405,1,0.041469463155758904,0
6,542,406,406,1,0.041469463155758904,0
6,542,407,407,0,0.283829460402294,0
6,542,408,408,0,0.283829460402294,0
6,542,464,464,0,0.06530604993143115,0
6,542,465,465,0,0.06530604993143115,0
6,542,466,466,0,0.06530604993143115,0
6,542,598,598,1,0.7858643761777586,1
6,542,599,599,1,0.7858643761777586,1
6,542,603,603,1,0.7221469014245354,1
6,542,604,604,1,0.2643199562594793,0
6,542,605,605,1,0.2643199562594793,0
6,542,627,627,0,0.34711198129016374,0
6,542,628,628,0,0.34711198129016374,0
6,542,630,630,1,0.09156450160287084,0
6,542,631,631,0,0.9245999293332429,1
6,542,633,633,1,0.8424675551623031,1
6,542,635,635,1,0.7187772641241685,1
6,542,636,636,1,0.2506618787015726,0
6,542,639,639,1,0.6774824780989036,1
6,542,748,748,1,0.5073308768831367,1
6,542,749,749,0,0.31443724189719796,0
6,542,751,751,1,0.9234627927561342,1
6,542,752,752,0,0.01954588787852517,0
6,542,793,793,1,0.4415583378520474,0
6,542,839,839,0,0.3034313995362765,0
6,542,840,840,1,0.20258164881739718,0
6,542,841,841,0,0.034341857439767566,0
6,542,842,842,0,0.12865923737438917,0
6,542,940,940,0,0.23936956480776916,0
6,542,962,962,1,0.861471278374996,1
6,542,966,966,0,0.7227280726343928,1
6,542,967,967,0,0.16786172724931506,0
6,542,968,968,0,0.6916752018208986,1
6,542,1026,1026,0,0.156922456398125,0
6,542,1072,1072,1,0.6432022410372487,1
6,542,1096,1096,1,0.8405817704089455,1
6,542,1097,1097,1,0.8292173491130199,1
6,542,1098,1098,1,0.4166058282729041,0
6,542,1099,1099,0,0.5700264730770361,1
6,542,1100,1100,0,0.6251657802360377,1
6,542,1101,1101,1,0.7032953505109535,1
6,542,1102,1102,1,0.5030526403197867,1
6,542,1103,1103,0,0.581748791144114,1
6,542,1104,1104,0,0.2540075619706692,0
6,542,1132,1132,0,0.015194021005447894,0
6,542,1133,1133,0,0.04215841804037579,0
6,542,1134,1134,0,0.055314939495557304,0
6,542,1139,1139,0,0.2740832863595503,0
6,542,1140,1140,0,0.23011945052016605,0
6,542,1176,1176,1,0.22067333960386593,0
6,542,1203,1203,0,0.05108081471660195,0
6,542,1218,1218,1,0.01839442898634359,0
6,542,3872,3872,0,0.15117155392622678,0
6,542,1604,1604,1,0.42044781839121753,0
6,542,4819,4819,0,0.12345270240935784,0
6,542,584,584,0,0.03992845764359709,0
6,542,585,585,0,0.041642828385214166,0
6,542,892,892,0,0.06886917909581114,0
6,542,894,894,0,0.05811734399422543,0
6,542,900,900,0,0.04161395669078719,0
6,542,905,905,0,0.040670761288485326,0
6,542,1078,1078,0,0.15604701003350024,0
6,542,3658,3658,0,0.4631826937997982,0
6,542,3143,3143,0,0.0316442562558023,0
6,542,3873,3873,0,0.08152722566299257,0
6,542,4024,4024,0,0.04867862004606144,0
6,542,4237,4237,0,0.055972346288686775,0
6,542,1577,1577,1,0.3088041335713847,0
6,542,1578,1578,1,0.3088041335713847,0
6,542,1579,1579,1,0.3088041335713847,0
6,542,1852,1852,1,0.1887493839473992,0
6,542,1853,1853,1,0.1887493839473992,0
6,542,1668,1668,0,0.03489851905598719,0
6,542,1688,1688,0,0.03359562406122117,0
6,542,1698,1698,0,0.0626228682546936,0
6,542,1714,1714,0,0.04392527708396478,0
6,542,1731,1731,0,0.04540702071089097,0
6,542,1761,1761,0,0.017817133068211585,0
6,542,1769,1769,0,0.011489931879991049,0
6,542,1777,1777,0,0.13780199805703836,0
6,542,1785,1785,0,0.03240583103706499,0
6,542,1792,1792,0,0.042116655973724555,0
6,542,1797,1797,1,0.09496283918333706,0
6,542,1813,1813,0,0.026189189095603985,0
6,542,1824,1824,0,0.10164190811666715,0
6,542,1827,1827,0,0.04737954990283407,0
6,542,1830,1830,0,0.03794164554494556,0
6,542,1837,1837,0,0.026365060384518534,0
6,542,1838,1838,0,0.02524077620223842,0
6,542,1843,1843,0,0.018933420764636062,0
6,542,1847,1847,0,0.029711775006293344,0
6,542,1854,1854,0,0.04060156121557931,0
6,542,1859,1859,0,0.02212649419623184,0
6,542,1874,1874,0,0.02984675951758063,0
6,542,1876,1876,0,0.028281398176287786,0
6,542,1884,1884,0,0.03566120142324144,0
6,542,1891,1891,0,0.05631806670437061,0
6,542,1899,1899,0,0.052993914662921755,0
6,542,1900,1900,0,0.054995995482333526,0
6,542,1901,1901,0,0.042446632058452595,0
6,542,1904,1904,0,0.03721782701335926,0
6,542,1910,1910,0,0.06639503302807995,0
6,542,1922,1922,0,0.07848798598663684,0
6,542,1924,1924,0,0.028630168781664658,0
6,542,1926,1926,0,0.021929643507906247,0
6,542,1942,1942,0,0.20995231173284248,0
6,542,1944,1944,0,0.03750765797444718,0
6,542,1946,1946,0,0.05180887154113795,0
6,542,1954,1954,1,0.07866439000063266,0
6,542,1959,1959,0,0.02984864603847112,0
6,542,1967,1967,0,0.008620381699955765,0
6,542,1971,1971,0,0.09449257549688017,0
6,542,1978,1978,0,0.013366202766523907,0
6,542,1982,1982,0,0.08112128658534326,0
6,542,1984,1984,0,0.044409156359907526,0
6,542,1990,1990,0,0.031441740953350575,0
6,542,1999,1999,0,0.02136013933015765,0
6,542,2006,2006,0,0.052104308578400385,0
6,542,2014,2014,0,0.02685314456883808,0
6,542,2019,2019,0,0.029085295708562043,0
6,542,2028,2028,0,0.02706619923890935,0
6,542,2038,2038,0,0.024335962151832927,0
6,542,2040,2040,0,0.024385974921679175,0
6,542,2042,2042,0,0.023039985601606493,0
6,542,2058,2058,0,0.04187217988141582,0
6,542,2059,2059,0,0.0582286810402223,0
6,542,2064,2064,0,0.05113237314612818,0
6,542,2066,2066,0,0.01615304935218946,0
6,542,2095,2095,0,0.03622518786174656,0
6,542,2110,2110,0,0.08207372089055777,0
6,542,2112,2112,0,0.06667928511966031,0
6,542,2118,2118,0,0.059327111476866055,0
6,542,2168,2168,0,0.013098207837160243,0
6,542,2020,2020,1,0.7544713870468596,1
6,542,1588,1588,1,0.09505153270263081,0
6,542,3959,3959,0,0.06776990220260172,0
6,542,4297,4297,0,0.12954429387466285,0
6,542,4644,4644,1,0.1254182335538456,0
6,542,1684,1684,1,0.4046563956093276,0
6,542,1974,1974,0,0.1125721152798327,0
6,542,2033,2033,0,0.043099362264239556,0
6,542,2081,2081,0,0.20443578579136268,0
6,542,2135,2135,0,0.13217681060842482,0
6,542,5041,5041,0,0.11787686037194237,0
6,542,2062,2062,0,0.21423682203970418,0
6,542,1126,1126,1,0.9679922061472495,1
6,542,296,296,1,0.017982948912327067,0
6,542,593,593,0,0.014662297026539014,0
6,542,2400,2400,1,0.9593694125340487,1
6,542,2401,2401,1,0.9593694125340487,1
6,542,2402,2402,1,0.962101250488875,1
6,542,2403,2403,1,0.962101250488875,1
6,542,2404,2404,1,0.962101250488875,1
6,542,2405,2405,1,0.962101250488875,1
6,542,2406,2406,1,0.962101250488875,1
6,542,2407,2407,1,0.9593694125340487,1
6,542,2408,2408,1,0.9593694125340487,1
6,542,2409,2409,1,0.9593694125340487,1
6,542,2410,2410,1,0.962101250488875,1
6,542,2411,2411,1,0.962101250488875,1
6,542,2412,2412,1,0.962101250488875,1
6,542,2413,2413,1,0.962101250488875,1
6,542,2414,2414,1,0.962101250488875,1
6,542,2550,2550,1,0.885855344864193,1
6,542,2551,2551,1,0.885855344864193,1
6,542,2552,2552,1,0.885855344864193,1
6,542,2553,2553,1,0.8731956151616759,1
6,542,2554,2554,1,0.9185401642390081,1
6,542,2555,2555,1,0.9185401642390081,1
6,542,2557,2557,1,0.9514527424004418,1
6,542,2558,2558,1,0.9514527424004418,1
6,542,2559,2559,1,0.9446485607986997,1
6,542,2560,2560,1,0.9449511354097634,1
6,542,2561,2561,1,0.9385116637111973,1
6,542,2562,2562,1,0.9358917919490134,1
6,542,2662,2662,1,0.9313385905528588,1
6,542,2719,2719,1,0.7728197078640716,1
6,542,2720,2720,1,0.9448551379873505,1
6,542,2721,2721,1,0.9448551379873505,1
6,542,2722,2722,1,0.9380973997553577,1
6,542,2723,2723,1,0.8606583437180275,1
6,542,2724,2724,1,0.8738994840329964,1
6,542,2830,2830,1,0.9160618958073388,1
6,542,2837,2837,1,0.8622412198613791,1
6,542,2839,2839,1,0.9199247007963016,1
6,542,2840,2840,1,0.9199247007963016,1
6,542,2841,2841,1,0.797165826499501,1
6,542,2851,2851,1,0.9584718395044546,1
6,542,2852,2852,1,0.7802915156304533,1
6,542,2853,2853,1,0.8350981742973533,1
6,542,2893,2893,1,0.8771498742963825,1
6,542,2894,2894,1,0.8771498742963825,1
6,542,2895,2895,1,0.831579483692304,1
6,542,2896,2896,1,0.831579483692304,1
6,542,2897,2897,1,0.8278223915922578,1
6,542,2899,2899,1,0.8275984451282832,1
6,542,2900,2900,1,0.8204202284642133,1
6,542,2904,2904,1,0.9396379360320809,1
6,542,2905,2905,1,0.9176905625978065,1
6,542,2906,2906,1,0.9263273753919701,1
6,542,2968,2968,1,0.4517750673764751,0
6,542,2969,2969,1,0.4517750673764751,0
6,542,2984,2984,1,0.9123243177209378,1
6,542,2986,2986,1,0.8984694394746092,1
6,542,3018,3018,1,0.828753458187582,1
6,542,3032,3032,1,0.87754587243355,1
6,542,3033,3033,1,0.8542299324635795,1
6,542,3039,3039,1,0.861266023207928,1
6,542,3095,3095,1,0.866118947956406,1
6,542,3156,3156,1,0.7299945775850153,1
6,542,3200,3200,1,0.7089409161315626,1
6,542,3201,3201,1,0.7089409161315626,1
6,542,3250,3250,1,0.29808462950933096,0
6,542,3251,3251,1,0.3328294103344922,0
6,542,3252,3252,1,0.6623790192072528,1
6,542,3253,3253,1,0.3328294103344922,0
6,542,3254,3254,1,0.3328294103344922,0
6,542,3255,3255,1,0.3328294103344922,0
6,542,3264,3264,1,0.3941193119386588,0
6,542,3267,3267,1,0.73819984587347,1
6,542,3269,3269,1,0.8618334158277994,1
6,542,3294,3294,1,0.8522254411957714,1
6,542,3384,3384,1,0.9461041186957647,1
6,542,3395,3395,1,0.9696733597033018,1
6,542,3396,3396,1,0.8927626587246342,1
6,542,3419,3419,1,0.778661878929076,1
6,542,3420,3420,1,0.42908448963204465,0
6,542,3427,3427,1,0.496756893305127,0
6,542,3429,3429,1,0.47238862021442163,0
6,542,3430,3430,1,0.28546975590782175,0
6,542,3432,3432,1,0.9126576329631243,1
6,542,3469,3469,0,0.6167565350595666,1
6,542,3478,3478,1,0.4214216082185454,0
6,542,3637,3637,1,0.8277316087989841,1
6,542,3638,3638,1,0.4205890380742204,0
6,542,3667,3667,1,0.7085742278116853,1
6,542,3692,3692,0,0.7611337248325726,1
6,542,3700,3700,0,0.564842510399531,1
6,542,3704,3704,0,0.5763730136751695,1
6,542,3705,3705,0,0.6469373807260894,1
6,542,3750,3750,0,0.5512092797733341,1
6,542,3751,3751,0,0.4494343903720985,0
6,542,3791,3791,1,0.9742659245600672,1
6,542,3792,3792,1,0.9742659245600672,1
6,542,3794,3794,1,0.9129433588288427,1
6,542,3811,3811,1,0.14793550929347107,0
6,542,3838,3838,1,0.8847823149344138,1
6,542,3839,3839,1,0.54875310631603,1
6,542,3865,3865,1,0.862346168661405,1
6,542,3866,3866,1,0.9146467597910548,1
6,542,3868,3868,1,0.471970786342799,0
6,542,3890,3890,0,0.676928154146595,1
6,542,3894,3894,1,0.764244528002918,1
6,542,3972,3972,0,0.5738782002622678,1
6,542,4001,4001,1,0.7516286036969487,1
6,542,4069,4069,1,0.4105372083135781,0
6,542,4077,4077,0,0.6860365983523058,1
6,542,4122,4122,1,0.8876572664719323,1
6,542,4147,4147,0,0.10774819200903248,0
6,542,4153,4153,1,0.5382925644877606,1
6,542,4154,4154,1,0.5509783370630893,1
6,542,4173,4173,1,0.5246757847898648,1
6,542,4233,4233,0,0.6879172864499064,1
6,542,4284,4284,1,0.4755281690182666,0
6,542,4310,4310,1,0.7413048429254259,1
6,542,4324,4324,1,0.1413738408165388,0
6,542,4364,4364,1,0.61626781955511,1
6,542,4367,4367,1,0.1328150220675017,0
6,542,4441,4441,0,0.36112540683935523,0
6,542,4443,4443,1,0.5116928056981277,1
6,542,4444,4444,1,0.13665197251447767,0
6,542,4448,4448,1,0.16497197056192417,0
6,542,4452,4452,0,0.36072222624881095,0
6,542,4476,4476,1,0.1778673206873371,0
6,542,4486,4486,1,0.4607710291392867,0
6,542,4577,4577,0,0.2924700058033093,0
6,542,4622,4622,1,0.18702623069892044,0
6,542,4627,4627,1,0.647267448571256,1
6,542,4685,4685,0,0.15990584850960715,0
6,542,4729,4729,1,0.29875441932439567,0
6,542,4802,4802,1,0.14886688335790244,0
6,542,4944,4944,1,0.5346284837089544,1
6,542,4968,4968,1,0.19855049423082327,0
6,542,4993,4993,1,0.43304206985094873,0
6,542,5087,5087,0,0.5811729947517771,1
6,542,3448,3448,1,0.8840687290376701,1
6,542,1128,1128,1,0.9656872824080694,1
6,542,3512,3512,0,0.010764313910605144,0
6,542,3513,3513,0,0.010764313910605144,0
6,542,3514,3514,0,0.010764313910605144,0
6,542,3518,3518,0,0.010764313910605144,0
6,542,3817,3817,0,0.02400612653367515,0
6,542,1701,1701,0,0.3962810255838375,0
6,542,3777,3777,0,0.7793360143461329,1
6,542,3988,3988,1,0.5336178534389043,1
6,542,4579,4579,0,0.046554209433290236,0
6,542,4667,4667,0,0.7901846378684215,1
6,542,4506,4506,0,0.16706753400614305,0
6,542,4610,4610,0,0.0778556042202688,0
6,542,4692,4692,0,0.04233746274964795,0
6,542,4881,4881,0,0.315268801615663,0
6,542,491,491,1,0.32864268080319176,0
6,542,2439,2439,0,0.5255051105453752,1
6,542,2440,2440,0,0.5255051105453752,1
6,542,2441,2441,0,0.5255051105453752,1
6,542,2442,2442,0,0.5255051105453752,1
6,542,2443,2443,0,0.5255051105453752,1
6,542,2444,2444,0,0.5255051105453752,1
6,542,2445,2445,0,0.5255051105453752,1
6,542,2446,2446,0,0.5255051105453752,1
6,542,2589,2589,0,0.7336738268209548,1
6,542,2593,2593,0,0.6488784292960744,1
6,542,2594,2594,0,0.6488784292960744,1
6,542,2595,2595,0,0.6488784292960744,1
6,542,2596,2596,0,0.6488784292960744,1
6,542,2603,2603,0,0.5901089845970358,1
6,542,2604,2604,0,0.5901089845970358,1
6,542,2605,2605,0,0.5901089845970358,1
6,542,2606,2606,0,0.5901089845970358,1
6,542,2611,2611,0,0.7649137274187986,1
6,542,2760,2760,0,0.49145095015785467,0
6,542,2761,2761,0,0.49145095015785467,0
6,542,2762,2762,0,0.49145095015785467,0
6,542,2763,2763,0,0.49145095015785467,0
6,542,2764,2764,0,0.5297140708301341,1
6,542,2765,2765,0,0.5297140708301341,1
6,542,2766,2766,0,0.5297140708301341,1
6,542,2872,2872,0,0.5867210077918313,1
6,542,2873,2873,0,0.5867210077918313,1
6,542,2874,2874,0,0.5867210077918313,1
6,542,2875,2875,0,0.5867210077918313,1
6,542,2885,2885,0,0.29120062476270653,0
6,542,2927,2927,0,0.5257273248221102,1
6,542,2928,2928,0,0.5257273248221102,1
6,542,2929,2929,0,0.5257273248221102,1
6,542,2930,2930,0,0.5257273248221102,1
6,542,2931,2931,0,0.5257273248221102,1
6,542,2936,2936,1,0.3711333275229628,0
6,542,2937,2937,1,0.3711333275229628,0
6,542,2938,2938,1,0.3711333275229628,0
6,542,3073,3073,0,0.4965044340949633,0
6,542,3074,3074,0,0.4965044340949633,0
6,542,3075,3075,0,0.4965044340949633,0
6,542,3076,3076,0,0.4965044340949633,0
6,542,3086,3086,0,0.3328279316478252,0
6,542,3087,3087,0,0.3328279316478252,0
6,542,3088,3088,0,0.3328279316478252,0
6,542,3089,3089,0,0.3328279316478252,0
6,542,3127,3127,0,0.4275705293162962,0
6,542,3150,3150,0,0.24115131966357617,0
6,542,3308,3308,0,0.40826408007896653,0
6,542,3309,3309,0,0.7580555533721642,1
6,542,3800,3800,0,0.3399513047294681,0
6,542,3801,3801,0,0.3399513047294681,0
6,542,3802,3802,0,0.3399513047294681,0
6,542,3803,3803,0,0.3399513047294681,0
6,542,3804,3804,0,0.3399513047294681,0
6,542,3967,3967,0,0.5659993829913184,1
6,542,4629,4629,1,0.44619676663331703,0
6,542,3996,3996,0,0.021873758013007737,0
6,542,4138,4138,0,0.05222828945221041,0
6,542,4142,4142,0,0.027305540054185295,0
6,542,4300,4300,0,0.04483054728751968,0
6,542,4396,4396,0,0.10043824202556872,0
6,542,4410,4410,0,0.15753879993351375,0
6,542,4524,4524,0,0.07457298709615955,0
6,542,4594,4594,0,0.04256265055449443,0
6,542,4669,4669,0,0.08877973490419132,0
6,542,4681,4681,0,0.11863000013639201,0
6,542,4682,4682,0,0.04095587098270914,0
6,542,4767,4767,0,0.06638363642910132,0
6,542,4771,4771,0,0.15236687314064365,0
6,542,4772,4772,0,0.038534328709006575,0
6,542,4774,4774,0,0.07221666992163431,0
6,542,4775,4775,1,0.11237163589806058,0
6,542,4777,4777,0,0.03339986204816995,0
6,542,4778,4778,0,0.07562823953185799,0
6,542,4884,4884,0,0.06766082741596327,0
6,542,4921,4921,0,0.03819420598279905,0
6,542,4960,4960,0,0.04675426807957635,0
6,542,5009,5009,0,0.021975073490818127,0
6,542,5010,5010,0,0.1374740153629997,0
6,542,5073,5073,0,0.054336452959956656,0
6,542,5075,5075,1,0.7695407331655999,1
6,542,2083,2083,0,0.1111575029583338,0
6,542,2104,2104,0,0.15436848207498619,0
6,542,2137,2137,0,0.46672366657127506,0
6,542,2142,2142,0,0.23516866764398203,0
6,542,2143,2143,0,0.23539287110632232,0
6,542,2144,2144,0,0.1576906516917517,0
6,542,2189,2189,0,0.37134217018925225,0
6,542,4975,4975,0,0.04565885931375939,0
6,542,640,640,0,0.010479198549757615,0
6,542,1146,1146,0,0.014961255519673923,0
6,542,4384,4384,0,0.009250349367988808,0
6,542,2204,2204,0,0.07434368308930213,0
6,542,2205,2205,0,0.05061171044666556,0
6,542,2716,2716,1,0.586403714459118,1
6,542,2946,2946,1,0.5457395710942547,1
6,542,3231,3231,1,0.4084404319848315,0
6,542,624,624,0,0.11446793233712896,0
6,542,697,697,1,0.8498492742463132,1
6,542,705,705,0,0.056094681118293445,0
6,542,706,706,0,0.03156367443332864,0
6,542,707,707,0,0.027405538827665273,0
6,542,1035,1035,0,0.11232807705606532,0
6,542,1161,1161,1,0.757134644131028,1
6,542,1193,1193,1,0.9614641950810844,1
6,542,3675,3675,1,0.8680421321588956,1
6,542,3676,3676,1,0.8680421321588956,1
6,542,4064,4064,1,0.6485857763627325,1
6,542,4065,4065,1,0.6485857763627325,1
6,542,4117,4117,1,0.8598666774310896,1
6,542,4118,4118,1,0.8598666774310896,1
6,542,3052,3052,0,0.4313139242460717,0
6,542,3950,3950,0,0.020529140833368674,0
6,542,1127,1127,0,0.021688473940532752,0
6,542,1130,1130,0,0.008608171222252128,0
6,542,4560,4560,0,0.4553113086098539,0
6,542,4756,4756,0,0.4459906467342741,0
6,542,2084,2084,0,0.01297750731478274,0
6,542,2232,2232,1,0.1531295740388176,0
6,542,4420,4420,1,0.7467274276376418,1
6,542,4421,4421,1,0.7169684415462323,1
6,542,4537,4537,1,0.7397014016283642,1
6,542,4650,4650,1,0.7314630709933597,1
6,542,367,367,0,0.01411574165582006,0
6,542,1047,1047,0,0.008052140828922529,0
6,542,3877,3877,1,0.9117862193009569,1
6,542,4220,4220,1,0.8466358620475447,1
6,542,4605,4605,1,0.8574223458216331,1
6,542,4606,4606,1,0.7871660538361491,1
6,542,4607,4607,1,0.8124414249477867,1
6,542,1605,1605,1,0.6026024027379278,1
6,542,1908,1908,1,0.691703158743718,1
6,542,4256,4256,0,0.354842347639998,0
6,542,1525,1525,0,0.09733333525404943,0
6,542,1526,1526,0,0.09733333525404943,0
6,542,1527,1527,0,0.07968389735652455,0
6,542,1528,1528,0,0.06715434474148063,0
6,542,1529,1529,0,0.09733333525404943,0
6,542,1530,1530,0,0.09733333525404943,0
6,542,1531,1531,0,0.06715434474148063,0
6,542,1558,1558,0,0.051258909305839324,0
6,542,1559,1559,0,0.051258909305839324,0
6,542,1560,1560,0,0.035303899152942894,0
6,542,1561,1561,0,0.01693399159061171,0
6,542,1595,1595,0,0.028593944777442846,0
6,542,1596,1596,0,0.028593944777442846,0
6,542,1598,1598,0,0.05271020461069993,0
6,542,1599,1599,0,0.02887278193433293,0
6,542,1695,1695,0,0.049129211954910906,0
6,542,626,626,1,0.8432728045430662,1
6,542,2187,2187,1,0.10750836541962035,0
6,542,2823,2823,1,0.3278802137549214,0
6,542,2824,2824,1,0.3278802137549214,0
6,542,3113,3113,0,0.2243874352745695,0
6,542,3335,3335,0,0.08666090692019968,0
6,542,3336,3336,0,0.18892938600047016,0
6,542,3381,3381,0,0.2519587440930628,0
6,542,3382,3382,0,0.19655433760481236,0
6,542,3570,3570,1,0.6987502146329891,1
6,542,3571,3571,1,0.6987502146329891,1
6,542,3573,3573,1,0.22690931884400298,0
6,542,3624,3624,0,0.28201068970369264,0
6,542,3625,3625,0,0.09553702442606599,0
6,542,3626,3626,0,0.10913985049584617,0
6,542,3651,3651,0,0.408707334439787,0
6,542,3652,3652,0,0.13878111607560953,0
6,542,3653,3653,0,0.19827517656028543,0
6,542,3782,3782,1,0.48584115916870696,0
6,542,3783,3783,1,0.48584115916870696,0
6,542,3784,3784,0,0.43450218683046,0
6,542,3785,3785,1,0.6850627685396536,1
6,542,3786,3786,1,0.6850627685396536,1
6,542,3787,3787,1,0.6430196673901648,1
6,542,3822,3822,1,0.5841186708606412,1
6,542,3823,3823,1,0.5841186708606412,1
6,542,3824,3824,1,0.1939058148994215,0
6,542,3825,3825,1,0.1939058148994215,0
6,542,3826,3826,1,0.5091879871946247,1
6,542,3827,3827,1,0.5091879871946247,1
6,542,3984,3984,1,0.6230640533712271,1
6,542,3985,3985,1,0.6230640533712271,1
6,542,4006,4006,1,0.6344441107699276,1
6,542,4007,4007,1,0.6344441107699276,1
6,542,4008,4008,1,0.7110017101318069,1
6,542,4009,4009,1,0.7110017101318069,1
6,542,4095,4095,0,0.7802178327671137,1
6,542,4114,4114,0,0.5734244013153796,1
6,542,4115,4115,0,0.39128354940051324,0
6,542,4207,4207,0,0.17362847757110847,0
6,542,4253,4253,1,0.5926917746358357,1
6,542,4337,4337,1,0.6854770354464407,1
6,542,4357,4357,0,0.1638395897420891,0
6,542,4401,4401,1,0.6465088294648202,1
6,542,4402,4402,1,0.6465088294648202,1
6,542,4403,4403,0,0.29359259958873296,0
6,542,4404,4404,1,0.4819125389457508,0
6,542,4405,4405,1,0.854489519212855,1
6,542,4662,4662,0,0.4114937664869006,0
6,542,4875,4875,0,0.13700005066181273,0
6,542,4956,4956,1,0.42161079711548394,0
6,542,1540,1540,1,0.3238887567898561,0
6,542,1541,1541,1,0.3238887567898561,0
6,542,5105,5105,1,0.5930378599762045,1
6,542,5114,5114,1,0.655477311183886,1
6,542,5008,5008,0,0.08854865617683454,0
6,542,5011,5011,0,0.05127204243633518,0
6,542,4528,4528,0,0.3973338211156098,0
6,542,2092,2092,1,0.9715481594664304,1
6,542,2093,2093,1,0.9715481594664304,1
6,542,3913,3913,0,0.9693130445140734,1
6,542,2113,2113,1,0.1476727464310988,0
6,542,4020,4020,1,0.03296853488535831,0
6,542,4317,4317,1,0.1850309122233081,0
6,542,4553,4553,0,0.32534879562194163,0
6,542,4624,4624,1,0.09567906587422652,0
6,542,4791,4791,1,0.7515773255762264,1
6,542,4797,4797,0,0.3149924503789893,0
6,542,4927,4927,0,0.14403599956625027,0
6,542,5047,5047,1,0.32476821647308873,0
6,542,5094,5094,1,0.5558072785882692,1
6,542,4878,4878,0,0.02953516824855537,0
6,542,5004,5004,0,0.01352093661117205,0
6,542,4414,4414,1,0.1730163599440455,0
6,542,3813,3813,0,0.14136847006512293,0
6,542,555,555,0,0.3585695312757021,0
6,542,556,556,1,0.24560742361751742,0
6,542,560,560,0,0.37625455445901435,0
6,542,561,561,1,0.599574288702329,1
6,542,655,655,1,0.43814712360961994,0
6,542,855,855,0,0.7549878084276789,1
6,542,856,856,1,0.802184767956396,1
6,542,969,969,1,0.6365425018673847,1
6,542,3324,3324,1,0.8298480398566558,1
6,542,3612,3612,1,0.7843257775558051,1
6,542,1089,1089,1,0.11734385100000166,0
6,542,1090,1090,1,0.03974394011150393,0
6,542,1091,1091,1,0.2870275070383758,0
6,542,1092,1092,1,0.17799980440066607,0
6,542,1123,1123,0,0.4129196788925602,0
6,542,1124,1124,1,0.20621082790010128,0
6,542,1726,1726,1,0.6938258385446895,1
6,542,1773,1773,1,0.7738340050809505,1
6,542,949,949,0,0.2936661954341127,0
6,542,2171,2171,0,0.6407867487168903,1
6,542,4961,4961,1,0.7261021618205951,1
6,542,2243,2243,1,0.8610925426806267,1
6,542,2244,2244,1,0.8610925426806267,1
6,542,2618,2618,1,0.9267998365919727,1
6,542,2619,2619,1,0.9426512242451509,1
6,542,2821,2821,1,0.8511955642588941,1
6,542,3172,3172,1,0.41468454259233817,0
6,542,3415,3415,1,0.2501057177260245,0
6,542,3416,3416,1,0.5861127128998977,1
6,542,4059,4059,1,0.5126640059940816,1
6,542,4219,4219,1,0.18544820404448362,0
6,542,4562,4562,0,0.2720600861204439,0
6,542,4953,4953,1,0.8051358018012654,1
6,542,740,740,1,0.026486714863605796,0
6,542,607,607,0,0.06765595920514533,0
6,542,1070,1070,0,0.02176399404283115,0
6,542,1074,1074,0,0.016421224444489874,0
6,542,1075,1075,0,0.04398782782097231,0
6,542,557,557,0,0.7131487369375968,1
6,542,558,558,0,0.7131487369375968,1
6,542,559,559,1,0.529240945907921,1
6,542,4887,4887,1,0.8103667164732289,1
6,542,434,434,1,0.5777704720192702,1
6,542,435,435,1,0.5777704720192702,1
6,542,524,524,1,0.29314014833322355,0
6,542,525,525,1,0.29314014833322355,0
6,542,831,831,1,0.2663189069164838,0
6,542,832,832,1,0.501027410724185,1
6,542,833,833,1,0.9864693568529324,1
6,542,834,834,1,0.8041924437520297,1
6,542,835,835,1,0.9766673361368194,1
6,542,837,837,1,0.6795166442113517,1
6,542,861,861,1,0.9859893505732416,1
6,542,865,865,1,0.9871314104713975,1
6,542,866,866,1,0.984894494257584,1
6,542,867,867,1,0.9822162646264205,1
6,542,986,986,0,0.45486172018259896,0
6,542,987,987,0,0.8221820333710194,1
6,542,988,988,0,0.6838671497599281,1
6,542,989,989,0,0.8356451464045641,1
6,542,990,990,0,0.7551749959658299,1
6,542,1215,1215,0,0.3484309892638918,0
6,542,1893,1893,1,0.9653467535030543,1
6,542,1240,1240,1,0.4345370814098527,0
6,542,1242,1242,0,0.16565738647169773,0
6,542,1243,1243,1,0.7127797781063949,1
6,542,1245,1245,0,0.10912037905066549,0
6,542,1246,1246,0,0.10912037905066549,0
6,542,1247,1247,0,0.10912037905066549,0
6,542,1257,1257,1,0.7546474937675473,1
6,542,1261,1261,1,0.6748000482931175,1
6,542,1262,1262,1,0.6748000482931175,1
6,542,1263,1263,0,0.2930519963565786,0
6,542,1264,1264,0,0.2930519963565786,0
6,542,1265,1265,0,0.07024417099577347,0
6,542,1266,1266,0,0.07024417099577347,0
6,542,1267,1267,0,0.07024417099577347,0
6,542,1268,1268,0,0.07024417099577347,0
6,542,1269,1269,0,0.07024417099577347,0
6,542,1270,1270,0,0.07024417099577347,0
6,542,1271,1271,0,0.07024417099577347,0
6,542,1276,1276,0,0.2204315301502487,0
6,542,1277,1277,0,0.25338161993939134,0
6,542,1278,1278,0,0.25338161993939134,0
6,542,1279,1279,0,0.25338161993939134,0
6,542,1280,1280,0,0.25338161993939134,0
6,542,1281,1281,0,0.25338161993939134,0
6,542,1282,1282,0,0.25338161993939134,0
6,542,1283,1283,0,0.25338161993939134,0
6,542,1284,1284,0,0.25338161993939134,0
6,542,1285,1285,0,0.25338161993939134,0
6,542,1286,1286,0,0.25338161993939134,0
6,542,1287,1287,0,0.033243540343409254,0
6,542,1288,1288,0,0.033243540343409254,0
6,542,1289,1289,0,0.033243540343409254,0
6,542,1290,1290,1,0.6056259746527733,1
6,542,1291,1291,1,0.674861339708602,1
6,542,1292,1292,1,0.674861339708602,1
6,542,1293,1293,1,0.674861339708602,1
6,542,1294,1294,1,0.674861339708602,1
6,542,1295,1295,1,0.674861339708602,1
6,542,1296,1296,1,0.6056259746527733,1
6,542,1297,1297,1,0.674861339708602,1
6,542,1298,1298,1,0.674861339708602,1
6,542,1299,1299,1,0.674861339708602,1
6,542,1300,1300,1,0.674861339708602,1
6,542,1328,1328,0,0.1640658492914999,0
6,542,1329,1329,0,0.1640658492914999,0
6,542,1334,1334,1,0.5500072103430353,1
6,542,1335,1335,1,0.5500072103430353,1
6,542,1336,1336,0,0.07080528817743702,0
6,542,1337,1337,0,0.07080528817743702,0
6,542,1342,1342,0,0.3450876309802123,0
6,542,1343,1343,0,0.3450876309802123,0
6,542,1344,1344,0,0.3450876309802123,0
6,542,1345,1345,0,0.3450876309802123,0
6,542,1346,1346,0,0.32925789756547663,0
6,542,1347,1347,0,0.3450876309802123,0
6,542,1348,1348,1,0.3681401563090622,0
6,542,1349,1349,1,0.3681401563090622,0
6,542,1350,1350,1,0.3681401563090622,0
6,542,1351,1351,1,0.3681401563090622,0
6,542,1352,1352,1,0.3681401563090622,0
6,542,1353,1353,1,0.35832118072010966,0
6,542,1354,1354,1,0.3681401563090622,0
6,542,1355,1355,0,0.4460652474961827,0
6,542,1356,1356,0,0.2575242267687576,0
6,542,1357,1357,0,0.2575242267687576,0
6,542,1358,1358,0,0.1937457317400296,0
6,542,1359,1359,1,0.7404895729759703,1
6,542,1360,1360,1,0.2191454600432075,0
6,542,1370,1370,0,0.25579681361803486,0
6,542,1371,1371,0,0.25579681361803486,0
6,542,1372,1372,0,0.061054425680121115,0
6,542,1373,1373,0,0.14244540671090208,0
6,542,1374,1374,0,0.14244540671090208,0
6,542,1375,1375,0,0.2725941106486761,0
6,542,1376,1376,0,0.2725941106486761,0
6,542,1377,1377,1,0.9648215879934369,1
6,542,1378,1378,1,0.2565466727251307,0
6,542,1379,1379,0,0.05029748175887556,0
6,542,1380,1380,0,0.045354687126720646,0
6,542,1414,1414,1,0.8013122879682751,1
6,542,1415,1415,0,0.12880249698719734,0
6,542,1423,1423,0,0.3295233198568515,0
6,542,1424,1424,0,0.3009263782551507,0
6,542,1425,1425,0,0.10025717825155585,0
6,542,1426,1426,0,0.10025717825155585,0
6,542,1427,1427,0,0.10025717825155585,0
6,542,1428,1428,1,0.24774209352768864,0
6,542,1429,1429,1,0.24774209352768864,0
6,542,1430,1430,1,0.24774209352768864,0
6,542,1431,1431,1,0.24774209352768864,0
6,542,1432,1432,1,0.24774209352768864,0
6,542,1433,1433,1,0.24774209352768864,0
6,542,1434,1434,0,0.2856549277457966,0
6,542,1435,1435,0,0.17902556905918812,0
6,542,1436,1436,0,0.17902556905918812,0
6,542,1437,1437,0,0.1032646782160099,0
6,542,1438,1438,0,0.1032646782160099,0
6,542,1439,1439,1,0.5562531371006761,1
6,542,1440,1440,1,0.5562531371006761,1
6,542,1441,1441,0,0.10404909461156783,0
6,542,1442,1442,0,0.18901043407556678,0
6,542,1443,1443,0,0.12142711372183615,0
6,542,1444,1444,1,0.8566743124830797,1
6,542,1445,1445,1,0.7421671908308616,1
6,542,1450,1450,0,0.34580382522337827,0
6,542,1451,1451,0,0.07964883456266722,0
6,542,1452,1452,0,0.07964883456266722,0
6,542,1453,1453,0,0.08023532911585411,0
6,542,1454,1454,0,0.07964883456266722,0
6,542,1455,1455,0,0.07964883456266722,0
6,542,1456,1456,0,0.07964883456266722,0
6,542,1457,1457,0,0.07964883456266722,0
6,542,1458,1458,0,0.059661939218763636,0
6,542,1459,1459,0,0.059661939218763636,0
6,542,1460,1460,0,0.02886638281366613,0
6,542,1461,1461,0,0.0690367545584288,0
6,542,1462,1462,0,0.0690367545584288,0
6,542,1463,1463,0,0.07396083589838671,0
6,542,1464,1464,0,0.07396083589838671,0
6,542,1465,1465,0,0.06763910799240745,0
6,542,1466,1466,0,0.06763910799240745,0
6,542,1467,1467,0,0.06763910799240745,0
6,542,1468,1468,1,0.7825488252734276,1
6,542,1471,1471,0,0.14112725894504755,0
6,542,1472,1472,0,0.14112725894504755,0
6,542,1473,1473,0,0.14112725894504755,0
6,542,1474,1474,0,0.14112725894504755,0
6,542,1475,1475,0,0.14112725894504755,0
6,542,1476,1476,0,0.14112725894504755,0
6,542,1477,1477,0,0.14112725894504755,0
6,542,1499,1499,0,0.12185306702104706,0
6,542,1500,1500,1,0.4867636158152461,0
6,542,1503,1503,0,0.19383128037505318,0
6,542,1504,1504,1,0.6733936709689534,1
6,542,1505,1505,0,0.1134323872754943,0
6,542,1506,1506,0,0.1134323872754943,0
6,542,1507,1507,0,0.09752154079882824,0
6,542,1508,1508,1,0.9123922449369536,1
6,542,1509,1509,1,0.4182746181905222,0
6,542,1510,1510,0,0.036914806285139073,0
6,542,1523,1523,1,0.2508553221216898,0
6,542,1524,1524,1,0.4963063276789308,0
6,542,1537,1537,1,0.24322195363726917,0
6,542,1538,1538,0,0.11009537072812965,0
6,542,1539,1539,1,0.11459381300859099,0
6,542,1544,1544,0,0.12416279111702723,0
6,542,1545,1545,0,0.12416279111702723,0
6,542,1549,1549,1,0.1908387118213218,0
6,542,1551,1551,1,0.12388969871659192,0
6,542,1563,1563,1,0.2750159369088809,0
6,542,1564,1564,0,0.2900213286250966,0
6,542,1565,1565,0,0.021114997090876757,0
6,542,1566,1566,0,0.021114997090876757,0
6,542,1567,1567,0,0.021114997090876757,0
6,542,1568,1568,0,0.021114997090876757,0
6,542,1569,1569,0,0.021114997090876757,0
6,542,1570,1570,0,0.07084724134261586,0
6,542,1571,1571,0,0.07084724134261586,0
6,542,1576,1576,0,0.2662602165067057,0
6,542,1585,1585,1,0.5300514916577966,1
6,542,1593,1593,1,0.20380640433978556,0
6,542,1608,1608,0,0.8175381987848879,1
6,542,1610,1610,1,0.6584882729896152,1
6,542,1630,1630,1,0.5032623667596449,1
6,542,1631,1631,1,0.31217041993874634,0
6,542,1636,1636,1,0.32877792359367664,0
6,542,1640,1640,1,0.3768153691345258,0
6,542,1641,1641,0,0.3322469573744951,0
6,542,1642,1642,1,0.31419864531597463,0
6,542,1643,1643,0,0.08023356421419768,0
6,542,1644,1644,0,0.032146069132274364,0
6,542,1645,1645,0,0.032146069132274364,0
6,542,1646,1646,0,0.03847723087079751,0
6,542,1647,1647,0,0.03847723087079751,0
6,542,1648,1648,0,0.03847723087079751,0
6,542,1649,1649,0,0.03847723087079751,0
6,542,1650,1650,0,0.03847723087079751,0
6,542,1651,1651,0,0.03847723087079751,0
6,542,1652,1652,0,0.03847723087079751,0
6,542,1653,1653,0,0.03847723087079751,0
6,542,1654,1654,0,0.7368264351219258,1
6,542,1677,1677,0,0.6855283467543567,1
6,542,1678,1678,1,0.5079846823403085,1
6,542,1682,1682,0,0.27161358519644385,0
6,542,1683,1683,1,0.3092253220017544,0
6,542,1702,1702,1,0.4520214293274775,0
6,542,1703,1703,0,0.3962496510808712,0
6,542,1704,1704,1,0.6789129578778279,1
6,542,1705,1705,1,0.29219741935344024,0
6,542,1709,1709,1,0.4208421272428318,0
6,542,1721,1721,0,0.03730125270345551,0
6,542,1722,1722,0,0.03730125270345551,0
6,542,1723,1723,0,0.03730125270345551,0
6,542,1724,1724,0,0.03730125270345551,0
6,542,1725,1725,0,0.03730125270345551,0
6,542,1766,1766,0,0.1175659700558045,0
6,542,2200,2200,0,0.6852706053095697,1
6,542,2201,2201,1,0.08018443328605691,0
6,542,3999,3999,1,0.7886845509432476,1
6,542,4596,4596,1,0.21591237430324703,0
6,542,2185,2185,0,0.09565591660773404,0
6,542,2186,2186,0,0.09565591660773404,0
6,542,3330,3330,0,0.43657452223012366,0
6,542,1795,1795,1,0.03363809064916609,0
6,542,4529,4529,1,0.4499672448609911,0
6,542,3907,3907,1,0.7154176193141093,1
6,542,1809,1809,0,0.21373293597578769,0
6,542,1930,1930,0,0.08903536303923695,0
6,542,1934,1934,0,0.03980034118410012,0
6,542,2070,2070,0,0.04192141153591305,0
6,542,2074,2074,0,0.09304776905182925,0
6,542,2245,2245,0,0.1358446630734748,0
6,542,2246,2246,0,0.1358446630734748,0
6,542,2247,2247,0,0.1358446630734748,0
6,542,2248,2248,0,0.1358446630734748,0
6,542,2249,2249,0,0.1358446630734748,0
6,542,2250,2250,0,0.1358446630734748,0
6,542,2251,2251,0,0.1358446630734748,0
6,542,2252,2252,0,0.08866768679332879,0
6,542,2253,2253,0,0.1358446630734748,0
6,542,2254,2254,0,0.1358446630734748,0
6,542,2255,2255,0,0.1358446630734748,0
6,542,2256,2256,0,0.1358446630734748,0
6,542,2257,2257,0,0.1358446630734748,0
6,542,2258,2258,0,0.1358446630734748,0
6,542,2259,2259,0,0.1358446630734748,0
6,542,2260,2260,0,0.1358446630734748,0
6,542,2261,2261,0,0.1358446630734748,0
6,542,2262,2262,0,0.1358446630734748,0
6,542,2263,2263,0,0.1358446630734748,0
6,542,2264,2264,0,0.1358446630734748,0
6,542,2265,2265,0,0.13257471392311554,0
6,542,2266,2266,0,0.13257471392311554,0
6,542,2357,2357,0,0.2423566152763998,0
6,542,2358,2358,0,0.2423566152763998,0
6,542,2364,2364,0,0.07432581169969739,0
6,542,2365,2365,0,0.07432581169969739,0
6,542,2366,2366,0,0.06414900009458338,0
6,542,2367,2367,0,0.06414900009458338,0
6,542,2368,2368,0,0.06414900009458338,0
6,542,2369,2369,0,0.06414900009458338,0
6,542,2370,2370,0,0.06414900009458338,0
6,542,2371,2371,0,0.06414900009458338,0
6,542,2372,2372,0,0.06414900009458338,0
6,542,2381,2381,0,0.40257249808875273,0
6,542,2382,2382,0,0.5475860094069246,1
6,542,2470,2470,0,0.19794014290060077,0
6,542,2471,2471,0,0.19794014290060077,0
6,542,2472,2472,0,0.19794014290060077,0
6,542,2475,2475,0,0.18299988356540853,0
6,542,2476,2476,0,0.18299988356540853,0
6,542,2477,2477,0,0.19230476044989256,0
6,542,2478,2478,0,0.18299988356540853,0
6,542,2479,2479,0,0.23407519347367062,0
6,542,2480,2480,0,0.23407519347367062,0
6,542,2481,2481,0,0.23407519347367062,0
6,542,2520,2520,0,0.05901012529052046,0
6,542,2535,2535,0,0.2651860505435541,0
6,542,2536,2536,0,0.2651860505435541,0
6,542,2539,2539,0,0.10652143905963912,0
6,542,2540,2540,0,0.3038306007087751,0
6,542,2620,2620,0,0.11661547189585064,0
6,542,2621,2621,0,0.11661547189585064,0
6,542,2622,2622,0,0.12229447043439609,0
6,542,2623,2623,0,0.11661547189585064,0
6,542,2624,2624,0,0.11661547189585064,0
6,542,2625,2625,0,0.11661547189585064,0
6,542,2626,2626,0,0.11661547189585064,0
6,542,2627,2627,0,0.12229447043439609,0
6,542,2628,2628,0,0.11661547189585064,0
6,542,2629,2629,0,0.11661547189585064,0
6,542,2630,2630,0,0.11661547189585064,0
6,542,2631,2631,0,0.11661547189585064,0
6,542,2632,2632,0,0.11661547189585064,0
6,542,2633,2633,0,0.11661547189585064,0
6,542,2642,2642,0,0.13988859531733092,0
6,542,2643,2643,0,0.13988859531733092,0
6,542,2644,2644,0,0.13988859531733092,0
6,542,2645,2645,0,0.13988859531733092,0
6,542,2650,2650,0,0.32351544705235064,0
6,542,2657,2657,0,0.1252751770943678,0
6,542,2658,2658,0,0.1252751770943678,0
6,542,2713,2713,0,0.4667095638784235,0
6,542,2768,2768,0,0.16287812810775534,0
6,542,2769,2769,0,0.16287812810775534,0
6,542,2770,2770,0,0.16287812810775534,0
6,542,2771,2771,0,0.16287812810775534,0
6,542,2772,2772,0,0.09069154545700886,0
6,542,2773,2773,0,0.09069154545700886,0
6,542,2774,2774,0,0.09069154545700886,0
6,542,2775,2775,0,0.09069154545700886,0
6,542,2776,2776,0,0.09069154545700886,0
6,542,2777,2777,0,0.09069154545700886,0
6,542,2778,2778,0,0.09069154545700886,0
6,542,2779,2779,0,0.09069154545700886,0
6,542,2780,2780,0,0.09069154545700886,0
6,542,2792,2792,0,0.5058729069516789,1
6,542,2868,2868,0,0.0368292896111887,0
6,542,2913,2913,0,0.10316290499190642,0
6,542,2947,2947,0,0.07769678833173937,0
6,542,3114,3114,0,0.2149122382751516,0
6,542,3116,3116,0,0.07326281164731802,0
6,542,3117,3117,0,0.06158874150925328,0
6,542,3133,3133,0,0.06490616643908408,0
6,542,3134,3134,0,0.06490616643908408,0
6,542,3149,3149,0,0.09657350439155396,0
6,542,3173,3173,0,0.1054703581409477,0
6,542,3337,3337,0,0.1087708770352426,0
6,542,3338,3338,0,0.11026878709184354,0
6,542,3339,3339,0,0.11026878709184354,0
6,542,3340,3340,0,0.11026878709184354,0
6,542,3341,3341,0,0.11026878709184354,0
6,542,3343,3343,0,0.20538467111784434,0
6,542,3345,3345,1,0.7748698826877306,1
6,542,3374,3374,0,0.20740886233106093,0
6,542,3393,3393,0,0.05126355648337636,0
6,542,3524,3524,0,0.03392502433457295,0
6,542,3525,3525,0,0.03392502433457295,0
6,542,3526,3526,0,0.03392502433457295,0
6,542,3527,3527,0,0.03392502433457295,0
6,542,3528,3528,0,0.054503977686578824,0
6,542,3529,3529,0,0.054503977686578824,0
6,542,3530,3530,0,0.054503977686578824,0
6,542,3531,3531,0,0.054503977686578824,0
6,542,3539,3539,0,0.17632498091469298,0
6,542,3540,3540,0,0.17632498091469298,0
6,542,3541,3541,0,0.17632498091469298,0
6,542,3542,3542,0,0.3216530726178575,0
6,542,3543,3543,0,0.3216530726178575,0
6,542,3544,3544,0,0.3216530726178575,0
6,542,3620,3620,1,0.5185005093307136,1
6,542,3831,3831,0,0.15805923746589187,0
6,542,3843,3843,0,0.5546949631575009,1
6,542,4239,4239,0,0.7131993272776419,1
6,542,4295,4295,0,0.06964992025918586,0
6,542,4298,4298,1,0.9786171103594957,1
6,542,4654,4654,0,0.1081587279532146,0
6,542,4664,4664,0,0.6211769501658607,1
6,542,1883,1883,0,0.03589073878054195,0
6,542,2107,2107,0,0.45149448846737367,0
6,542,1741,1741,0,0.07321756371770378,0
6,542,3917,3917,1,0.8761807807264862,1
6,542,3572,3572,0,0.04735377184700763,0
6,542,383,383,1,0.7230205293428055,1
6,542,384,384,1,0.7230205293428055,1
6,542,385,385,1,0.7230205293428055,1
6,542,1043,1043,0,0.11118848770767932,0
6,542,4030,4030,1,0.8896187460345573,1
6,542,1811,1811,0,0.11897673452896472,0
6,542,1932,1932,0,0.08591289443739938,0
6,542,1962,1962,0,0.18424058348363673,0
6,542,2072,2072,0,0.055977632559403225,0
6,542,1806,1806,0,0.1269777456127742,0
6,542,1948,1948,0,0.0576726279635696,0
6,542,2008,2008,0,0.08855199490546496,0
6,542,2076,2076,0,0.03191006424212806,0
6,542,3506,3506,0,0.021352071510828675,0
7,642,4981,4981,1,0.3152409744120847,0
7,642,5065,5065,1,0.195051768464327,0
7,642,5066,5066,1,0.195051768464327,0
7,642,1741,1741,0,0.15503894834287715,0
7,642,3053,3053,0,0.011493501727343237,0
7,642,3054,3054,0,0.011493501727343237,0
7,642,3055,3055,0,0.011493501727343237,0
7,642,3056,3056,0,0.011493501727343237,0
7,642,3057,3057,0,0.011493501727343237,0
7,642,3058,3058,0,0.011493501727343237,0
7,642,3059,3059,0,0.011493501727343237,0
7,642,3060,3060,0,0.011493501727343237,0
7,642,3061,3061,0,0.011493501727343237,0
7,642,3062,3062,0,0.011493501727343237,0
7,642,3143,3143,0,0.05463526124481019,0
7,642,3873,3873,0,0.12839881756383797,0
7,642,4024,4024,0,0.049059547135278124,0
7,642,4237,4237,0,0.06551019045431429,0
7,642,4940,4940,0,0.05685986549164876,0
7,642,4974,4974,0,0.09424985347093771,0
7,642,4989,4989,0,0.05531853151662527,0
7,642,5031,5031,0,0.05103742920426217,0
7,642,5061,5061,0,0.043448655045770036,0
7,642,5062,5062,0,0.06323972150280166,0
7,642,5085,5085,1,0.26666357498351045,0
7,642,4020,4020,1,0.618884742130604,1
7,642,4317,4317,1,0.9075950525882942,1
7,642,4553,4553,0,0.6446028481744664,1
7,642,4624,4624,1,0.2585896779415625,0
7,642,4791,4791,1,0.956719524320087,1
7,642,4797,4797,0,0.6587817141877313,1
7,642,4927,4927,0,0.661374282812578,1
7,642,5047,5047,1,0.1613542160157209,0
7,642,5094,5094,1,0.20008790308090785,0
7,642,3668,3668,0,0.6194874954689548,1
7,642,3669,3669,0,0.6194874954689548,1
7,642,4511,4511,0,0.6575164135357358,1
7,642,5178,5178,0,0.29450433304414914,0
7,642,5179,5179,0,0.09199482786898984,0
7,642,5180,5180,1,0.3128353642789754,0
7,642,765,765,0,0.8144375104457777,1
7,642,3844,3844,0,0.016875077817223482,0
7,642,2302,2302,0,0.7875435382928163,1
7,642,2303,2303,0,0.7875435382928163,1
7,642,2304,2304,0,0.7875435382928163,1
7,642,2305,2305,0,0.7875435382928163,1
7,642,2306,2306,0,0.7875435382928163,1
7,642,2307,2307,0,0.7875435382928163,1
7,642,2308,2308,0,0.7875435382928163,1
7,642,2309,2309,0,0.7875435382928163,1
7,642,2310,2310,0,0.7875435382928163,1
7,642,2311,2311,0,0.8297380078665959,1
7,642,2438,2438,0,0.1964546987771422,0
7,642,2496,2496,0,0.25178527690707525,0
7,642,2497,2497,0,0.25178527690707525,0
7,642,2498,2498,0,0.25178527690707525,0
7,642,2501,2501,0,0.1881690278425676,0
7,642,2502,2502,0,0.1881690278425676,0
7,642,2503,2503,0,0.3355517297220643,0
7,642,2583,2583,0,0.36651938607168877,0
7,642,2584,2584,0,0.36651938607168877,0
7,642,2679,2679,0,0.44341406559211305,0
7,642,2680,2680,0,0.20190431244810733,0
7,642,2681,2681,0,0.20190431244810733,0
7,642,2682,2682,0,0.20190431244810733,0
7,642,2683,2683,0,0.20190431244810733,0
7,642,2684,2684,0,0.20190431244810733,0
7,642,2685,2685,0,0.20190431244810733,0
7,642,2689,2689,0,0.23858990421177495,0
7,642,2691,2691,1,0.7475496124956326,1
7,642,2692,2692,0,0.21061988822175645,0
7,642,2799,2799,0,0.7537186364016553,1
7,642,2800,2800,0,0.11051322327610123,0
7,642,2801,2801,0,0.11051322327610123,0
7,642,2802,2802,0,0.12965116358475878,0
7,642,2803,2803,0,0.12965116358475878,0
7,642,2804,2804,0,0.12965116358475878,0
7,642,2805,2805,0,0.12965116358475878,0
7,642,2822,2822,0,0.7194039623682038,1
7,642,3167,3167,0,0.26750272613076864,0
7,642,3355,3355,0,0.09139133579931066,0
7,642,3356,3356,0,0.12029245439595132,0
7,642,3357,3357,0,0.09139133579931066,0
7,642,3358,3358,0,0.09139133579931066,0
7,642,3359,3359,0,0.8744705304460019,1
7,642,3360,3360,1,0.2160920158336638,0
7,642,3361,3361,0,0.1921213400576273,0
7,642,3364,3364,0,0.5701954229582648,1
7,642,3365,3365,0,0.5701954229582648,1
7,642,3366,3366,0,0.5701954229582648,1
7,642,3367,3367,0,0.20493083244694887,0
7,642,3368,3368,0,0.20493083244694887,0
7,642,3410,3410,0,0.8324505783390963,1
7,642,3411,3411,0,0.1426777565779367,0
7,642,3580,3580,0,0.08934863757338293,0
7,642,3581,3581,0,0.08934863757338293,0
7,642,3582,3582,0,0.18559118191866641,0
7,642,3583,3583,0,0.18559118191866641,0
7,642,3584,3584,0,0.18559118191866641,0
7,642,3585,3585,0,0.18559118191866641,0
7,642,3586,3586,0,0.18559118191866641,0
7,642,3587,3587,0,0.07308287144709831,0
7,642,3588,3588,0,0.07308287144709831,0
7,642,3589,3589,0,0.07308287144709831,0
7,642,3592,3592,0,0.7173017214588785,1
7,642,3593,3593,0,0.7173017214588785,1
7,642,3629,3629,0,0.1920535115500487,0
7,642,3654,3654,0,0.4155239902139908,0
7,642,3842,3842,0,0.2373539835022525,0
7,642,3958,3958,1,0.1970147475298036,0
7,642,4363,4363,0,0.14726561928862314,0
7,642,4736,4736,0,0.46363870872736546,0
7,642,4869,4869,0,0.18670801403093434,0
7,642,684,684,0,0.33267407885108113,0
7,642,949,949,0,0.44814341137828095,0
7,642,4380,4380,0,0.08801262084496264,0
7,642,864,864,1,0.5868440071846586,1
7,642,2526,2526,0,0.2328760300711732,0
7,642,4629,4629,1,0.5023122194905951,1
7,642,1754,1754,0,0.20944546192236022,0
7,642,1867,1867,0,0.2426597944326539,0
7,642,1920,1920,0,0.08934543957192935,0
7,642,3919,3919,0,0.06727856414501744,0
7,642,4066,4066,0,0.06197387607139657,0
7,642,4067,4067,0,0.19737931800486105,0
7,642,2220,2220,0,0.002873642384030229,0
7,642,624,624,0,0.06783303948801851,0
7,642,697,697,1,0.9622043191367599,1
7,642,705,705,0,0.21166986443183974,0
7,642,706,706,0,0.09011795999444609,0
7,642,707,707,0,0.06906220145601634,0
7,642,1035,1035,0,0.09741956822968431,0
7,642,1161,1161,1,0.6041030625171108,1
7,642,1193,1193,1,0.9757083352034033,1
7,642,4413,4413,0,0.8467555135379222,1
7,642,4885,4885,0,0.34907715440230375,0
7,642,4962,4962,1,0.7205273038024764,1
7,642,4740,4740,0,0.6047053438264407,1
7,642,1964,1964,0,0.777988210914276,1
7,642,2198,2198,0,0.6625988124104467,1
7,642,2231,2231,0,0.8381570800857708,1
7,642,5143,5143,0,0.765077496054496,1
7,642,5186,5186,1,0.8342445320093986,1
7,642,5187,5187,0,0.7019646922669517,1
7,642,4793,4793,1,0.9007971760348528,1
7,642,1972,1972,1,0.7396654867655419,1
7,642,2015,2015,1,0.781299956279194,1
7,642,2029,2029,1,0.6034777577173968,1
7,642,2087,2087,1,0.7214414925781699,1
7,642,2177,2177,1,0.5719780686758243,1
7,642,2191,2191,1,0.5136927944745682,1
7,642,4385,4385,1,0.9420501387076856,1
7,642,1958,1958,1,0.40958068888028704,0
7,642,2233,2233,0,0.0291657658345906,0
7,642,2235,2235,0,0.20868067722644687,0
7,642,4506,4506,0,0.07402039534593924,0
7,642,4610,4610,0,0.2790999620289994,0
7,642,4692,4692,0,0.0342791177089924,0
7,642,4881,4881,0,0.23190937294449232,0
7,642,4498,4498,1,0.01652893614674406,0
7,642,1668,1668,0,0.058904974325829966,0
7,642,1688,1688,0,0.03515211141846313,0
7,642,1698,1698,0,0.07448511886412745,0
7,642,1714,1714,0,0.14907970530101444,0
7,642,1731,1731,0,0.036252218140668584,0
7,642,1761,1761,0,0.035762707926581865,0
7,642,1769,1769,0,0.021266595676822885,0
7,642,1777,1777,0,0.05062768857803879,0
7,642,1785,1785,0,0.01718515909579071,0
7,642,1792,1792,0,0.010910109687522183,0
7,642,1797,1797,1,0.04360753800927686,0
7,642,1813,1813,0,0.03965655005316509,0
7,642,1824,1824,0,0.05340235078439018,0
7,642,1827,1827,0,0.020904009144063155,0
7,642,1830,1830,0,0.011601852781110854,0
7,642,1837,1837,0,0.014483543907245875,0
7,642,1838,1838,0,0.009162440536109036,0
7,642,1843,1843,0,0.11367968080190251,0
7,642,1847,1847,0,0.015601028910784213,0
7,642,1854,1854,0,0.009572670081418181,0
7,642,1859,1859,0,0.01986910794452309,0
7,642,1874,1874,0,0.026174112296253722,0
7,642,1876,1876,0,0.042303205340698424,0
7,642,1884,1884,0,0.024399761383736663,0
7,642,1891,1891,0,0.07876662604828182,0
7,642,1899,1899,0,0.01812810113618745,0
7,642,1900,1900,0,0.07581661953210181,0
7,642,1901,1901,0,0.02816179957995159,0
7,642,1904,1904,0,0.07892006259467534,0
7,642,1910,1910,0,0.033536425989477606,0
7,642,1922,1922,0,0.0306289760844705,0
7,642,1924,1924,0,0.021216121780128935,0
7,642,1926,1926,0,0.014005007255938711,0
7,642,1942,1942,0,0.060750621669983323,0
7,642,1944,1944,0,0.02325352571154592,0
7,642,1946,1946,0,0.018613173468603104,0
7,642,1954,1954,1,0.0460667197137694,0
7,642,1959,1959,0,0.00791619100513548,0
7,642,1967,1967,0,0.017513530129409597,0
7,642,1971,1971,0,0.058677589331237255,0
7,642,1978,1978,0,0.032619081679717686,0
7,642,1982,1982,0,0.12842625653638337,0
7,642,1984,1984,0,0.05141329315146458,0
7,642,1990,1990,0,0.021455700672770858,0
7,642,1999,1999,0,0.006046955007440225,0
7,642,2006,2006,0,0.040195135531044146,0
7,642,2014,2014,0,0.029416117814315235,0
7,642,2019,2019,0,0.09099976979044475,0
7,642,2028,2028,0,0.02272283608925284,0
7,642,2038,2038,0,0.021860536638435315,0
7,642,2040,2040,0,0.050219209472845416,0
7,642,2042,2042,0,0.030391971415380654,0
7,642,2058,2058,0,0.009987143207900074,0
7,642,2059,2059,0,0.03971638192592632,0
7,642,2064,2064,0,0.017280562497605404,0
7,642,2066,2066,0,0.01311015788317109,0
7,642,2095,2095,0,0.00975957582869082,0
7,642,2110,2110,0,0.10827780862616798,0
7,642,2112,2112,0,0.06524154837009899,0
7,642,2118,2118,0,0.12642195010249993,0
7,642,2168,2168,0,0.006976273472459332,0
7,642,4266,4266,1,0.30100058285445125,0
7,642,3781,3781,1,0.154429153409473,0
7,642,2351,2351,0,0.2753588125565025,0
7,642,2352,2352,0,0.2306167045561536,0
7,642,2353,2353,0,0.2753588125565025,0
7,642,2354,2354,0,0.2753588125565025,0
7,642,2527,2527,0,0.16689833533104131,0
7,642,2528,2528,0,0.15236650896597495,0
7,642,2529,2529,0,0.5309925192731448,1
7,642,2530,2530,0,0.4063639434400695,0
7,642,2531,2531,0,0.6341983782930586,1
7,642,2532,2532,0,0.5921972929482238,1
7,642,2533,2533,0,0.4797767331766552,0
7,642,2534,2534,0,0.4413815380656407,0
7,642,2697,2697,0,0.3215542664220971,0
7,642,2698,2698,0,0.23805206741644475,0
7,642,2699,2699,0,0.669893444285025,1
7,642,2700,2700,0,0.5404004142178473,1
7,642,2701,2701,0,0.27263652781638664,0
7,642,2869,2869,0,0.5687796601456013,1
7,642,2870,2870,0,0.47502423416210016,0
7,642,2871,2871,0,0.5687796601456013,1
7,642,2878,2878,0,0.7519421105105667,1
7,642,2879,2879,0,0.6888607295466452,1
7,642,2880,2880,0,0.7519421105105667,1
7,642,3015,3015,0,0.22125643694460945,0
7,642,3016,3016,0,0.37049260792474203,0
7,642,3017,3017,0,0.31264748231853356,0
7,642,3147,3147,0,0.525911876203025,1
7,642,3148,3148,0,0.525911876203025,1
7,642,3154,3154,0,0.7756081429219017,1
7,642,3372,3372,0,0.35796637512378704,0
7,642,3373,3373,0,0.3376842130328988,0
7,642,3413,3413,0,0.4183892040028765,0
7,642,3414,3414,0,0.598342904843416,1
7,642,3726,3726,0,0.3677789975152703,0
7,642,3731,3731,0,0.4113262570286195,0
7,642,3874,3874,0,0.43585915570391465,0
7,642,3875,3875,0,0.314501645142001,0
7,642,4570,4570,0,0.2892599853210089,0
7,642,4946,4946,0,0.4799057104126732,0
7,642,4959,4959,0,0.23259919002230675,0
7,642,4667,4667,0,0.5782481895074384,1
7,642,942,942,0,0.32265967912219845,0
7,642,943,943,0,0.78362248782457,1
7,642,945,945,0,0.4765837680938029,0
7,642,946,946,0,0.5975487168016769,1
7,642,4121,4121,0,0.015950830771740615,0
7,642,1051,1051,1,0.9446800170051499,1
7,642,587,587,1,0.9248334589941013,1
7,642,5015,5015,1,0.8961607931698476,1
7,642,5139,5139,0,0.7140671673564558,1
7,642,1894,1894,1,0.8227099846461408,1
7,642,1895,1895,1,0.8555994737533168,1
7,642,1957,1957,1,0.24208820215432414,0
7,642,3850,3850,0,0.2108962952504935,0
7,642,275,275,0,0.021079018809222826,0
7,642,576,576,1,0.979305761351283,1
7,642,577,577,0,0.01373291327520024,0
7,642,799,799,1,0.9722475196297977,1
7,642,5076,5076,0,0.21474707233065385,0
7,642,1896,1896,0,0.016872659759189317,0
7,642,2035,2035,0,0.015443459783898399,0
7,642,240,240,0,0.008960776416767931,0
7,642,297,297,0,0.0793285700287615,0
7,642,766,766,1,0.8381255541420245,1
7,642,2122,2122,1,0.41129521665223534,0
7,642,2123,2123,0,0.233087815451899,0
7,642,2206,2206,1,0.603206505462764,1
7,642,1976,1976,0,0.2303134627735035,0
7,642,3119,3119,0,0.4080634803027642,0
7,642,3634,3634,0,0.1857071425193618,0
7,642,4140,4140,0,0.0927005502286878,0
7,642,4264,4264,0,0.08409054785238575,0
7,642,4299,4299,0,0.09925332500146718,0
7,642,3861,3861,0,0.7239262714741227,1
7,642,5148,5148,0,0.9364474765655406,1
7,642,1979,1979,1,0.7948954123313984,1
7,642,934,934,0,0.19308167893297412,0
7,642,935,935,0,0.13845941035505596,0
7,642,936,936,1,0.769192553980804,1
7,642,937,937,0,0.3708799892055011,0
7,642,938,938,1,0.3843460974910395,0
7,642,939,939,0,0.07809707615740431,0
7,642,1947,1947,1,0.9660537331318054,1
7,642,589,589,0,0.03287115919262393,0
7,642,2007,2007,1,0.49178252611086415,0
7,642,4119,4119,0,0.26156176262904235,0
7,642,4515,4515,1,0.1014360894754339,0
7,642,4737,4737,1,0.6988003662427605,1
7,642,4851,4851,1,0.811822290679058,1
7,642,4852,4852,1,0.6859827243707135,1
7,642,4853,4853,1,0.3453562259526734,0
7,642,4865,4865,1,0.6116706284373857,1
7,642,4871,4871,1,0.6972485955050834,1
7,642,4920,4920,1,0.6097877240779989,1
7,642,4930,4930,1,0.31007831994992135,0
7,642,4947,4947,1,0.8645702785190363,1
7,642,4955,4955,1,0.6498449713917643,1
7,642,4995,4995,1,0.6314048168170343,1
7,642,5028,5028,1,0.6312984009770009,1
7,642,5044,5044,1,0.5756749728908624,1
7,642,5045,5045,1,0.8119665318285642,1
7,642,2145,2145,0,0.013513717550495678,0
7,642,2146,2146,0,0.013513717550495678,0
7,642,2300,2300,1,0.5149654832037192,1
7,642,2301,2301,1,0.5149654832037192,1
7,642,2492,2492,1,0.32616275412757145,0
7,642,2676,2676,1,0.5345924098372757,1
7,642,2747,2747,1,0.3029999337950722,0
7,642,2999,2999,1,0.09890851192234755,0
7,642,3000,3000,1,0.08482916438392817,0
7,642,3002,3002,1,0.5315119316014162,1
7,642,3226,3226,1,0.5480240673535964,1
7,642,3499,3499,1,0.07008415803202846,0
7,642,3500,3500,1,0.4965911755634815,0
7,642,3577,3577,1,0.4853478382999733,0
7,642,3767,3767,1,0.19363719150603115,0
7,642,3856,3856,1,0.5023605035440845,1
7,642,3945,3945,1,0.24781862576455918,0
7,642,3948,3948,1,0.07405369627007209,0
7,642,3949,3949,1,0.07854537243035163,0
7,642,4037,4037,1,0.47434694959064555,0
7,642,4090,4090,1,0.22892226930849735,0
7,642,4124,4124,1,0.5455463871697073,1
7,642,4205,4205,1,0.3984682163131388,0
7,642,4355,4355,1,0.1328351685072413,0
7,642,4641,4641,1,0.39882195637193546,0
7,642,5035,5035,0,0.4585187571563508,0
7,642,5068,5068,0,0.36688465824541916,0
7,642,1696,1696,0,0.6303843377891927,1
7,642,3523,3523,0,0.7161747803186851,1
7,642,4659,4659,0,0.6047221774247644,1
7,642,4599,4599,0,0.15059668155766873,0
7,642,4673,4673,0,0.7578562496495479,1
7,642,4674,4674,0,0.07370630898419518,0
7,642,4733,4733,0,0.1099594198625983,0
7,642,4734,4734,0,0.4549687115374311,0
7,642,4854,4854,0,0.6372026072312144,1
7,642,4997,4997,0,0.20350873725282226,0
7,642,5023,5023,0,0.5431993713788218,1
7,642,295,295,0,0.9222990540196373,1
7,642,592,592,1,0.9742036306418004,1
7,642,1274,1274,0,0.25918589507855194,0
7,642,1275,1275,1,0.8706725420705579,1
7,642,1587,1587,0,0.7335903050677154,1
7,642,2062,2062,0,0.11810393810209967,0
7,642,259,259,0,0.21548533616340187,0
7,642,1106,1106,0,0.2144309697501775,0
7,642,5012,5012,0,0.04470722123356471,0
7,642,4591,4591,0,0.1568786769488233,0
7,642,5155,5155,0,0.5961297083287522,1
7,642,5156,5156,1,0.25014431083791566,0
7,642,5157,5157,1,0.1830638031751684,0
7,642,708,708,0,0.13740285129553423,0
7,642,4980,4980,0,0.11313575554725404,0
7,642,5064,5064,0,0.007868974151833512,0
7,642,731,731,0,0.006986443417725038,0
7,642,3828,3828,0,0.22450343459042843,0
7,642,3993,3993,0,0.10270993191401825,0
7,642,3994,3994,0,0.10671055701729189,0
7,642,3995,3995,0,0.10270993191401825,0
7,642,4127,4127,0,0.04067559675906712,0
7,642,4128,4128,0,0.0398702464882628,0
7,642,4137,4137,0,0.17260417073110593,0
7,642,4139,4139,0,0.24111436352787402,0
7,642,4280,4280,0,0.04420556055468703,0
7,642,4409,4409,0,0.017647162205519765,0
7,642,4411,4411,0,0.38733574076887606,0
7,642,4412,4412,0,0.09099663608200044,0
7,642,4500,4500,0,0.12436344541634811,0
7,642,4525,4525,0,0.42431862640355444,0
7,642,4578,4578,0,0.0569497049539268,0
7,642,4592,4592,0,0.1737752892354845,0
7,642,4593,4593,0,0.10968216497322951,0
7,642,4670,4670,0,0.03571342385291863,0
7,642,4672,4672,1,0.3738926301215029,0
7,642,4683,4683,0,0.11164174093847236,0
7,642,4684,4684,0,0.2286098252920886,0
7,642,4769,4769,1,0.2200050433987018,0
7,642,4773,4773,0,0.4941781576317483,0
7,642,5033,5033,1,0.13953519363840292,0
7,642,5072,5072,1,0.16056518864575606,0
7,642,2080,2080,1,0.973873726655577,1
7,642,2128,2128,1,0.9767261000454361,1
7,642,2134,2134,1,0.891862365038617,1
7,642,2170,2170,0,0.8975662600725357,1
7,642,1241,1241,1,0.5753537553093485,1
7,642,1487,1487,1,0.626562063893496,1
7,642,1501,1501,1,0.2934216542546099,0
7,642,1502,1502,0,0.7454944719999762,1
7,642,3674,3674,0,0.9334074136697531,1
7,642,4742,4742,0,0.26743215626075967,0
7,642,1726,1726,1,0.9062253476171512,1
7,642,1773,1773,1,0.9269591594742934,1
7,642,3325,3325,0,0.08135009504636162,0
7,642,4218,4218,0,0.4049007829727675,0
7,642,948,948,1,0.6168204337907834,1
7,642,4529,4529,1,0.3115471085018391,0
7,642,4886,4886,1,0.4782204773655664,0
7,642,3506,3506,0,0.2537965759490407,0
7,642,1552,1552,1,0.7740909056587962,1
7,642,4933,4933,0,0.4989612394279055,0
7,642,1542,1542,0,0.14414390883412967,0
7,642,1543,1543,0,0.14414390883412967,0
7,642,1676,1676,0,0.00624195123613076,0
7,642,1700,1700,0,0.07010224217016689,0
7,642,1748,1748,0,0.009442486210646538,0
7,642,1749,1749,0,0.017877232630457443,0
7,642,1770,1770,0,0.06664951051904136,0
7,642,1905,1905,0,0.012085116823449513,0
7,642,1995,1995,0,0.0688243975466907,0
7,642,2151,2151,1,0.9885000998482429,1
7,642,2296,2296,0,0.32686692862798344,0
7,642,2298,2298,0,0.43452702046511726,0
7,642,2299,2299,0,0.43452702046511726,0
7,642,2435,2435,0,0.2676663039199818,0
7,642,2544,2544,1,0.14335565731692257,0
7,642,2545,2545,0,0.2988457784936496,0
7,642,2675,2675,1,0.3022891223509006,0
7,642,2745,2745,0,0.30414553485291124,0
7,642,2746,2746,0,0.30414553485291124,0
7,642,2796,2796,0,0.2001596563848744,0
7,642,2854,2854,0,0.1814879597228567,0
7,642,2891,2891,1,0.29920542827098173,0
7,642,2990,2990,0,0.11504126255199751,0
7,642,2991,2991,0,0.11504126255199751,0
7,642,2992,2992,0,0.10895757068387413,0
7,642,2993,2993,0,0.3023761918747404,0
7,642,2994,2994,0,0.3023761918747404,0
7,642,2995,2995,0,0.31133377050481564,0
7,642,2996,2996,0,0.31133377050481564,0
7,642,2997,2997,0,0.21618760797061487,0
7,642,2998,2998,1,0.19885836590944372,0
7,642,3001,3001,0,0.49093666173544503,0
7,642,3003,3003,0,0.22513777011314764,0
7,642,3019,3019,0,0.1661511903263308,0
7,642,3022,3022,0,0.1792453575918069,0
7,642,3136,3136,0,0.26020414356201454,0
7,642,3137,3137,0,0.29503851840784,0
7,642,3138,3138,1,0.17629535271809002,0
7,642,3203,3203,0,0.20601418693549867,0
7,642,3205,3205,0,0.173398031834624,0
7,642,3217,3217,0,0.2512601372388943,0
7,642,3219,3219,0,0.3890059380984177,0
7,642,3225,3225,0,0.16693251073053436,0
7,642,3227,3227,0,0.29752979455905604,0
7,642,3275,3275,0,0.21293319585263198,0
7,642,3280,3280,0,0.18557398807623887,0
7,642,3281,3281,0,0.21013337246416722,0
7,642,3282,3282,0,0.21013337246416722,0
7,642,3284,3284,0,0.2210646302994836,0
7,642,3286,3286,0,0.3886051733171153,0
7,642,3287,3287,0,0.28517332596667844,0
7,642,3288,3288,0,0.2812418189012462,0
7,642,3362,3362,0,0.9273304009390826,1
7,642,3363,3363,0,0.9273304009390826,1
7,642,3385,3385,0,0.10124610497271931,0
7,642,3401,3401,0,0.12570038277417017,0
7,642,3402,3402,0,0.20732115461465286,0
7,642,3440,3440,0,0.13530710883511501,0
7,642,3489,3489,0,0.22860592433223892,0
7,642,3490,3490,0,0.23002283107634722,0
7,642,3491,3491,0,0.23641743400330303,0
7,642,3492,3492,0,0.11583220416789664,0
7,642,3493,3493,0,0.4005288941217607,0
7,642,3494,3494,0,0.10491406750209832,0
7,642,3495,3495,0,0.10050998677437382,0
7,642,3496,3496,0,0.26760687152307067,0
7,642,3497,3497,0,0.2580321379365112,0
7,642,3498,3498,0,0.3544318898567295,0
7,642,3501,3501,0,0.334284195817163,0
7,642,3502,3502,0,0.23392375658354686,0
7,642,3503,3503,0,0.23287501497171093,0
7,642,3504,3504,0,0.14506332029138477,0
7,642,3507,3507,0,0.18082294250033693,0
7,642,3562,3562,0,0.12925516769831294,0
7,642,3575,3575,0,0.664438787940802,1
7,642,3576,3576,0,0.2095447272081895,0
7,642,3578,3578,1,0.08713409042503344,0
7,642,3644,3644,0,0.33452994629105676,0
7,642,3649,3649,0,0.2064378205141444,0
7,642,3666,3666,0,0.40436726287419517,0
7,642,3686,3686,0,0.20867960792048454,0
7,642,3687,3687,0,0.20867960792048454,0
7,642,3708,3708,0,0.28664062060019574,0
7,642,3709,3709,0,0.21175579677988046,0
7,642,3712,3712,0,0.11515055253937717,0
7,642,3713,3713,0,0.21875223017106632,0
7,642,3714,3714,0,0.11739644939088553,0
7,642,3760,3760,0,0.10638521899029854,0
7,642,3761,3761,0,0.10638521899029854,0
7,642,3764,3764,0,0.2145219048737526,0
7,642,3765,3765,0,0.2757573531002262,0
7,642,3766,3766,0,0.08356469104235129,0
7,642,3768,3768,0,0.33344021746882296,0
7,642,3770,3770,0,0.1476642999535649,0
7,642,3771,3771,0,0.16131209370283758,0
7,642,3851,3851,0,0.07077939027722846,0
7,642,3852,3852,0,0.09330140650187757,0
7,642,3853,3853,0,0.14945402205287978,0
7,642,3854,3854,0,0.14945402205287978,0
7,642,3855,3855,0,0.14265832262993278,0
7,642,3870,3870,0,0.16376442823832482,0
7,642,3884,3884,0,0.21184667204221885,0
7,642,3885,3885,0,0.21184667204221885,0
7,642,3941,3941,0,0.13750916209598424,0
7,642,3942,3942,0,0.1481921335093651,0
7,642,3944,3944,0,0.3866736633861729,0
7,642,3946,3946,0,0.031718470620034,0
7,642,3952,3952,0,0.18927288674576423,0
7,642,4054,4054,0,0.059566299042608094,0
7,642,4055,4055,0,0.059566299042608094,0
7,642,4086,4086,0,0.10410558039827994,0
7,642,4091,4091,0,0.09150864686460834,0
7,642,4092,4092,0,0.20129690097354164,0
7,642,4136,4136,0,0.33244568549057746,0
7,642,4162,4162,0,0.056048502877027576,0
7,642,4198,4198,0,0.06727304403471301,0
7,642,4201,4201,1,0.10026024434372395,0
7,642,4204,4204,0,0.1656993907957283,0
7,642,4252,4252,0,0.3752899631180218,0
7,642,4356,4356,0,0.09127348187894523,0
7,642,4461,4461,0,0.3021914919831706,0
7,642,4463,4463,0,0.15168123416841384,0
7,642,4581,4581,0,0.12714734079258058,0
7,642,4632,4632,0,0.25088984059815456,0
7,642,4633,4633,0,0.25088984059815456,0
7,642,4634,4634,0,0.25088984059815456,0
7,642,4847,4847,0,0.08427088618337317,0
7,642,5005,5005,1,0.07444146691934099,0
7,642,5006,5006,1,0.07444146691934099,0
7,642,5030,5030,0,0.06387692232556738,0
7,642,5034,5034,1,0.19582750844009775,0
7,642,5067,5067,1,0.15133607865844778,0
7,642,1600,1600,0,0.023009420027164704,0
7,642,1629,1629,0,0.27407106724211844,0
7,642,1666,1666,0,0.05644762358295727,0
7,642,3872,3872,0,0.0937362035470584,0
7,642,3299,3299,1,0.9238139575647362,1
7,642,1634,1634,0,0.018829330234400157,0
7,642,1079,1079,0,0.01079810109093742,0
7,642,5116,5116,0,0.38568391874598856,0
7,642,2031,2031,0,0.21723208626200577,0
7,642,2032,2032,0,0.21723208626200577,0
7,642,5046,5046,1,0.8955948336403398,1
7,642,2267,2267,1,0.901274937799365,1
7,642,2268,2268,1,0.901274937799365,1
7,642,2269,2269,1,0.901274937799365,1
7,642,2270,2270,1,0.901274937799365,1
7,642,2271,2271,1,0.901274937799365,1
7,642,2272,2272,1,0.901274937799365,1
7,642,2273,2273,1,0.901274937799365,1
7,642,2274,2274,1,0.901274937799365,1
7,642,2275,2275,1,0.901274937799365,1
7,642,2276,2276,1,0.901274937799365,1
7,642,2277,2277,1,0.901274937799365,1
7,642,2278,2278,1,0.901274937799365,1
7,642,2279,2279,0,0.8685204012202012,1
7,642,2280,2280,1,0.901274937799365,1
7,642,2281,2281,1,0.901274937799365,1
7,642,2282,2282,1,0.901274937799365,1
7,642,2283,2283,1,0.901274937799365,1
7,642,2284,2284,1,0.901274937799365,1
7,642,2285,2285,1,0.901274937799365,1
7,642,2359,2359,1,0.725444699267307,1
7,642,2360,2360,1,0.725444699267307,1
7,642,2361,2361,1,0.725444699267307,1
7,642,2362,2362,1,0.725444699267307,1
7,642,2363,2363,1,0.725444699267307,1
7,642,2373,2373,1,0.7241931052792969,1
7,642,2374,2374,1,0.7241931052792969,1
7,642,2375,2375,1,0.7241931052792969,1
7,642,2376,2376,1,0.4348103691772958,0
7,642,2377,2377,1,0.4348103691772958,0
7,642,2378,2378,1,0.4348103691772958,0
7,642,2379,2379,1,0.4348103691772958,0
7,642,2380,2380,1,0.4348103691772958,0
7,642,2437,2437,1,0.8822237473698483,1
7,642,2457,2457,1,0.5077882635872659,1
7,642,2482,2482,1,0.45965471324591345,0
7,642,2483,2483,1,0.45965471324591345,0
7,642,2484,2484,1,0.45965471324591345,0
7,642,2485,2485,1,0.45965471324591345,0
7,642,2488,2488,1,0.5501774972829818,1
7,642,2489,2489,1,0.5501774972829818,1
7,642,2518,2518,1,0.8437148681996315,1
7,642,2541,2541,1,0.35623772524458913,0
7,642,2542,2542,1,0.35623772524458913,0
7,642,2543,2543,1,0.4318527346472176,0
7,642,2634,2634,1,0.40802702263503615,0
7,642,2635,2635,1,0.40802702263503615,0
7,642,2636,2636,1,0.40802702263503615,0
7,642,2637,2637,1,0.40802702263503615,0
7,642,2638,2638,1,0.40802702263503615,0
7,642,2639,2639,1,0.40802702263503615,0
7,642,2646,2646,1,0.45653782550332256,0
7,642,2647,2647,1,0.45653782550332256,0
7,642,2648,2648,1,0.45653782550332256,0
7,642,2649,2649,1,0.45653782550332256,0
7,642,2651,2651,1,0.7391714779237996,1
7,642,2652,2652,1,0.7391714779237996,1
7,642,2653,2653,1,0.7391714779237996,1
7,642,2659,2659,1,0.4445591476444933,0
7,642,2660,2660,1,0.4445591476444933,0
7,642,2714,2714,1,0.1610517760896545,0
7,642,2781,2781,1,0.5854697395770603,1
7,642,2782,2782,1,0.5854697395770603,1
7,642,2783,2783,1,0.5854697395770603,1
7,642,2784,2784,1,0.5854697395770603,1
7,642,2785,2785,1,0.5854697395770603,1
7,642,2786,2786,1,0.6982330524896683,1
7,642,2787,2787,1,0.6982330524896683,1
7,642,2788,2788,1,0.6982330524896683,1
7,642,2789,2789,1,0.4273312747915311,0
7,642,2790,2790,1,0.4273312747915311,0
7,642,2791,2791,1,0.4273312747915311,0
7,642,2793,2793,1,0.286995717435757,0
7,642,2835,2835,1,0.6226713480847607,1
7,642,2867,2867,1,0.48941225279258965,0
7,642,3010,3010,1,0.12945789851957332,0
7,642,3130,3130,1,0.6130165972670384,1
7,642,3131,3131,1,0.6130165972670384,1
7,642,3132,3132,1,0.6130165972670384,1
7,642,3144,3144,1,0.6203686940994838,1
7,642,3174,3174,1,0.5005354810628185,1
7,642,3175,3175,1,0.6505940961161406,1
7,642,3176,3176,1,0.189945131461277,0
7,642,3177,3177,1,0.7541573397886611,1
7,642,3178,3178,1,0.7541573397886611,1
7,642,3342,3342,1,0.7218508123754922,1
7,642,3344,3344,1,0.5713106759309863,1
7,642,3347,3347,1,0.6684839622596195,1
7,642,3391,3391,1,0.6386820474968374,1
7,642,3521,3521,1,0.30913149290155506,0
7,642,3522,3522,1,0.30913149290155506,0
7,642,3532,3532,1,0.7006377415935406,1
7,642,3533,3533,1,0.7006377415935406,1
7,642,3534,3534,1,0.7006377415935406,1
7,642,3535,3535,1,0.6368349113105592,1
7,642,3536,3536,1,0.6368349113105592,1
7,642,3537,3537,1,0.6368349113105592,1
7,642,3545,3545,1,0.22442894310403047,0
7,642,3546,3546,1,0.22442894310403047,0
7,642,3617,3617,1,0.27063825160896615,0
7,642,3679,3679,1,0.21973338246620042,0
7,642,3732,3732,1,0.3620432409472489,0
7,642,3818,3818,1,0.25696438158582874,0
7,642,4098,4098,1,0.1837011749479134,0
7,642,4164,4164,0,0.05851691541198704,0
7,642,4293,4293,0,0.03915232484969524,0
7,642,4294,4294,0,0.0492227867040079,0
7,642,4358,4358,0,0.030849365149519997,0
7,642,4407,4407,0,0.02249720954085122,0
7,642,4431,4431,0,0.03523729226748994,0
7,642,4432,4432,0,0.05921340715053523,0
7,642,4433,4433,0,0.08218546104401121,0
7,642,4490,4490,0,0.03420961301600061,0
7,642,4665,4665,1,0.08618125673040529,0
7,642,4666,4666,1,0.08618125673040529,0
7,642,4762,4762,0,0.03564337545866763,0
7,642,4850,4850,0,0.026344790611416126,0
7,642,4671,4671,0,0.7652489231511298,1
7,642,4768,4768,0,0.9419709639714555,1
7,642,5032,5032,0,0.9302483746208162,1
7,642,5071,5071,0,0.9013727362544276,1
7,642,955,955,1,0.4887557800116466,0
7,642,906,906,1,0.9137379964980991,1
7,642,908,908,1,0.34910270399944887,0
7,642,2431,2431,1,0.9157173559280164,1
7,642,2432,2432,1,0.9157173559280164,1
7,642,2433,2433,1,0.928543068953893,1
7,642,2434,2434,1,0.928543068953893,1
7,642,2569,2569,1,0.6772528088136042,1
7,642,2726,2726,1,0.9013402397743226,1
7,642,2727,2727,1,0.9013402397743226,1
7,642,2832,2832,1,0.8069046595945557,1
7,642,2909,2909,1,0.667123672741118,1
7,642,2910,2910,1,0.6990942616207625,1
7,642,2911,2911,1,0.8674412862895463,1
7,642,2912,2912,1,0.8233737409739987,1
7,642,2914,2914,1,0.6990942616207625,1
7,642,2915,2915,1,0.8674412862895463,1
7,642,3041,3041,1,0.9118479093302845,1
7,642,3044,3044,1,0.9118479093302845,1
7,642,3045,3045,1,0.824100982273451,1
7,642,3171,3171,1,0.8289173573675614,1
7,642,5149,5149,0,0.6954170845452518,1
7,642,5150,5150,1,0.4677252559751182,0
7,642,2326,2326,1,0.6230043296563748,1
7,642,2327,2327,1,0.6230043296563748,1
7,642,2328,2328,1,0.6230043296563748,1
7,642,2329,2329,1,0.6230043296563748,1
7,642,2330,2330,1,0.6230043296563748,1
7,642,2458,2458,1,0.5142188790973814,1
7,642,2459,2459,1,0.5142188790973814,1
7,642,2460,2460,1,0.5142188790973814,1
7,642,2461,2461,1,0.4864860539545858,0
7,642,2507,2507,1,0.6011219830024777,1
7,642,2508,2508,1,0.6011219830024777,1
7,642,2509,2509,1,0.3187282628986074,0
7,642,2510,2510,1,0.6999607821149851,1
7,642,2511,2511,1,0.6999607821149851,1
7,642,2706,2706,1,0.5186977724038812,1
7,642,2707,2707,1,0.5186977724038812,1
7,642,2708,2708,1,0.6560505005309966,1
7,642,2709,2709,1,0.6560505005309966,1
7,642,2710,2710,1,0.6560505005309966,1
7,642,2811,2811,1,0.6564669515390537,1
7,642,2812,2812,1,0.6564669515390537,1
7,642,2813,2813,1,0.48582503500433655,0
7,642,2814,2814,1,0.48582503500433655,0
7,642,2815,2815,1,0.48582503500433655,0
7,642,2818,2818,1,0.43099968254592685,0
7,642,2819,2819,1,0.5751246482157844,1
7,642,2828,2828,1,0.35419934166187256,0
7,642,2982,2982,1,0.609880324273032,1
7,642,3151,3151,1,0.676408334064681,1
7,642,3230,3230,1,0.5591168225061082,1
7,642,3370,3370,1,0.615121914779191,1
7,642,3376,3376,1,0.6433970569901765,1
7,642,3600,3600,1,0.33072114131905145,0
7,642,3601,3601,1,0.33072114131905145,0
7,642,3602,3602,1,0.33072114131905145,0
7,642,3605,3605,1,0.7240997964323919,1
7,642,3606,3606,1,0.7240997964323919,1
7,642,3607,3607,1,0.7240997964323919,1
7,642,3860,3860,1,0.05538095105156725,0
7,642,4254,4254,1,0.19136963854283748,0
7,642,4678,4678,1,0.24825385717575257,0
7,642,4759,4759,1,0.23356030928179788,0
7,642,564,564,1,0.9861129472977302,1
7,642,566,566,1,0.9653294130304827,1
7,642,568,568,1,0.9857333396809592,1
7,642,570,570,1,0.9674408170930445,1
7,642,827,827,1,0.9658026685672082,1
7,642,836,836,1,0.875134454313815,1
7,642,2347,2347,0,0.6379537923969361,1
7,642,2348,2348,0,0.6379537923969361,1
7,642,2349,2349,0,0.6379537923969361,1
7,642,2350,2350,0,0.6379537923969361,1
7,642,2608,2608,0,0.3995441651426929,0
7,642,2610,2610,0,0.3566267513698058,0
7,642,2884,2884,0,0.7549402337571444,1
7,642,3014,3014,0,0.32767778636470757,0
7,642,3124,3124,1,0.945572042625675,1
7,642,3146,3146,0,0.5344737907783459,1
7,642,3153,3153,0,0.5113118297862325,1
7,642,3371,3371,1,0.9139499030190869,1
7,642,3412,3412,0,0.909875044495923,1
7,642,3678,3678,1,0.9075201273267255,1
7,642,3720,3720,1,0.8841178276921484,1
7,642,3721,3721,1,0.8841178276921484,1
7,642,3728,3728,0,0.7734950914899171,1
7,642,4225,4225,1,0.8973667014548962,1
7,642,4226,4226,1,0.8360892077714248,1
7,642,2385,2385,0,0.24329286394994198,0
7,642,2386,2386,0,0.24329286394994198,0
7,642,2387,2387,0,0.24329286394994198,0
7,642,2388,2388,0,0.2331251170800276,0
7,642,2389,2389,0,0.24329286394994198,0
7,642,2390,2390,0,0.24329286394994198,0
7,642,2391,2391,0,0.24329286394994198,0
7,642,2392,2392,0,0.2331251170800276,0
7,642,2393,2393,0,0.24329286394994198,0
7,642,2394,2394,0,0.24329286394994198,0
7,642,2395,2395,0,0.24329286394994198,0
7,642,2396,2396,0,0.24329286394994198,0
7,642,2397,2397,0,0.24329286394994198,0
7,642,2398,2398,0,0.24329286394994198,0
7,642,2399,2399,0,0.24329286394994198,0
7,642,2556,2556,0,0.32143147279373147,0
7,642,2564,2564,0,0.4044348282631236,0
7,642,2565,2565,0,0.18749049986982677,0
7,642,2566,2566,0,0.18749049986982677,0
7,642,2663,2663,0,0.23653195817362838,0
7,642,2664,2664,0,0.22679632818312376,0
7,642,2665,2665,0,0.23653195817362838,0
7,642,2666,2666,0,0.22679632818312376,0
7,642,2667,2667,0,0.15929042653207207,0
7,642,2718,2718,0,0.2350385955668082,0
7,642,2831,2831,0,0.12304840027415609,0
7,642,2836,2836,0,0.2845905140250025,0
7,642,2887,2887,0,0.17170758410567258,0
7,642,2888,2888,0,0.16255524771406663,0
7,642,2889,2889,0,0.10744433653187356,0
7,642,2890,2890,0,0.373330438945007,0
7,642,2901,2901,0,0.35420356569772543,0
7,642,2949,2949,0,0.26337583345404303,0
7,642,2950,2950,0,0.2857061846257386,0
7,642,2951,2951,0,0.26337583345404303,0
7,642,2952,2952,0,0.26337583345404303,0
7,642,2953,2953,0,0.26337583345404303,0
7,642,2954,2954,0,0.2857061846257386,0
7,642,2955,2955,0,0.26337583345404303,0
7,642,2956,2956,0,0.26337583345404303,0
7,642,2957,2957,0,0.26337583345404303,0
7,642,2958,2958,0,0.26337583345404303,0
7,642,2959,2959,0,0.26337583345404303,0
7,642,2960,2960,0,0.2857061846257386,0
7,642,2961,2961,0,0.26337583345404303,0
7,642,2962,2962,0,0.26337583345404303,0
7,642,2963,2963,0,0.2857061846257386,0
7,642,2964,2964,0,0.26337583345404303,0
7,642,2965,2965,0,0.26337583345404303,0
7,642,2966,2966,0,0.26337583345404303,0
7,642,2967,2967,0,0.26337583345404303,0
7,642,2970,2970,0,0.14475155058525077,0
7,642,2971,2971,0,0.14475155058525077,0
7,642,2972,2972,0,0.14475155058525077,0
7,642,2973,2973,0,0.14475155058525077,0
7,642,2974,2974,0,0.14475155058525077,0
7,642,2975,2975,0,0.14475155058525077,0
7,642,2976,2976,0,0.14475155058525077,0
7,642,2979,2979,0,0.14961228765429896,0
7,642,2983,2983,0,0.20469268753038206,0
7,642,2985,2985,0,0.15279689310921418,0
7,642,3034,3034,0,0.35988365011595647,0
7,642,3035,3035,1,0.2163631039471537,0
7,642,3036,3036,0,0.13222028811933734,0
7,642,3094,3094,0,0.23860867187231807,0
7,642,3179,3179,0,0.23972091851807067,0
7,642,3180,3180,0,0.08277584111830823,0
7,642,3181,3181,0,0.299527155341029,0
7,642,3182,3182,0,0.299527155341029,0
7,642,3183,3183,0,0.30286615345505896,0
7,642,3184,3184,0,0.30286615345505896,0
7,642,3185,3185,0,0.30286615345505896,0
7,642,3186,3186,0,0.30286615345505896,0
7,642,3187,3187,0,0.30286615345505896,0
7,642,3188,3188,0,0.30286615345505896,0
7,642,3189,3189,0,0.30286615345505896,0
7,642,3190,3190,0,0.30286615345505896,0
7,642,3191,3191,0,0.30286615345505896,0
7,642,3192,3192,0,0.30286615345505896,0
7,642,3193,3193,0,0.30286615345505896,0
7,642,3194,3194,0,0.053124767786838,0
7,642,3195,3195,0,0.046347949443778846,0
7,642,3196,3196,0,0.046347949443778846,0
7,642,3197,3197,0,0.046347949443778846,0
7,642,3198,3198,0,0.21358666884440897,0
7,642,3199,3199,0,0.21358666884440897,0
7,642,3204,3204,0,0.10494467387948427,0
7,642,3234,3234,0,0.15405591368873928,0
7,642,3235,3235,0,0.15405591368873928,0
7,642,3236,3236,0,0.15405591368873928,0
7,642,3237,3237,0,0.15405591368873928,0
7,642,3238,3238,0,0.15405591368873928,0
7,642,3239,3239,0,0.09289009717172943,0
7,642,3240,3240,0,0.09289009717172943,0
7,642,3241,3241,0,0.09289009717172943,0
7,642,3242,3242,0,0.09289009717172943,0
7,642,3243,3243,0,0.09289009717172943,0
7,642,3244,3244,0,0.09289009717172943,0
7,642,3245,3245,0,0.09289009717172943,0
7,642,3246,3246,0,0.09289009717172943,0
7,642,3247,3247,0,0.09289009717172943,0
7,642,3248,3248,0,0.09289009717172943,0
7,642,3249,3249,0,0.09289009717172943,0
7,642,3256,3256,0,0.19167643387370845,0
7,642,3257,3257,0,0.13779522691037455,0
7,642,3258,3258,0,0.13779522691037455,0
7,642,3259,3259,0,0.13779522691037455,0
7,642,3260,3260,0,0.13779522691037455,0
7,642,3261,3261,0,0.13779522691037455,0
7,642,3262,3262,0,0.13779522691037455,0
7,642,3263,3263,0,0.13779522691037455,0
7,642,3265,3265,1,0.17010113112970188,0
7,642,3266,3266,0,0.29687910164915243,0
7,642,3268,3268,0,0.22438697207415947,0
7,642,3293,3293,0,0.08228438072477616,0
7,642,3310,3310,0,0.17686110549471754,0
7,642,3394,3394,1,0.25904870940764707,0
7,642,3417,3417,0,0.15904202734052417,0
7,642,3418,3418,0,0.15415678938783375,0
7,642,3421,3421,0,0.18717332164718228,0
7,642,3423,3423,1,0.10405183230150586,0
7,642,3424,3424,0,0.29556087612250714,0
7,642,3425,3425,0,0.20784394032686862,0
7,642,3426,3426,0,0.15956114785870174,0
7,642,3428,3428,0,0.2490075046389056,0
7,642,3433,3433,0,0.12180559672162902,0
7,642,3450,3450,0,0.2436845556079142,0
7,642,3452,3452,0,0.18366877243910695,0
7,642,3453,3453,0,0.18366877243910695,0
7,642,3454,3454,0,0.18366877243910695,0
7,642,3455,3455,0,0.23564325160027236,0
7,642,3456,3456,0,0.23564325160027236,0
7,642,3457,3457,0,0.2564520499886475,0
7,642,3458,3458,0,0.23564325160027236,0
7,642,3459,3459,0,0.23564325160027236,0
7,642,3460,3460,0,0.23564325160027236,0
7,642,3461,3461,0,0.2564520499886475,0
7,642,3462,3462,0,0.23564325160027236,0
7,642,3463,3463,0,0.23564325160027236,0
7,642,3464,3464,0,0.2564520499886475,0
7,642,3465,3465,0,0.2564520499886475,0
7,642,3466,3466,0,0.23564325160027236,0
7,642,3467,3467,0,0.23564325160027236,0
7,642,3468,3468,0,0.5116489414640848,1
7,642,3471,3471,0,0.11302387140649396,0
7,642,3472,3472,0,0.22641721453739186,0
7,642,3474,3474,0,0.10251314275646031,0
7,642,3475,3475,0,0.45268583977628846,0
7,642,3477,3477,0,0.18269674772989863,0
7,642,3547,3547,1,0.2872234395160172,0
7,642,3548,3548,0,0.15796908324625852,0
7,642,3549,3549,0,0.2872234395160172,0
7,642,3550,3550,0,0.2872234395160172,0
7,642,3551,3551,0,0.2872234395160172,0
7,642,3552,3552,0,0.2872234395160172,0
7,642,3553,3553,0,0.2872234395160172,0
7,642,3554,3554,1,0.16397791284314003,0
7,642,3555,3555,1,0.16397791284314003,0
7,642,3556,3556,1,0.25838799075471997,0
7,642,3557,3557,1,0.25838799075471997,0
7,642,3558,3558,0,0.07092280384534573,0
7,642,3559,3559,0,0.05285053572902097,0
7,642,3574,3574,0,0.06122991173972816,0
7,642,3623,3623,0,0.07551151642006142,0
7,642,3647,3647,1,0.23977997210249152,0
7,642,3656,3656,0,0.2309350125597521,0
7,642,3657,3657,1,0.22420915474841296,0
7,642,3659,3659,0,0.10354355726394426,0
7,642,3660,3660,1,0.23353855291006403,0
7,642,3661,3661,0,0.10267980096640963,0
7,642,3662,3662,1,0.23364544231861553,0
7,642,3665,3665,1,0.2117774975842232,0
7,642,3681,3681,0,0.3150886849074605,0
7,642,3682,3682,0,0.056985005508743726,0
7,642,3683,3683,0,0.058152176209484166,0
7,642,3684,3684,0,0.058152176209484166,0
7,642,3685,3685,0,0.26958150609988824,0
7,642,3688,3688,0,0.11862309937637239,0
7,642,3689,3689,0,0.18743299206091923,0
7,642,3690,3690,0,0.1733100919964041,0
7,642,3691,3691,1,0.036723056257681186,0
7,642,3693,3693,0,0.12856048898677416,0
7,642,3694,3694,0,0.0978139363379127,0
7,642,3697,3697,0,0.2717242011077553,0
7,642,3699,3699,0,0.4088754710928452,0
7,642,3701,3701,0,0.11778682742123238,0
7,642,3702,3702,0,0.046921719911663856,0
7,642,3703,3703,0,0.23081240224360225,0
7,642,3733,3733,0,0.03191326725483171,0
7,642,3734,3734,0,0.03191326725483171,0
7,642,3735,3735,0,0.03191326725483171,0
7,642,3736,3736,1,0.05940418604203077,0
7,642,3745,3745,0,0.15520098421531012,0
7,642,3746,3746,0,0.08058514491559206,0
7,642,3747,3747,1,0.2848201539100166,0
7,642,3748,3748,0,0.041300164953420405,0
7,642,3749,3749,0,0.24693041807624524,0
7,642,3753,3753,1,0.08041834501043517,0
7,642,3789,3789,0,0.05873799501112968,0
7,642,3790,3790,0,0.05873799501112968,0
7,642,3793,3793,0,0.12329375113478651,0
7,642,3795,3795,1,0.06389308243922175,0
7,642,3796,3796,0,0.21403128426004078,0
7,642,3846,3846,1,0.13198375290983744,0
7,642,3862,3862,1,0.12711858261497636,0
7,642,3863,3863,0,0.1865934156373142,0
7,642,3864,3864,0,0.1027319023386227,0
7,642,3867,3867,0,0.14954567456132448,0
7,642,3881,3881,1,0.04528232182547066,0
7,642,3882,3882,0,0.3397110802475805,0
7,642,3883,3883,0,0.06534536815777822,0
7,642,3886,3886,1,0.5377141332364245,1
7,642,3887,3887,1,0.5377141332364245,1
7,642,3888,3888,1,0.15927620198141523,0
7,642,3891,3891,0,0.09724322331611017,0
7,642,3892,3892,1,0.0990878656812413,0
7,642,3893,3893,0,0.1130036512397238,0
7,642,3903,3903,1,0.09229877078245763,0
7,642,3921,3921,0,0.2710712481201346,0
7,642,3922,3922,0,0.05375055611460823,0
7,642,3923,3923,0,0.19229423598141046,0
7,642,3924,3924,0,0.19229423598141046,0
7,642,3925,3925,0,0.3105966034691608,0
7,642,3926,3926,0,0.38627601074786816,0
7,642,3927,3927,0,0.16435011477852246,0
7,642,3928,3928,0,0.3577208563895834,0
7,642,3929,3929,0,0.04110098389740721,0
7,642,3930,3930,0,0.0448536065351182,0
7,642,3931,3931,0,0.10660946797461013,0
7,642,3934,3934,0,0.04315055132831479,0
7,642,3935,3935,0,0.012145336601217119,0
7,642,3936,3936,0,0.04932083955881332,0
7,642,3968,3968,0,0.06298734531614927,0
7,642,3969,3969,1,0.10687661955325879,0
7,642,3970,3970,0,0.030648084078776457,0
7,642,4000,4000,0,0.19662324877671383,0
7,642,4012,4012,1,0.09112979526132112,0
7,642,4014,4014,0,0.26732533838406464,0
7,642,4015,4015,0,0.6019218175810191,1
7,642,4016,4016,0,0.6438349207241058,1
7,642,4017,4017,0,0.30569651459802555,0
7,642,4019,4019,0,0.06117021496557503,0
7,642,4021,4021,0,0.4999446204567588,0
7,642,4023,4023,0,0.16994397465295752,0
7,642,4048,4048,0,0.1166818244778133,0
7,642,4051,4051,0,0.3985394318698191,0
7,642,4052,4052,1,0.25394800213109064,0
7,642,4053,4053,1,0.12377777607277114,0
7,642,4068,4068,0,0.11977959255199247,0
7,642,4070,4070,0,0.03782173316855952,0
7,642,4073,4073,0,0.14695177859732608,0
7,642,4075,4075,0,0.07836318070683089,0
7,642,4078,4078,0,0.05325133942509092,0
7,642,4079,4079,0,0.056959523389464674,0
7,642,4080,4080,1,0.19650527096513493,0
7,642,4083,4083,0,0.1172685819812302,0
7,642,4084,4084,0,0.20862021955224544,0
7,642,4085,4085,1,0.04259884425976489,0
7,642,4101,4101,0,0.11009968840351259,0
7,642,4103,4103,0,0.13621367063812848,0
7,642,4104,4104,0,0.08371007216215048,0
7,642,4126,4126,0,0.09182052938848412,0
7,642,4143,4143,0,0.4519430444099607,0
7,642,4145,4145,0,0.15371334573813727,0
7,642,4146,4146,0,0.15371334573813727,0
7,642,4148,4148,0,0.0905029910203681,0
7,642,4149,4149,0,0.06968568052677254,0
7,642,4150,4150,0,0.0905029910203681,0
7,642,4151,4151,0,0.042114746262347846,0
7,642,4152,4152,0,0.2929472043027029,0
7,642,4155,4155,0,0.18904916584628956,0
7,642,4166,4166,0,0.1367190257254431,0
7,642,4167,4167,0,0.1367190257254431,0
7,642,4168,4168,0,0.1367190257254431,0
7,642,4169,4169,0,0.1367190257254431,0
7,642,4170,4170,0,0.1367190257254431,0
7,642,4171,4171,0,0.1367190257254431,0
7,642,4172,4172,0,0.28059597232786837,0
7,642,4174,4174,0,0.18420910988268796,0
7,642,4175,4175,0,0.38799891492089883,0
7,642,4176,4176,0,0.38799891492089883,0
7,642,4177,4177,0,0.38799891492089883,0
7,642,4178,4178,0,0.38799891492089883,0
7,642,4181,4181,0,0.17257464463337924,0
7,642,4186,4186,0,0.25882849475603864,0
7,642,4187,4187,0,0.12427316837109822,0
7,642,4188,4188,0,0.13694807529190525,0
7,642,4189,4189,0,0.28398654548102675,0
7,642,4195,4195,0,0.0743361063941915,0
7,642,4202,4202,0,0.11005052713907147,0
7,642,4210,4210,0,0.11205031819974874,0
7,642,4212,4212,1,0.11472286892097092,0
7,642,4215,4215,1,0.04691115297353753,0
7,642,4228,4228,0,0.12474119080289554,0
7,642,4229,4229,0,0.13143911350567714,0
7,642,4232,4232,0,0.28103014428692985,0
7,642,4244,4244,0,0.1553285792028109,0
7,642,4246,4246,0,0.06895824862409372,0
7,642,4248,4248,0,0.07176863918401763,0
7,642,4265,4265,0,0.251273389283019,0
7,642,4278,4278,0,0.15002251995859142,0
7,642,4279,4279,0,0.15002251995859142,0
7,642,4286,4286,0,0.1801037754366302,0
7,642,4287,4287,0,0.06898989315860371,0
7,642,4291,4291,1,0.6945495978732787,1
7,642,4301,4301,0,0.2708460956076878,0
7,642,4302,4302,0,0.08496052218394816,0
7,642,4306,4306,0,0.2237413503199404,0
7,642,4307,4307,0,0.24351246921284578,0
7,642,4308,4308,0,0.1517594219180337,0
7,642,4309,4309,0,0.08629702247882313,0
7,642,4311,4311,0,0.046008406726813604,0
7,642,4312,4312,0,0.027498262657889152,0
7,642,4313,4313,0,0.027498262657889152,0
7,642,4314,4314,0,0.14762347236720164,0
7,642,4315,4315,0,0.4126119278338321,0
7,642,4318,4318,0,0.0996773479791774,0
7,642,4322,4322,0,0.0592629035683731,0
7,642,4323,4323,0,0.4409763893238408,0
7,642,4325,4325,0,0.13641377820298298,0
7,642,4334,4334,0,0.09107188570741455,0
7,642,4335,4335,0,0.08762736770882043,0
7,642,4338,4338,0,0.22355911340527065,0
7,642,4339,4339,0,0.08141955458377513,0
7,642,4340,4340,0,0.154490118788691,0
7,642,4341,4341,0,0.1822340677126504,0
7,642,4342,4342,0,0.1822340677126504,0
7,642,4343,4343,0,0.1822340677126504,0
7,642,4344,4344,1,0.22836436138234883,0
7,642,4346,4346,0,0.11736951311288164,0
7,642,4348,4348,0,0.06845136239951385,0
7,642,4350,4350,0,0.34043398914543677,0
7,642,4365,4365,0,0.2609876672086676,0
7,642,4366,4366,0,0.07844574103211335,0
7,642,4368,4368,0,0.3994106525994957,0
7,642,4369,4369,0,0.11463080426161766,0
7,642,4373,4373,1,0.0702429321236376,0
7,642,4374,4374,0,0.08465508496866775,0
7,642,4375,4375,1,0.07450398479707551,0
7,642,4378,4378,0,0.09077846607858214,0
7,642,4397,4397,0,0.025247087801092603,0
7,642,4408,4408,0,0.057002770605363254,0
7,642,4417,4417,0,0.04540009528685848,0
7,642,4446,4446,0,0.08130213588818545,0
7,642,4447,4447,0,0.08130213588818545,0
7,642,4449,4449,0,0.5466721673039266,1
7,642,4450,4450,0,0.12760982896654882,0
7,642,4453,4453,0,0.031764702738507324,0
7,642,4474,4474,0,0.1604034650913709,0
7,642,4475,4475,0,0.04638679006535457,0
7,642,4477,4477,0,0.50501244202406,1
7,642,4478,4478,1,0.12950715196502216,0
7,642,4492,4492,0,0.10789778111444948,0
7,642,4493,4493,1,0.08183797074622856,0
7,642,4494,4494,0,0.270538321928313,0
7,642,4495,4495,0,0.2475412464030052,0
7,642,4505,4505,1,0.35897286837628606,0
7,642,4510,4510,0,0.09622145141006301,0
7,642,4530,4530,0,0.05102825402509846,0
7,642,4535,4535,0,0.02813843586983417,0
7,642,4536,4536,0,0.15398383593437912,0
7,642,4538,4538,0,0.026535072858228568,0
7,642,4551,4551,0,0.0527740500942231,0
7,642,4554,4554,0,0.19059998074398932,0
7,642,4564,4564,0,0.268375799880107,0
7,642,4565,4565,0,0.04529533755848854,0
7,642,4566,4566,0,0.23522672747735995,0
7,642,4576,4576,0,0.0038873900849869594,0
7,642,4590,4590,0,0.09734186193981764,0
7,642,4612,4612,0,0.14239460404143156,0
7,642,4613,4613,0,0.2430039052517518,0
7,642,4614,4614,0,0.2430039052517518,0
7,642,4615,4615,0,0.07631850381448237,0
7,642,4616,4616,0,0.0976450757194097,0
7,642,4617,4617,0,0.09072289617504456,0
7,642,4618,4618,0,0.09072289617504456,0
7,642,4620,4620,1,0.20673341016461866,0
7,642,4621,4621,1,0.20673341016461866,0
7,642,4623,4623,0,0.22873050067727377,0
7,642,4642,4642,0,0.04892164065185463,0
7,642,4651,4651,0,0.05818351210443253,0
7,642,4652,4652,0,0.033539205834809155,0
7,642,4657,4657,0,0.14753154893242154,0
7,642,4679,4679,0,0.022655720730124094,0
7,642,4686,4686,0,0.25739236681379146,0
7,642,4687,4687,0,0.22482571200268267,0
7,642,4688,4688,0,0.28593466256746347,0
7,642,4689,4689,0,0.1696391808643289,0
7,642,4690,4690,0,0.1696391808643289,0
7,642,4691,4691,0,0.14475483066350567,0
7,642,4693,4693,0,0.10641220124979424,0
7,642,4694,4694,0,0.256390441605983,0
7,642,4695,4695,0,0.3224882157439093,0
7,642,4696,4696,0,0.0925650448048734,0
7,642,4697,4697,1,0.09074566614180533,0
7,642,4698,4698,0,0.0925650448048734,0
7,642,4699,4699,0,0.09074566614180533,0
7,642,4700,4700,0,0.21135196018017627,0
7,642,4701,4701,0,0.1377321144096472,0
7,642,4702,4702,0,0.1377321144096472,0
7,642,4703,4703,0,0.14144379398368825,0
7,642,4704,4704,0,0.09980494577530831,0
7,642,4705,4705,0,0.25614123441571834,0
7,642,4706,4706,0,0.1565586289098876,0
7,642,4707,4707,0,0.29081339384280197,0
7,642,4708,4708,0,0.09565285427308794,0
7,642,4709,4709,0,0.08887194883648813,0
7,642,4710,4710,0,0.09071101575651053,0
7,642,4711,4711,0,0.33819961693613737,0
7,642,4712,4712,0,0.10983779601476258,0
7,642,4713,4713,0,0.13218607837472632,0
7,642,4714,4714,0,0.10983779601476258,0
7,642,4715,4715,0,0.5361504758482527,1
7,642,4716,4716,0,0.3253781018533634,0
7,642,4722,4722,0,0.24242064128823734,0
7,642,4723,4723,0,0.12811864457550046,0
7,642,4724,4724,0,0.11774513052754657,0
7,642,4739,4739,0,0.13588319944561264,0
7,642,4764,4764,0,0.044652363104418995,0
7,642,4765,4765,0,0.18531782560901355,0
7,642,4766,4766,0,0.28413545754722364,0
7,642,4779,4779,0,0.23671504695438772,0
7,642,4780,4780,0,0.2819722818942171,0
7,642,4781,4781,0,0.2027109888551578,0
7,642,4782,4782,0,0.2027109888551578,0
7,642,4783,4783,0,0.07155384597976612,0
7,642,4784,4784,0,0.11523552520006783,0
7,642,4787,4787,0,0.07232419577940631,0
7,642,4788,4788,0,0.2989300317895348,0
7,642,4790,4790,0,0.15576356288896556,0
7,642,4792,4792,0,0.09919408887880504,0
7,642,4794,4794,0,0.24616715304781697,0
7,642,4795,4795,0,0.29983289463885254,0
7,642,4796,4796,0,0.11773569125628332,0
7,642,4800,4800,0,0.2275186565404307,0
7,642,4801,4801,0,0.1125419378304624,0
7,642,4803,4803,0,0.37558957699400086,0
7,642,4804,4804,0,0.2434764232652841,0
7,642,4805,4805,0,0.15904690849196707,0
7,642,4806,4806,0,0.2054704462867368,0
7,642,4807,4807,0,0.22893914959023512,0
7,642,4808,4808,0,0.36217032532960636,0
7,642,4809,4809,0,0.3512491452282428,0
7,642,4810,4810,0,0.3512491452282428,0
7,642,4811,4811,0,0.3512491452282428,0
7,642,4812,4812,0,0.08657048784290554,0
7,642,4813,4813,0,0.08858737815916212,0
7,642,4814,4814,0,0.08858737815916212,0
7,642,4815,4815,0,0.08657048784290554,0
7,642,4816,4816,0,0.08657048784290554,0
7,642,4817,4817,0,0.26070189390439735,0
7,642,4818,4818,1,0.24719966809316357,0
7,642,4820,4820,0,0.0636795496857132,0
7,642,4821,4821,0,0.05249483093431482,0
7,642,4822,4822,0,0.0636795496857132,0
7,642,4823,4823,0,0.05249483093431482,0
7,642,4824,4824,0,0.05249483093431482,0
7,642,4825,4825,0,0.05249483093431482,0
7,642,4826,4826,0,0.15857010591276308,0
7,642,4827,4827,0,0.15857010591276308,0
7,642,4828,4828,0,0.12716836229659872,0
7,642,4829,4829,0,0.1545912283272181,0
7,642,4830,4830,0,0.4704706720086551,0
7,642,4831,4831,0,0.4704706720086551,0
7,642,4832,4832,0,0.4704706720086551,0
7,642,4833,4833,0,0.04548261952431855,0
7,642,4835,4835,0,0.10615935853264473,0
7,642,4836,4836,0,0.5599165317407581,1
7,642,4837,4837,0,0.2370640443108839,0
7,642,4838,4838,0,0.37558957699400086,0
7,642,4839,4839,0,0.15904690849196707,0
7,642,4841,4841,0,0.342765606912227,0
7,642,4859,4859,0,0.062067814396667205,0
7,642,4860,4860,0,0.062067814396667205,0
7,642,4861,4861,0,0.11079776420745818,0
7,642,4863,4863,0,0.14650632070833303,0
7,642,4866,4866,1,0.15450984106691412,0
7,642,4888,4888,0,0.10729714121170165,0
7,642,4889,4889,0,0.1825069830076028,0
7,642,4890,4890,0,0.4726605155396551,0
7,642,4891,4891,0,0.31866975152485305,0
7,642,4892,4892,0,0.4553981493005098,0
7,642,4894,4894,0,0.17723280328642557,0
7,642,4896,4896,1,0.2114292123348282,0
7,642,4897,4897,1,0.2114292123348282,0
7,642,4898,4898,1,0.2114292123348282,0
7,642,4901,4901,0,0.18041345725946503,0
7,642,4902,4902,0,0.05506130431216797,0
7,642,4903,4903,0,0.1426451114921017,0
7,642,4904,4904,0,0.12165115857195105,0
7,642,4905,4905,0,0.1426451114921017,0
7,642,4906,4906,0,0.12165115857195105,0
7,642,4907,4907,0,0.12165115857195105,0
7,642,4908,4908,1,0.2114292123348282,0
7,642,4909,4909,0,0.15251961154467697,0
7,642,4910,4910,0,0.10321265884772712,0
7,642,4911,4911,0,0.11611561189560295,0
7,642,4912,4912,0,0.24185970641567964,0
7,642,4913,4913,0,0.24185970641567964,0
7,642,4914,4914,0,0.046418061712243885,0
7,642,4916,4916,0,0.06304705870923,0
7,642,4922,4922,0,0.049188698716390915,0
7,642,4926,4926,0,0.04655508736148135,0
7,642,4936,4936,0,0.3121538411610965,0
7,642,4937,4937,0,0.3121538411610965,0
7,642,4938,4938,0,0.264735086830932,0
7,642,4939,4939,0,0.8022949753472923,1
7,642,4941,4941,0,0.12558408542062008,0
7,642,4942,4942,0,0.2797044590437758,0
7,642,4943,4943,0,0.3062483453145169,0
7,642,4963,4963,0,0.09159895190120766,0
7,642,4964,4964,0,0.09159895190120766,0
7,642,4965,4965,0,0.07245583176636539,0
7,642,4966,4966,0,0.19535793733263873,0
7,642,4969,4969,0,0.45077801658434924,0
7,642,4972,4972,0,0.04887455342203905,0
7,642,4973,4973,0,0.058923695198721183,0
7,642,4976,4976,0,0.03915776809789971,0
7,642,4983,4983,1,0.16359586061215786,0
7,642,4984,4984,0,0.15855104597944847,0
7,642,4985,4985,0,0.23430426228811652,0
7,642,4986,4986,0,0.15855104597944847,0
7,642,4987,4987,0,0.16624035801492937,0
7,642,4988,4988,0,0.28105832058539243,0
7,642,4990,4990,0,0.05912287663340069,0
7,642,4991,4991,0,0.1359898928367194,0
7,642,4992,4992,0,0.07698183350934222,0
7,642,4994,4994,1,0.06329621491096239,0
7,642,5002,5002,0,0.11637753143890427,0
7,642,5013,5013,0,0.08100512826130253,0
7,642,5018,5018,0,0.07647276501384015,0
7,642,5020,5020,0,0.036657829627964,0
7,642,5021,5021,0,0.036657829627964,0
7,642,5022,5022,0,0.05432536332487419,0
7,642,5024,5024,0,0.07398933737355708,0
7,642,5036,5036,0,0.5912419960976282,1
7,642,5037,5037,0,0.5184693583766916,1
7,642,5038,5038,0,0.2973671218758297,0
7,642,5039,5039,0,0.3435149076556764,0
7,642,5040,5040,0,0.15634026533544362,0
7,642,5043,5043,0,0.13314131109286204,0
7,642,5063,5063,0,0.08575828405917071,0
7,642,5077,5077,0,0.24810910791468935,0
7,642,5078,5078,0,0.24810910791468935,0
7,642,5079,5079,0,0.24810910791468935,0
7,642,5080,5080,1,0.22652332376308792,0
7,642,5081,5081,1,0.22325838669598472,0
7,642,5082,5082,0,0.22325838669598472,0
7,642,5083,5083,0,0.16523140153508234,0
7,642,5084,5084,1,0.21410485719255204,0
7,642,5086,5086,0,0.22657061599290018,0
7,642,5088,5088,0,0.05122447106386203,0
7,642,5089,5089,0,0.08783470447160101,0
8,742,2079,2079,0,0.02601393074404333,0
8,742,2127,2127,0,0.02306064132666211,0
8,742,2133,2133,0,0.023728231433340775,0
8,742,2169,2169,0,0.015835231424903874,0
8,742,518,518,1,0.8521060546012204,1
8,742,3614,3614,0,0.061586240063577546,0
8,742,611,611,1,0.9377907849028818,1
8,742,479,479,0,0.054905162763082334,0
8,742,651,651,0,0.0497523921947532,0
8,742,259,259,0,0.05988271446242884,0
8,742,1106,1106,0,0.026505793768519283,0
8,742,2296,2296,0,0.09137913070652502,0
8,742,2298,2298,0,0.23742339619815814,0
8,742,2299,2299,0,0.23742339619815814,0
8,742,2435,2435,0,0.5180105099847935,1
8,742,2544,2544,1,0.3783246029561855,0
8,742,2545,2545,0,0.39209878647892843,0
8,742,2675,2675,1,0.17003668100846767,0
8,742,2745,2745,0,0.15510312492521985,0
8,742,2746,2746,0,0.15510312492521985,0
8,742,2796,2796,0,0.1890530000290469,0
8,742,2854,2854,0,0.3365958545290945,0
8,742,2891,2891,1,0.40856869062447104,0
8,742,2990,2990,0,0.19265527985183145,0
8,742,2991,2991,0,0.19265527985183145,0
8,742,2992,2992,0,0.15838296231588408,0
8,742,2993,2993,0,0.12251059038281244,0
8,742,2994,2994,0,0.12251059038281244,0
8,742,2995,2995,0,0.23296188829905484,0
8,742,2996,2996,0,0.23296188829905484,0
8,742,2997,2997,0,0.20935764770623705,0
8,742,2998,2998,1,0.17578215830069824,0
8,742,3001,3001,0,0.29112030518070375,0
8,742,3003,3003,0,0.2641711391981751,0
8,742,3019,3019,0,0.41323484071310057,0
8,742,3022,3022,0,0.16467133754901953,0
8,742,3136,3136,0,0.2632484388377577,0
8,742,3137,3137,0,0.3201290983430668,0
8,742,3138,3138,1,0.21178653343507953,0
8,742,3203,3203,0,0.36180817694048834,0
8,742,3205,3205,0,0.26978991808346114,0
8,742,3217,3217,0,0.23222701544655086,0
8,742,3219,3219,0,0.41961514119458165,0
8,742,3225,3225,0,0.38680541480027986,0
8,742,3227,3227,0,0.1444246862962583,0
8,742,3275,3275,0,0.1809588660160174,0
8,742,3280,3280,0,0.24985318950852953,0
8,742,3281,3281,0,0.23954820425724943,0
8,742,3282,3282,0,0.23954820425724943,0
8,742,3284,3284,0,0.39940470291770486,0
8,742,3286,3286,0,0.1278945899056016,0
8,742,3287,3287,0,0.30351010067547113,0
8,742,3288,3288,0,0.3661995953799351,0
8,742,3362,3362,0,0.7594994428462805,1
8,742,3363,3363,0,0.7594994428462805,1
8,742,3385,3385,0,0.2997642395880607,0
8,742,3401,3401,0,0.1772612058185727,0
8,742,3402,3402,0,0.253831068789911,0
8,742,3440,3440,0,0.4786877670975325,0
8,742,3489,3489,0,0.2667067579097502,0
8,742,3490,3490,0,0.3239423508890657,0
8,742,3491,3491,0,0.28720657221252693,0
8,742,3492,3492,0,0.2783051089010706,0
8,742,3493,3493,0,0.6260952480175483,1
8,742,3494,3494,0,0.35247613810285944,0
8,742,3495,3495,0,0.2965919611616653,0
8,742,3496,3496,0,0.5409195114171118,1
8,742,3497,3497,0,0.3313147451443119,0
8,742,3498,3498,0,0.4870341573639658,0
8,742,3501,3501,0,0.20855613794448263,0
8,742,3502,3502,0,0.4238245017447799,0
8,742,3503,3503,0,0.3650024917998487,0
8,742,3504,3504,0,0.2599824400154978,0
8,742,3507,3507,0,0.151745358681998,0
8,742,3562,3562,0,0.679745489967663,1
8,742,3575,3575,0,0.5302815384299251,1
8,742,3576,3576,0,0.19943195294617994,0
8,742,3578,3578,1,0.2536532316428107,0
8,742,3644,3644,0,0.24556047891923347,0
8,742,3649,3649,0,0.23435948108668508,0
8,742,3666,3666,0,0.20534118737104332,0
8,742,3686,3686,0,0.26353840889158975,0
8,742,3687,3687,0,0.26353840889158975,0
8,742,3708,3708,0,0.2508614241769015,0
8,742,3709,3709,0,0.47219190744895834,0
8,742,3712,3712,0,0.32346220805888554,0
8,742,3713,3713,0,0.34629797220904696,0
8,742,3714,3714,0,0.4385027632214829,0
8,742,3760,3760,0,0.3082411720569873,0
8,742,3761,3761,0,0.3082411720569873,0
8,742,3764,3764,0,0.535331213000662,1
8,742,3765,3765,0,0.4421811898622587,0
8,742,3766,3766,0,0.37183531103078055,0
8,742,3768,3768,0,0.17260823894349683,0
8,742,3770,3770,0,0.17169255352979898,0
8,742,3771,3771,0,0.4646583930754996,0
8,742,3851,3851,0,0.11483253000627681,0
8,742,3852,3852,0,0.13404411129140947,0
8,742,3853,3853,0,0.17316455153423524,0
8,742,3854,3854,0,0.17316455153423524,0
8,742,3855,3855,0,0.1470974089929026,0
8,742,3870,3870,0,0.0865992824821611,0
8,742,3884,3884,0,0.37505939672757566,0
8,742,3885,3885,0,0.37505939672757566,0
8,742,3941,3941,0,0.5980724048641959,1
8,742,3942,3942,0,0.3548829518652636,0
8,742,3944,3944,0,0.4604456397320251,0
8,742,3946,3946,0,0.4476168593548626,0
8,742,3952,3952,0,0.23517188490934818,0
8,742,4054,4054,0,0.1547755903241373,0
8,742,4055,4055,0,0.1547755903241373,0
8,742,4086,4086,0,0.3681161415829046,0
8,742,4091,4091,0,0.41436266857859555,0
8,742,4092,4092,0,0.419790394017031,0
8,742,4136,4136,0,0.30171912873225415,0
8,742,4162,4162,0,0.14923510160126835,0
8,742,4198,4198,0,0.19545824094983574,0
8,742,4201,4201,1,0.326856423080539,0
8,742,4204,4204,0,0.17782258796425504,0
8,742,4252,4252,0,0.7383896461448646,1
8,742,4356,4356,0,0.10805217788648787,0
8,742,4461,4461,0,0.204213486032971,0
8,742,4463,4463,0,0.32106672077260917,0
8,742,4581,4581,0,0.2431521842002236,0
8,742,4632,4632,0,0.11773086852613764,0
8,742,4633,4633,0,0.11773086852613764,0
8,742,4634,4634,0,0.11773086852613764,0
8,742,4847,4847,0,0.645710975983978,1
8,742,5005,5005,1,0.1556659012935012,0
8,742,5006,5006,1,0.1556659012935012,0
8,742,5030,5030,0,0.14594846024024186,0
8,742,5034,5034,1,0.42700389969459673,0
8,742,5067,5067,1,0.2786965323613407,0
8,742,1145,1145,0,0.0192435010187975,0
8,742,1148,1148,0,0.008355456901941078,0
8,742,4846,4846,1,0.3913491915014626,0
8,742,4928,4928,1,0.3981603472832893,0
8,742,4945,4945,0,0.13775818109049756,0
8,742,4630,4630,1,0.19809172066314085,0
8,742,5076,5076,0,0.16063675623025644,0
8,742,1028,1028,1,0.9288240120567982,1
8,742,5003,5003,1,0.92815242624127,1
8,742,2075,2075,0,0.007822030397201314,0
8,742,709,709,0,0.04276411253082528,0
8,742,4392,4392,0,0.741962137081201,1
8,742,1972,1972,1,0.8043955511372699,1
8,742,2015,2015,1,0.7313816098666708,1
8,742,2029,2029,1,0.8248954365855611,1
8,742,2087,2087,1,0.7312181278445361,1
8,742,2177,2177,1,0.5186473081873382,1
8,742,2191,2191,1,0.6327332082125898,1
8,742,3847,3847,0,0.3182037902696532,0
8,742,2717,2717,0,0.4347024238567026,0
8,742,2808,2808,0,0.4385392786355876,0
8,742,3819,3819,0,0.34590581293533085,0
8,742,3820,3820,0,0.34590581293533085,0
8,742,2218,2218,0,0.3549877026496968,0
8,742,1577,1577,1,0.22818536321330232,0
8,742,1578,1578,1,0.22818536321330232,0
8,742,1579,1579,1,0.22818536321330232,0
8,742,1852,1852,1,0.17148593059447176,0
8,742,1853,1853,1,0.17148593059447176,0
8,742,4504,4504,1,0.8880210093824553,1
8,742,4755,4755,1,0.9486383783755378,1
8,742,4950,4950,0,0.8226293484411246,1
8,742,4958,4958,1,0.9401544764594563,1
8,742,4996,4996,1,0.7751254790490097,1
8,742,5096,5096,1,0.8829309581459935,1
8,742,4522,4522,0,0.01727247156818648,0
8,742,538,538,0,0.26552030075355243,0
8,742,539,539,0,0.32934043063926355,0
8,742,762,762,0,0.11723503286901434,0
8,742,763,763,0,0.11896865220525388,0
8,742,1205,1205,1,0.96634460483229,1
8,742,955,955,1,0.17591556549872858,0
8,742,3053,3053,0,0.02855315703289235,0
8,742,3054,3054,0,0.02855315703289235,0
8,742,3055,3055,0,0.02855315703289235,0
8,742,3056,3056,0,0.02855315703289235,0
8,742,3057,3057,0,0.02855315703289235,0
8,742,3058,3058,0,0.02855315703289235,0
8,742,3059,3059,0,0.02855315703289235,0
8,742,3060,3060,0,0.02855315703289235,0
8,742,3061,3061,0,0.02855315703289235,0
8,742,3062,3062,0,0.02855315703289235,0
8,742,1948,1948,0,0.03980314230153998,0
8,742,2008,2008,0,0.04973680076516096,0
8,742,2076,2076,0,0.04261807456171154,0
8,742,4123,4123,0,0.15661168836062853,0
8,742,4267,4267,0,0.3090743605589338,0
8,742,4268,4268,0,0.42294208103638703,0
8,742,4269,4269,0,0.41405082146805455,0
8,742,4270,4270,0,0.18699095976115296,0
8,742,4382,4382,0,0.3132533950309651,0
8,742,4406,4406,0,0.22773878322702606,0
8,742,4533,4533,0,0.2265796412894227,0
8,742,4545,4545,0,0.20824248665927142,0
8,742,4628,4628,0,0.4890151039565912,0
8,742,4849,4849,0,0.42948770717738366,0
8,742,4429,4429,0,0.511894906533414,1
8,742,4430,4430,0,0.511894906533414,1
8,742,4464,4464,0,0.5008290818949392,1
8,742,4465,4465,0,0.5008290818949392,1
8,742,1883,1883,0,0.21126811886567443,0
8,742,459,459,0,0.16097302010343367,0
8,742,532,532,0,0.4169132316164139,0
8,742,533,533,0,0.4169132316164139,0
8,742,736,736,0,0.6588840039342776,1
8,742,759,759,0,0.04783532533192338,0
8,742,3798,3798,1,0.5072492670553117,1
8,742,2334,2334,1,0.6553776407816523,1
8,742,2519,2519,0,0.6447268259533365,1
8,742,2617,2617,0,0.5892839492337743,1
8,742,2834,2834,0,0.6054302387534258,1
8,742,2948,2948,0,0.663942480737035,1
8,742,563,563,0,0.03148842566658433,0
8,742,4020,4020,1,0.019647185093186706,0
8,742,4317,4317,1,0.5739737784647745,1
8,742,4553,4553,0,0.27737989712766675,0
8,742,4624,4624,1,0.07336115587613444,0
8,742,4791,4791,1,0.892507252092841,1
8,742,4797,4797,0,0.22536158895971148,0
8,742,4927,4927,0,0.30826279402576223,0
8,742,5047,5047,1,0.3775337735202338,0
8,742,5094,5094,1,0.14985188569569627,0
8,742,4575,4575,1,0.19786990659908923,0
8,742,296,296,1,0.0195974859999098,0
8,742,593,593,0,0.01377112076403397,0
8,742,4496,4496,1,0.27372803078109087,0
8,742,1878,1878,1,0.9739575727937267,1
8,742,2183,2183,1,0.861304389242299,1
8,742,2184,2184,1,0.861304389242299,1
8,742,2120,2120,1,0.5248785789010084,1
8,742,4497,4497,0,0.06491798876582326,0
8,742,4018,4018,1,0.12191737075919198,0
8,742,4144,4144,1,0.06736748939561077,0
8,742,4184,4184,0,0.04235388631466282,0
8,742,4283,4283,0,0.16177299845645707,0
8,742,4303,4303,1,0.06228244359978076,0
8,742,4418,4418,1,0.14503593502001205,0
8,742,4419,4419,1,0.14503593502001205,0
8,742,4619,4619,0,0.40477878270113465,0
8,742,1893,1893,1,0.9760854865942024,1
8,742,4499,4499,0,0.9189606262990843,1
8,742,5014,5014,1,0.8976973506316493,1
8,742,5185,5185,1,0.1921259478508052,0
8,742,1965,1965,1,0.2697532459372437,0
8,742,2199,2199,1,0.07005941615671714,0
8,742,3960,3960,1,0.9538717919514914,1
8,742,4420,4420,1,0.8562020062889497,1
8,742,4421,4421,1,0.8804132753949948,1
8,742,4537,4537,1,0.707193499745487,1
8,742,4650,4650,1,0.816569767663828,1
8,742,1217,1217,1,0.6935421726569436,1
8,742,2318,2318,0,0.2382016727606222,0
8,742,2319,2319,0,0.2382016727606222,0
8,742,2320,2320,0,0.2382016727606222,0
8,742,2321,2321,0,0.2382016727606222,0
8,742,2322,2322,0,0.2382016727606222,0
8,742,2323,2323,0,0.1818400884896732,0
8,742,2324,2324,0,0.1818400884896732,0
8,742,2325,2325,0,0.1818400884896732,0
8,742,2331,2331,0,0.1818400884896732,0
8,742,2332,2332,0,0.1818400884896732,0
8,742,2454,2454,0,0.226387521696553,0
8,742,2455,2455,0,0.226387521696553,0
8,742,2456,2456,0,0.226387521696553,0
8,742,2462,2462,0,0.19416725433556345,0
8,742,2463,2463,0,0.226387521696553,0
8,742,2464,2464,0,0.19416725433556345,0
8,742,2504,2504,0,0.1999541468367822,0
8,742,2505,2505,0,0.1999541468367822,0
8,742,2506,2506,0,0.1999541468367822,0
8,742,2512,2512,0,0.1999541468367822,0
8,742,2513,2513,0,0.11072124141481439,0
8,742,2655,2655,0,0.27784027524014543,0
8,742,2702,2702,0,0.26603111882867364,0
8,742,2703,2703,0,0.26603111882867364,0
8,742,2704,2704,0,0.26603111882867364,0
8,742,2705,2705,0,0.1590109177064711,0
8,742,2711,2711,0,0.21766582193278214,0
8,742,2712,2712,0,0.1590109177064711,0
8,742,2767,2767,0,0.36544377451472415,0
8,742,2809,2809,0,0.16681252654591444,0
8,742,2810,2810,0,0.16681252654591444,0
8,742,2816,2816,0,0.1813198151160713,0
8,742,2817,2817,0,0.23660899495595938,0
8,742,2820,2820,0,0.16681252654591444,0
8,742,2827,2827,0,0.3319037856396809,0
8,742,3093,3093,0,0.3195615834656629,0
8,742,3118,3118,0,0.2916004970843611,0
8,742,3333,3333,0,0.20304800942619422,0
8,742,3375,3375,0,0.3009934274171062,0
8,742,3377,3377,0,0.3009934274171062,0
8,742,3378,3378,0,0.28584521783276,0
8,742,3597,3597,0,0.16843513155449497,0
8,742,3598,3598,0,0.16843513155449497,0
8,742,3599,3599,0,0.1525590223909939,0
8,742,3603,3603,0,0.1240039551952032,0
8,742,3604,3604,0,0.1240039551952032,0
8,742,3608,3608,0,0.1240039551952032,0
8,742,3858,3858,0,0.5027428195154923,1
8,742,3859,3859,0,0.45916724688907934,0
8,742,4025,4025,0,0.2658622551845036,0
8,742,4026,4026,0,0.2658622551845036,0
8,742,4027,4027,0,0.5739350411110484,1
8,742,4057,4057,0,0.24005261763450028,0
8,742,4208,4208,0,0.32663598637324487,0
8,742,4241,4241,0,0.4515770093305923,0
8,742,4242,4242,1,0.4203639781808512,0
8,742,4331,4331,0,0.22131429697717445,0
8,742,4434,4434,0,0.2822972320924202,0
8,742,4435,4435,0,0.3311637162616814,0
8,742,4436,4436,0,0.19588729106505814,0
8,742,4557,4557,0,0.1613586252377765,0
8,742,4585,4585,0,0.2876210112591466,0
8,742,4586,4586,0,0.16050678629764276,0
8,742,4587,4587,0,0.22698793005087228,0
8,742,4880,4880,0,0.25200548627686575,0
8,742,4574,4574,1,0.6662005875157146,1
8,742,853,853,0,0.1564079490111698,0
8,742,1108,1108,0,0.10794162987715503,0
8,742,1109,1109,0,0.2561390512485411,0
8,742,1110,1110,0,0.06974323114879526,0
8,742,1111,1111,0,0.14949936248893472,0
8,742,1112,1112,1,0.07810583834844181,0
8,742,1113,1113,0,0.10126476317842607,0
8,742,1114,1114,0,0.1365839172853362,0
8,742,1116,1116,0,0.18284732956857866,0
8,742,4163,4163,1,0.9716160396902961,1
8,742,2300,2300,1,0.4956233714892121,0
8,742,2301,2301,1,0.4956233714892121,0
8,742,2492,2492,1,0.22232649165432355,0
8,742,2676,2676,1,0.14181779143293155,0
8,742,2747,2747,1,0.389986784395549,0
8,742,2999,2999,1,0.3489417129203616,0
8,742,3000,3000,1,0.29789652902598523,0
8,742,3002,3002,1,0.24713874205480424,0
8,742,3226,3226,1,0.3232006808725963,0
8,742,3499,3499,1,0.18023857913091085,0
8,742,3500,3500,1,0.36524365500797124,0
8,742,3577,3577,1,0.5209735807108261,1
8,742,3767,3767,1,0.38252792321121004,0
8,742,3856,3856,1,0.17142286331935852,0
8,742,3945,3945,1,0.35329446278782545,0
8,742,3948,3948,1,0.16029391065000792,0
8,742,3949,3949,1,0.31320505271034976,0
8,742,4037,4037,1,0.22444423105342334,0
8,742,4090,4090,1,0.43517749569400954,0
8,742,4124,4124,1,0.4646230108661185,0
8,742,4205,4205,1,0.32517629608969817,0
8,742,4355,4355,1,0.22646866251379902,0
8,742,4641,4641,1,0.2876034139956884,0
8,742,5035,5035,0,0.3673087816291542,0
8,742,5068,5068,0,0.28425798683972375,0
8,742,5058,5058,0,0.2460569187240229,0
8,742,5121,5121,0,0.09786944107070472,0
8,742,3506,3506,0,0.03006508200397481,0
8,742,4141,4141,0,0.17678882947245125,0
8,742,4776,4776,0,0.035618523291641065,0
8,742,473,473,0,0.9337342997984148,1
8,742,2453,2453,1,0.5493755379421335,1
8,742,2597,2597,0,0.5588120405302779,1
8,742,3090,3090,1,0.5441484179819494,1
8,742,3808,3808,1,0.32374923480724244,0
8,742,3809,3809,1,0.32374923480724244,0
8,742,4481,4481,0,0.12012539909919934,0
8,742,1684,1684,1,0.8417492774189632,1
8,742,2017,2017,0,0.031973984746849864,0
8,742,1077,1077,1,0.6419481431027019,1
8,742,180,180,0,0.03039378293855795,0
8,742,4556,4556,0,0.9663716450933528,1
8,742,5052,5052,0,0.9544817463343215,1
8,742,5053,5053,0,0.9544817463343215,1
8,742,5054,5054,0,0.9544817463343215,1
8,742,5055,5055,0,0.9544817463343215,1
8,742,5056,5056,0,0.9544817463343215,1
8,742,5057,5057,0,0.9544817463343215,1
8,742,1667,1667,1,0.9554791855200003,1
8,742,1687,1687,1,0.9815858333687869,1
8,742,1697,1697,1,0.9885141917804425,1
8,742,1713,1713,1,0.969378644412982,1
8,742,1730,1730,1,0.9816203437478999,1
8,742,1760,1760,1,0.9582978469188556,1
8,742,1768,1768,1,0.9952076339964692,1
8,742,1784,1784,1,0.97796902507692,1
8,742,1791,1791,1,0.9600346167992114,1
8,742,1812,1812,1,0.9215687354582976,1
8,742,1823,1823,1,0.9930929086676817,1
8,742,1826,1826,1,0.9839128634745018,1
8,742,1842,1842,1,0.9826740884762709,1
8,742,1846,1846,1,0.9814760437300786,1
8,742,1858,1858,1,0.9898045382621584,1
8,742,1873,1873,1,0.946737102804333,1
8,742,1890,1890,1,0.976536923243484,1
8,742,1898,1898,1,0.988910372461128,1
8,742,1903,1903,1,0.9798025296068033,1
8,742,1911,1911,1,0.9810244158862339,1
8,742,1921,1921,1,0.9829128856241048,1
8,742,1923,1923,1,0.954996601485824,1
8,742,1925,1925,1,0.9909814882076128,1
8,742,1941,1941,1,0.9906127780141684,1
8,742,1943,1943,1,0.9601301599526557,1
8,742,1945,1945,1,0.9788285440143564,1
8,742,1966,1966,1,0.9696330042221211,1
8,742,1970,1970,1,0.9716974101162734,1
8,742,1977,1977,1,0.9897713628965626,1
8,742,1983,1983,1,0.9849117939498603,1
8,742,1989,1989,1,0.9524178525844218,1
8,742,1998,1998,1,0.9905501342909069,1
8,742,2005,2005,1,0.9757572671909751,1
8,742,2013,2013,1,0.9948277862140305,1
8,742,2018,2018,1,0.9657612671277889,1
8,742,2027,2027,1,0.966423300951493,1
8,742,2037,2037,1,0.974821722486907,1
8,742,2039,2039,1,0.9585731622909315,1
8,742,2041,2041,1,0.986668247922808,1
8,742,2060,2060,1,0.9681358914754551,1
8,742,2063,2063,1,0.9844511469204859,1
8,742,2065,2065,1,0.9760320235154841,1
8,742,2094,2094,1,0.9767565305501301,1
8,742,2109,2109,1,0.996654337964393,1
8,742,2111,2111,1,0.9886629658717774,1
8,742,2119,2119,1,0.9784773910968468,1
8,742,2167,2167,1,0.9514893977907747,1
8,742,506,506,1,0.9387162797964559,1
8,742,3512,3512,0,0.16145523561410738,0
8,742,3513,3513,0,0.16145523561410738,0
8,742,3514,3514,0,0.16145523561410738,0
8,742,3518,3518,0,0.16145523561410738,0
8,742,3817,3817,0,0.33157476170796457,0
8,742,3135,3135,0,0.11908749455224338,0
8,742,5129,5129,1,0.04587859796847335,0
8,742,3878,3878,1,0.8824521338141282,1
8,742,3297,3297,1,0.9172803052261673,1
8,742,3879,3879,1,0.9039680483242324,1
8,742,602,602,0,0.012123363528280825,0
8,742,1235,1235,0,0.6309085481767654,1
8,742,1236,1236,0,0.6309085481767654,1
8,742,1237,1237,1,0.7870519991203571,1
8,742,1238,1238,1,0.7870519991203571,1
8,742,1239,1239,1,0.7870519991203571,1
8,742,1244,1244,0,0.4147923744909575,0
8,742,1272,1272,1,0.6333221846118614,1
8,742,1273,1273,0,0.09537209899826397,0
8,742,1311,1311,0,0.01576215787776272,0
8,742,1312,1312,0,0.2678794237174123,0
8,742,1338,1338,0,0.1727335649694036,0
8,742,1339,1339,0,0.1727335649694036,0
8,742,1340,1340,1,0.8779216691422581,1
8,742,1341,1341,1,0.8779216691422581,1
8,742,1369,1369,1,0.5585759830216829,1
8,742,1381,1381,0,0.4419300869675018,0
8,742,1382,1382,0,0.4419300869675018,0
8,742,1383,1383,0,0.4419300869675018,0
8,742,1384,1384,0,0.4419300869675018,0
8,742,1385,1385,0,0.4419300869675018,0
8,742,1386,1386,0,0.4419300869675018,0
8,742,1387,1387,0,0.4419300869675018,0
8,742,1388,1388,0,0.4419300869675018,0
8,742,1389,1389,0,0.4419300869675018,0
8,742,1390,1390,0,0.4419300869675018,0
8,742,1391,1391,1,0.7532378115814262,1
8,742,1392,1392,1,0.7532378115814262,1
8,742,1393,1393,1,0.7532378115814262,1
8,742,1416,1416,1,0.5585745839816656,1
8,742,1417,1417,1,0.5585745839816656,1
8,742,1469,1469,1,0.6378271131824397,1
8,742,1470,1470,0,0.2457376747248175,0
8,742,1484,1484,0,0.691557592279472,1
8,742,1485,1485,0,0.8127062189750582,1
8,742,1486,1486,1,0.5474834033072519,1
8,742,1489,1489,0,0.2625463309922564,0
8,742,1490,1490,0,0.2625463309922564,0
8,742,1491,1491,0,0.2625463309922564,0
8,742,1492,1492,0,0.2625463309922564,0
8,742,1493,1493,0,0.2625463309922564,0
8,742,1494,1494,1,0.2725419143233655,0
8,742,1495,1495,1,0.2725419143233655,0
8,742,1496,1496,1,0.2725419143233655,0
8,742,1497,1497,1,0.2725419143233655,0
8,742,1498,1498,1,0.2725419143233655,0
8,742,1520,1520,0,0.15314281218057646,0
8,742,1521,1521,0,0.85168844982864,1
8,742,1522,1522,1,0.7479914812015466,1
8,742,1575,1575,0,0.8514678498807658,1
8,742,1583,1583,0,0.5723503523733228,1
8,742,1584,1584,1,0.8244322009091152,1
8,742,1611,1611,0,0.2638445666119701,0
8,742,1612,1612,0,0.43245673485616865,0
8,742,1613,1613,1,0.3511431893787059,0
8,742,1637,1637,1,0.9181316757478017,1
8,742,1655,1655,0,0.2615332771679714,0
8,742,1656,1656,1,0.5158755173321329,1
8,742,1680,1680,0,0.215332016939315,0
8,742,1681,1681,1,0.5940702032259273,1
8,742,1689,1689,1,0.43183582912872,0
8,742,1707,1707,0,0.24282709729623025,0
8,742,1708,1708,1,0.1913011240061348,0
8,742,1711,1711,0,0.1804522761175174,0
8,742,1712,1712,0,0.3547039133041334,0
8,742,1807,1807,0,0.49238260795370026,0
8,742,1821,1821,0,0.07560612503283823,0
8,742,3613,3613,0,0.024664010591846044,0
8,742,139,139,1,0.9847318643188164,1
8,742,140,140,1,0.9847318643188164,1
8,742,143,143,1,0.9797140697071824,1
8,742,144,144,1,0.9797140697071824,1
8,742,5098,5098,0,0.05146526531731759,0
8,742,5099,5099,0,0.06217933996399074,0
8,742,5100,5100,0,0.05146526531731759,0
8,742,5101,5101,0,0.05146526531731759,0
8,742,5123,5123,0,0.135130472435774,0
8,742,5124,5124,1,0.12848718327560382,0
8,742,5160,5160,0,0.29030898896933066,0
8,742,5161,5161,0,0.24728090006303224,0
8,742,555,555,0,0.3551953574979584,0
8,742,556,556,1,0.46728239506817876,0
8,742,560,560,0,0.5211822307624064,1
8,742,561,561,1,0.14523805759598582,0
8,742,655,655,1,0.22372565738698408,0
8,742,855,855,0,0.2414368589460836,0
8,742,856,856,1,0.5920906398706303,1
8,742,969,969,1,0.7345078173912394,1
8,742,4720,4720,0,0.6429840322307365,1
8,742,519,519,0,0.618658410641014,1
8,742,5109,5109,0,0.7510720919970109,1
8,742,901,901,1,0.9503502043890711,1
8,742,5019,5019,0,0.045217989492527484,0
8,742,5182,5182,1,0.013069063638226129,0
8,742,5183,5183,1,0.034381070309419406,0
8,742,5184,5184,1,0.06737128275009585,0
8,742,5188,5188,1,0.25908236882053093,0
8,742,747,747,1,0.9233107729430116,1
8,742,1540,1540,1,0.7817928508597615,1
8,742,1541,1541,1,0.7817928508597615,1
8,742,3919,3919,0,0.03602964344793431,0
8,742,4066,4066,0,0.0475006893865777,0
8,742,4067,4067,0,0.034726336643107286,0
8,742,4359,4359,1,0.7806823910830154,1
8,742,4360,4360,1,0.7806823910830154,1
8,742,4361,4361,1,0.7806823910830154,1
8,742,4466,4466,1,0.665083571285928,1
8,742,4467,4467,1,0.9678613619075738,1
8,742,4468,4468,1,0.7663898869579275,1
8,742,4469,4469,1,0.665083571285928,1
8,742,4470,4470,1,0.7663898869579275,1
8,742,4501,4501,1,0.780964165364623,1
8,742,4502,4502,1,0.780964165364623,1
8,742,4558,4558,1,0.8786992678893719,1
8,742,4559,4559,1,0.8146832668102397,1
8,742,4571,4571,1,0.8283724554644454,1
8,742,4572,4572,1,0.7492182523823058,1
8,742,4603,4603,1,0.8908529473177941,1
8,742,4604,4604,1,0.8908529473177941,1
8,742,4660,4660,1,0.9245327092333152,1
8,742,4677,4677,1,0.6613156611509275,1
8,742,4752,4752,1,0.6730921476546959,1
8,742,4760,4760,1,0.844418238553998,1
8,742,4761,4761,1,0.8885835034180614,1
8,742,4882,4882,1,0.6593069095330171,1
8,742,5048,5048,1,0.6339860430686194,1
8,742,3566,3566,0,0.060223081836060025,0
8,742,4656,4656,0,0.12525563131905987,0
8,742,3029,3029,0,0.5464913771621412,1
8,742,2429,2429,0,0.4706957611809765,0
8,742,2430,2430,0,0.4706957611809765,0
8,742,2574,2574,0,0.8154090477714667,1
8,742,2575,2575,0,0.8154090477714667,1
8,742,2576,2576,0,0.8154090477714667,1
8,742,2577,2577,0,0.48639366779153353,0
8,742,2578,2578,0,0.47042360071416417,0
8,742,2579,2579,0,0.5295728607697517,1
8,742,2725,2725,1,0.43237760559727356,0
8,742,2728,2728,0,0.33018526642860574,0
8,742,2729,2729,0,0.33018526642860574,0
8,742,2833,2833,0,0.5327454220946024,1
8,742,2859,2859,0,0.446741698146459,0
8,742,2860,2860,0,0.457658723009763,0
8,742,2863,2863,0,0.84253441199633,1
8,742,2864,2864,0,0.84253441199633,1
8,742,2865,2865,0,0.879504198193503,1
8,742,2908,2908,0,0.2378859053604655,0
8,742,2916,2916,0,0.5247384657578018,1
8,742,2917,2917,0,0.5238670598914271,1
8,742,2987,2987,0,0.8742789932438435,1
8,742,2988,2988,0,0.8648795508663197,1
8,742,3042,3042,0,0.1770982054536588,0
8,742,3043,3043,0,0.1749349534443224,0
8,742,3121,3121,0,0.3898072778661395,0
8,742,3122,3122,0,0.38659500088278964,0
8,742,3158,3158,0,0.15545462947767186,0
8,742,3159,3159,1,0.6546783560243181,1
8,742,3160,3160,1,0.6546783560243181,1
8,742,3161,3161,0,0.724570087583249,1
8,742,3162,3162,0,0.724570087583249,1
8,742,3295,3295,0,0.7864656405865075,1
8,742,3351,3351,0,0.5992543554940437,1
8,742,3386,3386,0,0.2102183739575091,0
8,742,3628,3628,1,0.13928019976607414,0
8,742,3648,3648,0,0.14918046033196125,0
8,742,3797,3797,0,0.15001218965394228,0
8,742,3953,3953,0,0.8170836397535397,1
8,742,3954,3954,0,0.7308560396823074,1
8,742,3991,3991,0,0.4117023648662092,0
8,742,4011,4011,0,0.20980485705970164,0
8,742,4047,4047,1,0.18694518109238226,0
8,742,4096,4096,0,0.14426711669973757,0
8,742,4097,4097,0,0.48528670374856464,0
8,742,4472,4472,0,0.20618196510796427,0
8,742,4573,4573,0,0.22077964856298815,0
8,742,4858,4858,1,0.33748706593819144,0
8,742,4934,4934,0,0.41250708132482355,0
8,742,4750,4750,0,0.0695887679746755,0
8,742,4214,4214,0,0.6132876874033705,1
8,742,2084,2084,0,0.02926396581882193,0
8,742,2232,2232,1,0.2280339035907201,0
8,742,4156,4156,0,0.05278406529416604,0
8,742,1759,1759,1,0.7609541920229683,1
8,742,1802,1802,1,0.9426560125078056,1
8,742,1912,1912,0,0.9732289421434275,1
8,742,1913,1913,1,0.9028750922173823,1
8,742,2047,2047,1,0.9250630751342235,1
8,742,3100,3100,0,0.040201214377687214,0
8,742,3101,3101,0,0.040201214377687214,0
8,742,3102,3102,0,0.040201214377687214,0
8,742,3103,3103,0,0.040201214377687214,0
8,742,3104,3104,0,0.040201214377687214,0
8,742,1215,1215,0,0.42338345841287833,0
8,742,4579,4579,0,0.03866660958070661,0
8,742,813,813,1,0.9922478114171063,1
8,742,814,814,0,0.014594077350044815,0
8,742,3844,3844,0,0.011770666040559005,0
8,742,5041,5041,0,0.6012890386635438,1
8,742,2312,2312,1,0.07464237637886251,0
8,742,2313,2313,1,0.07464237637886251,0
8,742,2314,2314,1,0.08084927745570455,0
8,742,2315,2315,1,0.07464237637886251,0
8,742,2316,2316,1,0.07464237637886251,0
8,742,2317,2317,1,0.08084927745570455,0
8,742,2499,2499,1,0.06405592664559343,0
8,742,2500,2500,1,0.06405592664559343,0
8,742,2686,2686,0,0.08418318319611438,0
8,742,2687,2687,0,0.08418318319611438,0
8,742,2688,2688,0,0.08681619509780178,0
8,742,2690,2690,1,0.22131153387687286,0
8,742,2866,2866,0,0.3021915334651398,0
8,742,2942,2942,0,0.0863023220728878,0
8,742,2943,2943,0,0.11781831784082869,0
8,742,2944,2944,0,0.17396233813624895,0
8,742,3166,3166,0,0.2051305741406797,0
8,742,3168,3168,0,0.41341169566447394,0
8,742,3296,3296,0,0.19716925476143413,0
8,742,3369,3369,1,0.16876587165609713,0
8,742,3590,3590,0,0.09237994152870381,0
8,742,3591,3591,0,0.10719534183360942,0
8,742,3956,3956,0,0.39177266503455216,0
8,742,3957,3957,0,0.2045480895145736,0
8,742,3706,3706,1,0.07707696582748012,0
8,742,192,192,0,0.4997413938478198,0
8,742,193,193,1,0.5365066195711846,1
8,742,227,227,0,0.4640042126596952,0
8,742,228,228,1,0.581107284650266,1
8,742,1763,1763,0,0.690830938824681,1
8,742,1764,1764,0,0.690830938824681,1
8,742,1765,1765,0,0.690830938824681,1
8,742,1816,1816,0,0.5884926477787072,1
8,742,1818,1818,0,0.8226762726274297,1
8,742,1819,1819,0,0.7313811753011277,1
8,742,1860,1860,0,0.5784328450012977,1
8,742,1862,1862,0,0.7736853416361685,1
8,742,1864,1864,0,0.8985937177851436,1
8,742,1879,1879,0,0.4462850687798248,0
8,742,1880,1880,0,0.4551186978197161,0
8,742,5093,5093,0,0.014295958251423702,0
8,742,1149,1149,1,0.4427094406033818,0
8,742,4793,4793,1,0.7269188195260378,1
8,742,1955,1955,1,0.7181989444870958,1
8,742,1956,1956,1,0.7181989444870958,1
8,742,1991,1991,1,0.8343591880305107,1
8,742,1992,1992,1,0.8343591880305107,1
8,742,1993,1993,0,0.760302850021625,1
8,742,1994,1994,0,0.760302850021625,1
8,742,2000,2000,1,0.7075267741100533,1
8,742,2001,2001,1,0.7075267741100533,1
8,742,2048,2048,1,0.6715706840562091,1
8,742,2049,2049,1,0.6715706840562091,1
8,742,2050,2050,0,0.8224506567497905,1
8,742,2051,2051,0,0.8224506567497905,1
8,742,2097,2097,1,0.944301588168934,1
8,742,2098,2098,1,0.944301588168934,1
8,742,3959,3959,0,0.23402525388203566,0
8,742,4297,4297,0,0.1038227748721421,0
8,742,4644,4644,1,0.08077970803268839,0
8,742,2023,2023,0,0.02232576704034387,0
8,742,2150,2150,0,0.009330864659675496,0
8,742,3914,3914,1,0.2783398936400305,0
8,742,950,950,1,0.4724522662462745,0
8,742,951,951,1,0.20095883887777727,0
8,742,4675,4675,1,0.8121155348339373,1
8,742,672,672,1,0.33722612081215925,0
8,742,1122,1122,1,0.41053830146842496,0
8,742,934,934,0,0.017529132851546992,0
8,742,935,935,0,0.011732568027623388,0
8,742,936,936,1,0.5481301686974773,1
8,742,937,937,0,0.05324959747779825,0
8,742,938,938,1,0.47575937925258177,0
8,742,939,939,0,0.10379677373681831,0
8,742,2351,2351,0,0.17539264593479262,0
8,742,2352,2352,0,0.15546263294093726,0
8,742,2353,2353,0,0.17539264593479262,0
8,742,2354,2354,0,0.17539264593479262,0
8,742,2527,2527,0,0.19330461116586836,0
8,742,2528,2528,0,0.1956229087674046,0
8,742,2529,2529,0,0.6443913347327891,1
8,742,2530,2530,0,0.6072579848991659,1
8,742,2531,2531,0,0.14305289894648487,0
8,742,2532,2532,0,0.14355948254495912,0
8,742,2533,2533,0,0.3276515485498461,0
8,742,2534,2534,0,0.32661571602151857,0
8,742,2697,2697,0,0.17749159975314696,0
8,742,2698,2698,0,0.1521131497859431,0
8,742,2699,2699,0,0.5350396994317151,1
8,742,2700,2700,0,0.4295292609020059,0
8,742,2701,2701,0,0.25249761065900717,0
8,742,2869,2869,0,0.17894174547897693,0
8,742,2870,2870,0,0.18388864503881888,0
8,742,2871,2871,0,0.17894174547897693,0
8,742,2878,2878,0,0.7888822115569635,1
8,742,2879,2879,0,0.8000134342012063,1
8,742,2880,2880,0,0.7888822115569635,1
8,742,3015,3015,0,0.48842267525870586,0
8,742,3016,3016,0,0.19826865052793788,0
8,742,3017,3017,0,0.16956092876141213,0
8,742,3147,3147,0,0.4243303539805498,0
8,742,3148,3148,0,0.4243303539805498,0
8,742,3154,3154,0,0.5355986262971678,1
8,742,3372,3372,0,0.28063012156253786,0
8,742,3373,3373,0,0.2652666374634569,0
8,742,3413,3413,0,0.46174582404689424,0
8,742,3414,3414,0,0.5152087709987727,1
8,742,3726,3726,0,0.1724908549106202,0
8,742,3731,3731,0,0.18386195672616967,0
8,742,3874,3874,0,0.3163425028045902,0
8,742,3875,3875,0,0.31324710793115806,0
8,742,4570,4570,0,0.7226892105143995,1
8,742,4946,4946,0,0.7553064788214551,1
8,742,4959,4959,0,0.1656713225680904,0
8,742,1706,1706,1,0.9748429395624917,1
8,742,1885,1885,0,0.022241671836682048,0
8,742,1886,1886,1,0.9088799564379965,1
8,742,1887,1887,1,0.9088799564379965,1
8,742,1888,1888,0,0.09702422190531719,0
8,742,1889,1889,1,0.8976089459072343,1
8,742,1968,1968,1,0.9101191221787414,1
8,742,1969,1969,0,0.06529522894192773,0
8,742,4483,4483,1,0.9823518958507197,1
8,742,1727,1727,0,0.16794778963086543,0
8,742,1774,1774,0,0.06793763330045774,0
8,742,2126,2126,0,0.5029382923565575,1
8,742,557,557,0,0.17348186151380363,0
8,742,558,558,0,0.17348186151380363,0
8,742,559,559,1,0.43961397347251396,0
8,742,923,923,0,0.2822670395668641,0
8,742,924,924,0,0.5373837196111012,1
8,742,925,925,0,0.5377259116402877,1
8,742,926,926,0,0.37465256525464136,0
8,742,3779,3779,1,0.2876772343576626,0
8,742,4856,4856,0,0.23806230392444755,0
8,742,4857,4857,0,0.23806230392444755,0
8,742,4935,4935,0,0.2262663848598476,0
8,742,4940,4940,0,0.015039839698148521,0
8,742,4974,4974,0,0.08461523161707314,0
8,742,4989,4989,0,0.04437356033829171,0
8,742,5031,5031,0,0.03186179971699997,0
8,742,5061,5061,0,0.027566468857098604,0
8,742,5062,5062,0,0.04533753952633232,0
8,742,5085,5085,1,0.48199472825594036,0
8,742,2876,2876,0,0.06316271923163377,0
8,742,2083,2083,0,0.3789054269423392,0
8,742,2104,2104,0,0.1362895933479467,0
8,742,2137,2137,0,0.460754968466477,0
8,742,2142,2142,0,0.2327860954800183,0
8,742,2143,2143,0,0.25337030328561233,0
8,742,2144,2144,0,0.1228964565241174,0
8,742,2189,2189,0,0.3973563516910636,0
8,742,1553,1553,0,0.008616092676314859,0
8,742,1554,1554,0,0.006445078181217573,0
8,742,1555,1555,0,0.007218181630020686,0
8,742,1556,1556,0,0.008273422214650447,0
8,742,1557,1557,0,0.008616092676314859,0
8,742,1589,1589,0,0.0042013426832147,0
8,742,1590,1590,0,0.008375141138000688,0
8,742,1591,1591,0,0.008375141138000688,0
8,742,1592,1592,0,0.005416117783208075,0
8,742,1618,1618,0,0.0054263074083546695,0
8,742,1659,1659,0,0.0061096969901074825,0
8,742,1665,1665,0,0.005955644422422804,0
8,742,3872,3872,0,0.036014194086118216,0
8,742,5059,5059,1,0.18159731686033526,0
8,742,1976,1976,0,0.38528475418327,0
8,742,2054,2054,0,0.010653569562593002,0
8,742,3788,3788,1,0.8420909836351933,1
8,742,3112,3112,0,0.20367998551917338,0
8,742,2400,2400,1,0.8601604325086966,1
8,742,2401,2401,1,0.8601604325086966,1
8,742,2402,2402,1,0.8759098129202391,1
8,742,2403,2403,1,0.8759098129202391,1
8,742,2404,2404,1,0.8759098129202391,1
8,742,2405,2405,1,0.8759098129202391,1
8,742,2406,2406,1,0.8759098129202391,1
8,742,2407,2407,1,0.8601604325086966,1
8,742,2408,2408,1,0.8601604325086966,1
8,742,2409,2409,1,0.8601604325086966,1
8,742,2410,2410,1,0.8759098129202391,1
8,742,2411,2411,1,0.8759098129202391,1
8,742,2412,2412,1,0.8759098129202391,1
8,742,2413,2413,1,0.8759098129202391,1
8,742,2414,2414,1,0.8759098129202391,1
8,742,2550,2550,1,0.8934429350054728,1
8,742,2551,2551,1,0.8934429350054728,1
8,742,2552,2552,1,0.8934429350054728,1
8,742,2553,2553,1,0.8602516594052853,1
8,742,2554,2554,1,0.7661811269106927,1
8,742,2555,2555,1,0.7661811269106927,1
8,742,2557,2557,1,0.971620632482718,1
8,742,2558,2558,1,0.971620632482718,1
8,742,2559,2559,1,0.9585118601637866,1
8,742,2560,2560,1,0.9618823381805625,1
8,742,2561,2561,1,0.9487052077896433,1
8,742,2562,2562,1,0.763080107785424,1
8,742,2662,2662,1,0.8114634825935316,1
8,742,2719,2719,1,0.7554228566802356,1
8,742,2720,2720,1,0.8917833737541184,1
8,742,2721,2721,1,0.8917833737541184,1
8,742,2722,2722,1,0.7208634581089405,1
8,742,2723,2723,1,0.8189191257157084,1
8,742,2724,2724,1,0.8582030392589707,1
8,742,2830,2830,1,0.9107706240858319,1
8,742,2837,2837,1,0.6507366146783173,1
8,742,2839,2839,1,0.8512739764461459,1
8,742,2840,2840,1,0.8512739764461459,1
8,742,2841,2841,1,0.4533930230667325,0
8,742,2851,2851,1,0.8168794795795449,1
8,742,2852,2852,1,0.4788683406578622,0
8,742,2853,2853,1,0.8824892734914098,1
8,742,2893,2893,1,0.7464087918666362,1
8,742,2894,2894,1,0.7464087918666362,1
8,742,2895,2895,1,0.7058025747893939,1
8,742,2896,2896,1,0.7058025747893939,1
8,742,2897,2897,1,0.7062876143321264,1
8,742,2899,2899,1,0.8567430237239673,1
8,742,2900,2900,1,0.8421528049648928,1
8,742,2904,2904,1,0.9286786845234289,1
8,742,2905,2905,1,0.7563425839974721,1
8,742,2906,2906,1,0.8222951504091605,1
8,742,2968,2968,1,0.2801803351700255,0
8,742,2969,2969,1,0.2801803351700255,0
8,742,2984,2984,1,0.7892755901801275,1
8,742,2986,2986,1,0.943964161320881,1
8,742,3018,3018,1,0.6412114962330994,1
8,742,3032,3032,1,0.7086242171969291,1
8,742,3033,3033,1,0.6364358836740897,1
8,742,3039,3039,1,0.7612364707119115,1
8,742,3095,3095,1,0.812638437844454,1
8,742,3156,3156,1,0.6776171288724105,1
8,742,3200,3200,1,0.40470425869206617,0
8,742,3201,3201,1,0.40470425869206617,0
8,742,3250,3250,1,0.39165916206147333,0
8,742,3251,3251,1,0.45228760399122087,0
8,742,3252,3252,1,0.33936454681226913,0
8,742,3253,3253,1,0.45228760399122087,0
8,742,3254,3254,1,0.45228760399122087,0
8,742,3255,3255,1,0.45228760399122087,0
8,742,3264,3264,1,0.2679491500354966,0
8,742,3267,3267,1,0.6759436242599316,1
8,742,3269,3269,1,0.8345967470914033,1
8,742,3294,3294,1,0.8803243926872085,1
8,742,3384,3384,1,0.9239200945899616,1
8,742,3395,3395,1,0.9048572174005411,1
8,742,3396,3396,1,0.6852547337201759,1
8,742,3419,3419,1,0.822147382033452,1
8,742,3420,3420,1,0.38767526107100353,0
8,742,3427,3427,1,0.5124351066323386,1
8,742,3429,3429,1,0.5004804379768767,1
8,742,3430,3430,1,0.4167478309839299,0
8,742,3432,3432,1,0.9277765742547255,1
8,742,3469,3469,0,0.5854735593568751,1
8,742,3478,3478,1,0.22912003951239307,0
8,742,3637,3637,1,0.7482962707663794,1
8,742,3638,3638,1,0.29592971383034194,0
8,742,3667,3667,1,0.45358832518380293,0
8,742,3692,3692,0,0.3681507616700469,0
8,742,3700,3700,0,0.3984417192890802,0
8,742,3704,3704,0,0.24241132144539218,0
8,742,3705,3705,0,0.10964807447547273,0
8,742,3750,3750,0,0.33266687833592185,0
8,742,3751,3751,0,0.3737938583518196,0
8,742,3791,3791,1,0.9475368701842933,1
8,742,3792,3792,1,0.9475368701842933,1
8,742,3794,3794,1,0.8895955583563843,1
8,742,3811,3811,1,0.11454750692981053,0
8,742,3838,3838,1,0.9151630373936592,1
8,742,3839,3839,1,0.5768500131916162,1
8,742,3865,3865,1,0.704370372585888,1
8,742,3866,3866,1,0.8037605360487634,1
8,742,3868,3868,1,0.4015095927483832,0
8,742,3890,3890,0,0.4373826382285573,0
8,742,3894,3894,1,0.9736252297308652,1
8,742,3972,3972,0,0.45208645706366585,0
8,742,4001,4001,1,0.7788985961312065,1
8,742,4069,4069,1,0.1401927009428812,0
8,742,4077,4077,0,0.4976126808749176,0
8,742,4122,4122,1,0.8678611198614247,1
8,742,4147,4147,0,0.0938228502042397,0
8,742,4153,4153,1,0.3299243709698034,0
8,742,4154,4154,1,0.32669246873505575,0
8,742,4173,4173,1,0.2967797874843701,0
8,742,4233,4233,0,0.3085450352759627,0
8,742,4284,4284,1,0.3860099289503502,0
8,742,4310,4310,1,0.5488994865609971,1
8,742,4324,4324,1,0.4017631325636399,0
8,742,4364,4364,1,0.5056813602692353,1
8,742,4367,4367,1,0.046058158753811536,0
8,742,4441,4441,0,0.2705956200012171,0
8,742,4443,4443,1,0.27206001065657337,0
8,742,4444,4444,1,0.14382476960052099,0
8,742,4448,4448,1,0.2276488435868564,0
8,742,4452,4452,0,0.27804575058796155,0
8,742,4476,4476,1,0.2492343036908459,0
8,742,4486,4486,1,0.43274342858784126,0
8,742,4577,4577,0,0.08248184135827039,0
8,742,4622,4622,1,0.2672273085707177,0
8,742,4627,4627,1,0.2895233380171704,0
8,742,4685,4685,0,0.1134612017614631,0
8,742,4729,4729,1,0.15694631548206936,0
8,742,4802,4802,1,0.148361790743181,0
8,742,4944,4944,1,0.1640159240004798,0
8,742,4968,4968,1,0.2558898755918907,0
8,742,4993,4993,1,0.11889905206084771,0
8,742,5087,5087,0,0.06626674914006046,0
8,742,4032,4032,0,0.5083312164059957,1
8,742,766,766,1,0.5847045969977759,1
8,742,1894,1894,1,0.8446705907700123,1
8,742,1895,1895,1,0.868977482056043,1
8,742,1957,1957,1,0.3192815649856779,0
8,742,5134,5134,1,0.11413849900056235,0
8,742,4931,4931,1,0.2996660344923221,0
8,742,1153,1153,1,0.917847604471664,1
8,742,3233,3233,1,0.6394028063643192,1
8,742,3519,3519,1,0.7802123556277228,1
8,742,3520,3520,1,0.9145437822440049,1
8,742,3722,3722,1,0.8187775184269874,1
8,742,3723,3723,1,0.9644120793381382,1
8,742,3724,3724,1,0.9183812719618603,1
8,742,3918,3918,0,0.7760292771549056,1
8,742,3961,3961,1,0.8931077879407123,1
8,742,3962,3962,1,0.7640641406457382,1
8,742,3963,3963,1,0.7810473872696958,1
8,742,3964,3964,0,0.24910414492132368,0
8,742,3965,3965,1,0.7757958858531201,1
8,742,3966,3966,1,0.7843603499994216,1
8,742,3992,3992,1,0.7222066557826692,1
8,742,4061,4061,0,0.49754087984671747,0
8,742,4062,4062,0,0.33819556753714225,0
8,742,4063,4063,0,0.8343110185208849,1
8,742,4116,4116,0,0.7075207862876908,1
8,742,4221,4221,0,0.8861584096746785,1
8,742,4222,4222,0,0.8865894547751951,1
8,742,4223,4223,0,0.6407728195408259,1
8,742,4273,4273,0,0.5022180138926724,1
8,742,4274,4274,0,0.9179214423840759,1
8,742,4275,4275,0,0.8672094445053667,1
8,742,4362,4362,0,0.08198669486939023,0
8,742,4394,4394,1,0.9541561471579434,1
8,742,4471,4471,0,0.7328906916456541,1
8,742,4487,4487,0,0.8152079735876414,1
8,742,4503,4503,0,0.7109884763971412,1
8,742,4544,4544,0,0.5988092384356123,1
8,742,4028,4028,0,0.3859977734980873,0
8,742,1892,1892,0,0.005610197365798691,0
8,742,2153,2153,0,0.002946733888058063,0
8,742,3291,3291,1,0.7798211825918957,1
8,742,5111,5111,1,0.9063809696193917,1
8,742,5162,5162,1,0.7346335137953406,1
8,742,5163,5163,1,0.7093791499496762,1
8,742,2286,2286,0,0.40134578977493296,0
8,742,2287,2287,0,0.40134578977493296,0
8,742,2288,2288,0,0.40134578977493296,0
8,742,2289,2289,1,0.39228445414938634,0
8,742,2654,2654,0,0.33639143898760643,0
8,742,3810,3810,1,0.3330398625380252,0
8,742,4058,4058,0,0.46748809188970025,0
8,742,4060,4060,0,0.7254083502034308,1
8,742,4488,4488,1,0.551630525672158,1
8,742,4489,4489,0,0.7829892973806329,1
8,742,4561,4561,1,0.12241660226110446,0
8,742,4584,4584,1,0.10703826435832436,0
8,742,4951,4951,1,0.42503402407889784,0
8,742,4952,4952,1,0.08570500436455303,0
8,742,4954,4954,0,0.25354627941873525,0
8,742,4878,4878,0,0.4176383459667253,0
8,742,5004,5004,0,0.5359925017348951,1
8,742,1552,1552,1,0.5455605850912904,1
8,742,1840,1840,0,0.014612475332326971,0
8,742,4209,4209,1,0.7684864475397734,1
8,742,4977,4977,0,0.8847002056484938,1
8,742,4978,4978,0,0.8847002056484938,1
8,742,4979,4979,0,0.8847002056484938,1
8,742,2055,2055,0,0.5478235240761024,1
8,742,1362,1362,1,0.7921587463632068,1
8,742,1363,1363,1,0.8157562826437973,1
8,742,1364,1364,1,0.8157562826437973,1
8,742,1365,1365,0,0.0711812707984044,0
8,742,1366,1366,0,0.0711812707984044,0
8,742,1446,1446,0,0.11607910782570907,0
8,742,1447,1447,1,0.08030002655980065,0
8,742,2185,2185,0,0.5849480456005928,1
8,742,2186,2186,0,0.5849480456005928,1
8,742,3442,3442,0,0.013343450278969339,0
8,742,3443,3443,0,0.013343450278969339,0
8,742,3444,3444,0,0.013343450278969339,0
8,742,3445,3445,0,0.013343450278969339,0
8,742,3446,3446,0,0.013343450278969339,0
8,742,3447,3447,0,0.013343450278969339,0
8,742,3677,3677,0,0.38096222452186707,0
8,742,4292,4292,1,0.7106581469072837,1
8,742,1775,1775,0,0.12912513301852938,0
8,742,275,275,0,0.014957738476356725,0
8,742,576,576,1,0.9797517963644673,1
8,742,577,577,0,0.01640807472471556,0
8,742,799,799,1,0.9837906722218175,1
8,742,2078,2078,0,0.025951737687996617,0
8,742,2125,2125,0,0.020043671846046072,0
8,742,2132,2132,0,0.01699428604685212,0
8,742,2162,2162,0,0.016273282163311215,0
8,742,2203,2203,0,0.0055576662067269265,0
8,742,2213,2213,0,0.018638120913609293,0
8,742,1985,1985,1,0.30414926270192205,0
8,742,1986,1986,1,0.37864904216424755,0
9,842,5146,5146,0,0.11804951367318858,0
9,842,950,950,1,0.26114041373688435,0
9,842,951,951,1,0.18889487711134145,0
9,842,1808,1808,1,0.9568206189672918,1
9,842,1929,1929,1,0.994864923727739,1
9,842,1933,1933,1,0.9953290562573307,1
9,842,2069,2069,1,0.9981055412620099,1
9,842,2073,2073,1,0.9986256043788061,1
9,842,2469,2469,0,0.4586558277181623,0
9,842,3096,3096,1,0.04139679348272041,0
9,842,4390,4390,1,0.9058857869623267,1
9,842,3614,3614,0,0.07286933550750054,0
9,842,3321,3321,0,0.19789824457806748,0
9,842,3322,3322,0,0.16725470445306723,0
9,842,3323,3323,0,0.18247730851816718,0
9,842,1175,1175,1,0.25045227256690655,0
9,842,4743,4743,0,0.14983996527209015,0
9,842,5117,5117,0,0.1551018934715627,0
9,842,3668,3668,0,0.5284900513014671,1
9,842,3669,3669,0,0.5284900513014671,1
9,842,4511,4511,0,0.5360727037089291,1
9,842,2174,2174,1,0.8289737437676401,1
9,842,2182,2182,1,0.7345401770741664,1
9,842,1204,1204,1,0.9856669087502365,1
9,842,1691,1691,0,0.9048101739486254,1
9,842,1699,1699,1,0.5692314979265412,1
9,842,1733,1733,1,0.16300686044520807,0
9,842,1734,1734,1,0.16300686044520807,0
9,842,1735,1735,1,0.16300686044520807,0
9,842,1736,1736,1,0.16300686044520807,0
9,842,1737,1737,0,0.7540109536338964,1
9,842,1738,1738,0,0.3641041408700902,0
9,842,1742,1742,1,0.29766116557266376,0
9,842,1757,1757,1,0.8979907758492734,1
9,842,1758,1758,1,0.8979907758492734,1
9,842,1767,1767,1,0.46005667179349363,0
9,842,1778,1778,0,0.08882160734067959,0
9,842,1779,1779,0,0.6846190643245131,1
9,842,1780,1780,0,0.09659168158011108,0
9,842,1781,1781,0,0.13918645556138248,0
9,842,1782,1782,0,0.19102633681087228,0
9,842,1788,1788,0,0.6264524986922536,1
9,842,1793,1793,0,0.29514654351815117,0
9,842,1794,1794,0,0.1252467018750472,0
9,842,1798,1798,0,0.1630764883101592,0
9,842,1799,1799,1,0.1348691835312017,0
9,842,1801,1801,1,0.5750536408073542,1
9,842,1831,1831,0,0.16221010621818863,0
9,842,1832,1832,0,0.14643845248490311,0
9,842,1833,1833,0,0.07919561210740655,0
9,842,1834,1834,0,0.623545182374681,1
9,842,1839,1839,0,0.548826458396341,1
9,842,1844,1844,0,0.06272509401048015,0
9,842,1845,1845,0,0.15581864924158306,0
9,842,1855,1855,0,0.11558922174661174,0
9,842,1856,1856,0,0.1584276714172066,0
9,842,1857,1857,0,0.06292170386672005,0
9,842,1907,1907,0,0.09724552956577417,0
9,842,1927,1927,0,0.0290485074523794,0
9,842,1928,1928,0,0.07059466322538778,0
9,842,1960,1960,0,0.2997389938104164,0
9,842,1996,1996,0,0.6507923062251202,1
9,842,1997,1997,0,0.15636965176007045,0
9,842,2009,2009,0,0.10639056806559158,0
9,842,2010,2010,0,0.053225714408226515,0
9,842,2043,2043,1,0.7334687209826117,1
9,842,2044,2044,0,0.1377663373058411,0
9,842,2045,2045,0,0.10149951050827846,0
9,842,2046,2046,0,0.12058909051705141,0
9,842,2056,2056,0,0.21196541449798567,0
9,842,2057,2057,0,0.03167881563678293,0
9,842,2067,2067,0,0.11294441395354918,0
9,842,2096,2096,0,0.06879036757454612,0
9,842,2166,2166,1,0.4949161800163636,0
9,842,606,606,1,0.9406902876639877,1
9,842,3777,3777,0,0.6350947531506538,1
9,842,3988,3988,1,0.738777990489386,1
9,842,1835,1835,0,0.025647994375461964,0
9,842,224,224,0,0.10347614006371877,0
9,842,225,225,0,0.10347614006371877,0
9,842,226,226,0,0.10347614006371877,0
9,842,476,476,0,0.06209417915471024,0
9,842,478,478,0,0.20049275458979599,0
9,842,480,480,0,0.2437826971637069,0
9,842,652,652,1,0.9660669450246271,1
9,842,1141,1141,1,0.8841147253235331,1
9,842,1142,1142,0,0.708051457211531,1
9,842,1151,1151,1,0.9266740241581789,1
9,842,1152,1152,1,0.9900538768309973,1
9,842,4980,4980,0,0.49441931833851327,0
9,842,5064,5064,0,0.1143883822716442,0
9,842,1004,1004,1,0.2717087151484193,0
9,842,2020,2020,1,0.5674568065744925,1
9,842,1205,1205,1,0.9590003561747679,1
9,842,3515,3515,1,0.7056851024622985,1
9,842,3516,3516,1,0.7056851024622985,1
9,842,3517,3517,1,0.7056851024622985,1
9,842,739,739,0,0.8527103601145968,1
9,842,2011,2011,1,0.9262328393992877,1
9,842,4876,4876,0,0.22973367364319702,0
9,842,733,733,0,0.12064574104241116,0
9,842,1045,1045,1,0.18019544322024597,0
9,842,5060,5060,0,0.7803393392944692,1
9,842,853,853,0,0.48374218551760256,0
9,842,4480,4480,0,0.0217010520068187,0
9,842,4134,4134,0,0.086607274607748,0
9,842,4032,4032,0,0.1533976879507221,0
9,842,5109,5109,0,0.7890537421890843,1
9,842,1125,1125,0,0.02932628032286204,0
9,842,1129,1129,0,0.1463771023130225,0
9,842,2023,2023,0,0.04175743065569192,0
9,842,2150,2150,0,0.015832791085822237,0
9,842,4667,4667,0,0.6220133550885163,1
9,842,538,538,0,0.3047342109164318,0
9,842,539,539,0,0.42008034689295914,0
9,842,762,762,0,0.1896001307208154,0
9,842,763,763,0,0.19390138095795514,0
9,842,4013,4013,1,0.0802999935091837,0
9,842,4180,4180,1,0.04814304481126028,0
9,842,4185,4185,0,0.050481612741636026,0
9,842,4190,4190,1,0.06762675989638832,0
9,842,4191,4191,1,0.1480546286061552,0
9,842,4595,4595,1,0.10852964832389352,0
9,842,4625,4625,1,0.1202350761669609,0
9,842,4717,4717,1,0.051504215337368216,0
9,842,4718,4718,0,0.11919084999489302,0
9,842,4719,4719,0,0.07629306678119616,0
9,842,4721,4721,1,0.14291148108401608,0
9,842,4727,4727,0,0.06235878009012524,0
9,842,4840,4840,0,0.1007182038759832,0
9,842,4862,4862,0,0.17028664033391333,0
9,842,4917,4917,0,0.035645279106820436,0
9,842,5001,5001,1,0.0507166048075969,0
9,842,1980,1980,0,0.03560270260682805,0
9,842,2431,2431,1,0.9498898517919271,1
9,842,2432,2432,1,0.9305127083002503,1
9,842,2433,2433,1,0.9643843875999574,1
9,842,2434,2434,1,0.9643843875999574,1
9,842,2569,2569,1,0.9245692652497086,1
9,842,2726,2726,1,0.9294165694287574,1
9,842,2727,2727,1,0.9294165694287574,1
9,842,2832,2832,1,0.8943380399791765,1
9,842,2909,2909,1,0.8870754187714495,1
9,842,2910,2910,1,0.9131840216248442,1
9,842,2911,2911,1,0.960375224605917,1
9,842,2912,2912,1,0.9079685170095391,1
9,842,2914,2914,1,0.9131840216248442,1
9,842,2915,2915,1,0.960375224605917,1
9,842,3041,3041,1,0.9566886462147188,1
9,842,3044,3044,1,0.9566886462147188,1
9,842,3045,3045,1,0.8726464583050925,1
9,842,3171,3171,1,0.9028412915927281,1
9,842,1105,1105,0,0.5246578520808696,1
9,842,4033,4033,1,0.2669518686786862,0
9,842,5041,5041,0,0.1393138606130389,0
9,842,2693,2693,1,0.1421817327151577,0
9,842,5003,5003,1,0.9416175847615271,1
9,842,2237,2237,1,0.9592631347146561,1
9,842,2238,2238,1,0.9678106762406037,1
9,842,2239,2239,1,0.9678106762406037,1
9,842,2795,2795,1,0.9554978026166533,1
9,842,2886,2886,1,0.9524501795783532,1
9,842,2918,2918,1,0.9285115225700182,1
9,842,3110,3110,1,0.9212116600894713,1
9,842,3111,3111,1,0.9487889570688467,1
9,842,3380,3380,1,0.9491670355884861,1
9,842,3439,3439,1,0.8835370993369683,1
9,842,3645,3645,1,0.9787128788172534,1
9,842,3646,3646,1,0.9780621120563737,1
9,842,3655,3655,1,0.9938199702328743,1
9,842,3833,3833,0,0.9835617457273598,1
9,842,3845,3845,1,0.9708694315408568,1
9,842,4125,4125,1,0.9864587430232131,1
9,842,4133,4133,1,0.9777842387067124,1
9,842,4262,4262,1,0.9424682426156293,1
9,842,4272,4272,1,0.9833064967260539,1
9,842,4482,4482,1,0.9208499840006114,1
9,842,4523,4523,1,0.9864335755617164,1
9,842,4735,4735,1,0.9859502151606935,1
9,842,1600,1600,0,0.022126900558110323,0
9,842,1629,1629,0,0.10954308820029472,0
9,842,1666,1666,0,0.03369110631702472,0
9,842,4042,4042,0,0.017959544868740122,0
9,842,2385,2385,0,0.30371366636909636,0
9,842,2386,2386,0,0.30371366636909636,0
9,842,2387,2387,0,0.30371366636909636,0
9,842,2388,2388,0,0.2579637893000669,0
9,842,2389,2389,0,0.30371366636909636,0
9,842,2390,2390,0,0.30371366636909636,0
9,842,2391,2391,0,0.30371366636909636,0
9,842,2392,2392,0,0.2579637893000669,0
9,842,2393,2393,0,0.30371366636909636,0
9,842,2394,2394,0,0.30371366636909636,0
9,842,2395,2395,0,0.30371366636909636,0
9,842,2396,2396,0,0.30371366636909636,0
9,842,2397,2397,0,0.30371366636909636,0
9,842,2398,2398,0,0.30371366636909636,0
9,842,2399,2399,0,0.30371366636909636,0
9,842,2556,2556,0,0.14885800563587004,0
9,842,2564,2564,0,0.13037458898454454,0
9,842,2565,2565,0,0.15872648040592802,0
9,842,2566,2566,0,0.15872648040592802,0
9,842,2663,2663,0,0.17494071254071467,0
9,842,2664,2664,0,0.08773192120525379,0
9,842,2665,2665,0,0.17494071254071467,0
9,842,2666,2666,0,0.08773192120525379,0
9,842,2667,2667,0,0.1901142266393561,0
9,842,2718,2718,0,0.2058844613354211,0
9,842,2831,2831,0,0.10095605610955832,0
9,842,2836,2836,0,0.1700939737975298,0
9,842,2887,2887,0,0.16721493265693727,0
9,842,2888,2888,0,0.15992621731421147,0
9,842,2889,2889,0,0.09131450345762436,0
9,842,2890,2890,0,0.13645145002773276,0
9,842,2901,2901,0,0.23683715695557264,0
9,842,2949,2949,0,0.13893748506035028,0
9,842,2950,2950,0,0.23272588923888252,0
9,842,2951,2951,0,0.13893748506035028,0
9,842,2952,2952,0,0.22273400011459657,0
9,842,2953,2953,0,0.13893748506035028,0
9,842,2954,2954,0,0.23272588923888252,0
9,842,2955,2955,0,0.13893748506035028,0
9,842,2956,2956,0,0.13893748506035028,0
9,842,2957,2957,0,0.13893748506035028,0
9,842,2958,2958,0,0.13893748506035028,0
9,842,2959,2959,0,0.13893748506035028,0
9,842,2960,2960,0,0.23272588923888252,0
9,842,2961,2961,0,0.13893748506035028,0
9,842,2962,2962,0,0.13893748506035028,0
9,842,2963,2963,0,0.23272588923888252,0
9,842,2964,2964,0,0.13893748506035028,0
9,842,2965,2965,0,0.13893748506035028,0
9,842,2966,2966,0,0.13893748506035028,0
9,842,2967,2967,0,0.13893748506035028,0
9,842,2970,2970,0,0.11486281631201227,0
9,842,2971,2971,0,0.11486281631201227,0
9,842,2972,2972,0,0.11486281631201227,0
9,842,2973,2973,0,0.11486281631201227,0
9,842,2974,2974,0,0.11486281631201227,0
9,842,2975,2975,0,0.11486281631201227,0
9,842,2976,2976,0,0.11486281631201227,0
9,842,2979,2979,0,0.14412165992009354,0
9,842,2983,2983,0,0.10236259856370407,0
9,842,2985,2985,0,0.2479865011020166,0
9,842,3034,3034,0,0.13591502893894816,0
9,842,3035,3035,1,0.11166212606357105,0
9,842,3036,3036,0,0.1568908480108626,0
9,842,3094,3094,0,0.26759102224602127,0
9,842,3179,3179,0,0.152268766618826,0
9,842,3180,3180,0,0.05193898822530162,0
9,842,3181,3181,0,0.16377732195729255,0
9,842,3182,3182,0,0.09845047167526093,0
9,842,3183,3183,0,0.19956939011409613,0
9,842,3184,3184,0,0.19956939011409613,0
9,842,3185,3185,0,0.19956939011409613,0
9,842,3186,3186,0,0.19956939011409613,0
9,842,3187,3187,0,0.19956939011409613,0
9,842,3188,3188,0,0.19956939011409613,0
9,842,3189,3189,0,0.19956939011409613,0
9,842,3190,3190,0,0.19956939011409613,0
9,842,3191,3191,0,0.19956939011409613,0
9,842,3192,3192,0,0.19956939011409613,0
9,842,3193,3193,0,0.19956939011409613,0
9,842,3194,3194,0,0.12024479245344381,0
9,842,3195,3195,0,0.05846830348141983,0
9,842,3196,3196,0,0.05846830348141983,0
9,842,3197,3197,0,0.05846830348141983,0
9,842,3198,3198,0,0.07806174921408393,0
9,842,3199,3199,0,0.07806174921408393,0
9,842,3204,3204,0,0.07542849515611277,0
9,842,3234,3234,0,0.17713948955848283,0
9,842,3235,3235,0,0.15877221744661607,0
9,842,3236,3236,0,0.17713948955848283,0
9,842,3237,3237,0,0.15877221744661607,0
9,842,3238,3238,0,0.15877221744661607,0
9,842,3239,3239,0,0.10270270159515865,0
9,842,3240,3240,0,0.10270270159515865,0
9,842,3241,3241,0,0.0926736421296272,0
9,842,3242,3242,0,0.0926736421296272,0
9,842,3243,3243,0,0.0926736421296272,0
9,842,3244,3244,0,0.10270270159515865,0
9,842,3245,3245,0,0.10270270159515865,0
9,842,3246,3246,0,0.0926736421296272,0
9,842,3247,3247,0,0.0926736421296272,0
9,842,3248,3248,0,0.0926736421296272,0
9,842,3249,3249,0,0.10270270159515865,0
9,842,3256,3256,0,0.14188069241560453,0
9,842,3257,3257,0,0.06395995501967419,0
9,842,3258,3258,0,0.06395995501967419,0
9,842,3259,3259,0,0.06395995501967419,0
9,842,3260,3260,0,0.06395995501967419,0
9,842,3261,3261,0,0.06395995501967419,0
9,842,3262,3262,0,0.06395995501967419,0
9,842,3263,3263,0,0.06395995501967419,0
9,842,3265,3265,1,0.14389331040768233,0
9,842,3266,3266,0,0.10487204924180998,0
9,842,3268,3268,0,0.12302313799441005,0
9,842,3293,3293,0,0.2016100559560865,0
9,842,3310,3310,0,0.1600509689403562,0
9,842,3394,3394,1,0.09844807084142797,0
9,842,3417,3417,0,0.34350696744404524,0
9,842,3418,3418,0,0.5873643869322168,1
9,842,3421,3421,0,0.05092489419104659,0
9,842,3423,3423,1,0.024236014343490386,0
9,842,3424,3424,0,0.19487180847783886,0
9,842,3425,3425,0,0.19496677985547203,0
9,842,3426,3426,0,0.0668081603748694,0
9,842,3428,3428,0,0.09143038682844269,0
9,842,3433,3433,0,0.12081756672991123,0
9,842,3450,3450,0,0.24582701360411074,0
9,842,3452,3452,0,0.04593799548864658,0
9,842,3453,3453,0,0.05285454860827454,0
9,842,3454,3454,0,0.05285454860827454,0
9,842,3455,3455,0,0.11371089625681303,0
9,842,3456,3456,0,0.11371089625681303,0
9,842,3457,3457,0,0.14219560321603927,0
9,842,3458,3458,0,0.11371089625681303,0
9,842,3459,3459,0,0.11371089625681303,0
9,842,3460,3460,0,0.11371089625681303,0
9,842,3461,3461,0,0.14219560321603927,0
9,842,3462,3462,0,0.11371089625681303,0
9,842,3463,3463,0,0.11371089625681303,0
9,842,3464,3464,0,0.14219560321603927,0
9,842,3465,3465,0,0.14219560321603927,0
9,842,3466,3466,0,0.11371089625681303,0
9,842,3467,3467,0,0.11371089625681303,0
9,842,3468,3468,0,0.12575725103189847,0
9,842,3471,3471,0,0.0657899636041844,0
9,842,3472,3472,0,0.1671977910464121,0
9,842,3474,3474,0,0.06011640704839316,0
9,842,3475,3475,0,0.18079409897070584,0
9,842,3477,3477,0,0.02700254056783223,0
9,842,3547,3547,1,0.2228914634987516,0
9,842,3548,3548,0,0.12521148201741875,0
9,842,3549,3549,0,0.20279228496056934,0
9,842,3550,3550,0,0.20279228496056934,0
9,842,3551,3551,0,0.20279228496056934,0
9,842,3552,3552,0,0.20279228496056934,0
9,842,3553,3553,0,0.20279228496056934,0
9,842,3554,3554,1,0.18726873124590385,0
9,842,3555,3555,1,0.18726873124590385,0
9,842,3556,3556,1,0.11646602803289578,0
9,842,3557,3557,1,0.11646602803289578,0
9,842,3558,3558,0,0.09966377084532355,0
9,842,3559,3559,0,0.05343359896533849,0
9,842,3574,3574,0,0.01936602995122059,0
9,842,3623,3623,0,0.12689917853457505,0
9,842,3647,3647,1,0.06971883425605473,0
9,842,3656,3656,0,0.16027241469550393,0
9,842,3657,3657,1,0.17676669426567837,0
9,842,3659,3659,0,0.04729432075203195,0
9,842,3660,3660,1,0.2644198754005615,0
9,842,3661,3661,0,0.14524229153098858,0
9,842,3662,3662,1,0.10288905332241503,0
9,842,3665,3665,1,0.23706770185057632,0
9,842,3681,3681,0,0.15541876580660863,0
9,842,3682,3682,0,0.1555201468377864,0
9,842,3683,3683,0,0.07882824670020457,0
9,842,3684,3684,0,0.07882824670020457,0
9,842,3685,3685,0,0.12947166383076764,0
9,842,3688,3688,0,0.06621964837882917,0
9,842,3689,3689,0,0.0931238683387115,0
9,842,3690,3690,0,0.07401160319428653,0
9,842,3691,3691,1,0.04457691098696467,0
9,842,3693,3693,0,0.07913232235016784,0
9,842,3694,3694,0,0.05142942107467222,0
9,842,3697,3697,0,0.06262679531214575,0
9,842,3699,3699,0,0.16607952104185433,0
9,842,3701,3701,0,0.015731622766563515,0
9,842,3702,3702,0,0.09432103654042527,0
9,842,3703,3703,0,0.03396867799688939,0
9,842,3733,3733,0,0.04236196663145256,0
9,842,3734,3734,0,0.04236196663145256,0
9,842,3735,3735,0,0.048329420723157844,0
9,842,3736,3736,1,0.0781892569235513,0
9,842,3745,3745,0,0.0603831360763973,0
9,842,3746,3746,0,0.07496286460241194,0
9,842,3747,3747,1,0.05206614121285547,0
9,842,3748,3748,0,0.11027378318568473,0
9,842,3749,3749,0,0.12699830883963556,0
9,842,3753,3753,1,0.10688692463827637,0
9,842,3789,3789,0,0.04929640771346978,0
9,842,3790,3790,0,0.04929640771346978,0
9,842,3793,3793,0,0.10342544615542738,0
9,842,3795,3795,1,0.08270129653306181,0
9,842,3796,3796,0,0.15721236897873792,0
9,842,3846,3846,1,0.14362801344810452,0
9,842,3862,3862,1,0.034310253634085755,0
9,842,3863,3863,0,0.14638098381788733,0
9,842,3864,3864,0,0.09151575195593467,0
9,842,3867,3867,0,0.049547984057292584,0
9,842,3881,3881,1,0.06359387041236347,0
9,842,3882,3882,0,0.20848353293850203,0
9,842,3883,3883,0,0.0864490810932645,0
9,842,3886,3886,1,0.10873121986567108,0
9,842,3887,3887,1,0.10873121986567108,0
9,842,3888,3888,1,0.08472806676918163,0
9,842,3891,3891,0,0.07842955478710412,0
9,842,3892,3892,1,0.09257902325337686,0
9,842,3893,3893,0,0.0945071812967005,0
9,842,3903,3903,1,0.09468089969934373,0
9,842,3921,3921,0,0.06184021913213744,0
9,842,3922,3922,0,0.03836657075764178,0
9,842,3923,3923,0,0.06453860949007172,0
9,842,3924,3924,0,0.06453860949007172,0
9,842,3925,3925,0,0.1141483944087396,0
9,842,3926,3926,0,0.20527023357283755,0
9,842,3927,3927,0,0.08900677035703286,0
9,842,3928,3928,0,0.09129957259722604,0
9,842,3929,3929,0,0.05632881559650203,0
9,842,3930,3930,0,0.07378874394211749,0
9,842,3931,3931,0,0.01886720737013029,0
9,842,3934,3934,0,0.047725667306783674,0
9,842,3935,3935,0,0.02234964413028929,0
9,842,3936,3936,0,0.04699912539674974,0
9,842,3968,3968,0,0.1693803985064644,0
9,842,3969,3969,1,0.06882674795744669,0
9,842,3970,3970,0,0.04488222989278317,0
9,842,4000,4000,0,0.16893312496071966,0
9,842,4012,4012,1,0.022034813848417763,0
9,842,4014,4014,0,0.09457618334187898,0
9,842,4015,4015,0,0.30107276507459396,0
9,842,4016,4016,0,0.3596911237425893,0
9,842,4017,4017,0,0.339746510062734,0
9,842,4019,4019,0,0.048343644845052255,0
9,842,4021,4021,0,0.12482494987194985,0
9,842,4023,4023,0,0.059612313691979786,0
9,842,4048,4048,0,0.04119983239901645,0
9,842,4051,4051,0,0.13594911354358152,0
9,842,4052,4052,1,0.12166894145962541,0
9,842,4053,4053,1,0.06014095412132352,0
9,842,4068,4068,0,0.1553602146477626,0
9,842,4070,4070,0,0.18770221870485482,0
9,842,4073,4073,0,0.11988356851077868,0
9,842,4075,4075,0,0.049576986573520915,0
9,842,4078,4078,0,0.08575285233994698,0
9,842,4079,4079,0,0.0894383251295883,0
9,842,4080,4080,1,0.12397209500386623,0
9,842,4083,4083,0,0.061823848209889676,0
9,842,4084,4084,0,0.07084191312001795,0
9,842,4085,4085,1,0.041910284301362975,0
9,842,4101,4101,0,0.06281344259824717,0
9,842,4103,4103,0,0.07468172327957845,0
9,842,4104,4104,0,0.05096118371485921,0
9,842,4126,4126,0,0.07984682143970982,0
9,842,4143,4143,0,0.26593956817891085,0
9,842,4145,4145,0,0.12628251361407125,0
9,842,4146,4146,0,0.11583967612738406,0
9,842,4148,4148,0,0.05119090570689952,0
9,842,4149,4149,0,0.04358308517228336,0
9,842,4150,4150,0,0.05119090570689952,0
9,842,4151,4151,0,0.06641192954338539,0
9,842,4152,4152,0,0.16564824103209239,0
9,842,4155,4155,0,0.05085755740714851,0
9,842,4166,4166,0,0.19217403843852346,0
9,842,4167,4167,0,0.18528263270189213,0
9,842,4168,4168,0,0.19217403843852346,0
9,842,4169,4169,0,0.19217403843852346,0
9,842,4170,4170,0,0.18528263270189213,0
9,842,4171,4171,0,0.18528263270189213,0
9,842,4172,4172,0,0.07310979967109209,0
9,842,4174,4174,0,0.13282190687697965,0
9,842,4175,4175,0,0.05753025042240132,0
9,842,4176,4176,0,0.05753025042240132,0
9,842,4177,4177,0,0.05753025042240132,0
9,842,4178,4178,0,0.05753025042240132,0
9,842,4181,4181,0,0.16797986245066973,0
9,842,4186,4186,0,0.10331049395335803,0
9,842,4187,4187,0,0.07402149974491586,0
9,842,4188,4188,0,0.09659334016346127,0
9,842,4189,4189,0,0.09116801397934539,0
9,842,4195,4195,0,0.10684974260905478,0
9,842,4202,4202,0,0.04835817151115656,0
9,842,4210,4210,0,0.023494799613287768,0
9,842,4212,4212,1,0.041364971463028526,0
9,842,4215,4215,1,0.031221942375660013,0
9,842,4228,4228,0,0.1061066465849568,0
9,842,4229,4229,0,0.2211678603349606,0
9,842,4232,4232,0,0.18173808619354914,0
9,842,4244,4244,0,0.07286564084370163,0
9,842,4246,4246,0,0.06489175457494209,0
9,842,4248,4248,0,0.030776397046064916,0
9,842,4265,4265,0,0.5696655225739026,1
9,842,4278,4278,0,0.09347460033118256,0
9,842,4279,4279,0,0.09347460033118256,0
9,842,4286,4286,0,0.3921694872925622,0
9,842,4287,4287,0,0.01802260166298355,0
9,842,4291,4291,1,0.41399893861127446,0
9,842,4301,4301,0,0.06937911095965534,0
9,842,4302,4302,0,0.11620854933441738,0
9,842,4306,4306,0,0.1817134407785849,0
9,842,4307,4307,0,0.10321282658576912,0
9,842,4308,4308,0,0.24179484275752772,0
9,842,4309,4309,0,0.06789563217054093,0
9,842,4311,4311,0,0.06845983333552895,0
9,842,4312,4312,0,0.06624551001859293,0
9,842,4313,4313,0,0.06624551001859293,0
9,842,4314,4314,0,0.04860246317833647,0
9,842,4315,4315,0,0.06504089454613059,0
9,842,4318,4318,0,0.026719345554053062,0
9,842,4322,4322,0,0.04779389915048299,0
9,842,4323,4323,0,0.14195354356925233,0
9,842,4325,4325,0,0.1750174662057929,0
9,842,4334,4334,0,0.10263266768029061,0
9,842,4335,4335,0,0.09693130781699236,0
9,842,4338,4338,0,0.057186534596378236,0
9,842,4339,4339,0,0.11592165870181055,0
9,842,4340,4340,0,0.0342113103463233,0
9,842,4341,4341,0,0.04654463334459649,0
9,842,4342,4342,0,0.04654463334459649,0
9,842,4343,4343,0,0.04654463334459649,0
9,842,4344,4344,1,0.1009090531376042,0
9,842,4346,4346,0,0.08393311328809269,0
9,842,4348,4348,0,0.11241233904660862,0
9,842,4350,4350,0,0.14328917999092555,0
9,842,4365,4365,0,0.11288595438404563,0
9,842,4366,4366,0,0.15065624816855197,0
9,842,4368,4368,0,0.0471027899787869,0
9,842,4369,4369,0,0.09097423323036861,0
9,842,4373,4373,1,0.016957971397363433,0
9,842,4374,4374,0,0.09227513494236357,0
9,842,4375,4375,1,0.10519217914770411,0
9,842,4378,4378,0,0.08546522718279675,0
9,842,4397,4397,0,0.031253899325483,0
9,842,4408,4408,0,0.025461652039864235,0
9,842,4417,4417,0,0.044520519871650635,0
9,842,4446,4446,0,0.06659818321061109,0
9,842,4447,4447,0,0.06659818321061109,0
9,842,4449,4449,0,0.4158542218928799,0
9,842,4450,4450,0,0.07767870063376067,0
9,842,4453,4453,0,0.05832978298024085,0
9,842,4474,4474,0,0.12405863057386424,0
9,842,4475,4475,0,0.04025379305086143,0
9,842,4477,4477,0,0.30246801553194363,0
9,842,4478,4478,1,0.12116945675119563,0
9,842,4492,4492,0,0.13532326910892914,0
9,842,4493,4493,1,0.061221479818243385,0
9,842,4494,4494,0,0.17878961099406857,0
9,842,4495,4495,0,0.14753407189821122,0
9,842,4505,4505,1,0.18903525085939057,0
9,842,4510,4510,0,0.043864612381583616,0
9,842,4530,4530,0,0.029450192274531987,0
9,842,4535,4535,0,0.028753038409349094,0
9,842,4536,4536,0,0.1213976315190252,0
9,842,4538,4538,0,0.07713923834831239,0
9,842,4551,4551,0,0.019212238990704573,0
9,842,4554,4554,0,0.04426653723721227,0
9,842,4564,4564,0,0.08706290051247549,0
9,842,4565,4565,0,0.06937344624081611,0
9,842,4566,4566,0,0.10485122749654137,0
9,842,4576,4576,0,0.019003280742433508,0
9,842,4590,4590,0,0.06884704345154385,0
9,842,4612,4612,0,0.06425530807419398,0
9,842,4613,4613,0,0.043960881857885256,0
9,842,4614,4614,0,0.043960881857885256,0
9,842,4615,4615,0,0.02805286185228387,0
9,842,4616,4616,0,0.11681837700992427,0
9,842,4617,4617,0,0.10418456460163227,0
9,842,4618,4618,0,0.08228696216427613,0
9,842,4620,4620,1,0.1259580126852296,0
9,842,4621,4621,1,0.1259580126852296,0
9,842,4623,4623,0,0.23629430961938186,0
9,842,4642,4642,0,0.025877163718351217,0
9,842,4651,4651,0,0.11800686317998203,0
9,842,4652,4652,0,0.05970367700398468,0
9,842,4657,4657,0,0.11059316292426005,0
9,842,4679,4679,0,0.04837510257702209,0
9,842,4686,4686,0,0.13665752323897506,0
9,842,4687,4687,0,0.09932968043987325,0
9,842,4688,4688,0,0.01947935539659166,0
9,842,4689,4689,0,0.09048358281555148,0
9,842,4690,4690,0,0.09048358281555148,0
9,842,4691,4691,0,0.1580705787136322,0
9,842,4693,4693,0,0.054395414119330535,0
9,842,4694,4694,0,0.05917687349240337,0
9,842,4695,4695,0,0.21988554759970394,0
9,842,4696,4696,0,0.2531492219186085,0
9,842,4697,4697,1,0.19641898420248818,0
9,842,4698,4698,0,0.2531492219186085,0
9,842,4699,4699,0,0.25087277737568975,0
9,842,4700,4700,0,0.0701689663795202,0
9,842,4701,4701,0,0.05429843882153073,0
9,842,4702,4702,0,0.05429843882153073,0
9,842,4703,4703,0,0.05741779347020224,0
9,842,4704,4704,0,0.22063066424059266,0
9,842,4705,4705,0,0.17503595665414842,0
9,842,4706,4706,0,0.0717613511757558,0
9,842,4707,4707,0,0.3623022264845213,0
9,842,4708,4708,0,0.36685349121903643,0
9,842,4709,4709,0,0.08542186997944651,0
9,842,4710,4710,0,0.08598965656461222,0
9,842,4711,4711,0,0.3306750686355015,0
9,842,4712,4712,0,0.15830497604167687,0
9,842,4713,4713,0,0.14464033983504296,0
9,842,4714,4714,0,0.15830497604167687,0
9,842,4715,4715,0,0.0479384952589171,0
9,842,4716,4716,0,0.32446734190600496,0
9,842,4722,4722,0,0.21999505976004785,0
9,842,4723,4723,0,0.11560747039433046,0
9,842,4724,4724,0,0.31931557295210206,0
9,842,4739,4739,0,0.10316523352755369,0
9,842,4764,4764,0,0.1235072431610069,0
9,842,4765,4765,0,0.2150796895938146,0
9,842,4766,4766,0,0.07144287066484512,0
9,842,4779,4779,0,0.020580774783082723,0
9,842,4780,4780,0,0.09445127467190298,0
9,842,4781,4781,0,0.13772782429442898,0
9,842,4782,4782,0,0.13772782429442898,0
9,842,4783,4783,0,0.060382603774204194,0
9,842,4784,4784,0,0.031255513567009036,0
9,842,4787,4787,0,0.08099370629468632,0
9,842,4788,4788,0,0.021467744806549068,0
9,842,4790,4790,0,0.4198464299818638,0
9,842,4792,4792,0,0.02096496791411686,0
9,842,4794,4794,0,0.23331770929020557,0
9,842,4795,4795,0,0.1472613958709444,0
9,842,4796,4796,0,0.029033529125535827,0
9,842,4800,4800,0,0.14471816930188172,0
9,842,4801,4801,0,0.20941430713111062,0
9,842,4803,4803,0,0.11767662255606845,0
9,842,4804,4804,0,0.1574887840362859,0
9,842,4805,4805,0,0.1631034650653441,0
9,842,4806,4806,0,0.050521260773735484,0
9,842,4807,4807,0,0.05057328910072981,0
9,842,4808,4808,0,0.10970376137513911,0
9,842,4809,4809,0,0.012106464962679553,0
9,842,4810,4810,0,0.012033403383507927,0
9,842,4811,4811,0,0.012033403383507927,0
9,842,4812,4812,0,0.13350106789270771,0
9,842,4813,4813,0,0.13275937392319126,0
9,842,4814,4814,0,0.13275937392319126,0
9,842,4815,4815,0,0.13350106789270771,0
9,842,4816,4816,0,0.13350106789270771,0
9,842,4817,4817,0,0.37361046985558355,0
9,842,4818,4818,1,0.35115744167651397,0
9,842,4820,4820,0,0.035113802761356054,0
9,842,4821,4821,0,0.03486241098521865,0
9,842,4822,4822,0,0.035113802761356054,0
9,842,4823,4823,0,0.03486241098521865,0
9,842,4824,4824,0,0.03486241098521865,0
9,842,4825,4825,0,0.03486241098521865,0
9,842,4826,4826,0,0.15779287184520768,0
9,842,4827,4827,0,0.15779287184520768,0
9,842,4828,4828,0,0.19249400906589192,0
9,842,4829,4829,0,0.1314428243282207,0
9,842,4830,4830,0,0.2403056134243652,0
9,842,4831,4831,0,0.2403056134243652,0
9,842,4832,4832,0,0.2403056134243652,0
9,842,4833,4833,0,0.43671677954060345,0
9,842,4835,4835,0,0.4296246597302373,0
9,842,4836,4836,0,0.2218205285933945,0
9,842,4837,4837,0,0.048111834760954375,0
9,842,4838,4838,0,0.11767662255606845,0
9,842,4839,4839,0,0.1631034650653441,0
9,842,4841,4841,0,0.2368792208490369,0
9,842,4859,4859,0,0.2592610684568034,0
9,842,4860,4860,0,0.2592610684568034,0
9,842,4861,4861,0,0.05075013202539935,0
9,842,4863,4863,0,0.05471256875521871,0
9,842,4866,4866,1,0.1707984695549835,0
9,842,4888,4888,0,0.06655211868410507,0
9,842,4889,4889,0,0.06159701278499782,0
9,842,4890,4890,0,0.08903372588917013,0
9,842,4891,4891,0,0.13827657422916725,0
9,842,4892,4892,0,0.205228615528899,0
9,842,4894,4894,0,0.08707062918980284,0
9,842,4896,4896,1,0.09674146743959029,0
9,842,4897,4897,1,0.09674146743959029,0
9,842,4898,4898,1,0.09674146743959029,0
9,842,4901,4901,0,0.1426439709144772,0
9,842,4902,4902,0,0.1542975306765059,0
9,842,4903,4903,0,0.04396680553292446,0
9,842,4904,4904,0,0.048076452900942056,0
9,842,4905,4905,0,0.04396680553292446,0
9,842,4906,4906,0,0.048076452900942056,0
9,842,4907,4907,0,0.048076452900942056,0
9,842,4908,4908,1,0.09674146743959029,0
9,842,4909,4909,0,0.04782356931612757,0
9,842,4910,4910,0,0.08564981127067894,0
9,842,4911,4911,0,0.07862843862441592,0
9,842,4912,4912,0,0.21965066799836797,0
9,842,4913,4913,0,0.21965066799836797,0
9,842,4914,4914,0,0.03651756470735019,0
9,842,4916,4916,0,0.050686563046503694,0
9,842,4922,4922,0,0.166156015521961,0
9,842,4926,4926,0,0.05483351300942451,0
9,842,4936,4936,0,0.284949243849755,0
9,842,4937,4937,0,0.284949243849755,0
9,842,4938,4938,0,0.1751792494331145,0
9,842,4939,4939,0,0.2856001231544337,0
9,842,4941,4941,0,0.344094709592432,0
9,842,4942,4942,0,0.28671894904961986,0
9,842,4943,4943,0,0.15178374409266715,0
9,842,4963,4963,0,0.03955622738021968,0
9,842,4964,4964,0,0.03955622738021968,0
9,842,4965,4965,0,0.14091537459260603,0
9,842,4966,4966,0,0.04047410566960473,0
9,842,4969,4969,0,0.18303625227263967,0
9,842,4972,4972,0,0.08183267142223538,0
9,842,4973,4973,0,0.06342456705267328,0
9,842,4976,4976,0,0.2750123703013235,0
9,842,4983,4983,1,0.16864843326852202,0
9,842,4984,4984,0,0.2628239908705743,0
9,842,4985,4985,0,0.34875535182264644,0
9,842,4986,4986,0,0.2628239908705743,0
9,842,4987,4987,0,0.11954284581212221,0
9,842,4988,4988,0,0.192963684661882,0
9,842,4990,4990,0,0.3560563678772225,0
9,842,4991,4991,0,0.029725623534548256,0
9,842,4992,4992,0,0.039279640400320726,0
9,842,4994,4994,1,0.10052671507784437,0
9,842,5002,5002,0,0.46738415537515826,0
9,842,5013,5013,0,0.07795296692710414,0
9,842,5018,5018,0,0.07145782298468772,0
9,842,5020,5020,0,0.09952456785811727,0
9,842,5021,5021,0,0.09952456785811727,0
9,842,5022,5022,0,0.20652697915307078,0
9,842,5024,5024,0,0.2585384340525479,0
9,842,5036,5036,0,0.09204857005621456,0
9,842,5037,5037,0,0.11109781914979705,0
9,842,5038,5038,0,0.27291400930214543,0
9,842,5039,5039,0,0.032974331375247246,0
9,842,5040,5040,0,0.3531059838033525,0
9,842,5043,5043,0,0.17837682705806215,0
9,842,5063,5063,0,0.03220485023164941,0
9,842,5077,5077,0,0.027133931807248195,0
9,842,5078,5078,0,0.027133931807248195,0
9,842,5079,5079,0,0.027133931807248195,0
9,842,5080,5080,1,0.3532639710776707,0
9,842,5081,5081,1,0.451384584206367,0
9,842,5082,5082,0,0.451384584206367,0
9,842,5083,5083,0,0.15807005175001254,0
9,842,5084,5084,1,0.7275467180481358,1
9,842,5086,5086,0,0.3998137027086274,0
9,842,5088,5088,0,0.31220476696970767,0
9,842,5089,5089,0,0.1421167912195838,0
9,842,901,901,1,0.8746847034584603,1
9,842,2243,2243,1,0.19613356010431976,0
9,842,2244,2244,1,0.19613356010431976,0
9,842,2618,2618,1,0.18791596954196613,0
9,842,2619,2619,1,0.2681921363415184,0
9,842,2821,2821,1,0.21924938612038855,0
9,842,3172,3172,1,0.7103619111038952,1
9,842,3415,3415,1,0.5645663633146737,1
9,842,3416,3416,1,0.5825239864157573,1
9,842,4059,4059,1,0.5199917676220468,1
9,842,4219,4219,1,0.6263487585851025,1
9,842,4562,4562,0,0.7577566486262145,1
9,842,4953,4953,1,0.8156881141368885,1
9,842,2211,2211,0,0.1691555259810036,0
9,842,2302,2302,0,0.787262731863393,1
9,842,2303,2303,0,0.787262731863393,1
9,842,2304,2304,0,0.787262731863393,1
9,842,2305,2305,0,0.787262731863393,1
9,842,2306,2306,0,0.787262731863393,1
9,842,2307,2307,0,0.787262731863393,1
9,842,2308,2308,0,0.787262731863393,1
9,842,2309,2309,0,0.787262731863393,1
9,842,2310,2310,0,0.787262731863393,1
9,842,2311,2311,0,0.8212183771636716,1
9,842,2438,2438,0,0.12383600041081676,0
9,842,2496,2496,0,0.10314523307470622,0
9,842,2497,2497,0,0.10314523307470622,0
9,842,2498,2498,0,0.10314523307470622,0
9,842,2501,2501,0,0.16584185315727729,0
9,842,2502,2502,0,0.16584185315727729,0
9,842,2503,2503,0,0.22485414512619148,0
9,842,2583,2583,0,0.5422590883251511,1
9,842,2584,2584,0,0.5422590883251511,1
9,842,2679,2679,0,0.30408144767197365,0
9,842,2680,2680,0,0.0663074264295974,0
9,842,2681,2681,0,0.0663074264295974,0
9,842,2682,2682,0,0.0663074264295974,0
9,842,2683,2683,0,0.0663074264295974,0
9,842,2684,2684,0,0.0663074264295974,0
9,842,2685,2685,0,0.0663074264295974,0
9,842,2689,2689,0,0.11779499413553232,0
9,842,2691,2691,1,0.7384807926837814,1
9,842,2692,2692,0,0.32254698240108753,0
9,842,2799,2799,0,0.6360245394650128,1
9,842,2800,2800,0,0.2716900249762197,0
9,842,2801,2801,0,0.2716900249762197,0
9,842,2802,2802,0,0.07502381028066454,0
9,842,2803,2803,0,0.07502381028066454,0
9,842,2804,2804,0,0.07502381028066454,0
9,842,2805,2805,0,0.07502381028066454,0
9,842,2822,2822,0,0.38807450618503253,0
9,842,3167,3167,0,0.07814007270871638,0
9,842,3355,3355,0,0.0669089320164519,0
9,842,3356,3356,0,0.11224965812646422,0
9,842,3357,3357,0,0.0669089320164519,0
9,842,3358,3358,0,0.0669089320164519,0
9,842,3359,3359,0,0.7553772035043499,1
9,842,3360,3360,1,0.35140873749070806,0
9,842,3361,3361,0,0.08470527495829583,0
9,842,3364,3364,0,0.3927513194846239,0
9,842,3365,3365,0,0.3927513194846239,0
9,842,3366,3366,0,0.3927513194846239,0
9,842,3367,3367,0,0.07522876058746142,0
9,842,3368,3368,0,0.07522876058746142,0
9,842,3410,3410,0,0.7439194278237682,1
9,842,3411,3411,0,0.2449876739766378,0
9,842,3580,3580,0,0.24964227068269176,0
9,842,3581,3581,0,0.24964227068269176,0
9,842,3582,3582,0,0.0667234041145898,0
9,842,3583,3583,0,0.0667234041145898,0
9,842,3584,3584,0,0.0667234041145898,0
9,842,3585,3585,0,0.0667234041145898,0
9,842,3586,3586,0,0.0667234041145898,0
9,842,3587,3587,0,0.04483543596533126,0
9,842,3588,3588,0,0.04483543596533126,0
9,842,3589,3589,0,0.04483543596533126,0
9,842,3592,3592,0,0.5837126071022171,1
9,842,3593,3593,0,0.5837126071022171,1
9,842,3629,3629,0,0.09276319640493377,0
9,842,3654,3654,0,0.10022840817655151,0
9,842,3842,3842,0,0.04869163047634435,0
9,842,3958,3958,1,0.4358266303678563,0
9,842,4363,4363,0,0.1455830329426857,0
9,842,4736,4736,0,0.5622384407093763,1
9,842,4869,4869,0,0.48117506862306997,0
9,842,5138,5138,0,0.25804947009396395,0
9,842,2139,2139,1,0.995689718278356,1
9,842,2326,2326,1,0.5168582478861715,1
9,842,2327,2327,1,0.5168582478861715,1
9,842,2328,2328,1,0.5168582478861715,1
9,842,2329,2329,1,0.5168582478861715,1
9,842,2330,2330,1,0.5168582478861715,1
9,842,2458,2458,1,0.5806830527649888,1
9,842,2459,2459,1,0.5806830527649888,1
9,842,2460,2460,1,0.5806830527649888,1
9,842,2461,2461,1,0.5668846773920817,1
9,842,2507,2507,1,0.7967674559128461,1
9,842,2508,2508,1,0.7967674559128461,1
9,842,2509,2509,1,0.346631331413014,0
9,842,2510,2510,1,0.8078897455335854,1
9,842,2511,2511,1,0.8078897455335854,1
9,842,2706,2706,1,0.5192006285443581,1
9,842,2707,2707,1,0.5192006285443581,1
9,842,2708,2708,1,0.35110198428713235,0
9,842,2709,2709,1,0.35110198428713235,0
9,842,2710,2710,1,0.35110198428713235,0
9,842,2811,2811,1,0.5687670607476911,1
9,842,2812,2812,1,0.5687670607476911,1
9,842,2813,2813,1,0.5484176680960874,1
9,842,2814,2814,1,0.5484176680960874,1
9,842,2815,2815,1,0.5484176680960874,1
9,842,2818,2818,1,0.5069773782684277,1
9,842,2819,2819,1,0.250172219121887,0
9,842,2828,2828,1,0.6641561608323834,1
9,842,2982,2982,1,0.5242570993561463,1
9,842,3151,3151,1,0.19230220023514435,0
9,842,3230,3230,1,0.3818989503125282,0
9,842,3370,3370,1,0.6599953606174827,1
9,842,3376,3376,1,0.4774748704262648,0
9,842,3600,3600,1,0.34546479600030633,0
9,842,3601,3601,1,0.34546479600030633,0
9,842,3602,3602,1,0.34546479600030633,0
9,842,3605,3605,1,0.6050536184553623,1
9,842,3606,3606,1,0.6050536184553623,1
9,842,3607,3607,1,0.6050536184553623,1
9,842,3860,3860,1,0.348023881910573,0
9,842,4254,4254,1,0.46523445916729356,0
9,842,4678,4678,1,0.5652785672131169,1
9,842,4759,4759,1,0.46080596388910566,0
9,842,1974,1974,0,0.15465629669976572,0
9,842,2033,2033,0,0.0644906821105776,0
9,842,2081,2081,0,0.24744715774492085,0
9,842,2135,2135,0,0.16358844641565162,0
9,842,4798,4798,0,0.08652737759591468,0
9,842,3850,3850,0,0.11816466006931364,0
9,842,1840,1840,0,0.015617741069438468,0
9,842,5121,5121,0,0.022930922865485846,0
9,842,1696,1696,0,0.4634652332956694,0
9,842,1963,1963,1,0.819209351692758,1
9,842,2197,2197,1,0.7338466556614828,1
9,842,2230,2230,1,0.561180559347969,1
9,842,4119,4119,0,0.202918405105083,0
9,842,1795,1795,1,0.022665422081769988,0
9,842,5103,5103,1,0.11457418599390654,0
9,842,947,947,0,0.3311859783553466,0
9,842,1235,1235,0,0.5934449507209535,1
9,842,1236,1236,0,0.5934449507209535,1
9,842,1237,1237,1,0.3402035895472218,0
9,842,1238,1238,1,0.3402035895472218,0
9,842,1239,1239,1,0.3402035895472218,0
9,842,1244,1244,0,0.43483626883841137,0
9,842,1272,1272,1,0.850426017535305,1
9,842,1273,1273,0,0.11386891177294785,0
9,842,1311,1311,0,0.08571610834985105,0
9,842,1312,1312,0,0.5346251797169981,1
9,842,1338,1338,0,0.10166196261848881,0
9,842,1339,1339,0,0.10166196261848881,0
9,842,1340,1340,1,0.8978997167277257,1
9,842,1341,1341,1,0.8978997167277257,1
9,842,1369,1369,1,0.8154851241390006,1
9,842,1381,1381,0,0.25105700675667225,0
9,842,1382,1382,0,0.25105700675667225,0
9,842,1383,1383,0,0.25105700675667225,0
9,842,1384,1384,0,0.25105700675667225,0
9,842,1385,1385,0,0.25105700675667225,0
9,842,1386,1386,0,0.25105700675667225,0
9,842,1387,1387,0,0.25105700675667225,0
9,842,1388,1388,0,0.25105700675667225,0
9,842,1389,1389,0,0.25105700675667225,0
9,842,1390,1390,0,0.25105700675667225,0
9,842,1391,1391,1,0.7649360998949786,1
9,842,1392,1392,1,0.7649360998949786,1
9,842,1393,1393,1,0.7649360998949786,1
9,842,1416,1416,1,0.4744251904685851,0
9,842,1417,1417,1,0.4744251904685851,0
9,842,1469,1469,1,0.6680676637947188,1
9,842,1470,1470,0,0.12798839447051855,0
9,842,1484,1484,0,0.8422323992212347,1
9,842,1485,1485,0,0.9069101995256289,1
9,842,1486,1486,1,0.12643482721411964,0
9,842,1489,1489,0,0.09155800160791422,0
9,842,1490,1490,0,0.09155800160791422,0
9,842,1491,1491,0,0.09155800160791422,0
9,842,1492,1492,0,0.09155800160791422,0
9,842,1493,1493,0,0.09155800160791422,0
9,842,1494,1494,1,0.40264966311879635,0
9,842,1495,1495,1,0.40264966311879635,0
9,842,1496,1496,1,0.40264966311879635,0
9,842,1497,1497,1,0.40264966311879635,0
9,842,1498,1498,1,0.40264966311879635,0
9,842,1520,1520,0,0.13270685538284455,0
9,842,1521,1521,0,0.4142066791419164,0
9,842,1522,1522,1,0.3428572432384211,0
9,842,1575,1575,0,0.8554132422836425,1
9,842,1583,1583,0,0.2059034877027777,0
9,842,1584,1584,1,0.8142295365957751,1
9,842,1611,1611,0,0.5689225869381755,1
9,842,1612,1612,0,0.20607040113860095,0
9,842,1613,1613,1,0.49791527174562533,0
9,842,1637,1637,1,0.8320566890567411,1
9,842,1655,1655,0,0.2797893294677183,0
9,842,1656,1656,1,0.381289025626082,0
9,842,1680,1680,0,0.14247118935915237,0
9,842,1681,1681,1,0.3389671193102065,0
9,842,1689,1689,1,0.4539260757659607,0
9,842,1707,1707,0,0.14541224779120634,0
9,842,1708,1708,1,0.08598487111769791,0
9,842,1711,1711,0,0.2782877471769358,0
9,842,1712,1712,0,0.5085859955289075,1
9,842,1807,1807,0,0.1953358178680488,0
9,842,1821,1821,0,0.19174833115898535,0
9,842,1908,1908,1,0.7550491548320474,1
9,842,2171,2171,0,0.14595267819945068,0
9,842,4420,4420,1,0.7862897168364013,1
9,842,4421,4421,1,0.8148800239897284,1
9,842,4537,4537,1,0.8594619699330884,1
9,842,4650,4650,1,0.8851216518482075,1
9,842,2,2,0,0.08287184179780725,0
9,842,3,3,0,0.06298342709499034,0
9,842,4,4,0,0.06298342709499034,0
9,842,109,109,1,0.05579032221945452,0
9,842,185,185,1,0.7213400567425807,1
9,842,218,218,1,0.9074893951509645,1
9,842,219,219,1,0.9074893951509645,1
9,842,220,220,1,0.9074893951509645,1
9,842,221,221,1,0.9074893951509645,1
9,842,222,222,1,0.9074893951509645,1
9,842,223,223,1,0.9074893951509645,1
9,842,241,241,1,0.5187529603003098,1
9,842,242,242,1,0.5187529603003098,1
9,842,243,243,1,0.5187529603003098,1
9,842,244,244,1,0.5187529603003098,1
9,842,245,245,1,0.21871405918677167,0
9,842,249,249,1,0.8340156089065648,1
9,842,250,250,1,0.8340156089065648,1
9,842,251,251,1,0.8340156089065648,1
9,842,252,252,1,0.8340156089065648,1
9,842,253,253,1,0.8340156089065648,1
9,842,254,254,0,0.8348337457323625,1
9,842,255,255,0,0.8348337457323625,1
9,842,278,278,0,0.6688897348411635,1
9,842,279,279,0,0.6688897348411635,1
9,842,280,280,0,0.6688897348411635,1
9,842,281,281,0,0.6688897348411635,1
9,842,282,282,1,0.8389120180805458,1
9,842,283,283,0,0.027802363271179416,0
9,842,298,298,0,0.28583527064751413,0
9,842,299,299,0,0.28583527064751413,0
9,842,300,300,0,0.28583527064751413,0
9,842,301,301,1,0.8769926418078099,1
9,842,302,302,1,0.8769926418078099,1
9,842,303,303,1,0.8769926418078099,1
9,842,304,304,1,0.8769926418078099,1
9,842,305,305,1,0.8769926418078099,1
9,842,306,306,1,0.6529563735208583,1
9,842,307,307,1,0.6529563735208583,1
9,842,362,362,1,0.42710962336997993,0
9,842,363,363,1,0.42710962336997993,0
9,842,364,364,0,0.6667237451089518,1
9,842,365,365,0,0.6667237451089518,1
9,842,386,386,0,0.026942655543899973,0
9,842,387,387,0,0.026942655543899973,0
9,842,388,388,0,0.026942655543899973,0
9,842,392,392,0,0.7727996374087294,1
9,842,393,393,0,0.7727996374087294,1
9,842,394,394,0,0.7727996374087294,1
9,842,395,395,0,0.7886431017984988,1
9,842,396,396,0,0.7886431017984988,1
9,842,397,397,0,0.7886431017984988,1
9,842,398,398,1,0.07508081444425072,0
9,842,399,399,1,0.07508081444425072,0
9,842,400,400,1,0.07508081444425072,0
9,842,401,401,0,0.18357561252336355,0
9,842,402,402,0,0.18357561252336355,0
9,842,403,403,0,0.18357561252336355,0
9,842,404,404,1,0.26886020762091284,0
9,842,405,405,1,0.26886020762091284,0
9,842,406,406,1,0.26886020762091284,0
9,842,407,407,0,0.4422230454996336,0
9,842,408,408,0,0.4422230454996336,0
9,842,464,464,0,0.04183126612499742,0
9,842,465,465,0,0.04183126612499742,0
9,842,466,466,0,0.04183126612499742,0
9,842,598,598,1,0.9094680332932358,1
9,842,599,599,1,0.9094680332932358,1
9,842,603,603,1,0.7676648518051382,1
9,842,604,604,1,0.42657266935598254,0
9,842,605,605,1,0.42657266935598254,0
9,842,627,627,0,0.6229322825525138,1
9,842,628,628,0,0.6229322825525138,1
9,842,630,630,1,0.05456721096276161,0
9,842,631,631,0,0.8272436783472722,1
9,842,633,633,1,0.8562984096303422,1
9,842,635,635,1,0.6504026228743803,1
9,842,636,636,1,0.21109084439694936,0
9,842,639,639,1,0.7870590069313315,1
9,842,748,748,1,0.28529473502770664,0
9,842,749,749,0,0.5754929193342561,1
9,842,751,751,1,0.9443811757302928,1
9,842,752,752,0,0.012402184275310727,0
9,842,793,793,1,0.5881932675163872,1
9,842,839,839,0,0.35605144441951764,0
9,842,840,840,1,0.11570459064789282,0
9,842,841,841,0,0.11812887976288233,0
9,842,842,842,0,0.16089908018517626,0
9,842,940,940,0,0.32197023054862695,0
9,842,962,962,1,0.5250889626153692,1
9,842,966,966,0,0.9677106125722638,1
9,842,967,967,0,0.41497584297234213,0
9,842,968,968,0,0.7489519204240176,1
9,842,1026,1026,0,0.09169542504699481,0
9,842,1072,1072,1,0.7988039162637662,1
9,842,1096,1096,1,0.7188516763012326,1
9,842,1097,1097,1,0.9325353737262887,1
9,842,1098,1098,1,0.3473659170383596,0
9,842,1099,1099,0,0.7277612915062162,1
9,842,1100,1100,0,0.7505749926059826,1
9,842,1101,1101,1,0.7338718397053221,1
9,842,1102,1102,1,0.6448424279902261,1
9,842,1103,1103,0,0.571200767994981,1
9,842,1104,1104,0,0.6982209251419706,1
9,842,1132,1132,0,0.026327920384482784,0
9,842,1133,1133,0,0.07018738151766724,0
9,842,1134,1134,0,0.03359815793033183,0
9,842,1139,1139,0,0.4668740261623474,0
9,842,1140,1140,0,0.5360752187167772,1
9,842,1176,1176,1,0.3449552974901346,0
9,842,1203,1203,0,0.029723497340894047,0
9,842,1218,1218,1,0.05579032221945452,0
10,942,2421,2421,0,0.6833939445852031,1
10,942,2422,2422,0,0.6833939445852031,1
10,942,2567,2567,1,0.7481303668387734,1
10,942,2568,2568,1,0.7481303668387734,1
10,942,3422,3422,0,0.8486895527492067,1
10,942,3695,3695,1,0.7035471798015306,1
10,942,3696,3696,1,0.7035471798015306,1
10,942,3739,3739,0,0.5756129128121737,1
10,942,3740,3740,0,0.5756129128121737,1
10,942,3743,3743,0,0.8044755621991598,1
10,942,3895,3895,1,0.7835124118104324,1
10,942,3899,3899,1,0.5179665992088078,1
10,942,3932,3932,1,0.3247841314801228,0
10,942,3933,3933,1,0.6347908517182494,1
10,942,4076,4076,1,0.44252713858016873,0
10,942,4081,4081,1,0.3746610776561708,0
10,942,4230,4230,1,0.2951625471114388,0
10,942,4231,4231,1,0.3345391620015258,0
10,942,4316,4316,0,0.5907733990829266,1
10,942,4345,4345,1,0.551326440892356,1
10,942,4347,4347,0,0.35133808144775813,0
10,942,4422,4422,0,0.20785478464513396,0
10,942,4547,4547,0,0.6512462119918461,1
10,942,4552,4552,1,0.2689671821996322,0
10,942,4834,4834,0,0.38675357147705375,0
10,942,4893,4893,0,0.5213113692766447,1
10,942,5049,5049,0,0.47523965494605225,0
10,942,256,256,0,0.42245494611363854,0
10,942,257,257,0,0.42245494611363854,0
10,942,2300,2300,1,0.4309607504629815,0
10,942,2301,2301,1,0.4309607504629815,0
10,942,2492,2492,1,0.13797494540084487,0
10,942,2676,2676,1,0.14515773499512027,0
10,942,2747,2747,1,0.12393112807420928,0
10,942,2999,2999,1,0.16297324533127605,0
10,942,3000,3000,1,0.24697613320908537,0
10,942,3002,3002,1,0.37697914906573127,0
10,942,3226,3226,1,0.2661094904160053,0
10,942,3499,3499,1,0.23346078297280504,0
10,942,3500,3500,1,0.1685641229636367,0
10,942,3577,3577,1,0.2871665663995663,0
10,942,3767,3767,1,0.2059379432610742,0
10,942,3856,3856,1,0.11780715707102282,0
10,942,3945,3945,1,0.18469273831909974,0
10,942,3948,3948,1,0.34090371349748083,0
10,942,3949,3949,1,0.1606361677660517,0
10,942,4037,4037,1,0.6041583624642214,1
10,942,4090,4090,1,0.18447965182834808,0
10,942,4124,4124,1,0.24476747160454365,0
10,942,4205,4205,1,0.05447046341649932,0
10,942,4355,4355,1,0.05638478755174604,0
10,942,4641,4641,1,0.7495398606735599,1
10,942,5035,5035,0,0.8388416512132514,1
10,942,5068,5068,0,0.8920657340841679,1
10,942,5095,5095,0,0.03699811796979126,0
10,942,5145,5145,1,0.9318611417900805,1
10,942,2342,2342,1,0.4931081293767102,0
10,942,2343,2343,1,0.4931081293767102,0
10,942,2344,2344,1,0.4931081293767102,0
10,942,2345,2345,1,0.4931081293767102,0
10,942,2346,2346,1,0.4931081293767102,0
10,942,2522,2522,1,0.24757858684810669,0
10,942,2523,2523,1,0.30965438153632696,0
10,942,2524,2524,0,0.3089234208936356,0
10,942,2525,2525,1,0.10851892787205326,0
10,942,2607,2607,1,0.550038366988292,1
10,942,2609,2609,1,0.5964582464359468,1
10,942,2695,2695,0,0.5970012664443375,1
10,942,2696,2696,1,0.533014320945493,1
10,942,2882,2882,1,0.15813899122744512,0
10,942,2883,2883,1,0.15813899122744512,0
10,942,3011,3011,1,0.6310618634258666,1
10,942,3012,3012,1,0.5397625075621229,1
10,942,3013,3013,0,0.5620759896212475,1
10,942,3115,3115,1,0.7270226914843457,1
10,942,3125,3125,0,0.27181112601533974,0
10,942,3126,3126,0,0.5278072380569192,1
10,942,3128,3128,1,0.21111494286734409,0
10,942,3145,3145,1,0.20683306589428632,0
10,942,3152,3152,1,0.4156149322826176,0
10,942,3352,3352,1,0.855615236185681,1
10,942,3353,3353,1,0.8633944725920675,1
10,942,3388,3388,1,0.7227002599786533,1
10,942,3630,3630,1,0.8119547343121052,1
10,942,3631,3631,1,0.8317053629775275,1
10,942,3727,3727,1,0.5125583238387077,1
10,942,3729,3729,0,0.4922670546726922,0
10,942,3730,3730,0,0.30150709744063126,0
10,942,3876,3876,0,0.43012530343923483,0
10,942,4224,4224,0,0.31056750953060624,0
10,942,4296,4296,1,0.8251914279348507,1
10,942,1600,1600,0,0.016655484972195624,0
10,942,1629,1629,0,0.10554665707130471,0
10,942,1666,1666,0,0.03356779190143366,0
10,942,4740,4740,0,0.2698299897230214,0
10,942,2429,2429,0,0.5647541902743376,1
10,942,2430,2430,0,0.5647541902743376,1
10,942,2574,2574,0,0.3635353507306526,0
10,942,2575,2575,0,0.3635353507306526,0
10,942,2576,2576,0,0.3635353507306526,0
10,942,2577,2577,0,0.5068172042578388,1
10,942,2578,2578,0,0.42930218457687264,0
10,942,2579,2579,0,0.477122619764631,0
10,942,2725,2725,1,0.2726681681245425,0
10,942,2728,2728,0,0.39628445387635775,0
10,942,2729,2729,0,0.39628445387635775,0
10,942,2833,2833,0,0.36686900230272046,0
10,942,2859,2859,0,0.2122615561297891,0
10,942,2860,2860,0,0.1451809349148574,0
10,942,2863,2863,0,0.5605878931493734,1
10,942,2864,2864,0,0.5605878931493734,1
10,942,2865,2865,0,0.5592346193174855,1
10,942,2908,2908,0,0.24103719908033816,0
10,942,2916,2916,0,0.40379343787700883,0
10,942,2917,2917,0,0.3268540646049907,0
10,942,2987,2987,0,0.4369298225722973,0
10,942,2988,2988,0,0.4300126268648347,0
10,942,3042,3042,0,0.08373029741717809,0
10,942,3043,3043,0,0.08464672140557543,0
10,942,3121,3121,0,0.19395551871870922,0
10,942,3122,3122,0,0.251426149909217,0
10,942,3158,3158,0,0.2617731475348929,0
10,942,3159,3159,1,0.7162803782832988,1
10,942,3160,3160,1,0.7162803782832988,1
10,942,3161,3161,0,0.45528828504456115,0
10,942,3162,3162,0,0.45528828504456115,0
10,942,3295,3295,0,0.1955457510673227,0
10,942,3351,3351,0,0.39373546533803594,0
10,942,3386,3386,0,0.07577738253063761,0
10,942,3628,3628,1,0.1000636792321273,0
10,942,3648,3648,0,0.2007230572194695,0
10,942,3797,3797,0,0.08679829894197827,0
10,942,3953,3953,0,0.5808842927719795,1
10,942,3954,3954,0,0.4010835231827616,0
10,942,3991,3991,0,0.06930877419481374,0
10,942,4011,4011,0,0.08079948082933937,0
10,942,4047,4047,1,0.025037987641979093,0
10,942,4096,4096,0,0.1297971408506739,0
10,942,4097,4097,0,0.3593102001561379,0
10,942,4472,4472,0,0.028346567522960303,0
10,942,4573,4573,0,0.09904105285701033,0
10,942,1667,1667,1,0.9411924709416283,1
10,942,1687,1687,1,0.9803607480106559,1
10,942,1697,1697,1,0.9919728670802674,1
10,942,1713,1713,1,0.9708433168550641,1
10,942,1730,1730,1,0.9832715354142099,1
10,942,1760,1760,1,0.9905053211389617,1
10,942,1768,1768,1,0.9930894658430833,1
10,942,1784,1784,1,0.9352553596357768,1
10,942,1791,1791,1,0.98727208535364,1
10,942,1812,1812,1,0.9762247579253559,1
10,942,1823,1823,1,0.9950887847843781,1
10,942,1826,1826,1,0.9854753596398362,1
10,942,1842,1842,1,0.9777173437617757,1
10,942,1846,1846,1,0.9629271603755195,1
10,942,1858,1858,1,0.9925031432591138,1
10,942,1873,1873,1,0.9801558870719603,1
10,942,1890,1890,1,0.9926032053335292,1
10,942,1898,1898,1,0.9938068901485395,1
10,942,1903,1903,1,0.9843710131065233,1
10,942,1911,1911,1,0.8568783879785322,1
10,942,1921,1921,1,0.9094826612227989,1
10,942,1923,1923,1,0.9749159114795094,1
10,942,1925,1925,1,0.9908429801244298,1
10,942,1941,1941,1,0.9953182916216757,1
10,942,1943,1943,1,0.9530280756351359,1
10,942,1945,1945,1,0.9892459372648341,1
10,942,1966,1966,1,0.934050832290377,1
10,942,1970,1970,1,0.9188680871684928,1
10,942,1977,1977,1,0.9903450705261755,1
10,942,1983,1983,1,0.9946396059106788,1
10,942,1989,1989,1,0.9390547275683624,1
10,942,1998,1998,1,0.9914908298978581,1
10,942,2005,2005,1,0.9877849463976712,1
10,942,2013,2013,1,0.9949584451472663,1
10,942,2018,2018,1,0.9913314307883537,1
10,942,2027,2027,1,0.9870127654640409,1
10,942,2037,2037,1,0.994617386047959,1
10,942,2039,2039,1,0.9849840371832423,1
10,942,2041,2041,1,0.9913000080287799,1
10,942,2060,2060,1,0.8302725473255225,1
10,942,2063,2063,1,0.9140620691853535,1
10,942,2065,2065,1,0.973465272566181,1
10,942,2094,2094,1,0.9833680825870134,1
10,942,2109,2109,1,0.9621820825519131,1
10,942,2111,2111,1,0.9494014804942403,1
10,942,2119,2119,1,0.9501515041021628,1
10,942,2167,2167,1,0.9799095908290286,1
10,942,654,654,1,0.8547400213225894,1
10,942,2338,2338,0,0.6780579106595604,1
10,942,2339,2339,0,0.6780579106595604,1
10,942,2340,2340,0,0.6780579106595604,1
10,942,2857,2857,1,0.08569672156781608,0
10,942,2858,2858,1,0.19131837723014353,0
10,942,3139,3139,0,0.03749290467192642,0
10,942,3140,3140,0,0.09534425298191354,0
10,942,3141,3141,1,0.3921936287324221,0
10,942,3206,3206,0,0.08816409970388886,0
10,942,3207,3207,0,0.19099111122512366,0
10,942,3208,3208,0,0.19703743714432814,0
10,942,3403,3403,0,0.12861997423663896,0
10,942,3404,3404,0,0.04585785010623927,0
10,942,3405,3405,0,0.37380451095957057,0
10,942,3406,3406,0,0.18545232837790096,0
10,942,3407,3407,0,0.23547816130811047,0
10,942,3408,3408,0,0.5069002957621694,1
10,942,3508,3508,0,0.1183951321315509,0
10,942,3509,3509,0,0.46152641026760577,0
10,942,3510,3510,0,0.23974505436631008,0
10,942,3511,3511,1,0.30691317793321227,0
10,942,3640,3640,0,0.05753002616017236,0
10,942,3641,3641,0,0.14009805406975726,0
10,942,3869,3869,1,0.3247724681795212,0
10,942,3871,3871,1,0.05223311878862085,0
10,942,4531,4531,0,0.1294261805605409,0
10,942,2400,2400,1,0.7688650151511659,1
10,942,2401,2401,1,0.7688650151511659,1
10,942,2402,2402,1,0.7643775996773309,1
10,942,2403,2403,1,0.7643775996773309,1
10,942,2404,2404,1,0.7643775996773309,1
10,942,2405,2405,1,0.7643775996773309,1
10,942,2406,2406,1,0.7643775996773309,1
10,942,2407,2407,1,0.7688650151511659,1
10,942,2408,2408,1,0.7688650151511659,1
10,942,2409,2409,1,0.7688650151511659,1
10,942,2410,2410,1,0.7643775996773309,1
10,942,2411,2411,1,0.7643775996773309,1
10,942,2412,2412,1,0.7643775996773309,1
10,942,2413,2413,1,0.7643775996773309,1
10,942,2414,2414,1,0.7643775996773309,1
10,942,2550,2550,1,0.6709367931736716,1
10,942,2551,2551,1,0.6709367931736716,1
10,942,2552,2552,1,0.6709367931736716,1
10,942,2553,2553,1,0.6226256683886512,1
10,942,2554,2554,1,0.46494678034957015,0
10,942,2555,2555,1,0.46494678034957015,0
10,942,2557,2557,1,0.8076511690697442,1
10,942,2558,2558,1,0.8076511690697442,1
10,942,2559,2559,1,0.8150281327725816,1
10,942,2560,2560,1,0.6652713134229286,1
10,942,2561,2561,1,0.6759177004189454,1
10,942,2562,2562,1,0.6938276117063277,1
10,942,2662,2662,1,0.5078740441583403,1
10,942,2719,2719,1,0.33742268780960044,0
10,942,2720,2720,1,0.5893419224588515,1
10,942,2721,2721,1,0.5893419224588515,1
10,942,2722,2722,1,0.6512215828418545,1
10,942,2723,2723,1,0.4741186250783506,0
10,942,2724,2724,1,0.4760727248650581,0
10,942,2830,2830,1,0.7510011806060501,1
10,942,2837,2837,1,0.21772268618774582,0
10,942,2839,2839,1,0.7306729492012148,1
10,942,2840,2840,1,0.7306729492012148,1
10,942,2841,2841,1,0.6884758062493542,1
10,942,2851,2851,1,0.5730051353841862,1
10,942,2852,2852,1,0.594615553744966,1
10,942,2853,2853,1,0.3565041106695636,0
10,942,2893,2893,1,0.4293653031122723,0
10,942,2894,2894,1,0.4293653031122723,0
10,942,2895,2895,1,0.4470441726612497,0
10,942,2896,2896,1,0.4470441726612497,0
10,942,2897,2897,1,0.46674598232523623,0
10,942,2899,2899,1,0.6159381369686919,1
10,942,2900,2900,1,0.6221387245327135,1
10,942,2904,2904,1,0.7333016213610536,1
10,942,2905,2905,1,0.3764583402720323,0
10,942,2906,2906,1,0.37554016687074415,0
10,942,2968,2968,1,0.1181014439841873,0
10,942,2969,2969,1,0.1181014439841873,0
10,942,2984,2984,1,0.279299434190428,0
10,942,2986,2986,1,0.35713422792963184,0
10,942,3018,3018,1,0.18403588927154815,0
10,942,3032,3032,1,0.5748326066305068,1
10,942,3033,3033,1,0.3145939368747013,0
10,942,3039,3039,1,0.6456263911250023,1
10,942,3095,3095,1,0.3890762389777089,0
10,942,3156,3156,1,0.24888790114226123,0
10,942,3200,3200,1,0.7033847469495033,1
10,942,3201,3201,1,0.7033847469495033,1
10,942,3250,3250,1,0.17172289850065692,0
10,942,3251,3251,1,0.16991155799838925,0
10,942,3252,3252,1,0.36972704741733003,0
10,942,3253,3253,1,0.16991155799838925,0
10,942,3254,3254,1,0.16991155799838925,0
10,942,3255,3255,1,0.16991155799838925,0
10,942,3264,3264,1,0.10989943431364142,0
10,942,3267,3267,1,0.323411879917992,0
10,942,3269,3269,1,0.37415098631877153,0
10,942,3294,3294,1,0.7390630689526589,1
10,942,3384,3384,1,0.6921159868654231,1
10,942,3395,3395,1,0.5295652490106267,1
10,942,3396,3396,1,0.6386307151951534,1
10,942,3419,3419,1,0.7786611832095143,1
10,942,3420,3420,1,0.2649498863522583,0
10,942,3427,3427,1,0.6011637074799276,1
10,942,3429,3429,1,0.6215641533104078,1
10,942,3430,3430,1,0.4745155032727205,0
10,942,3432,3432,1,0.806837259186637,1
10,942,3469,3469,0,0.21258337919149703,0
10,942,3478,3478,1,0.25169414201323587,0
10,942,3637,3637,1,0.6171859848776177,1
10,942,3638,3638,1,0.5305823498484501,1
10,942,3667,3667,1,0.7197272301869678,1
10,942,3692,3692,0,0.8150654301050317,1
10,942,3700,3700,0,0.5620756995206814,1
10,942,3704,3704,0,0.39510857922388526,0
10,942,3705,3705,0,0.5700342650181955,1
10,942,3750,3750,0,0.1825699431144589,0
10,942,3751,3751,0,0.6820151348256789,1
10,942,3791,3791,1,0.9295179395694115,1
10,942,3792,3792,1,0.9295179395694115,1
10,942,3794,3794,1,0.7781756604296475,1
10,942,3811,3811,1,0.2437596960533841,0
10,942,3838,3838,1,0.7398459209310482,1
10,942,3839,3839,1,0.8462352147139713,1
10,942,3865,3865,1,0.2924364452306763,0
10,942,3866,3866,1,0.5849911306504334,1
10,942,3868,3868,1,0.6615111879971924,1
10,942,3890,3890,0,0.6974320974378189,1
10,942,3894,3894,1,0.9614120958990051,1
10,942,3972,3972,0,0.3408443309016203,0
10,942,4001,4001,1,0.5803174050631383,1
10,942,4069,4069,1,0.42363899983191616,0
10,942,4077,4077,0,0.35441001638364683,0
10,942,4122,4122,1,0.6043661734296959,1
10,942,4147,4147,0,0.19691720617519656,0
10,942,4153,4153,1,0.28980474746535556,0
10,942,4154,4154,1,0.31253902392190314,0
10,942,4173,4173,1,0.30835324116545054,0
10,942,4233,4233,0,0.4293771186624544,0
10,942,4284,4284,1,0.6642973304040923,1
10,942,4310,4310,1,0.948118644543669,1
10,942,4324,4324,1,0.0595368496349421,0
10,942,4364,4364,1,0.31340137663101647,0
10,942,4367,4367,1,0.08542593829243154,0
10,942,4441,4441,0,0.697489493663017,1
10,942,4443,4443,1,0.42990144934547875,0
10,942,4444,4444,1,0.11699244556662539,0
10,942,4448,4448,1,0.42859953090067066,0
10,942,4452,4452,0,0.23482577487028267,0
10,942,4476,4476,1,0.07886659664807263,0
10,942,4486,4486,1,0.7754174450037061,1
10,942,4577,4577,0,0.3324601251355117,0
10,942,4622,4622,1,0.23195163699624233,0
10,942,4627,4627,1,0.4795988606466032,0
10,942,4685,4685,0,0.15201105252117716,0
10,942,4729,4729,1,0.04510693955257625,0
10,942,4802,4802,1,0.20871480413415847,0
10,942,4944,4944,1,0.7195407064677657,1
10,942,4968,4968,1,0.2556996470899948,0
10,942,4993,4993,1,0.22635448626018867,0
10,942,5087,5087,0,0.2698616212511234,0
10,942,4498,4498,1,0.07710473385676107,0
10,942,2105,2105,1,0.9055062501326656,1
10,942,2106,2106,1,0.9055062501326656,1
10,942,2138,2138,1,0.7837306071814939,1
10,942,2173,2173,1,0.8689925801553251,1
10,942,2176,2176,1,0.8091522963593446,1
10,942,2190,2190,1,0.8862941685475052,1
10,942,2193,2193,1,0.8179179452869522,1
10,942,2194,2194,1,0.9178780114084457,1
10,942,2207,2207,1,0.873150277273028,1
10,942,4597,4597,0,0.12078150139276948,0
10,942,552,552,1,0.8169372459810591,1
10,942,4332,4332,1,0.7811496962185575,1
10,942,1542,1542,0,0.3501351555464393,0
10,942,1543,1543,0,0.3501351555464393,0
10,942,1676,1676,0,0.0026640302464653338,0
10,942,1700,1700,0,0.06431638023792988,0
10,942,1748,1748,0,0.007676843952560285,0
10,942,1749,1749,0,0.029850696565046436,0
10,942,1770,1770,0,0.06335738705555967,0
10,942,1905,1905,0,0.019907806408773866,0
10,942,1995,1995,0,0.11260242376823087,0
10,942,1552,1552,1,0.5945831585974934,1
10,942,2881,2881,1,0.3157958777832303,0
10,942,1235,1235,0,0.7032905355346823,1
10,942,1236,1236,0,0.7032905355346823,1
10,942,1237,1237,1,0.3293564827313413,0
10,942,1238,1238,1,0.3293564827313413,0
10,942,1239,1239,1,0.3293564827313413,0
10,942,1244,1244,0,0.23645231712933773,0
10,942,1272,1272,1,0.7849841016315405,1
10,942,1273,1273,0,0.3949956570470589,0
10,942,1311,1311,0,0.04372433172761064,0
10,942,1312,1312,0,0.17702264941646573,0
10,942,1338,1338,0,0.009012411099633123,0
10,942,1339,1339,0,0.009012411099633123,0
10,942,1340,1340,1,0.8662174512994921,1
10,942,1341,1341,1,0.8662174512994921,1
10,942,1369,1369,1,0.5284272494619954,1
10,942,1381,1381,0,0.36192492977702484,0
10,942,1382,1382,0,0.36192492977702484,0
10,942,1383,1383,0,0.36192492977702484,0
10,942,1384,1384,0,0.36192492977702484,0
10,942,1385,1385,0,0.36192492977702484,0
10,942,1386,1386,0,0.36192492977702484,0
10,942,1387,1387,0,0.36192492977702484,0
10,942,1388,1388,0,0.36192492977702484,0
10,942,1389,1389,0,0.36192492977702484,0
10,942,1390,1390,0,0.36192492977702484,0
10,942,1391,1391,1,0.6922688441491693,1
10,942,1392,1392,1,0.6922688441491693,1
10,942,1393,1393,1,0.6922688441491693,1
10,942,1416,1416,1,0.5490487149219437,1
10,942,1417,1417,1,0.5490487149219437,1
10,942,1469,1469,1,0.5355669907259368,1
10,942,1470,1470,0,0.237895475319306,0
10,942,1484,1484,0,0.8302556014691551,1
10,942,1485,1485,0,0.5757302181121832,1
10,942,1486,1486,1,0.20272332854148117,0
10,942,1489,1489,0,0.24489649888535722,0
10,942,1490,1490,0,0.24489649888535722,0
10,942,1491,1491,0,0.24489649888535722,0
10,942,1492,1492,0,0.24489649888535722,0
10,942,1493,1493,0,0.24489649888535722,0
10,942,1494,1494,1,0.2954738029559924,0
10,942,1495,1495,1,0.2954738029559924,0
10,942,1496,1496,1,0.2954738029559924,0
10,942,1497,1497,1,0.2954738029559924,0
10,942,1498,1498,1,0.2954738029559924,0
10,942,1520,1520,0,0.12559740504599756,0
10,942,1521,1521,0,0.0699562295615754,0
10,942,1522,1522,1,0.6779073094597153,1
10,942,1575,1575,0,0.9467267490753121,1
10,942,1583,1583,0,0.450794829877477,0
10,942,1584,1584,1,0.8744217981058486,1
10,942,1611,1611,0,0.6947805858990472,1
10,942,1612,1612,0,0.2740246573670037,0
10,942,1613,1613,1,0.7922590699347579,1
10,942,1637,1637,1,0.7760297213937903,1
10,942,1655,1655,0,0.24938261706441034,0
10,942,1656,1656,1,0.3824125497643601,0
10,942,1680,1680,0,0.16989422313110658,0
10,942,1681,1681,1,0.2898266189153529,0
10,942,1689,1689,1,0.1589298392928863,0
10,942,1707,1707,0,0.31547244140462793,0
10,942,1708,1708,1,0.15489478022749872,0
10,942,1711,1711,0,0.22175659527057376,0
10,942,1712,1712,0,0.11644910349360918,0
10,942,1807,1807,0,0.30512048476144804,0
10,942,1821,1821,0,0.26245677183439936,0
10,942,3836,3836,1,0.22995586482675395,0
10,942,2447,2447,1,0.43081249746705663,0
10,942,2448,2448,1,0.43081249746705663,0
10,942,2449,2449,1,0.43081249746705663,0
10,942,2450,2450,1,0.43081249746705663,0
10,942,2451,2451,1,0.43081249746705663,0
10,942,2452,2452,1,0.43081249746705663,0
10,942,2585,2585,1,0.12257222438607737,0
10,942,2586,2586,1,0.12257222438607737,0
10,942,2587,2587,1,0.12257222438607737,0
10,942,2588,2588,1,0.12257222438607737,0
10,942,2590,2590,1,0.09325179736999853,0
10,942,2591,2591,1,0.09325179736999853,0
10,942,2592,2592,1,0.09325179736999853,0
10,942,2598,2598,1,0.129762005193724,0
10,942,2599,2599,1,0.129762005193724,0
10,942,2600,2600,1,0.129762005193724,0
10,942,2601,2601,1,0.129762005193724,0
10,942,2602,2602,1,0.129762005193724,0
10,942,2612,2612,1,0.11206452265905893,0
10,942,2613,2613,1,0.18049025747754022,0
10,942,2614,2614,1,0.2627929115853563,0
10,942,2615,2615,1,0.2627929115853563,0
10,942,2616,2616,1,0.2627929115853563,0
10,942,2754,2754,1,0.5119674127520152,1
10,942,2755,2755,1,0.5119674127520152,1
10,942,2756,2756,1,0.5119674127520152,1
10,942,2757,2757,1,0.5119674127520152,1
10,942,2758,2758,1,0.5868251601931407,1
10,942,2759,2759,1,0.5868251601931407,1
10,942,2877,2877,1,0.15232781036472381,0
10,942,2932,2932,1,0.0936214257623673,0
10,942,2933,2933,1,0.0936214257623673,0
10,942,2934,2934,1,0.0936214257623673,0
10,942,2935,2935,1,0.0936214257623673,0
10,942,2939,2939,0,0.22938042410709952,0
10,942,2940,2940,1,0.07033193430913734,0
10,942,2941,2941,1,0.09631287423275801,0
10,942,3009,3009,1,0.09966615727663006,0
10,942,3077,3077,1,0.14470240685020752,0
10,942,3078,3078,1,0.14470240685020752,0
10,942,3079,3079,1,0.14470240685020752,0
10,942,3080,3080,1,0.14470240685020752,0
10,942,3081,3081,1,0.14470240685020752,0
10,942,3082,3082,1,0.14470240685020752,0
10,942,3083,3083,1,0.4091803985596767,0
10,942,3084,3084,1,0.4091803985596767,0
10,942,3085,3085,1,0.4091803985596767,0
10,942,3091,3091,1,0.48488129069479735,0
10,942,3092,3092,1,0.5107431926873799,1
10,942,3354,3354,1,0.20524280852213336,0
10,942,3389,3389,1,0.0791254681060899,0
10,942,3390,3390,1,0.0791254681060899,0
10,942,3805,3805,1,0.5160664348556475,1
10,942,3806,3806,1,0.5160664348556475,1
10,942,3807,3807,1,0.5160664348556475,1
10,942,1964,1964,0,0.39890709742405617,0
10,942,2198,2198,0,0.5684669167037242,1
10,942,2231,2231,0,0.4442856372295654,0
10,942,4870,4870,1,0.8880680680698744,1
10,942,2517,2517,1,0.4324489680132162,0
10,942,2826,2826,1,0.27497385648754125,0
10,942,3618,3618,1,0.2551483084861839,0
10,942,4109,4109,1,0.26375641120562576,0
10,942,4110,4110,1,0.26375641120562576,0
10,942,4508,4508,0,0.5867463751218036,1
10,942,973,973,1,0.5662943365037666,1
10,942,974,974,1,0.9290906648772265,1
10,942,2847,2847,0,0.16499261008076857,0
10,942,2855,2855,0,0.1397983230895784,0
10,942,2856,2856,0,0.6886210025419937,1
10,942,3008,3008,0,0.26993600896625686,0
10,942,3611,3611,0,0.2459812480442657,0
10,942,3698,3698,1,0.41832302252504405,0
10,942,709,709,0,0.13872850510080803,0
10,942,3670,3670,1,0.14581991558435684,0
10,942,3671,3671,1,0.14581991558435684,0
10,942,4512,4512,1,0.2381347833972194,0
10,942,4819,4819,0,0.11319782670828783,0
10,942,3872,3872,0,0.12268537979132182,0
10,942,431,431,0,0.005596662558093067,0
10,942,738,738,0,0.021201208180106876,0
10,942,813,813,1,0.9923244320381972,1
10,942,814,814,0,0.007564804259649312,0
10,942,794,794,1,0.9129945254907178,1
10,942,3861,3861,0,0.7899329246596172,1
10,942,3680,3680,0,0.07607742875547382,0
10,942,3920,3920,0,0.09716039695423091,0
10,942,5003,5003,1,0.966572260082093,1
10,942,4100,4100,1,0.17000589051450313,0
10,942,5108,5108,1,0.22955348732702954,0
10,942,1078,1078,0,0.04531479083981954,0
10,942,1077,1077,1,0.4653051459385301,0
10,942,956,956,0,0.42501867025050866,0
10,942,3053,3053,0,0.020306692195506012,0
10,942,3054,3054,0,0.020306692195506012,0
10,942,3055,3055,0,0.020306692195506012,0
10,942,3056,3056,0,0.020306692195506012,0
10,942,3057,3057,0,0.020306692195506012,0
10,942,3058,3058,0,0.020306692195506012,0
10,942,3059,3059,0,0.020306692195506012,0
10,942,3060,3060,0,0.020306692195506012,0
10,942,3061,3061,0,0.020306692195506012,0
10,942,3062,3062,0,0.020306692195506012,0
10,942,673,673,1,0.22418344248982366,0
10,942,2108,2108,0,0.45228964370130703,0
10,942,1963,1963,1,0.8732461095313153,1
10,942,2197,2197,1,0.9481662275376526,1
10,942,2230,2230,1,0.7025685970026733,1
10,942,2267,2267,1,0.48151140544346965,0
10,942,2268,2268,1,0.48151140544346965,0
10,942,2269,2269,1,0.48151140544346965,0
10,942,2270,2270,1,0.48151140544346965,0
10,942,2271,2271,1,0.48151140544346965,0
10,942,2272,2272,1,0.48151140544346965,0
10,942,2273,2273,1,0.48151140544346965,0
10,942,2274,2274,1,0.48151140544346965,0
10,942,2275,2275,1,0.48151140544346965,0
10,942,2276,2276,1,0.48151140544346965,0
10,942,2277,2277,1,0.48151140544346965,0
10,942,2278,2278,1,0.48151140544346965,0
10,942,2279,2279,0,0.29087430099673284,0
10,942,2280,2280,1,0.48151140544346965,0
10,942,2281,2281,1,0.48151140544346965,0
10,942,2282,2282,1,0.48151140544346965,0
10,942,2283,2283,1,0.48151140544346965,0
10,942,2284,2284,1,0.48151140544346965,0
10,942,2285,2285,1,0.48151140544346965,0
10,942,2359,2359,1,0.29482349173696043,0
10,942,2360,2360,1,0.29482349173696043,0
10,942,2361,2361,1,0.29482349173696043,0
10,942,2362,2362,1,0.29482349173696043,0
10,942,2363,2363,1,0.29482349173696043,0
10,942,2373,2373,1,0.376470821872274,0
10,942,2374,2374,1,0.376470821872274,0
10,942,2375,2375,1,0.376470821872274,0
10,942,2376,2376,1,0.520587328661853,1
10,942,2377,2377,1,0.520587328661853,1
10,942,2378,2378,1,0.520587328661853,1
10,942,2379,2379,1,0.520587328661853,1
10,942,2380,2380,1,0.520587328661853,1
10,942,2437,2437,1,0.3513727292275564,0
10,942,2457,2457,1,0.41718852836928755,0
10,942,2482,2482,1,0.4003295451316635,0
10,942,2483,2483,1,0.4003295451316635,0
10,942,2484,2484,1,0.4003295451316635,0
10,942,2485,2485,1,0.4003295451316635,0
10,942,2488,2488,1,0.3237348891757317,0
10,942,2489,2489,1,0.3237348891757317,0
10,942,2518,2518,1,0.6019337812450168,1
10,942,2541,2541,1,0.4672296091724343,0
10,942,2542,2542,1,0.4672296091724343,0
10,942,2543,2543,1,0.47087873963626387,0
10,942,2634,2634,1,0.4590331336307071,0
10,942,2635,2635,1,0.4590331336307071,0
10,942,2636,2636,1,0.4590331336307071,0
10,942,2637,2637,1,0.4590331336307071,0
10,942,2638,2638,1,0.4590331336307071,0
10,942,2639,2639,1,0.4590331336307071,0
10,942,2646,2646,1,0.43412685515128424,0
10,942,2647,2647,1,0.43412685515128424,0
10,942,2648,2648,1,0.43412685515128424,0
10,942,2649,2649,1,0.43412685515128424,0
10,942,2651,2651,1,0.24358677170693174,0
10,942,2652,2652,1,0.24358677170693174,0
10,942,2653,2653,1,0.24358677170693174,0
10,942,2659,2659,1,0.18098565868856806,0
10,942,2660,2660,1,0.18098565868856806,0
10,942,2714,2714,1,0.3241539989655955,0
10,942,2781,2781,1,0.40381895553154895,0
10,942,2782,2782,1,0.40381895553154895,0
10,942,2783,2783,1,0.40381895553154895,0
10,942,2784,2784,1,0.40381895553154895,0
10,942,2785,2785,1,0.40381895553154895,0
10,942,2786,2786,1,0.3634948153033443,0
10,942,2787,2787,1,0.3634948153033443,0
10,942,2788,2788,1,0.3634948153033443,0
10,942,2789,2789,1,0.4002007319526294,0
10,942,2790,2790,1,0.4002007319526294,0
10,942,2791,2791,1,0.4002007319526294,0
10,942,2793,2793,1,0.18330966484047742,0
10,942,2835,2835,1,0.4770113701405998,0
10,942,2867,2867,1,0.3559200225729294,0
10,942,3010,3010,1,0.41561607869546174,0
10,942,3130,3130,1,0.3571513825561808,0
10,942,3131,3131,1,0.3571513825561808,0
10,942,3132,3132,1,0.3571513825561808,0
10,942,3144,3144,1,0.5847728945150812,1
10,942,3174,3174,1,0.2648231847468342,0
10,942,3175,3175,1,0.16459630751160356,0
10,942,3176,3176,1,0.354037086153604,0
10,942,3177,3177,1,0.46684918412329723,0
10,942,3178,3178,1,0.46684918412329723,0
10,942,3342,3342,1,0.5916870147222711,1
10,942,3344,3344,1,0.5187722260846573,1
10,942,3347,3347,1,0.14905364232213592,0
10,942,3391,3391,1,0.6467282423436057,1
10,942,3521,3521,1,0.8866681577949768,1
10,942,3522,3522,1,0.8866681577949768,1
10,942,3532,3532,1,0.4297694571217228,0
10,942,3533,3533,1,0.4297694571217228,0
10,942,3534,3534,1,0.4297694571217228,0
10,942,3535,3535,1,0.4451266806094827,0
10,942,3536,3536,1,0.4451266806094827,0
10,942,3537,3537,1,0.4451266806094827,0
10,942,3545,3545,1,0.16018584710297754,0
10,942,3546,3546,1,0.16018584710297754,0
10,942,3617,3617,1,0.21873174389230368,0
10,942,3679,3679,1,0.1232394750509684,0
10,942,3732,3732,1,0.28647972755200757,0
10,942,3818,3818,1,0.18615300203359153,0
10,942,4098,4098,1,0.17178147386975437,0
10,942,4164,4164,0,0.026927874355895318,0
10,942,4293,4293,0,0.02154224740314998,0
10,942,4294,4294,0,0.02320804961873109,0
10,942,4358,4358,0,0.03486649596035636,0
10,942,4407,4407,0,0.005965985022181012,0
10,942,4431,4431,0,0.020702836150863612,0
10,942,4432,4432,0,0.045063647800014414,0
10,942,4433,4433,0,0.08368669167095673,0
10,942,4490,4490,0,0.017470745505501387,0
10,942,4665,4665,1,0.05663144780004648,0
10,942,4666,4666,1,0.05663144780004648,0
10,942,4762,4762,0,0.01436481372162186,0
10,942,4850,4850,0,0.05029717485398324,0
10,942,2335,2335,1,0.5959586700492291,1
10,942,2336,2336,1,0.6273103896603714,1
10,942,2337,2337,1,0.6273103896603714,1
10,942,2668,2668,1,0.4773956789764665,0
10,942,2669,2669,1,0.4530671722853296,0
10,942,2829,2829,1,0.8676296061749927,1
10,942,2842,2842,1,0.864927445513126,1
10,942,2843,2843,1,0.864927445513126,1
10,942,2844,2844,1,0.7095078282769737,1
10,942,2845,2845,1,0.7928872489389734,1
10,942,2846,2846,1,0.8157617720819703,1
10,942,3004,3004,1,0.5019093560358805,1
10,942,3120,3120,1,0.7618190241078396,1
10,942,3142,3142,1,0.8512326583309825,1
10,942,3209,3209,1,0.8539875352038528,1
10,942,3210,3210,1,0.7980216787118358,1
10,942,3383,3383,1,0.8693658215432816,1
10,942,3409,3409,1,0.8430595263943454,1
10,942,3609,3609,1,0.5887757945413284,1
10,942,3639,3639,1,0.9017651198716677,1
10,942,3642,3642,1,0.7912192129496738,1
10,942,3643,3643,1,0.8677325330468891,1
10,942,4213,4213,1,0.8527454051371328,1
10,942,4479,4479,1,0.5531300494509946,1
10,942,1693,1693,0,0.23372246293943408,0
10,942,1746,1746,0,0.7568142139934877,1
10,942,1747,1747,0,0.7329470123764211,1
10,942,1787,1787,0,0.18424275440374857,0
10,942,1789,1789,1,0.43170078841422616,0
10,942,1790,1790,1,0.45415238811561814,0
10,942,1796,1796,0,0.16462720086185476,0
10,942,1836,1836,0,0.19721474101596842,0
10,942,1906,1906,0,0.2050062787456616,0
10,942,1915,1915,1,0.08265784960065455,0
10,942,2052,2052,0,0.5875817225267662,1
10,942,2053,2053,0,0.6366462895695195,1
10,942,3312,3312,1,0.21534082024341666,0
10,942,3313,3313,1,0.11809410779397748,0
10,942,3314,3314,1,0.11809410779397748,0
10,942,613,613,0,0.19737003390325059,0
10,942,614,614,0,0.19737003390325059,0
10,942,996,996,0,0.6798197098325645,1
10,942,997,997,0,0.1037322986076335,0
10,942,998,998,0,0.3537391619962702,0
10,942,1127,1127,0,0.040126662109015,0
10,942,1130,1130,0,0.008213690084057123,0
10,942,1973,1973,0,0.20209396093344204,0
10,942,2016,2016,0,0.3500986549267741,0
10,942,2030,2030,0,0.16273036523375423,0
10,942,2088,2088,0,0.24530296661437917,0
10,942,2178,2178,0,0.16464359843005974,0
10,942,2192,2192,0,0.14458565594216588,0
10,942,2062,2062,0,0.09009600508432365,0
10,942,4598,4598,1,0.9225773034903287,1
10,942,1241,1241,1,0.30360470263984746,0
10,942,1487,1487,1,0.6206175230203825,1
10,942,1501,1501,1,0.5465389625794845,1
10,942,1502,1502,0,0.7900681019923544,1
10,942,1580,1580,0,0.825770618146918,1
10,942,1581,1581,0,0.825770618146918,1
10,942,1582,1582,0,0.825770618146918,1
10,942,1849,1849,0,0.5963422368038939,1
10,942,1850,1850,0,0.5963422368038939,1
10,942,1851,1851,0,0.6332999533826024,1
10,942,3048,3048,0,0.4250396447702577,0
10,942,3594,3594,1,0.622528375132434,1
10,942,3632,3632,1,0.5798825848016088,1
10,942,139,139,1,0.9735686016931149,1
10,942,140,140,1,0.9735686016931149,1
10,942,143,143,1,0.9753732843903534,1
10,942,144,144,1,0.9753732843903534,1
10,942,2017,2017,0,0.029069430570662715,0
10,942,3878,3878,1,0.7414893017826696,1
10,942,2083,2083,0,0.7561666692959469,1
10,942,2104,2104,0,0.19080803702588534,0
10,942,2137,2137,0,0.08247247135768002,0
10,942,2142,2142,0,0.06672485559672106,0
10,942,2143,2143,0,0.1988720653693828,0
10,942,2144,2144,0,0.10627634415227433,0
10,942,2189,2189,0,0.22469206994550456,0
10,942,3068,3068,0,0.038680186267667505,0
10,942,3069,3069,0,0.038680186267667505,0
10,942,3070,3070,0,0.038680186267667505,0
10,942,3071,3071,0,0.038680186267667505,0
10,942,3779,3779,1,0.16389115591871034,0
10,942,2140,2140,0,0.015813660134168767,0
10,942,1548,1548,1,0.13056718982413743,0
10,942,906,906,1,0.8301875531092123,1
10,942,908,908,1,0.37922025357869665,0
10,942,2293,2293,0,0.170882678731212,0
10,942,2294,2294,0,0.170882678731212,0
10,942,2295,2295,0,0.170882678731212,0
10,942,2436,2436,0,0.2615416466478574,0
10,942,2468,2468,0,0.3019833512407603,0
10,942,2493,2493,0,0.3193570761821337,0
10,942,2494,2494,0,0.6343669559795405,1
10,942,2495,2495,0,0.19436324693109355,0
10,942,2580,2580,0,0.31422959773674913,0
10,942,2581,2581,0,0.5779039137964287,1
10,942,2582,2582,0,0.3597352318801325,0
10,942,2671,2671,0,0.17880480757592382,0
10,942,2672,2672,0,0.17880480757592382,0
10,942,2673,2673,0,0.17880480757592382,0
10,942,2674,2674,1,0.18735637449497378,0
10,942,2678,2678,0,0.25472731336894333,0
10,942,2730,2730,0,0.35038524805441434,0
10,942,2731,2731,0,0.35038524805441434,0
10,942,2732,2732,0,0.40848732606395455,0
10,942,2733,2733,0,0.35038524805441434,0
10,942,2734,2734,0,0.35038524805441434,0
10,942,2735,2735,0,0.35038524805441434,0
10,942,2736,2736,0,0.35038524805441434,0
10,942,2737,2737,0,0.35038524805441434,0
10,942,2738,2738,0,0.35038524805441434,0
10,942,2739,2739,0,0.40848732606395455,0
10,942,2740,2740,0,0.40848732606395455,0
10,942,2741,2741,0,0.35038524805441434,0
10,942,2742,2742,0,0.35038524805441434,0
10,942,2743,2743,0,0.35038524805441434,0
10,942,2744,2744,0,0.35038524805441434,0
10,942,2752,2752,0,0.15820138257686134,0
10,942,2753,2753,0,0.2961770896740763,0
10,942,2797,2797,0,0.44286806392954425,0
10,942,2798,2798,0,0.5664122634961337,1
10,942,2919,2919,0,0.2824327828396803,0
10,942,3020,3020,0,0.5247866954331372,1
10,942,3021,3021,0,0.5982155111009093,1
10,942,3046,3046,0,0.27006888244658656,0
10,942,3047,3047,0,0.16608879045748626,0
10,942,3211,3211,0,0.09808506317708117,0
10,942,3212,3212,0,0.09808506317708117,0
10,942,3213,3213,0,0.09808506317708117,0
10,942,3214,3214,0,0.09808506317708117,0
10,942,3215,3215,0,0.09351001499042544,0
10,942,3216,3216,0,0.09351001499042544,0
10,942,3218,3218,1,0.09078795685846676,0
10,942,3224,3224,1,0.12359171544927569,0
10,942,3270,3270,1,0.10089995930307985,0
10,942,3271,3271,1,0.10089995930307985,0
10,942,3272,3272,1,0.10089995930307985,0
10,942,3273,3273,1,0.10089995930307985,0
10,942,3274,3274,1,0.10089995930307985,0
10,942,3283,3283,0,0.12675491113168424,0
10,942,3285,3285,0,0.14581347855901108,0
10,942,3485,3485,1,0.09700618577621344,0
10,942,3486,3486,1,0.09700618577621344,0
10,942,3487,3487,1,0.07368659549444691,0
10,942,3488,3488,1,0.06728321296482247,0
10,942,3579,3579,0,0.43864194568847903,0
10,942,3711,3711,1,0.09818447881366317,0
10,942,3758,3758,0,0.49838015668083874,0
10,942,3759,3759,0,0.5236949177053551,1
10,942,3763,3763,0,0.1497964522431224,0
10,942,3939,3939,1,0.09187404858065021,0
10,942,3947,3947,0,0.6249515137933648,1
10,942,3973,3973,1,0.1349674196266141,0
10,942,3974,3974,1,0.058048002206720475,0
10,942,3975,3975,0,0.40210698254158883,0
10,942,4029,4029,0,0.30290092728289153,0
10,942,4087,4087,0,0.2455760046456853,0
10,942,4088,4088,1,0.05465595061958965,0
10,942,4111,4111,0,0.21271379761508158,0
10,942,4135,4135,0,0.3635810777385761,0
10,942,4197,4197,1,0.1015398743748927,0
10,942,4227,4227,1,0.04803813029644143,0
10,942,4235,4235,0,0.28049601861702095,0
10,942,4250,4250,0,0.4878013312784655,0
10,942,4352,4352,1,0.3460985515415963,0
10,942,4379,4379,1,0.6351128414550858,1
10,942,4460,4460,0,0.3599353073498536,0
10,942,4507,4507,1,0.7135538552054317,1
10,942,4919,4919,1,0.29933783567020755,0
10,942,5042,5042,0,0.284461425706534,0
10,942,1795,1795,1,0.03288163922961923,0
10,942,4876,4876,0,0.4433827944362907,0
10,942,3105,3105,1,0.1861456800807176,0
10,942,1448,1448,0,0.040227390200263065,0
10,942,1449,1449,1,0.4424923041118613,0
10,942,2080,2080,1,0.8695315974180448,1
10,942,2128,2128,1,0.8568400026351934,1
10,942,2134,2134,1,0.7198287534991261,1
10,942,2170,2170,0,0.7487520016304028,1
10,942,3996,3996,0,0.1122121702709609,0
10,942,4138,4138,0,0.10983768508727955,0
10,942,4142,4142,0,0.03258938476531295,0
10,942,4300,4300,0,0.06051138581973398,0
10,942,4396,4396,0,0.2018817402444794,0
10,942,4410,4410,0,0.13822674718736844,0
10,942,4524,4524,0,0.15846052515829154,0
10,942,4594,4594,0,0.09994903293836124,0
10,942,4669,4669,0,0.09701922385392357,0
10,942,4681,4681,0,0.09543089596471861,0
10,942,4682,4682,0,0.10288298370441251,0
10,942,4767,4767,0,0.0933392851597889,0
10,942,4771,4771,0,0.8773074356542657,1
10,942,4772,4772,0,0.10706454782333792,0
10,942,4774,4774,0,0.17993268945896945,0
10,942,4775,4775,1,0.25875579499469725,0
10,942,4777,4777,0,0.04438510615395942,0
10,942,4778,4778,0,0.08659362762151557,0
10,942,4884,4884,0,0.13845868942138753,0
10,942,4921,4921,0,0.02796034822637144,0
10,942,4960,4960,0,0.08538642781585179,0
10,942,5009,5009,0,0.048155238459994684,0
10,942,5010,5010,0,0.06096676190118397,0
10,942,5073,5073,0,0.05691455737487019,0
10,942,5075,5075,1,0.6685787610120999,1
10,942,5146,5146,0,0.12691048254998966,0
10,942,557,557,0,0.10368769464489769,0
10,942,558,558,0,0.10368769464489769,0
10,942,559,559,1,0.5089827499588014,1
10,942,1701,1701,0,0.633063656325705,1
10,942,739,739,0,0.715252132473741,1
10,942,555,555,0,0.12129486644963484,0
10,942,556,556,1,0.2728534611885257,0
10,942,560,560,0,0.22705218619177667,0
10,942,561,561,1,0.11977024401229898,0
10,942,655,655,1,0.3285934022862481,0
10,942,855,855,0,0.18398607756230592,0
10,942,856,856,1,0.07544068525964824,0
10,942,969,969,1,0.6323628069796333,1
10,942,489,489,0,0.8192744682299796,1
10,942,490,490,1,0.2873589464345995,0
10,942,492,492,0,0.885100857242818,1
10,942,493,493,0,0.8012417326013046,1
10,942,494,494,1,0.5506700768866603,1
10,942,495,495,0,0.31870801515832325,0
10,942,686,686,1,0.27714215481920584,0
10,942,687,687,1,0.4516454751115934,0
10,942,688,688,1,0.32650916613507996,0
10,942,689,689,0,0.5342565305643804,1
10,942,690,690,0,0.19221334962553033,0
10,942,691,691,0,0.7822514192382789,1
10,942,692,692,1,0.7724247360387572,1
10,942,693,693,0,0.41446009215696133,0
10,942,694,694,1,0.5481024857666026,1
10,942,695,695,0,0.5840532106586027,1
10,942,696,696,0,0.38494991553647284,0
10,942,1174,1174,0,0.2538904749841749,0
10,942,618,618,0,0.17227544668353073,0
10,942,619,619,0,0.17227544668353073,0
10,942,1158,1158,0,0.2103666100879602,0
10,942,1159,1159,0,0.5677657941687047,1
10,942,3232,3232,1,0.07914634087490728,0
10,942,4631,4631,0,0.17121755214038442,0
10,942,1150,1150,0,0.578943521713778,1
10,942,4671,4671,0,0.8353690075211075,1
10,942,4768,4768,0,0.9520278104193909,1
10,942,5032,5032,0,0.9554778808317573,1
10,942,5071,5071,0,0.8956565699017736,1
10,942,506,506,1,0.8700522834091944,1
10,942,2022,2022,0,0.008128602694416934,0
10,942,2152,2152,0,0.017706040214748465,0
10,942,1126,1126,1,0.9693539712376867,1
10,942,4041,4041,0,0.5366264693259213,1
10,942,430,430,1,0.9233578341828894,1
10,942,737,737,1,0.9930866481322677,1
10,942,5185,5185,1,0.5619657299110284,1
10,942,1205,1205,1,0.8726822991422565,1
10,942,4497,4497,0,0.09374385994192304,0
10,942,5059,5059,1,0.07038455753966805,0
10,942,1107,1107,0,0.020457143851942344,0
10,942,1606,1606,0,0.11380457316833234,0
10,942,1763,1763,0,0.5727665676944309,1
10,942,1764,1764,0,0.5727665676944309,1
10,942,1765,1765,0,0.5727665676944309,1
10,942,1816,1816,0,0.28886028303070116,0
10,942,1818,1818,0,0.7850636777985844,1
10,942,1819,1819,0,0.638298640344307,1
10,942,1860,1860,0,0.21758148044284098,0
10,942,1862,1862,0,0.756002199275314,1
10,942,1864,1864,0,0.4726551514067074,0
10,942,1879,1879,0,0.16475335897666288,0
10,942,1880,1880,0,0.2382783503402807,0
10,942,295,295,0,0.886322653385678,1
10,942,592,592,1,0.8676659314897562,1
10,942,4255,4255,0,0.22373990314605086,0
10,942,2054,2054,0,0.1168754800485941,0
10,942,519,519,0,0.784395396059538,1
10,942,1553,1553,0,0.017584412331263583,0
10,942,1554,1554,0,0.012198938766298352,0
10,942,1555,1555,0,0.0098632302616744,0
10,942,1556,1556,0,0.015572291596699086,0
10,942,1557,1557,0,0.017584412331263583,0
10,942,1589,1589,0,0.012525761032651545,0
10,942,1590,1590,0,0.01796026746057299,0
10,942,1591,1591,0,0.01796026746057299,0
10,942,1592,1592,0,0.015668079331928566,0
10,942,1618,1618,0,0.01801007765586511,0
10,942,1659,1659,0,0.015670435047963484,0
10,942,1665,1665,0,0.011716446444875548,0
10,942,459,459,0,0.1794323654942649,0
10,942,532,532,0,0.3126598102098711,0
10,942,533,533,0,0.3126598102098711,0
10,942,736,736,0,0.4864828414086025,0
10,942,759,759,0,0.010236659653164025,0
10,942,4929,4929,0,0.04982336617413321,0
10,942,1679,1679,1,0.6028272774003841,1
10,942,5202,5202,0,0.021912124406567063,0
10,942,1615,1615,0,0.016625714139070415,0
10,942,2302,2302,0,0.36013842255721495,0
10,942,2303,2303,0,0.36013842255721495,0
10,942,2304,2304,0,0.36013842255721495,0
10,942,2305,2305,0,0.36013842255721495,0
10,942,2306,2306,0,0.36013842255721495,0
10,942,2307,2307,0,0.36013842255721495,0
10,942,2308,2308,0,0.36013842255721495,0
10,942,2309,2309,0,0.36013842255721495,0
10,942,2310,2310,0,0.36013842255721495,0
10,942,2311,2311,0,0.3573206081365973,0
10,942,2438,2438,0,0.18479335646249573,0
10,942,2496,2496,0,0.05661262730535838,0
10,942,2497,2497,0,0.05661262730535838,0
10,942,2498,2498,0,0.05661262730535838,0
10,942,2501,2501,0,0.15463458052778467,0
10,942,2502,2502,0,0.15463458052778467,0
10,942,2503,2503,0,0.1996478407298663,0
10,942,2583,2583,0,0.11585916193597738,0
10,942,2584,2584,0,0.11585916193597738,0
10,942,2679,2679,0,0.13968214393874287,0
10,942,2680,2680,0,0.020376584104137098,0
10,942,2681,2681,0,0.020376584104137098,0
10,942,2682,2682,0,0.020376584104137098,0
10,942,2683,2683,0,0.020376584104137098,0
10,942,2684,2684,0,0.020376584104137098,0
10,942,2685,2685,0,0.020376584104137098,0
10,942,2689,2689,0,0.03963549750353897,0
10,942,2691,2691,1,0.2833221643701633,0
10,942,2692,2692,0,0.08743581536547172,0
10,942,2799,2799,0,0.11527162941643802,0
10,942,2800,2800,0,0.0676781962843265,0
10,942,2801,2801,0,0.0676781962843265,0
10,942,2802,2802,0,0.03432271631797266,0
10,942,2803,2803,0,0.03432271631797266,0
10,942,2804,2804,0,0.03432271631797266,0
10,942,2805,2805,0,0.03432271631797266,0
10,942,2822,2822,0,0.20691102808157935,0
10,942,3167,3167,0,0.025980455816183384,0
10,942,3355,3355,0,0.03060107748168252,0
10,942,3356,3356,0,0.04301689616874134,0
10,942,3357,3357,0,0.03060107748168252,0
10,942,3358,3358,0,0.03060107748168252,0
10,942,3359,3359,0,0.36083975924560086,0
10,942,3360,3360,1,0.260728924292204,0
10,942,3361,3361,0,0.09255164291254232,0
10,942,3364,3364,0,0.10637659966501192,0
10,942,3365,3365,0,0.10637659966501192,0
10,942,3366,3366,0,0.10637659966501192,0
10,942,3367,3367,0,0.02889967467167897,0
10,942,3368,3368,0,0.02889967467167897,0
10,942,3410,3410,0,0.13411164849905854,0
10,942,3411,3411,0,0.07010468933317128,0
10,942,3580,3580,0,0.03339891620949804,0
10,942,3581,3581,0,0.03339891620949804,0
10,942,3582,3582,0,0.028574927296162456,0
10,942,3583,3583,0,0.028574927296162456,0
10,942,3584,3584,0,0.028574927296162456,0
10,942,3585,3585,0,0.028574927296162456,0
10,942,3586,3586,0,0.028574927296162456,0
10,942,3587,3587,0,0.023620844482316477,0
10,942,3588,3588,0,0.023620844482316477,0
10,942,3589,3589,0,0.023620844482316477,0
10,942,3592,3592,0,0.0696628409909275,0
10,942,3593,3593,0,0.0696628409909275,0
10,942,3629,3629,0,0.036398237619420716,0
10,942,3654,3654,0,0.04591714951665963,0
10,942,3842,3842,0,0.023307964101727637,0
10,942,3958,3958,1,0.26669699332551794,0
10,942,4363,4363,0,0.0540737531718615,0
10,942,4736,4736,0,0.527701709309844,1
10,942,4869,4869,0,0.3350182846040935,0
10,942,4793,4793,1,0.5315090555029305,1
10,942,2526,2526,0,0.05783921285557023,0
