observation_id,molecule_group_id,fold,observed_label,oof_probability_or_plus,predicted_label_t0_5
0,MOL_000997,2,0,0.0054479207313563,0
1,MOL_000997,2,0,0.0054479207313563,0
2,MOL_002588,2,0,0.1417787608836461,0
3,MOL_002588,2,0,0.1037929841394223,0
4,MOL_002588,2,0,0.1037929841394223,0
5,MOL_000870,3,1,0.9908024217124746,1
6,MOL_001021,4,0,0.0087869236178645,0
7,MOL_001021,4,0,0.0087869236178645,0
8,MOL_001021,4,0,0.0087869236178645,0
9,MOL_001021,4,0,0.0087869236178645,0
10,MOL_001021,4,0,0.0087869236178645,0
11,MOL_001022,2,0,0.0039534962933909,0
12,MOL_001022,2,0,0.0039534962933909,0
13,MOL_001022,2,0,0.0039534962933909,0
14,MOL_000918,3,0,0.0047157619406662,0
15,MOL_000918,3,0,0.0057122581360261,0
16,MOL_003286,3,1,0.9972515053294506,1
17,MOL_000002,1,1,0.993799452033122,1
18,MOL_003730,1,1,0.9644927772865006,1
19,MOL_003730,1,1,0.9644927772865006,1
20,MOL_003730,1,1,0.9644927772865006,1
21,MOL_003730,1,1,0.9644927772865006,1
22,MOL_003730,1,1,0.9644927772865006,1
23,MOL_003730,1,1,0.9589363970977526,1
24,MOL_003730,1,1,0.9589363970977526,1
25,MOL_003730,1,1,0.9644927772865006,1
26,MOL_003730,1,1,0.9589363970977526,1
27,MOL_003730,1,1,0.9589363970977526,1
28,MOL_003730,1,1,0.9644927772865006,1
29,MOL_003743,5,0,0.0467458345146826,0
30,MOL_003743,5,0,0.0467458345146826,0
31,MOL_003743,5,0,0.0467458345146826,0
32,MOL_003743,5,0,0.0467458345146826,0
33,MOL_003743,5,0,0.0355818170447276,0
34,MOL_003743,5,0,0.0467458345146826,0
35,MOL_003743,5,0,0.0355818170447276,0
36,MOL_003743,5,0,0.0411636911934532,0
37,MOL_003743,5,0,0.0467458345146826,0
38,MOL_003743,5,0,0.0467458345146826,0
39,MOL_003743,5,0,0.0411636911934532,0
40,MOL_003743,5,0,0.0467458345146826,0
41,MOL_000998,3,0,0.0104669365503475,0
42,MOL_000998,3,0,0.0104669365503475,0
43,MOL_003011,1,0,0.0146609788673619,0
44,MOL_003275,4,0,0.0171768740475148,0
45,MOL_003279,5,0,0.0112705075340036,0
46,MOL_003279,5,0,0.0940667466579146,0
47,MOL_003279,5,0,0.0940667466579146,0
48,MOL_003270,5,1,0.9683751444629184,1
49,MOL_002420,4,1,0.1588786734573345,0
50,MOL_000397,4,0,0.2051757534817515,0
51,MOL_000397,4,0,0.2051757534817515,0
52,MOL_000397,4,0,0.0477907165162679,0
53,MOL_001232,2,1,0.047116255141254,0
54,MOL_002426,4,0,0.0201358733971356,0
55,MOL_002426,4,0,0.0201358733971356,0
56,MOL_002426,4,0,0.0201358733971356,0
57,MOL_002445,4,1,0.7783497670994534,1
58,MOL_002445,4,1,0.8293176471777051,1
59,MOL_002436,5,0,0.0443305956999611,0
60,MOL_002436,5,0,0.0443305956999611,0
61,MOL_002436,5,0,0.0555124863038118,0
62,MOL_001023,4,0,0.0034849833163844,0
63,MOL_001023,4,0,0.0034849833163844,0
64,MOL_001023,4,0,0.0034849833163844,0
65,MOL_001023,4,0,0.0034849833163844,0
66,MOL_001023,4,0,0.0034849833163844,0
67,MOL_001023,4,0,0.0034849833163844,0
68,MOL_001023,4,0,0.0034849833163844,0
69,MOL_001023,4,0,0.0034849833163844,0
70,MOL_003457,4,1,0.4905402332947974,0
71,MOL_002978,1,1,0.5723690225599786,1
72,MOL_002978,1,1,0.5723690225599786,1
73,MOL_002978,1,1,0.5723690225599786,1
74,MOL_003321,4,1,0.9118372658045536,1
75,MOL_003321,4,1,0.9169042231167372,1
76,MOL_003321,4,1,0.9169042231167372,1
77,MOL_003321,4,1,0.9169042231167372,1
78,MOL_003006,2,1,0.9854688491464296,1
79,MOL_003006,2,1,0.9854688491464296,1
80,MOL_002600,5,0,0.2174281203713491,0
81,MOL_002600,5,0,0.2174281203713491,0
82,MOL_000387,3,1,0.7437232669146437,1
83,MOL_000387,3,1,0.7437232669146437,1
84,MOL_003328,4,0,0.0161590153722715,0
85,MOL_003328,4,0,0.0161590153722715,0
86,MOL_003328,4,0,0.0161326909764745,0
87,MOL_003328,4,0,0.0161590153722715,0
88,MOL_002201,5,0,0.0216388781393222,0
89,MOL_003721,1,1,0.936790284135918,1
90,MOL_003015,4,0,0.0523382286749337,0
91,MOL_003015,4,0,0.0523382286749337,0
92,MOL_003208,5,0,0.0334366828972429,0
93,MOL_001012,1,1,0.9850290134717138,1
94,MOL_001012,1,1,0.9850290134717138,1
95,MOL_000828,1,1,0.9894593094438036,1
96,MOL_002430,3,0,0.0468188267308214,0
97,MOL_002430,3,0,0.0468188267308214,0
98,MOL_000014,2,0,0.0200914934423231,0
99,MOL_001498,2,0,0.0780186217481429,0
100,MOL_001498,2,0,0.0627508559246327,0
101,MOL_002516,4,1,0.9733459746354745,1
102,MOL_003283,5,1,0.473062572047824,0
103,MOL_003453,1,0,0.1851927338982082,0
104,MOL_003453,1,0,0.1851927338982082,0
105,MOL_002439,1,0,0.0823561006245241,0
106,MOL_002439,1,0,0.092113492699839,0
107,MOL_002439,1,0,0.092113492699839,0
108,MOL_002439,1,0,0.092113492699839,0
109,MOL_001291,5,1,0.0505675247272534,0
110,MOL_003727,5,1,0.8045998817346397,1
111,MOL_002427,2,0,0.7032909313731456,1
112,MOL_002427,2,0,0.7032909313731456,1
113,MOL_000819,3,0,0.0088606752501502,0
114,MOL_000886,4,0,0.0058938260373468,0
115,MOL_000485,1,0,0.0609891115460864,0
116,MOL_000485,1,0,0.0609891115460864,0
117,MOL_002214,2,0,0.0184590347619966,0
118,MOL_002214,2,0,0.0184590347619966,0
119,MOL_002214,2,0,0.0184590347619966,0
120,MOL_002214,2,0,0.0184590347619966,0
121,MOL_002214,2,0,0.0184590347619966,0
122,MOL_003735,2,0,0.3478644898993489,0
123,MOL_003735,2,1,0.3741543171502817,0
124,MOL_003276,4,0,0.0241090560240315,0
125,MOL_001026,2,0,0.0121379328521225,0
126,MOL_001026,2,0,0.0085164703333054,0
127,MOL_001026,2,0,0.0085164703333054,0
128,MOL_001026,2,0,0.0085164703333054,0
129,MOL_000890,4,0,0.0125051916299648,0
130,MOL_002435,2,0,0.0165799453601066,0
131,MOL_002435,2,0,0.0181581475198991,0
132,MOL_002195,2,0,0.2577120032241443,0
133,MOL_000145,5,1,0.9566220276335108,1
134,MOL_003363,2,1,0.2063500572066879,0
135,MOL_003363,2,1,0.2063500572066879,0
136,MOL_001093,3,0,0.0046532204632142,0
137,MOL_001093,3,0,0.0046532204632142,0
138,MOL_002440,1,0,0.1396868726514397,0
139,MOL_000995,5,1,0.9885279896639236,1
140,MOL_000995,5,1,0.9885279896639236,1
141,MOL_000999,4,0,0.0038009133662471,0
142,MOL_000999,4,0,0.0038009133662471,0
143,MOL_000996,1,1,0.976549554843844,1
144,MOL_000996,1,1,0.976549554843844,1
145,MOL_001000,2,0,0.0066038040480852,0
146,MOL_001000,2,0,0.0066038040480852,0
147,MOL_000812,2,0,0.0619437013728252,0
148,MOL_000812,2,0,0.0619437013728252,0
149,MOL_002689,1,1,0.8708033143009702,1
150,MOL_002689,1,1,0.8979265357334745,1
151,MOL_002689,1,1,0.8979265357334745,1
152,MOL_003278,3,0,0.029036471674233,0
153,MOL_002429,1,0,0.6859752441178378,1
154,MOL_002429,1,0,0.1652107617825715,0
155,MOL_000979,5,1,0.9564784038499884,1
156,MOL_000515,2,1,0.95945600958843,1
157,MOL_000514,5,0,0.3120084488962805,0
158,MOL_002230,5,1,0.8741021842919432,1
159,MOL_002218,3,0,0.0389917315213407,0
160,MOL_002218,3,0,0.1746856421783379,0
161,MOL_002218,3,0,0.1746856421783379,0
162,MOL_003269,3,1,0.9248138094296314,1
163,MOL_002447,5,1,0.8244255700884885,1
164,MOL_002421,5,1,0.363363378867997,0
165,MOL_000018,5,0,0.0325221301461021,0
166,MOL_000811,3,1,0.7449469470665296,1
167,MOL_000811,3,1,0.7449469470665296,1
168,MOL_001071,2,1,0.965035916250839,1
169,MOL_001071,2,1,0.9680240969662142,1
170,MOL_001071,2,1,0.9680240969662142,1
171,MOL_001071,2,1,0.965035916250839,1
172,MOL_001071,2,1,0.9680240969662142,1
173,MOL_001011,4,1,0.9861346128451376,1
174,MOL_002207,3,0,0.0289765534691545,0
175,MOL_002207,3,0,0.0289765534691545,0
176,MOL_002207,3,0,0.0399257426681268,0
177,MOL_000914,1,0,0.0043393309392015,0
178,MOL_002432,4,0,0.0503749615857423,0
179,MOL_002432,4,0,0.0503749615857423,0
180,MOL_003307,4,0,0.1504172571104003,0
181,MOL_000751,2,0,0.0283931786716967,0
182,MOL_002232,3,1,0.953705649793559,1
183,MOL_002232,3,1,0.9484482293144556,1
184,MOL_002232,3,1,0.953705649793559,1
185,MOL_001216,4,1,0.8824664345147629,1
186,MOL_002977,5,0,0.8370748898749744,1
187,MOL_002977,5,0,0.8370748898749744,1
188,MOL_000395,2,0,0.0204963344589166,0
189,MOL_000395,2,0,0.0842309547577577,0
190,MOL_000395,2,0,0.0842309547577577,0
191,MOL_000395,2,0,0.0842309547577577,0
192,MOL_000210,2,0,0.3984603506723678,0
193,MOL_000208,1,1,0.8136340082863411,1
194,MOL_000148,2,1,0.977903560409798,1
195,MOL_000148,2,1,0.977903560409798,1
196,MOL_000148,2,1,0.977903560409798,1
197,MOL_002583,3,0,0.0224170686594997,0
198,MOL_002583,3,0,0.0168226909499552,0
199,MOL_003724,4,1,0.986287444469074,1
200,MOL_003724,4,1,0.986287444469074,1
201,MOL_003736,5,0,0.0462923941446536,0
202,MOL_003322,5,0,0.2370547178797078,0
203,MOL_003714,2,0,0.1913696003888977,0
204,MOL_003714,2,0,0.3415448566184499,0
205,MOL_003714,2,0,0.0858968527533256,0
206,MOL_003714,2,0,0.0387291877570592,0
207,MOL_003714,2,0,0.0858968527533256,0
208,MOL_003714,2,0,0.0858968527533256,0
209,MOL_001485,5,1,0.5722486825236701,1
210,MOL_001485,5,1,0.5722486825236701,1
211,MOL_003016,3,1,0.6660170132982577,1
212,MOL_002202,5,0,0.1160011077542832,0
213,MOL_002202,5,0,0.1160011077542832,0
214,MOL_002202,5,0,0.1160011077542832,0
215,MOL_002222,3,0,0.1223931788789029,0
216,MOL_002222,3,0,0.1223931788789029,0
217,MOL_002222,3,0,0.1016690759175891,0
218,MOL_001845,5,1,0.6473370388727345,1
219,MOL_001845,5,1,0.6473370388727345,1
220,MOL_001845,5,1,0.6473370388727345,1
221,MOL_001845,5,1,0.6473370388727345,1
222,MOL_001845,5,1,0.6473370388727345,1
223,MOL_001845,5,1,0.6473370388727345,1
224,MOL_000155,3,0,0.012050824999018,0
225,MOL_000155,3,0,0.012050824999018,0
226,MOL_000155,3,0,0.012050824999018,0
227,MOL_000310,1,0,0.8135049642286825,1
228,MOL_000291,5,1,0.5540629337000655,1
229,MOL_000003,3,0,0.0180160484902005,0
230,MOL_001013,2,1,0.9803831541983816,1
231,MOL_001013,2,1,0.9803831541983816,1
232,MOL_001013,2,1,0.9803831541983816,1
233,MOL_001013,2,1,0.9803831541983816,1
234,MOL_001013,2,1,0.9803831541983816,1
235,MOL_001013,2,1,0.9803831541983816,1
236,MOL_000920,1,0,0.0068244295474012,0
237,MOL_000853,2,1,0.9714881319776496,1
238,MOL_002437,3,0,0.2078418680306524,0
239,MOL_003309,1,0,0.1324306924928007,0
240,MOL_003013,4,0,0.0239331975225639,0
241,MOL_003746,4,1,0.7336528541691326,1
242,MOL_003746,4,1,0.7336528541691326,1
243,MOL_003746,4,1,0.7336528541691326,1
244,MOL_003746,4,1,0.7336528541691326,1
245,MOL_003746,4,1,0.3066481149811318,0
246,MOL_000017,3,1,0.9694140785429974,1
247,MOL_000017,3,1,0.9694140785429974,1
248,MOL_000017,3,1,0.9694140785429974,1
249,MOL_001349,3,1,0.5728464370478107,1
250,MOL_001349,3,1,0.5728464370478107,1
251,MOL_001349,3,1,0.5728464370478107,1
252,MOL_001349,3,1,0.5728464370478107,1
253,MOL_001349,3,1,0.5728464370478107,1
254,MOL_002572,3,0,0.2410292962647979,0
255,MOL_002572,3,0,0.2410292962647979,0
256,MOL_001228,5,0,0.5494010236329507,1
257,MOL_001228,5,0,0.5494010236329507,1
258,MOL_001230,1,1,0.0581369702283947,0
259,MOL_001238,2,0,0.0804757743886055,0
260,MOL_000895,3,0,0.0195879769492972,0
261,MOL_000895,3,0,0.0195879769492972,0
262,MOL_001834,5,1,0.670031213532565,1
263,MOL_001017,1,1,0.9775417260024432,1
264,MOL_001017,1,1,0.9801543820943496,1
265,MOL_001017,1,1,0.9801543820943496,1
266,MOL_001017,1,1,0.9801543820943496,1
267,MOL_000872,5,1,0.988376462607835,1
268,MOL_000889,3,0,0.0106955862489969,0
269,MOL_001015,4,1,0.953833577919405,1
270,MOL_001015,4,1,0.953833577919405,1
271,MOL_001015,4,1,0.953833577919405,1
272,MOL_001015,4,1,0.953833577919405,1
273,MOL_001015,4,1,0.953833577919405,1
274,MOL_002444,4,1,0.978961890882698,1
275,MOL_000904,3,0,0.0222949436342979,0
276,MOL_003678,3,1,0.2604109762102946,0
277,MOL_003678,3,1,0.2657647502992083,0
278,MOL_003732,4,0,0.7277517657815411,1
279,MOL_003732,4,0,0.7277517657815411,1
280,MOL_003732,4,0,0.7277517657815411,1
281,MOL_003732,4,0,0.7277517657815411,1
282,MOL_003732,4,1,0.9615811141181534,1
283,MOL_002587,2,0,0.0493467659232833,0
284,MOL_003311,5,0,0.5043725129060728,1
285,MOL_000893,1,0,0.0130241257913783,0
286,MOL_000894,2,0,0.0435224855257819,0
287,MOL_000894,2,0,0.0435224855257819,0
288,MOL_002423,1,1,0.7459812469675863,1
289,MOL_002423,1,1,0.6580013542114576,1
290,MOL_002203,4,0,0.0241250119823492,0
291,MOL_002203,4,0,0.0241250119823492,0
292,MOL_002203,4,0,0.0241250119823492,0
293,MOL_000909,3,0,0.0055931393689721,0
294,MOL_003233,2,0,0.0874100864504746,0
295,MOL_000960,2,0,0.8517544759522333,1
296,MOL_000962,1,1,0.0238768194525166,0
297,MOL_000486,5,0,0.0752841901870678,0
298,MOL_000738,4,0,0.2441472783527076,0
299,MOL_000738,4,0,0.2441472783527076,0
300,MOL_000738,4,0,0.2441472783527076,0
301,MOL_001352,1,1,0.1786435071486174,0
302,MOL_001352,1,1,0.1786435071486174,0
303,MOL_001352,1,1,0.1786435071486174,0
304,MOL_001352,1,1,0.1786435071486174,0
305,MOL_001352,1,1,0.1786435071486174,0
306,MOL_000465,3,1,0.2232986302586468,0
307,MOL_000465,3,1,0.2232986302586468,0
308,MOL_003725,1,1,0.9744160961369064,1
309,MOL_001141,3,1,0.9693202037395732,1
310,MOL_001141,3,1,0.9655202968056456,1
311,MOL_001141,3,1,0.9693202037395732,1
312,MOL_001141,3,1,0.9655202968056456,1
313,MOL_002690,4,1,0.3885664389807576,0
314,MOL_002690,4,1,0.3885664389807576,0
315,MOL_002690,4,1,0.3885664389807576,0
316,MOL_002617,3,1,0.7059338320965386,1
317,MOL_000875,4,1,0.9954785666765288,1
318,MOL_000875,4,1,0.9954785666765288,1
319,MOL_000873,1,1,0.9872634634760898,1
320,MOL_000873,1,1,0.9872634634760898,1
321,MOL_000921,3,0,0.0124037767821187,0
322,MOL_000921,3,0,0.0124037767821187,0
323,MOL_000849,1,1,0.9893071663663326,1
324,MOL_001025,1,0,0.0137752680920231,0
325,MOL_001025,1,0,0.0137752680920231,0
326,MOL_001025,1,0,0.0137752680920231,0
327,MOL_001025,1,0,0.0137752680920231,0
328,MOL_000386,1,1,0.9388758353933568,1
329,MOL_003331,3,1,0.0765340967936326,0
330,MOL_001102,5,0,0.0876314580566821,0
331,MOL_002208,1,0,0.6249042465187477,1
332,MOL_002190,5,1,0.8814606836399332,1
333,MOL_002189,4,1,0.3151230182826401,0
334,MOL_002189,4,1,0.3151230182826401,0
335,MOL_003002,5,1,0.9402959383499756,1
336,MOL_003277,2,0,0.007978938786175,0
337,MOL_001850,4,1,0.6676035515742892,1
338,MOL_001850,4,1,0.6676035515742892,1
339,MOL_001850,4,1,0.6676035515742892,1
340,MOL_001850,4,1,0.6676035515742892,1
341,MOL_000966,3,0,0.0072608078674216,0
342,MOL_000967,4,0,0.0293519389573236,0
343,MOL_002223,4,0,0.0955165696759293,0
344,MOL_001233,4,0,0.1006178814474891,0
345,MOL_001233,4,0,0.1006178814474891,0
346,MOL_001233,4,0,0.1006178814474891,0
347,MOL_001231,3,0,0.4247398753175913,0
348,MOL_001231,3,0,0.4247398753175913,0
349,MOL_000690,5,0,0.1967285441764349,0
350,MOL_001497,3,1,0.7524220844048266,1
351,MOL_001577,4,1,0.9691685809218586,1
352,MOL_001577,4,1,0.9691685809218586,1
353,MOL_001577,4,1,0.9456717316465456,1
354,MOL_002613,4,1,0.7034024750397242,1
355,MOL_002614,1,0,0.0606749111411095,0
356,MOL_000897,5,0,0.0133354477926733,0
357,MOL_002215,5,0,0.0672825342593945,0
358,MOL_002215,5,0,0.0672825342593945,0
359,MOL_000483,5,1,0.8694791234595802,1
360,MOL_000923,3,0,0.0119038063507868,0
361,MOL_002998,5,0,0.3123566760791551,0
362,MOL_001842,5,1,0.4263784330062797,0
363,MOL_001842,5,1,0.4263784330062797,0
364,MOL_001844,3,0,0.4668218783832364,0
365,MOL_001844,3,0,0.4668218783832364,0
366,MOL_000823,1,0,0.0176086778831923,0
367,MOL_000984,4,0,0.0639628837175401,0
368,MOL_001871,4,1,0.8084431488190797,1
369,MOL_000761,4,1,0.3454531406156721,0
370,MOL_000765,2,0,0.3524932192582821,0
371,MOL_000762,5,1,0.8449672204163554,1
372,MOL_000762,5,1,0.8449672204163554,1
373,MOL_000766,4,0,0.2227399587687202,0
374,MOL_000766,4,0,0.2227399587687202,0
375,MOL_003327,5,0,0.0207187881965403,0
376,MOL_000410,1,1,0.9144880127810748,1
377,MOL_003765,2,1,0.9417280102751716,1
378,MOL_003765,2,1,0.9417280102751716,1
379,MOL_003767,4,1,0.4874844430117758,0
380,MOL_001146,3,0,0.1154858073686791,0
381,MOL_001147,4,0,0.0455992906578572,0
382,MOL_000435,3,0,0.869314413700771,1
383,MOL_001853,4,1,0.7239498404075444,1
384,MOL_001853,4,1,0.7239498404075444,1
385,MOL_001853,4,1,0.7239498404075444,1
386,MOL_000680,5,0,0.0203881718177286,0
387,MOL_000680,5,0,0.0203881718177286,0
388,MOL_000680,5,0,0.0203881718177286,0
389,MOL_001849,3,0,0.1001320561115772,0
390,MOL_001849,3,0,0.1001320561115772,0
391,MOL_001849,3,0,0.1001320561115772,0
392,MOL_001354,3,0,0.2634617773520313,0
393,MOL_001354,3,0,0.2634617773520313,0
394,MOL_001354,3,0,0.2634617773520313,0
395,MOL_001353,2,0,0.5978675601271335,1
396,MOL_001353,2,0,0.5978675601271335,1
397,MOL_001353,2,0,0.5978675601271335,1
398,MOL_001841,2,1,0.0300093664876653,0
399,MOL_001841,2,1,0.0300093664876653,0
400,MOL_001841,2,1,0.0300093664876653,0
401,MOL_000739,4,0,0.8570027756547779,1
402,MOL_000739,4,0,0.8570027756547779,1
403,MOL_000739,4,0,0.8570027756547779,1
404,MOL_000741,3,1,0.1177435110162467,0
405,MOL_000741,3,1,0.1177435110162467,0
406,MOL_000741,3,1,0.1177435110162467,0
407,MOL_000460,4,0,0.7151772271760206,1
408,MOL_000460,4,0,0.7151772271760206,1
409,MOL_003300,4,1,0.3240556408509591,0
410,MOL_002543,4,0,0.931704279448671,1
411,MOL_001221,2,0,0.9474297399738232,1
412,MOL_001220,5,0,0.6934875252119032,1
413,MOL_000851,5,1,0.984506483292936,1
414,MOL_002557,2,1,0.994645425983241,1
415,MOL_000135,3,1,0.9868176518219814,1
416,MOL_001303,5,1,0.9418532081295812,1
417,MOL_001576,5,1,0.9726843560788258,1
418,MOL_001576,5,1,0.9726843560788258,1
419,MOL_001074,4,0,0.0754022332298037,0
420,MOL_001074,4,0,0.0634204252032277,0
421,MOL_001140,2,0,0.0343212101842586,0
422,MOL_000846,3,1,0.9931330187592484,1
423,MOL_003626,3,0,0.9423202504194234,1
424,MOL_003626,3,0,0.9423202504194234,1
425,MOL_003626,3,0,0.9423202504194234,1
426,MOL_003627,4,1,0.1402588215961439,0
427,MOL_003627,4,1,0.1402588215961439,0
428,MOL_003627,4,1,0.1402588215961439,0
429,MOL_001376,4,0,0.0205523453934296,0
430,MOL_000991,5,1,0.958487426895793,1
431,MOL_000992,2,0,0.0091970374633646,0
432,MOL_001027,3,0,0.0101142794642746,0
433,MOL_001833,5,1,0.6690341708109464,1
434,MOL_002450,3,1,0.8269070970050101,1
435,MOL_002450,3,1,0.8269070970050101,1
436,MOL_000871,2,1,0.9963280085569172,1
437,MOL_000919,5,0,0.0298079402983096,0
438,MOL_000859,1,1,0.9819271347738115,1
439,MOL_000859,1,1,0.9819271347738115,1
440,MOL_000903,1,0,0.006420027809147,0
441,MOL_000903,1,0,0.006420027809147,0
442,MOL_000867,5,1,0.993682797344123,1
443,MOL_002212,4,0,0.2480023406424423,0
444,MOL_003777,2,0,0.0861422474155633,0
445,MOL_000143,5,1,0.9603145420386944,1
446,MOL_000749,4,1,0.8615192992458621,1
447,MOL_000825,4,0,0.1209727241828043,0
448,MOL_000824,3,0,0.0579228615676833,0
449,MOL_001278,4,0,0.2016617430679751,0
450,MOL_000821,2,0,0.052551137036584,0
451,MOL_000820,1,0,0.0074460988298805,0
452,MOL_000826,1,0,0.0115909257943621,0
453,MOL_000841,4,0,0.0291968387845831,0
454,MOL_002425,3,0,0.4820268975708985,0
455,MOL_000891,5,0,0.013105354473283,0
456,MOL_000512,1,0,0.1323270429256806,0
457,MOL_001214,1,1,0.9884646594882484,1
458,MOL_000752,5,0,0.0152122229323566,0
459,MOL_003816,4,0,0.2666997300500933,0
460,MOL_000391,1,1,0.9024118802955574,1
461,MOL_000391,1,1,0.9024118802955574,1
462,MOL_003766,3,0,0.0974446691359895,0
463,MOL_003766,3,0,0.0974446691359895,0
464,MOL_001843,4,0,0.1428293348462589,0
465,MOL_001843,4,0,0.1428293348462589,0
466,MOL_001843,4,0,0.1428293348462589,0
467,MOL_001029,5,0,0.005733389558024,0
468,MOL_000685,3,1,0.7665432018266022,1
469,MOL_002249,4,1,0.5995823034414053,1
470,MOL_002261,2,0,0.5487807508001342,1
471,MOL_002261,2,0,0.5023539727423291,1
472,MOL_003753,4,1,0.9214130407429164,1
473,MOL_003826,5,0,0.8306112068577014,1
474,MOL_002612,4,1,0.3123426010103678,0
475,MOL_002517,1,0,0.3122562708299594,0
476,MOL_000156,5,0,0.0323468825200084,0
477,MOL_000157,1,0,0.0497374001835646,0
478,MOL_000154,2,0,0.0350570448053626,0
479,MOL_000153,4,0,0.033657193776963,0
480,MOL_000312,3,0,0.0803690857459317,0
481,MOL_002251,2,1,0.8473319325691849,1
482,MOL_002661,4,0,0.1025879266859817,0
483,MOL_001155,2,0,0.333626414636518,0
484,MOL_001888,2,1,0.6652729901427819,1
485,MOL_001888,2,1,0.6652729901427819,1
486,MOL_001222,3,1,0.7196294810680379,1
487,MOL_003798,1,1,0.0806944471579309,0
488,MOL_001422,4,1,0.7294620895748196,1
489,MOL_003645,2,0,0.169202809646673,0
490,MOL_002663,1,1,0.4939189237016351,0
491,MOL_003244,3,1,0.2913290200898711,0
492,MOL_002870,5,0,0.3695255823750095,0
493,MOL_003644,1,0,0.5296728908254736,1
494,MOL_003643,3,1,0.1137952696009482,0
495,MOL_003642,3,0,0.0364294060907919,0
496,MOL_000427,2,1,0.9913325366033956,1
497,MOL_000136,4,1,0.9418116277944028,1
498,MOL_000146,1,1,0.9704371142930592,1
499,MOL_002637,5,1,0.9600708512809903,1
500,MOL_002637,5,1,0.9600708512809903,1
501,MOL_000150,4,1,0.9758851237567532,1
502,MOL_000150,4,1,0.9758851237567532,1
503,MOL_002641,2,1,0.8958742619619852,1
504,MOL_001579,1,1,0.9182578063144412,1
505,MOL_001578,4,1,0.9765224504423796,1
506,MOL_001580,3,1,0.9576099669952864,1
507,MOL_001306,2,0,0.0551258955976964,0
508,MOL_002667,3,0,0.1679909188552981,0
509,MOL_001305,5,0,0.0342658028890011,0
510,MOL_001575,2,0,0.1312630943181688,0
511,MOL_001575,2,0,0.1312630943181688,0
512,MOL_001140,2,0,0.0343212101842586,0
513,MOL_002616,4,0,0.3688507929387436,0
514,MOL_001073,5,1,0.9425162253833536,1
515,MOL_003310,4,1,0.8359593810484028,1
516,MOL_003310,4,1,0.8359593810484028,1
517,MOL_001072,4,1,0.9323532496656852,1
518,MOL_000413,3,1,0.5873549852725527,1
519,MOL_000412,1,0,0.9186653188528514,1
520,MOL_002458,1,1,0.5574803156471354,1
521,MOL_002458,1,1,0.5574803156471354,1
522,MOL_000510,3,0,0.0589776657799581,0
523,MOL_000810,5,0,0.0188988010635239,0
524,MOL_002422,5,1,0.2319979721012884,0
525,MOL_002422,5,1,0.2319979721012884,0
526,MOL_002541,2,1,0.8328222000502274,1
527,MOL_000138,2,1,0.968487655513155,1
528,MOL_000141,3,1,0.9868125074446438,1
529,MOL_001018,3,1,0.977420206611518,1
530,MOL_001910,4,1,0.8880866437938268,1
531,MOL_001909,1,0,0.2957072695627069,0
532,MOL_002441,3,0,0.1621633184176459,0
533,MOL_002441,3,0,0.1621633184176459,0
534,MOL_000958,4,0,0.0050520876788609,0
535,MOL_000934,4,1,0.9910816557935088,1
536,MOL_000935,3,0,0.0087188904674882,0
537,MOL_003337,4,1,0.533043533756838,1
538,MOL_003338,2,0,0.197381166233126,0
539,MOL_003338,2,0,0.303645494146075,0
540,MOL_003271,2,1,0.9907515672153884,1
541,MOL_003271,2,1,0.9907515672153884,1
542,MOL_001304,1,1,0.9711896902314422,1
543,MOL_001058,1,1,0.9882125438078532,1
544,MOL_000868,1,1,0.9819788317681292,1
545,MOL_000916,3,0,0.0604802963004179,0
546,MOL_000915,2,0,0.0195427723152299,0
547,MOL_000865,2,1,0.9939444066726792,1
548,MOL_000912,2,0,0.0276702494600376,0
549,MOL_000874,3,1,0.9967459571536406,1
550,MOL_000922,2,0,0.0442182335524911,0
551,MOL_003312,2,1,0.9510182894319004,1
552,MOL_002540,4,1,0.7774425995127562,1
553,MOL_003739,3,0,0.1308097384450513,0
554,MOL_000829,4,0,0.0153252288512576,0
555,MOL_000462,2,0,0.283685066563707,0
556,MOL_000466,2,1,0.3338456173258091,0
557,MOL_000513,3,0,0.290270327867197,0
558,MOL_000513,3,0,0.290270327867197,0
559,MOL_000507,3,1,0.5916028669415591,1
560,MOL_000490,1,0,0.5894217359503336,1
561,MOL_000489,4,1,0.3089980313625163,0
562,MOL_003003,2,1,0.9853380585857144,1
563,MOL_000944,4,0,0.0279628528234837,0
564,MOL_000939,2,1,0.9812320442225864,1
565,MOL_000946,4,0,0.0697923158545512,0
566,MOL_000940,2,1,0.9830576837479094,1
567,MOL_000947,4,0,0.0285771341544699,0
568,MOL_000938,1,1,0.9577028449850946,1
569,MOL_000945,1,0,0.0051498907832589,0
570,MOL_000941,1,1,0.9796734045480489,1
571,MOL_000948,2,0,0.0657744590630982,0
572,MOL_000848,5,1,0.993553210260765,1
573,MOL_000888,2,0,0.011058962217507,0
574,MOL_000845,5,1,0.9852519262219152,1
575,MOL_000885,3,0,0.0033763630972996,0
576,MOL_000843,1,1,0.976972617703518,1
577,MOL_000883,1,0,0.0127809845518896,0
578,MOL_000844,2,1,0.9929904947257132,1
579,MOL_000884,2,0,0.0147503627838294,0
580,MOL_000847,4,1,0.9927833913120429,1
581,MOL_000887,1,0,0.0127256059574765,0
582,MOL_001277,4,0,0.0755341619821461,0
583,MOL_000814,2,1,0.949678999350992,1
584,MOL_000833,3,0,0.0139828372249622,0
585,MOL_000831,2,0,0.0227363004509697,0
586,MOL_002209,5,0,0.1966227803459131,0
587,MOL_003839,5,1,0.9763739331542468,1
588,MOL_002359,5,0,0.1125407328651268,0
589,MOL_000906,2,0,0.0490494015095423,0
590,MOL_000488,2,1,0.1564246990677815,0
591,MOL_000488,2,1,0.1564246990677815,0
592,MOL_000961,5,1,0.9071616677912356,1
593,MOL_000963,2,0,0.0909317444905718,0
594,MOL_001223,1,1,0.8296397686318182,1
595,MOL_001234,5,0,0.094912576275221,0
596,MOL_000764,1,1,0.7449003562097087,1
597,MOL_000767,5,0,0.5412372573697833,1
598,MOL_000746,5,1,0.8525208784160544,1
599,MOL_000746,5,1,0.8525208784160544,1
600,MOL_003778,5,0,0.4968327592850921,0
601,MOL_001654,5,1,0.8627050130866922,1
602,MOL_000986,2,0,0.0049983148320276,0
603,MOL_001348,2,1,0.8604122716424883,1
604,MOL_001350,5,1,0.8953276314193028,1
605,MOL_001350,5,1,0.8953276314193028,1
606,MOL_000985,1,1,0.9625704546279116,1
607,MOL_000969,1,0,0.0233721011112878,0
608,MOL_000971,2,0,0.005700908047057,0
609,MOL_000970,2,1,0.975411932445738,1
610,MOL_000973,4,0,0.0348780002230142,0
611,MOL_000968,3,1,0.9277655962350476,1
612,MOL_001373,4,1,0.451555569471363,0
613,MOL_002220,5,0,0.0331678471641702,0
614,MOL_002220,5,0,0.0331678471641702,0
615,MOL_003306,2,0,0.0490504794800232,0
616,MOL_003304,3,1,0.1452117066865948,0
617,MOL_003304,3,0,0.1289378549169339,0
618,MOL_003303,4,0,0.1607496291979194,0
619,MOL_003303,4,0,0.1607496291979194,0
620,MOL_002433,3,0,0.1386939811554504,0
621,MOL_002433,3,0,0.1386939811554504,0
622,MOL_002204,4,0,0.051727663098154,0
623,MOL_001138,2,0,0.0190595190578453,0
624,MOL_001137,1,0,0.0144754586152103,0
625,MOL_000669,5,0,0.3411025988825695,0
626,MOL_002699,1,1,0.6917947841157452,1
627,MOL_000407,2,0,0.1878840101225957,0
628,MOL_000407,2,0,0.1878840101225957,0
629,MOL_002258,1,0,0.1460371478247266,0
630,MOL_000487,4,1,0.0620983053783599,0
631,MOL_000742,2,0,0.8500177355869106,1
632,MOL_001038,1,0,0.015043839988986,0
633,MOL_000335,3,1,0.6561822854962562,1
634,MOL_002211,1,0,0.1720682571794215,0
635,MOL_003104,1,1,0.7515953754520102,1
636,MOL_003105,3,1,0.4016989972377471,0
637,MOL_003207,5,1,0.955366224977388,1
638,MOL_001042,4,0,0.4262953050807212,0
639,MOL_001355,5,1,0.6626009508010138,1
640,MOL_000975,1,0,0.0556715331655337,0
641,MOL_002262,5,0,0.7624736570428866,1
642,MOL_001886,4,1,0.8551041769249705,1
643,MOL_001886,4,1,0.8551041769249705,1
644,MOL_001884,3,1,0.8711411251113955,1
645,MOL_001884,3,1,0.8711411251113955,1
646,MOL_001444,4,1,0.8711303444328837,1
647,MOL_001445,1,0,0.2503318131198629,0
648,MOL_002250,5,1,0.7793133820758957,1
649,MOL_001894,5,0,0.3759345542847406,0
650,MOL_001894,5,0,0.3759345542847406,0
651,MOL_000158,4,0,0.1211499782598926,0
652,MOL_002976,4,1,0.9052535459901564,1
653,MOL_000502,3,1,0.983006996692389,1
654,MOL_003809,3,1,0.5804464597202703,1
655,MOL_000461,1,1,0.294058556147071,0
656,MOL_003737,3,0,0.0241083878407982,0
657,MOL_003737,3,0,0.0241083878407982,0
658,MOL_001897,3,0,0.4462979135261189,0
659,MOL_001897,3,0,0.4462979135261189,0
660,MOL_003140,4,1,0.9142390825910554,1
661,MOL_003177,1,1,0.7575715501830338,1
662,MOL_003138,3,1,0.9348239924052736,1
663,MOL_002518,5,1,0.9753037890510896,1
664,MOL_003141,5,1,0.9282807449658882,1
665,MOL_003234,3,1,0.9480423278954996,1
666,MOL_003609,3,1,0.9384896751519574,1
667,MOL_002519,2,1,0.9109202396587176,1
668,MOL_003635,3,1,0.8994099559072277,1
669,MOL_000086,2,1,0.9869155851650004,1
670,MOL_001887,1,0,0.95285646714145,1
671,MOL_001896,3,1,0.1135471157273228,0
672,MOL_003769,2,1,0.3737496684014213,0
673,MOL_001495,5,1,0.4467033583278587,0
674,MOL_001491,1,1,0.3388435393909948,0
675,MOL_001494,4,1,0.8552651112706472,1
676,MOL_001492,4,0,0.9177286486220374,1
677,MOL_001496,1,1,0.7237329389005143,1
678,MOL_001493,3,0,0.8805419565898531,1
679,MOL_002253,2,1,0.5106188569753681,1
680,MOL_001396,2,1,0.9765027641497468,1
681,MOL_003733,5,1,0.363369542608452,0
682,MOL_001135,4,0,0.3429067408707087,0
683,MOL_000444,2,1,0.1201695540989006,0
684,MOL_000445,3,0,0.3742259554901289,0
685,MOL_003734,1,0,0.4254785953973263,0
686,MOL_003631,5,1,0.3142590334147141,0
687,MOL_003218,3,1,0.8784076903723251,1
688,MOL_003111,2,1,0.7637857648695148,1
689,MOL_003241,5,0,0.5361749438206005,1
690,MOL_003628,1,0,0.1913351979697448,0
691,MOL_003629,4,0,0.417166643029867,0
692,MOL_001755,5,1,0.2127596350377068,0
693,MOL_002852,5,0,0.348492992734594,0
694,MOL_002700,5,1,0.891510032563363,1
695,MOL_000443,5,0,0.4594377268501414,0
696,MOL_002659,5,0,0.2077446876631304,0
697,MOL_003722,2,1,0.905514783071428,1
698,MOL_001053,4,0,0.0041446284390967,0
699,MOL_002197,1,0,0.0663543998821396,0
700,MOL_002196,5,0,0.1919675043007451,0
701,MOL_000842,2,0,0.0428509300411783,0
702,MOL_002198,2,0,0.5793615595721848,1
703,MOL_001054,4,0,0.0054551220097103,0
704,MOL_001052,2,0,0.0363433884482786,0
705,MOL_001050,4,0,0.0391847384015497,0
706,MOL_001051,3,0,0.0270703147505332,0
707,MOL_001049,1,0,0.0445152189443378,0
708,MOL_002199,3,0,0.4031545846235521,0
709,MOL_002200,1,0,0.1495441514109691,0
710,MOL_001055,5,0,0.0252483450754278,0
711,MOL_002862,5,1,0.4444697158545087,0
712,MOL_001171,1,1,0.8250177247017233,1
713,MOL_003723,5,1,0.960750131076519,1
714,MOL_003251,2,1,0.9859429372215625,1
715,MOL_002666,2,0,0.7561469410809025,1
716,MOL_001148,1,1,0.926348222768828,1
717,MOL_001076,5,0,0.0179340477493024,0
718,MOL_001075,4,0,0.0302453652796222,0
719,MOL_002615,2,0,0.0517944777350668,0
720,MOL_002455,1,0,0.5391853514681534,1
721,MOL_001114,1,1,0.5916521458614388,1
722,MOL_002297,2,1,0.9784974413027296,1
723,MOL_002297,2,1,0.9784974413027296,1
724,MOL_002638,3,1,0.8412516769003625,1
725,MOL_000137,2,1,0.8932697143244872,1
726,MOL_000147,1,1,0.8986613723646691,1
727,MOL_000425,1,1,0.9332115850689532,1
728,MOL_000149,3,1,0.9834439809085678,1
729,MOL_000069,1,1,0.5645639566225948,1
730,MOL_000068,2,0,0.4176995714650646,0
731,MOL_002573,3,0,0.0109931925937201,0
732,MOL_001827,5,0,0.0492182351608066,0
733,MOL_001830,3,0,0.194374794516713,0
734,MOL_001829,2,0,0.074973173983064,0
735,MOL_001828,1,0,0.0658104486020627,0
736,MOL_002431,4,0,0.4459504991088845,0
737,MOL_000993,3,1,0.9890847893571696,1
738,MOL_000994,4,0,0.0422153075375065,0
739,MOL_003364,4,0,0.7119978993168948,1
740,MOL_003454,1,1,0.229805641675999,0
741,MOL_002665,5,1,0.6234250334943695,1
742,MOL_001574,1,1,0.7602404906946472,1
743,MOL_002664,3,0,0.8805330668401554,1
744,MOL_000140,1,1,0.9874646745577668,1
745,MOL_000139,5,1,0.9370023194303376,1
746,MOL_000414,2,1,0.9664926659349328,1
747,MOL_000142,4,1,0.8511747879755452,1
748,MOL_003274,3,1,0.4951818479192106,0
749,MOL_003282,5,0,0.3889684309163065,0
750,MOL_000850,2,1,0.958352153500992,1
751,MOL_000877,5,1,0.8630802815053059,1
752,MOL_000925,5,0,0.0185499960958117,0
753,MOL_001835,1,1,0.5767795398960535,1
754,MOL_001487,3,1,0.8312872007517347,1
755,MOL_001488,4,0,0.0887054546354723,0
756,MOL_000957,1,0,0.0037024704852325,0
757,MOL_000956,5,0,0.0038401188462816,0
758,MOL_000959,3,0,0.0044472482709173,0
759,MOL_001006,4,0,0.0300205973637824,0
760,MOL_003272,5,1,0.9780491104608908,1
761,MOL_003272,5,1,0.97764697894047,1
762,MOL_003345,1,0,0.0581342938709478,0
763,MOL_003345,1,0,0.0599459643115386,0
764,MOL_003287,2,0,0.0380983826007085,0
765,MOL_002545,2,0,0.9459366939019168,1
766,MOL_002544,1,1,0.5172987977363105,1
767,MOL_003280,2,0,0.0312428561205832,0
768,MOL_001224,4,1,0.972976100284878,1
769,MOL_001235,5,0,0.0300607821407712,0
770,MOL_002443,3,1,0.936816293579463,1
771,MOL_002434,1,0,0.315792413906213,0
772,MOL_001057,2,1,0.9645625994117688,1
773,MOL_001059,3,0,0.0590751082478994,0
774,MOL_001060,4,0,0.006511275415456,0
775,MOL_000790,2,1,0.9867799077258144,1
776,MOL_000792,4,0,0.0021899140488869,0
777,MOL_000791,5,1,0.9930385179917454,1
778,MOL_000793,1,0,0.0065872466072912,0
779,MOL_001419,5,1,0.4236619916330545,0
780,MOL_003005,4,1,0.9723296881798632,1
781,MOL_001098,4,1,0.4521756504151873,0
782,MOL_001095,4,0,0.0847836337320054,0
783,MOL_000071,1,1,0.8237503244347134,1
784,MOL_000070,5,0,0.3604512250162305,0
785,MOL_000869,3,1,0.9951586212649476,1
786,MOL_000917,4,0,0.0094917807839926,0
787,MOL_000864,1,1,0.9922406673355336,1
788,MOL_000911,5,0,0.0168103672049304,0
789,MOL_001097,3,1,0.8821289932141729,1
790,MOL_000866,4,1,0.9806185462235768,1
791,MOL_000913,5,0,0.0069705954022259,0
792,MOL_003313,3,0,0.0078913227740019,0
793,MOL_001836,2,1,0.4396008195531899,0
794,MOL_003301,5,1,0.8759950884495258,1
795,MOL_000012,5,1,0.961831016038726,1
796,MOL_001016,5,1,0.958236651264415,1
797,MOL_000858,4,1,0.9721604556463966,1
798,MOL_000902,5,0,0.0516843977613351,0
799,MOL_000860,2,1,0.9832986092465263,1
800,MOL_000855,1,1,0.9844180193900604,1
801,MOL_000899,1,0,0.0108046462935247,0
802,MOL_000856,4,1,0.982641835030106,1
803,MOL_000900,3,0,0.005602383202932,0
804,MOL_000857,5,1,0.9864661401262528,1
805,MOL_000901,4,0,0.0106767795034272,0
806,MOL_000854,3,1,0.9823791002822788,1
807,MOL_000898,2,0,0.0131553849335205,0
808,MOL_000013,1,1,0.9842938204965348,1
809,MOL_000015,3,0,0.0634492041929023,0
810,MOL_000011,4,1,0.9870060430771644,1
811,MOL_000862,3,1,0.9928708967666888,1
812,MOL_000907,4,0,0.0129310838765241,0
813,MOL_000863,5,1,0.9873860740909398,1
814,MOL_000908,2,0,0.0177913398114348,0
815,MOL_000861,2,1,0.9943164737636394,1
816,MOL_000905,4,0,0.0055739611835393,0
817,MOL_001019,2,1,0.983280016920361,1
818,MOL_001028,4,0,0.0382220750785679,0
819,MOL_001014,3,1,0.986211171733446,1
820,MOL_001024,5,0,0.0205294142106234,0
821,MOL_000759,1,1,0.5388735361279151,1
822,MOL_003738,4,0,0.1327830145395242,0
823,MOL_000827,5,1,0.988030114422618,1
824,MOL_002566,4,1,0.544354858902511,1
825,MOL_000813,1,1,0.9540168919706652,1
826,MOL_000789,4,1,0.9914493905587334,1
827,MOL_000942,5,1,0.97459110916889,1
828,MOL_000676,3,1,0.9710526936401478,1
829,MOL_001010,5,1,0.9634063465993438,1
830,MOL_000795,3,1,0.985206670406668,1
831,MOL_002993,5,1,0.1729226767576417,0
832,MOL_000019,3,1,0.8698431451723002,1
833,MOL_001004,2,1,0.9945457363343316,1
834,MOL_001900,4,1,0.925783918975119,1
835,MOL_000794,2,1,0.9934063337389292,1
836,MOL_003024,3,1,0.8977501614728249,1
837,MOL_003029,5,1,0.901309910572969,1
838,MOL_000937,1,1,0.957016629213957,1
839,MOL_001290,4,0,0.2262559485930027,0
840,MOL_001293,2,1,0.0676173607649191,0
841,MOL_001208,5,0,0.1090360034996149,0
842,MOL_001209,5,0,0.1069065642936962,0
843,MOL_002702,2,0,0.128489562985924,0
844,MOL_000151,5,0,0.0624109075436725,0
845,MOL_000144,5,1,0.9763365428955982,1
846,MOL_002999,4,1,0.7356436533712406,1
847,MOL_001100,2,1,0.8416199158122776,1
848,MOL_001099,1,1,0.5805009842355343,1
849,MOL_001101,2,0,0.3916211296883928,0
850,MOL_001344,5,1,0.4075490205041049,0
851,MOL_001345,3,0,0.2584551832019456,0
852,MOL_003007,5,0,0.9309155375342671,1
853,MOL_003039,5,0,0.5068919099401766,1
854,MOL_003041,5,1,0.3313900837221642,0
855,MOL_001302,4,0,0.3549406423929072,0
856,MOL_001301,3,1,0.1990439545593307,0
857,MOL_000837,1,1,0.9863843594517062,1
858,MOL_000838,3,0,0.0087395808880929,0
859,MOL_000964,5,1,0.9696259732269116,1
860,MOL_000965,1,0,0.0243766751287554,0
861,MOL_001005,3,1,0.992878566124253,1
862,MOL_001008,3,1,0.9955627002414372,1
863,MOL_001007,1,1,0.9781120251978582,1
864,MOL_002419,2,1,0.3369025838122947,0
865,MOL_001001,5,1,0.9847165695913948,1
866,MOL_001002,5,1,0.9865203376904912,1
867,MOL_001003,1,1,0.9809658428738122,1
868,MOL_000989,5,1,0.9779328402767694,1
869,MOL_000990,1,0,0.0037316367436288,0
870,MOL_000987,3,1,0.9771850830498204,1
871,MOL_000988,4,0,0.0082896248184342,0
872,MOL_001503,4,0,0.1161835136346784,0
873,MOL_003747,5,0,0.1525125842916864,0
874,MOL_001386,2,0,0.1633981261443112,0
875,MOL_003249,4,0,0.0552672988969177,0
876,MOL_003614,2,0,0.1022580052774223,0
877,MOL_002449,2,1,0.8305584750377881,1
878,MOL_000678,4,0,0.085529479947324,0
879,MOL_003250,4,0,0.0580166244357519,0
880,MOL_000817,4,1,0.8870208358693885,1
881,MOL_000677,2,0,0.0284912604380639,0
882,MOL_000816,3,1,0.8343900228710525,1
883,MOL_000881,4,1,0.977485025680893,1
884,MOL_000932,5,0,0.0287770490531642,0
885,MOL_001030,1,0,0.0178632095399171,0
886,MOL_000880,3,1,0.8873257252723562,1
887,MOL_000931,2,0,0.0251441639957565,0
888,MOL_000815,3,1,0.9636535110556312,1
889,MOL_000822,2,0,0.0189208528970998,0
890,MOL_000675,1,0,0.1733316926145679,0
891,MOL_003308,5,0,0.0903740916015592,0
892,MOL_000835,2,0,0.02538174350496,0
893,MOL_001048,3,0,0.0519937549386051,0
894,MOL_000834,5,0,0.0289913511155856,0
895,MOL_000679,2,0,0.1069458757137779,0
896,MOL_000839,4,1,0.9646304932301236,1
897,MOL_000840,3,0,0.0182496321210297,0
898,MOL_000879,2,1,0.9467334294432236,1
899,MOL_000930,5,0,0.0122134113023288,0
900,MOL_000832,1,0,0.0389182239500466,0
901,MOL_000830,4,1,0.9455246396920468,1
902,MOL_000818,5,1,0.8566659585684568,1
903,MOL_000882,5,1,0.9341324538925684,1
904,MOL_000933,1,0,0.0382287634441801,0
905,MOL_000836,5,0,0.0165293160210297,0
906,MOL_000943,3,1,0.901529191048538,1
907,MOL_000949,3,0,0.0672475646281068,0
908,MOL_001280,4,1,0.4986993098125905,0
909,MOL_001279,5,0,0.0824953440835395,0
910,MOL_002438,5,1,0.0818306881603381,0
911,MOL_002239,4,0,0.3057483752768943,0
912,MOL_002216,1,0,0.0962771062621487,0
913,MOL_001212,4,0,0.1173838430397845,0
914,MOL_001211,3,0,0.0025219619536061,0
915,MOL_003797,5,1,0.9117701420971616,1
916,MOL_002446,5,1,0.7321243808773288,1
917,MOL_001180,2,1,0.5324302555434746,1
918,MOL_001178,1,0,0.3028051517441067,0
919,MOL_001181,5,1,0.7763066967391573,1
920,MOL_001428,3,0,0.5530662925046409,1
921,MOL_001430,2,1,0.954215962992872,1
922,MOL_001432,5,1,0.3473416048199636,0
923,MOL_002787,2,0,0.1068464840226617,0
924,MOL_002442,2,0,0.1643340223715943,0
925,MOL_001179,3,0,0.1601723703867221,0
926,MOL_001429,1,0,0.1445626057347319,0
927,MOL_001431,4,1,0.820195020798114,1
928,MOL_000447,2,1,0.8924580678853585,1
929,MOL_000448,1,0,0.7519374219647664,1
930,MOL_000446,4,0,0.8351346942498311,1
931,MOL_002360,1,0,0.0962651148094813,0
932,MOL_000896,4,0,0.022204988890633,0
933,MOL_000892,4,0,0.0145048326516471,0
934,MOL_000928,3,0,0.03223219796884,0
935,MOL_000927,2,0,0.0240021937704062,0
936,MOL_000878,1,1,0.702734136313659,1
937,MOL_000929,4,0,0.1475349334620016,0
938,MOL_002361,2,1,0.3459751800847658,0
939,MOL_000926,1,0,0.0968367036145691,0
940,MOL_002607,5,0,0.2723335886475046,0
941,MOL_003014,1,0,0.0372841276176902,0
942,MOL_001226,4,0,0.3660579155465316,0
943,MOL_002905,5,0,0.3584725024619477,0
944,MOL_000910,5,0,0.0087192848235876,0
945,MOL_002358,3,0,0.3002223049017881,0
946,MOL_001225,2,0,0.3096839234630725,0
947,MOL_001500,5,0,0.4369556888459661,0
948,MOL_002642,3,1,0.6270298017298722,1
949,MOL_002643,4,0,0.4406984560412791,0
950,MOL_001299,3,1,0.9209367253043108,1
951,MOL_001298,1,1,0.8216127640067906,1
952,MOL_001300,2,0,0.2252484744837414,0
953,MOL_002238,3,0,0.2763732566858269,0
954,MOL_000174,1,1,0.1984343297428932,0
955,MOL_003362,1,1,0.3916179206689421,0
956,MOL_003452,2,0,0.5559631050586163,1
957,MOL_003025,2,1,0.4230376174802784,0
958,MOL_003026,4,0,0.8877869582714413,1
959,MOL_001390,1,0,0.7112964506625932,1
960,MOL_001391,5,1,0.2286618405534553,0
961,MOL_000763,3,1,0.9241917014771024,1
962,MOL_000740,1,1,0.691332827287034,1
963,MOL_003779,5,1,0.5515720601375711,1
964,MOL_000757,4,0,0.1006706913017435,0
965,MOL_000757,4,0,0.1006706913017435,0
966,MOL_000743,3,0,0.7386639159868627,1
967,MOL_000745,2,0,0.1179610076068756,0
968,MOL_000744,5,0,0.1424378782971108,0
969,MOL_001851,1,1,0.9030360343827007,1
970,MOL_001840,1,1,0.7813480867316775,1
971,MOL_000747,1,1,0.7352117410905464,1
972,MOL_001839,2,1,0.6103761861291854,1
973,MOL_003745,2,1,0.8778346898697723,1
974,MOL_000748,3,1,0.8490144777513645,1
975,MOL_003728,3,1,0.7658429139320935,1
976,MOL_001289,3,0,0.9107472976060856,1
977,MOL_003010,5,0,0.2859467692226691,0
978,MOL_003018,4,1,0.2537015258674076,0
979,MOL_003009,2,1,0.8101611278183961,1
980,MOL_000796,5,1,0.923218028235041,1
981,MOL_003021,5,1,0.9588334460025132,1
982,MOL_003040,1,1,0.3801583114497575,0
983,MOL_000721,3,1,0.9110297717559646,1
984,MOL_000974,5,0,0.0113880396914185,0
985,MOL_000972,5,0,0.0258074635040486,0
986,MOL_002696,1,0,0.2644476279782065,0
987,MOL_001881,5,0,0.552050345799157,1
988,MOL_002695,3,0,0.1378195122646869,0
989,MOL_002645,2,0,0.3342494678737865,0
990,MOL_003109,5,0,0.4870062854205599,0
991,MOL_003599,5,1,0.971794791835442,1
992,MOL_002219,4,0,0.1062499586205894,0
993,MOL_000396,5,0,0.0152741842934192,0
994,MOL_001096,5,0,0.0425621600249177,0
995,MOL_001094,4,0,0.0343987397913935,0
996,MOL_001808,1,0,0.4934329700193763,0
997,MOL_002766,3,0,0.1131241781765921,0
998,MOL_000422,1,0,0.1185431485183551,0
999,MOL_003741,2,0,0.059309327312527,0
1000,MOL_003729,3,1,0.155179382890852,0
1001,MOL_003742,4,0,0.0658169569262821,0
1002,MOL_000509,4,1,0.1358036144185471,0
1003,MOL_003038,2,0,0.0091127315655291,0
1004,MOL_000508,2,1,0.6237860577627542,1
1005,MOL_003035,1,0,0.028444549993759,0
1006,MOL_003034,2,0,0.0099804311835646,0
1007,MOL_003037,3,0,0.0139412440307216,0
1008,MOL_003033,5,0,0.0514912232030192,0
1009,MOL_003036,4,0,0.0187689323960765,0
1010,MOL_001371,5,1,0.6052665361046167,1
1011,MOL_000134,5,1,0.7954232254413052,1
1012,MOL_000544,5,1,0.8030776631300581,1
1013,MOL_002454,5,1,0.753041263374792,1
1014,MOL_002252,1,1,0.4883236048018045,0
1015,MOL_000750,5,0,0.4688300748652733,0
1016,MOL_000390,5,1,0.8520844400610215,1
1017,MOL_000389,4,0,0.9011868251172692,1
1018,MOL_000393,2,1,0.6480941311614412,1
1019,MOL_000392,4,1,0.7109004101407616,1
1020,MOL_002448,1,1,0.8505532178003314,1
1021,MOL_002231,2,1,0.6588808215077816,1
1022,MOL_000394,3,1,0.9241570811326753,1
1023,MOL_000756,4,0,0.4891378044489533,0
1024,MOL_000453,1,0,0.186294610083899,0
1025,MOL_002866,4,1,0.1369725592242698,0
1026,MOL_002865,3,0,0.2507069340460814,0
1027,MOL_002861,1,1,0.7892865313174776,1
1028,MOL_002860,5,1,0.927316031154498,1
1029,MOL_001437,4,1,0.816778455853439,1
1030,MOL_002424,2,0,0.5859337013520391,1
1031,MOL_001139,1,0,0.1203043944632733,0
1032,MOL_001481,4,0,0.1209145883753893,0
1033,MOL_000683,5,0,0.4040786855429385,0
1034,MOL_000684,1,0,0.331801576080097,0
1035,MOL_001136,3,0,0.1019271080649894,0
1036,MOL_000670,1,0,0.0469272998864675,0
1037,MOL_000484,1,1,0.9620487289219776,1
1038,MOL_000758,2,0,0.0124656103099911,0
1039,MOL_000457,3,1,0.0483177336281826,0
1040,MOL_000001,3,0,0.0024400185591878,0
1041,MOL_000936,4,0,0.0092030552603928,0
1042,MOL_000388,2,1,0.7360965550108275,1
1043,MOL_001852,1,0,0.069681434504023,0
1044,MOL_003324,1,0,0.7484063699846708,1
1045,MOL_002428,5,1,0.3907252102673618,0
1046,MOL_000977,3,1,0.9554258442936971,1
1047,MOL_000983,5,0,0.0171888834249971,0
1048,MOL_000978,4,1,0.9245221194387752,1
1049,MOL_000981,3,0,0.0034561026281742,0
1050,MOL_000982,2,0,0.0043206868182434,0
1051,MOL_000980,1,1,0.9666515053308756,1
1052,MOL_001020,3,1,0.8539914340846109,1
1053,MOL_000723,1,0,0.0516826099466143,0
1054,MOL_000722,5,1,0.9515902368649612,1
1055,MOL_003704,4,0,0.01053955666266,0
1056,MOL_003285,2,0,0.1119150857044302,0
1057,MOL_003699,1,0,0.0410148088656647,0
1058,MOL_003236,5,0,0.029548972509802,0
1059,MOL_001420,2,0,0.0225484609754499,0
1060,MOL_003700,5,0,0.0157199746405031,0
1061,MOL_003710,3,0,0.0066216665997348,0
1062,MOL_003702,3,0,0.0052611641579017,0
1063,MOL_002893,4,0,0.068992809824863,0
1064,MOL_002867,1,0,0.0322043585217516,0
1065,MOL_002904,5,0,0.2220007102382969,0
1066,MOL_001846,1,0,0.3818618771413966,0
1067,MOL_003708,1,0,0.0145027490229744,0
1068,MOL_003706,1,0,0.0347298352388665,0
1069,MOL_000087,3,1,0.976263657746373,1
1070,MOL_000006,4,0,0.0449030581211021,0
1071,MOL_000152,1,0,0.0209211932725563,0
1072,MOL_001486,2,1,0.4762095129353311,0
1073,MOL_003205,5,1,0.2893380885151765,0
1074,MOL_000007,2,0,0.0071452845394638,0
1075,MOL_000005,2,0,0.0429185521421989,0
1076,MOL_001035,4,0,0.9344866285034272,1
1077,MOL_003365,3,1,0.5802293344863472,1
1078,MOL_000808,4,0,0.0782827771924477,0
1079,MOL_000060,5,0,0.0232487893884332,0
1080,MOL_000059,2,1,0.9225077463378432,1
1081,MOL_000807,5,0,0.7924078671765167,1
1082,MOL_001883,2,1,0.9280981878871334,1
1083,MOL_001893,1,0,0.0725608468609927,0
1084,MOL_001885,5,1,0.9040757648822876,1
1085,MOL_001892,4,0,0.1842496808470458,0
1086,MOL_002233,4,1,0.7058621602624184,1
1087,MOL_000409,5,1,0.6819917922866522,1
1088,MOL_003615,1,1,0.952996922468333,1
1089,MOL_003305,2,1,0.3338493286132061,0
1090,MOL_002217,2,1,0.3482007597056981,0
1091,MOL_002417,3,1,0.7224287428228913,1
1092,MOL_002183,4,1,0.7831151953949002,1
1093,MOL_003366,5,1,0.6407251840846513,1
1094,MOL_002726,5,1,0.8665812070824372,1
1095,MOL_002213,3,1,0.5917934093863,1
1096,MOL_000328,2,1,0.7398345718585283,1
1097,MOL_000327,5,1,0.9144880998081792,1
1098,MOL_002224,5,1,0.2429652554118576,0
1099,MOL_000331,4,0,0.642809653459168,1
1100,MOL_000330,3,0,0.4734171931252018,0
1101,MOL_000329,3,1,0.5990227556646772,1
1102,MOL_000332,1,1,0.4953815153952904,0
1103,MOL_000334,5,0,0.6275690154499993,1
1104,MOL_000333,4,0,0.4740143718393562,0
1105,MOL_000326,3,0,0.4624603243138548,0
1106,MOL_001237,3,0,0.1164956800425889,0
1107,MOL_000004,5,0,0.0044542984042291,0
1108,MOL_002771,4,0,0.0418026607118086,0
1109,MOL_002770,1,0,0.1791287444381775,0
1110,MOL_002767,3,0,0.0388694135418928,0
1111,MOL_002768,5,0,0.1197940251397833,0
1112,MOL_002772,2,1,0.0910776439399953,0
1113,MOL_002244,3,0,0.1734020435902457,0
1114,MOL_002221,1,0,0.0861446806744183,0
1115,MOL_002769,4,0,0.1105248112564986,0
1116,MOL_002773,1,0,0.2200020388489598,0
1117,MOL_001775,1,1,0.584966522976105,1
1118,MOL_002260,4,1,0.543411157486559,1
1119,MOL_001514,5,1,0.2595340208159595,0
1120,MOL_001895,2,1,0.7185162017987913,1
1121,MOL_001898,1,1,0.2527624383669308,0
1122,MOL_002685,5,1,0.7588861208784154,1
1123,MOL_001810,2,0,0.5307167463779585,1
1124,MOL_001820,2,1,0.4922274565181417,0
1125,MOL_000952,5,0,0.0176159610548352,0
1126,MOL_000951,2,1,0.988204678846948,1
1127,MOL_000955,4,0,0.0124117086253611,0
1128,MOL_000954,3,1,0.961757896818316,1
1129,MOL_000950,5,0,0.0761845466337172,0
1130,MOL_000953,1,0,0.0090090665482891,0
1131,MOL_001613,3,0,0.8375991324469252,1
1132,MOL_001162,2,0,0.0425361052602347,0
1133,MOL_001040,3,0,0.0609232475298039,0
1134,MOL_000805,3,0,0.0283805817017251,0
1135,MOL_002575,2,0,0.0261071830921511,0
1136,MOL_002582,4,0,0.0483147135451061,0
1137,MOL_002581,5,0,0.2020846720563715,0
1138,MOL_002210,2,0,0.047468135707997,0
1139,MOL_001356,1,0,0.5356140710655112,1
1140,MOL_001351,4,0,0.612877934968076,1
1141,MOL_001490,2,1,0.7649600330441912,1
1142,MOL_001489,1,0,0.9163046191242328,1
1143,MOL_000411,4,1,0.3352799761574399,0
1144,MOL_003770,3,0,0.4612693331510787,0
1145,MOL_000976,2,0,0.0170952108829908,0
1146,MOL_000009,3,0,0.0033602812566229,0
1147,MOL_000008,1,0,0.0153491278955225,0
1148,MOL_000010,2,0,0.0035786354753382,0
1149,MOL_002229,1,1,0.5174084067305561,1
1150,MOL_002206,2,0,0.5069139249502128,1
1151,MOL_002555,4,1,0.878392744844077,1
1152,MOL_000501,1,1,0.9890690814646876,1
1153,MOL_002554,1,1,0.9559507722582354,1
1154,MOL_000785,3,1,0.9267523206762526,1
1155,MOL_002975,3,1,0.957147224533278,1
1156,MOL_002556,5,1,0.9538727376787596,1
1157,MOL_000398,1,1,0.5664148415925392,1
1158,MOL_003302,1,0,0.1879542211347157,0
1159,MOL_002869,2,0,0.3065912539346406,0
1160,MOL_002550,3,1,0.9764453545745684,1
1161,MOL_002546,3,1,0.6121607103551763,1
1162,MOL_000500,5,1,0.9838133840186176,1
1163,MOL_002547,1,1,0.9860931671268164,1
1164,MOL_002551,4,1,0.9793055344215909,1
1165,MOL_002549,1,1,0.9893400001763764,1
1166,MOL_002548,5,1,0.9875833535741992,1
1167,MOL_002552,2,1,0.9886629403300808,1
1168,MOL_002553,5,1,0.9777942222764868,1
1169,MOL_000179,3,1,0.9754713000442722,1
1170,MOL_001218,1,1,0.8719299073473584,1
1171,MOL_000852,2,1,0.9891650447864327,1
1172,MOL_000061,5,0,0.9158271485090038,1
1173,MOL_000082,4,1,0.5172482040353895,1
1174,MOL_000083,5,0,0.4855303742935016,0
1175,MOL_001604,4,1,0.2304177779311663,0
1176,MOL_001838,4,1,0.7124573510965463,1
1177,MOL_003142,1,1,0.932253423161149,1
1178,MOL_003139,1,1,0.9064591805032672,1
1179,MOL_003137,2,1,0.928524176886758,1
1180,MOL_001421,3,1,0.9588106511822488,1
1181,MOL_003348,4,1,0.7916897730515898,1
1182,MOL_002727,2,1,0.6516490976481891,1
1183,MOL_001219,4,1,0.875663810418275,1
1184,MOL_001229,3,0,0.3267099682211338,0
1185,MOL_000571,5,1,0.2610212194819291,0
1186,MOL_000316,1,1,0.7819625981438069,1
1187,MOL_002538,2,1,0.3053657684010878,0
1188,MOL_000809,4,1,0.958098873998522,1
1189,MOL_002687,2,1,0.8322068285026416,1
1190,MOL_000777,4,1,0.9792955393250068,1
1191,MOL_000776,1,1,0.9796684144365444,1
1192,MOL_000775,2,1,0.9428394446987396,1
1193,MOL_000773,2,1,0.940844380529966,1
1194,MOL_000774,3,1,0.989493937039748,1
1195,MOL_000771,5,1,0.9860706540172984,1
1196,MOL_000772,4,1,0.9386954090722218,1
1197,MOL_000770,4,1,0.988106249605412,1
1198,MOL_000779,4,1,0.9304613508873812,1
1199,MOL_000778,3,1,0.989655360544046,1
1200,MOL_001034,2,1,0.9939201317764856,1
1201,MOL_000769,5,1,0.8024662065375537,1
1202,MOL_003787,5,1,0.8535781831834163,1
1203,MOL_000780,5,0,0.3529795011311228,0
1204,MOL_003825,2,1,0.9942526229185736,1
1205,MOL_003808,3,1,0.980255849027666,1
1206,MOL_003206,3,1,0.9664698712375902,1
1207,MOL_000020,1,1,0.9726011424833632,1
1208,MOL_003048,4,1,0.973729514877793,1
1209,MOL_003136,1,1,0.9835191052270305,1
1210,MOL_000313,5,0,0.0502794806150134,0
1211,MOL_003012,3,0,0.0656972257713952,0
1212,MOL_003004,3,0,0.948145522199152,1
1213,MOL_002871,5,1,0.9751906727988136,1
1214,MOL_000686,4,1,0.9754818114210556,1
1215,MOL_002539,3,0,0.1940659910001859,0
1216,MOL_002542,5,0,0.786260474447239,1
1217,MOL_003768,1,1,0.7074909498133419,1
1218,MOL_001291,5,1,0.0505675247272534,0
1219,MOL_002560,2,1,0.5091269236459885,1
1220,MOL_002560,2,1,0.6059553848142019,1
1221,MOL_002560,2,1,0.5091269236459885,1
1222,MOL_002560,2,1,0.6059553848142019,1
1223,MOL_002560,2,1,0.6022034978632198,1
1224,MOL_002589,4,0,0.0421190818890989,0
1225,MOL_002589,4,0,0.0546742433038702,0
1226,MOL_002589,4,0,0.0460768106008352,0
1227,MOL_002589,4,0,0.0546742433038702,0
1228,MOL_002589,4,0,0.0645554819767613,0
1229,MOL_002589,4,0,0.0421190818890989,0
1230,MOL_002589,4,0,0.0546742433038702,0
1231,MOL_002589,4,0,0.0421190818890989,0
1232,MOL_002589,4,0,0.0460768106008352,0
1233,MOL_002589,4,0,0.0421190818890989,0
1234,MOL_002589,4,0,0.0546742433038702,0
1235,MOL_002567,1,0,0.7442718395722727,1
1236,MOL_002567,1,0,0.7442718395722727,1
1237,MOL_002601,1,1,0.7124886970013293,1
1238,MOL_002601,1,1,0.7124886970013293,1
1239,MOL_002601,1,1,0.7124886970013293,1
1240,MOL_002568,2,1,0.6709603061820745,1
1241,MOL_002603,4,1,0.4783994959557784,0
1242,MOL_003212,4,0,0.2761095754259382,0
1243,MOL_003211,3,1,0.5194635747421228,1
1244,MOL_000307,4,0,0.7265047707077409,1
1245,MOL_000309,5,0,0.143955313905846,0
1246,MOL_000309,5,0,0.143955313905846,0
1247,MOL_000309,5,0,0.143955313905846,0
1248,MOL_001151,3,0,0.3875570540225815,0
1249,MOL_001151,3,1,0.8678599923027013,1
1250,MOL_001163,3,0,0.0095244161895436,0
1251,MOL_001163,3,0,0.0137656391804346,0
1252,MOL_001163,3,0,0.0095244161895436,0
1253,MOL_001163,3,0,0.0095244161895436,0
1254,MOL_001163,3,0,0.0082571971460788,0
1255,MOL_001163,3,0,0.0090911043974875,0
1256,MOL_001163,3,0,0.0090911043974875,0
1257,MOL_001154,5,1,0.8194230210776132,1
1258,MOL_003694,1,0,0.3712305753253636,0
1259,MOL_003694,1,0,0.1364287669403399,0
1260,MOL_003673,5,0,0.3213292014035173,0
1261,MOL_003253,5,1,0.919176528376112,1
1262,MOL_003253,5,1,0.919176528376112,1
1263,MOL_003260,4,0,0.0320663059363569,0
1264,MOL_003260,4,0,0.0320663059363569,0
1265,MOL_003260,4,0,0.0091931040483569,0
1266,MOL_003260,4,0,0.0091931040483569,0
1267,MOL_003260,4,0,0.0091931040483569,0
1268,MOL_003260,4,0,0.0091931040483569,0
1269,MOL_003260,4,0,0.0091931040483569,0
1270,MOL_003260,4,0,0.0091931040483569,0
1271,MOL_003260,4,0,0.0091931040483569,0
1272,MOL_003679,1,1,0.900913309037232,1
1273,MOL_003695,2,0,0.4702200802492376,0
1274,MOL_002605,1,0,0.2919301953607223,0
1275,MOL_002570,5,1,0.8831483001285587,1
1276,MOL_003715,2,0,0.060834122976883,0
1277,MOL_003715,2,0,0.0551809315021742,0
1278,MOL_003715,2,0,0.0551809315021742,0
1279,MOL_003715,2,0,0.0551809315021742,0
1280,MOL_003715,2,0,0.0551809315021742,0
1281,MOL_003715,2,0,0.0551809315021742,0
1282,MOL_003715,2,0,0.0551809315021742,0
1283,MOL_003715,2,0,0.0551809315021742,0
1284,MOL_003715,2,0,0.0551809315021742,0
1285,MOL_003715,2,0,0.0551809315021742,0
1286,MOL_003715,2,0,0.0551809315021742,0
1287,MOL_003715,2,0,0.0067972982580677,0
1288,MOL_003715,2,0,0.0067972982580677,0
1289,MOL_003715,2,0,0.0067972982580677,0
1290,MOL_003680,4,1,0.9155425055593732,1
1291,MOL_003680,4,1,0.9113616805924908,1
1292,MOL_003680,4,1,0.9113616805924908,1
1293,MOL_003680,4,1,0.9113616805924908,1
1294,MOL_003680,4,1,0.9113616805924908,1
1295,MOL_003680,4,1,0.9113616805924908,1
1296,MOL_003680,4,1,0.9155425055593732,1
1297,MOL_003680,4,1,0.9113616805924908,1
1298,MOL_003680,4,1,0.9113616805924908,1
1299,MOL_003680,4,1,0.9113616805924908,1
1300,MOL_003680,4,1,0.9113616805924908,1
1301,MOL_003254,2,1,0.8525174036142736,1
1302,MOL_003261,1,0,0.0297646865946006,0
1303,MOL_003262,2,0,0.031264236868771,0
1304,MOL_003255,1,1,0.9663814720509056,1
1305,MOL_003681,2,1,0.8514984858050868,1
1306,MOL_003681,2,1,0.7816662034546822,1
1307,MOL_003682,3,1,0.9813665455278217,1
1308,MOL_003717,3,0,0.0537281172479482,0
1309,MOL_003716,1,0,0.0184041323311851,0
1310,MOL_003716,1,0,0.0157143506088898,0
1311,MOL_000173,5,0,0.0289612497151277,0
1312,MOL_000283,2,0,0.2758671734940061,0
1313,MOL_002676,5,1,0.697869891097898,1
1314,MOL_002671,1,0,0.1326303013340115,0
1315,MOL_002671,1,0,0.0997989520315713,0
1316,MOL_002671,1,0,0.0997989520315713,0
1317,MOL_002671,1,0,0.0997989520315713,0
1318,MOL_002671,1,0,0.0997989520315713,0
1319,MOL_000687,2,0,0.0298059754691828,0
1320,MOL_000687,2,0,0.0293278882511174,0
1321,MOL_000687,2,0,0.0293278882511174,0
1322,MOL_001037,4,0,0.2905558486306455,0
1323,MOL_001037,4,1,0.8329756397823577,1
1324,MOL_001041,5,0,0.0074199493001338,0
1325,MOL_001041,5,0,0.0048052988654608,0
1326,MOL_003247,4,1,0.2185196759711108,0
1327,MOL_003247,4,1,0.200592824435443,0
1328,MOL_000428,3,0,0.2975580973825963,0
1329,MOL_000428,3,0,0.2975580973825963,0
1330,MOL_003330,1,1,0.3139183633242305,0
1331,MOL_002880,5,1,0.4994931146587759,0
1332,MOL_002243,2,0,0.480754958911694,0
1333,MOL_001470,3,0,0.0785921271629329,0
1334,MOL_003248,1,1,0.7229123279089074,1
1335,MOL_003248,1,1,0.7229123279089074,1
1336,MOL_003246,3,0,0.3496050996797125,0
1337,MOL_003246,3,0,0.3496050996797125,0
1338,MOL_001260,5,0,0.0912200947978491,0
1339,MOL_001260,5,0,0.0912200947978491,0
1340,MOL_001265,2,1,0.7943409838593946,1
1341,MOL_001265,2,1,0.7943409838593946,1
1342,MOL_003325,2,0,0.3109139031551354,0
1343,MOL_003325,2,0,0.3109139031551354,0
1344,MOL_003325,2,0,0.3109139031551354,0
1345,MOL_003325,2,0,0.3109139031551354,0
1346,MOL_003325,2,0,0.2081621781015962,0
1347,MOL_003325,2,0,0.3109139031551354,0
1348,MOL_003333,2,1,0.8456645219349689,1
1349,MOL_003333,2,1,0.8456645219349689,1
1350,MOL_003333,2,1,0.8456645219349689,1
1351,MOL_003333,2,1,0.8456645219349689,1
1352,MOL_003333,2,1,0.8456645219349689,1
1353,MOL_003333,2,1,0.8777483193555473,1
1354,MOL_003333,2,1,0.8456645219349689,1
1355,MOL_002932,2,0,0.2411529837552165,0
1356,MOL_002897,5,0,0.1940798941971958,0
1357,MOL_002897,5,0,0.1940798941971958,0
1358,MOL_002894,4,0,0.0310042388044898,0
1359,MOL_002891,1,1,0.7089858911763957,1
1360,MOL_002933,3,1,0.7864814919165922,1
1361,MOL_003672,3,1,0.4755958124504384,0
1362,MOL_003683,5,1,0.7912896000151369,1
1363,MOL_003683,5,1,0.7615714147705475,1
1364,MOL_003683,5,1,0.7615714147705475,1
1365,MOL_003718,4,0,0.0358442386213543,0
1366,MOL_003718,4,0,0.0358442386213543,0
1367,MOL_002559,4,0,0.2971841936831494,0
1368,MOL_002586,1,0,0.0219253618819928,0
1369,MOL_003676,4,1,0.7128377359589008,1
1370,MOL_003713,5,0,0.0277724121164956,0
1371,MOL_003713,5,0,0.0277724121164956,0
1372,MOL_003711,4,0,0.0160855023166654,0
1373,MOL_003696,3,0,0.0392284981042343,0
1374,MOL_003696,3,0,0.0392284981042343,0
1375,MOL_003705,5,0,0.0614173528810244,0
1376,MOL_003705,5,0,0.0614173528810244,0
1377,MOL_003677,5,1,0.9922199844884576,1
1378,MOL_003050,5,1,0.8632756621440432,1
1379,MOL_003051,3,0,0.1932852664185139,0
1380,MOL_003051,3,0,0.1313662760632073,0
1381,MOL_002590,2,0,0.6657372821939259,1
1382,MOL_002590,2,0,0.6657372821939259,1
1383,MOL_002590,2,0,0.6657372821939259,1
1384,MOL_002590,2,0,0.6657372821939259,1
1385,MOL_002590,2,0,0.6657372821939259,1
1386,MOL_002590,2,0,0.6657372821939259,1
1387,MOL_002590,2,0,0.6657372821939259,1
1388,MOL_002590,2,0,0.6657372821939259,1
1389,MOL_002590,2,0,0.6657372821939259,1
1390,MOL_002590,2,0,0.6657372821939259,1
1391,MOL_002561,3,1,0.1397601981852474,0
1392,MOL_002561,3,1,0.1397601981852474,0
1393,MOL_002561,3,1,0.1397601981852474,0
1394,MOL_000242,2,0,0.0450225537072935,0
1395,MOL_000671,4,0,0.4664480903150994,0
1396,MOL_000803,1,0,0.4602996327829021,0
1397,MOL_000503,2,1,0.343314737245844,0
1398,MOL_000504,4,0,0.1341849791662815,0
1399,MOL_000504,4,0,0.1341849791662815,0
1400,MOL_000672,2,0,0.048116868652275,0
1401,MOL_000672,2,0,0.048116868652275,0
1402,MOL_000672,2,0,0.048116868652275,0
1403,MOL_001150,4,1,0.7166873466185181,1
1404,MOL_001161,1,0,0.0221835337514764,0
1405,MOL_001161,1,0,0.0171041651419339,0
1406,MOL_001161,1,0,0.0171041651419339,0
1407,MOL_001161,1,0,0.0171041651419339,0
1408,MOL_000806,4,0,0.0168078126649432,0
1409,MOL_000806,4,0,0.0168078126649432,0
1410,MOL_000806,4,0,0.0168078126649432,0
1411,MOL_000806,4,0,0.0168078126649432,0
1412,MOL_000671,4,1,0.6181762748448192,1
1413,MOL_000803,1,1,0.8997563168565804,1
1414,MOL_003788,1,1,0.973990157207302,1
1415,MOL_003794,4,0,0.0675151295534633,0
1416,MOL_000505,5,1,0.6290807076104441,1
1417,MOL_000505,5,1,0.6290807076104441,1
1418,MOL_003789,4,1,0.9427931305544742,1
1419,MOL_003795,3,0,0.1273149661806584,0
1420,MOL_003796,5,0,0.056712582429578,0
1421,MOL_003790,5,1,0.9632736570375652,1
1422,MOL_001134,2,0,0.0515973792106774,0
1423,MOL_003611,4,0,0.0585940939134998,0
1424,MOL_003610,3,0,0.063323244656004,0
1425,MOL_001374,1,0,0.1360270981754726,0
1426,MOL_001374,1,0,0.1360270981754726,0
1427,MOL_001374,1,0,0.1360270981754726,0
1428,MOL_001385,4,1,0.8896122099779837,1
1429,MOL_001385,4,1,0.8896122099779837,1
1430,MOL_001385,4,1,0.8896122099779837,1
1431,MOL_001385,4,1,0.8896122099779837,1
1432,MOL_001385,4,1,0.8896122099779837,1
1433,MOL_001385,4,1,0.8896122099779837,1
1434,MOL_001174,4,0,0.1431963724991803,0
1435,MOL_002647,5,0,0.0367098241095884,0
1436,MOL_002647,5,0,0.0367098241095884,0
1437,MOL_003323,4,0,0.3239961218224783,0
1438,MOL_003323,4,0,0.3239961218224783,0
1439,MOL_003332,4,1,0.979186968196369,1
1440,MOL_003332,4,1,0.979186968196369,1
1441,MOL_002268,4,0,0.0181645724650467,0
1442,MOL_002268,4,0,0.0317627083591998,0
1443,MOL_002259,3,0,0.0528344623223329,0
1444,MOL_002275,1,1,0.9548965178857138,1
1445,MOL_002248,3,1,0.7900361574482042,1
1446,MOL_003326,3,0,0.2570611930622068,0
1447,MOL_003334,2,1,0.1762341543071575,0
1448,MOL_002604,3,0,0.0319832106194662,0
1449,MOL_002569,3,1,0.587004761316067,1
1450,MOL_001292,1,0,0.2068520809448687,0
1451,MOL_003256,1,0,0.0402523784567051,0
1452,MOL_003256,1,0,0.0402523784567051,0
1453,MOL_003256,1,0,0.0281252608301288,0
1454,MOL_003256,1,0,0.0402523784567051,0
1455,MOL_003256,1,0,0.0402523784567051,0
1456,MOL_003256,1,0,0.0402523784567051,0
1457,MOL_003256,1,0,0.0402523784567051,0
1458,MOL_003257,3,0,0.0057047958220708,0
1459,MOL_003257,3,0,0.0057047958220708,0
1460,MOL_003709,2,0,0.00998945531169,0
1461,MOL_003709,2,0,0.0244861004904731,0
1462,MOL_003709,2,0,0.0244861004904731,0
1463,MOL_003701,2,0,0.0054996452830416,0
1464,MOL_003701,2,0,0.0054996452830416,0
1465,MOL_003701,2,0,0.0038710206812578,0
1466,MOL_003701,2,0,0.0038710206812578,0
1467,MOL_003701,2,0,0.0038710206812578,0
1468,MOL_003675,2,1,0.9781640254040636,1
1469,MOL_003674,1,1,0.6873590587066248,1
1470,MOL_003697,4,0,0.0511141905908535,0
1471,MOL_003001,1,0,0.0314736791605181,0
1472,MOL_003001,1,0,0.0314736791605181,0
1473,MOL_003001,1,0,0.0314736791605181,0
1474,MOL_003001,1,0,0.0314736791605181,0
1475,MOL_003001,1,0,0.0314736791605181,0
1476,MOL_003001,1,0,0.0314736791605181,0
1477,MOL_003001,1,0,0.0314736791605181,0
1478,MOL_003107,2,0,0.5483266031901631,1
1479,MOL_000257,3,0,0.0562706865024822,0
1480,MOL_000786,1,0,0.262385280395797,0
1481,MOL_001036,5,1,0.7325353173983771,1
1482,MOL_000787,2,0,0.0028337961379262,0
1483,MOL_001039,2,0,0.0389711064679073,0
1484,MOL_000245,2,0,0.9317278540813558,1
1485,MOL_000801,4,0,0.8308614983521243,1
1486,MOL_000455,5,1,0.3372556510379781,0
1487,MOL_001062,3,1,0.6997690718008155,1
1488,MOL_000682,2,0,0.0317601657256644,0
1489,MOL_001115,4,0,0.7509545317078697,1
1490,MOL_001115,4,0,0.7509545317078697,1
1491,MOL_001115,4,0,0.7509545317078697,1
1492,MOL_001115,4,0,0.7509545317078697,1
1493,MOL_001115,4,0,0.7509545317078697,1
1494,MOL_001119,5,1,0.0899966192154111,0
1495,MOL_001119,5,1,0.0899966192154111,0
1496,MOL_001119,5,1,0.0899966192154111,0
1497,MOL_001119,5,1,0.0899966192154111,0
1498,MOL_001119,5,1,0.0899966192154111,0
1499,MOL_000408,3,0,0.2540257903887741,0
1500,MOL_001120,1,1,0.9535635388844071,1
1501,MOL_000381,4,1,0.2348332979853718,0
1502,MOL_000380,5,0,0.9491679049054343,1
1503,MOL_003637,2,0,0.1545348870873326,0
1504,MOL_003636,4,1,0.8709911162211642,1
1505,MOL_003638,4,0,0.0146568631030938,0
1506,MOL_003638,4,0,0.0146568631030938,0
1507,MOL_003638,4,0,0.0153071114740853,0
1508,MOL_003639,3,1,0.9786856721929098,1
1509,MOL_001383,1,1,0.9615229484800284,1
1510,MOL_001285,3,0,0.0059270880435425,0
1511,MOL_001264,1,1,0.4752780701391145,0
1512,MOL_002585,5,0,0.0496820504928424,0
1513,MOL_000804,2,0,0.0120990166999196,0
1514,MOL_000804,2,0,0.0120990166999196,0
1515,MOL_000804,2,0,0.0120990166999196,0
1516,MOL_000781,4,1,0.3787833704810461,0
1517,MOL_000802,5,1,0.7961269120024683,1
1518,MOL_000784,2,0,0.0057571396083373,0
1519,MOL_000492,3,0,0.1062798667653319,0
1520,MOL_002591,5,0,0.0150360715124353,0
1521,MOL_001483,5,0,0.5834433112477867,1
1522,MOL_001484,1,1,0.739547512599491,1
1523,MOL_003299,3,1,0.7173484123801084,1
1524,MOL_001384,3,1,0.9657767518135376,1
1525,MOL_003830,2,0,0.0524890087547734,0
1526,MOL_003830,2,0,0.0524890087547734,0
1527,MOL_003830,2,0,0.0468894602414775,0
1528,MOL_003830,2,0,0.0348945642583368,0
1529,MOL_003830,2,0,0.0524890087547734,0
1530,MOL_003830,2,0,0.0524890087547734,0
1531,MOL_003830,2,0,0.0348945642583368,0
1532,MOL_003827,1,1,0.6100748189685455,1
1533,MOL_003827,1,1,0.2266942607720521,0
1534,MOL_003828,3,1,0.6530800070224854,1
1535,MOL_003832,5,0,0.4553163975159098,0
1536,MOL_003832,5,0,0.4553163975159098,0
1537,MOL_001382,5,1,0.966693659194197,1
1538,MOL_000024,1,0,0.6123255990956478,1
1539,MOL_000021,2,1,0.5954296565002647,1
1540,MOL_003888,2,1,0.4292101429788694,0
1541,MOL_003888,2,1,0.4292101429788694,0
1542,MOL_003892,1,0,0.2324657513079951,0
1543,MOL_003892,1,0,0.2324657513079951,0
1544,MOL_003707,2,0,0.0174075493905801,0
1545,MOL_003707,2,0,0.0174075493905801,0
1546,MOL_003884,4,1,0.5802708055405712,1
1547,MOL_003883,3,0,0.7151427981027241,1
1548,MOL_002599,3,1,0.3978214148148628,0
1549,MOL_001378,1,1,0.7860472972878183,1
1550,MOL_000074,1,0,0.0132627133622798,0
1551,MOL_003296,5,1,0.7519722441180712,1
1552,MOL_003810,4,1,0.1970706124397763,0
1553,MOL_003811,5,0,0.0120454571554954,0
1554,MOL_003811,5,0,0.0113097103779114,0
1555,MOL_003811,5,0,0.0077945247813181,0
1556,MOL_003811,5,0,0.011949416579991,0
1557,MOL_003811,5,0,0.0120454571554954,0
1558,MOL_002697,2,0,0.0133217658957853,0
1559,MOL_002697,2,0,0.0133217658957853,0
1560,MOL_002949,1,0,0.0218120452384715,0
1561,MOL_002909,2,0,0.0099743497359853,0
1562,MOL_003838,3,0,0.0129729229294061,0
1563,MOL_002509,3,1,0.3099069998954086,0
1564,MOL_002514,2,0,0.3820150888715918,0
1565,MOL_003268,3,0,0.0051612407451932,0
1566,MOL_003268,3,0,0.0051612407451932,0
1567,MOL_003268,3,0,0.0051612407451932,0
1568,MOL_003268,3,0,0.0051612407451932,0
1569,MOL_003268,3,0,0.0051612407451932,0
1570,MOL_003698,5,0,0.0071707232986151,0
1571,MOL_003698,5,0,0.0071707232986151,0
1572,MOL_002511,5,1,0.9271212716189418,1
1573,MOL_002515,3,0,0.2414783342261482,0
1574,MOL_002510,5,0,0.5131619731018359,1
1575,MOL_002564,5,0,0.5019577412070448,1
1576,MOL_003181,1,0,0.6678289210360564,1
1577,MOL_003343,1,1,0.5527765404008818,1
1578,MOL_003343,1,1,0.5527765404008818,1
1579,MOL_003343,1,1,0.5527765404008818,1
1580,MOL_003344,5,0,0.4023614407314678,0
1581,MOL_003344,5,0,0.4023614407314678,0
1582,MOL_003344,5,0,0.4023614407314678,0
1583,MOL_002602,2,0,0.1936807677818049,0
1584,MOL_000768,1,1,0.8335711562033994,1
1585,MOL_001381,2,1,0.9720867959761286,1
1586,MOL_002691,4,0,0.0225974954425701,0
1587,MOL_001375,5,0,0.4939558191092856,0
1588,MOL_002945,4,1,0.4335073161284173,0
1589,MOL_002692,4,0,0.0202639809508181,0
1590,MOL_002946,5,0,0.0192815826001782,0
1591,MOL_002946,5,0,0.0192815826001782,0
1592,MOL_002907,3,0,0.0082738126526231,0
1593,MOL_003237,3,1,0.3315522432117405,0
1594,MOL_003817,3,0,0.0521183460541283,0
1595,MOL_001891,5,0,0.0184439491297425,0
1596,MOL_001891,5,0,0.0184439491297425,0
1597,MOL_002703,3,0,0.0129465434250474,0
1598,MOL_002475,5,0,0.0488453437935006,0
1599,MOL_002351,5,0,0.0243246970090647,0
1600,MOL_003815,5,0,0.0186083019172238,0
1601,MOL_003692,5,0,0.2859298369910604,0
1602,MOL_003692,5,0,0.2859298369910604,0
1603,MOL_003820,1,0,0.1234455381291374,0
1604,MOL_003818,3,1,0.8638598977850597,1
1605,MOL_003819,5,1,0.9201867167521064,1
1606,MOL_003821,2,0,0.1433133449719469,0
1607,MOL_003159,4,0,0.0081746167229507,0
1608,MOL_001473,1,0,0.852714530615721,1
1609,MOL_001112,1,0,0.4944725949253929,0
1610,MOL_001379,3,1,0.9681177186711843,1
1611,MOL_001118,3,0,0.6946454899414785,1
1612,MOL_000477,4,0,0.2292531407778226,0
1613,MOL_000473,2,1,0.4120711658430254,0
1614,MOL_000379,4,0,0.0423961045432099,0
1615,MOL_003835,1,0,0.017973673304643,0
1616,MOL_001261,1,0,0.5105106686591968,1
1617,MOL_002677,2,0,0.101556364524353,0
1618,MOL_002349,4,0,0.0242311944933852,0
1619,MOL_002694,3,0,0.639740510253536,1
1620,MOL_002908,4,1,0.6586084021105436,1
1621,MOL_002948,5,1,0.6552496834114446,1
1622,MOL_003684,5,1,0.3762499376204214,0
1623,MOL_002896,4,1,0.4048508374503088,0
1624,MOL_002930,4,0,0.6571538304823182,1
1625,MOL_001908,4,0,0.0142822814823395,0
1626,MOL_002387,5,0,0.0397116078654561,0
1627,MOL_002480,4,0,0.00946937262525,0
1628,MOL_003088,1,0,0.140124137108441,0
1629,MOL_003772,5,0,0.1022489160267686,0
1630,MOL_001380,5,1,0.9660814798138824,1
1631,MOL_001377,2,1,0.9596857431082144,1
1632,MOL_003687,3,1,0.5521577970990744,1
1633,MOL_003691,2,1,0.4472299619688474,0
1634,MOL_003882,2,0,0.0150165818660933,0
1635,MOL_003057,1,0,0.0099511556571588,0
1636,MOL_003203,4,1,0.935374963777247,1
1637,MOL_002565,5,1,0.7477520019155669,1
1638,MOL_000454,2,0,0.0305072689898884,0
1639,MOL_000506,1,0,0.0647281621950349,0
1640,MOL_002513,4,1,0.7072341541192002,1
1641,MOL_002508,5,0,0.479905712954959,0
1642,MOL_002507,1,1,0.9488978042248136,1
1643,MOL_002512,1,0,0.1074336409068118,0
1644,MOL_003267,2,0,0.0114643039545811,0
1645,MOL_003267,2,0,0.0114643039545811,0
1646,MOL_003266,1,0,0.0167240689337609,0
1647,MOL_003266,1,0,0.0167240689337609,0
1648,MOL_003266,1,0,0.0167240689337609,0
1649,MOL_003266,1,0,0.0167240689337609,0
1650,MOL_003266,1,0,0.0167240689337609,0
1651,MOL_003266,1,0,0.0167240689337609,0
1652,MOL_003266,1,0,0.0167240689337609,0
1653,MOL_003266,1,0,0.0167240689337609,0
1654,MOL_003264,5,0,0.5254572836606806,1
1655,MOL_000476,3,0,0.040110233947393,0
1656,MOL_000472,5,1,0.1353535913350912,0
1657,MOL_003235,4,0,0.7780394202491763,1
1658,MOL_003791,1,0,0.3916456501157716,0
1659,MOL_000688,3,0,0.0057310810806342,0
1660,MOL_003640,1,0,0.0776939922908161,0
1661,MOL_000346,5,0,0.0859937603335385,0
1662,MOL_000342,3,0,0.0956338778236964,0
1663,MOL_000378,3,0,0.182366794674446,0
1664,MOL_003880,5,0,0.0386031470112483,0
1665,MOL_002529,5,0,0.0154962285440717,0
1666,MOL_002266,3,0,0.0123048080109226,0
1667,MOL_003836,5,1,0.9924079979261275,1
1668,MOL_003837,2,0,0.028501938254114,0
1669,MOL_001880,1,1,0.8521748684401911,1
1670,MOL_002474,3,1,0.9809635700437837,1
1671,MOL_002267,4,0,0.3477731799980714,0
1672,MOL_000073,3,0,0.01534592202322,0
1673,MOL_003881,1,0,0.0236998215745267,0
1674,MOL_003686,2,0,0.489143160528307,0
1675,MOL_001158,3,0,0.2629209662618044,0
1676,MOL_001281,4,0,0.0033791534824943,0
1677,MOL_003780,1,0,0.925809004818296,1
1678,MOL_003781,2,1,0.3135765092732316,0
1679,MOL_003106,5,1,0.2191456131156346,0
1680,MOL_002874,1,0,0.0531765512285348,0
1681,MOL_001266,4,1,0.571579053603689,1
1682,MOL_003191,1,0,0.80305481204063,1
1683,MOL_003190,5,1,0.0609201625166362,0
1684,MOL_000324,5,1,0.8322254020126774,1
1685,MOL_002237,3,0,0.2514269125184556,0
1686,MOL_001889,3,0,0.1806265876419017,0
1687,MOL_002950,2,1,0.9931441997276984,1
1688,MOL_002952,4,0,0.0129064706931707,0
1689,MOL_001438,5,1,0.3882933422527195,0
1690,MOL_003630,2,1,0.8073107856444109,1
1691,MOL_000290,4,0,0.1937257784306072,0
1692,MOL_000344,2,0,0.0737006792688053,0
1693,MOL_002718,1,0,0.1171538115874918,0
1694,MOL_000760,3,0,0.2133079855166357,0
1695,MOL_000053,2,0,0.022189307580629,0
1696,MOL_002598,2,0,0.1687320274556479,0
1697,MOL_003192,2,1,0.9991068531027204,1
1698,MOL_003193,3,0,0.0040205993370029,0
1699,MOL_002762,1,1,0.4163701777796215,0
1700,MOL_000384,3,0,0.0284676622882792,0
1701,MOL_003688,4,0,0.1709881285760163,0
1702,MOL_002452,1,1,0.8674512431471759,1
1703,MOL_002456,2,0,0.5052321347927093,1
1704,MOL_002461,5,1,0.7783307689069806,1
1705,MOL_002459,5,1,0.2313028490325517,0
1706,MOL_003617,4,1,0.9188595505707274,1
1707,MOL_001173,5,0,0.1243323383736782,0
1708,MOL_001172,5,1,0.0975944655175096,0
1709,MOL_000023,5,1,0.1725341608470309,0
1710,MOL_003053,1,0,0.0925531191407192,0
1711,MOL_002236,2,0,0.1638952347711914,0
1712,MOL_002247,2,0,0.233760798481095,0
1713,MOL_003242,5,1,0.984926617603285,1
1714,MOL_003243,1,0,0.0983616905814359,0
1715,MOL_003712,1,1,0.7297292343850449,1
1716,MOL_000525,2,0,0.5982946549225282,1
1717,MOL_003220,4,1,0.6835899361684348,1
1718,MOL_003223,3,0,0.0809338494089289,0
1719,MOL_003221,2,0,0.9145693569980804,1
1720,MOL_003225,5,1,0.2010315858415472,0
1721,MOL_003265,4,0,0.0197776957656028,0
1722,MOL_003265,4,0,0.0197776957656028,0
1723,MOL_003265,4,0,0.0197776957656028,0
1724,MOL_003265,4,0,0.0197776957656028,0
1725,MOL_003265,4,0,0.0197776957656028,0
1726,MOL_001295,5,1,0.8259626435082971,1
1727,MOL_001294,3,0,0.135444728302619,0
1728,MOL_001297,5,1,0.871879506826757,1
1729,MOL_001296,4,0,0.1118855591072399,0
1730,MOL_001203,4,1,0.9942605221293866,1
1731,MOL_001205,2,0,0.0085257833905198,0
1732,MOL_003831,4,0,0.1405561258341009,0
1733,MOL_000293,1,1,0.0317331596192761,0
1734,MOL_000293,1,1,0.0317331596192761,0
1735,MOL_000293,1,1,0.0317331596192761,0
1736,MOL_000293,1,1,0.0317331596192761,0
1737,MOL_000288,3,0,0.4876872674326361,0
1738,MOL_000308,4,0,0.5607427859380925,1
1739,MOL_003829,4,0,0.0583591525493489,0
1740,MOL_000282,1,1,0.7725142094219327,1
1741,MOL_003833,1,0,0.0885791107614101,0
1742,MOL_002739,4,1,0.477150981520588,0
1743,MOL_000022,4,1,0.1620530674209623,0
1744,MOL_002563,4,1,0.6401551920555311,1
1745,MOL_002597,4,0,0.2569375115083047,0
1746,MOL_002760,5,0,0.3923532450786391,0
1747,MOL_002760,5,0,0.3930105964841542,0
1748,MOL_001210,1,0,0.006630540600287,0
1749,MOL_000322,1,0,0.0229493448933466,0
1750,MOL_003098,1,1,0.8793823104954788,1
1751,MOL_003098,1,1,0.8793823104954788,1
1752,MOL_003096,1,0,0.1844174391015735,0
1753,MOL_003096,1,0,0.1844174391015735,0
1754,MOL_003099,2,0,0.4245913864939182,0
1755,MOL_003097,3,1,0.6622558379589782,1
1756,MOL_000025,1,0,0.0122263214453089,0
1757,MOL_002722,1,1,0.5496944941448516,1
1758,MOL_002722,1,1,0.5496944941448516,1
1759,MOL_002764,4,1,0.8099782114757798,1
1760,MOL_003089,2,1,0.9942681707972412,1
1761,MOL_003090,1,0,0.0043848526285956,0
1762,MOL_002777,3,1,0.5500602533002008,1
1763,MOL_002786,1,0,0.1879784531688206,0
1764,MOL_002786,1,0,0.1879784531688206,0
1765,MOL_002786,1,0,0.1879784531688206,0
1766,MOL_000385,5,0,0.0157014408182329,0
1767,MOL_002735,3,1,0.6730761408125467,1
1768,MOL_003042,2,1,0.9974799315666072,1
1769,MOL_003043,5,0,0.006179457631358,0
1770,MOL_000383,2,0,0.0276142372408259,0
1771,MOL_003690,3,0,0.097824211356156,0
1772,MOL_000474,4,0,0.2392388499596427,0
1773,MOL_001246,1,1,0.7785055305212462,1
1774,MOL_001245,4,0,0.1117347643573892,0
1775,MOL_003347,3,0,0.3291693399669607,0
1776,MOL_003703,1,1,0.7633829409685068,1
1777,MOL_002347,1,0,0.0127081230939654,0
1778,MOL_000172,2,0,0.0333951535738527,0
1779,MOL_000284,3,0,0.2948940945294769,0
1780,MOL_000264,3,0,0.2816564772393127,0
1781,MOL_000268,1,0,0.0238590789900307,0
1782,MOL_000272,1,0,0.0786695177203445,0
1783,MOL_002877,2,0,0.0299205156613134,0
1784,MOL_003646,3,1,0.9911943869201132,1
1785,MOL_003647,4,0,0.0097778653123393,0
1786,MOL_000735,5,0,0.0440921224881478,0
1787,MOL_002716,2,0,0.1958142430370966,0
1788,MOL_000289,1,0,0.0624929678147263,0
1789,MOL_002759,3,1,0.0881143981670406,0
1790,MOL_002759,3,1,0.0780890744787878,0
1791,MOL_002534,2,1,0.991066551648441,1
1792,MOL_002536,5,0,0.0066053893861394,0
1793,MOL_002717,2,0,0.7023347494995124,1
1794,MOL_001149,5,0,0.2716233800879503,0
1795,MOL_003834,5,1,0.0262723263755856,0
1796,MOL_002758,2,0,0.3265232123016705,0
1797,MOL_002355,4,1,0.167450389115661,0
1798,MOL_000276,5,0,0.0596745231606581,0
1799,MOL_000265,5,1,0.0619400324833503,0
1800,MOL_003179,5,0,0.0504463421077348,0
1801,MOL_002241,1,1,0.4916688392597131,0
1802,MOL_002741,1,1,0.8804904362003511,1
1803,MOL_003685,1,0,0.3811529796187012,0
1804,MOL_003693,4,1,0.2486751808007121,0
1805,MOL_003689,1,0,0.2630973327889084,0
1806,MOL_001164,4,0,0.1777204700682807,0
1807,MOL_000468,5,0,0.0534182011892388,0
1808,MOL_003889,5,1,0.9676090002719958,1
1809,MOL_003894,4,0,0.0502139857177577,0
1810,MOL_003890,3,1,0.9492160491061024,1
1811,MOL_003895,5,0,0.052712721445265,0
1812,MOL_002951,3,1,0.981668271878519,1
1813,MOL_002953,1,0,0.0161794192865873,0
1814,MOL_003793,4,1,0.7904660560072434,1
1815,MOL_002774,5,1,0.9361765728834004,1
1816,MOL_002779,4,0,0.0874099672879974,0
1817,MOL_002776,1,1,0.5546922941295006,1
1818,MOL_002785,4,0,0.3529788237354509,0
1819,MOL_002784,3,0,0.1113551983769569,0
1820,MOL_002775,2,1,0.7532659175337812,1
1821,MOL_001837,3,0,0.0601551756399027,0
1822,MOL_002873,2,0,0.0601802220286117,0
1823,MOL_002994,3,1,0.995813840069734,1
1824,MOL_002995,4,0,0.1230510992197917,0
1825,MOL_000262,4,1,0.4527621087427364,0
1826,MOL_000401,5,1,0.9928781079580288,1
1827,MOL_000403,2,0,0.0191668670281287,0
1828,MOL_003893,2,0,0.1246873044318919,0
1829,MOL_003893,2,0,0.1246873044318919,0
1830,MOL_001176,2,0,0.0114433809243523,0
1831,MOL_000168,1,0,0.0432731682694832,0
1832,MOL_000170,3,0,0.0433387146405095,0
1833,MOL_000163,1,0,0.006470761180711,0
1834,MOL_000661,4,0,0.1359259273418553,0
1835,MOL_000695,3,0,0.0281827975877407,0
1836,MOL_002720,4,0,0.4935732977202955,0
1837,MOL_002381,5,0,0.0069224975788407,0
1838,MOL_002350,1,0,0.0089815150875909,0
1839,MOL_000287,2,0,0.2324475219533961,0
1840,MOL_002504,3,0,0.0342331889413714,0
1841,MOL_003000,3,1,0.5903668270500261,1
1842,MOL_002996,1,1,0.9949704455366172,1
1843,MOL_002997,2,0,0.0101490552505256,0
1844,MOL_000171,4,0,0.011825767274691,0
1845,MOL_000165,2,0,0.0210146234456624,0
1846,MOL_002524,2,1,0.9893443210747136,1
1847,MOL_002526,4,0,0.0055203063170697,0
1848,MOL_003329,2,1,0.1938161718386763,0
1849,MOL_000459,3,0,0.2479653226918635,0
1850,MOL_000459,3,0,0.2479653226918635,0
1851,MOL_000459,3,0,0.5863590568088457,1
1852,MOL_000458,4,1,0.6206202948764141,1
1853,MOL_000458,4,1,0.6206202948764141,1
1854,MOL_002353,3,0,0.0090549451779074,0
1855,MOL_000275,4,0,0.0170957267690109,0
1856,MOL_000269,2,0,0.1535243601979505,0
1857,MOL_000273,2,0,0.0446046319054383,0
1858,MOL_001204,1,1,0.9967742882279224,1
1859,MOL_001206,5,0,0.0058873622070681,0
1860,MOL_002269,2,0,0.0273178946609515,0
1861,MOL_002462,2,1,0.6112110944984218,1
1862,MOL_002460,4,0,0.1828398233285523,0
1863,MOL_002453,4,1,0.8005803658271701,1
1864,MOL_002457,3,0,0.3017549875877992,0
1865,MOL_000306,1,0,0.0224796302445025,0
1866,MOL_000306,1,0,0.0224796302445025,0
1867,MOL_003095,5,0,0.0855528992544176,0
1868,MOL_003093,3,1,0.336253811051937,0
1869,MOL_003094,4,1,0.897258037721565,1
1870,MOL_003094,4,1,0.897258037721565,1
1871,MOL_003092,2,0,0.1685513290415603,0
1872,MOL_003092,2,0,0.1685513290415603,0
1873,MOL_003127,4,1,0.9753596992444282,1
1874,MOL_003128,5,0,0.0081101209506025,0
1875,MOL_003792,2,1,0.8655846082088349,1
1876,MOL_003083,3,0,0.0202367420847678,0
1877,MOL_002322,1,0,0.0163872247352528,0
1878,MOL_002321,5,1,0.9920448549500508,1
1879,MOL_002782,2,0,0.0091631223214089,0
1880,MOL_002780,1,0,0.1161951607911853,0
1881,MOL_002335,2,0,0.0089779523382059,0
1882,MOL_002333,1,1,0.9925368419201726,1
1883,MOL_000467,4,0,0.0659666224963123,0
1884,MOL_000259,5,0,0.0062314702246785,0
1885,MOL_001286,5,0,0.0304977962840417,0
1886,MOL_001284,2,1,0.8954378538209906,1
1887,MOL_001284,2,1,0.8954378538209906,1
1888,MOL_001288,2,0,0.0759945355031853,0
1889,MOL_001282,1,1,0.9003897176857566,1
1890,MOL_002987,5,1,0.9870526458498724,1
1891,MOL_002988,1,0,0.0057086432520878,0
1892,MOL_002315,5,0,0.008608577363737,0
1893,MOL_002309,4,1,0.9416211867893948,1
1894,MOL_002558,3,1,0.973499713822294,1
1895,MOL_002558,3,1,0.9635738688726926,1
1896,MOL_002317,4,0,0.003064722766829,0
1897,MOL_002310,5,1,0.9938405950888416,1
1898,MOL_000495,5,1,0.986076708168274,1
1899,MOL_000497,1,0,0.0311047750587281,0
1900,MOL_002344,5,0,0.0237243507680496,0
1901,MOL_001046,5,0,0.0182584691956499,0
1902,MOL_001207,2,0,0.7844860454045474,1
1903,MOL_002991,2,1,0.994885871705011,1
1904,MOL_002992,1,0,0.0313601563203249,0
1905,MOL_000734,1,0,0.0233872701815463,0
1906,MOL_002704,3,0,0.2009704781623328,0
1907,MOL_000166,4,0,0.055115818417421,0
1908,MOL_002596,1,1,0.1757237756914755,0
1909,MOL_000261,4,1,0.5910782101848483,1
1910,MOL_002378,1,0,0.012816130847284,0
1911,MOL_002367,1,1,0.9547135736273876,1
1912,MOL_002763,3,0,0.9722926464203944,1
1913,MOL_002740,5,1,0.616073519300701,1
1914,MOL_001111,4,0,0.6833291141831077,1
1915,MOL_002528,3,1,0.0862456804715957,0
1916,MOL_000056,5,1,0.7486073983103958,1
1917,MOL_000057,1,1,0.7245285719501231,1
1918,MOL_000057,1,1,0.7245285719501231,1
1919,MOL_000055,4,0,0.0600746125443758,0
1920,MOL_000058,2,0,0.1466487238616841,0
1921,MOL_002365,5,1,0.963129285720201,1
1922,MOL_002376,3,0,0.0247701969860727,0
1923,MOL_002520,3,1,0.992153851940238,1
1924,MOL_002522,1,0,0.0130285849615996,0
1925,MOL_000449,3,1,0.9932898986881128,1
1926,MOL_000450,5,0,0.0066552430365949,0
1927,MOL_000169,2,0,0.0180248276917129,0
1928,MOL_000164,3,0,0.0184132594383331,0
1929,MOL_001553,4,1,0.99376763918656,1
1930,MOL_001555,2,0,0.0133461747578201,0
1931,MOL_002324,4,1,0.981211732210954,1
1932,MOL_002326,2,0,0.0108380830326655,0
1933,MOL_001861,2,1,0.9971020478325552,1
1934,MOL_001863,4,0,0.0066281161253596,0
1935,MOL_000304,2,0,0.0106174411535022,0
1936,MOL_000304,2,0,0.0106174411535022,0
1937,MOL_000299,3,0,0.039535262196796,0
1938,MOL_000299,3,0,0.039535262196796,0
1939,MOL_000294,2,0,0.134942708664024,0
1940,MOL_000294,2,0,0.134942708664024,0
1941,MOL_002346,2,1,0.9962228311881136,1
1942,MOL_002348,3,0,0.019620254752903,0
1943,MOL_003030,2,1,0.9961637697759717,1
1944,MOL_003031,3,0,0.0065959245007503,0
1945,MOL_002535,4,1,0.9942366701425002,1
1946,MOL_002537,1,0,0.0132272387114594,0
1947,MOL_002476,1,1,0.9697580044401292,1
1948,MOL_002479,5,0,0.0273031004495004,0
1949,MOL_000301,1,0,0.0210891020507337,0
1950,MOL_000301,1,0,0.0210891020507337,0
1951,MOL_000305,3,0,0.2176452873784609,0
1952,MOL_000305,3,0,0.2176452873784609,0
1953,MOL_002312,1,0,0.0358062581195876,0
1954,MOL_002356,1,1,0.1383266923262816,0
1955,MOL_002974,2,1,0.9649974388456964,1
1956,MOL_002974,2,1,0.9649974388456964,1
1957,MOL_001159,4,1,0.5291881348385187,1
1958,MOL_003238,1,1,0.0644784821759305,0
1959,MOL_002341,2,0,0.015252057206068,0
1960,MOL_000271,5,0,0.0697390126511738,0
1961,MOL_003045,4,1,0.963837965517339,1
1962,MOL_003047,1,0,0.0314270375693397,0
1963,MOL_003219,2,1,0.7506165879100912,1
1964,MOL_003222,1,0,0.3034486074090495,0
1965,MOL_003224,4,1,0.286580005223234,0
1966,MOL_003019,3,1,0.9894216071951222,1
1967,MOL_003020,5,0,0.0055757353001893,0
1968,MOL_001283,1,1,0.9463114544805836,1
1969,MOL_001287,1,0,0.0250480909333608,0
1970,MOL_002362,3,1,0.985493760364116,1
1971,MOL_002372,2,0,0.0264764383551566,0
1972,MOL_002939,2,1,0.9522958779645004,1
1973,MOL_002941,3,0,0.0289437811538042,0
1974,MOL_002942,2,0,0.0658234033202397,0
1975,MOL_002940,1,1,0.9377356305633764,1
1976,MOL_002725,4,0,0.588063992798493,1
1977,MOL_000402,5,1,0.9949471500708058,1
1978,MOL_000404,5,0,0.0232966884846549,0
1979,MOL_003509,4,1,0.883803648781142,1
1980,MOL_003510,3,0,0.0203002901863754,0
1981,MOL_003046,4,0,0.0747954913462516,0
1982,MOL_002374,4,0,0.0301402371055207,0
1983,MOL_001175,1,1,0.9969449108382136,1
1984,MOL_001177,3,0,0.0117618144321173,0
1985,MOL_001153,2,1,0.6285225767829636,1
1986,MOL_001152,1,1,0.7410425424093644,1
1987,MOL_000302,4,0,0.0188537701999611,0
1988,MOL_000302,4,0,0.0188537701999611,0
1989,MOL_002370,2,1,0.9857301063126712,1
1990,MOL_002382,5,0,0.0197077079389099,0
1991,MOL_001589,5,1,0.9452131677978118,1
1992,MOL_001589,5,1,0.9452131677978118,1
1993,MOL_001591,4,0,0.4984618764463453,0
1994,MOL_001591,4,0,0.4984618764463453,0
1995,MOL_000382,1,0,0.0362202362497175,0
1996,MOL_000286,5,0,0.558663785106473,1
1997,MOL_000267,3,0,0.0660939778964076,0
1998,MOL_002525,3,1,0.9976749131134464,1
1999,MOL_002527,1,0,0.0023079447059187,0
2000,MOL_001476,5,1,0.9237486821001728,1
2001,MOL_001476,5,1,0.9237486821001728,1
2002,MOL_000323,1,0,0.0639056037634501,0
2003,MOL_000300,3,0,0.014020802466034,0
2004,MOL_000300,3,0,0.014020802466034,0
2005,MOL_002352,2,1,0.9925960597458204,1
2006,MOL_002354,4,0,0.008663328249075,0
2007,MOL_002595,4,1,0.7963209792591402,1
2008,MOL_002478,3,0,0.0213572856721826,0
2009,MOL_000167,5,0,0.0727239443464121,0
2010,MOL_000161,3,0,0.0133380371974636,0
2011,MOL_003358,1,1,0.8100843861931591,1
2012,MOL_003359,2,0,0.0545610812439961,0
2013,MOL_002989,2,1,0.998558463046405,1
2014,MOL_002990,3,0,0.0056375756372587,0
2015,MOL_001406,2,1,0.9318377450793844,1
2016,MOL_001408,5,0,0.0343362669446965,0
2017,MOL_002719,3,0,0.0046536854886464,0
2018,MOL_002985,2,1,0.9956203385731264,1
2019,MOL_002986,4,0,0.0084268918386936,0
2020,MOL_002592,1,1,0.1536396293463378,0
2021,MOL_002338,1,0,0.0186928701017779,0
2022,MOL_001869,5,0,0.0106518434601814,0
2023,MOL_001570,1,0,0.0221955052550191,0
2024,MOL_003259,4,1,0.0704408704774435,0
2025,MOL_002336,3,0,0.0182092572483326,0
2026,MOL_002334,5,1,0.9921557977265828,1
2027,MOL_000258,4,1,0.99246854194443,1
2028,MOL_000260,1,0,0.0042932601653269,0
2029,MOL_002469,4,1,0.959699402943797,1
2030,MOL_002471,1,0,0.021842298761942,0
2031,MOL_002721,5,0,0.1936901694102994,0
2032,MOL_002721,5,0,0.1936901694102994,0
2033,MOL_002472,2,0,0.0343787247265416,0
2034,MOL_002470,5,1,0.9237378496422434,1
2035,MOL_002318,4,0,0.0018905083011838,0
2036,MOL_002311,4,1,0.99585061248741,1
2037,MOL_000496,4,1,0.9970099656621736,1
2038,MOL_000498,2,0,0.0097925053874055,0
2039,MOL_002343,5,1,0.9946010028782516,1
2040,MOL_002345,1,0,0.0073133888926006,0
2041,MOL_001045,1,1,0.9949428591023528,1
2042,MOL_001047,2,0,0.0119975372351674,0
2043,MOL_000285,4,1,0.3164227927645267,0
2044,MOL_000274,3,0,0.0314884079170334,0
2045,MOL_000266,5,0,0.0283613013687765,0
2046,MOL_000270,4,0,0.0558375592930841,0
2047,MOL_002734,5,1,0.6900095345659449,1
2048,MOL_001477,1,1,0.7814133404077833,1
2049,MOL_001477,1,1,0.7814133404077833,1
2050,MOL_001474,3,0,0.6774537776901622,1
2051,MOL_001474,3,0,0.6774537776901622,1
2052,MOL_002761,4,0,0.3672547494456719,0
2053,MOL_002761,4,0,0.4152413678123293,0
2054,MOL_002606,5,0,0.1299444068512184,0
2055,MOL_002765,2,0,0.303999932148625,0
2056,MOL_000162,3,0,0.0418161528938422,0
2057,MOL_000178,4,0,0.0116622762961256,0
2058,MOL_000529,3,0,0.0140419048076361,0
2059,MOL_002379,2,0,0.0104284070160999,0
2060,MOL_002368,4,1,0.9848800022516706,1
2061,MOL_002371,1,1,0.6916665415163332,1
2062,MOL_002383,2,0,0.0686020905963925,0
2063,MOL_002366,3,1,0.963034228645248,1
2064,MOL_002377,4,0,0.0266743688865623,0
2065,MOL_002521,4,1,0.992311739573468,1
2066,MOL_002523,5,0,0.0057933433808815,0
2067,MOL_001063,5,0,0.1415720640042674,0
2068,MOL_001201,5,0,0.016295915646689,0
2069,MOL_001862,3,1,0.9979258128779702,1
2070,MOL_001864,5,0,0.0110966141239132,0
2071,MOL_002325,3,1,0.9936764257571562,1
2072,MOL_002327,5,0,0.0134438549669544,0
2073,MOL_001554,1,1,0.990706984023208,1
2074,MOL_001556,3,0,0.0103982142870546,0
2075,MOL_001202,3,0,0.0093628596286789,0
2076,MOL_002477,2,0,0.0150527117030811,0
2077,MOL_002935,5,1,0.9809198594328944,1
2078,MOL_002937,1,0,0.0223464946269653,0
2079,MOL_002938,4,0,0.0076293871055673,0
2080,MOL_002936,5,1,0.9450936839976316,1
2081,MOL_001124,5,0,0.0404700388342596,0
2082,MOL_001122,4,1,0.8755781796166758,1
2083,MOL_002714,4,0,0.0355225653375455,0
2084,MOL_000159,2,0,0.012104264941872,0
2085,MOL_002308,2,1,0.9972064972568516,1
2086,MOL_002313,2,0,0.0183225433763513,0
2087,MOL_001407,3,1,0.9115969247846089,1
2088,MOL_001409,1,0,0.0591697142959898,0
2089,MOL_001587,1,1,0.974339101191195,1
2090,MOL_001587,1,1,0.974339101191195,1
2091,MOL_003263,3,1,0.187598680155902,0
2092,MOL_001588,3,1,0.9845000735562726,1
2093,MOL_001588,3,1,0.9845000735562726,1
2094,MOL_002340,1,1,0.9923861260228728,1
2095,MOL_002342,3,0,0.0104115260477995,0
2096,MOL_000160,5,0,0.0100722229044184,0
2097,MOL_001585,2,1,0.9092722455222376,1
2098,MOL_001585,2,1,0.9092722455222376,1
2099,MOL_002571,1,0,0.2931441521880115,0
2100,MOL_000303,5,0,0.0671580238670774,0
2101,MOL_000303,5,0,0.0671580238670774,0
2102,MOL_000297,5,0,0.0308588727787204,0
2103,MOL_000297,5,0,0.0308588727787204,0
2104,MOL_002711,4,0,0.0251290294333128,0
2105,MOL_001586,4,1,0.9326821512316116,1
2106,MOL_001586,4,1,0.9326821512316116,1
2107,MOL_002705,3,0,0.3967310282807648,0
2108,MOL_002778,5,0,0.1725187518509017,0
2109,MOL_002369,5,1,0.9662134643677384,1
2110,MOL_002380,3,0,0.1031413624993154,0
2111,MOL_002363,4,1,0.9861319524432836,1
2112,MOL_002373,3,0,0.0946460172998276,0
2113,MOL_001441,1,1,0.5452984237500396,1
2114,MOL_002593,3,1,0.4240777249677538,0
2115,MOL_003297,1,1,0.9286484475067618,1
2116,MOL_003298,2,0,0.1879740603905512,0
2117,MOL_001197,1,0,0.0177233450520964,0
2118,MOL_002375,5,0,0.0222593017908363,0
2119,MOL_002364,4,1,0.9894168120271752,1
2120,MOL_002594,3,1,0.6843584055150143,1
2121,MOL_002562,1,0,0.8996633318711326,1
2122,MOL_002895,3,1,0.6799852679233062,1
2123,MOL_002892,2,0,0.3667457627317367,0
2124,MOL_001398,4,1,0.9570362484659728,1
2125,MOL_001402,2,0,0.0188904776919716,0
2126,MOL_002724,4,0,0.535465241035953,1
2127,MOL_001404,4,0,0.0071434290379708,0
2128,MOL_001400,1,1,0.9699701562717864,1
2129,MOL_000298,2,0,0.0217801632632876,0
2130,MOL_000298,2,0,0.0217801632632876,0
2131,MOL_002465,2,1,0.8976477793601493,1
2132,MOL_002467,3,0,0.0162607360430971,0
2133,MOL_002468,1,0,0.0253961225353928,0
2134,MOL_002466,4,1,0.6541182325818067,1
2135,MOL_001125,1,0,0.0654121358689626,0
2136,MOL_001123,3,1,0.8614910155744763,1
2137,MOL_002473,4,0,0.134935551400539,0
2138,MOL_001472,2,1,0.893906173335718,1
2139,MOL_003022,1,1,0.9364842315320746,1
2140,MOL_003023,2,0,0.0621956276075629,0
2141,MOL_003258,5,0,0.8173663249629547,1
2142,MOL_002715,5,0,0.0762475687184697,0
2143,MOL_002713,3,0,0.1144515581490772,0
2144,MOL_002710,3,0,0.0332992856044363,0
2145,MOL_000295,3,0,0.0183580640698978,0
2146,MOL_000295,3,0,0.0183580640698978,0
2147,MOL_002337,4,1,0.9981789926077976,1
2148,MOL_002339,4,0,0.0096532137485893,0
2149,MOL_001569,5,1,0.995005947827543,1
2150,MOL_001571,3,0,0.0171291345921528,0
2151,MOL_001868,4,1,0.993492618362207,1
2152,MOL_001870,3,0,0.0218801908737639,0
2153,MOL_002316,3,0,0.0058989688516201,0
2154,MOL_001184,2,0,0.0275349885463493,0
2155,MOL_001186,4,0,0.0058043441801922,0
2156,MOL_001190,1,0,0.0323171025448922,0
2157,MOL_001194,5,0,0.0411703093893651,0
2158,MOL_001198,2,0,0.0134480227465056,0
2159,MOL_000296,4,0,0.0240414424953274,0
2160,MOL_000296,4,0,0.0240414424953274,0
2161,MOL_001399,5,1,0.9612919643701636,1
2162,MOL_001403,3,0,0.0127976566301535,0
2163,MOL_001188,4,0,0.0053402377021209,0
2164,MOL_001192,2,0,0.014744596844147,0
2165,MOL_001196,2,0,0.0400282358107442,0
2166,MOL_002723,1,1,0.3427323674027154,0
2167,MOL_000528,1,1,0.9919251332256396,1
2168,MOL_000530,4,0,0.0041481118938064,0
2169,MOL_001405,1,0,0.0364154803762281,0
2170,MOL_001401,5,0,0.9121431897281806,1
2171,MOL_001389,4,0,0.4553245475838012,0
2172,MOL_003032,4,0,0.3880431930728302,0
2173,MOL_001471,1,1,0.9356700363399352,1
2174,MOL_000658,5,1,0.8725500095073018,1
2175,MOL_001189,5,0,0.021271255497632,0
2176,MOL_000064,4,1,0.908006509002938,1
2177,MOL_001340,2,1,0.9163049197755422,1
2178,MOL_001342,3,0,0.0582774435635638,0
2179,MOL_001187,5,0,0.0217353838039109,0
2180,MOL_001191,4,0,0.0068985200366724,0
2181,MOL_001195,3,0,0.0256787763390393,0
2182,MOL_001388,1,1,0.9479558477327464,1
2183,MOL_001590,3,1,0.9143701707973548,1
2184,MOL_001590,3,1,0.9143701707973548,1
2185,MOL_001592,4,0,0.2768557473003621,0
2186,MOL_001592,4,0,0.2768557473003621,0
2187,MOL_001890,4,1,0.1308601862662763,0
2188,MOL_001899,2,0,0.1681471235071471,0
2189,MOL_002712,1,0,0.0142775760654689,0
2190,MOL_000315,1,1,0.972897931354088,1
2191,MOL_001341,5,1,0.9685550811003392,1
2192,MOL_001343,4,0,0.0226100696019637,0
2193,MOL_000063,4,1,0.9595962336913466,1
2194,MOL_000062,3,1,0.9337478074159264,1
2195,MOL_002783,2,1,0.8466012492702922,1
2196,MOL_000277,3,1,0.774569572856761,1
2197,MOL_001065,1,1,0.8809628190580616,1
2198,MOL_001067,2,0,0.2503196889173114,0
2199,MOL_001069,1,1,0.371019500192421,0
2200,MOL_000211,3,0,0.7270901258962975,1
2201,MOL_000212,4,1,0.0260545643442214,0
2202,MOL_001336,4,1,0.5415729908034387,1
2203,MOL_001338,5,0,0.0181640294383003,0
2204,MOL_001449,3,0,0.0685090579454295,0
2205,MOL_001450,5,0,0.0574088356632909,0
2206,MOL_000673,2,1,0.8535567769949666,1
2207,MOL_000314,4,1,0.9393445260250192,1
2208,MOL_001200,4,0,0.2603609005631782,0
2209,MOL_002781,5,1,0.9481099000705144,1
2210,MOL_001780,4,0,0.2892946344910426,0
2211,MOL_001865,2,0,0.0840462573201915,0
2212,MOL_001337,5,0,0.975362416659198,1
2213,MOL_001339,1,0,0.012586219096503,0
2214,MOL_002314,3,0,0.0177043328001989,0
2215,MOL_001199,3,0,0.02681887494036,0
2216,MOL_001185,3,0,0.0068232368090744,0
2217,MOL_001193,2,0,0.0533712044032366,0
2218,MOL_003295,4,0,0.3266298332514906,0
2219,MOL_001182,4,0,0.0221251485021411,0
2220,MOL_001183,1,0,0.0319578853035315,0
2221,MOL_000263,2,0,0.5324899310881736,1
2222,MOL_000280,5,1,0.8036017739721217,1
2223,MOL_000280,5,1,0.8036017739721217,1
2224,MOL_000281,4,0,0.6616957431678168,1
2225,MOL_000278,1,1,0.2836095232557199,0
2226,MOL_000278,1,1,0.2836095232557199,0
2227,MOL_001160,5,0,0.2351510008303397,0
2228,MOL_000279,2,1,0.5785366975591696,1
2229,MOL_000279,2,1,0.5785366975591696,1
2230,MOL_001066,3,1,0.92834608438115,1
2231,MOL_001068,4,0,0.1171278165127901,0
2232,MOL_000532,2,1,0.2501666914810528,0
2233,MOL_003028,5,0,0.0350233562879858,0
2234,MOL_003027,1,1,0.9725739149348848,1
2235,MOL_003239,2,0,0.8886226852308043,1
2236,MOL_003240,4,1,0.6946919150833181,1
2237,MOL_003843,2,1,0.9805826861098316,1
2238,MOL_003843,2,1,0.9808389302378784,1
2239,MOL_003843,2,1,0.9808389302378784,1
2240,MOL_003858,1,0,0.1897273073940097,0
2241,MOL_003858,1,0,0.1897273073940097,0
2242,MOL_003858,1,0,0.1897273073940097,0
2243,MOL_003868,1,1,0.9594680343114624,1
2244,MOL_003868,1,1,0.9594680343114624,1
2245,MOL_003844,5,0,0.0097877924367005,0
2246,MOL_003844,5,0,0.0097877924367005,0
2247,MOL_003844,5,0,0.0097877924367005,0
2248,MOL_003844,5,0,0.0097877924367005,0
2249,MOL_003844,5,0,0.0097877924367005,0
2250,MOL_003844,5,0,0.0097877924367005,0
2251,MOL_003844,5,0,0.0097877924367005,0
2252,MOL_003844,5,0,0.0081377443017867,0
2253,MOL_003844,5,0,0.0097877924367005,0
2254,MOL_003844,5,0,0.0097877924367005,0
2255,MOL_003844,5,0,0.0097877924367005,0
2256,MOL_003844,5,0,0.0097877924367005,0
2257,MOL_003844,5,0,0.0097877924367005,0
2258,MOL_003844,5,0,0.0097877924367005,0
2259,MOL_003844,5,0,0.0097877924367005,0
2260,MOL_003844,5,0,0.0097877924367005,0
2261,MOL_003844,5,0,0.0097877924367005,0
2262,MOL_003844,5,0,0.0097877924367005,0
2263,MOL_003844,5,0,0.0097877924367005,0
2264,MOL_003844,5,0,0.0097877924367005,0
2265,MOL_003844,5,0,0.0078305841136362,0
2266,MOL_003844,5,0,0.0078305841136362,0
2267,MOL_003860,5,1,0.9870567843146748,1
2268,MOL_003860,5,1,0.9870567843146748,1
2269,MOL_003860,5,1,0.9870567843146748,1
2270,MOL_003860,5,1,0.9870567843146748,1
2271,MOL_003860,5,1,0.9870567843146748,1
2272,MOL_003860,5,1,0.9870567843146748,1
2273,MOL_003860,5,1,0.9870567843146748,1
2274,MOL_003860,5,1,0.9870567843146748,1
2275,MOL_003860,5,1,0.9870567843146748,1
2276,MOL_003860,5,1,0.9870567843146748,1
2277,MOL_003860,5,1,0.9870567843146748,1
2278,MOL_003860,5,1,0.9870567843146748,1
2279,MOL_003860,5,0,0.9827788016603902,1
2280,MOL_003860,5,1,0.9870567843146748,1
2281,MOL_003860,5,1,0.9870567843146748,1
2282,MOL_003860,5,1,0.9870567843146748,1
2283,MOL_003860,5,1,0.9870567843146748,1
2284,MOL_003860,5,1,0.9870567843146748,1
2285,MOL_003860,5,1,0.9870567843146748,1
2286,MOL_003852,1,0,0.1127423124179324,0
2287,MOL_003852,1,0,0.1127423124179324,0
2288,MOL_003852,1,0,0.1127423124179324,0
2289,MOL_003852,1,1,0.1055445296629194,0
2290,MOL_003847,5,1,0.9388612118876496,1
2291,MOL_003847,5,1,0.9388612118876496,1
2292,MOL_003863,2,0,0.0460322538048464,0
2293,MOL_003865,4,0,0.0119189990008789,0
2294,MOL_003865,4,0,0.0119189990008789,0
2295,MOL_003865,4,0,0.0119189990008789,0
2296,MOL_003845,1,0,0.1518186909761943,0
2297,MOL_003849,4,1,0.8429145428705466,1
2298,MOL_003845,1,0,0.0751108557553745,0
2299,MOL_003845,1,0,0.0751108557553745,0
2300,MOL_003861,1,1,0.6812107258092107,1
2301,MOL_003861,1,1,0.6812107258092107,1
2302,MOL_003848,3,0,0.114656106469383,0
2303,MOL_003848,3,0,0.114656106469383,0
2304,MOL_003848,3,0,0.114656106469383,0
2305,MOL_003848,3,0,0.114656106469383,0
2306,MOL_003848,3,0,0.114656106469383,0
2307,MOL_003848,3,0,0.114656106469383,0
2308,MOL_003848,3,0,0.114656106469383,0
2309,MOL_003848,3,0,0.114656106469383,0
2310,MOL_003848,3,0,0.114656106469383,0
2311,MOL_003848,3,0,0.1662262244321026,0
2312,MOL_003864,3,1,0.1695254254311295,0
2313,MOL_003864,3,1,0.1695254254311295,0
2314,MOL_003864,3,1,0.149790298125164,0
2315,MOL_003864,3,1,0.1695254254311295,0
2316,MOL_003864,3,1,0.1695254254311295,0
2317,MOL_003864,3,1,0.149790298125164,0
2318,MOL_003850,3,0,0.0310133553932945,0
2319,MOL_003850,3,0,0.0310133553932945,0
2320,MOL_003850,3,0,0.0310133553932945,0
2321,MOL_003850,3,0,0.0310133553932945,0
2322,MOL_003850,3,0,0.0310133553932945,0
2323,MOL_003850,3,0,0.0185916540757748,0
2324,MOL_003850,3,0,0.0185916540757748,0
2325,MOL_003850,3,0,0.0185916540757748,0
2326,MOL_003866,5,1,0.9405563176865408,1
2327,MOL_003866,5,1,0.9405563176865408,1
2328,MOL_003866,5,1,0.9405563176865408,1
2329,MOL_003866,5,1,0.9405563176865408,1
2330,MOL_003866,5,1,0.9405563176865408,1
2331,MOL_003850,3,0,0.0185916540757748,0
2332,MOL_003850,3,0,0.0185916540757748,0
2333,MOL_003851,3,0,0.0553354815299437,0
2334,MOL_000187,3,1,0.3588579246745367,0
2335,MOL_003594,4,1,0.9070647255720262,1
2336,MOL_003594,4,1,0.9210066192229698,1
2337,MOL_003594,4,1,0.9210066192229698,1
2338,MOL_003587,3,0,0.7554999436276743,1
2339,MOL_003587,3,0,0.7554999436276743,1
2340,MOL_003587,3,0,0.7554999436276743,1
2341,MOL_003414,1,1,0.81959994969056,1
2342,MOL_003417,3,1,0.7017261385143212,1
2343,MOL_003417,3,1,0.7017261385143212,1
2344,MOL_003417,3,1,0.7017261385143212,1
2345,MOL_003417,3,1,0.7017261385143212,1
2346,MOL_003417,3,1,0.7017261385143212,1
2347,MOL_003493,5,0,0.0633057400105093,0
2348,MOL_003493,5,0,0.0633057400105093,0
2349,MOL_003493,5,0,0.0633057400105093,0
2350,MOL_003493,5,0,0.0633057400105093,0
2351,MOL_003530,1,0,0.0258830869489251,0
2352,MOL_003530,1,0,0.0142316022082732,0
2353,MOL_003530,1,0,0.0258830869489251,0
2354,MOL_003530,1,0,0.0258830869489251,0
2355,MOL_003516,5,1,0.800697566232347,1
2356,MOL_003516,5,1,0.800697566232347,1
2357,MOL_002958,1,0,0.0315869764030819,0
2358,MOL_002958,1,0,0.0315869764030819,0
2359,MOL_002971,4,1,0.9568943835973228,1
2360,MOL_002971,4,1,0.9568943835973228,1
2361,MOL_002971,4,1,0.9568943835973228,1
2362,MOL_002971,4,1,0.9568943835973228,1
2363,MOL_002971,4,1,0.9568943835973228,1
2364,MOL_002913,4,0,0.0152193245243631,0
2365,MOL_002913,4,0,0.0152193245243631,0
2366,MOL_002799,2,0,0.005507645074305,0
2367,MOL_002799,2,0,0.005507645074305,0
2368,MOL_002799,2,0,0.005507645074305,0
2369,MOL_002799,2,0,0.005507645074305,0
2370,MOL_002799,2,0,0.005507645074305,0
2371,MOL_002799,2,0,0.005507645074305,0
2372,MOL_002799,2,0,0.005507645074305,0
2373,MOL_002921,4,1,0.9904609826104034,1
2374,MOL_002921,4,1,0.9904609826104034,1
2375,MOL_002921,4,1,0.9904609826104034,1
2376,MOL_002829,3,1,0.9882629305300608,1
2377,MOL_002829,3,1,0.9882629305300608,1
2378,MOL_002829,3,1,0.9882629305300608,1
2379,MOL_002829,3,1,0.9882629305300608,1
2380,MOL_002829,3,1,0.9882629305300608,1
2381,MOL_002863,2,0,0.0782920201917909,0
2382,MOL_002885,1,0,0.1268733344413632,0
2383,MOL_002922,5,0,0.0764378760652539,0
2384,MOL_002832,4,0,0.0212983297724769,0
2385,MOL_003432,5,0,0.0985278732962061,0
2386,MOL_003432,5,0,0.0985278732962061,0
2387,MOL_003432,5,0,0.0985278732962061,0
2388,MOL_003432,5,0,0.097812105534761,0
2389,MOL_003432,5,0,0.0985278732962061,0
2390,MOL_003432,5,0,0.0985278732962061,0
2391,MOL_003432,5,0,0.0985278732962061,0
2392,MOL_003432,5,0,0.097812105534761,0
2393,MOL_003432,5,0,0.0985278732962061,0
2394,MOL_003432,5,0,0.0985278732962061,0
2395,MOL_003432,5,0,0.0985278732962061,0
2396,MOL_003432,5,0,0.0985278732962061,0
2397,MOL_003432,5,0,0.0985278732962061,0
2398,MOL_003432,5,0,0.0985278732962061,0
2399,MOL_003432,5,0,0.0985278732962061,0
2400,MOL_003500,1,1,0.996528102728228,1
2401,MOL_003500,1,1,0.996528102728228,1
2402,MOL_003500,1,1,0.996978464481516,1
2403,MOL_003500,1,1,0.996978464481516,1
2404,MOL_003500,1,1,0.996978464481516,1
2405,MOL_003500,1,1,0.996978464481516,1
2406,MOL_003500,1,1,0.996978464481516,1
2407,MOL_003500,1,1,0.996528102728228,1
2408,MOL_003500,1,1,0.996528102728228,1
2409,MOL_003500,1,1,0.996528102728228,1
2410,MOL_003500,1,1,0.996978464481516,1
2411,MOL_003500,1,1,0.996978464481516,1
2412,MOL_003500,1,1,0.996978464481516,1
2413,MOL_003500,1,1,0.996978464481516,1
2414,MOL_003500,1,1,0.996978464481516,1
2415,MOL_003553,2,1,0.8420906681282952,1
2416,MOL_003557,5,0,0.5927145044312556,1
2417,MOL_003557,5,0,0.6000088461526196,1
2418,MOL_003557,5,0,0.6000088461526196,1
2419,MOL_003557,5,0,0.6000088461526196,1
2420,MOL_003557,5,0,0.6000088461526196,1
2421,MOL_003595,1,0,0.7316348652885741,1
2422,MOL_003595,1,0,0.7316348652885741,1
2423,MOL_003597,3,1,0.748332263682107,1
2424,MOL_003597,3,1,0.748332263682107,1
2425,MOL_003597,3,1,0.748332263682107,1
2426,MOL_003565,4,0,0.5690905867638147,1
2427,MOL_003547,3,1,0.1854352848727878,0
2428,MOL_003547,3,1,0.3001125320896684,0
2429,MOL_003545,2,0,0.3379957569972315,0
2430,MOL_003545,2,0,0.3379957569972315,0
2431,MOL_003518,1,1,0.9720410727442536,1
2432,MOL_003518,1,1,0.96519285774882,1
2433,MOL_003518,1,1,0.972637730469112,1
2434,MOL_003518,1,1,0.972637730469112,1
2435,MOL_002864,3,0,0.5393844468949609,1
2436,MOL_002839,3,0,0.032571914274715,0
2437,MOL_003284,1,1,0.9694164623486872,1
2438,MOL_002959,4,0,0.0604373495734759,0
2439,MOL_003572,2,0,0.0898466978022351,0
2440,MOL_003572,2,0,0.0898466978022351,0
2441,MOL_003572,2,0,0.0898466978022351,0
2442,MOL_003572,2,0,0.0898466978022351,0
2443,MOL_003572,2,0,0.0898466978022351,0
2444,MOL_003572,2,0,0.0898466978022351,0
2445,MOL_003572,2,0,0.0898466978022351,0
2446,MOL_003572,2,0,0.0898466978022351,0
2447,MOL_003578,2,1,0.992185094710197,1
2448,MOL_003578,2,1,0.992185094710197,1
2449,MOL_003578,2,1,0.992185094710197,1
2450,MOL_003578,2,1,0.992185094710197,1
2451,MOL_003578,2,1,0.992185094710197,1
2452,MOL_003578,2,1,0.992185094710197,1
2453,MOL_003550,5,1,0.7595602648842561,1
2454,MOL_002804,1,0,0.0119098063105859,0
2455,MOL_002804,1,0,0.0119098063105859,0
2456,MOL_002804,1,0,0.0119098063105859,0
2457,MOL_003776,4,1,0.976471358155376,1
2458,MOL_002841,2,1,0.9728563428491096,1
2459,MOL_002841,2,1,0.9728563428491096,1
2460,MOL_002841,2,1,0.9728563428491096,1
2461,MOL_002924,1,1,0.9803896359434754,1
2462,MOL_002886,3,0,0.0393528402441935,0
2463,MOL_002804,1,0,0.0119098063105859,0
2464,MOL_002886,3,0,0.0393528402441935,0
2465,MOL_002960,4,0,0.1260833553089482,0
2466,MOL_002805,3,0,0.0646989619189634,0
2467,MOL_002915,4,0,0.0586292161126061,0
2468,MOL_003771,4,0,0.0431306727019626,0
2469,MOL_003862,2,0,0.4080964500331204,0
2470,MOL_003195,4,0,0.0665811446228815,0
2471,MOL_003195,4,0,0.0665811446228815,0
2472,MOL_003195,4,0,0.0665811446228815,0
2473,MOL_003196,2,1,0.7864998393158127,1
2474,MOL_003201,5,0,0.1599731978649382,0
2475,MOL_003160,1,0,0.0090192143695147,0
2476,MOL_003160,1,0,0.0090192143695147,0
2477,MOL_003160,1,0,0.0112372058629222,0
2478,MOL_003160,1,0,0.0090192143695147,0
2479,MOL_003175,3,0,0.0304051682560639,0
2480,MOL_003175,3,0,0.0304051682560639,0
2481,MOL_003175,3,0,0.0304051682560639,0
2482,MOL_003169,1,1,0.9904580857096308,1
2483,MOL_003169,1,1,0.9904580857096308,1
2484,MOL_003169,1,1,0.9904580857096308,1
2485,MOL_003169,1,1,0.9904580857096308,1
2486,MOL_003186,1,0,0.1515834659628698,0
2487,MOL_003171,1,0,0.0464726876866713,0
2488,MOL_003176,4,1,0.9576381471853584,1
2489,MOL_003176,4,1,0.9576381471853584,1
2490,MOL_003867,5,1,0.2566320394970691,0
2491,MOL_003867,5,1,0.2566320394970691,0
2492,MOL_003200,4,1,0.6731312384716646,1
2493,MOL_003178,2,0,0.0520775127359721,0
2494,MOL_003189,3,0,0.3448874838714039,0
2495,MOL_003173,4,0,0.0544407726095401,0
2496,MOL_003162,3,0,0.0443058196402559,0
2497,MOL_003162,3,0,0.0443058196402559,0
2498,MOL_003162,3,0,0.0443058196402559,0
2499,MOL_003172,3,1,0.0869309076551269,0
2500,MOL_003172,3,1,0.0869309076551269,0
2501,MOL_003184,2,0,0.0190288941787321,0
2502,MOL_003184,2,0,0.0190288941787321,0
2503,MOL_003197,1,0,0.0577961429435899,0
2504,MOL_003165,2,0,0.012850549009571,0
2505,MOL_003165,2,0,0.012850549009571,0
2506,MOL_003165,2,0,0.012850549009571,0
2507,MOL_003174,5,1,0.9619791015070784,1
2508,MOL_003174,5,1,0.9619791015070784,1
2509,MOL_003202,1,1,0.7855973744970333,1
2510,MOL_003187,2,1,0.9932301685147648,1
2511,MOL_003187,2,1,0.9932301685147648,1
2512,MOL_003165,2,0,0.012850549009571,0
2513,MOL_003198,2,0,0.0611579438431381,0
2514,MOL_003166,3,0,0.0304847320136969,0
2515,MOL_003185,3,0,0.115305735987339,0
2516,MOL_003199,3,0,0.21471968502254,0
2517,MOL_003188,4,1,0.7109799631683603,1
2518,MOL_003230,5,1,0.9702964496205266,1
2519,MOL_000182,2,0,0.7420838502774678,1
2520,MOL_000311,2,0,0.0066719713320741,0
2521,MOL_002792,1,0,0.6303258395492406,1
2522,MOL_001268,3,1,0.4250487592147718,0
2523,MOL_002793,3,1,0.3982562626667922,0
2524,MOL_002954,3,0,0.4229653988715448,0
2525,MOL_002910,1,1,0.3086278535225421,0
2526,MOL_000197,5,0,0.3500786557663901,0
2527,MOL_002807,5,0,0.0173007361354721,0
2528,MOL_002807,5,0,0.0170339522594058,0
2529,MOL_002916,2,0,0.1223928109596334,0
2530,MOL_002916,2,0,0.1138468208296394,0
2531,MOL_002868,5,0,0.0312047489385676,0
2532,MOL_002868,5,0,0.0316102122030117,0
2533,MOL_002859,4,0,0.0844322969090534,0
2534,MOL_002859,4,0,0.0607001919893435,0
2535,MOL_002798,1,0,0.0294268137637172,0
2536,MOL_002798,1,0,0.0294268137637172,0
2537,MOL_002651,4,1,0.7707284045179911,1
2538,MOL_002656,3,0,0.1064248283542983,0
2539,MOL_002650,3,0,0.0115148712162443,0
2540,MOL_002796,2,0,0.0199476605066235,0
2541,MOL_002830,5,1,0.9899934893503092,1
2542,MOL_002830,5,1,0.9899934893503092,1
2543,MOL_002655,2,1,0.9848706193416482,1
2544,MOL_003608,2,1,0.1022089322208256,0
2545,MOL_003612,4,0,0.1014393180315319,0
2546,MOL_002844,3,1,0.7226153436643887,1
2547,MOL_002808,5,0,0.5618522212282994,1
2548,MOL_002808,5,0,0.5618522212282994,1
2549,MOL_002808,5,0,0.5618522212282994,1
2550,MOL_002825,4,1,0.9935614853183584,1
2551,MOL_002825,4,1,0.9935614853183584,1
2552,MOL_002825,4,1,0.9935614853183584,1
2553,MOL_002825,4,1,0.991979848764552,1
2554,MOL_002899,1,1,0.9955267129734712,1
2555,MOL_002899,1,1,0.9955267129734712,1
2556,MOL_002901,3,0,0.0208240869729249,0
2557,MOL_002920,3,1,0.9934224867367653,1
2558,MOL_002920,3,1,0.9934224867367653,1
2559,MOL_002920,3,1,0.9913653336147272,1
2560,MOL_002857,1,1,0.9906158675094834,1
2561,MOL_002857,1,1,0.9888173168666784,1
2562,MOL_002970,2,1,0.9405473079191098,1
2563,MOL_002961,1,1,0.0359771984167002,0
2564,MOL_002854,3,0,0.1961858876875588,0
2565,MOL_002911,2,0,0.0695325075891953,0
2566,MOL_002911,2,0,0.0695325075891953,0
2567,MOL_002972,1,1,0.7473805427092746,1
2568,MOL_002972,1,1,0.7473805427092746,1
2569,MOL_001259,1,1,0.8125218120621338,1
2570,MOL_002812,2,1,0.7827823522389971,1
2571,MOL_002812,2,1,0.7827823522389971,1
2572,MOL_001257,4,1,0.7693840361837994,1
2573,MOL_001257,4,1,0.7693840361837994,1
2574,MOL_001253,5,0,0.1073373919918313,0
2575,MOL_001253,5,0,0.1073373919918313,0
2576,MOL_001253,5,0,0.1073373919918313,0
2577,MOL_002926,5,0,0.2108448778014478,0
2578,MOL_002926,5,0,0.1547524264785545,0
2579,MOL_002847,5,0,0.1425197578501379,0
2580,MOL_002682,3,0,0.1979080389879526,0
2581,MOL_002840,4,0,0.1367754199584099,0
2582,MOL_002834,3,0,0.0502954375634995,0
2583,MOL_002681,5,0,0.0680866910064735,0
2584,MOL_002681,5,0,0.0680866910064735,0
2585,MOL_002890,5,1,0.9288817368705412,1
2586,MOL_002890,5,1,0.9288817368705412,1
2587,MOL_002890,5,1,0.9288817368705412,1
2588,MOL_002890,5,1,0.9288817368705412,1
2589,MOL_002887,3,0,0.4013755648546341,0
2590,MOL_002879,4,1,0.897469229931206,1
2591,MOL_002879,4,1,0.897469229931206,1
2592,MOL_002879,4,1,0.897469229931206,1
2593,MOL_002884,3,0,0.0667047306611007,0
2594,MOL_002884,3,0,0.0667047306611007,0
2595,MOL_002884,3,0,0.0667047306611007,0
2596,MOL_002884,3,0,0.0667047306611007,0
2597,MOL_001258,5,0,0.5793173772330408,1
2598,MOL_002813,3,1,0.9863548666243755,1
2599,MOL_002813,3,1,0.9863548666243755,1
2600,MOL_002813,3,1,0.9863548666243755,1
2601,MOL_002813,3,1,0.9863548666243755,1
2602,MOL_002813,3,1,0.9863548666243755,1
2603,MOL_002848,4,0,0.0896628260780278,0
2604,MOL_002848,4,0,0.0896628260780278,0
2605,MOL_002848,4,0,0.0896628260780278,0
2606,MOL_002848,4,0,0.0896628260780278,0
2607,MOL_003391,1,1,0.8747102957845245,1
2608,MOL_003475,3,0,0.0134624925026964,0
2609,MOL_003450,3,1,0.4334962529101503,0
2610,MOL_003504,4,0,0.049568397892298,0
2611,MOL_001273,1,0,0.0441261352432125,0
2612,MOL_002917,2,1,0.9511578969838228,1
2613,MOL_002963,2,1,0.681210930781629,1
2614,MOL_002931,4,1,0.7917688470870582,1
2615,MOL_002931,4,1,0.7917688470870582,1
2616,MOL_002931,4,1,0.7917688470870582,1
2617,MOL_000184,4,0,0.1091175650435404,0
2618,MOL_002134,2,1,0.9396664073304372,1
2619,MOL_002134,2,1,0.9259287809182546,1
2620,MOL_002002,1,0,0.0065854637443219,0
2621,MOL_002002,1,0,0.0065854637443219,0
2622,MOL_002002,1,0,0.0080495870647121,0
2623,MOL_002002,1,0,0.0065854637443219,0
2624,MOL_002002,1,0,0.0065854637443219,0
2625,MOL_002002,1,0,0.0065854637443219,0
2626,MOL_002002,1,0,0.0065854637443219,0
2627,MOL_002002,1,0,0.0080495870647121,0
2628,MOL_002002,1,0,0.0065854637443219,0
2629,MOL_002002,1,0,0.0065854637443219,0
2630,MOL_002002,1,0,0.0065854637443219,0
2631,MOL_002002,1,0,0.0065854637443219,0
2632,MOL_002002,1,0,0.0065854637443219,0
2633,MOL_002002,1,0,0.0065854637443219,0
2634,MOL_002096,5,1,0.9865962853637624,1
2635,MOL_002096,5,1,0.9865962853637624,1
2636,MOL_002096,5,1,0.9865962853637624,1
2637,MOL_002096,5,1,0.9865962853637624,1
2638,MOL_002096,5,1,0.9865962853637624,1
2639,MOL_002096,5,1,0.9865962853637624,1
2640,MOL_002396,4,1,0.7560984368250875,1
2641,MOL_002408,5,0,0.0615501448202332,0
2642,MOL_002394,2,0,0.0319584624789459,0
2643,MOL_002394,2,0,0.0319584624789459,0
2644,MOL_002394,2,0,0.0319584624789459,0
2645,MOL_002394,2,0,0.0319584624789459,0
2646,MOL_002406,4,1,0.9872395248465357,1
2647,MOL_002406,4,1,0.9872395248465357,1
2648,MOL_002406,4,1,0.9872395248465357,1
2649,MOL_002406,4,1,0.9872395248465357,1
2650,MOL_002486,3,0,0.0795361595169013,0
2651,MOL_002498,5,1,0.9466357665134651,1
2652,MOL_002498,5,1,0.9466357665134651,1
2653,MOL_002498,5,1,0.9466357665134651,1
2654,MOL_002053,1,0,0.0931353139602565,0
2655,MOL_002802,3,0,0.0148100839490469,0
2656,MOL_002100,4,0,0.061861845152685,0
2657,MOL_002194,4,0,0.0287477427458213,0
2658,MOL_002194,4,0,0.0287477427458213,0
2659,MOL_002205,1,1,0.8781638619343375,1
2660,MOL_002205,1,1,0.8781638619343375,1
2661,MOL_002487,4,1,0.8912837418142977,1
2662,MOL_003496,4,1,0.9877988102940504,1
2663,MOL_003429,3,0,0.0274575634477286,0
2664,MOL_003429,3,0,0.0174848491964696,0
2665,MOL_003429,3,0,0.0274575634477286,0
2666,MOL_003429,3,0,0.0174848491964696,0
2667,MOL_003431,4,0,0.0157507390139419,0
2668,MOL_003590,2,1,0.9061970238009268,1
2669,MOL_003583,5,1,0.951007330028187,1
2670,MOL_002037,1,1,0.7614337961024054,1
2671,MOL_002124,3,0,0.0209187402837056,0
2672,MOL_002124,3,0,0.0209187402837056,0
2673,MOL_002124,3,0,0.0209187402837056,0
2674,MOL_002500,4,1,0.1942633941961712,0
2675,MOL_003719,4,1,0.0456265469456797,0
2676,MOL_002272,1,1,0.9574931930401438,1
2677,MOL_002652,5,0,0.0615097918002129,0
2678,MOL_002410,1,0,0.0330057285088303,0
2679,MOL_002488,1,0,0.1088200300467367,0
2680,MOL_002005,4,0,0.011539198721097,0
2681,MOL_002005,4,0,0.011539198721097,0
2682,MOL_002005,4,0,0.011539198721097,0
2683,MOL_002005,4,0,0.011539198721097,0
2684,MOL_002005,4,0,0.011539198721097,0
2685,MOL_002005,4,0,0.011539198721097,0
2686,MOL_002101,5,0,0.5492809685055497,1
2687,MOL_002101,5,0,0.5492809685055497,1
2688,MOL_002101,5,0,0.4870778122704398,0
2689,MOL_002397,5,0,0.0291769138034172,0
2690,MOL_002409,5,1,0.2623734896261126,0
2691,MOL_002246,1,1,0.0580870389280996,0
2692,MOL_002242,4,0,0.1140049296877024,0
2693,MOL_003501,2,1,0.0662319360307699,0
2694,MOL_003441,2,0,0.0609102487123685,0
2695,MOL_003383,5,0,0.9086357760727756,1
2696,MOL_003449,4,1,0.401291671176459,0
2697,MOL_003521,4,0,0.0389565858905184,0
2698,MOL_003521,4,0,0.0297913247208148,0
2699,MOL_003528,5,0,0.0284096506517632,0
2700,MOL_003528,5,0,0.0239748216075428,0
2701,MOL_003525,1,0,0.0702302697482104,0
2702,MOL_002041,3,0,0.0198439546750879,0
2703,MOL_002041,3,0,0.0198439546750879,0
2704,MOL_002041,3,0,0.0198439546750879,0
2705,MOL_002399,1,0,0.0291943161965912,0
2706,MOL_002411,2,1,0.980913913550239,1
2707,MOL_002411,2,1,0.980913913550239,1
2708,MOL_002125,4,1,0.9379058231847508,1
2709,MOL_002125,4,1,0.9379058231847508,1
2710,MOL_002125,4,1,0.9379058231847508,1
2711,MOL_002041,3,0,0.0117186688840027,0
2712,MOL_002399,1,0,0.0291943161965912,0
2713,MOL_002797,5,0,0.020979052185708,0
2714,MOL_002828,4,1,0.983059755163999,1
2715,MOL_003551,5,1,0.2560029459600669,0
2716,MOL_003579,2,1,0.782131817498746,1
2717,MOL_002806,4,0,0.1804150586840898,0
2718,MOL_003386,1,0,0.0249708169126455,0
2719,MOL_003499,1,1,0.9669571514242342,1
2720,MOL_003472,4,1,0.9923919034567128,1
2721,MOL_003472,4,1,0.9923919034567128,1
2722,MOL_003503,3,1,0.9591241789992558,1
2723,MOL_003483,4,1,0.976780273837771,1
2724,MOL_003483,4,1,0.9811589307099636,1
2725,MOL_003546,1,1,0.0955830045878031,0
2726,MOL_003511,5,1,0.9741423299417517,1
2727,MOL_003511,5,1,0.9741423299417517,1
2728,MOL_003540,2,0,0.068256975633848,0
2729,MOL_003540,2,0,0.068256975633848,0
2730,MOL_003764,1,0,0.0440679002973576,0
2731,MOL_003764,1,0,0.0440679002973576,0
2732,MOL_003764,1,0,0.0411449112852177,0
2733,MOL_003764,1,0,0.0440679002973576,0
2734,MOL_003764,1,0,0.0440679002973576,0
2735,MOL_003764,1,0,0.0440679002973576,0
2736,MOL_003764,1,0,0.0440679002973576,0
2737,MOL_003764,1,0,0.0440679002973576,0
2738,MOL_003764,1,0,0.0440679002973576,0
2739,MOL_003764,1,0,0.0411449112852177,0
2740,MOL_003764,1,0,0.0411449112852177,0
2741,MOL_003764,1,0,0.0440679002973576,0
2742,MOL_003764,1,0,0.0440679002973576,0
2743,MOL_003764,1,0,0.0440679002973576,0
2744,MOL_003764,1,0,0.0440679002973576,0
2745,MOL_003759,3,0,0.0420980866074639,0
2746,MOL_003759,3,0,0.0420980866074639,0
2747,MOL_003762,4,1,0.9631541062588304,1
2748,MOL_003761,4,1,0.5840582870106489,1
2749,MOL_002043,5,0,0.0529818932447884,0
2750,MOL_002400,4,0,0.0603960399812602,0
2751,MOL_002489,5,0,0.1281011239623596,0
2752,MOL_002838,2,0,0.0374059578622163,0
2753,MOL_002836,5,0,0.0485301563043727,0
2754,MOL_003575,1,1,0.97608077274442,1
2755,MOL_003575,1,1,0.97608077274442,1
2756,MOL_003575,1,1,0.97608077274442,1
2757,MOL_003575,1,1,0.97608077274442,1
2758,MOL_003577,4,1,0.970424495326633,1
2759,MOL_003577,4,1,0.970424495326633,1
2760,MOL_003570,5,0,0.0100568093296074,0
2761,MOL_003570,5,0,0.0100568093296074,0
2762,MOL_003570,5,0,0.0100568093296074,0
2763,MOL_003570,5,0,0.0100568093296074,0
2764,MOL_003571,1,0,0.0363553166088983,0
2765,MOL_003571,1,0,0.0363553166088983,0
2766,MOL_003571,1,0,0.0363553166088983,0
2767,MOL_002803,4,0,0.0190133998286248,0
2768,MOL_003071,3,0,0.0254069149396645,0
2769,MOL_003071,3,0,0.0254069149396645,0
2770,MOL_003071,3,0,0.0254069149396645,0
2771,MOL_003071,3,0,0.0254069149396645,0
2772,MOL_003059,4,0,0.007791727085088,0
2773,MOL_003059,4,0,0.007791727085088,0
2774,MOL_003059,4,0,0.007791727085088,0
2775,MOL_003059,4,0,0.007791727085088,0
2776,MOL_003059,4,0,0.007791727085088,0
2777,MOL_003059,4,0,0.007791727085088,0
2778,MOL_003059,4,0,0.007791727085088,0
2779,MOL_003059,4,0,0.007791727085088,0
2780,MOL_003059,4,0,0.007791727085088,0
2781,MOL_003065,3,1,0.9956072583130632,1
2782,MOL_003065,3,1,0.9956072583130632,1
2783,MOL_003065,3,1,0.9956072583130632,1
2784,MOL_003065,3,1,0.9956072583130632,1
2785,MOL_003065,3,1,0.9956072583130632,1
2786,MOL_003085,5,1,0.9847588720318684,1
2787,MOL_003085,5,1,0.9847588720318684,1
2788,MOL_003085,5,1,0.9847588720318684,1
2789,MOL_003073,5,1,0.9645941190785926,1
2790,MOL_003073,5,1,0.9645941190785926,1
2791,MOL_003073,5,1,0.9645941190785926,1
2792,MOL_003087,5,0,0.3915929758683433,0
2793,MOL_003076,3,1,0.9459380568557464,1
2794,MOL_003066,4,0,0.019186944080347,0
2795,MOL_003182,4,1,0.9956365981245756,1
2796,MOL_003072,4,0,0.2133512466754438,0
2797,MOL_003074,1,0,0.0629553310293391,0
2798,MOL_003082,2,0,0.0265289032618124,0
2799,MOL_003079,4,0,0.0807289560842874,0
2800,MOL_003075,5,0,0.0292543579294344,0
2801,MOL_003075,5,0,0.0292543579294344,0
2802,MOL_003084,1,0,0.0146025630777489,0
2803,MOL_003084,1,0,0.0146025630777489,0
2804,MOL_003084,1,0,0.0146025630777489,0
2805,MOL_003084,1,0,0.0146025630777489,0
2806,MOL_003170,2,0,0.0870889793622445,0
2807,MOL_003152,3,0,0.1772151139858779,0
2808,MOL_003167,4,0,0.2649120001489614,0
2809,MOL_003062,5,0,0.0087975994934599,0
2810,MOL_003062,5,0,0.0087975994934599,0
2811,MOL_003067,5,1,0.9651892980278592,1
2812,MOL_003067,5,1,0.9651892980278592,1
2813,MOL_003086,3,1,0.987958614784162,1
2814,MOL_003086,3,1,0.987958614784162,1
2815,MOL_003086,3,1,0.987958614784162,1
2816,MOL_003081,4,0,0.1496189739293577,0
2817,MOL_003080,1,0,0.0324082916756448,0
2818,MOL_003091,4,1,0.8350486764414716,1
2819,MOL_003077,2,1,0.9506058335022056,1
2820,MOL_003062,5,0,0.0087975994934599,0
2821,MOL_003044,3,1,0.942898637268024,1
2822,MOL_003155,2,0,0.0633167153461834,0
2823,MOL_003853,5,1,0.4062174540536494,0
2824,MOL_003853,5,1,0.4062174540536494,0
2825,MOL_003064,2,0,0.0251696617276724,0
2826,MOL_003069,1,1,0.8247255741542843,1
2827,MOL_003164,5,0,0.0052467144734295,0
2828,MOL_003183,5,1,0.4780900829085844,0
2829,MOL_003227,1,1,0.9742521890622166,1
2830,MOL_003229,4,1,0.9951574663548411,1
2831,MOL_003226,3,0,0.0175367010049414,0
2832,MOL_003228,2,1,0.9198878870479452,1
2833,MOL_003232,1,0,0.0226797458590756,0
2834,MOL_000185,5,0,0.0792162764557537,0
2835,MOL_000689,4,1,0.9801939324247114,1
2836,MOL_002790,5,0,0.0545202825271038,0
2837,MOL_002820,5,1,0.9623461477603564,1
2838,MOL_002906,2,0,0.4839978298592109,0
2839,MOL_001170,4,1,0.9882407349668412,1
2840,MOL_001170,4,1,0.9882407349668412,1
2841,MOL_002648,1,1,0.9874467050974828,1
2842,MOL_001998,2,1,0.9861061262897942,1
2843,MOL_001998,2,1,0.9861061262897942,1
2844,MOL_002485,5,1,0.7977059985479862,1
2845,MOL_002393,1,1,0.9402519652164542,1
2846,MOL_002193,1,1,0.7858335378939998,1
2847,MOL_002403,1,0,0.0699470929419476,0
2848,MOL_002482,2,1,0.8579086274021789,1
2849,MOL_002391,4,0,0.6943956776005329,1
2850,MOL_001965,5,0,0.1833942952132685,0
2851,MOL_002824,5,1,0.8965561789316263,1
2852,MOL_002670,5,1,0.9856176753429444,1
2853,MOL_002817,2,1,0.9666945964923568,1
2854,MOL_000451,4,0,0.082745614936194,0
2855,MOL_002065,2,0,0.125854919142422,0
2856,MOL_002496,3,0,0.6799694690725878,1
2857,MOL_002089,2,1,0.0547360048525018,0
2858,MOL_002497,4,1,0.1823081337697567,0
2859,MOL_002657,5,0,0.0864638258153542,0
2860,MOL_002657,5,0,0.0570184266309813,0
2861,MOL_002811,1,1,0.8908704896929185,1
2862,MOL_002811,1,1,0.8908704896929185,1
2863,MOL_002846,4,0,0.1771474335841271,0
2864,MOL_002846,4,0,0.1771474335841271,0
2865,MOL_002846,4,0,0.1611118167656376,0
2866,MOL_002831,1,0,0.141199264623044,0
2867,MOL_001243,5,1,0.9905625815994272,1
2868,MOL_001240,4,0,0.0177513013346033,0
2869,MOL_002228,3,0,0.0391177499109236,0
2870,MOL_002228,3,0,0.0314219263807152,0
2871,MOL_002228,3,0,0.0391177499109236,0
2872,MOL_002849,4,0,0.2085833460349797,0
2873,MOL_002849,4,0,0.2085833460349797,0
2874,MOL_002849,4,0,0.2085833460349797,0
2875,MOL_002849,4,0,0.2085833460349797,0
2876,MOL_003841,3,0,0.212875744031661,0
2877,MOL_002814,4,1,0.9398573056570848,1
2878,MOL_002050,2,0,0.2225784716666598,0
2879,MOL_002050,2,0,0.2285142159783635,0
2880,MOL_002050,2,0,0.2225784716666598,0
2881,MOL_003856,4,1,0.7422248354212103,1
2882,MOL_002392,5,1,0.5404862418319684,1
2883,MOL_002392,5,1,0.5404862418319684,1
2884,MOL_002404,2,0,0.4560836088336972,0
2885,MOL_002876,1,0,0.1092256117720146,0
2886,MOL_001978,4,1,0.9813202335126772,1
2887,MOL_001966,3,0,0.022883852378135,0
2888,MOL_001966,3,0,0.0287392375455918,0
2889,MOL_001966,3,0,0.0115755838860711,0
2890,MOL_002287,1,0,0.0393365798959988,0
2891,MOL_003336,1,1,0.0867594904544834,0
2892,MOL_002052,2,0,0.2131478386485393,0
2893,MOL_002069,4,1,0.9678039365368978,1
2894,MOL_002069,4,1,0.9678039365368978,1
2895,MOL_002273,5,1,0.9896621003610406,1
2896,MOL_002273,5,1,0.9896621003610406,1
2897,MOL_002273,5,1,0.9893180669480408,1
2898,MOL_002842,5,1,0.834168940884826,1
2899,MOL_002186,1,1,0.9852923311816996,1
2900,MOL_002186,1,1,0.9832297450186842,1
2901,MOL_002484,4,0,0.0404598522659537,0
2902,MOL_002040,5,1,0.7795955793147761,1
2903,MOL_002040,5,1,0.7795955793147761,1
2904,MOL_002918,1,1,0.9875078788467052,1
2905,MOL_002405,3,1,0.9740909301733438,1
2906,MOL_002405,3,1,0.981457027495491,1
2907,MOL_002256,5,1,0.9524864504180844,1
2908,MOL_002147,2,0,0.0197235496026531,0
2909,MOL_002056,2,1,0.9339649277690516,1
2910,MOL_002056,2,1,0.9405468244856298,1
2911,MOL_002490,2,1,0.9891988872826918,1
2912,MOL_002401,3,1,0.961771138972506,1
2913,MOL_003632,5,0,0.0086561790583403,0
2914,MOL_002056,2,1,0.9405468244856298,1
2915,MOL_002490,2,1,0.9891988872826918,1
2916,MOL_002413,5,0,0.078324318183887,0
2917,MOL_002413,5,0,0.0645107786662421,0
2918,MOL_001979,2,1,0.95056322684772,1
2919,MOL_002225,4,0,0.0123325856163969,0
2920,MOL_002855,1,0,0.1687405730947437,0
2921,MOL_002928,1,0,0.0961384589616369,0
2922,MOL_002903,1,0,0.4003872475694067,0
2923,MOL_002934,5,0,0.3748847214525552,0
2924,MOL_002795,5,0,0.0363525880492854,0
2925,MOL_002912,3,0,0.0487837957148649,0
2926,MOL_002955,2,0,0.3174101951723772,0
2927,MOL_002148,3,0,0.1316758520844331,0
2928,MOL_002148,3,0,0.1316758520844331,0
2929,MOL_002148,3,0,0.1316758520844331,0
2930,MOL_002148,3,0,0.1316758520844331,0
2931,MOL_002148,3,0,0.1316758520844331,0
2932,MOL_002058,5,1,0.9437799484996188,1
2933,MOL_002058,5,1,0.9437799484996188,1
2934,MOL_002058,5,1,0.9437799484996188,1
2935,MOL_002058,5,1,0.9437799484996188,1
2936,MOL_002503,2,1,0.1877421801831171,0
2937,MOL_002503,2,1,0.1877421801831171,0
2938,MOL_002503,2,1,0.1877421801831171,0
2939,MOL_002492,2,0,0.6132301551530834,1
2940,MOL_002402,5,1,0.8400370723730967,1
2941,MOL_002245,5,1,0.9306974111273792,1
2942,MOL_003633,1,0,0.2496561418853953,0
2943,MOL_003633,1,0,0.1556078811359277,0
2944,MOL_003641,5,0,0.1880463671071933,0
2945,MOL_003720,3,0,0.9114029611933891,1
2946,MOL_002815,5,1,0.8753381856420759,1
2947,MOL_002532,1,0,0.0069919405375804,0
2948,MOL_000183,3,0,0.1314846650204618,0
2949,MOL_003428,1,0,0.064534945712792,0
2950,MOL_003428,1,0,0.1190757656487874,0
2951,MOL_003428,1,0,0.064534945712792,0
2952,MOL_003428,1,0,0.1049865236194265,0
2953,MOL_003428,1,0,0.064534945712792,0
2954,MOL_003428,1,0,0.1190757656487874,0
2955,MOL_003428,1,0,0.064534945712792,0
2956,MOL_003428,1,0,0.064534945712792,0
2957,MOL_003428,1,0,0.064534945712792,0
2958,MOL_003428,1,0,0.064534945712792,0
2959,MOL_003428,1,0,0.064534945712792,0
2960,MOL_003428,1,0,0.1190757656487874,0
2961,MOL_003428,1,0,0.064534945712792,0
2962,MOL_003428,1,0,0.064534945712792,0
2963,MOL_003428,1,0,0.1190757656487874,0
2964,MOL_003428,1,0,0.064534945712792,0
2965,MOL_003428,1,0,0.064534945712792,0
2966,MOL_003428,1,0,0.064534945712792,0
2967,MOL_003428,1,0,0.064534945712792,0
2968,MOL_003495,1,1,0.8492240359381963,1
2969,MOL_003495,1,1,0.8492240359381963,1
2970,MOL_003394,5,0,0.0254361589438206,0
2971,MOL_003394,5,0,0.0254361589438206,0
2972,MOL_003394,5,0,0.0254361589438206,0
2973,MOL_003394,5,0,0.0254361589438206,0
2974,MOL_003394,5,0,0.0254361589438206,0
2975,MOL_003394,5,0,0.0254361589438206,0
2976,MOL_003394,5,0,0.0254361589438206,0
2977,MOL_003556,3,1,0.1047971893652095,0
2978,MOL_003556,3,1,0.1603693818682028,0
2979,MOL_003425,4,0,0.0495456530306782,0
2980,MOL_003584,1,1,0.8818324951230645,1
2981,MOL_003552,1,0,0.9090889787755208,1
2982,MOL_003634,2,1,0.9771414365354716,1
2983,MOL_002900,4,0,0.0244526516367089,0
2984,MOL_002898,2,1,0.996101407574552,1
2985,MOL_002791,2,0,0.0216126390563182,0
2986,MOL_002821,1,1,0.9902908230837184,1
2987,MOL_001252,4,0,0.2070998481181273,0
2988,MOL_001252,4,0,0.2320585489260212,0
2989,MOL_001255,1,1,0.7499996824120908,1
2990,MOL_001652,2,0,0.1231941669020195,0
2991,MOL_001652,2,0,0.1231941669020195,0
2992,MOL_001652,2,0,0.1155416305636057,0
2993,MOL_001991,3,0,0.0596541031729944,0
2994,MOL_001991,3,0,0.0596541031729944,0
2995,MOL_002282,4,0,0.0148329736432211,0
2996,MOL_002282,4,0,0.0148329736432211,0
2997,MOL_002640,1,0,0.029135150948689,0
2998,MOL_002640,1,1,0.0211054844824401,0
2999,MOL_002639,3,1,0.8413649984284756,1
3000,MOL_002639,3,1,0.854340520675281,1
3001,MOL_001816,5,0,0.0781361672836571,0
3002,MOL_002686,1,1,0.9258624330156822,1
3003,MOL_002288,3,0,0.0890456191758772,0
3004,MOL_003589,4,1,0.8890128721741104,1
3005,MOL_003446,3,1,0.8719948898073949,1
3006,MOL_003407,2,1,0.3084924894723323,0
3007,MOL_003380,1,0,0.593648308536098,1
3008,MOL_003465,1,0,0.4032788857011193,0
3009,MOL_002889,4,1,0.9149417900220864,1
3010,MOL_002451,4,1,0.6767731695023755,1
3011,MOL_003381,3,1,0.6309736705027531,1
3012,MOL_003408,3,1,0.7950365284912335,1
3013,MOL_003447,1,0,0.5962345886059583,1
3014,MOL_003482,3,0,0.0245917910677632,0
3015,MOL_003523,3,0,0.0194129414282652,0
3016,MOL_003527,2,0,0.0208472758646595,0
3017,MOL_003527,2,0,0.0125646425465992,0
3018,MOL_003471,5,1,0.9644966663830884,1
3019,MOL_003756,1,0,0.3018005614880082,0
3020,MOL_003763,5,0,0.025889984513909,0
3021,MOL_003763,5,0,0.0226120346705599,0
3022,MOL_003758,5,0,0.0216174211407554,0
3023,MOL_002044,2,0,0.0689523793096768,0
3024,MOL_003439,5,0,0.0081470370570802,0
3025,MOL_003440,1,0,0.065829318388084,0
3026,MOL_003434,1,0,0.0507792660801916,0
3027,MOL_003433,5,0,0.0287641777356494,0
3028,MOL_003387,3,0,0.0237353537767927,0
3029,MOL_003854,2,0,0.9029876823625526,1
3030,MOL_003869,2,1,0.93800485642298,1
3031,MOL_002493,1,1,0.6781513467928941,1
3032,MOL_003498,5,1,0.9801857032075058,1
3033,MOL_003498,5,1,0.967652760031646,1
3034,MOL_003382,4,0,0.0694582794937413,0
3035,MOL_003409,4,1,0.02104746491617,0
3036,MOL_003448,2,0,0.0478500942106042,0
3037,MOL_003554,5,0,0.7242425082499339,1
3038,MOL_003554,5,0,0.7242425082499339,1
3039,MOL_003502,5,1,0.9250180828449588,1
3040,MOL_003558,4,0,0.2381543650691984,0
3041,MOL_003519,2,1,0.9830622963162702,1
3042,MOL_003539,1,0,0.0779369362911698,0
3043,MOL_003539,1,0,0.1400537415624536,0
3044,MOL_003519,2,1,0.9830622963162702,1
3045,MOL_003517,5,1,0.9190439295403352,1
3046,MOL_002837,1,0,0.0417795013783982,0
3047,MOL_002835,4,0,0.0449163049238948,0
3048,MOL_003531,2,0,0.7338320814792476,1
3049,MOL_003625,1,1,0.9510633971322042,1
3050,MOL_003622,2,1,0.9887827717578888,1
3051,MOL_003622,2,1,0.9887827717578888,1
3052,MOL_003619,3,0,0.1015323770927645,0
3053,MOL_003870,3,0,0.0227900551659939,0
3054,MOL_003870,3,0,0.0227900551659939,0
3055,MOL_003870,3,0,0.0227900551659939,0
3056,MOL_003870,3,0,0.0227900551659939,0
3057,MOL_003870,3,0,0.0227900551659939,0
3058,MOL_003870,3,0,0.0227900551659939,0
3059,MOL_003870,3,0,0.0227900551659939,0
3060,MOL_003870,3,0,0.0227900551659939,0
3061,MOL_003870,3,0,0.0227900551659939,0
3062,MOL_003870,3,0,0.0227900551659939,0
3063,MOL_003878,1,1,0.2573517455924549,0
3064,MOL_003877,4,0,0.8577723338154054,1
3065,MOL_003877,4,0,0.8212911337860737,1
3066,MOL_003874,2,1,0.9436861067336484,1
3067,MOL_003874,2,1,0.9436861067336484,1
3068,MOL_003871,4,0,0.1416203184638851,0
3069,MOL_003871,4,0,0.1416203184638851,0
3070,MOL_003871,4,0,0.1416203184638851,0
3071,MOL_003871,4,0,0.1416203184638851,0
3072,MOL_003875,4,1,0.8883512642365716,1
3073,MOL_003561,2,0,0.0443229584518667,0
3074,MOL_003561,2,0,0.0443229584518667,0
3075,MOL_003561,2,0,0.0443229584518667,0
3076,MOL_003561,2,0,0.0443229584518667,0
3077,MOL_003563,4,1,0.9735859713817332,1
3078,MOL_003563,4,1,0.9735859713817332,1
3079,MOL_003563,4,1,0.9735859713817332,1
3080,MOL_003563,4,1,0.9735859713817332,1
3081,MOL_003563,4,1,0.9735859713817332,1
3082,MOL_003563,4,1,0.9735859713817332,1
3083,MOL_003574,4,1,0.9752424993664354,1
3084,MOL_003574,4,1,0.9752424993664354,1
3085,MOL_003574,4,1,0.9752424993664354,1
3086,MOL_003569,5,0,0.0086111529111775,0
3087,MOL_003569,5,0,0.0086111529111775,0
3088,MOL_003569,5,0,0.0086111529111775,0
3089,MOL_003569,5,0,0.0086111529111775,0
3090,MOL_003549,4,1,0.8346738200598287,1
3091,MOL_003559,5,1,0.9603166999190051,1
3092,MOL_003560,1,1,0.9737506101452746,1
3093,MOL_002883,1,0,0.0175384160810689,0
3094,MOL_003384,2,0,0.0339616127436232,0
3095,MOL_003470,4,1,0.976180071025288,1
3096,MOL_003842,4,1,0.0332119401075082,0
3097,MOL_003857,3,1,0.73253995705581,1
3098,MOL_003876,3,1,0.011495012139353,0
3099,MOL_003876,3,1,0.011495012139353,0
3100,MOL_003879,5,0,0.0596671361141942,0
3101,MOL_003879,5,0,0.0596671361141942,0
3102,MOL_003879,5,0,0.0596671361141942,0
3103,MOL_003879,5,0,0.0596671361141942,0
3104,MOL_003879,5,0,0.0596671361141942,0
3105,MOL_003846,4,1,0.0436018173702402,0
3106,MOL_003885,5,0,0.0320947025439816,0
3107,MOL_003885,5,0,0.0320947025439816,0
3108,MOL_003886,1,0,0.0357997804395296,0
3109,MOL_003885,5,0,0.0320947025439816,0
3110,MOL_003154,1,1,0.9811768370608264,1
3111,MOL_003151,5,1,0.9471191049965528,1
3112,MOL_003891,3,0,0.0663578220037737,0
3113,MOL_003786,5,0,0.0607743587476519,0
3114,MOL_003153,4,0,0.0235393705708852,0
3115,MOL_000253,3,1,0.8490482533052937,1
3116,MOL_000067,4,0,0.0076928825795259,0
3117,MOL_000662,1,0,0.007574984753071,0
3118,MOL_003163,4,0,0.0085886809259322,0
3119,MOL_003420,5,0,0.0572877660424205,0
3120,MOL_000441,5,1,0.9784349336362682,1
3121,MOL_000243,3,0,0.0333573658341908,0
3122,MOL_000243,3,0,0.0457417737100171,0
3123,MOL_000244,4,1,0.6987970561253213,1
3124,MOL_000375,5,1,0.968476494134142,1
3125,MOL_000377,2,0,0.7847527844369754,1
3126,MOL_000377,2,0,0.9517346165824002,1
3127,MOL_000256,2,0,0.0763345339627916,0
3128,MOL_000674,5,1,0.3012153929147261,0
3129,MOL_000337,3,1,0.433477394999155,0
3130,MOL_000522,5,1,0.99018994121796,1
3131,MOL_000522,5,1,0.99018994121796,1
3132,MOL_000522,5,1,0.99018994121796,1
3133,MOL_000516,4,0,0.0080932321092482,0
3134,MOL_000516,4,0,0.0080932321092482,0
3135,MOL_003760,5,0,0.0290677389213831,0
3136,MOL_000754,1,0,0.1981337457807114,0
3137,MOL_000437,2,0,0.4202430072687921,0
3138,MOL_000436,4,1,0.0381224872230576,0
3139,MOL_002086,3,0,0.1577505345294034,0
3140,MOL_002090,3,0,0.335806772813123,0
3141,MOL_002080,2,1,0.4428234425574175,0
3142,MOL_001999,3,1,0.9395407796282425,1
3143,MOL_003859,3,0,0.0978175938655131,0
3144,MOL_000400,3,1,0.9830944701291208,1
3145,MOL_001239,3,1,0.5172753892594782,1
3146,MOL_001241,2,0,0.1540141895446109,0
3147,MOL_002227,5,0,0.176775283183565,0
3148,MOL_002227,5,0,0.176775283183565,0
3149,MOL_001413,2,0,0.0196300802942778,0
3150,MOL_001009,2,0,0.0211165467923375,0
3151,MOL_000527,5,1,0.6167851565961545,1
3152,MOL_003400,5,1,0.7412220445202987,1
3153,MOL_003477,1,0,0.0307519065735839,0
3154,MOL_003529,5,0,0.0370718171759232,0
3155,MOL_002418,1,1,0.8272284771197836,1
3156,MOL_002270,5,1,0.9751791255299084,1
3157,MOL_001440,2,1,0.9067094140182862,1
3158,MOL_001439,2,0,0.0479999740305728,0
3159,MOL_002502,4,1,0.3787224130866948,0
3160,MOL_002502,4,1,0.3787224130866948,0
3161,MOL_002146,1,0,0.0896506234381636,0
3162,MOL_002146,1,0,0.0896506234381636,0
3163,MOL_002057,4,1,0.8582738519704638,1
3164,MOL_002491,3,0,0.3478590144136265,0
3165,MOL_000517,3,0,0.0657859194702616,0
3166,MOL_002407,4,0,0.0486582107649858,0
3167,MOL_002003,2,0,0.086646950734927,0
3168,MOL_002099,2,0,0.079016163481616,0
3169,MOL_002669,1,0,0.0700164754521086,0
3170,MOL_002649,2,0,0.0836258705706085,0
3171,MOL_003512,1,1,0.9708849541565442,1
3172,MOL_002305,5,1,0.9367717346222338,1
3173,MOL_001983,1,0,0.034314016325478,0
3174,MOL_002076,1,1,0.927530335049877,1
3175,MOL_002095,2,1,0.8302510370957249,1
3176,MOL_002097,1,1,0.9722218381744028,1
3177,MOL_001701,4,1,0.9758763715694642,1
3178,MOL_001701,4,1,0.9758763715694642,1
3179,MOL_002633,1,0,0.1204337490486166,0
3180,MOL_001962,4,0,0.0197016454953371,0
3181,MOL_001632,2,0,0.0518017395204981,0
3182,MOL_001632,2,0,0.0429193168708472,0
3183,MOL_001632,2,0,0.0635616658429283,0
3184,MOL_001632,2,0,0.0635616658429283,0
3185,MOL_001632,2,0,0.0635616658429283,0
3186,MOL_001632,2,0,0.0635616658429283,0
3187,MOL_001632,2,0,0.0635616658429283,0
3188,MOL_001632,2,0,0.0635616658429283,0
3189,MOL_001632,2,0,0.0635616658429283,0
3190,MOL_001632,2,0,0.0635616658429283,0
3191,MOL_001632,2,0,0.0635616658429283,0
3192,MOL_001632,2,0,0.0635616658429283,0
3193,MOL_001632,2,0,0.0635616658429283,0
3194,MOL_002635,3,0,0.0290569170845778,0
3195,MOL_002635,3,0,0.0181675818253908,0
3196,MOL_002635,3,0,0.0181675818253908,0
3197,MOL_002635,3,0,0.0181675818253908,0
3198,MOL_002283,5,0,0.0184811757286208,0
3199,MOL_002283,5,0,0.0184811757286208,0
3200,MOL_001619,4,1,0.915835581871374,1
3201,MOL_001619,4,1,0.915835581871374,1
3202,MOL_003784,2,0,0.0264292790277969,0
3203,MOL_003606,3,0,0.0458117978236947,0
3204,MOL_002789,3,0,0.0261854063734625,0
3205,MOL_000439,3,0,0.0397944966698257,0
3206,MOL_002093,3,0,0.1449616599141402,0
3207,MOL_002074,3,0,0.0953703283987544,0
3208,MOL_002082,1,0,0.2736318753494529,0
3209,MOL_001986,1,1,0.9291917085254678,1
3210,MOL_002001,5,1,0.9358108608468464,1
3211,MOL_002118,1,0,0.0438622896175488,0
3212,MOL_002118,1,0,0.0438622896175488,0
3213,MOL_002118,1,0,0.0438622896175488,0
3214,MOL_002118,1,0,0.0438622896175488,0
3215,MOL_002118,1,0,0.0420353594083171,0
3216,MOL_002118,1,0,0.0420353594083171,0
3217,MOL_001513,2,0,0.0567875810762141,0
3218,MOL_002265,1,1,0.6959197056212723,1
3219,MOL_001688,5,0,0.0458865430932659,0
3220,MOL_002033,3,1,0.8503089008145497,1
3221,MOL_002038,3,0,0.7806268585684394,1
3222,MOL_002257,2,0,0.1014438613052493,0
3223,MOL_002036,2,0,0.2712216866481097,0
3224,MOL_002123,2,1,0.4884927316683686,0
3225,MOL_002668,4,0,0.0640750375525375,0
3226,MOL_001679,1,1,0.9606701526412406,1
3227,MOL_001997,1,0,0.0324848002389949,0
3228,MOL_002182,3,0,0.0802685416784212,0
3229,MOL_001968,4,0,0.0759743260194132,0
3230,MOL_002126,5,1,0.9651261188831392,1
3231,MOL_002059,3,1,0.5627427323115248,1
3232,MOL_000186,1,1,0.1076976110952108,0
3233,MOL_001267,4,1,0.4017682757285071,0
3234,MOL_003393,4,0,0.020202847259685,0
3235,MOL_003393,4,0,0.017291959820031,0
3236,MOL_003393,4,0,0.020202847259685,0
3237,MOL_003393,4,0,0.017291959820031,0
3238,MOL_003393,4,0,0.017291959820031,0
3239,MOL_003393,4,0,0.0352841293125656,0
3240,MOL_003393,4,0,0.0352841293125656,0
3241,MOL_003393,4,0,0.0294061588147925,0
3242,MOL_003393,4,0,0.0294061588147925,0
3243,MOL_003393,4,0,0.0294061588147925,0
3244,MOL_003393,4,0,0.0352841293125656,0
3245,MOL_003393,4,0,0.0352841293125656,0
3246,MOL_003393,4,0,0.0294061588147925,0
3247,MOL_003393,4,0,0.0294061588147925,0
3248,MOL_003393,4,0,0.0294061588147925,0
3249,MOL_003393,4,0,0.0352841293125656,0
3250,MOL_003476,5,1,0.8866438065442799,1
3251,MOL_003476,5,1,0.8901064266924268,1
3252,MOL_003476,5,1,0.8108402216473849,1
3253,MOL_003476,5,1,0.8901064266924268,1
3254,MOL_003476,5,1,0.8901064266924268,1
3255,MOL_003476,5,1,0.8901064266924268,1
3256,MOL_003390,2,0,0.0424232320529765,0
3257,MOL_003390,2,0,0.0255672307964296,0
3258,MOL_003390,2,0,0.0255672307964296,0
3259,MOL_003390,2,0,0.0255672307964296,0
3260,MOL_003390,2,0,0.0255672307964296,0
3261,MOL_003390,2,0,0.0255672307964296,0
3262,MOL_003390,2,0,0.0255672307964296,0
3263,MOL_003390,2,0,0.0255672307964296,0
3264,MOL_003474,2,1,0.8880496507700552,1
3265,MOL_003397,2,1,0.2043238851123019,0
3266,MOL_002278,4,0,0.0282977140510289,0
3267,MOL_002271,3,1,0.986767022903106,1
3268,MOL_001960,2,0,0.0144139971689853,0
3269,MOL_002064,4,1,0.9667952634744384,1
3270,MOL_002111,3,1,0.1841585566410953,0
3271,MOL_002111,3,1,0.1841585566410953,0
3272,MOL_002111,3,1,0.1841585566410953,0
3273,MOL_002111,3,1,0.1841585566410953,0
3274,MOL_002111,3,1,0.1841585566410953,0
3275,MOL_001552,5,0,0.0741846047954018,0
3276,MOL_002023,5,0,0.0577461985100893,0
3277,MOL_002023,5,0,0.0800711162343436,0
3278,MOL_002023,5,0,0.0577461985100893,0
3279,MOL_002023,5,0,0.0577461985100893,0
3280,MOL_002279,1,0,0.0153562219290865,0
3281,MOL_001992,2,0,0.0338615141550064,0
3282,MOL_001992,2,0,0.0338615141550064,0
3283,MOL_001659,3,0,0.337533243998856,0
3284,MOL_001651,1,0,0.0176276635386102,0
3285,MOL_002263,2,0,0.8606072771699846,1
3286,MOL_001817,3,0,0.0245470719311989,0
3287,MOL_002284,5,0,0.0471955331745972,0
3288,MOL_002284,5,0,0.0536298264482901,0
3289,MOL_003592,5,1,0.7152350156236793,1
3290,MOL_003593,1,0,0.8094853658887351,1
3291,MOL_003411,3,1,0.8531903036606523,1
3292,MOL_002850,1,1,0.9517908979410354,1
3293,MOL_002683,3,0,0.1173225766762091,0
3294,MOL_002684,2,1,0.9800509179197308,1
3295,MOL_001251,3,0,0.0663465722252293,0
3296,MOL_002673,2,0,0.0479648281705346,0
3297,MOL_003401,1,1,0.7378802318040013,1
3298,MOL_003522,1,0,0.0221122181624943,0
3299,MOL_002810,5,1,0.6726556874147801,1
3300,MOL_002925,4,1,0.9914018855620942,1
3301,MOL_002925,4,1,0.9914018855620942,1
3302,MOL_002809,2,1,0.9798176031980876,1
3303,MOL_002962,1,1,0.9692862243246716,1
3304,MOL_002902,5,1,0.7809644256256284,1
3305,MOL_002973,4,1,0.9947610709589322,1
3306,MOL_002845,2,1,0.9623492205508518,1
3307,MOL_002872,4,1,0.9987226361803848,1
3308,MOL_001272,5,0,0.1128314355870718,0
3309,MOL_001271,3,0,0.0288101479789495,0
3310,MOL_003385,5,0,0.0535981433897739,0
3311,MOL_003555,4,0,0.1049545333993563,0
3312,MOL_003479,3,1,0.9250227427484168,1
3313,MOL_003479,3,1,0.8662760544083429,1
3314,MOL_003479,3,1,0.8662760544083429,1
3315,MOL_003402,1,0,0.1311831656755652,0
3316,MOL_003402,1,0,0.1008576304518799,0
3317,MOL_003497,2,1,0.9810095711602396,1
3318,MOL_003497,2,1,0.9810095711602396,1
3319,MOL_003488,3,1,0.9065993000571304,1
3320,MOL_003488,3,1,0.8786903130055481,1
3321,MOL_003413,1,0,0.1073068497268319,0
3322,MOL_003413,1,0,0.1073008343204987,0
3323,MOL_003413,1,0,0.131048031437752,0
3324,MOL_003494,3,1,0.9714853132364988,1
3325,MOL_003543,5,0,0.082884074438121,0
3326,MOL_003513,2,1,0.96901725984658,1
3327,MOL_003515,4,1,0.979206555008974,1
3328,MOL_003537,4,0,0.1319533429384013,0
3329,MOL_003544,3,0,0.1054151962917801,0
3330,MOL_002149,5,0,0.5571356816469579,1
3331,MOL_003438,4,0,0.0344466922701026,0
3332,MOL_003576,1,1,0.8876193615662983,1
3333,MOL_002398,2,0,0.0798946233490396,0
3334,MOL_003751,1,1,0.6892393064725241,1
3335,MOL_002701,5,0,0.0440452406957539,0
3336,MOL_002927,2,0,0.1272615537986165,0
3337,MOL_003113,1,0,0.020288208685961,0
3338,MOL_003113,1,0,0.0180030976518294,0
3339,MOL_003113,1,0,0.0180030976518294,0
3340,MOL_003113,1,0,0.0180030976518294,0
3341,MOL_003113,1,0,0.0180030976518294,0
3342,MOL_003116,2,1,0.9773653176854692,1
3343,MOL_003123,3,0,0.0085753093390834,0
3344,MOL_003125,1,1,0.9860354907622488,1
3345,MOL_003121,5,1,0.3491260092056533,0
3346,MOL_003117,3,0,0.0744973825128941,0
3347,MOL_003129,2,1,0.9477972859796754,1
3348,MOL_003624,2,1,0.9320742164174146,1
3349,MOL_003620,1,1,0.9878644417654155,1
3350,MOL_003621,4,1,0.9826628261100306,1
3351,MOL_001250,3,0,0.0905946791694245,0
3352,MOL_000254,4,1,0.9492560165912828,1
3353,MOL_000250,5,1,0.9687412204805924,1
3354,MOL_003562,3,1,0.955892152982212,1
3355,MOL_003114,4,0,0.010696036770697,0
3356,MOL_003114,4,0,0.0212510126650239,0
3357,MOL_003114,4,0,0.010696036770697,0
3358,MOL_003114,4,0,0.010696036770697,0
3359,MOL_003122,2,0,0.441953498540316,0
3360,MOL_003119,5,1,0.0734744649250927,0
3361,MOL_003124,4,0,0.0245857434969411,0
3362,MOL_003058,2,0,0.5459025024418279,1
3363,MOL_003058,2,0,0.5459025024418279,1
3364,MOL_003055,3,0,0.0681514825975499,0
3365,MOL_003055,3,0,0.0681514825975499,0
3366,MOL_003055,3,0,0.0681514825975499,0
3367,MOL_003060,3,0,0.0267157796640517,0
3368,MOL_003060,3,0,0.0267157796640517,0
3369,MOL_003052,5,1,0.246413468102985,0
3370,MOL_003118,4,1,0.977699321706575,1
3371,MOL_000371,1,1,0.8509300467552672,1
3372,MOL_000518,1,0,0.0188670461231242,0
3373,MOL_000518,1,0,0.0181967523606937,0
3374,MOL_000788,3,0,0.0200608811234864,0
3375,MOL_003063,1,0,0.0128916989951361,0
3376,MOL_003068,2,1,0.9651197258929232,1
3377,MOL_003063,1,0,0.0128916989951361,0
3378,MOL_003061,4,0,0.0117149997962384,0
3379,MOL_003115,3,0,0.0628359981571863,0
3380,MOL_003149,1,1,0.948056918811538,1
3381,MOL_003750,3,0,0.066607101043864,0
3382,MOL_003755,4,0,0.0786658527067484,0
3383,MOL_001412,1,1,0.972954516834088,1
3384,MOL_000519,2,1,0.9710886125045152,1
3385,MOL_000664,3,0,0.0575749625795729,0
3386,MOL_000524,1,0,0.0151181557647526,0
3387,MOL_003056,4,0,0.1703592226482033,0
3388,MOL_000247,1,1,0.967547776461495,1
3389,MOL_000526,3,1,0.9552352416307914,1
3390,MOL_000526,3,1,0.9552352416307914,1
3391,MOL_001127,3,1,0.9725399835319776,1
3392,MOL_002234,1,1,0.4501141381662567,0
3393,MOL_002608,1,0,0.0077367749039884,0
3394,MOL_003320,3,1,0.7075508553505685,1
3395,MOL_001427,4,1,0.9905723746162116,1
3396,MOL_000424,4,1,0.9740479908527324,1
3397,MOL_001414,3,1,0.6643989012904704,1
3398,MOL_000423,5,1,0.677781481862038,1
3399,MOL_001581,2,0,0.1329499605472128,0
3400,MOL_001698,2,0,0.5182203415073345,1
3401,MOL_001878,4,0,0.0353165936486004,0
3402,MOL_002395,3,0,0.0729900388921735,0
3403,MOL_002087,1,0,0.493226670707227,0
3404,MOL_002094,1,0,0.0664503098066164,0
3405,MOL_002071,4,0,0.4674255257067632,0
3406,MOL_002075,5,0,0.1229528063600906,0
3407,MOL_002084,4,0,0.3778704446132633,0
3408,MOL_003585,5,0,0.3145203830165475,0
3409,MOL_001982,5,1,0.9097134234099916,1
3410,MOL_001130,1,0,0.066758274237484,0
3411,MOL_001129,5,0,0.0414012547338333,0
3412,MOL_000373,2,0,0.9572237738498908,1
3413,MOL_002051,5,0,0.0185718629943,0
3414,MOL_001823,5,0,0.0579922763277076,0
3415,MOL_002306,3,1,0.8888805468140348,1
3416,MOL_001826,3,1,0.7419281300502637,1
3417,MOL_003601,1,0,0.2654069356443235,0
3418,MOL_003601,1,0,0.279279093104501,0
3419,MOL_003603,2,1,0.984788849863594,1
3420,MOL_003600,1,1,0.881229242150149,1
3421,MOL_003602,4,0,0.1283107910121279,0
3422,MOL_002119,3,0,0.7922833235281632,1
3423,MOL_001761,4,1,0.0972211526960036,0
3424,MOL_001689,4,0,0.140467815839529,0
3425,MOL_002624,2,0,0.1469955572937915,0
3426,MOL_001964,2,0,0.017176700397565,0
3427,MOL_001635,3,1,0.8857684055985589,1
3428,MOL_001467,5,0,0.0529064009048896,0
3429,MOL_001680,5,1,0.9541574402936618,1
3430,MOL_001680,5,1,0.9477750673595317,1
3431,MOL_002384,1,0,0.0688202576802013,0
3432,MOL_001700,3,1,0.9660385618864964,1
3433,MOL_001967,4,0,0.0360753530725046,0
3434,MOL_001463,2,1,0.9056479485153008,1
3435,MOL_002034,3,1,0.8486293889423278,1
3436,MOL_002135,5,0,0.4257207050878638,0
3437,MOL_002386,4,1,0.6783378938369418,1
3438,MOL_001879,1,0,0.1568166470298632,0
3439,MOL_001772,2,1,0.7630973234994184,1
3440,MOL_001774,5,0,0.0852784397014316,0
3441,MOL_000206,1,1,0.6302862117006399,1
3442,MOL_003799,2,0,0.0309200130177728,0
3443,MOL_003799,2,0,0.0309200130177728,0
3444,MOL_003799,2,0,0.0309200130177728,0
3445,MOL_003799,2,0,0.0309200130177728,0
3446,MOL_003799,2,0,0.0309200130177728,0
3447,MOL_003799,2,0,0.0309200130177728,0
3448,MOL_003800,2,1,0.8769708393297344,1
3449,MOL_003805,4,1,0.217158145213957,0
3450,MOL_001532,1,0,0.0967109506077944,0
3451,MOL_002049,4,0,0.116461322984356,0
3452,MOL_001927,5,0,0.0232652641765769,0
3453,MOL_001927,5,0,0.0251909476082158,0
3454,MOL_001927,5,0,0.0251909476082158,0
3455,MOL_001626,5,0,0.0790349471916816,0
3456,MOL_001626,5,0,0.0790349471916816,0
3457,MOL_001626,5,0,0.0852553785587714,0
3458,MOL_001626,5,0,0.0790349471916816,0
3459,MOL_001626,5,0,0.0790349471916816,0
3460,MOL_001626,5,0,0.0790349471916816,0
3461,MOL_001626,5,0,0.0852553785587714,0
3462,MOL_001626,5,0,0.0790349471916816,0
3463,MOL_001626,5,0,0.0790349471916816,0
3464,MOL_001626,5,0,0.0852553785587714,0
3465,MOL_001626,5,0,0.0852553785587714,0
3466,MOL_001626,5,0,0.0790349471916816,0
3467,MOL_001626,5,0,0.0790349471916816,0
3468,MOL_001633,1,0,0.0189259643088784,0
3469,MOL_002636,5,0,0.8930547474238011,1
3470,MOL_002131,3,1,0.7245474917345016,1
3471,MOL_001541,3,0,0.0336396608766425,0
3472,MOL_001650,4,0,0.0759280676303137,0
3473,MOL_002045,4,1,0.0266884545285721,0
3474,MOL_002280,3,0,0.0180838947168474,0
3475,MOL_002634,2,0,0.0869803828108531,0
3476,MOL_001550,3,1,0.5057614455662385,1
3477,MOL_001818,5,0,0.0409921582992895,0
3478,MOL_001531,3,1,0.5701979193492052,1
3479,MOL_002032,2,0,0.1460263002145729,0
3480,MOL_002032,2,0,0.1417083765716196,0
3481,MOL_002032,2,0,0.1417083765716196,0
3482,MOL_002026,3,0,0.2916065104403449,0
3483,MOL_002026,3,0,0.286791206822209,0
3484,MOL_002026,3,0,0.286791206822209,0
3485,MOL_002117,4,1,0.6368012521403634,1
3486,MOL_002117,4,1,0.6368012521403634,1
3487,MOL_002112,1,1,0.8089650137375562,1
3488,MOL_002112,1,1,0.7517182246415643,1
3489,MOL_001987,1,0,0.0284784062379209,0
3490,MOL_001987,1,0,0.043450924970093,0
3491,MOL_001733,3,0,0.04333872792412,0
3492,MOL_001595,2,0,0.0265170962248533,0
3493,MOL_001636,1,0,0.016968889634641,0
3494,MOL_001972,5,0,0.0850848912565326,0
3495,MOL_001973,5,0,0.0174698249682604,0
3496,MOL_002281,2,0,0.0388325562586424,0
3497,MOL_001684,5,0,0.0344497374613081,0
3498,MOL_001970,1,0,0.151845903075612,0
3499,MOL_001596,5,1,0.7889318757759972,1
3500,MOL_001676,1,1,0.7712756169969999,1
3501,MOL_001993,1,0,0.0318472826408996,0
3502,MOL_002299,5,0,0.0823013314297107,0
3503,MOL_001848,2,0,0.0480681321320775,0
3504,MOL_002298,3,0,0.0338219313463922,0
3505,MOL_003807,1,0,0.1009740237025621,0
3506,MOL_003801,3,0,0.0270470699612745,0
3507,MOL_000438,1,0,0.0704384091142361,0
3508,MOL_002092,4,0,0.1265685250945379,0
3509,MOL_002070,3,0,0.2006826731800272,0
3510,MOL_002073,1,0,0.16993550593312,0
3511,MOL_002081,3,1,0.2179950411449445,0
3512,MOL_003802,4,0,0.0135176870051123,0
3513,MOL_003802,4,0,0.0135176870051123,0
3514,MOL_003802,4,0,0.0135176870051123,0
3515,MOL_003804,1,1,0.963153554201832,1
3516,MOL_003804,1,1,0.963153554201832,1
3517,MOL_003804,1,1,0.963153554201832,1
3518,MOL_003802,4,0,0.0135176870051123,0
3519,MOL_002145,3,1,0.8974436123511657,1
3520,MOL_002292,5,1,0.8831338531148216,1
3521,MOL_002506,2,1,0.9140968068791014,1
3522,MOL_002506,2,1,0.9140968068791014,1
3523,MOL_002611,2,0,0.4308975252142871,0
3524,MOL_000046,4,0,0.0059723076001627,0
3525,MOL_000046,4,0,0.0059723076001627,0
3526,MOL_000046,4,0,0.0059723076001627,0
3527,MOL_000046,4,0,0.0059723076001627,0
3528,MOL_000026,2,0,0.0088783718742565,0
3529,MOL_000026,2,0,0.0088783718742565,0
3530,MOL_000026,2,0,0.0088783718742565,0
3531,MOL_000026,2,0,0.0088783718742565,0
3532,MOL_000032,2,1,0.9927488520073612,1
3533,MOL_000032,2,1,0.9927488520073612,1
3534,MOL_000032,2,1,0.9927488520073612,1
3535,MOL_000038,1,1,0.947223082310834,1
3536,MOL_000038,1,1,0.947223082310834,1
3537,MOL_000038,1,1,0.947223082310834,1
3538,MOL_000034,4,1,0.0440885510926022,0
3539,MOL_000037,4,0,0.0292043707359013,0
3540,MOL_000037,4,0,0.0292043707359013,0
3541,MOL_000037,4,0,0.0292043707359013,0
3542,MOL_000042,4,0,0.2104883760454517,0
3543,MOL_000042,4,0,0.2104883760454517,0
3544,MOL_000042,4,0,0.2104883760454517,0
3545,MOL_000041,4,1,0.8784873389227928,1
3546,MOL_000041,4,1,0.8784873389227928,1
3547,MOL_003389,4,1,0.125032101524811,0
3548,MOL_003389,4,0,0.0876314034855684,0
3549,MOL_003389,4,0,0.107718779233228,0
3550,MOL_003389,4,0,0.107718779233228,0
3551,MOL_003389,4,0,0.107718779233228,0
3552,MOL_003389,4,0,0.107718779233228,0
3553,MOL_003389,4,0,0.107718779233228,0
3554,MOL_003367,1,1,0.3356880212443898,0
3555,MOL_003367,1,1,0.3356880212443898,0
3556,MOL_003396,4,1,0.2029327457658078,0
3557,MOL_003396,4,1,0.2029327457658078,0
3558,MOL_003369,2,0,0.0557139403615331,0
3559,MOL_003368,3,0,0.033779866295836,0
3560,MOL_001738,4,0,0.0615171527213568,0
3561,MOL_002024,2,0,0.1014874239198395,0
3562,MOL_001809,3,0,0.0363793603917271,0
3563,MOL_002164,3,1,0.8975583356650236,1
3564,MOL_002164,3,1,0.8975583356650236,1
3565,MOL_002177,5,1,0.9551276921387444,1
3566,MOL_003803,5,0,0.0652946993570944,0
3567,MOL_002415,5,1,0.8708873836626198,1
3568,MOL_002858,2,1,0.967514031817658,1
3569,MOL_002929,3,1,0.9704734924834112,1
3570,MOL_000366,1,1,0.9480000222222444,1
3571,MOL_000366,1,1,0.9480000222222444,1
3572,MOL_002675,4,0,0.0995144626086713,0
3573,MOL_002646,1,1,0.0942179347364072,0
3574,MOL_001956,2,0,0.0288305615156265,0
3575,MOL_000052,1,0,0.3626115013613061,0
3576,MOL_000027,2,0,0.0267885122198131,0
3577,MOL_000033,3,1,0.9816047738572948,1
3578,MOL_000054,3,1,0.0457829262203588,0
3579,MOL_000039,2,0,0.1062476254650485,0
3580,MOL_000040,3,0,0.0536841037435196,0
3581,MOL_000040,3,0,0.0536841037435196,0
3582,MOL_000028,3,0,0.0179968875236821,0
3583,MOL_000028,3,0,0.0179968875236821,0
3584,MOL_000028,3,0,0.0179968875236821,0
3585,MOL_000028,3,0,0.0179968875236821,0
3586,MOL_000028,3,0,0.0179968875236821,0
3587,MOL_000047,3,0,0.0261003418028367,0
3588,MOL_000047,3,0,0.0261003418028367,0
3589,MOL_000047,3,0,0.0261003418028367,0
3590,MOL_000050,3,0,0.082920057360929,0
3591,MOL_000050,3,0,0.0754268166303737,0
3592,MOL_000043,4,0,0.0559080356636152,0
3593,MOL_000043,4,0,0.0559080356636152,0
3594,MOL_002501,5,1,0.6988404813490985,1
3595,MOL_002055,4,1,0.8413299577702786,1
3596,MOL_002235,4,1,0.9969020426032632,1
3597,MOL_000048,2,0,0.0354452304596942,0
3598,MOL_000048,2,0,0.0354452304596942,0
3599,MOL_000048,2,0,0.039540411305658,0
3600,MOL_000051,5,1,0.934179448716106,1
3601,MOL_000051,5,1,0.934179448716106,1
3602,MOL_000051,5,1,0.934179448716106,1
3603,MOL_000029,4,0,0.0130335732187108,0
3604,MOL_000029,4,0,0.0130335732187108,0
3605,MOL_000035,5,1,0.9677987498279342,1
3606,MOL_000035,5,1,0.9677987498279342,1
3607,MOL_000035,5,1,0.9677987498279342,1
3608,MOL_000029,4,0,0.0130335732187108,0
3609,MOL_003588,5,1,0.9155098731302728,1
3610,MOL_003445,4,1,0.7481658070753787,1
3611,MOL_003464,4,0,0.664479681440006,1
3612,MOL_003485,2,1,0.7997433701802991,1
3613,MOL_003403,2,0,0.0935272836661321,0
3614,MOL_003435,2,0,0.0906342255869162,0
3615,MOL_002060,5,1,0.8904111034346468,1
3616,MOL_002165,5,0,0.4474350803821609,0
3617,MOL_000521,3,1,0.9398203200598374,1
3618,MOL_000036,5,1,0.8720267820067822,1
3619,MOL_000030,5,0,0.0545898996009763,0
3620,MOL_002882,3,1,0.0795507731971497,0
3621,MOL_003873,1,1,0.9186019726124968,1
3622,MOL_003873,1,1,0.9186019726124968,1
3623,MOL_003378,5,0,0.0338986809738408,0
3624,MOL_002181,2,0,0.0639185301644767,0
3625,MOL_001902,4,0,0.0660352396293845,0
3626,MOL_002416,2,0,0.1213058542489756,0
3627,MOL_003070,2,1,0.957537677389445,1
3628,MOL_003535,3,1,0.0184733534514395,0
3629,MOL_002801,3,0,0.0283187149473214,0
3630,MOL_000255,1,1,0.9692805943620744,1
3631,MOL_000248,3,1,0.9458948498125423,1
3632,MOL_003520,3,1,0.6391502471679382,1
3633,MOL_003623,5,1,0.927274854868174,1
3634,MOL_001793,3,0,0.0977582236931195,0
3635,MOL_002969,3,0,0.1949726785638112,0
3636,MOL_002969,3,0,0.1949726785638112,0
3637,MOL_000434,2,1,0.9688282725069038,1
3638,MOL_000432,3,1,0.9799521373298788,1
3639,MOL_001126,2,1,0.9864788626828176,1
3640,MOL_002091,5,0,0.1131425987233166,0
3641,MOL_000494,4,0,0.1769799160542138,0
3642,MOL_000493,1,1,0.9521231907429252,1
3643,MOL_000798,3,1,0.8840078055639197,1
3644,MOL_000440,4,0,0.0490295243002562,0
3645,MOL_003757,2,1,0.9847043438246608,1
3646,MOL_003773,3,1,0.9935540980996852,1
3647,MOL_001347,1,1,0.5256356559964652,1
3648,MOL_001128,4,0,0.1072001947239283,0
3649,MOL_001876,2,0,0.0801244658143471,0
3650,MOL_001088,3,0,0.0183108343476519,0
3651,MOL_003785,3,0,0.0725544495472887,0
3652,MOL_003754,5,0,0.0616474880131107,0
3653,MOL_003749,3,0,0.0651068205089937,0
3654,MOL_003161,2,0,0.0568210027620489,0
3655,MOL_003194,5,1,0.9784359745111842,1
3656,MOL_002629,2,0,0.4006165764361836,0
3657,MOL_002627,2,1,0.1040973953403222,0
3658,MOL_001562,5,0,0.8371569285986217,1
3659,MOL_001963,1,0,0.0514464397768841,0
3660,MOL_003319,2,1,0.2508392372189551,0
3661,MOL_001599,3,0,0.2156883696992233,0
3662,MOL_003314,1,1,0.1828987540246681,0
3663,MOL_003468,3,0,0.2306885278213596,0
3664,MOL_003468,3,0,0.2306885278213596,0
3665,MOL_001508,5,1,0.4192902505987601,0
3666,MOL_002285,1,0,0.0580356995963925,0
3667,MOL_001691,4,1,0.5957682538266741,1
3668,MOL_003372,1,0,0.5023160439183358,1
3669,MOL_003372,1,0,0.5023160439183358,1
3670,MOL_003460,3,1,0.2887283080698987,0
3671,MOL_003460,3,1,0.2887283080698987,0
3672,MOL_003231,4,0,0.0797507539177666,0
3673,MOL_003231,4,0,0.083940562886773,0
3674,MOL_003416,2,0,0.7819481824496851,1
3675,MOL_000348,1,1,0.9452781324687992,1
3676,MOL_000348,1,1,0.9452781324687992,1
3677,MOL_002881,5,0,0.3191460102424468,0
3678,MOL_000372,4,1,0.7686969872208466,1
3679,MOL_000520,4,1,0.9679276800120356,1
3680,MOL_003451,5,0,0.2469723000107094,0
3681,MOL_003605,5,0,0.024497958962552,0
3682,MOL_002623,5,0,0.1415381131636076,0
3683,MOL_002623,5,0,0.0351243617151126,0
3684,MOL_002623,5,0,0.0351243617151126,0
3685,MOL_001643,5,0,0.0773679641271296,0
3686,MOL_001593,1,0,0.0342786173730542,0
3687,MOL_001593,1,0,0.0342786173730542,0
3688,MOL_002625,4,0,0.0177739072897779,0
3689,MOL_001931,3,0,0.0281888151931432,0
3690,MOL_001931,3,0,0.0282036366219101,0
3691,MOL_001760,3,1,0.0813421094891186,0
3692,MOL_001762,5,0,0.7717986011233247,1
3693,MOL_002286,2,0,0.0200700210217849,0
3694,MOL_001647,3,0,0.0271255688774303,0
3695,MOL_002114,4,1,0.8019969558643385,1
3696,MOL_002114,4,1,0.8019969558643385,1
3697,MOL_001770,1,0,0.1185232965222904,0
3698,MOL_001614,5,1,0.6999733248870892,1
3699,MOL_001778,5,0,0.1039685802357855,0
3700,MOL_002626,1,0,0.6252412788099552,1
3701,MOL_001819,1,0,0.0165025057871117,0
3702,MOL_001807,3,0,0.0199907150460002,0
3703,MOL_001512,3,0,0.0236146764024517,0
3704,MOL_001594,2,0,0.8926851116271696,1
3705,MOL_002495,4,0,0.4338329252206597,0
3706,MOL_001753,3,1,0.0681814842618591,0
3707,MOL_001702,4,1,0.4589209490282672,0
3708,MOL_001875,3,0,0.0353403569393508,0
3709,MOL_001877,3,0,0.1251208537322763,0
3710,MOL_002255,4,0,0.1007349045531456,0
3711,MOL_002264,5,1,0.8752206532223447,1
3712,MOL_001506,2,0,0.0220728176004532,0
3713,MOL_001995,1,0,0.0635164792026368,0
3714,MOL_001773,4,0,0.0362144087992115,0
3715,MOL_003461,1,1,0.9930552541385108,1
3716,MOL_003373,2,0,0.0164679034897196,0
3717,MOL_003783,4,0,0.0798168768304424,0
3718,MOL_003782,3,1,0.8320513173788769,1
3719,MOL_001903,3,1,0.6099961152202027,1
3720,MOL_002505,4,1,0.9613123426936948,1
3721,MOL_002505,4,1,0.9613123426936948,1
3722,MOL_002143,4,1,0.9357397978793004,1
3723,MOL_002139,2,1,0.8577536419690791,1
3724,MOL_002291,2,1,0.94029054279228,1
3725,MOL_002610,5,0,0.6061196563365422,1
3726,MOL_003524,4,0,0.1050813829312923,0
3727,MOL_003375,3,1,0.5726119268326835,1
3728,MOL_003462,2,0,0.1058168099387055,0
3729,MOL_003405,3,0,0.6752855898601151,1
3730,MOL_003443,2,0,0.6244793210901229,1
3731,MOL_003526,4,0,0.0397865919525573,0
3732,MOL_002827,2,1,0.9668448921801852,1
3733,MOL_001929,1,0,0.0297949648252248,0
3734,MOL_001929,1,0,0.0297949648252248,0
3735,MOL_001929,1,0,0.0473928167928652,0
3736,MOL_001708,5,1,0.0275424770087082,0
3737,MOL_002127,1,1,0.9469519550590058,1
3738,MOL_002127,1,1,0.9469519550590058,1
3739,MOL_002108,2,0,0.3805988258289816,0
3740,MOL_002108,2,0,0.3805988258289816,0
3741,MOL_002022,4,1,0.8233333633144824,1
3742,MOL_002022,4,1,0.8233333633144824,1
3743,MOL_001616,1,0,0.4368752070364026,0
3744,MOL_001615,1,1,0.6821155182000446,1
3745,MOL_001630,5,0,0.0727382767394729,0
3746,MOL_001540,5,0,0.1787555028134957,0
3747,MOL_001627,1,1,0.0903562449943011,0
3748,MOL_001925,4,0,0.3333319340225528,0
3749,MOL_001621,3,0,0.0468790156653148,0
3750,MOL_002061,3,0,0.7900243818215176,1
3751,MOL_001551,4,0,0.948186778433796,1
3752,MOL_001542,2,0,0.0898910939401393,0
3753,MOL_001649,4,1,0.618034357209626,1
3754,MOL_002025,1,0,0.2951439222620934,0
3755,MOL_002025,1,0,0.2169542829508891,0
3756,MOL_002025,1,0,0.2269373706854213,0
3757,MOL_001608,3,0,0.2319151676874624,0
3758,MOL_002103,5,0,0.9001694607024879,1
3759,MOL_002103,5,0,0.913546410263802,1
3760,MOL_001971,2,0,0.0096556804815754,0
3761,MOL_001971,2,0,0.0096556804815754,0
3762,MOL_002027,5,0,0.2558103102096079,0
3763,MOL_002113,5,0,0.824097559107042,1
3764,MOL_001731,2,0,0.0225869693141046,0
3765,MOL_001847,4,0,0.0621438213049514,0
3766,MOL_001682,2,0,0.042054391044533,0
3767,MOL_001677,4,1,0.7708832512241144,1
3768,MOL_001815,2,0,0.0196582063196385,0
3769,MOL_001741,1,1,0.2336673985049283,0
3770,MOL_001990,4,0,0.0515746247528633,0
3771,MOL_001980,3,0,0.0172431267271294,0
3772,MOL_002172,1,1,0.9637265326319354,1
3773,MOL_002176,1,1,0.9680272413907628,1
3774,MOL_002153,2,0,0.8483970406118264,1
3775,MOL_002153,2,0,0.8483970406118264,1
3776,MOL_002158,4,1,0.552557565620979,1
3777,MOL_002323,2,0,0.8591176701116924,1
3778,MOL_002160,5,1,0.954886562790596,1
3779,MOL_002088,4,1,0.2998996936059708,0
3780,MOL_002319,1,0,0.0746522679367972,0
3781,MOL_002085,4,1,0.3134079399016964,0
3782,MOL_000356,2,1,0.9501740120741546,1
3783,MOL_000356,2,1,0.9501740120741546,1
3784,MOL_000367,2,0,0.6629424905310748,1
3785,MOL_000362,4,1,0.8806455457152683,1
3786,MOL_000362,4,1,0.8806455457152683,1
3787,MOL_000340,2,1,0.9530705622224294,1
3788,MOL_000341,1,1,0.4153348500052165,0
3789,MOL_003430,2,0,0.0201290830488492,0
3790,MOL_003430,2,0,0.0201290830488492,0
3791,MOL_003463,3,1,0.9936616260131892,1
3792,MOL_003463,3,1,0.9936616260131892,1
3793,MOL_003376,4,0,0.0500921567427293,0
3794,MOL_003480,4,1,0.9731380309809784,1
3795,MOL_003406,1,1,0.0516440719395264,0
3796,MOL_003444,3,0,0.063088723608252,0
3797,MOL_003538,5,0,0.0330391835721605,0
3798,MOL_003360,4,1,0.4718661933816812,0
3799,MOL_003361,1,0,0.3643965313707814,0
3800,MOL_003568,3,0,0.0116734034446661,0
3801,MOL_003568,3,0,0.0116734034446661,0
3802,MOL_003568,3,0,0.0116734034446661,0
3803,MOL_003568,3,0,0.0116734034446661,0
3804,MOL_003568,3,0,0.0116734034446661,0
3805,MOL_003573,3,1,0.9672070537033692,1
3806,MOL_003573,3,1,0.9672070537033692,1
3807,MOL_003573,3,1,0.9672070537033692,1
3808,MOL_003548,2,1,0.7186221453649443,1
3809,MOL_003548,2,1,0.7186221453649443,1
3810,MOL_000016,4,1,0.0506393399113056,0
3811,MOL_003582,3,1,0.7183247811052729,1
3812,MOL_002010,4,0,0.3224511612382014,0
3813,MOL_001952,4,0,0.3688938445778636,0
3814,MOL_002328,5,0,0.1101955039894673,0
3815,MOL_002332,4,1,0.6421159397277113,1
3816,MOL_002138,4,0,0.073093029709419,0
3817,MOL_003180,2,0,0.0820522503924394,0
3818,MOL_003168,5,1,0.9717147367016896,1
3819,MOL_000031,1,0,0.0516366329615066,0
3820,MOL_000031,1,0,0.0516366329615066,0
3821,MOL_002155,3,1,0.2737031161548258,0
3822,MOL_000359,4,1,0.9464967362008794,1
3823,MOL_000359,4,1,0.9464967362008794,1
3824,MOL_000368,3,1,0.3410975335481234,0
3825,MOL_000368,3,1,0.3410975335481234,0
3826,MOL_000363,1,1,0.873509526140107,1
3827,MOL_000363,1,1,0.873509526140107,1
3828,MOL_000711,3,0,0.137626849669887,0
3829,MOL_001855,2,1,0.9649367477585088,1
3830,MOL_001256,2,1,0.646882130545146,1
3831,MOL_002192,3,0,0.0476801864629083,0
3832,MOL_000452,5,0,0.4722100483457579,0
3833,MOL_000724,2,0,0.9614832670800576,1
3834,MOL_003437,4,0,0.0444016584826565,0
3835,MOL_003379,2,0,0.0236159251583981,0
3836,MOL_001860,1,1,0.7263488091717918,1
3837,MOL_000709,5,0,0.1080445989197117,0
3838,MOL_000433,5,1,0.9732505513027212,1
3839,MOL_000431,3,1,0.9690598867238722,1
3840,MOL_003536,1,0,0.1037934915418487,0
3841,MOL_003536,1,0,0.1112124551062815,0
3842,MOL_002004,3,0,0.0361201299377046,0
3843,MOL_000471,1,0,0.2353181051423326,0
3844,MOL_000072,5,0,0.0377007628777853,0
3845,MOL_001969,3,1,0.991784901413258,1
3846,MOL_000065,3,1,0.0332857642256225,0
3847,MOL_001867,1,0,0.7614403732714365,1
3848,MOL_002066,2,0,0.0228467760178982,0
3849,MOL_002066,2,0,0.0228467760178982,0
3850,MOL_000442,1,0,0.0924957858370701,0
3851,MOL_000647,2,0,0.0331279550330954,0
3852,MOL_000647,2,0,0.0299737782415053,0
3853,MOL_000614,2,0,0.0492487314921534,0
3854,MOL_000614,2,0,0.0492487314921534,0
3855,MOL_000614,2,0,0.0344536755385862,0
3856,MOL_000651,5,1,0.7813361787579509,1
3857,MOL_003217,1,1,0.7877696396554292,1
3858,MOL_000480,2,0,0.327424163566562,0
3859,MOL_000480,2,0,0.2617111591601208,0
3860,MOL_000475,4,1,0.2714730977783857,0
3861,MOL_000181,1,0,0.5749634588218955,1
3862,MOL_001515,5,1,0.6347814229563113,1
3863,MOL_001692,2,0,0.2007636288346795,0
3864,MOL_001510,1,0,0.1028147119412477,0
3865,MOL_001425,1,1,0.9222930424689147,1
3866,MOL_001415,4,1,0.981848110025929,1
3867,MOL_001411,3,0,0.04001582337991,0
3868,MOL_000429,4,1,0.930993029284271,1
3869,MOL_001666,5,1,0.5595877980565456,1
3870,MOL_002191,2,0,0.0376126595122201,0
3871,MOL_001748,1,1,0.230108495254196,0
3872,MOL_003752,2,0,0.03748089413822,0
3873,MOL_002533,3,0,0.0569510797463911,0
3874,MOL_002226,2,0,0.0507623116813831,0
3875,MOL_001744,2,0,0.1277492945567732,0
3876,MOL_001728,3,0,0.7310554112320437,1
3877,MOL_003415,5,1,0.9726657384088608,1
3878,MOL_000252,2,1,0.9394448542670948,1
3879,MOL_000249,5,1,0.9353896518041848,1
3880,MOL_000204,3,0,0.0213680991625019,0
3881,MOL_002628,3,1,0.042504531828258,0
3882,MOL_003317,5,0,0.1350854218746576,0
3883,MOL_001913,1,0,0.1445734676955952,0
3884,MOL_001387,2,0,0.021100432180056,0
3885,MOL_001387,2,0,0.021100432180056,0
3886,MOL_001779,4,1,0.3311894435347061,0
3887,MOL_001779,4,1,0.3311894435347061,0
3888,MOL_001516,4,1,0.5632672218339574,1
3889,MOL_002132,5,1,0.9287685855214836,1
3890,MOL_002062,1,0,0.8232653243358109,1
3891,MOL_001943,5,0,0.0610851705924286,0
3892,MOL_001943,5,1,0.056321660085293,0
3893,MOL_001943,5,0,0.0405738262490817,0
3894,MOL_001517,1,1,0.9889242822310622,1
3895,MOL_002188,3,1,0.7541555045146462,1
3896,MOL_001665,4,0,0.2796727484127533,0
3897,MOL_002039,4,0,0.1892484827191677,0
3898,MOL_001904,5,0,0.1113762835505651,0
3899,MOL_001670,1,1,0.6474575224551383,1
3900,MOL_001905,3,1,0.8536649789633742,1
3901,MOL_002136,3,0,0.290064593209451,0
3902,MOL_001671,3,1,0.7396508020003519,1
3903,MOL_001507,1,1,0.1900383893979878,0
3904,MOL_002013,5,0,0.5674654492629052,1
3905,MOL_002013,5,1,0.5812904641479169,1
3906,MOL_001089,2,0,0.0293825418329801,0
3907,MOL_003591,3,1,0.7648861936902489,1
3908,MOL_003581,5,1,0.7835350138682696,1
3909,MOL_003581,5,1,0.7835350138682696,1
3910,MOL_003580,4,0,0.117857831128185,0
3911,MOL_003580,4,0,0.117857831128185,0
3912,MOL_002698,5,0,0.6783509571190108,1
3913,MOL_003855,4,0,0.9850842712701638,1
3914,MOL_003840,1,1,0.4453203525348577,0
3915,MOL_003481,5,0,0.3454695156797,0
3916,MOL_003481,5,0,0.3454695156797,0
3917,MOL_000374,3,1,0.8724873987444004,1
3918,MOL_001370,2,0,0.0407355341191337,0
3919,MOL_003566,1,0,0.1149867105913911,0
3920,MOL_003410,5,0,0.3200967229308789,0
3921,MOL_001625,5,0,0.0494915097183665,0
3922,MOL_002622,4,0,0.022930448408034,0
3923,MOL_001769,5,0,0.1053083940437842,0
3924,MOL_001769,5,0,0.1053083940437842,0
3925,MOL_001631,4,0,0.0356913455447271,0
3926,MOL_002621,3,0,0.0226217270234551,0
3927,MOL_001624,4,0,0.0304718767088191,0
3928,MOL_001644,4,0,0.0575668918844317,0
3929,MOL_001712,5,0,0.0326128778658979,0
3930,MOL_002276,2,0,0.0279021397342825,0
3931,MOL_001605,4,0,0.0596095908647247,0
3932,MOL_001617,2,1,0.4074732566759677,0
3933,MOL_001549,2,1,0.8184597815361498,1
3934,MOL_001705,2,0,0.0873360632295198,0
3935,MOL_001759,2,0,0.2560726606144426,0
3936,MOL_001646,2,0,0.0378020908835324,0
3937,MOL_001754,1,0,0.8474340619510874,1
3938,MOL_002254,3,0,0.1115563794591825,0
3939,MOL_001465,4,1,0.785754543767387,1
3940,MOL_002028,5,1,0.1999240004777561,0
3941,MOL_001683,4,0,0.0247497984954733,0
3942,MOL_001974,5,0,0.0326593105492427,0
3943,MOL_001448,4,0,0.4660126919578969,0
3944,MOL_001732,5,0,0.0294989057894696,0
3945,MOL_001678,2,1,0.9387463387032164,1
3946,MOL_001729,5,0,0.0150282605353399,0
3947,MOL_002104,1,0,0.6984151129119054,1
3948,MOL_001648,5,1,0.8138722583109229,1
3949,MOL_001746,4,1,0.8921388029204125,1
3950,MOL_003823,4,0,0.0493042846252149,0
3951,MOL_002150,4,1,0.8621878935905701,1
3952,MOL_001874,2,0,0.0534177265214457,0
3953,MOL_001249,4,0,0.2066516930782038,0
3954,MOL_001249,4,0,0.1076642463384024,0
3955,MOL_001254,3,1,0.5927840668393691,1
3956,MOL_002674,3,0,0.0670001175921313,0
3957,MOL_002672,3,0,0.0449023938907027,0
3958,MOL_001263,3,1,0.1941161314641162,0
3959,MOL_001911,2,0,0.0903310054114236,0
3960,MOL_003824,2,1,0.9783188828509992,1
3961,MOL_002144,5,1,0.9661193971308952,1
3962,MOL_002142,3,1,0.9145952065307906,1
3963,MOL_002141,2,1,0.6848124547194039,1
3964,MOL_002137,5,0,0.6550405733972646,1
3965,MOL_002412,3,1,0.8764048841794434,1
3966,MOL_002293,3,1,0.9619903020016812,1
3967,MOL_001270,4,0,0.0268788439686718,0
3968,MOL_001538,3,0,0.0177099060077346,0
3969,MOL_001926,2,1,0.0364327346692707,0
3970,MOL_001539,4,0,0.0324174377901687,0
3971,MOL_001546,5,0,0.66550285480452,1
3972,MOL_001611,1,0,0.9094813282170114,1
3973,MOL_001811,5,1,0.2117020620329938,0
3974,MOL_001814,1,1,0.6714721378056265,1
3975,MOL_001543,1,0,0.4570063105168483,0
3976,MOL_002414,4,1,0.9837146344338245,1
3977,MOL_002157,5,0,0.57009443116116,1
3978,MOL_002157,5,0,0.57009443116116,1
3979,MOL_002162,2,1,0.930011039579466,1
3980,MOL_002162,2,1,0.930011039579466,1
3981,MOL_002163,3,1,0.8468818238090183,1
3982,MOL_002163,3,1,0.8468818238090183,1
3983,MOL_002159,2,1,0.6571417622265266,1
3984,MOL_002169,4,1,0.6259068281414185,1
3985,MOL_002169,4,1,0.6259068281414185,1
3986,MOL_003436,3,0,0.0408505233764946,0
3987,MOL_003377,4,0,0.0406829036304235,0
3988,MOL_001856,5,1,0.5818631196857177,1
3989,MOL_001859,1,1,0.9801190506864998,1
3990,MOL_001858,3,1,0.7913057466832868,1
3991,MOL_002679,4,0,0.2016082587046084,0
3992,MOL_002140,1,1,0.8943640030346,1
3993,MOL_000701,3,0,0.0866195871341791,0
3994,MOL_000701,3,0,0.092073608504567,0
3995,MOL_000701,3,0,0.0866195871341791,0
3996,MOL_000714,3,0,0.0501013180307009,0
3997,MOL_000133,1,1,0.0416043005235258,0
3998,MOL_001854,1,1,0.9191546613644228,1
3999,MOL_000712,5,1,0.936076844735214,1
4000,MOL_002303,2,0,0.0232452038960501,0
4001,MOL_001169,3,1,0.9451819589020228,1
4002,MOL_002173,3,1,0.9813815725148768,1
4003,MOL_002154,1,0,0.6104637391888174,1
4004,MOL_002161,1,1,0.9767068744922778,1
4005,MOL_002658,3,1,0.9330502607167674,1
4006,MOL_000357,1,1,0.9392243255369144,1
4007,MOL_000357,1,1,0.9392243255369144,1
4008,MOL_000343,4,1,0.9481197462982554,1
4009,MOL_000343,4,1,0.9481197462982554,1
4010,MOL_002658,3,1,0.9330502607167674,1
4011,MOL_003542,4,0,0.0647440027625615,0
4012,MOL_000609,5,1,0.0239224275848352,0
4013,MOL_000715,1,1,0.8095955308934164,1
4014,MOL_000615,3,0,0.0277639609770546,0
4015,MOL_000604,4,0,0.0229907521162532,0
4016,MOL_000604,4,0,0.0309682682636321,0
4017,MOL_000584,5,0,0.0310015929688319,0
4018,MOL_000707,1,1,0.3126344425964641,0
4019,MOL_000657,2,0,0.0275141774988627,0
4020,MOL_000713,2,1,0.4384277126273418,0
4021,MOL_000534,1,0,0.0679235470905459,0
4022,MOL_000708,1,1,0.6607498095846384,1
4023,MOL_000654,3,0,0.1741529935731419,0
4024,MOL_001416,5,0,0.0441302670920433,0
4025,MOL_003078,3,0,0.0239954972752458,0
4026,MOL_003078,3,0,0.0239954972752458,0
4027,MOL_002875,3,0,0.2823213233385405,0
4028,MOL_003670,1,0,0.0504314852130035,0
4029,MOL_000421,2,0,0.0679941851106698,0
4030,MOL_001985,2,1,0.98448745617345,1
4031,MOL_002018,1,0,0.5710725584060047,1
4032,MOL_002079,4,0,0.4023473876894133,0
4033,MOL_000737,3,1,0.6411310558708315,1
4034,MOL_000230,1,0,0.1083404443107844,0
4035,MOL_000230,1,0,0.1083404443107844,0
4036,MOL_000656,1,0,0.1085725543560613,0
4037,MOL_000621,4,1,0.7205096772276051,1
4038,MOL_000717,5,0,0.4760049646683187,0
4039,MOL_001090,5,0,0.0807276899287165,0
4040,MOL_000719,2,1,0.8575547376705388,1
4041,MOL_003478,2,0,0.4822629088293052,0
4042,MOL_003872,1,0,0.0649144096531904,0
4043,MOL_000196,5,1,0.0527615624573578,0
4044,MOL_000192,1,0,0.0376548796252059,0
4045,MOL_000189,4,0,0.0642814041517774,0
4046,MOL_000188,2,0,0.1121528436941389,0
4047,MOL_003532,3,1,0.0100089180242208,0
4048,MOL_001509,3,0,0.0325909804514848,0
4049,MOL_001394,5,0,0.2514160515822083,0
4050,MOL_001423,2,0,0.7132584053914084,1
4051,MOL_002481,1,0,0.342956757611976,0
4052,MOL_001518,3,1,0.6805354716204489,1
4053,MOL_001938,4,1,0.0744584593151413,0
4054,MOL_000542,4,0,0.0071562690040883,0
4055,MOL_000542,4,0,0.0071562690040883,0
4056,MOL_003586,2,0,0.3308112641546941,0
4057,MOL_000478,2,0,0.2029560285512993,0
4058,MOL_002046,1,0,0.2094995756359808,0
4059,MOL_002129,4,1,0.7941075632769808,1
4060,MOL_002047,2,0,0.1668873492327506,0
4061,MOL_001113,5,0,0.0965149619686685,0
4062,MOL_001359,4,0,0.0179253787272053,0
4063,MOL_001360,5,0,0.0385447949258309,0
4064,MOL_002167,1,1,0.5046271052650388,1
4065,MOL_002167,1,1,0.5046271052650388,1
4066,MOL_002878,3,0,0.0917573023300531,0
4067,MOL_002888,2,0,0.0328035673472373,0
4068,MOL_003316,5,0,0.2698926521644066,0
4069,MOL_003318,1,1,0.6775141377986534,1
4070,MOL_001504,2,0,0.0509630584357574,0
4071,MOL_003147,5,1,0.8290307836956862,1
4072,MOL_003148,4,1,0.9475640019115776,1
4073,MOL_001628,3,0,0.052449283812395,0
4074,MOL_001743,4,0,0.1739499200458697,0
4075,MOL_001912,5,0,0.2284519376191912,0
4076,MOL_002115,1,1,0.795836572689333,1
4077,MOL_001618,3,0,0.5077180755168096,1
4078,MOL_002277,3,0,0.0497582642712264,0
4079,MOL_002277,3,0,0.0494777019344446,0
4080,MOL_001957,4,1,0.0629080701609564,0
4081,MOL_001668,2,1,0.6044482229237486,1
4082,MOL_002030,1,0,0.1220907953966839,0
4083,MOL_002388,1,0,0.1031195693477128,0
4084,MOL_002390,3,0,0.1882673778994673,0
4085,MOL_001942,4,1,0.2159420633496307,0
4086,MOL_001975,1,0,0.03962415517782,0
4087,MOL_001456,1,0,0.06307905409632,0
4088,MOL_001466,4,1,0.8898101593129956,1
4089,MOL_001461,5,0,0.1001121473495245,0
4090,MOL_002083,5,1,0.633431159624662,1
4091,MOL_001996,5,0,0.0185490750830107,0
4092,MOL_001989,3,0,0.0238189114331887,0
4093,MOL_003541,3,0,0.029066967810687,0
4094,MOL_000523,4,0,0.099740183084533,0
4095,MOL_000353,5,0,0.823046058191237,1
4096,MOL_002680,1,0,0.0864800025241334,0
4097,MOL_001248,2,0,0.0623773498409343,0
4098,MOL_001242,3,1,0.967458856107012,1
4099,MOL_000201,3,0,0.0278116976685948,0
4100,MOL_003775,3,1,0.3709721498434032,0
4101,MOL_001768,4,0,0.0501655616840563,0
4102,MOL_001662,1,1,0.6771636534125846,1
4103,MOL_001950,5,0,0.012546590982449,0
4104,MOL_001720,3,0,0.0309416296399783,0
4105,MOL_001547,2,1,0.1693172742497349,0
4106,MOL_001537,2,1,0.2756381907779137,0
4107,MOL_001735,1,0,0.8342790604224295,1
4108,MOL_001735,1,0,0.8342790604224295,1
4109,MOL_001749,2,1,0.2567016300640842,0
4110,MOL_001749,2,1,0.2567016300640842,0
4111,MOL_002107,1,0,0.1641820964266434,0
4112,MOL_001739,3,0,0.7900399186882204,1
4113,MOL_001145,2,1,0.8786551452557637,1
4114,MOL_000360,3,0,0.9392798196863692,1
4115,MOL_000364,2,0,0.694847586972935,1
4116,MOL_001361,1,0,0.0323265836110931,0
4117,MOL_000347,3,1,0.8921112687550093,1
4118,MOL_000347,3,1,0.8921112687550093,1
4119,MOL_001274,2,0,0.1827361099773519,0
4120,MOL_002175,4,1,0.9369637394176136,1
4121,MOL_000725,5,0,0.0546664768312482,0
4122,MOL_003484,1,1,0.949255491799884,1
4123,MOL_001275,1,0,0.0077127850850306,0
4124,MOL_003204,2,1,0.90995828608509,1
4125,MOL_000753,3,1,0.9957782510298698,1
4126,MOL_000091,5,0,0.1189196396216909,0
4127,MOL_001784,5,0,0.1732558676721062,0
4128,MOL_001784,5,0,0.1695887710935089,0
4129,MOL_000705,4,1,0.9232748132553132,1
4130,MOL_000131,4,1,0.8046533142845685,1
4131,MOL_001857,5,1,0.8042477272466129,1
4132,MOL_003806,2,0,0.360474379318941,0
4133,MOL_000399,1,1,0.9855809870894904,1
4134,MOL_003887,4,0,0.1456723208335415,0
4135,MOL_002833,2,0,0.1095383580423695,0
4136,MOL_003613,5,0,0.0211354152104225,0
4137,MOL_000700,1,0,0.0210148664933012,0
4138,MOL_000703,4,0,0.1845455912482425,0
4139,MOL_000710,2,0,0.0247902484184393,0
4140,MOL_000545,1,0,0.0354232576038013,0
4141,MOL_000546,2,0,0.0157426366614438,0
4142,MOL_000728,4,0,0.0319523716314637,0
4143,MOL_001640,1,0,0.0268984800451757,0
4144,MOL_002014,2,1,0.3076057260006435,0
4145,MOL_002302,4,0,0.0155242478517979,0
4146,MOL_002302,4,0,0.0230675520593935,0
4147,MOL_001638,5,0,0.7442831967982384,1
4148,MOL_001798,5,0,0.0319465216698807,0
4149,MOL_001798,5,0,0.0306215731712933,0
4150,MOL_001798,5,0,0.0319465216698807,0
4151,MOL_000585,1,0,0.1834841857541026,0
4152,MOL_001961,3,0,0.0192526623750767,0
4153,MOL_001803,3,1,0.8363673898524187,1
4154,MOL_001803,3,1,0.7843290942534825,1
4155,MOL_002296,1,0,0.0681707080831491,0
4156,MOL_003458,5,0,0.0657681822514704,0
4157,MOL_003370,4,1,0.8062358539940075,1
4158,MOL_000365,4,0,0.1414805173815649,0
4159,MOL_000352,4,1,0.9715213625600088,1
4160,MOL_000352,4,1,0.9715213625600088,1
4161,MOL_001244,1,0,0.6655403286620373,1
4162,MOL_001693,1,0,0.0187079792878179,0
4163,MOL_003144,3,1,0.9257812645496608,1
4164,MOL_001330,5,0,0.0564610443523162,0
4165,MOL_000419,4,1,0.8723184155945136,1
4166,MOL_000602,3,0,0.0224629080209143,0
4167,MOL_000602,3,0,0.0208567663840275,0
4168,MOL_000602,3,0,0.0224629080209143,0
4169,MOL_000602,3,0,0.0224629080209143,0
4170,MOL_000602,3,0,0.0208567663840275,0
4171,MOL_000602,3,0,0.0208567663840275,0
4172,MOL_000637,4,0,0.0256082644095247,0
4173,MOL_000600,1,1,0.4817689307330096,0
4174,MOL_000605,1,0,0.0268381762900137,0
4175,MOL_000616,5,0,0.0561132310286499,0
4176,MOL_000616,5,0,0.0561132310286499,0
4177,MOL_000616,5,0,0.0561132310286499,0
4178,MOL_000616,5,0,0.0561132310286499,0
4179,MOL_000538,5,0,0.2380538650218778,0
4180,MOL_000730,2,1,0.0562239760522697,0
4181,MOL_000215,2,0,0.0090808309877836,0
4182,MOL_002067,5,0,0.0618661625328559,0
4183,MOL_002067,5,0,0.0618661625328559,0
4184,MOL_000733,4,0,0.6400042458813315,1
4185,MOL_000720,4,0,0.2468748182770922,0
4186,MOL_000081,3,0,0.0180609629838394,0
4187,MOL_000075,4,0,0.0534547708761742,0
4188,MOL_000123,2,0,0.022948157225645,0
4189,MOL_000597,4,0,0.016503177050011,0
4190,MOL_000716,4,1,0.3253205060368403,0
4191,MOL_000727,3,1,0.4618079072880344,0
4192,MOL_000718,1,0,0.5589315008520317,1
4193,MOL_003209,1,1,0.8894640730237635,1
4194,MOL_003210,2,0,0.1309411647636105,0
4195,MOL_001642,3,0,0.0568717857694279,0
4196,MOL_000239,5,0,0.2559133052247164,0
4197,MOL_000237,3,1,0.1716926900090088,0
4198,MOL_001988,3,0,0.0197147079722903,0
4199,MOL_002021,3,0,0.6152271235099157,1
4200,MOL_002021,3,0,0.6152271235099157,1
4201,MOL_001805,4,1,0.0909425178543242,0
4202,MOL_001806,5,0,0.0125783832466021,0
4203,MOL_001560,4,1,0.2576219986757827,0
4204,MOL_001734,4,0,0.0468241794726142,0
4205,MOL_001747,5,1,0.8214043339906127,1
4206,MOL_002098,3,1,0.2773670432174665,0
4207,MOL_003748,1,0,0.0543074741307451,0
4208,MOL_002042,1,0,0.4109840203035731,0
4209,MOL_000369,1,1,0.8880933664281014,1
4210,MOL_002389,2,0,0.073919031143561,0
4211,MOL_001395,1,0,0.4803612008284048,0
4212,MOL_001935,2,1,0.2958200663128998,0
4213,MOL_001981,5,1,0.923030640529706,1
4214,MOL_000729,3,0,0.0354774377309708,0
4215,MOL_000667,5,1,0.0103756094016739,0
4216,MOL_003427,5,0,0.0371087894316695,0
4217,MOL_003426,4,0,0.0198035263225683,0
4218,MOL_003533,4,0,0.337685631792396,0
4219,MOL_002130,2,1,0.4608620173814705,0
4220,MOL_002483,3,1,0.9647538382378792,1
4221,MOL_001357,2,0,0.0608780305991098,0
4222,MOL_001365,4,0,0.0280821245422832,0
4223,MOL_001368,5,0,0.0311329376801427,0
4224,MOL_000376,1,0,0.5969840471924674,1
4225,MOL_000370,5,1,0.9041094434306794,1
4226,MOL_000345,3,1,0.8671425584969232,1
4227,MOL_001464,3,1,0.7345693056644059,1
4228,MOL_001685,1,0,0.0844466242542335,0
4229,MOL_001478,3,0,0.3372817353450832,0
4230,MOL_002187,2,1,0.7811765691165927,1
4231,MOL_001675,5,1,0.4358679324824839,0
4232,MOL_001687,2,0,0.0666132796417198,0
4233,MOL_002494,1,0,0.443092925799889,0
4234,MOL_001453,2,1,0.8689651113589862,1
4235,MOL_000541,3,0,0.8074329333911335,1
4236,MOL_003252,3,1,0.8845777655415524,1
4237,MOL_000049,1,0,0.0124669809601099,0
4238,MOL_003108,4,0,0.8398725574985986,1
4239,MOL_003112,1,0,0.3024189603483379,0
4240,MOL_001976,2,1,0.47896557015753,0
4241,MOL_000469,2,0,0.1440076478513069,0
4242,MOL_000481,4,1,0.0617715066851849,0
4243,MOL_001663,1,0,0.2508687509915436,0
4244,MOL_001623,2,0,0.0447186273890856,0
4245,MOL_001813,4,0,0.466697661536114,0
4246,MOL_001706,3,0,0.0399740911398222,0
4247,MOL_001610,4,0,0.1664269829507005,0
4248,MOL_001758,1,0,0.0401632966186279,0
4249,MOL_001460,5,0,0.0802554161785166,0
4250,MOL_001454,3,0,0.0931814694589253,0
4251,MOL_001740,5,1,0.6977258115548141,1
4252,MOL_001756,2,0,0.0447476329726415,0
4253,MOL_001417,4,1,0.4659747968791433,0
4254,MOL_000470,1,1,0.7696557579782022,1
4255,MOL_001121,2,0,0.5246929608438098,1
4256,MOL_003814,2,0,0.7671033334388612,1
4257,MOL_000190,4,0,0.0362367790140596,0
4258,MOL_000205,4,0,0.0392240562041175,0
4259,MOL_000203,2,0,0.028175530117273,0
4260,MOL_000200,2,0,0.024285684582541,0
4261,MOL_000193,2,0,0.027018019975417,0
4262,MOL_003145,4,1,0.8909657490572591,1
4263,MOL_001812,4,0,0.21524384777235,0
4264,MOL_000586,2,0,0.015459703051843,0
4265,MOL_002618,5,0,0.2856745194254944,0
4266,MOL_002984,4,1,0.6237598577402135,1
4267,MOL_002981,3,0,0.0288827374342301,0
4268,MOL_002981,3,0,0.1142353674468088,0
4269,MOL_002981,3,0,0.1366798301480148,0
4270,MOL_001276,3,0,0.1007488860542399,0
4271,MOL_000426,5,1,0.614872741280933,1
4272,MOL_001213,2,1,0.986790488742755,1
4273,MOL_001366,5,0,0.0470474784782005,0
4274,MOL_001364,1,0,0.1698945432043778,0
4275,MOL_001369,1,0,0.1290430311623223,0
4276,MOL_003616,3,1,0.8870557301502798,1
4277,MOL_001505,3,1,0.3898231652196026,0
4278,MOL_003399,5,0,0.0353878381480712,0
4279,MOL_003399,5,0,0.0353878381480712,0
4280,MOL_001932,4,0,0.0143916384268446,0
4281,MOL_000704,5,1,0.961786887432476,1
4282,MOL_000130,3,1,0.9345226861020934,1
4283,MOL_000706,4,0,0.7941158959428175,1
4284,MOL_001424,5,1,0.9092811776333412,1
4285,MOL_003618,5,1,0.9099655671387996,1
4286,MOL_001694,2,0,0.0572448959318144,0
4287,MOL_001955,5,0,0.0102504996599919,0
4288,MOL_001043,1,0,0.1149448005814271,0
4289,MOL_001044,4,1,0.546293196829291,1
4290,MOL_003514,3,1,0.8833802852236763,1
4291,MOL_002662,4,1,0.3522701870987377,0
4292,MOL_003120,1,1,0.5477725655488659,1
4293,MOL_001327,2,0,0.0286637930050215,0
4294,MOL_001322,4,0,0.0075240752287177,0
4295,MOL_001320,1,0,0.0931735814011548,0
4296,MOL_000246,4,1,0.7881952978257092,1
4297,MOL_001797,3,0,0.4172899974327229,0
4298,MOL_001061,5,1,0.9299607842488886,1
4299,MOL_001959,1,0,0.1244778342539236,0
4300,MOL_000702,3,0,0.0100837794046614,0
4301,MOL_001634,2,0,0.0569415643726845,0
4302,MOL_001629,2,0,0.0507358403196687,0
4303,MOL_002015,3,1,0.4183548501020038,0
4304,MOL_002029,4,0,0.0771397786395818,0
4305,MOL_001804,5,0,0.2748916723537164,0
4306,MOL_001639,4,0,0.0358128137559678,0
4307,MOL_001530,1,0,0.0862077730309044,0
4308,MOL_000589,4,0,0.0997524224321825,0
4309,MOL_000588,4,0,0.018139756161274,0
4310,MOL_001528,3,1,0.6408293402020462,1
4311,MOL_001921,3,0,0.0462649356413683,0
4312,MOL_001603,1,0,0.0242556888818398,0
4313,MOL_001603,1,0,0.0242556888818398,0
4314,MOL_001536,1,0,0.0138312459993522,0
4315,MOL_001928,3,0,0.024203523587438,0
4316,MOL_002110,2,0,0.8406089383609677,1
4317,MOL_001567,1,1,0.8840345406166521,1
4318,MOL_000125,3,0,0.0083679633502629,0
4319,MOL_001795,1,0,0.0250863878678258,0
4320,MOL_000726,3,0,0.0801259686889893,0
4321,MOL_001766,3,1,0.7440274263286727,1
4322,MOL_000124,3,0,0.0216912569751373,0
4323,MOL_001545,4,0,0.0688712444031767,0
4324,MOL_001548,1,1,0.5512255322286077,1
4325,MOL_001771,3,0,0.1911917357207576,0
4326,MOL_001143,5,0,0.0698175880245535,0
4327,MOL_001143,5,0,0.0698175880245535,0
4328,MOL_001144,1,1,0.8961127209731514,1
4329,MOL_001144,1,1,0.8961127209731514,1
4330,MOL_002329,1,0,0.0440488318911763,0
4331,MOL_001085,5,0,0.0253688209304102,0
4332,MOL_000251,1,1,0.943042327625752,1
4333,MOL_002967,5,1,0.9404178440991792,1
4334,MOL_000417,5,0,0.0220894959446374,0
4335,MOL_000417,5,0,0.0250755202505399,0
4336,MOL_001736,2,1,0.9617715743918388,1
4337,MOL_000355,5,1,0.9471664331105668,1
4338,MOL_000636,2,0,0.0184875641900623,0
4339,MOL_000601,2,0,0.0122108025547728,0
4340,MOL_000587,3,0,0.0599728679635717,0
4341,MOL_000603,3,0,0.0434436337736931,0
4342,MOL_000603,3,0,0.0434436337736931,0
4343,MOL_000603,3,0,0.0434436337736931,0
4344,MOL_000608,2,1,0.06334242038459,0
4345,MOL_000613,4,1,0.2424809854563673,0
4346,MOL_000583,5,0,0.013152994281095,0
4347,MOL_000652,2,0,0.5388835758890228,1
4348,MOL_000076,5,0,0.0242143143327945,0
4349,MOL_001521,2,0,0.7792051991109243,1
4350,MOL_001641,2,0,0.0694856352179043,0
4351,MOL_001737,3,0,0.1572727000863285,0
4352,MOL_002102,4,1,0.4342406701609572,0
4353,MOL_000229,1,1,0.3185364478707996,0
4354,MOL_002008,3,0,0.5375319711603309,1
4355,MOL_000115,3,1,0.5493481504709903,1
4356,MOL_000117,5,0,0.0555440233403421,0
4357,MOL_000358,2,0,0.4516141385915893,0
4358,MOL_001324,4,0,0.007851419438617,0
4359,MOL_003492,5,1,0.9865597853894612,1
4360,MOL_003492,5,1,0.9865597853894612,1
4361,MOL_003492,5,1,0.9865597853894612,1
4362,MOL_000668,3,0,0.0208491449722501,0
4363,MOL_003054,2,0,0.0215058309495593,0
4364,MOL_001335,3,1,0.760287692439435,1
4365,MOL_001334,2,0,0.0562870393165302,0
4366,MOL_000537,4,0,0.0193473274995836,0
4367,MOL_000536,3,1,0.1079183048896069,0
4368,MOL_000543,5,0,0.0309372552839989,0
4369,MOL_000540,2,0,0.018942994902411,0
4370,MOL_000195,4,0,0.0685251226476354,0
4371,MOL_002077,5,0,0.2614675439291443,0
4372,MOL_001392,3,0,0.0962460675761866,0
4373,MOL_001958,5,1,0.023227647488957,0
4374,MOL_001533,2,0,0.0972867645157897,0
4375,MOL_001945,5,1,0.6279696497154472,1
4376,MOL_002307,1,0,0.7191746178535328,1
4377,MOL_000479,5,0,0.1406544874654538,0
4378,MOL_001767,3,0,0.0325418799273254,0
4379,MOL_001750,3,1,0.5505245120688245,1
4380,MOL_003419,2,0,0.0095066742575631,0
4381,MOL_003424,2,0,0.0472245270445028,0
4382,MOL_002956,5,0,0.0522422314387783,0
4383,MOL_003412,5,1,0.9579096837177236,1
4384,MOL_000202,4,0,0.0292963589529936,0
4385,MOL_002289,4,1,0.9145497336299684,1
4386,MOL_000336,2,1,0.7555942488079676,1
4387,MOL_003049,2,0,0.290573560244827,0
4388,MOL_003473,1,0,0.2904713831377412,0
4389,MOL_002301,1,0,0.0576175283682345,0
4390,MOL_002170,5,1,0.9406029460760972,1
4391,MOL_003146,1,1,0.9322182292941952,1
4392,MOL_001362,2,0,0.2749551514091649,0
4393,MOL_002731,5,1,0.8866952762585055,1
4394,MOL_002290,1,1,0.9825731004029424,1
4395,MOL_002063,3,1,0.5008941609793334,1
4396,MOL_001480,5,0,0.0359651085521214,0
4397,MOL_001142,4,0,0.0094349431148207,0
4398,MOL_002171,3,1,0.9568259347899254,1
4399,MOL_002152,4,0,0.2343076093415822,0
4400,MOL_002152,4,0,0.2343076093415822,0
4401,MOL_000354,3,1,0.9138980482991632,1
4402,MOL_000354,3,1,0.9138980482991632,1
4403,MOL_000361,5,0,0.8315709026931789,1
4404,MOL_000339,2,1,0.9069124266280773,1
4405,MOL_000350,4,1,0.9256988779413372,1
4406,MOL_002983,5,0,0.0360731345801013,0
4407,MOL_001077,1,0,0.0062101150662271,0
4408,MOL_003398,3,0,0.0115353022633496,0
4409,MOL_001933,5,0,0.0326593831290585,0
4410,MOL_000698,2,0,0.0487704379025338,0
4411,MOL_001655,3,0,0.0187166230946247,0
4412,MOL_002632,4,0,0.0293980966391498,0
4413,MOL_001660,4,0,0.552148195785273,1
4414,MOL_000132,5,1,0.3270427306527329,0
4415,MOL_003508,2,1,0.2963739325475374,0
4416,MOL_003507,3,1,0.2429589061026016,0
4417,MOL_001690,3,0,0.0815424015100965,0
4418,MOL_002016,1,1,0.7271126955145738,1
4419,MOL_002016,1,1,0.7271126955145738,1
4420,MOL_000129,2,1,0.8897179601118121,1
4421,MOL_000126,4,1,0.9503836000705882,1
4422,MOL_001667,3,0,0.8233517064087691,1
4423,MOL_002166,2,1,0.7196836906520396,1
4424,MOL_002166,2,1,0.7196836906520396,1
4425,MOL_001032,3,0,0.0277186030806258,0
4426,MOL_001032,3,0,0.0277186030806258,0
4427,MOL_001033,1,1,0.9208710088938914,1
4428,MOL_001033,1,1,0.9208710088938914,1
4429,MOL_001582,3,0,0.2141504024601455,0
4430,MOL_001582,3,0,0.2141504024601455,0
4431,MOL_001325,5,0,0.0289298426760627,0
4432,MOL_001328,4,0,0.0297637337312073,0
4433,MOL_001331,3,0,0.0577286383754672,0
4434,MOL_001080,1,0,0.016802169088585,0
4435,MOL_001079,3,0,0.0275969924921515,0
4436,MOL_001082,3,0,0.0426595764336929,0
4437,MOL_002947,5,1,0.5363830399640814,1
4438,MOL_002693,5,1,0.6556641944419229,1
4439,MOL_000232,3,0,0.6270915834241806,1
4440,MOL_001525,1,1,0.0485640107364701,0
4441,MOL_001529,4,0,0.8260424262797257,1
4442,MOL_001783,3,0,0.0430808552055546,0
4443,MOL_001597,1,1,0.4320967613561026,0
4444,MOL_001598,2,1,0.4753194343140083,0
4445,MOL_002078,2,0,0.0443411876446222,0
4446,MOL_001923,5,0,0.016745671558723,0
4447,MOL_001923,5,0,0.016745671558723,0
4448,MOL_000590,5,1,0.2898109326680309,0
4449,MOL_001544,3,0,0.0866780536679552,0
4450,MOL_000118,2,0,0.0386365733310597,0
4451,MOL_001765,2,1,0.791740223904286,1
4452,MOL_001658,1,0,0.7103794231741466,1
4453,MOL_001645,1,0,0.0291649192116358,0
4454,MOL_001794,4,0,0.1005174396832406,0
4455,MOL_001777,3,0,0.601397866318781,1
4456,MOL_001657,2,0,0.5345205735156869,1
4457,MOL_001653,3,0,0.7751835815428926,1
4458,MOL_002009,2,1,0.2115998216416872,0
4459,MOL_000228,5,1,0.4786263474543356,0
4460,MOL_002106,3,0,0.5662659007596313,1
4461,MOL_001730,1,0,0.0101552856477004,0
4462,MOL_002012,1,1,0.330329785162555,0
4463,MOL_001704,1,0,0.0501718034162787,0
4464,MOL_001584,5,0,0.0745402654121782,0
4465,MOL_001584,5,0,0.0745402654121782,0
4466,MOL_002919,1,1,0.924579305544393,1
4467,MOL_002856,2,1,0.9673690509576928,1
4468,MOL_002822,3,1,0.9770976158460838,1
4469,MOL_002919,1,1,0.924579305544393,1
4470,MOL_002822,3,1,0.9770976158460838,1
4471,MOL_001363,3,0,0.146377713897337,0
4472,MOL_003534,2,0,0.4976359941744046,0
4473,MOL_002156,4,1,0.1912133652435392,0
4474,MOL_000077,5,0,0.0377382565906152,0
4475,MOL_001709,1,0,0.0310337664547932,0
4476,MOL_001092,2,1,0.3721637932403061,0
4477,MOL_001091,1,0,0.0478413833846236,0
4478,MOL_001479,2,1,0.4226533370714422,0
4479,MOL_001825,2,1,0.9633792067525914,1
4480,MOL_001792,2,0,0.0715456312182737,0
4481,MOL_001872,5,0,0.0098052380752199,0
4482,MOL_000755,2,1,0.8984920905124499,1
4483,MOL_003143,2,1,0.9774061282005814,1
4484,MOL_000351,2,1,0.8621665885957147,1
4485,MOL_000351,2,1,0.8621665885957147,1
4486,MOL_000430,1,1,0.8761504692781718,1
4487,MOL_001418,1,0,0.2281537433900803,0
4488,MOL_001832,4,1,0.1815355032127712,0
4489,MOL_002048,3,0,0.6529250456707136,1
4490,MOL_001323,3,0,0.0176620103648562,0
4491,MOL_001393,3,0,0.1288623079914354,0
4492,MOL_001681,3,0,0.0451517652406959,0
4493,MOL_001936,3,1,0.5563254383848226,1
4494,MOL_001686,4,0,0.1292564233476959,0
4495,MOL_001686,4,0,0.087502818481339,0
4496,MOL_002630,5,1,0.617988358761944,1
4497,MOL_002631,1,0,0.1760530452834513,0
4498,MOL_002620,2,1,0.013739207675648,0
4499,MOL_002619,1,0,0.9880386964639252,1
4500,MOL_000655,5,0,0.058813059168659,0
4501,MOL_003469,4,1,0.9793064046656518,1
4502,MOL_003469,4,1,0.9793064046656518,1
4503,MOL_001367,3,0,0.3318439575812232,0
4504,MOL_001984,4,1,0.8385875916279615,1
4505,MOL_002357,2,1,0.3857028141589774,0
4506,MOL_003607,1,0,0.0502113259265601,0
4507,MOL_001751,4,1,0.679185724795297,1
4508,MOL_001443,5,0,0.9194535836191684,1
4509,MOL_001442,3,1,0.1030466645967163,0
4510,MOL_000066,1,0,0.0181481889415089,0
4511,MOL_003371,5,0,0.3538511996226808,0
4512,MOL_003459,5,1,0.2814978376956261,0
4513,MOL_002756,4,0,0.1510404521429287,0
4514,MOL_002756,4,0,0.2323967066694466,0
4515,MOL_003392,3,1,0.1189329667202588,0
4516,MOL_003395,1,1,0.0391797664803695,0
4517,MOL_003422,3,0,0.0473271131670673,0
4518,MOL_003421,3,0,0.0411755910777634,0
4519,MOL_003423,1,0,0.0623238026433332,0
4520,MOL_002800,1,1,0.7196472530860064,1
4521,MOL_002729,1,1,0.5238988602407766,1
4522,MOL_003567,2,0,0.020285244250995,0
4523,MOL_000491,1,1,0.9899217903006314,1
4524,MOL_000696,4,0,0.0328057536930894,0
4525,MOL_000406,4,0,0.1700603968804972,0
4526,MOL_001568,2,1,0.6741293178487765,1
4527,MOL_003487,2,1,0.7641479746182838,1
4528,MOL_003596,2,0,0.60066735553075,1
4529,MOL_003564,3,1,0.5732248261631651,1
4530,MOL_001031,2,0,0.0067747461264947,0
4531,MOL_000456,5,0,0.3319922751227042,0
4532,MOL_000199,5,0,0.0224150528392924,0
4533,MOL_002660,2,0,0.0041435049855063,0
4534,MOL_002707,1,0,0.6549435305248413,1
4535,MOL_001711,1,0,0.0441908631372489,0
4536,MOL_000405,1,0,0.0433178945243483,0
4537,MOL_000128,1,1,0.8295120549411974,1
4538,MOL_001940,2,0,0.0324330286014015,0
4539,MOL_003486,5,0,0.7232026374407491,1
4540,MOL_000799,1,0,0.0320578529665032,0
4541,MOL_000799,1,0,0.0320578529665032,0
4542,MOL_000800,2,1,0.8937244878691568,1
4543,MOL_000800,2,1,0.8937244878691568,1
4544,MOL_001358,3,0,0.0668743523250314,0
4545,MOL_002982,4,0,0.0075981546221134,0
4546,MOL_001600,4,0,0.8282389209815683,1
4547,MOL_002116,2,0,0.2981970549619075,0
4548,MOL_001511,1,1,0.3960898996179331,0
4549,MOL_000233,4,0,0.2043510741535299,0
4550,MOL_001609,5,0,0.1718513780717087,0
4551,MOL_001930,2,0,0.0123246994126107,0
4552,MOL_002109,5,1,0.3597780302591638,0
4553,MOL_001742,1,0,0.5509212755804437,1
4554,MOL_000595,2,0,0.0146611716152381,0
4555,MOL_002178,4,0,0.076746560786142,0
4556,MOL_003774,1,0,0.3782878916952611,0
4557,MOL_001084,4,0,0.029027558197647,0
4558,MOL_002654,1,1,0.9190355291209824,1
4559,MOL_002816,1,1,0.869290935714824,1
4560,MOL_000681,5,0,0.3584919077397605,0
4561,MOL_001167,2,1,0.5833727569417255,1
4562,MOL_001166,1,0,0.5523872848052581,1
4563,MOL_002843,1,1,0.9138703371485584,1
4564,MOL_001718,1,0,0.0573740332365795,0
4565,MOL_001534,5,0,0.0299744734820444,0
4566,MOL_001710,2,0,0.0163785597143299,0
4567,MOL_003289,4,0,0.0185559793499165,0
4568,MOL_002017,4,1,0.4767233143414332,0
4569,MOL_002000,4,1,0.8346397381283163,1
4570,MOL_001821,3,0,0.0663102245469591,0
4571,MOL_002185,5,1,0.9470151793783664,1
4572,MOL_002068,1,1,0.8852834214650933,1
4573,MOL_002678,1,0,0.0738696348281356,0
4574,MOL_000693,1,1,0.8102560156901261,1
4575,MOL_000694,2,1,0.7052078938329,1
4576,MOL_001601,5,0,0.0274697072670025,0
4577,MOL_001602,4,0,0.6981381703231281,1
4578,MOL_000090,3,0,0.0275131745564423,0
4579,MOL_000699,2,0,0.0357590505148131,0
4580,MOL_003671,3,0,0.0503903955366905,0
4581,MOL_001873,1,0,0.0834240799362149,0
4582,MOL_001329,2,0,0.0418622672477073,0
4583,MOL_001326,1,0,0.0717206967351629,0
4584,MOL_000499,3,1,0.2167820976204119,0
4585,MOL_001081,4,0,0.0602545929089654,0
4586,MOL_001083,2,0,0.0233306405375757,0
4587,MOL_001087,4,0,0.0794404639851107,0
4588,MOL_002968,1,1,0.4652947898561865,0
4589,MOL_002964,3,1,0.8809432952209465,1
4590,MOL_001721,4,0,0.0274435472988567,0
4591,MOL_001410,4,0,0.1047307489821024,0
4592,MOL_000599,5,0,0.0189581461497402,0
4593,MOL_000644,3,0,0.0176808179134653,0
4594,MOL_000627,5,0,0.0244349999559931,0
4595,MOL_000089,4,1,0.0413572424379838,0
4596,MOL_000622,2,1,0.7717181660784369,1
4597,MOL_002330,2,0,0.0420046688170223,0
4598,MOL_000338,4,1,0.949201422441472,1
4599,MOL_003352,1,0,0.0568298412783246,0
4600,MOL_002757,1,1,0.558521395277112,1
4601,MOL_002794,4,0,0.3842162706657416,0
4602,MOL_002754,2,0,0.3785434657782386,0
4603,MOL_003491,2,1,0.9816645371619824,1
4604,MOL_003491,2,1,0.9816645371619824,1
4605,MOL_003442,3,1,0.9040942981034203,1
4606,MOL_003404,4,1,0.7338354424700164,1
4607,MOL_003374,2,1,0.8647624556173595,1
4608,MOL_000198,1,0,0.0313703611839809,0
4609,MOL_000191,5,0,0.0129847976127636,0
4610,MOL_003604,3,0,0.0125602007540498,0
4611,MOL_000194,3,0,0.0206661536060972,0
4612,MOL_000643,4,0,0.0216114159939143,0
4613,MOL_000643,4,0,0.0161363443177341,0
4614,MOL_000643,4,0,0.0161363443177341,0
4615,MOL_000593,3,0,0.0735226697973302,0
4616,MOL_000560,5,0,0.0237894762082668,0
4617,MOL_000560,5,0,0.0181982207235393,0
4618,MOL_000560,5,0,0.0175919824479664,0
4619,MOL_000612,1,0,0.9302534159607802,1
4620,MOL_000084,2,1,0.0317815751819311,0
4621,MOL_000084,2,1,0.0317815751819311,0
4622,MOL_000650,1,1,0.6779758206793105,1
4623,MOL_000555,3,0,0.1227763301847604,0
4624,MOL_000630,1,1,0.1391895411929108,0
4625,MOL_000581,2,1,0.2088836206513354,0
4626,MOL_002007,1,0,0.6581752857897196,1
4627,MOL_001745,3,1,0.783868276353117,1
4628,MOL_001482,3,0,0.109222112934991,0
4629,MOL_002499,1,1,0.3918247097653309,0
4630,MOL_002151,2,1,0.2664327963825193,0
4631,MOL_002788,4,0,0.0807020763108361,0
4632,MOL_000646,1,0,0.0637139009839026,0
4633,MOL_000646,1,0,0.0637139009839026,0
4634,MOL_000646,1,0,0.0637139009839026,0
4635,MOL_000611,2,1,0.2195345303981488,0
4636,MOL_000611,2,1,0.2195345303981488,0
4637,MOL_000231,2,0,0.0886983500712673,0
4638,MOL_000238,4,0,0.3526135944903418,0
4639,MOL_000180,5,0,0.6798374773613749,1
4640,MOL_000653,4,0,0.3401778793620454,0
4641,MOL_000620,1,1,0.5992648088432709,1
4642,MOL_000797,1,0,0.0100632780516453,0
4643,MOL_002755,3,1,0.0640435307830715,0
4644,MOL_001796,2,1,0.0541917899685298,0
4645,MOL_002240,5,1,0.4131614138139817,0
4646,MOL_000665,4,0,0.1351091667251012,0
4647,MOL_000665,4,0,0.1351091667251012,0
4648,MOL_000666,4,1,0.9648331983474384,1
4649,MOL_000666,4,1,0.9648331983474384,1
4650,MOL_000127,5,1,0.9434161290540316,1
4651,MOL_001939,1,0,0.0446276643013498,0
4652,MOL_001941,3,0,0.0701391046576549,0
4653,MOL_002019,5,1,0.6769487080199076,1
4654,MOL_001319,5,0,0.0588206239810689,0
4655,MOL_002730,4,1,0.8891951778821208,1
4656,MOL_002708,5,0,0.1552416029459652,0
4657,MOL_001447,2,0,0.0976537529167329,0
4658,MOL_001661,5,0,0.0220061321642356,0
4659,MOL_001056,1,0,0.1327875485022424,0
4660,MOL_002184,5,1,0.9442973306467518,1
4661,MOL_001831,1,1,0.3567142672177424,0
4662,MOL_002179,5,0,0.2869910272248158,0
4663,MOL_002732,2,0,0.5121825556400509,1
4664,MOL_003130,1,0,0.1582673069527137,0
4665,MOL_003132,3,1,0.2076254949323468,0
4666,MOL_003132,3,1,0.2076254949323468,0
4667,MOL_001499,4,0,0.9438524485280412,1
4668,MOL_002274,4,0,0.0584425433878973,0
4669,MOL_001561,4,0,0.0283469933600336,0
4670,MOL_001727,4,0,0.0217276081981222,0
4671,MOL_001791,1,0,0.5815764994074751,1
4672,MOL_001786,3,1,0.4396743569242853,0
4673,MOL_002966,2,0,0.5334697067887634,1
4674,MOL_002853,3,0,0.0537642892072653,0
4675,MOL_002965,5,1,0.3360908865127334,0
4676,MOL_001168,2,0,0.2589987376056145,0
4677,MOL_002818,3,1,0.9194372707779812,1
4678,MOL_003134,4,1,0.858468920623851,1
4679,MOL_000535,2,0,0.0213002122950022,0
4680,MOL_001901,2,0,0.0920577561587112,0
4681,MOL_000628,3,0,0.0176782290421403,0
4682,MOL_000625,3,0,0.0135393780813463,0
4683,MOL_000638,5,0,0.0326085159992588,0
4684,MOL_000660,3,0,0.0391703145483504,0
4685,MOL_001637,5,0,0.7348553336788488,1
4686,MOL_001763,5,0,0.0272383688640743,0
4687,MOL_001524,5,0,0.0491164603172132,0
4688,MOL_001953,1,0,0.0373953233076306,0
4689,MOL_000085,1,0,0.7279209805935726,1
4690,MOL_000085,1,0,0.7279209805935726,1
4691,MOL_002300,4,0,0.0263755307177104,0
4692,MOL_003335,5,0,0.014211688920115,0
4693,MOL_000633,1,0,0.0178110490413346,0
4694,MOL_000640,1,0,0.0527144448959322,0
4695,MOL_000095,3,0,0.0185626886574728,0
4696,MOL_000559,5,0,0.0272812878795984,0
4697,MOL_000559,5,1,0.0267248280526764,0
4698,MOL_000559,5,0,0.0272812878795984,0
4699,MOL_000559,5,0,0.0251517444481278,0
4700,MOL_000103,5,0,0.2295657007564675,0
4701,MOL_000591,1,0,0.0214424270379459,0
4702,MOL_000591,1,0,0.0214424270379459,0
4703,MOL_000591,1,0,0.0296502402228411,0
4704,MOL_000554,5,0,0.0070110976783278,0
4705,MOL_000566,4,0,0.0927629088434126,0
4706,MOL_000122,1,0,0.0121431354463293,0
4707,MOL_000553,3,0,0.047237267138701,0
4708,MOL_000553,3,0,0.064585602672261,0
4709,MOL_000241,1,0,0.0314549797029243,0
4710,MOL_000659,3,0,0.0288563539555573,0
4711,MOL_000561,1,0,0.0619221214767239,0
4712,MOL_000224,2,0,0.0054803669831931,0
4713,MOL_000224,2,0,0.0031975873120069,0
4714,MOL_000224,2,0,0.0054803669831931,0
4715,MOL_000642,3,0,0.0236134437793143,0
4716,MOL_000574,5,0,0.0085719896168671,0
4717,MOL_000569,4,1,0.1851631726437365,0
4718,MOL_000533,5,0,0.2350097395043545,0
4719,MOL_000114,1,0,0.0689620559007546,0
4720,MOL_000732,2,0,0.2853018264887793,0
4721,MOL_000580,3,1,0.7032589588826904,1
4722,MOL_000078,2,0,0.0213939241880845,0
4723,MOL_000113,5,0,0.0150240668021618,0
4724,MOL_000177,4,0,0.0190571317945285,0
4725,MOL_000570,3,0,0.0129097012620325,0
4726,MOL_000736,5,0,0.0363603830878595,0
4727,MOL_000582,4,0,0.4429130308312018,0
4728,MOL_000648,4,1,0.5370165899754766,1
4729,MOL_000552,1,1,0.6488465214558158,1
4730,MOL_000226,2,0,0.2890719096281143,0
4731,MOL_003215,3,0,0.0537216298764482,0
4732,MOL_003214,1,0,0.0824497222879024,0
4733,MOL_003351,2,0,0.0192101771882957,0
4734,MOL_003357,5,0,0.0879508216050765,0
4735,MOL_001070,3,1,0.9916052181604774,1
4736,MOL_000464,1,0,0.3791894742912262,0
4737,MOL_002749,2,1,0.934738620892806,1
4738,MOL_002752,4,0,0.1416037384809186,0
4739,MOL_002463,3,0,0.1880682911454218,0
4740,MOL_001664,2,0,0.1591648374194852,0
4741,MOL_000234,5,0,0.6068762046744537,1
4742,MOL_000692,1,0,0.274570961422908,0
4743,MOL_000691,1,0,0.5310179287854441,1
4744,MOL_000227,3,0,0.0836562484005419,0
4745,MOL_001462,1,0,0.0574514806761669,0
4746,MOL_000213,1,0,0.1112269845090753,0
4747,MOL_001458,3,0,0.782892373866067,1
4748,MOL_001459,4,1,0.3219650028717525,0
4749,MOL_001802,2,0,0.0151615932986785,0
4750,MOL_000617,2,0,0.0959428710536956,0
4751,MOL_001468,1,0,0.0700534018198131,0
4752,MOL_001426,3,1,0.8341863966909584,1
4753,MOL_001824,4,1,0.1634645767224701,0
4754,MOL_001332,4,0,0.018852432710556,0
4755,MOL_001311,4,1,0.7378587838024088,1
4756,MOL_002054,2,0,0.55751337104653,1
4757,MOL_002709,2,1,0.1252571027821729,0
4758,MOL_002706,4,0,0.4358021956207783,0
4759,MOL_001064,5,1,0.5330406060962407,1
4760,MOL_001674,2,1,0.8612715386336787,1
4761,MOL_001699,3,1,0.9440143121065492,1
4762,MOL_001321,2,0,0.0300932447812706,0
4763,MOL_002174,2,1,0.7742123684410759,1
4764,MOL_001622,1,0,0.0149007810449871,0
4765,MOL_001620,5,0,0.186442789040462,0
4766,MOL_000092,1,0,0.0238613665675744,0
4767,MOL_001919,1,0,0.0158298421574279,0
4768,MOL_001788,4,0,0.3226876603208536,0
4769,MOL_001782,2,1,0.4431892879428086,0
4770,MOL_001907,5,1,0.9000002391086823,1
4771,MOL_000623,1,0,0.1201360599671388,0
4772,MOL_000624,2,0,0.0116016299090402,0
4773,MOL_000598,5,0,0.0452869937527036,0
4774,MOL_000626,4,0,0.016868816251524,0
4775,MOL_000579,2,1,0.0551921727636437,0
4776,MOL_000629,4,0,0.0352578439656015,0
4777,MOL_000531,2,0,0.0306542623483542,0
4778,MOL_000663,2,0,0.017129624204357,0
4779,MOL_001922,4,0,0.0146977528727174,0
4780,MOL_000104,5,0,0.0551946024155068,0
4781,MOL_001523,4,0,0.0426866903736887,0
4782,MOL_001523,4,0,0.0426866903736887,0
4783,MOL_000096,5,0,0.0206676935048739,0
4784,MOL_000100,4,0,0.0743757575871586,0
4785,MOL_002020,2,0,0.7435718256959796,1
4786,MOL_001656,1,0,0.3466852089795353,0
4787,MOL_001946,5,0,0.0224066257308769,0
4788,MOL_001502,1,0,0.018882676911855,0
4789,MOL_001558,1,1,0.3857527295122107,0
4790,MOL_001924,1,0,0.0355458107787902,0
4791,MOL_001565,2,1,0.3697694506105214,0
4792,MOL_000225,4,0,0.0039783515012456,0
4793,MOL_001752,5,1,0.8052792588508692,1
4794,MOL_001433,2,0,0.0399902713356192,0
4795,MOL_001436,3,0,0.0082377937339359,0
4796,MOL_001917,2,0,0.0322993432727467,0
4797,MOL_000235,1,0,0.7167031558078969,1
4798,MOL_003822,2,0,0.1150820675824256,0
4799,MOL_002609,3,0,0.1640391696085105,0
4800,MOL_000416,4,0,0.0458774510928565,0
4801,MOL_000216,3,0,0.0574983576022887,0
4802,MOL_000420,1,1,0.3577375062406561,0
4803,MOL_000094,2,0,0.0201156646799199,0
4804,MOL_000634,3,0,0.0380274675568014,0
4805,MOL_000101,3,0,0.1072916946634694,0
4806,MOL_000639,5,0,0.012926209884939,0
4807,MOL_000639,5,0,0.00905823573911,0
4808,MOL_000632,2,0,0.0129080341463324,0
4809,MOL_000592,2,0,0.0719145223141777,0
4810,MOL_000592,2,0,0.0455310004723467,0
4811,MOL_000592,2,0,0.0455310004723467,0
4812,MOL_000558,4,0,0.0627561641938891,0
4813,MOL_000558,4,0,0.0647686924726749,0
4814,MOL_000558,4,0,0.0647686924726749,0
4815,MOL_000558,4,0,0.0627561641938891,0
4816,MOL_000558,4,0,0.0627561641938891,0
4817,MOL_000562,5,0,0.264534838970687,0
4818,MOL_000562,5,1,0.2465280531412577,0
4819,MOL_000606,3,0,0.3507719229626208,0
4820,MOL_000217,5,0,0.0069118880874704,0
4821,MOL_000217,5,0,0.009124789005449,0
4822,MOL_000217,5,0,0.0069118880874704,0
4823,MOL_000217,5,0,0.009124789005449,0
4824,MOL_000217,5,0,0.009124789005449,0
4825,MOL_000217,5,0,0.009124789005449,0
4826,MOL_000565,2,0,0.0239876573981267,0
4827,MOL_000565,2,0,0.0239876573981267,0
4828,MOL_000556,1,0,0.0293975107688091,0
4829,MOL_000119,1,0,0.0107237061478271,0
4830,MOL_000564,5,0,0.0218799040090875,0
4831,MOL_000564,5,0,0.0218799040090875,0
4832,MOL_000564,5,0,0.0218799040090875,0
4833,MOL_000573,5,0,0.0266777983674938,0
4834,MOL_000236,2,0,0.2420417062330383,0
4835,MOL_000176,3,0,0.0753918261356019,0
4836,MOL_000635,4,0,0.0329658976133919,0
4837,MOL_000607,1,0,0.1400499134256503,0
4838,MOL_000094,2,0,0.0201156646799199,0
4839,MOL_000101,3,0,0.1072916946634694,0
4840,MOL_000220,2,0,0.1822824382221492,0
4841,MOL_000610,4,0,0.0194400059544322,0
4842,MOL_001520,3,1,0.5221847248288759,1
4843,MOL_001520,3,1,0.5221847248288759,1
4844,MOL_001520,3,1,0.5221847248288759,1
4845,MOL_001520,3,1,0.5221847248288759,1
4846,MOL_001563,2,1,0.1162099010187545,0
4847,MOL_001757,4,0,0.1721224897771426,0
4848,MOL_002006,5,0,0.4941546884682014,0
4849,MOL_002979,2,0,0.0142575500290946,0
4850,MOL_001318,4,0,0.0594294352284498,0
4851,MOL_002747,5,1,0.9717133018724228,1
4852,MOL_002750,1,1,0.9031266348453698,1
4853,MOL_002851,2,1,0.7437705231159029,1
4854,MOL_003356,3,0,0.0427447646236174,0
4855,MOL_002957,3,0,0.1645355651729785,0
4856,MOL_003342,5,0,0.0537089476825332,0
4857,MOL_003342,5,0,0.0537089476825332,0
4858,MOL_003340,3,1,0.2260017625294254,0
4859,MOL_000107,3,0,0.0230455211469664,0
4860,MOL_000107,3,0,0.0230455211469664,0
4861,MOL_000079,1,0,0.008743308821173,0
4862,MOL_000731,1,0,0.0817265042308914,0
4863,MOL_000594,1,0,0.0236493385214001,0
4864,MOL_002753,1,0,0.3542533849081968,0
4865,MOL_002746,5,1,0.95781235034867,1
4866,MOL_001934,1,1,0.3158642869861829,0
4867,MOL_002128,4,1,0.8711534195731463,1
4868,MOL_002128,4,1,0.8711534195731463,1
4869,MOL_000463,5,0,0.2542713589146033,0
4870,MOL_002653,4,1,0.888049854998066,1
4871,MOL_002745,2,1,0.9056196796114564,1
4872,MOL_001316,2,0,0.0295892716491066,0
4873,MOL_001313,3,0,0.0661956099669522,0
4874,MOL_000321,5,0,0.1367854938678728,0
4875,MOL_001469,2,0,0.0445688869961271,0
4876,MOL_003346,2,0,0.332276948819047,0
4877,MOL_001800,4,0,0.0203023468941813,0
4878,MOL_001573,3,0,0.0473637248183203,0
4879,MOL_002728,3,1,0.8966094604159465,1
4880,MOL_001086,1,0,0.0628273848302981,0
4881,MOL_002688,2,0,0.0579110785467913,0
4882,MOL_001672,3,1,0.9581271128881452,1
4883,MOL_002980,3,0,0.0258174919489154,0
4884,MOL_001918,1,0,0.016342215118436,0
4885,MOL_001612,2,0,0.1724140207267163,0
4886,MOL_003506,1,1,0.3016696759890238,0
4887,MOL_003505,2,1,0.8514552103105034,1
4888,MOL_001914,3,0,0.0044172838665913,0
4889,MOL_001915,4,0,0.0258422021572392,0
4890,MOL_001954,2,0,0.0256031315530133,0
4891,MOL_000214,4,0,0.0228321536579247,0
4892,MOL_000102,4,0,0.0575909703939708,0
4893,MOL_001764,1,0,0.7057528927302031,1
4894,MOL_001916,5,0,0.0208437170571682,0
4895,MOL_000568,2,1,0.3320420490267987,0
4896,MOL_000097,2,1,0.0067138353742154,0
4897,MOL_000097,2,1,0.0067138353742154,0
4898,MOL_000097,2,1,0.0067138353742154,0
4899,MOL_001557,5,0,0.5473537622775662,1
4900,MOL_001559,3,0,0.6379687994922539,1
4901,MOL_001501,4,0,0.0171900445188695,0
4902,MOL_001715,1,0,0.0098496421934416,0
4903,MOL_000219,3,0,0.0024394429112339,0
4904,MOL_000219,3,0,0.0056235869747207,0
4905,MOL_000219,3,0,0.0024394429112339,0
4906,MOL_000219,3,0,0.0056235869747207,0
4907,MOL_000219,3,0,0.0056235869747207,0
4908,MOL_000097,2,1,0.0067138353742154,0
4909,MOL_001920,2,0,0.0417417933920403,0
4910,MOL_001947,1,0,0.023864727964347,0
4911,MOL_000120,2,0,0.0086119666914115,0
4912,MOL_001606,2,0,0.028578509918927,0
4913,MOL_001606,2,0,0.028578509918927,0
4914,MOL_000222,5,0,0.0050196951577157,0
4915,MOL_001789,5,1,0.6307673337877931,1
4916,MOL_000218,1,0,0.0249131020285439,0
4917,MOL_000221,4,0,0.0587773559745704,0
4918,MOL_001776,2,1,0.6842727601942631,1
4919,MOL_002304,3,1,0.420391550599328,0
4920,MOL_002738,2,1,0.8566163118675773,1
4921,MOL_000697,5,0,0.0224747624970157,0
4922,MOL_000112,4,0,0.010067959076097,0
4923,MOL_002385,3,1,0.9650685195161884,1
4924,MOL_002120,5,1,0.9797384576468836,1
4925,MOL_002120,5,1,0.9797384576468836,1
4926,MOL_000080,2,0,0.0118623667961567,0
4927,MOL_001566,2,0,0.4879580434843354,0
4928,MOL_002035,5,1,0.2648349334852325,0
4929,MOL_003350,1,0,0.0668278399641507,0
4930,MOL_002168,3,1,0.8068641031728124,1
4931,MOL_002644,4,1,0.9343833409769392,1
4932,MOL_002923,3,1,0.3012962069547043,0
4933,MOL_002914,5,0,0.5592021413662098,1
4934,MOL_003339,4,0,0.877790793184193,1
4935,MOL_003341,4,0,0.0628383518810592,0
4936,MOL_000105,1,0,0.011984230502666,0
4937,MOL_000105,1,0,0.011984230502666,0
4938,MOL_000547,3,0,0.0875664116465139,0
4939,MOL_000319,2,0,0.1797933438858583,0
4940,MOL_000539,1,0,0.0183159908490337,0
4941,MOL_000317,5,0,0.0371295207736359,0
4942,MOL_000318,4,0,0.0688140156249148,0
4943,MOL_000548,4,0,0.1169575171954571,0
4944,MOL_000549,4,1,0.3948969949026661,0
4945,MOL_001564,5,0,0.4407775180292798,0
4946,MOL_001583,5,0,0.0859801207391315,0
4947,MOL_002743,3,1,0.9759185233073856,1
4948,MOL_001078,2,0,0.0363404920682983,0
4949,MOL_001317,1,0,0.0327850558147701,0
4950,MOL_001307,5,0,0.979473475097886,1
4951,MOL_001397,3,1,0.8049105975338995,1
4952,MOL_001133,5,1,0.212943637890143,0
4953,MOL_001131,5,1,0.8031729341529756,1
4954,MOL_001132,3,0,0.6829805081609939,1
4955,MOL_002744,4,1,0.9554953146485244,1
4956,MOL_000349,2,1,0.8119692725231852,1
4957,MOL_000596,3,0,0.0153600177923995,0
4958,MOL_001309,2,1,0.9455873466578708,1
4959,MOL_000482,3,0,0.2093146053366753,0
4960,MOL_001695,3,0,0.0237515877683051,0
4961,MOL_002105,2,1,0.877300463529458,1
4962,MOL_002122,3,1,0.3659050972415458,0
4963,MOL_000098,1,0,0.2977139293100628,0
4964,MOL_000098,1,0,0.2977139293100628,0
4965,MOL_001948,2,0,0.0215621517147909,0
4966,MOL_000099,3,0,0.2970252131555593,0
4967,MOL_001607,3,0,0.3096058880835817,0
4968,MOL_001526,2,1,0.6059026298570322,1
4969,MOL_001522,3,0,0.0165819559896988,0
4970,MOL_002031,4,1,0.3144575650847453,0
4971,MOL_003213,2,0,0.0616256230191239,0
4972,MOL_001713,2,0,0.0034697745105274,0
4973,MOL_001535,4,0,0.0182557600979686,0
4974,MOL_001723,5,0,0.0666806679060029,0
4975,MOL_001722,5,0,0.0085208695584168,0
4976,MOL_000175,2,0,0.0471881825077215,0
4977,MOL_000044,3,0,0.2767531057361452,0
4978,MOL_000044,3,0,0.2767531057361452,0
4979,MOL_000044,3,0,0.2767531057361452,0
4980,MOL_003101,4,0,0.358998942554588,0
4981,MOL_003102,5,1,0.4479491423662915,0
4982,MOL_002751,3,0,0.1204529293970041,0
4983,MOL_000415,3,1,0.1223348468545805,0
4984,MOL_000109,3,0,0.2486216836149135,0
4985,MOL_000106,2,0,0.0214919780749306,0
4986,MOL_000109,3,0,0.2486216836149135,0
4987,MOL_001519,5,0,0.0462516110056234,0
4988,MOL_000110,1,0,0.021811846268841,0
4989,MOL_001951,3,0,0.0264583239905254,0
4990,MOL_001435,1,0,0.0746834812035018,0
4991,MOL_001949,3,0,0.0171008939047305,0
4992,MOL_001717,3,0,0.015511745718618,0
4993,MOL_000108,4,1,0.3224382554841948,0
4994,MOL_001434,2,1,0.0181045450753348,0
4995,MOL_002737,2,1,0.8370741051432996,1
4996,MOL_001308,1,1,0.8929151301762114,1
4997,MOL_003355,5,0,0.0569586540210531,0
4998,MOL_001801,1,0,0.0554085585650979,0
4999,MOL_001110,3,0,0.4104591219806704,0
5000,MOL_002331,3,1,0.6919534695066714,1
5001,MOL_000645,5,1,0.0303883671341136,0
5002,MOL_000551,4,0,0.0361365802801467,0
5003,MOL_002748,1,1,0.972430120659449,1
5004,MOL_001572,4,0,0.0840385732189588,0
5005,MOL_000240,5,1,0.0507903080698458,0
5006,MOL_000240,5,1,0.0507903080698458,0
5007,MOL_003388,5,0,0.0786259846748895,0
5008,MOL_001697,1,0,0.0513311645027969,0
5009,MOL_001696,5,0,0.0507919013810525,0
5010,MOL_001937,5,0,0.0300660978117915,0
5011,MOL_001944,4,0,0.02496878903191,0
5012,MOL_001314,3,0,0.0312872238655629,0
5013,MOL_000418,3,0,0.2751343667735779,0
5014,MOL_002133,1,1,0.8606742178599198,1
5015,MOL_001673,4,1,0.9346511454767432,1
5016,MOL_003353,5,0,0.0424047779082415,0
5017,MOL_003349,3,0,0.025086448868039,0
5018,MOL_001446,4,0,0.046604925421874,0
5019,MOL_003418,4,0,0.0272747704437164,0
5020,MOL_001714,3,0,0.0356364961024963,0
5021,MOL_001714,3,0,0.0356364961024963,0
5022,MOL_001719,2,0,0.0121396969120301,0
5023,MOL_003354,4,0,0.0356169900576769,0
5024,MOL_000111,2,0,0.0056639654416487,0
5025,MOL_002121,1,1,0.9277300319129314,1
5026,MOL_001669,4,1,0.9738548900188532,1
5027,MOL_001669,4,1,0.9738548900188532,1
5028,MOL_002294,4,1,0.8226048752792223,1
5029,MOL_002011,5,0,0.4823127855840147,0
5030,MOL_001994,4,0,0.2435909580590664,0
5031,MOL_001724,1,0,0.0360708289887828,0
5032,MOL_001790,5,0,0.4757628590720222,0
5033,MOL_001785,2,1,0.7121508501622819,1
5034,MOL_000618,3,1,0.018697566256748,0
5035,MOL_000619,5,0,0.6729206035092294,1
5036,MOL_000121,4,0,0.0060430966186403,0
5037,MOL_000116,5,0,0.0564340883932159,0
5038,MOL_000223,1,0,0.046507906645258,0
5039,MOL_000641,2,0,0.0091622761983634,0
5040,MOL_000550,2,0,0.024520736442259,0
5041,MOL_001822,4,0,0.0820072667567818,0
5042,MOL_001455,4,0,0.0142561932678663,0
5043,MOL_000320,3,0,0.0107839155922536,0
5044,MOL_002742,2,1,0.9238421614557498,1
5045,MOL_002733,3,1,0.7988066057081118,1
5046,MOL_001703,5,1,0.8743958638326434,1
5047,MOL_001452,5,1,0.7201520535537487,1
5048,MOL_002823,2,1,0.9504800323506204,1
5049,MOL_001527,5,0,0.3112494271887532,0
5050,MOL_001457,2,1,0.1966121501936038,0
5051,MOL_002180,1,0,0.1278138510058407,0
5052,MOL_003133,2,0,0.525935356555634,1
5053,MOL_003133,2,0,0.525935356555634,1
5054,MOL_003133,2,0,0.525935356555634,1
5055,MOL_003133,2,0,0.525935356555634,1
5056,MOL_003133,2,0,0.525935356555634,1
5057,MOL_003133,2,0,0.525935356555634,1
5058,MOL_001333,1,0,0.0755558796531178,0
5059,MOL_002530,4,1,0.2430899891255138,0
5060,MOL_002531,2,0,0.6693531296854885,1
5061,MOL_001725,3,0,0.0149685607635638,0
5062,MOL_001726,2,0,0.0046470182581459,0
5063,MOL_001716,4,0,0.0285604315622798,0
5064,MOL_003131,5,0,0.0261712522506674,0
5065,MOL_003135,5,1,0.7812047348840339,1
5066,MOL_003135,5,1,0.7812047348840339,1
5067,MOL_001977,3,1,0.0089371401685771,0
5068,MOL_002072,5,0,0.943454960349154,1
5069,MOL_001866,3,0,0.0213495976339184,0
5070,MOL_001866,3,0,0.0213495976339184,0
5071,MOL_001787,1,0,0.1634467207165328,0
5072,MOL_001781,1,1,0.7396226323979577,1
5073,MOL_000631,5,0,0.0134301143541492,0
5074,MOL_000649,1,1,0.1682753688727987,0
5075,MOL_000576,2,1,0.7222761876596449,1
5076,MOL_001269,2,0,0.102590297854832,0
5077,MOL_000093,4,0,0.0251691431487537,0
5078,MOL_000093,4,0,0.0251691431487537,0
5079,MOL_000093,4,0,0.0251691431487537,0
5080,MOL_000563,3,1,0.074386804704032,0
5081,MOL_000563,3,1,0.1864585492132625,0
5082,MOL_000563,3,0,0.1864585492132625,0
5083,MOL_000567,1,0,0.0698104945265982,0
5084,MOL_000575,1,1,0.2716777382093579,0
5085,MOL_000577,4,1,0.655443975030054,1
5086,MOL_000578,1,0,0.0290334303955188,0
5087,MOL_000572,3,0,0.6822737433966516,1
5088,MOL_000557,2,0,0.0554203403398594,0
5089,MOL_000088,1,0,0.0367996515760138,0
5090,MOL_001799,2,0,0.0119896990070224,0
5091,MOL_001312,3,0,0.1889877816791478,0
5092,MOL_001315,1,0,0.0627674301930816,0
5093,MOL_003288,4,0,0.0235376615201172,0
5094,MOL_001451,1,1,0.908067853675318,1
5095,MOL_001707,4,0,0.0186497301404126,0
5096,MOL_001310,2,1,0.5516840371474955,1
5097,MOL_002736,1,0,0.7125776077882581,1
5098,MOL_003658,2,0,0.0996724772761496,0
5099,MOL_003658,2,0,0.1373083864670873,0
5100,MOL_003658,2,0,0.0996724772761496,0
5101,MOL_003658,2,0,0.0996724772761496,0
5102,MOL_003656,1,0,0.3078283650064153,0
5103,MOL_003661,1,1,0.2076024628595999,0
5104,MOL_002943,3,1,0.3718558157595398,0
5105,MOL_003315,3,1,0.926616534043052,1
5106,MOL_000207,5,1,0.911800631221175,1
5107,MOL_001103,1,1,0.5998254553605913,1
5108,MOL_003650,5,1,0.2169976190512304,0
5109,MOL_003660,5,0,0.6943212591581784,1
5110,MOL_001104,2,1,0.5141753014122793,1
5111,MOL_001346,4,1,0.9666195253043892,1
5112,MOL_000209,5,0,0.5150904730241568,1
5113,MOL_001105,3,0,0.9860128027798538,1
5114,MOL_001106,4,1,0.9362934187053492,1
5115,MOL_003649,2,0,0.1710756538340352,0
5116,MOL_003293,3,0,0.472069392088894,0
5117,MOL_003648,3,0,0.3693322513542067,0
5118,MOL_001215,3,1,0.8887289696917977,1
5119,MOL_001217,5,0,0.2386715220238565,0
5120,MOL_003291,2,0,0.1377789341706109,0
5121,MOL_003290,1,0,0.0918038923210236,0
5122,MOL_003657,3,0,0.0122840775322512,0
5123,MOL_003668,2,0,0.1346136985934634,0
5124,MOL_003668,2,1,0.2069885399617797,0
5125,MOL_003664,3,0,0.0637171363298129,0
5126,MOL_003292,3,0,0.0633370746250949,0
5127,MOL_003659,4,0,0.0433833449905367,0
5128,MOL_003294,1,0,0.0771602185662521,0
5129,MOL_003655,3,1,0.0264802992337841,0
5130,MOL_003008,1,0,0.495342161357484,0
5131,MOL_003273,1,1,0.9775195081842106,1
5132,MOL_003281,1,0,0.0945479257604153,0
5133,MOL_000924,4,0,0.0547967537419729,0
5134,MOL_003665,4,1,0.0515881090776686,0
5135,MOL_001262,2,0,0.5893826898193871,1
5136,MOL_003598,4,1,0.2513607771641052,0
5137,MOL_003663,5,0,0.0275877594794401,0
5138,MOL_003654,5,0,0.2773279722829039,0
5139,MOL_003662,2,0,0.3834888887503491,0
5140,MOL_000325,2,0,0.3164952899410176,0
5141,MOL_003652,2,0,0.0942920687069416,0
5142,MOL_002944,1,0,0.6785375530660999,1
5143,MOL_003467,2,0,0.7032660588831066,1
5144,MOL_003100,3,0,0.0535484346532437,0
5145,MOL_003812,3,1,0.9514867046936116,1
5146,MOL_003813,1,0,0.1760807400935559,0
5147,MOL_000876,5,1,0.9863033041018364,1
5148,MOL_001247,4,0,0.9036845371981888,1
5149,MOL_001227,5,0,0.3909178424304416,0
5150,MOL_001236,1,1,0.0947448023975322,0
5151,MOL_003731,2,1,0.7735092384093879,1
5152,MOL_003744,4,0,0.2762945121457067,0
5153,MOL_003726,2,1,0.3615118893877901,0
5154,MOL_003740,1,0,0.3363699379762743,0
5155,MOL_003667,5,0,0.8991653246958935,1
5156,MOL_003666,1,1,0.449016827401204,0
5157,MOL_000511,5,1,0.4103628942042659,0
5158,MOL_003653,4,0,0.1259357983748386,0
5159,MOL_003651,1,0,0.1068582845154241,0
5160,MOL_003669,4,0,0.2151963182263967,0
5161,MOL_003216,5,0,0.1746253463438424,0
5162,MOL_001109,2,1,0.6339741876310243,1
5163,MOL_001107,5,1,0.9650560845464704,1
5164,MOL_001108,1,1,0.8078478204774224,1
5165,MOL_002580,1,0,0.031019173796942,0
5166,MOL_002464,2,0,0.173232895001257,0
5167,MOL_002295,5,0,0.1552054950106517,0
5168,MOL_002320,2,0,0.0730038294871337,0
5169,MOL_001906,1,1,0.0663120413645667,0
5170,MOL_002576,3,0,0.0333461645597989,0
5171,MOL_002579,4,0,0.0195419227312436,0
5172,MOL_002577,4,0,0.110484152803846,0
5173,MOL_002578,2,0,0.0159536511920439,0
5174,MOL_001165,5,0,0.3905538941507056,0
5175,MOL_001156,1,0,0.1090774042997177,0
5176,MOL_000782,5,0,0.0685262923535355,0
5177,MOL_003455,3,0,0.2115156002339781,0
5178,MOL_003489,4,0,0.8710893695280791,1
5179,MOL_002819,4,0,0.3752491204998525,0
5180,MOL_003466,3,1,0.066628462663873,0
5181,MOL_001116,3,1,0.1546895427449013,0
5182,MOL_002584,3,1,0.0205586201167281,0
5183,MOL_001157,3,1,0.2563553615835416,0
5184,MOL_000783,1,1,0.270895630171583,0
5185,MOL_003456,2,1,0.5600989615910508,1
5186,MOL_003490,1,1,0.3554730059152536,0
5187,MOL_002826,1,0,0.4291518100918369,0
5188,MOL_001117,2,1,0.7419073128345173,1
5189,MOL_002574,5,0,0.2921741780970056,0
5190,MOL_003126,3,0,0.2232701294124095,0
5191,MOL_003150,2,0,0.0507934059187026,0
5192,MOL_003156,4,0,0.0196571906744441,0
5193,MOL_003103,2,0,0.0375264567117396,0
5194,MOL_003110,3,0,0.0792044263381663,0
5195,MOL_003158,5,0,0.0772282531224011,0
5196,MOL_000045,1,0,0.1141724856211,0
5197,MOL_001882,1,0,0.013653938432283,0
5198,MOL_003157,3,0,0.1411339090493582,0
5199,MOL_003017,2,1,0.0805260433212345,0
5200,MOL_000292,2,0,0.6237439237919922,1
5201,MOL_001475,4,0,0.707275889078435,1
5202,MOL_001372,3,0,0.3041550333386947,0
5203,MOL_003245,2,0,0.2568029332418017,0
