row_index,feature_value,shap_value,color_by_self
0,0.21751687,0.03774301359383541,0.21751687
1,0.21751687,0.03774301359383541,0.21751687
2,0.15620868,-0.07213633371992823,0.15620868
3,0.15620868,-0.06528234675694279,0.15620868
4,0.15620868,-0.06528234675694279,0.15620868
5,0.29327115,0.15038013405482292,0.29327115
6,0.17154637,-0.14444418243426618,0.17154637
7,0.17154637,-0.14444418243426618,0.17154637
8,0.17154637,-0.14444418243426618,0.17154637
9,0.17154637,-0.14444418243426618,0.17154637
10,0.17154637,-0.14444418243426618,0.17154637
11,0.12449262,-0.13890956455510303,0.12449262
12,0.12449262,-0.13890956455510303,0.12449262
13,0.12449262,-0.13890956455510303,0.12449262
14,0.23265761,0.07220959845464407,0.23265761
15,0.23265761,0.08654893421571032,0.23265761
16,0.12163711,-0.19663809808971325,0.12163711
17,0.20964928,-0.045643296021769364,0.20964928
18,0.17347468,-0.09385722022836723,0.17347468
19,0.17347468,-0.09385722022836723,0.17347468
20,0.17347468,-0.09385722022836723,0.17347468
21,0.17347468,-0.09385722022836723,0.17347468
22,0.17347468,-0.09385722022836723,0.17347468
23,0.17347468,-0.07130773232861533,0.17347468
24,0.17347468,-0.07130773232861533,0.17347468
25,0.17347468,-0.09385722022836723,0.17347468
26,0.17347468,-0.07130773232861533,0.17347468
27,0.17347468,-0.07130773232861533,0.17347468
28,0.17347468,-0.09385722022836723,0.17347468
29,0.18299183,-0.08194666598313878,0.18299183
30,0.18299183,-0.08194666598313878,0.18299183
31,0.18299183,-0.08194666598313878,0.18299183
32,0.18299183,-0.08194666598313878,0.18299183
33,0.18299183,-0.12588037914759165,0.18299183
34,0.18299183,-0.08194666598313878,0.18299183
35,0.18299183,-0.12588037914759165,0.18299183
36,0.18299183,-0.0756199676785249,0.18299183
37,0.18299183,-0.08194666598313878,0.18299183
38,0.18299183,-0.08194666598313878,0.18299183
39,0.18299183,-0.0756199676785249,0.18299183
40,0.18299183,-0.08194666598313878,0.18299183
41,0.21579728,0.03696752289732441,0.21579728
42,0.21579728,0.03696752289732441,0.21579728
43,0.18018067,-0.078924443286357,0.18018067
44,0.12663212,-0.03402717963389486,0.12663212
45,0.161924,-0.06437904039953211,0.161924
46,0.161924,-0.06415021170921575,0.161924
47,0.161924,-0.06415021170921575,0.161924
48,0.16101478,-0.038308614637458556,0.16101478
49,0.15509574,-0.0797337812532194,0.15509574
50,0.37159467,0.22649545080814945,0.37159467
51,0.37159467,0.22649545080814945,0.37159467
52,0.37159467,0.23367338565733353,0.37159467
53,0.2034897,-0.017918118372608233,0.2034897
54,0.14649954,-0.13060794733170206,0.14649954
55,0.14649954,-0.13060794733170206,0.14649954
56,0.14649954,-0.13060794733170206,0.14649954
57,0.12864906,0.033115973753376333,0.12864906
58,0.12864906,-0.037944909195093544,0.12864906
59,0.12297555,-0.10997167359180175,0.12297555
60,0.12297555,-0.10997167359180175,0.12297555
61,0.12297555,-0.043451815266582344,0.12297555
62,0.14944305,-0.07610615461045095,0.14944305
63,0.14944305,-0.07610615461045095,0.14944305
64,0.14944305,-0.07610615461045095,0.14944305
65,0.14944305,-0.07610615461045095,0.14944305
66,0.14944305,-0.07610615461045095,0.14944305
67,0.14944305,-0.07610615461045095,0.14944305
68,0.14944305,-0.07610615461045095,0.14944305
69,0.14944305,-0.07610615461045095,0.14944305
70,0.12788437,-0.05219503709988442,0.12788437
71,0.086284965,-0.1960650096720487,0.086284965
72,0.086284965,-0.1960650096720487,0.086284965
73,0.086284965,-0.1960650096720487,0.086284965
74,0.16778642,-0.005735984358363064,0.16778642
75,0.16778642,-0.03829962006953053,0.16778642
76,0.16778642,-0.03829962006953053,0.16778642
77,0.16778642,-0.03829962006953053,0.16778642
78,0.16365641,-0.06320923076660034,0.16365641
79,0.16365641,-0.06320923076660034,0.16365641
80,0.24296387,0.04319339705008068,0.24296387
81,0.24296387,0.04319339705008068,0.24296387
82,0.25452504,0.08174620701115573,0.25452504
83,0.25452504,0.08174620701115573,0.25452504
84,0.2178939,0.07271080971335481,0.2178939
85,0.2178939,0.07271080971335481,0.2178939
86,0.2178939,0.0274039794319603,0.2178939
87,0.2178939,0.07271080971335481,0.2178939
88,0.11599509,-0.014178768582287879,0.11599509
89,0.13459107,-0.05740335619835887,0.13459107
90,0.20237003,-0.17445087291815398,0.20237003
91,0.20237003,-0.17445087291815398,0.20237003
92,0.16125904,-0.1586916114505857,0.16125904
93,0.16249129,-0.05763036338166889,0.16249129
94,0.16249129,-0.05763036338166889,0.16249129
95,0.33402243,0.042855989483526584,0.33402243
96,0.13704263,-0.03988228602590989,0.13704263
97,0.13704263,-0.03988228602590989,0.13704263
98,0.26843926,0.23296925871826363,0.26843926
99,0.13096733,-0.09572948266722667,0.13096733
100,0.13096733,-0.02920788104954988,0.13096733
101,0.26149276,0.0756079011348286,0.26149276
102,0.24685608,0.08340190436053824,0.24685608
103,0.11044895,0.019135806190130403,0.11044895
104,0.11044895,0.019135806190130403,0.11044895
105,0.104994945,-0.24469170623020636,0.104994945
106,0.104994945,-0.14672317798555023,0.104994945
107,0.104994945,-0.14672317798555023,0.104994945
108,0.104994945,-0.14672317798555023,0.104994945
109,0.318252,0.10972799594490806,0.318252
110,0.1413477,0.052441861872901445,0.1413477
111,0.19540538,-0.032554025933093284,0.19540538
112,0.19540538,-0.032554025933093284,0.19540538
113,0.26855043,0.138470629672832,0.26855043
114,0.20640482,0.05304121335741042,0.20640482
115,0.12715401,-0.23368832678754614,0.12715401
116,0.12715401,-0.23368832678754614,0.12715401
117,0.15117104,-0.1554729972914729,0.15117104
118,0.15117104,-0.1554729972914729,0.15117104
119,0.15117104,-0.1554729972914729,0.15117104
120,0.15117104,-0.1554729972914729,0.15117104
121,0.15117104,-0.1554729972914729,0.15117104
122,0.14355212,0.024739878307023552,0.14355212
123,0.14355212,-0.008590445623915498,0.14355212
124,0.13465938,-0.11981657918230587,0.13465938
125,0.11994112,-0.09245957960965379,0.11994112
126,0.11994112,-0.1151048042424058,0.11994112
127,0.11994112,-0.1151048042424058,0.11994112
128,0.11994112,-0.1151048042424058,0.11994112
129,0.24998793,0.13574851348962255,0.24998793
130,0.11061465,-0.19393824608824328,0.11061465
131,0.11061465,-0.20248676668869162,0.11061465
132,0.19861485,-0.01630530355160953,0.19861485
133,0.14134093,-0.03603140772446037,0.14134093
134,0.10811758,-0.6229927504654547,0.10811758
135,0.10811758,-0.6229927504654547,0.10811758
136,0.10436634,-0.176196443524566,0.10436634
137,0.10436634,-0.176196443524566,0.10436634
138,0.29418114,0.37954367544306894,0.29418114
139,0.3173486,0.28627034627596865,0.3173486
140,0.3173486,0.28627034627596865,0.3173486
141,0.2857372,0.11394226520496696,0.2857372
142,0.2857372,0.11394226520496696,0.2857372
143,0.32096168,0.115650095499778,0.32096168
144,0.32096168,0.115650095499778,0.32096168
145,0.3266261,0.027292931342986732,0.3266261
146,0.3266261,0.027292931342986732,0.3266261
147,0.30857667,0.07059806469179629,0.30857667
148,0.30857667,0.07059806469179629,0.30857667
149,0.18600024,-0.03443075791040395,0.18600024
150,0.18600024,0.01862093885754805,0.18600024
151,0.18600024,0.01862093885754805,0.18600024
152,0.11790961,-0.17706566147930186,0.11790961
153,0.16554353,-0.07184631943558488,0.16554353
154,0.16554353,-0.10805291249884692,0.16554353
155,0.185363,0.010416782643308522,0.185363
156,0.079878524,0.002542372737128138,0.079878524
157,0.0978659,0.12765655649273183,0.0978659
158,0.24050722,0.017885368506256986,0.24050722
159,0.09021411,-0.08126543656983656,0.09021411
160,0.09021411,-0.07876427292752994,0.09021411
161,0.09021411,-0.07876427292752994,0.09021411
162,0.16557707,-0.034329749951582604,0.16557707
163,0.15968786,-0.061369395842729345,0.15968786
164,0.23623751,0.13003974814653957,0.23623751
165,0.17018478,-0.10174601889701908,0.17018478
166,0.35408124,-0.02013352454790663,0.35408124
167,0.35408124,-0.02013352454790663,0.35408124
168,0.21026538,-0.02860031656227534,0.21026538
169,0.21026538,-0.1536109809749837,0.21026538
170,0.21026538,-0.1536109809749837,0.21026538
171,0.21026538,-0.02860031656227534,0.21026538
172,0.21026538,-0.1536109809749837,0.21026538
173,0.21273652,-0.019176775028748573,0.21273652
174,0.09517824,-0.26346921743936036,0.09517824
175,0.09517824,-0.26346921743936036,0.09517824
176,0.09517824,-0.2081550221919746,0.09517824
177,0.37064385,0.07499513353279307,0.37064385
178,0.121367104,-0.03744530174351651,0.121367104
179,0.121367104,-0.03744530174351651,0.121367104
180,0.24826163,0.08700423514669894,0.24826163
181,0.16284828,-0.0828720331798619,0.16284828
182,0.13165061,-0.11457865968388507,0.13165061
183,0.13165061,-0.07378939063357173,0.13165061
184,0.13165061,-0.11457865968388507,0.13165061
185,0.2997731,0.19581271193173705,0.2997731
186,0.12973705,-0.09286222370473213,0.12973705
187,0.12973705,-0.09286222370473213,0.12973705
188,0.4255132,0.039704736227798236,0.4255132
189,0.4255132,0.10385278469202258,0.4255132
190,0.4255132,0.10385278469202258,0.4255132
191,0.4255132,0.10385278469202258,0.4255132
192,0.24149418,0.12193943343705863,0.24149418
193,0.26630855,0.0891797362390776,0.26630855
194,0.22190799,0.01945026311857889,0.22190799
195,0.22190799,0.01945026311857889,0.22190799
196,0.22190799,0.01945026311857889,0.22190799
197,0.15732226,-0.06213540686337294,0.15732226
198,0.15732226,-0.1379050027680024,0.15732226
199,0.1533633,-0.024669215607794844,0.1533633
200,0.1533633,-0.024669215607794844,0.1533633
201,0.16877007,-0.15373612957855337,0.16877007
202,0.09687804,-0.09295978803049484,0.09687804
203,0.12995397,-0.11498856893170789,0.12995397
204,0.12995397,-0.08940230069003209,0.12995397
205,0.12995397,-0.17109807747363673,0.12995397
206,0.12995397,-0.16305141668019663,0.12995397
207,0.12995397,-0.17109807747363673,0.12995397
208,0.12995397,-0.17109807747363673,0.12995397
209,0.22020969,0.0463708016599807,0.22020969
210,0.22020969,0.0463708016599807,0.22020969
211,0.22701624,0.0397268540820148,0.22701624
212,0.09143227,-0.19056642276301708,0.09143227
213,0.09143227,-0.19056642276301708,0.09143227
214,0.09143227,-0.19056642276301708,0.09143227
215,0.09979628,-0.40753953393927717,0.09979628
216,0.09979628,-0.40753953393927717,0.09979628
217,0.09979628,-0.23455408561695446,0.09979628
218,0.10887291,-0.07013117883153372,0.10887291
219,0.10887291,-0.07013117883153372,0.10887291
220,0.10887291,-0.07013117883153372,0.10887291
221,0.10887291,-0.07013117883153372,0.10887291
222,0.10887291,-0.07013117883153372,0.10887291
223,0.10887291,-0.07013117883153372,0.10887291
224,0.21223618,0.07026265106004176,0.21223618
225,0.21223618,0.07026265106004176,0.21223618
226,0.21223618,0.07026265106004176,0.21223618
227,0.32235116,0.19189188800533344,0.32235116
228,0.31527585,0.14721080752417998,0.31527585
229,0.21626796,-0.009060672586627848,0.21626796
230,0.20910451,-0.042977599574527556,0.20910451
231,0.20910451,-0.042977599574527556,0.20910451
232,0.20910451,-0.042977599574527556,0.20910451
233,0.20910451,-0.042977599574527556,0.20910451
234,0.20910451,-0.042977599574527556,0.20910451
235,0.20910451,-0.042977599574527556,0.20910451
236,0.49055973,0.003733350419469003,0.49055973
237,0.2018999,-0.14844912718868294,0.2018999
238,0.10518927,-0.17166091647708617,0.10518927
239,0.24059911,0.12040369695182129,0.24059911
240,0.15028122,-0.030858146729964536,0.15028122
241,0.13375111,-0.09061777719051813,0.13375111
242,0.13375111,-0.09061777719051813,0.13375111
243,0.13375111,-0.09061777719051813,0.13375111
244,0.13375111,-0.09061777719051813,0.13375111
245,0.13375111,-0.14411377256399246,0.13375111
246,0.22010426,0.02404003944805052,0.22010426
247,0.22010426,0.02404003944805052,0.22010426
248,0.22010426,0.02404003944805052,0.22010426
249,0.12015318,-0.07588350243339856,0.12015318
250,0.12015318,-0.07588350243339856,0.12015318
251,0.12015318,-0.07588350243339856,0.12015318
252,0.12015318,-0.07588350243339856,0.12015318
253,0.12015318,-0.07588350243339856,0.12015318
254,0.20564875,-0.0671584451746422,0.20564875
255,0.20564875,-0.0671584451746422,0.20564875
256,0.3775752,0.04746266016557809,0.3775752
257,0.3775752,0.04746266016557809,0.3775752
258,0.23115289,-0.017310491626647936,0.23115289
259,0.21387413,-0.029052505996553957,0.21387413
260,0.25433156,0.2934188222587866,0.25433156
261,0.25433156,0.2934188222587866,0.25433156
262,0.14520273,-0.008751121693165914,0.14520273
263,0.12600926,-0.02915488234973687,0.12600926
264,0.12600926,-0.10431485093276005,0.12600926
265,0.12600926,-0.10431485093276005,0.12600926
266,0.12600926,-0.10431485093276005,0.12600926
267,0.46668157,0.20822193157502308,0.46668157
268,0.18050657,0.0309653335062916,0.18050657
269,0.11930608,-0.14550254885359756,0.11930608
270,0.11930608,-0.14550254885359756,0.11930608
271,0.11930608,-0.14550254885359756,0.11930608
272,0.11930608,-0.14550254885359756,0.11930608
273,0.11930608,-0.14550254885359756,0.11930608
274,0.14300883,-0.09204919887594892,0.14300883
275,0.29442257,0.10006370969415881,0.29442257
276,0.13762374,-0.04161618418023827,0.13762374
277,0.13762374,-0.07927771071451736,0.13762374
278,0.19089507,-0.07251417563248487,0.19089507
279,0.19089507,-0.07251417563248487,0.19089507
280,0.19089507,-0.07251417563248487,0.19089507
281,0.19089507,-0.07251417563248487,0.19089507
282,0.19089507,-0.11489233508492641,0.19089507
283,0.15063906,-0.02754044021784211,0.15063906
284,0.26520348,0.031619686022058315,0.26520348
285,0.23924245,0.05962578174800721,0.23924245
286,0.22599928,0.08053154101084083,0.22599928
287,0.22599928,0.08053154101084083,0.22599928
288,0.14631896,-0.10201926364467824,0.14631896
289,0.14631896,-0.022454094414518743,0.14631896
290,0.13847263,0.004232038924532616,0.13847263
291,0.13847263,0.004232038924532616,0.13847263
292,0.13847263,0.004232038924532616,0.13847263
293,0.35606024,-0.09012364908713227,0.35606024
294,0.11145379,-0.1577695427340226,0.11145379
295,0.25949675,0.04167710598777251,0.25949675
296,0.21766904,0.012501611427921338,0.21766904
297,0.17366543,-0.07540232775784592,0.17366543
298,0.15426332,-0.10534890239025065,0.15426332
299,0.15426332,-0.10534890239025065,0.15426332
300,0.15426332,-0.10534890239025065,0.15426332
301,0.20739563,-0.02129224878249284,0.20739563
302,0.20739563,-0.02129224878249284,0.20739563
303,0.20739563,-0.02129224878249284,0.20739563
304,0.20739563,-0.02129224878249284,0.20739563
305,0.20739563,-0.02129224878249284,0.20739563
306,0.19224769,-0.07453025465267504,0.19224769
307,0.19224769,-0.07453025465267504,0.19224769
308,0.18535331,-0.05426172970714679,0.18535331
309,0.18513907,-0.0214948297517596,0.18513907
310,0.18513907,0.029259839565258457,0.18513907
311,0.18513907,-0.0214948297517596,0.18513907
312,0.18513907,0.029259839565258457,0.18513907
313,0.22993799,0.05151286366700683,0.22993799
314,0.22993799,0.05151286366700683,0.22993799
315,0.22993799,0.05151286366700683,0.22993799
316,0.1863811,0.010878334634781318,0.1863811
317,0.32311168,0.220729038134983,0.32311168
318,0.32311168,0.220729038134983,0.32311168
319,0.45439577,0.13199674890578458,0.45439577
320,0.45439577,0.13199674890578458,0.45439577
321,0.46556568,0.18063899927585197,0.46556568
322,0.46556568,0.18063899927585197,0.46556568
323,0.20778367,-0.021390908976165236,0.20778367
324,0.21564433,0.12746516781733938,0.21564433
325,0.21564433,0.12746516781733938,0.21564433
326,0.21564433,0.12746516781733938,0.21564433
327,0.21564433,0.12746516781733938,0.21564433
328,0.17263988,-0.06680807998630509,0.17263988
329,0.15842113,-0.07413115919972567,0.15842113
330,0.08414262,-0.1103720509711187,0.08414262
331,0.08327172,-0.12185020719057504,0.08327172
332,0.10742482,-0.11815897221368055,0.10742482
333,0.16077545,-0.036852647615462586,0.16077545
334,0.16077545,-0.036852647615462586,0.16077545
335,0.1738839,-0.05409153211452399,0.1738839
336,0.13000084,-0.01590050349809539,0.13000084
337,0.13668826,-0.029708031500541014,0.13668826
338,0.13668826,-0.029708031500541014,0.13668826
339,0.13668826,-0.029708031500541014,0.13668826
340,0.13668826,-0.029708031500541014,0.13668826
341,0.17661089,0.025599780209322843,0.17661089
342,0.18806443,-0.02073351872729494,0.18806443
343,0.123641446,-0.19111130926927122,0.123641446
344,0.2229226,0.05270667778143365,0.2229226
345,0.2229226,0.05270667778143365,0.2229226
346,0.2229226,0.05270667778143365,0.2229226
347,0.22899836,0.06387673648801792,0.22899836
348,0.22899836,0.06387673648801792,0.22899836
349,0.17123246,-0.0885151555145185,0.17123246
350,0.12192556,-0.07084950531983375,0.12192556
351,0.1351993,-0.02026897893883589,0.1351993
352,0.1351993,-0.02026897893883589,0.1351993
353,0.1351993,-0.12079542854711864,0.1351993
354,0.18153732,-0.002440316707460733,0.18153732
355,0.13536064,-0.026571023846341912,0.13536064
356,0.17298001,-0.02438831183761944,0.17298001
357,0.19357336,-0.0011712103834888707,0.19357336
358,0.19357336,-0.0011712103834888707,0.19357336
359,0.16812624,-0.10032575684691604,0.16812624
360,0.32682717,0.08640720181534152,0.32682717
361,0.092961326,-0.12786529318813936,0.092961326
362,0.08688846,-0.13255444002735206,0.08688846
363,0.08688846,-0.13255444002735206,0.08688846
364,0.12773097,-0.06833464699366618,0.12773097
365,0.12773097,-0.06833464699366618,0.12773097
366,0.27812153,-1.2976513623661878e-05,0.27812153
367,0.15303051,-0.021143771488114978,0.15303051
368,0.07337905,-0.16759425470643965,0.07337905
369,0.1280445,-0.11098071631749828,0.1280445
370,0.12757237,-0.09258228823940468,0.12757237
371,0.10467927,-0.17555539955241367,0.10467927
372,0.10467927,-0.17555539955241367,0.10467927
373,0.10330129,-0.1150160564185547,0.10330129
374,0.10330129,-0.1150160564185547,0.10330129
375,0.14782321,-0.06404233487100805,0.14782321
376,0.111691065,-0.03584883398704249,0.111691065
377,0.14828181,0.056645306036102544,0.14828181
378,0.14828181,0.056645306036102544,0.14828181
379,0.13731785,0.032720847073261644,0.13731785
380,0.14108504,-0.04794483930501295,0.14108504
381,0.1649713,-0.1378203022754227,0.1649713
382,0.12313074,-0.07809698799923562,0.12313074
383,0.4468956,-0.039458929489650456,0.4468956
384,0.4468956,-0.039458929489650456,0.4468956
385,0.4468956,-0.039458929489650456,0.4468956
386,0.23973949,0.18906707626831265,0.23973949
387,0.23973949,0.18906707626831265,0.23973949
388,0.23973949,0.18906707626831265,0.23973949
389,0.14688942,-0.04197175845737755,0.14688942
390,0.14688942,-0.04197175845737755,0.14688942
391,0.14688942,-0.04197175845737755,0.14688942
392,0.15417254,-0.1954702341520145,0.15417254
393,0.15417254,-0.1954702341520145,0.15417254
394,0.15417254,-0.1954702341520145,0.15417254
395,0.13996291,-0.18518988334733405,0.13996291
396,0.13996291,-0.18518988334733405,0.13996291
397,0.13996291,-0.18518988334733405,0.13996291
398,0.28314996,0.07979958071990817,0.28314996
399,0.28314996,0.07979958071990817,0.28314996
400,0.28314996,0.07979958071990817,0.28314996
401,0.34641278,0.2162853064899772,0.34641278
402,0.34641278,0.2162853064899772,0.34641278
403,0.34641278,0.2162853064899772,0.34641278
404,0.11758149,-0.18918395669817065,0.11758149
405,0.11758149,-0.18918395669817065,0.11758149
406,0.11758149,-0.18918395669817065,0.11758149
407,0.16878973,-0.07374955037534928,0.16878973
408,0.16878973,-0.07374955037534928,0.16878973
409,0.19758001,0.015421219833947225,0.19758001
410,0.116900876,0.07960047682137768,0.116900876
411,0.2014366,-0.022331738856847094,0.2014366
412,0.21800517,-0.017395300462520177,0.21800517
413,0.35057122,0.114475604698245,0.35057122
414,0.15051988,-0.03329357940967871,0.15051988
415,0.18461937,-0.06763183343355426,0.18461937
416,0.21288453,-0.10583369279219729,0.21288453
417,0.1736387,0.03940844658254866,0.1736387
418,0.1736387,0.03940844658254866,0.1736387
419,0.20314832,0.05285725226491132,0.20314832
420,0.20314832,-0.04146028995505226,0.20314832
421,0.10852982,-0.14115701143806267,0.10852982
422,0.31891444,0.17783300201892419,0.31891444
423,0.115756005,-0.06828623269722636,0.115756005
424,0.115756005,-0.06828623269722636,0.115756005
425,0.115756005,-0.06828623269722636,0.115756005
426,0.1203068,-0.15498356895098667,0.1203068
427,0.1203068,-0.15498356895098667,0.1203068
428,0.1203068,-0.15498356895098667,0.1203068
429,0.13646561,-0.22911692431632827,0.13646561
430,0.2295221,-0.00036782382057177,0.2295221
431,0.20086613,-0.01582398964617203,0.20086613
432,0.14679404,-0.031080041440060813,0.14679404
433,0.14312357,-0.06717151350013337,0.14312357
434,0.14509544,0.008259422906773,0.14509544
435,0.14509544,0.008259422906773,0.14509544
436,0.20972584,-0.07158194807277858,0.20972584
437,0.21634859,0.04287638723206725,0.21634859
438,0.4199207,0.23164602074126656,0.4199207
439,0.4199207,0.23164602074126656,0.4199207
440,0.2802439,0.04887173572000587,0.2802439
441,0.2802439,0.04887173572000587,0.2802439
442,0.41060534,0.14583450034054413,0.41060534
443,0.1359218,-0.05862514581220759,0.1359218
444,0.19030184,-0.16241805849683882,0.19030184
445,0.15607597,0.0508226829106846,0.15607597
446,0.3606673,0.4320684067811253,0.3606673
447,0.3571267,0.042082198683637766,0.3571267
448,0.3179194,0.15249619933940062,0.3179194
449,0.1942649,-0.08846711693569881,0.1942649
450,0.33779123,0.002052729614060844,0.33779123
451,0.26463872,-0.018057841310297022,0.26463872
452,0.40489534,0.07168092385375278,0.40489534
453,0.5230791,-0.03534549392287474,0.5230791
454,0.15621394,-0.08280197564439677,0.15621394
455,0.35898367,-0.003952051538683348,0.35898367
456,0.24820296,0.08438171868973805,0.24820296
457,0.105582505,0.036495416165498014,0.105582505
458,0.16239016,-0.08563434204049579,0.16239016
459,0.088239916,-0.13253847311463599,0.088239916
460,0.31443304,0.18213677149969543,0.31443304
461,0.31443304,0.18213677149969543,0.31443304
462,0.11988177,-0.08654836590360275,0.11988177
463,0.11988177,-0.08654836590360275,0.11988177
464,0.257109,0.13341112023482007,0.257109
465,0.257109,0.13341112023482007,0.257109
466,0.257109,0.13341112023482007,0.257109
467,0.15635084,-0.09738593355918451,0.15635084
468,0.25108704,0.018890272208322904,0.25108704
469,0.21128875,0.0042309160738494365,0.21128875
470,0.18565862,-0.066522919162693,0.18565862
471,0.18565862,-0.09504731993895282,0.18565862
472,0.20614065,-0.15404636790970672,0.20614065
473,0.23211932,0.16139442588396646,0.23211932
474,0.1591653,-0.026523478652231747,0.1591653
475,0.1272917,-0.18551425803000146,0.1272917
476,0.2254863,0.05779445960236656,0.2254863
477,0.17451413,-0.004283217696263051,0.17451413
478,0.2824852,0.14250822112521566,0.2824852
479,0.29999787,0.10542190070395183,0.29999787
480,0.24810295,0.1570693735810986,0.24810295
481,0.18058334,-0.028482264135809093,0.18058334
482,0.102574885,-0.025510979872157297,0.102574885
483,0.17641811,-0.009704577686113372,0.17641811
484,0.20454307,-0.03257512348999938,0.20454307
485,0.20454307,-0.03257512348999938,0.20454307
486,0.24029914,0.14662662997942028,0.24029914
487,0.13114762,-0.02224744567549068,0.13114762
488,0.09206518,-0.11863085347165196,0.09206518
489,0.22240263,0.03428094394499621,0.22240263
490,0.14131577,-0.10979321763759234,0.14131577
491,0.3124322,0.13438527288922886,0.3124322
492,0.33464321,0.11129575211480408,0.33464321
493,0.22959746,0.037657913021867315,0.22959746
494,0.26800674,0.07847006578301986,0.26800674
495,0.16263898,-0.04785871451025855,0.16263898
496,0.22931795,0.02730895197461052,0.22931795
497,0.16676587,-0.038256011791280874,0.16676587
498,0.16836932,-0.04695032046065396,0.16836932
499,0.17764318,0.014210989361687094,0.17764318
500,0.17764318,0.014210989361687094,0.17764318
501,0.18521887,-0.03224325488402474,0.18521887
502,0.18521887,-0.03224325488402474,0.18521887
503,0.17625614,-0.007542171740217426,0.17625614
504,0.12466611,-0.09126275258468428,0.12466611
505,0.15949492,-0.03471094272881575,0.15949492
506,0.13754436,0.021433864306766297,0.13754436
507,0.21869774,0.04550995281604649,0.21869774
508,0.1593517,0.049254072686685114,0.1593517
509,0.15111747,-0.08398585285615544,0.15111747
510,0.19020866,0.02654295808812644,0.19020866
511,0.19020866,0.02654295808812644,0.19020866
512,0.10852982,-0.14115701143806267,0.10852982
513,0.2090207,0.02028195744820158,0.2090207
514,0.15334937,-0.048852986363024625,0.15334937
515,0.12409796,-0.09750515508019551,0.12409796
516,0.12409796,-0.09750515508019551,0.12409796
517,0.1665819,-0.07347507495529823,0.1665819
518,0.3562739,-0.0707879609781914,0.3562739
519,0.3516834,0.04502791328782275,0.3516834
520,0.098943196,-0.012932929360633628,0.098943196
521,0.098943196,-0.012932929360633628,0.098943196
522,0.26704004,0.009560147461947586,0.26704004
523,0.312051,0.040906916061452456,0.312051
524,0.17992961,-0.02083062941327078,0.17992961
525,0.17992961,-0.02083062941327078,0.17992961
526,0.24742563,0.09936696228474885,0.24742563
527,0.120923094,0.0826290247914179,0.120923094
528,0.12850368,-0.054002799438619485,0.12850368
529,0.12431447,-0.10916657543372724,0.12431447
530,0.13031827,0.04544811188134651,0.13031827
531,0.16842632,0.06639922188587641,0.16842632
532,0.17022444,-0.037539948933952204,0.17022444
533,0.17022444,-0.037539948933952204,0.17022444
534,0.24718335,0.10071887531193804,0.24718335
535,0.31293067,0.13176727729261029,0.31293067
536,0.33066162,0.15943354356873177,0.33066162
537,0.31076062,0.07568680698730416,0.31076062
538,0.3099987,0.08537679305601906,0.3099987
539,0.3099987,0.06559859637335393,0.3099987
540,0.31390816,0.12280528742767284,0.31390816
541,0.31390816,0.12280528742767284,0.31390816
542,0.17797463,-0.04061774475333339,0.17797463
543,0.3487942,0.06277778708006002,0.3487942
544,0.28654954,0.12016169642400236,0.28654954
545,0.3088269,0.08191810441826401,0.3088269
546,0.33191663,0.08972257243246515,0.33191663
547,0.39962992,0.261153675976811,0.39962992
548,0.50548273,0.07376581332680199,0.50548273
549,0.40959325,0.09244606660749839,0.40959325
550,0.3837289,-0.15513744420561384,0.3837289
551,0.18686223,-0.04645018314232387,0.18686223
552,0.24891646,0.07950312946899248,0.24891646
553,0.13485545,-0.10838083241383678,0.13485545
554,0.36141458,-0.0016872401177389145,0.36141458
555,0.39290923,0.0653466358895545,0.39290923
556,0.3149831,0.0693017792839262,0.3149831
557,0.23046745,-0.0049933121111334034,0.23046745
558,0.23046745,-0.0049933121111334034,0.23046745
559,0.1433095,-0.057184467032285274,0.1433095
560,0.21438734,-0.028722103661287426,0.21438734
561,0.22130127,-0.04496505712988743,0.22130127
562,0.2085759,-0.08473896648845253,0.2085759
563,0.26225397,0.08087851101875501,0.26225397
564,0.17491762,-0.040450320659608255,0.17491762
565,0.19638449,0.041399924409876256,0.19638449
566,0.18988423,0.06378048808025115,0.18988423
567,0.18943296,0.04456999511023176,0.18943296
568,0.20397756,0.018519665464493733,0.20397756
569,0.14819622,0.0589275079669755,0.14819622
570,0.2314043,0.018610227987455687,0.2314043
571,0.18889692,-0.019712617099562974,0.18889692
572,0.28566936,0.10178601344340651,0.28566936
573,0.33496183,0.04863443728450192,0.33496183
574,0.3596636,0.07153810196842136,0.3596636
575,0.39212787,-0.11698543948498805,0.39212787
576,0.27227315,0.1122142640991028,0.27227315
577,0.31926638,0.01761946859069135,0.31926638
578,0.32946274,0.15151167500690682,0.32946274
579,0.30511755,0.07269916965217801,0.30511755
580,0.34365377,0.17795427448027015,0.34365377
581,0.32723033,0.044511060189691816,0.32723033
582,0.12592164,-0.031118063233342055,0.12592164
583,0.31869262,0.20578114415989532,0.31869262
584,0.4223712,0.07859264307350203,0.4223712
585,0.46156648,0.12171136623733712,0.46156648
586,0.15328385,-0.11236780113244896,0.15328385
587,0.20160186,-0.014516271699226918,0.20160186
588,0.44222543,0.10209342022485979,0.44222543
589,0.25681546,0.0673993375707173,0.25681546
590,0.18382609,-0.08616745028226819,0.18382609
591,0.18382609,-0.08616745028226819,0.18382609
592,0.27037984,0.0782129180558091,0.27037984
593,0.2605293,-0.004386296729496876,0.2605293
594,0.27149105,0.0972588780875424,0.27149105
595,0.24151671,-0.014322778962513267,0.24151671
596,0.20054069,-0.033129116457914554,0.20054069
597,0.23306113,0.046852032446874005,0.23306113
598,0.13475253,-0.045581342893443476,0.13475253
599,0.13475253,-0.045581342893443476,0.13475253
600,0.17142366,-0.12300384868815252,0.17142366
601,0.17908888,-0.060346771362876236,0.17908888
602,0.18773578,-0.04574589892493197,0.18773578
603,0.17423801,-0.07742064835861655,0.17423801
604,0.24274522,0.042912439526455466,0.24274522
605,0.24274522,0.042912439526455466,0.24274522
606,0.18087365,0.06804633421827849,0.18087365
607,0.11230057,-0.08607059647640095,0.11230057
608,0.13926019,-0.06333717557022112,0.13926019
609,0.12931623,-0.03319329059507579,0.12931623
610,0.121938884,-0.07790889777254682,0.121938884
611,0.12580903,-0.03720301355286588,0.12580903
612,0.1471946,-0.004414611156203886,0.1471946
613,0.18685822,-0.03360652724564346,0.18685822
614,0.18685822,-0.03360652724564346,0.18685822
615,0.124373764,-0.13451926285269408,0.124373764
616,0.15053718,-0.11191246508554645,0.15053718
617,0.15053718,-0.12863161281922098,0.15053718
618,0.114780076,-0.1067713268594228,0.114780076
619,0.114780076,-0.1067713268594228,0.114780076
620,0.18413344,-0.020998374436232443,0.18413344
621,0.18413344,-0.020998374436232443,0.18413344
622,0.09923249,-0.05069880974206404,0.09923249
623,0.2231259,0.06136777135379046,0.2231259
624,0.22663954,0.028281558386879437,0.22663954
625,0.18690379,0.04834850039586315,0.18690379
626,0.17985815,-0.03606755886454679,0.17985815
627,0.20047715,-0.10448730996915846,0.20047715
628,0.20047715,-0.10448730996915846,0.20047715
629,0.12979542,-0.16350842939370297,0.12979542
630,0.25416577,0.11815116186277068,0.25416577
631,0.19550665,-0.045007697988705166,0.19550665
632,0.17207201,-0.026630107026949547,0.17207201
633,0.27414936,0.06020003113240239,0.27414936
634,0.11452122,-0.11581256350602118,0.11452122
635,0.24003455,0.06054274337647604,0.24003455
636,0.12960337,-0.06048206577575769,0.12960337
637,0.12916863,-0.1266018287264068,0.12916863
638,0.20708513,-0.006191870308870148,0.20708513
639,0.09711653,-0.1671673107595089,0.09711653
640,0.10444894,-0.24432118110803017,0.10444894
641,0.2655724,0.3300119985327062,0.2655724
642,0.18423028,-0.03719520683932923,0.18423028
643,0.18423028,-0.03719520683932923,0.18423028
644,0.12765495,-0.08401866726205273,0.12765495
645,0.12765495,-0.08401866726205273,0.12765495
646,0.21021834,0.009437016432195229,0.21021834
647,0.15876485,-0.11901597813125221,0.15876485
648,0.22254173,0.02190773582528127,0.22254173
649,0.20644043,0.005444339768637673,0.20644043
650,0.20644043,0.005444339768637673,0.20644043
651,0.26722658,0.10612282751576932,0.26722658
652,0.14149569,-0.0626550182371633,0.14149569
653,0.2676662,0.04090437789928545,0.2676662
654,0.15366054,-0.04185165089763557,0.15366054
655,0.21182013,-0.026945588123055947,0.21182013
656,0.1346225,-0.019298666336272915,0.1346225
657,0.1346225,-0.019298666336272915,0.1346225
658,0.22041038,0.16402788433774784,0.22041038
659,0.22041038,0.16402788433774784,0.22041038
660,0.1318881,-0.08810377024325565,0.1318881
661,0.13623238,-0.057509983944295115,0.13623238
662,0.13154304,0.00017462699775805867,0.13154304
663,0.1510255,-0.0427358455843217,0.1510255
664,0.13030323,-0.09903360289178234,0.13030323
665,0.11414787,0.018857917561736288,0.11414787
666,0.103997536,0.0749027415574486,0.103997536
667,0.19114587,-0.029934208101448423,0.19114587
668,0.104025126,-0.2597065836603342,0.104025126
669,0.16421679,-0.04281146401209078,0.16421679
670,0.18876746,0.027070701941507555,0.18876746
671,0.20272756,0.025125447179328755,0.20272756
672,0.2403503,0.020854777282012855,0.2403503
673,0.11187564,-0.10640267446115641,0.11187564
674,0.1903564,-0.10498833336891113,0.1903564
675,0.15640096,-0.06291134525410813,0.15640096
676,0.18794887,-0.0213562788465666,0.18794887
677,0.1571222,-0.07443258402067286,0.1571222
678,0.15601295,-0.01835287827944473,0.15601295
679,0.12404157,-0.14748500670497214,0.12404157
680,0.07274035,0.022624782430368452,0.07274035
681,0.15539715,-0.06067861658766507,0.15539715
682,0.15897545,-0.08020822718660907,0.15897545
683,0.17947204,-0.07646442894190139,0.17947204
684,0.1657081,-0.04586949480797732,0.1657081
685,0.11464583,1.3819400309916059e-05,0.11464583
686,0.20007095,0.04783849251612476,0.20007095
687,0.22729726,0.02286591952202205,0.22729726
688,0.16691814,-0.026773587376285452,0.16691814
689,0.23386224,0.016280325487920376,0.23386224
690,0.21172655,-0.031696010076238006,0.21172655
691,0.19176438,-0.022965878749813207,0.19176438
692,0.17644748,-0.050375730737571345,0.17644748
693,0.23230182,0.05740850801443577,0.23230182
694,0.2320873,-0.01901450271589773,0.2320873
695,0.25072882,0.11493371765208106,0.25072882
696,0.29733467,0.15261349661230353,0.29733467
697,0.14446521,-0.018455487730476238,0.14446521
698,0.22189322,0.04717083393588855,0.22189322
699,0.2094296,-0.020716448586420456,0.2094296
700,0.21111467,-0.0216845200478406,0.21111467
701,0.23702466,0.14309466783227323,0.23702466
702,0.2762949,0.10084320693796839,0.2762949
703,0.16579366,-0.021400451663257176,0.16579366
704,0.16777866,-0.0260602527373745,0.16777866
705,0.15732764,-0.09898394945752664,0.15732764
706,0.12457725,-0.21355437278955147,0.12457725
707,0.15092432,-0.10239958835972977,0.15092432
708,0.20065595,-0.09336738645917146,0.20065595
709,0.15704595,-0.046687567117898274,0.15704595
710,0.26526538,0.15526877422942623,0.26526538
711,0.12865263,-0.17361490067709953,0.12865263
712,0.19190505,-0.06144825587181013,0.19190505
713,0.1644192,-0.060476154583828705,0.1644192
714,0.38185072,0.08237157393185486,0.38185072
715,0.15868856,0.06305591466702512,0.15868856
716,0.24940568,0.07277008001976526,0.24940568
717,0.1676939,-0.044454521805708996,0.1676939
718,0.15937962,-0.04566187008284915,0.15937962
719,0.14359868,-0.0608589364222102,0.14359868
720,0.12528034,-0.13868583184816455,0.12528034
721,0.12748986,-0.12095137898746468,0.12748986
722,0.12125063,-0.0958248946980772,0.12125063
723,0.12125063,-0.0958248946980772,0.12125063
724,0.1349149,-0.03940053230792595,0.1349149
725,0.18791355,-0.006568074513807662,0.18791355
726,0.1242618,-0.24106525847717428,0.1242618
727,0.14896871,-0.019253440381528222,0.14896871
728,0.20559739,-0.0516426771942871,0.20559739
729,0.3488489,-0.06262423390438991,0.3488489
730,0.3102048,0.10184561995876665,0.3102048
731,0.1289127,-0.008709555557036322,0.1289127
732,0.14103556,-0.021993286197092392,0.14103556
733,0.22936244,-0.001236372229732172,0.22936244
734,0.11419195,-0.1708190210890418,0.11419195
735,0.102238856,-0.09500613979612556,0.102238856
736,0.14635494,-0.08519041580608613,0.14635494
737,0.18381464,-0.09253802821638243,0.18381464
738,0.19141625,-0.026324907869207905,0.19141625
739,0.1073901,-0.15055684085329343,0.1073901
740,0.06614072,-0.18191930678211482,0.06614072
741,0.18028826,-0.033643097708208905,0.18028826
742,0.17489207,-0.10179536254752282,0.17489207
743,0.21415147,0.045809854272782384,0.21415147
744,0.13153325,-0.06971732847189935,0.13153325
745,0.21583405,-0.13927912966422634,0.21583405
746,0.13714673,-0.01336187441676948,0.13714673
747,0.1883338,-0.052884866990039636,0.1883338
748,0.097607106,0.06859665232872555,0.097607106
749,0.17124268,-0.07743623817352652,0.17124268
750,0.33904806,0.1507597254509346,0.33904806
751,0.26444262,0.07742537603531358,0.26444262
752,0.34795704,0.1270896933155376,0.34795704
753,0.2539186,0.06383463538899556,0.2539186
754,0.24668837,0.012037111596552946,0.24668837
755,0.27774623,0.0367332095615135,0.27774623
756,0.20523578,0.042948763451500234,0.20523578
757,0.3268464,0.1559714576646026,0.3268464
758,0.21762855,0.04782909056409142,0.21762855
759,0.31084096,0.09143589055678925,0.31084096
760,0.17336333,-0.036300781222880225,0.17336333
761,0.17336333,-0.06727886409433839,0.17336333
762,0.15120147,-0.01336575682872098,0.15120147
763,0.15120147,-0.03741454497507208,0.15120147
764,0.16034545,-0.10020928006348616,0.16034545
765,0.15288831,0.006705600033585363,0.15288831
766,0.15250067,-0.01394317633410236,0.15250067
767,0.31998384,0.2128971872199602,0.31998384
768,0.21077587,-0.053694231657423375,0.21077587
769,0.3161847,0.16778242487391323,0.3161847
770,0.16076139,-0.04187967443564989,0.16076139
771,0.17110756,0.05977779589315911,0.17110756
772,0.2751058,0.0663353094141002,0.2751058
773,0.25864068,0.08385210190589422,0.25864068
774,0.25833762,0.13158032263787692,0.25833762
775,0.26783186,0.06953529535734129,0.26783186
776,0.23413676,0.01001430733279722,0.23413676
777,0.35315332,0.13915057091065433,0.35315332
778,0.29696292,0.20532020961979958,0.29696292
779,0.07503205,-0.13026660435343398,0.07503205
780,0.22030598,-0.012765285070547775,0.22030598
781,0.08806504,-0.07800149229973383,0.08806504
782,0.123976335,-0.10380558792794235,0.123976335
783,0.21402113,0.04111865411692068,0.21402113
784,0.39978558,0.08216200195065207,0.39978558
785,0.38791677,-0.030794706751872878,0.38791677
786,0.47001442,-0.07961477341629128,0.47001442
787,0.3149318,0.21543496732008147,0.3149318
788,0.26291206,0.05715409174916681,0.26291206
789,0.09623185,0.0010086246944588876,0.09623185
790,0.1823635,-0.062312928933448516,0.1823635
791,0.17936572,-0.0915842151238155,0.17936572
792,0.17234387,-0.07016369415136588,0.17234387
793,0.19583477,-0.053032544597276174,0.19583477
794,0.2606582,0.06034920102686139,0.2606582
795,0.28620532,0.09125345073098477,0.28620532
796,0.15724285,-0.048347852818296976,0.15724285
797,0.32018557,0.0978049036137662,0.32018557
798,0.26763666,0.15615908975842685,0.26763666
799,0.3946759,0.121706425538263,0.3946759
800,0.28990015,0.13664954690076894,0.28990015
801,0.514681,0.10797952365750936,0.514681
802,0.44486812,0.07830188243023291,0.44486812
803,0.43099117,-0.03402679980187604,0.43099117
804,0.34877473,0.20774608561327712,0.34877473
805,0.29622447,0.14343837655686734,0.29622447
806,0.35799435,0.17962946007913697,0.35799435
807,0.36051002,0.1207636907995913,0.36051002
808,0.18416992,-0.06861772803233383,0.18416992
809,0.2728181,0.11454450490446227,0.2728181
810,0.18735012,0.006174284135697606,0.18735012
811,0.3771036,0.07110427135283504,0.3771036
812,0.38866198,0.0597327065145213,0.38866198
813,0.3147909,0.0951781356865248,0.3147909
814,0.33758742,0.007154757597516096,0.33758742
815,0.44224155,0.11316708971759214,0.44224155
816,0.2995645,0.03180948062051161,0.2995645
817,0.13871254,-0.04796921120047643,0.13871254
818,0.15469728,-0.0010640356837355392,0.15469728
819,0.1458311,-0.07823515736706228,0.1458311
820,0.13747746,-0.07455694492736038,0.13747746
821,0.09687254,-0.1250442522863857,0.09687254
822,0.16607076,-0.06332609908766135,0.16607076
823,0.30404276,0.14127927598697698,0.30404276
824,0.11865291,-0.10509778101753721,0.11865291
825,0.3962553,0.16855587190080143,0.3962553
826,0.23317382,-0.00014684040127303745,0.23317382
827,0.19286501,-0.04277533086504012,0.19286501
828,0.22005755,-0.008444195079032456,0.22005755
829,0.128413,-0.1085906363265908,0.128413
830,0.17703298,-0.05279016081021186,0.17703298
831,0.26804036,0.058718375722448764,0.26804036
832,0.18363863,0.014164135179156575,0.18363863
833,0.31295547,0.15444165491536224,0.31295547
834,0.10342225,-0.0008803978925574344,0.10342225
835,0.29492798,0.03975775762479791,0.29492798
836,0.13541915,-0.05235639851332694,0.13541915
837,0.23718071,0.053495225117597765,0.23718071
838,0.25917032,0.029493793070619702,0.25917032
839,0.19230531,-0.177038665084027,0.19230531
840,0.2048637,-0.010114086015462875,0.2048637
841,0.27844858,0.14860697602028378,0.27844858
842,0.26756522,-0.021527152542923044,0.26756522
843,0.11024089,-0.22327517393120297,0.11024089
844,0.16090123,0.009484345751277018,0.16090123
845,0.20441173,-0.04690465268516238,0.20441173
846,0.09474859,0.06953794797358502,0.09474859
847,0.09468679,-0.013339739939350245,0.09468679
848,0.19222845,-0.02830881424217973,0.19222845
849,0.20966886,0.037311302149244656,0.20966886
850,0.09380292,-0.06951040978555333,0.09380292
851,0.13116087,0.030878817790037285,0.13116087
852,0.19023299,-0.10024033364510057,0.19023299
853,0.16809334,-0.12433096845255923,0.16809334
854,0.1609261,0.02085500984882313,0.1609261
855,0.29795843,-0.020905434066283,0.29795843
856,0.20583493,0.06031317660536522,0.20583493
857,0.29534242,0.09849876590643773,0.29534242
858,0.23719367,0.10296615012090915,0.23719367
859,0.21999384,-0.07724183638084707,0.21999384
860,0.29179677,0.19254874066268296,0.29179677
861,0.26825497,0.08730133602085044,0.26825497
862,0.31933883,0.050015791392208006,0.31933883
863,0.26754063,0.08735096425959245,0.26754063
864,0.29099798,0.2054421270868746,0.29099798
865,0.19478187,-0.04318896236233239,0.19478187
866,0.19214591,0.02801411973154305,0.19214591
867,0.2716447,0.11214794020209681,0.2716447
868,0.21031575,-0.012481875030432568,0.21031575
869,0.13711031,-0.14544683267097328,0.13711031
870,0.18849698,0.004956629103531332,0.18849698
871,0.16821776,-0.03788397985456228,0.16821776
872,0.3839844,0.07657002104871596,0.3839844
873,0.33683202,0.007589761186979264,0.33683202
874,0.35836244,0.07424964476327868,0.35836244
875,0.44654492,0.07555643814878335,0.44654492
876,0.4611252,-0.03634999404902598,0.4611252
877,0.17584728,-0.05765911520445889,0.17584728
878,0.16438448,-0.07987124833588648,0.16438448
879,0.16196881,-0.02945879009205083,0.16196881
880,0.36854044,0.2197909805229134,0.36854044
881,0.2713171,0.06719495045458418,0.2713171
882,0.34168708,0.11843175029714163,0.34168708
883,0.38075975,0.334087925594801,0.38075975
884,0.3157138,0.07016335607737202,0.3157138
885,0.13722342,-0.10828751179819204,0.13722342
886,0.27670646,0.06350367590883439,0.27670646
887,0.27070993,0.07284041070146186,0.27070993
888,0.34885785,0.3333246340476656,0.34885785
889,0.32653236,0.0024743075695670383,0.32653236
890,0.18301207,-0.10095859076370524,0.18301207
891,0.10986174,-0.2482439503143703,0.10986174
892,0.3810815,0.06897230773888621,0.3810815
893,0.23976918,0.07624460917892935,0.23976918
894,0.25722507,0.09746015662165097,0.25722507
895,0.1293656,-0.14935377590091825,0.1293656
896,0.34854403,0.26123922454696374,0.34854403
897,0.38532034,0.1153462615128832,0.38532034
898,0.2505406,0.021610801147421276,0.2505406
899,0.31689483,0.11079061135101556,0.31689483
900,0.24594478,0.07623545154976166,0.24594478
901,0.4069305,0.26399601088848085,0.4069305
902,0.37673688,0.10607512169743229,0.37673688
903,0.50414324,0.11305816600495128,0.50414324
904,0.35662213,-0.09028325298251554,0.35662213
905,0.30047554,0.04190215449360793,0.30047554
906,0.24271135,0.004200247878022173,0.24271135
907,0.18117625,0.035539271252188254,0.18117625
908,0.22946593,0.014135368871712635,0.22946593
909,0.13348907,-0.041806718072342264,0.13348907
910,0.15472414,-0.09690403881981613,0.15472414
911,0.35771263,0.29166664507085427,0.35771263
912,0.2052111,0.030932660030226454,0.2052111
913,0.13151212,-0.0073841280452676215,0.13151212
914,0.072207145,-0.08205699645553217,0.072207145
915,0.17683795,-0.08469955538921815,0.17683795
916,0.15272026,-0.0465241083276159,0.15272026
917,0.18134174,0.03754027403565867,0.18134174
918,0.19710852,-0.036062021896346025,0.19710852
919,0.23076163,-0.03445444221274755,0.23076163
920,0.10755679,-0.002448660201267956,0.10755679
921,0.10711198,-0.140328529099395,0.10711198
922,0.1444533,-0.14790124266446894,0.1444533
923,0.17778324,-0.03509491379613115,0.17778324
924,0.14811075,-0.02819824038189743,0.14811075
925,0.17659536,-0.04741224715242571,0.17659536
926,0.37756482,0.37138930084477073,0.37756482
927,0.09677207,-0.07517919459503766,0.09677207
928,0.13129424,-0.01800426366947532,0.13129424
929,0.12607458,-0.07556646059812307,0.12607458
930,0.17564176,-0.13821749019459928,0.17564176
931,0.50742644,0.0728019455564832,0.50742644
932,0.33523867,0.11513381169588473,0.33523867
933,0.26914543,0.1928725157154412,0.26914543
934,0.22226939,0.1009359367156239,0.22226939
935,0.26997957,0.09019782707807851,0.26997957
936,0.38279983,0.20960017727468752,0.38279983
937,0.28215727,0.09467782454009273,0.28215727
938,0.47751412,0.007477473625898352,0.47751412
939,0.3604457,0.13855876604119963,0.3604457
940,0.2428142,0.06012096393516635,0.2428142
941,0.23007509,0.04828445719088195,0.23007509
942,0.08937636,-0.22039398087267964,0.08937636
943,0.28606665,0.017149757446542357,0.28606665
944,0.3029654,-0.11145957289089876,0.3029654
945,0.2306764,-0.018655877467943168,0.2306764
946,0.25479564,-0.00866989857861862,0.25479564
947,0.113119185,0.05977023578129769,0.113119185
948,0.19342771,-0.014250649597302805,0.19342771
949,0.16323154,-0.07449760674771495,0.16323154
950,0.392725,0.017462443666335897,0.392725
951,0.4040072,0.025089003944507,0.4040072
952,0.49520633,0.09759922500413556,0.49520633
953,0.29104277,0.25619855026003296,0.29104277
954,0.24549046,0.10070187245658445,0.24549046
955,0.17819874,0.025448761346591887,0.17819874
956,0.16475077,0.10356457188711489,0.16475077
957,0.15617672,0.0578517771584158,0.15617672
958,0.17142767,0.04926322498819708,0.17142767
959,0.19975135,0.00120369489330629,0.19975135
960,0.17476055,-0.02306513057298619,0.17476055
961,0.13990068,-0.0566620065179706,0.13990068
962,0.14287773,-0.1909934288375241,0.14287773
963,0.16169843,-0.0638671932573009,0.16169843
964,0.13658053,0.028612215182099207,0.13658053
965,0.13658053,0.028612215182099207,0.13658053
966,0.15584902,-0.04371617235615428,0.15584902
967,0.124035284,-0.18432878315768397,0.124035284
968,0.18247262,-0.13569213353973036,0.18247262
969,0.12614055,-0.044783580402192484,0.12614055
970,0.63145137,0.18634854136357018,0.63145137
971,0.11202236,-0.14064681258732237,0.11202236
972,0.62223834,0.3100386011393036,0.62223834
973,0.12069445,-0.035332723508840896,0.12069445
974,0.12760915,-0.009998102107088073,0.12760915
975,0.08286786,0.15864401645741077,0.08286786
976,0.14451136,-0.0733196089452641,0.14451136
977,0.2213304,-0.05668186058853647,0.2213304
978,0.17408636,0.01512735266927072,0.17408636
979,0.20883474,-0.029741502874739267,0.20883474
980,0.17503703,-0.1233502198517201,0.17503703
981,0.15031768,-0.07743676213491735,0.15031768
982,0.15296744,-0.061403746389670465,0.15296744
983,0.28068942,0.12267571898780633,0.28068942
984,0.09985095,0.023033176707758396,0.09985095
985,0.14247136,-0.22748597045460794,0.14247136
986,0.1327368,-0.005497584735010786,0.1327368
987,0.19308639,-0.08960099141046703,0.19308639
988,0.11216983,-0.2226583125348927,0.11216983
989,0.17279355,-0.11507023849317605,0.17279355
990,0.09133939,-0.12531273855587066,0.09133939
991,0.28075135,0.11606253747300192,0.28075135
992,0.1943773,-0.047838816582308645,0.1943773
993,0.15342356,-0.17402648518117395,0.15342356
994,0.093421586,-0.006600946082702495,0.093421586
995,0.14341722,-0.07160056945030036,0.14341722
996,0.23419224,-0.0017324436258785453,0.23419224
997,0.23187877,-0.08809546587792925,0.23187877
998,0.15742637,-0.026507339359465927,0.15742637
999,0.118657686,-0.18648365452397372,0.118657686
1000,0.07967852,-0.032264742963756476,0.07967852
1001,0.091723494,-0.23626878844638813,0.091723494
1002,0.15875933,-0.0044177710404244615,0.15875933
1003,0.18865187,-0.0497573984865205,0.18865187
1004,0.16515334,-0.01611896966556476,0.16515334
1005,0.1230779,-0.1361776895591417,0.1230779
1006,0.11382542,-0.22252164553436096,0.11382542
1007,0.10846969,0.04874592738213834,0.10846969
1008,0.071515776,-0.07495825624227012,0.071515776
1009,0.19920869,0.04881482969740334,0.19920869
1010,0.09516259,-0.014877063780912273,0.09516259
1011,0.16851953,-0.02306307239119231,0.16851953
1012,0.16232826,-0.029531022348425244,0.16232826
1013,0.22375387,0.11982220013836721,0.22375387
1014,0.22756709,0.13250732852891786,0.22756709
1015,0.15551963,-0.20763623705429918,0.15551963
1016,0.32576331,0.22805556393462786,0.32576331
1017,0.25770274,0.15399800920404214,0.25770274
1018,0.31571734,0.18633912226926752,0.31571734
1019,0.21006851,-0.025114007408230526,0.21006851
1020,0.09367216,-0.20862714009025846,0.09367216
1021,0.19390075,-0.03380818894087835,0.19390075
1022,0.2510936,-0.023988373922833678,0.2510936
1023,0.25548667,0.1784037146913639,0.25548667
1024,0.20903613,0.021598827584977023,0.20903613
1025,0.18023673,-0.1529831005584346,0.18023673
1026,0.18542606,-0.049582872814664655,0.18542606
1027,0.37321356,0.07024424890648515,0.37321356
1028,0.21268883,-0.049903895075269954,0.21268883
1029,0.16579278,-0.013829317275344597,0.16579278
1030,0.109817356,-0.2489466404951667,0.109817356
1031,0.12373918,-0.17215181422427384,0.12373918
1032,0.15740657,-0.05010708857419916,0.15740657
1033,0.15224986,-0.033715880122569125,0.15224986
1034,0.21862647,-0.018047321217220132,0.21862647
1035,0.18062165,-0.17205052634154416,0.18062165
1036,0.20041156,-0.055272948518989576,0.20041156
1037,0.29100952,0.13751421868909824,0.29100952
1038,0.1628754,0.0017995753154242031,0.1628754
1039,0.21903785,-0.016778202295774786,0.21903785
1040,0.14508061,0.011130625578879507,0.14508061
1041,0.14275663,0.03220471215977638,0.14275663
1042,0.25966236,0.15760414660934766,0.25966236
1043,0.2744964,0.08201312164373255,0.2744964
1044,0.100843094,-0.10853283554685973,0.100843094
1045,0.16335216,-0.07325740115102637,0.16335216
1046,0.19466978,-0.056015867600676776,0.19466978
1047,0.19753426,0.01616778346215012,0.19753426
1048,0.15615016,-0.07325859201108202,0.15615016
1049,0.13881598,-0.0980778591948723,0.13881598
1050,0.20000859,-0.0033627769800984933,0.20000859
1051,0.17614394,0.0329850046698808,0.17614394
1052,0.1424759,-0.12468800599112637,0.1424759
1053,0.35457292,0.25491113843046415,0.35457292
1054,0.3507237,0.17047126740794877,0.3507237
1055,0.13814233,-0.04683739635741073,0.13814233
1056,0.16889976,-0.09654958597311947,0.16889976
1057,0.25936216,0.29471875900436345,0.25936216
1058,0.12683958,-0.20640311662895394,0.12683958
1059,0.1309614,-0.1562817985305951,0.1309614
1060,0.13301542,-0.17386198994241453,0.13301542
1061,0.13523096,-0.16083009076583532,0.13523096
1062,0.13032421,-0.08486015579526136,0.13032421
1063,0.1974457,-0.05524212771681835,0.1974457
1064,0.14247614,-0.05355807573737687,0.14247614
1065,0.22145405,0.08297139323490328,0.22145405
1066,0.11690413,-0.0665174573069743,0.11690413
1067,0.1276182,-0.12171455430076049,0.1276182
1068,0.18432473,-0.1223170603717112,0.18432473
1069,0.29361126,0.11980644037964074,0.29361126
1070,0.096335225,-0.07540665553026774,0.096335225
1071,0.20921108,-0.007596526368538745,0.20921108
1072,0.15655701,-0.06660467438291913,0.15655701
1073,0.24516307,0.07802628307102023,0.24516307
1074,0.119573,-0.07715249349193358,0.119573
1075,0.08163003,0.00853209366188957,0.08163003
1076,0.11508246,-0.09027893684891158,0.11508246
1077,0.28855184,0.01304107227538427,0.28855184
1078,0.15248695,-0.08541146180668532,0.15248695
1079,0.18396708,-0.020623531757979905,0.18396708
1080,0.2034968,-0.007427463954696396,0.2034968
1081,0.12790468,-0.06910974228907589,0.12790468
1082,0.18354306,-0.036792773603973095,0.18354306
1083,0.12557349,-0.05878554294331399,0.12557349
1084,0.18490702,-0.030072395941799987,0.18490702
1085,0.16945861,-0.06853107754032124,0.16945861
1086,0.13655953,-0.03881456577893866,0.13655953
1087,0.10186153,-0.1701376333781885,0.10186153
1088,0.16433914,-0.06831379105923077,0.16433914
1089,0.2702157,0.006166335542712367,0.2702157
1090,0.12383809,-0.09294241831124436,0.12383809
1091,0.1394536,-0.05814562740094087,0.1394536
1092,0.14335622,0.0031708007524268982,0.14335622
1093,0.10676714,-0.2968070510009713,0.10676714
1094,0.18479304,0.010597679739773127,0.18479304
1095,0.26390973,0.08529584625683295,0.26390973
1096,0.20686866,-0.037576607260158226,0.20686866
1097,0.25219867,0.03387019233169274,0.25219867
1098,0.31702998,0.039701512392919,0.31702998
1099,0.24660257,0.08581369982479645,0.24660257
1100,0.2695803,0.00933378755184972,0.2695803
1101,0.24679098,0.07877192487441283,0.24679098
1102,0.28068146,0.10504447426920567,0.28068146
1103,0.27622002,0.10078449826692838,0.27622002
1104,0.23605631,0.0490012462988175,0.23605631
1105,0.17965731,-0.07889432800974709,0.17965731
1106,0.21709196,0.04941874264998031,0.21709196
1107,0.20313261,0.023941519640495356,0.20313261
1108,0.23889324,0.0441043059311796,0.23889324
1109,0.25157937,0.07667683041675218,0.25157937
1110,0.2332053,-0.004199841634709284,0.2332053
1111,0.207562,0.010134316702913813,0.207562
1112,0.24335392,0.06072717223910039,0.24335392
1113,0.20331152,-0.10721257597193415,0.20331152
1114,0.1990298,-0.04821775255117967,0.1990298
1115,0.17402403,-0.11799408423233196,0.17402403
1116,0.25360972,0.11722704520751527,0.25360972
1117,0.16996565,0.032846446463617854,0.16996565
1118,0.23734482,0.02310853590303992,0.23734482
1119,0.16594188,0.0040601235568425015,0.16594188
1120,0.22113912,0.07590890152096229,0.22113912
1121,0.20621799,-0.04272773341684116,0.20621799
1122,0.24529222,0.27498467928884957,0.24529222
1123,0.11871964,0.02568482011981659,0.11871964
1124,0.18964893,-0.05931684727373081,0.18964893
1125,0.20845902,-0.02766461191048563,0.20845902
1126,0.1806623,-0.06952009031488542,0.1806623
1127,0.1674208,-0.06010144255733177,0.1674208
1128,0.17161214,0.033877855945158075,0.17161214
1129,0.23371178,0.06728673818981651,0.23371178
1130,0.19223909,-0.04797206916406071,0.19223909
1131,0.09633325,-0.15329048634304315,0.09633325
1132,0.17953871,-0.08964126882638279,0.17953871
1133,0.13645391,-0.0924862831540175,0.13645391
1134,0.28368977,0.12810139546889007,0.28368977
1135,0.19618483,-0.16877827041345747,0.19618483
1136,0.115655206,-0.33999112146182375,0.115655206
1137,0.11369418,-0.1873798796658708,0.11369418
1138,0.14524889,-0.018649502417201105,0.14524889
1139,0.10997807,0.006120568108431977,0.10997807
1140,0.18726891,-0.12749410862652277,0.18726891
1141,0.14407392,-0.1149443231496189,0.14407392
1142,0.14288133,-0.037949243027636685,0.14288133
1143,0.41853073,0.29132834859861295,0.41853073
1144,0.17550978,-0.12751197656719232,0.17550978
1145,0.121977575,-0.08248249794106222,0.121977575
1146,0.1328392,-0.010255426541540508,0.1328392
1147,0.19233336,0.00019488382652700794,0.19233336
1148,0.19250496,0.01955315965062825,0.19250496
1149,0.18535559,-0.00959131167492571,0.18535559
1150,0.18418887,0.017162361759700005,0.18418887
1151,0.14944877,-0.05947742697538499,0.14944877
1152,0.25979394,0.14936953958750082,0.25979394
1153,0.105123244,-0.08090093041520247,0.105123244
1154,0.18579042,-0.07166483248623097,0.18579042
1155,0.1570861,-0.042795778875834044,0.1570861
1156,0.13896431,-0.0002811623101884181,0.13896431
1157,0.32298964,0.2349448266110598,0.32298964
1158,0.12716551,-0.07494647130992425,0.12716551
1159,0.14103076,-0.09943936350158913,0.14103076
1160,0.13221754,-0.06399739234221233,0.13221754
1161,0.111937046,-0.04012578945713653,0.111937046
1162,0.23165463,-0.10907070124690427,0.23165463
1163,0.2702051,0.07228007803933183,0.2702051
1164,0.16556957,-0.065463608285526,0.16556957
1165,0.13086365,0.06717738214698543,0.13086365
1166,0.13083215,-0.0009975708156766926,0.13083215
1167,0.23854315,-0.073063015350754,0.23854315
1168,0.20264795,-0.03571537618752633,0.20264795
1169,0.25237083,0.16593783277817337,0.25237083
1170,0.20845053,-0.07196050767807233,0.20845053
1171,0.28479376,0.03461521719876762,0.28479376
1172,0.14321616,-0.13409234063753345,0.14321616
1173,0.12791489,-0.11046805890114543,0.12791489
1174,0.08516633,-0.06551869643304166,0.08516633
1175,0.22484927,-0.0447506656000765,0.22484927
1176,0.12841359,-0.008555041266698659,0.12841359
1177,0.13324437,-0.02470859642887866,0.13324437
1178,0.13377565,-0.011182334231604432,0.13377565
1179,0.13469125,-0.04714792646847827,0.13469125
1180,0.0750559,0.012407970363950548,0.0750559
1181,0.15197693,-0.033962589268930164,0.15197693
1182,0.37842566,0.2689724827300891,0.37842566
1183,0.20283902,-0.03781340510684506,0.20283902
1184,0.18742122,0.11805370414832358,0.18742122
1185,0.16219667,0.0013944139871356269,0.16219667
1186,0.24364918,0.041693956451366455,0.24364918
1187,0.10813864,-0.05190206577311138,0.10813864
1188,0.37202996,0.1965138111602286,0.37202996
1189,0.28514674,0.13546392763024245,0.28514674
1190,0.137758,-0.018264619498622722,0.137758
1191,0.16075881,0.00747306187357618,0.16075881
1192,0.14358617,0.007834513350236832,0.14358617
1193,0.14426512,-0.025175083771049617,0.14426512
1194,0.21494219,-0.07465288624835031,0.21494219
1195,0.15708977,-0.07192591839252105,0.15708977
1196,0.20213202,0.003575407148553599,0.20213202
1197,0.17591973,0.06445317718967335,0.17591973
1198,0.18033913,-0.027807459193965624,0.18033913
1199,0.14610003,0.01398587633475603,0.14610003
1200,0.19376808,-0.05546926454061832,0.19376808
1201,0.16571172,-0.02671045539787736,0.16571172
1202,0.15590562,-0.07664048792036612,0.15590562
1203,0.16259684,0.03159512376865454,0.16259684
1204,0.21019547,-0.070937851864455,0.21019547
1205,0.20405482,-0.047794508145848714,0.20405482
1206,0.21603578,0.03353903316592915,0.21603578
1207,0.20112622,-0.05433356415772027,0.20112622
1208,0.22302711,-0.01409793264672365,0.22302711
1209,0.21059936,-0.030797686196995834,0.21059936
1210,0.12961869,-0.20875939307386288,0.12961869
1211,0.21096188,-0.002265646862997785,0.21096188
1212,0.18609862,-0.05020331432318697,0.18609862
1213,0.11659814,0.08391209606124188,0.11659814
1214,0.2692155,0.1299770416603197,0.2692155
1215,0.32656306,0.2430623799242474,0.32656306
1216,0.19588791,-0.0361470118004815,0.19588791
1217,0.22415838,0.0668961245354918,0.22415838
1218,0.318252,0.10972799594490806,0.318252
1219,0.09382434,0.267234662396283,0.09382434
1220,0.09382434,0.2271887740955166,0.09382434
1221,0.09382434,0.267234662396283,0.09382434
1222,0.09382434,0.2271887740955166,0.09382434
1223,0.09382434,-0.0023730577289132137,0.09382434
1224,0.12568207,-0.1693165541536999,0.12568207
1225,0.12568207,-0.15398285270307524,0.12568207
1226,0.12568207,-0.09235857856296137,0.12568207
1227,0.12568207,-0.15398285270307524,0.12568207
1228,0.12568207,-0.27993324475920595,0.12568207
1229,0.12568207,-0.1693165541536999,0.12568207
1230,0.12568207,-0.15398285270307524,0.12568207
1231,0.12568207,-0.1693165541536999,0.12568207
1232,0.12568207,-0.09235857856296137,0.12568207
1233,0.12568207,-0.1693165541536999,0.12568207
1234,0.12568207,-0.15398285270307524,0.12568207
1235,0.10289535,-0.045778326410867334,0.10289535
1236,0.10289535,-0.045778326410867334,0.10289535
1237,0.13611624,-0.10987823899878241,0.13611624
1238,0.13611624,-0.10987823899878241,0.13611624
1239,0.13611624,-0.10987823899878241,0.13611624
1240,0.10688578,-0.0619703901486278,0.10688578
1241,0.17936459,-0.023483179662059532,0.17936459
1242,0.1997285,-0.009465824646895202,0.1997285
1243,0.13002013,-0.007448474089836631,0.13002013
1244,0.124404095,-0.1359855409914262,0.124404095
1245,0.18178064,-0.058065089947210366,0.18178064
1246,0.18178064,-0.058065089947210366,0.18178064
1247,0.18178064,-0.058065089947210366,0.18178064
1248,0.16840632,-0.053856535841616655,0.16840632
1249,0.16840632,-0.04586946465119813,0.16840632
1250,0.13293035,-0.19041337484902662,0.13293035
1251,0.13293035,-0.09167445564384061,0.13293035
1252,0.13293035,-0.19041337484902662,0.13293035
1253,0.13293035,-0.19041337484902662,0.13293035
1254,0.13293035,-0.09310123833623483,0.13293035
1255,0.13293035,-0.18287471471516006,0.13293035
1256,0.13293035,-0.18287471471516006,0.13293035
1257,0.22016945,0.04545425389068487,0.22016945
1258,0.13923511,-0.1368281639194752,0.13923511
1259,0.13923511,-0.06503067750109565,0.13923511
1260,0.0957444,0.11239925457183747,0.0957444
1261,0.15966262,-0.02470456176039293,0.15966262
1262,0.15966262,-0.02470456176039293,0.15966262
1263,0.17156452,-0.10973779322185523,0.17156452
1264,0.17156452,-0.10973779322185523,0.17156452
1265,0.17156452,-0.09748484759859785,0.17156452
1266,0.17156452,-0.09748484759859785,0.17156452
1267,0.17156452,-0.09748484759859785,0.17156452
1268,0.17156452,-0.09748484759859785,0.17156452
1269,0.17156452,-0.09748484759859785,0.17156452
1270,0.17156452,-0.09748484759859785,0.17156452
1271,0.17156452,-0.09748484759859785,0.17156452
1272,0.14876792,-0.07781083283527064,0.14876792
1273,0.1025449,-0.12030511068038298,0.1025449
1274,0.13388851,-0.13437812012284936,0.13388851
1275,0.13388823,-0.06721149499375796,0.13388823
1276,0.17818668,-0.12733999376782695,0.17818668
1277,0.17818668,-0.06399370452214502,0.17818668
1278,0.17818668,-0.06399370452214502,0.17818668
1279,0.17818668,-0.06399370452214502,0.17818668
1280,0.17818668,-0.06399370452214502,0.17818668
1281,0.17818668,-0.06399370452214502,0.17818668
1282,0.17818668,-0.06399370452214502,0.17818668
1283,0.17818668,-0.06399370452214502,0.17818668
1284,0.17818668,-0.06399370452214502,0.17818668
1285,0.17818668,-0.06399370452214502,0.17818668
1286,0.17818668,-0.06399370452214502,0.17818668
1287,0.17818668,-0.07642986561866393,0.17818668
1288,0.17818668,-0.07642986561866393,0.17818668
1289,0.17818668,-0.07642986561866393,0.17818668
1290,0.17705123,-0.0010567787389494628,0.17705123
1291,0.17705123,0.03614132056461943,0.17705123
1292,0.17705123,0.03614132056461943,0.17705123
1293,0.17705123,0.03614132056461943,0.17705123
1294,0.17705123,0.03614132056461943,0.17705123
1295,0.17705123,0.03614132056461943,0.17705123
1296,0.17705123,-0.0010567787389494628,0.17705123
1297,0.17705123,0.03614132056461943,0.17705123
1298,0.17705123,0.03614132056461943,0.17705123
1299,0.17705123,0.03614132056461943,0.17705123
1300,0.17705123,0.03614132056461943,0.17705123
1301,0.16768393,-0.03601498192982373,0.16768393
1302,0.114368424,-0.08935664924577605,0.114368424
1303,0.17408524,-0.00047597732497593075,0.17408524
1304,0.11578951,-0.16843095518373907,0.11578951
1305,0.11391192,-0.02902745523402129,0.11391192
1306,0.11391192,-0.017072331524809418,0.11391192
1307,0.14582282,-0.02676918906533633,0.14582282
1308,0.11247997,-0.16404200181920922,0.11247997
1309,0.1241293,-0.22057230617373932,0.1241293
1310,0.1241293,-0.3761653471099639,0.1241293
1311,0.12300701,-0.2191968749227028,0.12300701
1312,0.12771447,-0.21089090507250416,0.12771447
1313,0.0842608,-0.033388322358843724,0.0842608
1314,0.10424515,-0.10751721871779109,0.10424515
1315,0.10424515,-0.09997855858392453,0.10424515
1316,0.10424515,-0.09997855858392453,0.10424515
1317,0.10424515,-0.09997855858392453,0.10424515
1318,0.10424515,-0.09997855858392453,0.10424515
1319,0.21003091,-0.010566960196590446,0.21003091
1320,0.21003091,-0.0259015106916751,0.21003091
1321,0.21003091,-0.0259015106916751,0.21003091
1322,0.15667121,-0.05600116053889048,0.15667121
1323,0.15667121,-0.11830427050774946,0.15667121
1324,0.12756144,-0.2489972033026192,0.12756144
1325,0.12756144,-0.2489972033026192,0.12756144
1326,0.14688188,-0.06367498358062146,0.14688188
1327,0.14688188,-0.1224583789932349,0.14688188
1328,0.22224148,-0.027262000823869176,0.22224148
1329,0.22224148,-0.027262000823869176,0.22224148
1330,0.11242333,-0.05329380317546277,0.11242333
1331,0.13451917,-0.04047519879120859,0.13451917
1332,0.074630395,-0.019016229680085796,0.074630395
1333,0.14285186,-0.06392942678680616,0.14285186
1334,0.07577947,0.0586313274000314,0.07577947
1335,0.07577947,0.0586313274000314,0.07577947
1336,0.07577848,0.0951558697436951,0.07577848
1337,0.07577848,0.0951558697436951,0.07577848
1338,0.15313537,-0.16647938062953707,0.15313537
1339,0.15313537,-0.16647938062953707,0.15313537
1340,0.14484492,-0.053986626385031614,0.14484492
1341,0.14484492,-0.053986626385031614,0.14484492
1342,0.13682269,-0.07821757263296034,0.13682269
1343,0.13682269,-0.07821757263296034,0.13682269
1344,0.13682269,-0.07821757263296034,0.13682269
1345,0.13682269,-0.07821757263296034,0.13682269
1346,0.13682269,-0.0354510060891646,0.13682269
1347,0.13682269,-0.07821757263296034,0.13682269
1348,0.19244273,-0.13799955788922227,0.19244273
1349,0.19244273,-0.13799955788922227,0.19244273
1350,0.19244273,-0.13799955788922227,0.19244273
1351,0.19244273,-0.13799955788922227,0.19244273
1352,0.19244273,-0.13799955788922227,0.19244273
1353,0.19244273,-0.13730516404706072,0.19244273
1354,0.19244273,-0.13799955788922227,0.19244273
1355,0.23088698,0.12308000259158822,0.23088698
1356,0.13760382,-0.07770419755027175,0.13760382
1357,0.13760382,-0.07770419755027175,0.13760382
1358,0.12695651,-0.08132059040712711,0.12695651
1359,0.19152555,-0.06099031931944094,0.19152555
1360,0.115843154,-0.1844069677127683,0.115843154
1361,0.18529679,-0.06441406340575861,0.18529679
1362,0.18039602,-0.06250179136572062,0.18039602
1363,0.18039602,0.024300279091166156,0.18039602
1364,0.18039602,0.024300279091166156,0.18039602
1365,0.112508625,-0.08867848903160214,0.112508625
1366,0.112508625,-0.08867848903160214,0.112508625
1367,0.09093925,-0.02716009966953535,0.09093925
1368,0.18512198,-0.07311242525152069,0.18512198
1369,0.22027703,-0.006976323766801468,0.22027703
1370,0.24534337,0.10078254636653716,0.24534337
1371,0.24534337,0.10078254636653716,0.24534337
1372,0.10718564,-0.41110473272650927,0.10718564
1373,0.10343482,-0.10724074104492058,0.10343482
1374,0.10343482,-0.10724074104492058,0.10343482
1375,0.21130142,0.015561939317987007,0.21130142
1376,0.21130142,0.015561939317987007,0.21130142
1377,0.2414351,0.025345485521595715,0.2414351
1378,0.11500167,0.05012965747297912,0.11500167
1379,0.15668665,-0.15356562008091199,0.15668665
1380,0.15668665,-0.15927220636059708,0.15668665
1381,0.13330393,-0.039766054557987,0.13330393
1382,0.13330393,-0.039766054557987,0.13330393
1383,0.13330393,-0.039766054557987,0.13330393
1384,0.13330393,-0.039766054557987,0.13330393
1385,0.13330393,-0.039766054557987,0.13330393
1386,0.13330393,-0.039766054557987,0.13330393
1387,0.13330393,-0.039766054557987,0.13330393
1388,0.13330393,-0.039766054557987,0.13330393
1389,0.13330393,-0.039766054557987,0.13330393
1390,0.13330393,-0.039766054557987,0.13330393
1391,0.13330358,-0.06866775953935428,0.13330358
1392,0.13330358,-0.06866775953935428,0.13330358
1393,0.13330358,-0.06866775953935428,0.13330358
1394,0.16827036,-0.07176284269588129,0.16827036
1395,0.2914781,0.16463685799515848,0.2914781
1396,0.105969094,-0.1426558127191356,0.105969094
1397,0.27321413,0.10576840185463876,0.27321413
1398,0.27321354,0.24163256147094395,0.27321354
1399,0.27321354,0.24163256147094395,0.27321354
1400,0.24944319,0.10040083380580825,0.24944319
1401,0.24944319,0.10040083380580825,0.24944319
1402,0.24944319,0.10040083380580825,0.24944319
1403,0.13445845,0.024525328074994288,0.13445845
1404,0.1102367,-0.23289542293049173,0.1102367
1405,0.1102367,-0.14399661228072394,0.1102367
1406,0.1102367,-0.14399661228072394,0.1102367
1407,0.1102367,-0.14399661228072394,0.1102367
1408,0.18267606,-0.05697726796307279,0.18267606
1409,0.18267606,-0.05697726796307279,0.18267606
1410,0.18267606,-0.05697726796307279,0.18267606
1411,0.18267606,-0.05697726796307279,0.18267606
1412,0.2914781,0.04731341626747762,0.2914781
1413,0.105969094,-0.011867480142458267,0.105969094
1414,0.25092724,-0.00919341617046359,0.25092724
1415,0.16919759,-0.17178129340769105,0.16919759
1416,0.23104335,-0.15091589376556977,0.23104335
1417,0.23104335,-0.15091589376556977,0.23104335
1418,0.24589665,0.08784738882333908,0.24589665
1419,0.12735981,-0.03640561295694007,0.12735981
1420,0.2596634,0.08672627779002137,0.2596634
1421,0.1766793,0.11818764557530799,0.1766793
1422,0.1415517,-0.05388337609167311,0.1415517
1423,0.12179446,-0.1721535262146029,0.12179446
1424,0.081070796,-0.00510960941973471,0.081070796
1425,0.07438619,-0.10164824056625607,0.07438619
1426,0.07438619,-0.10164824056625607,0.07438619
1427,0.07438619,-0.10164824056625607,0.07438619
1428,0.07438612,0.05296798407898471,0.07438612
1429,0.07438612,0.05296798407898471,0.07438612
1430,0.07438612,0.05296798407898471,0.07438612
1431,0.07438612,0.05296798407898471,0.07438612
1432,0.07438612,0.05296798407898471,0.07438612
1433,0.07438612,0.05296798407898471,0.07438612
1434,0.2765418,0.062221859158190174,0.2765418
1435,0.1723208,-0.018519542230334574,0.1723208
1436,0.1723208,-0.018519542230334574,0.1723208
1437,0.07283459,-0.07601129767305219,0.07283459
1438,0.07283459,-0.07601129767305219,0.07283459
1439,0.12322887,-0.14390041489926053,0.12322887
1440,0.12322887,-0.14390041489926053,0.12322887
1441,0.11221345,-0.2551174476074463,0.11221345
1442,0.11221345,-0.06853906955728492,0.11221345
1443,0.15441634,-0.11612201724964281,0.15441634
1444,0.09997268,-0.04383386117235291,0.09997268
1445,0.22482161,-0.0553192281954402,0.22482161
1446,0.20407265,-0.05924740055486126,0.20407265
1447,0.14579254,0.00977643443109678,0.14579254
1448,0.16726094,-0.12594764060400107,0.16726094
1449,0.1372314,-0.032888248136615755,0.1372314
1450,0.15477762,-0.0836743778477665,0.15477762
1451,0.22890736,0.07288900499710059,0.22890736
1452,0.22890736,0.07288900499710059,0.22890736
1453,0.22890736,0.08171975115071449,0.22890736
1454,0.22890736,0.07288900499710059,0.22890736
1455,0.22890736,0.07288900499710059,0.22890736
1456,0.22890736,0.07288900499710059,0.22890736
1457,0.22890736,0.07288900499710059,0.22890736
1458,0.1337099,-0.2008879796715092,0.1337099
1459,0.1337099,-0.2008879796715092,0.1337099
1460,0.11326669,-0.06827138556872121,0.11326669
1461,0.11326669,-0.2162030116373862,0.11326669
1462,0.11326669,-0.2162030116373862,0.11326669
1463,0.21675949,0.03256852426772033,0.21675949
1464,0.21675949,0.03256852426772033,0.21675949
1465,0.21675949,-0.08307951419955191,0.21675949
1466,0.21675949,-0.08307951419955191,0.21675949
1467,0.21675949,-0.08307951419955191,0.21675949
1468,0.27377176,0.1473313658817045,0.27377176
1469,0.11288435,-0.0637756291037335,0.11288435
1470,0.22824463,0.06982825338760741,0.22824463
1471,0.17539294,-0.1475911821906601,0.17539294
1472,0.17539294,-0.1475911821906601,0.17539294
1473,0.17539294,-0.1475911821906601,0.17539294
1474,0.17539294,-0.1475911821906601,0.17539294
1475,0.17539294,-0.1475911821906601,0.17539294
1476,0.17539294,-0.1475911821906601,0.17539294
1477,0.17539294,-0.1475911821906601,0.17539294
1478,0.13251822,-0.06666462269231807,0.13251822
1479,0.1138097,-0.08182382408360928,0.1138097
1480,0.14947826,-0.10717337526645922,0.14947826
1481,0.24238738,0.03163176435906904,0.24238738
1482,0.12272978,-0.10113828106135037,0.12272978
1483,0.14023839,-0.016751725151069978,0.14023839
1484,0.2101678,-0.03504519299717441,0.2101678
1485,0.10462732,-0.006172171339220881,0.10462732
1486,0.22649895,-0.06699031111049653,0.22649895
1487,0.16351725,0.024709510971543867,0.16351725
1488,0.13484055,-0.06300934013080384,0.13484055
1489,0.0956629,-0.11085633108824716,0.0956629
1490,0.0956629,-0.11085633108824716,0.0956629
1491,0.0956629,-0.11085633108824716,0.0956629
1492,0.0956629,-0.11085633108824716,0.0956629
1493,0.0956629,-0.11085633108824716,0.0956629
1494,0.09951896,-0.1217344911163557,0.09951896
1495,0.09951896,-0.1217344911163557,0.09951896
1496,0.09951896,-0.1217344911163557,0.09951896
1497,0.09951896,-0.1217344911163557,0.09951896
1498,0.09951896,-0.1217344911163557,0.09951896
1499,0.15238972,-0.006690064434324263,0.15238972
1500,0.10567234,0.05502591580168854,0.10567234
1501,0.23306677,0.015926557712402548,0.23306677
1502,0.14842321,-0.02184558601002201,0.14842321
1503,0.13108003,-0.17029278073215692,0.13108003
1504,0.08750187,-0.04624832313172665,0.08750187
1505,0.10330721,-0.04142416895877867,0.10330721
1506,0.10330721,-0.04142416895877867,0.10330721
1507,0.10330721,-0.044764801155787265,0.10330721
1508,0.18280043,-0.014300751418608787,0.18280043
1509,0.1384468,-0.06909478355919209,0.1384468
1510,0.21669735,0.021530611021966656,0.21669735
1511,0.13164304,-0.06022642623102752,0.13164304
1512,0.17980598,-0.10310538035504226,0.17980598
1513,0.15406409,-0.10125126890544298,0.15406409
1514,0.15406409,-0.10125126890544298,0.15406409
1515,0.15406409,-0.10125126890544298,0.15406409
1516,0.18054032,0.014676325936753764,0.18054032
1517,0.15118262,-0.0027093750907535097,0.15118262
1518,0.15937975,-0.057894734414939406,0.15937975
1519,0.2568235,0.11102916158712918,0.2568235
1520,0.14573123,-0.006856527085881805,0.14573123
1521,0.11434805,0.02425053171280629,0.11434805
1522,0.24123591,0.07747719798501775,0.24123591
1523,0.10775876,-0.018679061560062583,0.10775876
1524,0.14499708,-0.07247571015735377,0.14499708
1525,0.20305526,-0.0669806866423058,0.20305526
1526,0.20305526,-0.0669806866423058,0.20305526
1527,0.20305526,-0.028915352434566735,0.20305526
1528,0.20305526,-0.03796558958474628,0.20305526
1529,0.20305526,-0.0669806866423058,0.20305526
1530,0.20305526,-0.0669806866423058,0.20305526
1531,0.20305526,-0.03796558958474628,0.20305526
1532,0.2391823,0.05893612330690145,0.2391823
1533,0.2391823,-0.013168229017520404,0.2391823
1534,0.21409945,0.014075112804337766,0.21409945
1535,0.19465095,-0.02897494256745044,0.19465095
1536,0.19465095,-0.02897494256745044,0.19465095
1537,0.13663532,0.07558507328047315,0.13663532
1538,0.12707275,0.47433691895004515,0.12707275
1539,0.13083836,0.041935323960463115,0.13083836
1540,0.26303214,0.04021210116751807,0.26303214
1541,0.26303214,0.04021210116751807,0.26303214
1542,0.24211502,0.02162648280093822,0.24211502
1543,0.24211502,0.02162648280093822,0.24211502
1544,0.14426012,-0.10853056677004694,0.14426012
1545,0.14426012,-0.10853056677004694,0.14426012
1546,0.22905564,0.0006245743113456508,0.22905564
1547,0.23152635,0.3130605774673798,0.23152635
1548,0.21556722,0.02645289902049161,0.21556722
1549,0.10352387,-0.13443848392029586,0.10352387
1550,0.17501166,-0.10730484935094077,0.17501166
1551,0.08649022,0.09318673883926709,0.08649022
1552,0.19237372,-0.08738962968696865,0.19237372
1553,0.2031923,-0.03761262901472077,0.2031923
1554,0.2031923,-0.021129576634368354,0.2031923
1555,0.2031923,-0.040155403452563826,0.2031923
1556,0.2031923,-0.02244583579347853,0.2031923
1557,0.2031923,-0.03761262901472077,0.2031923
1558,0.17759664,-0.04214643940117756,0.17759664
1559,0.17759664,-0.04214643940117756,0.17759664
1560,0.25900674,0.12895047051370714,0.25900674
1561,0.18378432,-0.1867480719503105,0.18378432
1562,0.07833366,-0.10874647843243655,0.07833366
1563,0.13326049,-0.10315570558745911,0.13326049
1564,0.24132396,-0.012405459975740996,0.24132396
1565,0.22879584,0.07539027375151797,0.22879584
1566,0.22879584,0.07539027375151797,0.22879584
1567,0.22879584,0.07539027375151797,0.22879584
1568,0.22879584,0.07539027375151797,0.22879584
1569,0.22879584,0.07539027375151797,0.22879584
1570,0.21788283,0.03935710983221167,0.21788283
1571,0.21788283,0.03935710983221167,0.21788283
1572,0.122075185,0.1388284233908347,0.122075185
1573,0.26008996,-0.2725073346517082,0.26008996
1574,0.13675441,-0.03697329877186266,0.13675441
1575,0.17255525,-0.003075828367159061,0.17255525
1576,0.22792792,-0.00900120083167276,0.22792792
1577,0.19517161,-0.056869649467470404,0.19517161
1578,0.19517161,-0.056869649467470404,0.19517161
1579,0.19517161,-0.056869649467470404,0.19517161
1580,0.2210039,0.07625018406620766,0.2210039
1581,0.2210039,0.07625018406620766,0.2210039
1582,0.2210039,0.07625018406620766,0.2210039
1583,0.22218572,0.08200507531030146,0.22218572
1584,0.2132424,-0.03992214788432338,0.2132424
1585,0.29815847,0.07346582471932278,0.29815847
1586,0.11305915,-0.2582289801224086,0.11305915
1587,0.26987582,0.09278985595099434,0.26987582
1588,0.11873333,0.0077985715306212,0.11873333
1589,0.15941173,-0.0816667048350862,0.15941173
1590,0.17039001,-0.049974853127942004,0.17039001
1591,0.17039001,-0.049974853127942004,0.17039001
1592,0.12697184,-0.10860050688367885,0.12697184
1593,0.096364975,0.08228651417675927,0.096364975
1594,0.15679374,-0.03956954059685575,0.15679374
1595,0.17977458,-0.023769499347915602,0.17977458
1596,0.17977458,-0.023769499347915602,0.17977458
1597,0.14755045,-0.05920758073026508,0.14755045
1598,0.20920083,-0.015535369225008703,0.20920083
1599,0.2679525,0.05698832198530104,0.2679525
1600,0.1923933,-0.08872605553227642,0.1923933
1601,0.27011734,0.29611511598133267,0.27011734
1602,0.27011734,0.29611511598133267,0.27011734
1603,0.21044984,-0.01548503831669492,0.21044984
1604,0.18180847,-0.008893976331897785,0.18180847
1605,0.17025098,0.18515902322823635,0.17025098
1606,0.19356617,0.09965554960482384,0.19356617
1607,0.17323658,-0.03813009391372788,0.17323658
1608,0.20256135,-0.02872318418039601,0.20256135
1609,0.24064225,0.03735201738440437,0.24064225
1610,0.26590717,-0.028604858970051467,0.26590717
1611,0.10101162,0.05811636704896439,0.10101162
1612,0.2341292,0.08558332605952258,0.2341292
1613,0.23446968,0.023084182699688982,0.23446968
1614,0.17976415,0.024983741720447046,0.17976415
1615,0.12761138,-0.10459364634376796,0.12761138
1616,0.24603635,0.1973049815601935,0.24603635
1617,0.12253203,-0.25820429876744116,0.12253203
1618,0.14805004,-0.1826045029556564,0.14805004
1619,0.31947073,0.18536682677319574,0.31947073
1620,0.2502719,0.2145027753582799,0.2502719
1621,0.3645116,0.1274498539979486,0.3645116
1622,0.21121165,-0.021131058392154414,0.21121165
1623,0.21858604,-0.019946300264701743,0.21858604
1624,0.27998236,0.04363147307630821,0.27998236
1625,0.18894178,0.0024471130372351714,0.18894178
1626,0.1273721,-0.11612535574566585,0.1273721
1627,0.18840836,-0.025622379274233276,0.18840836
1628,0.1436209,-0.10167586729909069,0.1436209
1629,0.21527825,-0.02967323493083953,0.21527825
1630,0.2603863,0.05856785250300102,0.2603863
1631,0.26631087,0.059422836863511894,0.26631087
1632,0.33193597,0.09708126120304851,0.33193597
1633,0.26589632,0.2323133583734263,0.26589632
1634,0.17982425,-0.06578105708729733,0.17982425
1635,0.12694782,-0.07718736221973584,0.12694782
1636,0.13239981,0.011117824728623174,0.13239981
1637,0.17005052,-0.04933663335404017,0.17005052
1638,0.19280085,-0.03857046165591673,0.19280085
1639,0.23076765,0.08864797436040454,0.23076765
1640,0.16889659,-0.15044815598756495,0.16889659
1641,0.10555008,-0.03601652275833333,0.10555008
1642,0.09971307,-0.028419732047364088,0.09971307
1643,0.1946236,-0.11633118170464503,0.1946236
1644,0.156225,-0.105270536639207,0.156225
1645,0.156225,-0.105270536639207,0.156225
1646,0.25849226,0.10841508770338226,0.25849226
1647,0.25849226,0.10841508770338226,0.25849226
1648,0.25849226,0.10841508770338226,0.25849226
1649,0.25849226,0.10841508770338226,0.25849226
1650,0.25849226,0.10841508770338226,0.25849226
1651,0.25849226,0.10841508770338226,0.25849226
1652,0.25849226,0.10841508770338226,0.25849226
1653,0.25849226,0.10841508770338226,0.25849226
1654,0.20922159,-0.03203482938110792,0.20922159
1655,0.26864806,0.13227305263940078,0.26864806
1656,0.26897532,0.048177402852967816,0.26897532
1657,0.30150226,0.04735736696234755,0.30150226
1658,0.23946615,0.035275609248302316,0.23946615
1659,0.19793664,-0.06751971373960906,0.19793664
1660,0.13787422,-0.08692276375532476,0.13787422
1661,0.13809296,0.07095763543245512,0.13809296
1662,0.316579,0.027591485416035146,0.316579
1663,0.4277583,0.30666567180860776,0.4277583
1664,0.14434095,-0.02142209865443307,0.14434095
1665,0.15022562,-0.12811165306025454,0.15022562
1666,0.14551182,-0.011810579554903392,0.14551182
1667,0.110035285,0.12329785275692415,0.110035285
1668,0.15166582,-0.040736749055453825,0.15166582
1669,0.280222,0.15105561520620214,0.280222
1670,0.3826791,0.1070226375237913,0.3826791
1671,0.2110486,-0.03935216578327499,0.2110486
1672,0.115902826,-0.1489033205656733,0.115902826
1673,0.22157705,0.02018627238769488,0.22157705
1674,0.3456853,0.06866106296591036,0.3456853
1675,0.14818376,-0.04127906971162899,0.14818376
1676,0.2518229,0.02670136926258341,0.2518229
1677,0.15004104,-0.02619929334015697,0.15004104
1678,0.16791238,-0.08905055297810878,0.16791238
1679,0.32349128,0.10451781616812655,0.32349128
1680,0.24262264,0.06468807175671128,0.24262264
1681,0.24509951,0.010631505291086307,0.24509951
1682,0.121332735,-0.058467179934786014,0.121332735
1683,0.20451918,-0.006037658546557419,0.20451918
1684,0.26249856,0.07402058397545268,0.26249856
1685,0.20078054,-0.09757102190741178,0.20078054
1686,0.13584042,0.04835515509855121,0.13584042
1687,0.15741253,0.06154703898783501,0.15741253
1688,0.17343067,-0.012949666447556102,0.17343067
1689,0.16386136,-0.026610241370303163,0.16386136
1690,0.30431968,0.06418660229675358,0.30431968
1691,0.42651644,0.04601289488155581,0.42651644
1692,0.18582532,-0.06395612671896503,0.18582532
1693,0.17736624,-0.09616184795094397,0.17736624
1694,0.113761336,-0.029916434884132544,0.113761336
1695,0.18101954,-0.10197075698625255,0.18101954
1696,0.33046323,-0.010581403212625195,0.33046323
1697,0.15949738,0.08021058567736535,0.15949738
1698,0.15552558,-0.09145186822322755,0.15552558
1699,0.4106428,0.3660142604818764,0.4106428
1700,0.2065261,-0.06699570849952505,0.2065261
1701,0.37245557,-0.03362878183067705,0.37245557
1702,0.15886278,-0.1885635618039811,0.15886278
1703,0.16002072,0.035240594135818766,0.16002072
1704,0.117621444,-0.1660522752073396,0.117621444
1705,0.18213089,-0.0005525281455207097,0.18213089
1706,0.26750627,0.02272560675936847,0.26750627
1707,0.20858023,0.2069884152230244,0.20858023
1708,0.21510077,0.004340255255861236,0.21510077
1709,0.11570073,-0.006731078037663645,0.11570073
1710,0.11033343,-0.29827605020552184,0.11033343
1711,0.20455989,0.008490327733871815,0.20455989
1712,0.20764147,0.029822738699414184,0.20764147
1713,0.17233318,0.003874976352465302,0.17233318
1714,0.14753334,-0.1343460173064561,0.14753334
1715,0.33121163,0.4946946549577389,0.33121163
1716,0.20455872,0.03139952373477779,0.20455872
1717,0.11724604,-0.10975120184570253,0.11724604
1718,0.2123293,-0.06819927306704207,0.2123293
1719,0.1741514,0.03426817567487986,0.1741514
1720,0.11900025,-0.006383369895400989,0.11900025
1721,0.18647543,-0.13799037029235353,0.18647543
1722,0.18647543,-0.13799037029235353,0.18647543
1723,0.18647543,-0.13799037029235353,0.18647543
1724,0.18647543,-0.13799037029235353,0.18647543
1725,0.18647543,-0.13799037029235353,0.18647543
1726,0.20084976,-0.03229859082017927,0.20084976
1727,0.1588091,-0.048525383949333034,0.1588091
1728,0.17206079,-0.14418777960219198,0.17206079
1729,0.23519374,-0.00042659073529091986,0.23519374
1730,0.17179713,0.0012022720089461844,0.17179713
1731,0.1897091,-0.0005471345767810614,0.1897091
1732,0.28680164,0.05039333330050381,0.28680164
1733,0.3372676,0.13240087679150672,0.3372676
1734,0.3372676,0.13240087679150672,0.3372676
1735,0.3372676,0.13240087679150672,0.3372676
1736,0.3372676,0.13240087679150672,0.3372676
1737,0.3840692,0.08608224504816743,0.3840692
1738,0.30808005,0.0974497129993831,0.30808005
1739,0.20681936,-0.026397396920581333,0.20681936
1740,0.500546,0.02313823296726143,0.500546
1741,0.2569639,0.07817231449622299,0.2569639
1742,0.34665936,0.1714539292286273,0.34665936
1743,0.28065157,0.21851000905944779,0.28065157
1744,0.24236318,-0.0388336631619177,0.24236318
1745,0.35711625,0.2006165563280091,0.35711625
1746,0.40905946,0.23568654131941935,0.40905946
1747,0.40905946,0.07986806842863416,0.40905946
1748,0.22933416,-0.006189196311714217,0.22933416
1749,0.25190282,0.28449694897875016,0.25190282
1750,0.2036303,-0.03837934178843361,0.2036303
1751,0.2036303,-0.03837934178843361,0.2036303
1752,0.18865259,-0.2369717396919682,0.18865259
1753,0.18865259,-0.2369717396919682,0.18865259
1754,0.19803075,-0.05993013906864263,0.19803075
1755,0.26632154,0.15354987096228606,0.26632154
1756,0.12773186,-0.05564961251942202,0.12773186
1757,0.17437072,-0.059120683248492054,0.17437072
1758,0.17437072,-0.059120683248492054,0.17437072
1759,0.38674718,0.31248411345073546,0.38674718
1760,0.15771674,0.030603947118426546,0.15771674
1761,0.13738135,-0.09548273786372194,0.13738135
1762,0.20644824,-0.113894084813194,0.20644824
1763,0.20080999,-0.08082367814827515,0.20080999
1764,0.20080999,-0.08082367814827515,0.20080999
1765,0.20080999,-0.08082367814827515,0.20080999
1766,0.21645945,-0.055116220114015145,0.21645945
1767,0.41612518,0.19420494367695487,0.41612518
1768,0.092827596,0.1662091084114119,0.092827596
1769,0.17753093,-0.006313854350603836,0.17753093
1770,0.21108927,-0.09369817759067613,0.21108927
1771,0.2581288,0.31968441488913857,0.2581288
1772,0.17040373,-0.07108303159868049,0.17040373
1773,0.16235624,-0.09909514355515439,0.16235624
1774,0.12508957,0.07834686162214802,0.12508957
1775,0.27062598,0.1387817200221616,0.27062598
1776,0.28971395,0.3061526744444626,0.28971395
1777,0.1786608,-0.06964625004717347,0.1786608
1778,0.28197667,0.11836533142978511,0.28197667
1779,0.31921703,0.03960575789128267,0.31921703
1780,0.17347926,-0.027521267140418956,0.17347926
1781,0.2164987,-0.04235023616541245,0.2164987
1782,0.20719868,-0.06123022137323632,0.20719868
1783,0.22756015,0.014215308043010114,0.22756015
1784,0.14134383,-0.010293174448828872,0.14134383
1785,0.18859753,-0.04302189724638017,0.18859753
1786,0.1820912,-0.03693300984106774,0.1820912
1787,0.22023234,-0.005521280820983564,0.22023234
1788,0.3619739,-0.0034585506466364643,0.3619739
1789,0.40065926,0.07441827034974975,0.40065926
1790,0.40065926,0.29841032777438825,0.40065926
1791,0.1741033,-0.03761614309698788,0.1741033
1792,0.15838641,-0.015554033643690013,0.15838641
1793,0.2170875,-0.10218534414478359,0.2170875
1794,0.18039703,-0.027035106903120554,0.18039703
1795,0.2888846,0.15684967616582396,0.2888846
1796,0.3823408,0.2898729224785061,0.3823408
1797,0.10254489,0.06792965796317794,0.10254489
1798,0.1691986,-0.0934016432915312,0.1691986
1799,0.17480434,-0.08038234586580327,0.17480434
1800,0.24825059,0.1279940371951575,0.24825059
1801,0.31413823,0.07684775986308975,0.31413823
1802,0.32827803,0.3242040756323113,0.32827803
1803,0.3844335,0.09655952586858649,0.3844335
1804,0.27381876,0.07805246562388275,0.27381876
1805,0.29297554,0.12771818836520107,0.29297554
1806,0.30036172,0.1674825486527175,0.30036172
1807,0.18442936,-0.0907690651034602,0.18442936
1808,0.1116474,-0.04733714833967282,0.1116474
1809,0.1627365,-0.029556453957650816,0.1627365
1810,0.10733335,0.04389701809907445,0.10733335
1811,0.100276284,-0.005104801090451989,0.100276284
1812,0.14391267,0.03175391467323317,0.14391267
1813,0.13467817,-0.07718140879095106,0.13467817
1814,0.3188967,0.19183792951164133,0.3188967
1815,0.22248483,0.0005272910027140215,0.22248483
1816,0.16142015,-0.15754557703825386,0.16142015
1817,0.19848801,-0.07904872239122329,0.19848801
1818,0.14373721,-0.11074612214409137,0.14373721
1819,0.18740213,-0.04346033330733168,0.18740213
1820,0.25453126,0.03543293972802552,0.25453126
1821,0.19178365,-0.01602206377317925,0.19178365
1822,0.16789816,-0.030373659873496224,0.16789816
1823,0.16333923,-0.04050747468428305,0.16333923
1824,0.15497999,-0.03999621417733296,0.15497999
1825,0.35540715,0.2044905870813293,0.35540715
1826,0.13517906,0.00792983582241427,0.13517906
1827,0.1404676,-0.08949662652634148,0.1404676
1828,0.12402196,0.03705202955556573,0.12402196
1829,0.12402196,0.03705202955556573,0.12402196
1830,0.22475372,0.06687021235954543,0.22475372
1831,0.17549643,0.007801558785699969,0.17549643
1832,0.1776023,-0.1268601619806098,0.1776023
1833,0.20865081,-0.006336913119944477,0.20865081
1834,0.30661622,0.07090170253950602,0.30661622
1835,0.18504274,-0.03363951111814264,0.18504274
1836,0.25119996,-0.02410327764163838,0.25119996
1837,0.17831987,-0.13493402900059787,0.17831987
1838,0.19326933,-0.14560880792514258,0.19326933
1839,0.29316586,0.0053950069263810005,0.29316586
1840,0.22521044,0.07451481401191411,0.22521044
1841,0.29857093,0.2527120437456053,0.29857093
1842,0.1738946,0.03802939163035292,0.1738946
1843,0.15353735,0.002914593050555055,0.15353735
1844,0.19540587,-0.03762646595893006,0.19540587
1845,0.25987723,0.06282174544306998,0.25987723
1846,0.18265615,0.010920317487990789,0.18265615
1847,0.17401145,-0.06428631335400677,0.17401145
1848,0.3957175,0.02120782771085169,0.3957175
1849,0.1542838,-0.04289531498814782,0.1542838
1850,0.1542838,-0.04289531498814782,0.1542838
1851,0.1542838,-0.044828379514555386,0.1542838
1852,0.16827805,-0.03059171565898415,0.16827805
1853,0.16827805,-0.03059171565898415,0.16827805
1854,0.15141538,-0.10327080198110175,0.15141538
1855,0.16963832,-0.10702422591262017,0.16963832
1856,0.3128872,0.10850803044696297,0.3128872
1857,0.16955437,-0.033593306857898346,0.16955437
1858,0.18055339,0.022301311357703222,0.18055339
1859,0.1549736,0.007836389766743869,0.1549736
1860,0.16282266,-0.1283052730395715,0.16282266
1861,0.12368787,-0.06543355090721376,0.12368787
1862,0.14233194,-0.14646869920930697,0.14233194
1863,0.16444539,-0.06253248463182819,0.16444539
1864,0.21000588,-0.08787908611349832,0.21000588
1865,0.30046523,0.10704433756699297,0.30046523
1866,0.30046523,0.10704433756699297,0.30046523
1867,0.17579505,-0.11975049780189846,0.17579505
1868,0.2871998,0.1251159172694222,0.2871998
1869,0.18906356,-0.051503277452504284,0.18906356
1870,0.18906356,-0.051503277452504284,0.18906356
1871,0.2525599,0.0847034686537159,0.2525599
1872,0.2525599,0.0847034686537159,0.2525599
1873,0.15767382,0.0025213805371436006,0.15767382
1874,0.093495406,-0.037957272150094236,0.093495406
1875,0.3146562,0.3693745549405713,0.3146562
1876,0.14265315,-0.052563139404201306,0.14265315
1877,0.20507391,0.030345969899102248,0.20507391
1878,0.15041584,0.04984284584828181,0.15041584
1879,0.20099415,-0.2220385892525961,0.20099415
1880,0.08269155,0.5437858655817042,0.08269155
1881,0.14113784,-0.11749136292484064,0.14113784
1882,0.1958907,0.03503910248342261,0.1958907
1883,0.18386328,0.009932353820164776,0.18386328
1884,0.21564741,-0.13807008801827475,0.21564741
1885,0.19997415,-0.06396014005608566,0.19997415
1886,0.19350621,-0.04392120647891744,0.19350621
1887,0.19350621,-0.04392120647891744,0.19350621
1888,0.16900375,0.018393479499642793,0.16900375
1889,0.21680796,-0.06195344705757215,0.21680796
1890,0.153349,-0.02580459278964897,0.153349
1891,0.1443448,-0.05303195988731062,0.1443448
1892,0.25229025,0.08902048079762828,0.25229025
1893,0.14446306,-0.062037125020055685,0.14446306
1894,0.28893855,0.14808774384411924,0.28893855
1895,0.28893855,0.1479968391285035,0.28893855
1896,0.12035358,0.002864585603090237,0.12035358
1897,0.12917084,0.019507449318985064,0.12917084
1898,0.2847565,-0.0063066298690421995,0.2847565
1899,0.2500194,-0.026617763909351545,0.2500194
1900,0.16322108,-0.14114867711175624,0.16322108
1901,0.20226623,-0.06723575608973242,0.20226623
1902,0.3187153,-0.07719602364511924,0.3187153
1903,0.1766181,-0.023887658123859852,0.1766181
1904,0.1305711,0.011897622954362454,0.1305711
1905,0.23011543,-0.0014775510536728493,0.23011543
1906,0.22979784,0.006680609794948254,0.22979784
1907,0.20393424,-8.296407835503583e-05,0.20393424
1908,0.2647433,-0.018959985835749395,0.2647433
1909,0.26838392,0.0895034592389201,0.26838392
1910,0.24161913,0.033533181779360266,0.24161913
1911,0.17180708,0.008974482409912462,0.17180708
1912,0.31629664,0.1443354629404006,0.31629664
1913,0.3306754,0.1680847116494375,0.3306754
1914,0.28311518,0.1754106654752692,0.28311518
1915,0.20882928,-0.013950820805830277,0.20882928
1916,0.2660672,0.0840826020141587,0.2660672
1917,0.27206573,0.02122662329211242,0.27206573
1918,0.27206573,0.02122662329211242,0.27206573
1919,0.18950687,-0.09783015371900985,0.18950687
1920,0.21716096,0.016298663875775422,0.21716096
1921,0.15816917,-0.021220104218598355,0.15816917
1922,0.1383245,-0.09005808198663437,0.1383245
1923,0.18541677,-0.03538261922877889,0.18541677
1924,0.14856116,-0.08025323404736019,0.14856116
1925,0.12913297,0.0018849583397954892,0.12913297
1926,0.16589569,-0.08287410940051101,0.16589569
1927,0.2463706,-0.04285070635551993,0.2463706
1928,0.25820276,0.1248158762525788,0.25820276
1929,0.21859552,-0.03494690691144591,0.21859552
1930,0.14637154,-0.009947871697068171,0.14637154
1931,0.22727531,0.012528754994497323,0.22727531
1932,0.14685497,-0.08158184012062225,0.14685497
1933,0.13160212,0.017850308799008143,0.13160212
1934,0.13618731,-0.10877172947187362,0.13618731
1935,0.1737257,-0.04091154216772704,0.1737257
1936,0.1737257,-0.04091154216772704,0.1737257
1937,0.246605,0.04348580662928511,0.246605
1938,0.246605,0.04348580662928511,0.246605
1939,0.35050264,0.13284126927268328,0.35050264
1940,0.35050264,0.13284126927268328,0.35050264
1941,0.16317502,0.04864538857087588,0.16317502
1942,0.15299405,-0.06667173974008705,0.15299405
1943,0.13875145,-0.01918523487741607,0.13875145
1944,0.22872561,0.04682800550752579,0.22872561
1945,0.15011333,-0.016837174142627365,0.15011333
1946,0.16450611,-0.015168070696437642,0.16450611
1947,0.15103531,-0.03647720905667397,0.15103531
1948,0.18077737,-0.06138631548147591,0.18077737
1949,0.23268346,-0.019244395249781932,0.23268346
1950,0.23268346,-0.019244395249781932,0.23268346
1951,0.28330573,0.14746738910552484,0.28330573
1952,0.28330573,0.14746738910552484,0.28330573
1953,0.19351584,-0.06857302517117621,0.19351584
1954,0.10524107,-0.16200170317324888,0.10524107
1955,0.031361468,0.16527720642293597,0.031361468
1956,0.031361468,0.16527720642293597,0.031361468
1957,0.33529693,0.11299519877039375,0.33529693
1958,0.17735112,-0.11945499906593643,0.17735112
1959,0.15566783,-0.014834517347471777,0.15566783
1960,0.15092921,-0.03348773497983491,0.15092921
1961,0.11335834,0.05950491689593134,0.11335834
1962,0.07321605,-0.005273363862292856,0.07321605
1963,0.12794209,0.0769573760978717,0.12794209
1964,0.11956269,0.024394311145030177,0.11956269
1965,0.13896164,0.017147762453518,0.13896164
1966,0.15078965,0.031352869305302976,0.15078965
1967,0.1165902,-0.14971806901469803,0.1165902
1968,0.19813295,-0.07687122272060694,0.19813295
1969,0.17522472,-0.06534298011390514,0.17522472
1970,0.15474692,-0.03285164639553257,0.15474692
1971,0.17843151,-0.15664240502634114,0.17843151
1972,0.22687156,0.00015555122900040677,0.22687156
1973,0.24048701,-0.06333950649168887,0.24048701
1974,0.20987158,0.08861242641100085,0.20987158
1975,0.18770362,0.11201306683435414,0.18770362
1976,0.30922833,0.11200000932554656,0.30922833
1977,0.15262967,0.017191798641546817,0.15262967
1978,0.14268567,-0.042591522674631614,0.14268567
1979,0.19238661,-0.015127204758826009,0.19238661
1980,0.25161383,0.00158583930444687,0.25161383
1981,0.12172677,-0.004598559698907818,0.12172677
1982,0.14083341,-0.14079171533151397,0.14083341
1983,0.28770775,0.09888072252011187,0.28770775
1984,0.1983704,-0.010557658647806452,0.1983704
1985,0.25497568,-0.010684296542522675,0.25497568
1986,0.24860243,0.057136241110824555,0.24860243
1987,0.15652503,-0.0035051709971046785,0.15652503
1988,0.15652503,-0.0035051709971046785,0.15652503
1989,0.1220968,0.08492044132756404,0.1220968
1990,0.18859033,-0.01782818799941397,0.18859033
1991,0.04285225,0.02474109980025658,0.04285225
1992,0.04285225,0.02474109980025658,0.04285225
1993,0.030152537,0.07397201429385783,0.030152537
1994,0.030152537,0.07397201429385783,0.030152537
1995,0.23262522,0.044015507175512454,0.23262522
1996,0.355686,0.2844375600872694,0.355686
1997,0.19669963,-0.07780266223352089,0.19669963
1998,0.17818178,0.07148465753413284,0.17818178
1999,0.1128126,-0.14341209548831432,0.1128126
2000,0.050668158,-0.024732982635280912,0.050668158
2001,0.050668158,-0.024732982635280912,0.050668158
2002,0.17350754,-0.03728814379553839,0.17350754
2003,0.22188683,0.015951975918526488,0.22188683
2004,0.22188683,0.015951975918526488,0.22188683
2005,0.11148961,0.11113371286425913,0.11148961
2006,0.14260319,-0.18130562042949327,0.14260319
2007,0.18316716,-0.11540622028109915,0.18316716
2008,0.12629099,-0.21331443148761856,0.12629099
2009,0.19065094,-0.06787370749676822,0.19065094
2010,0.19573535,-0.06823398267185586,0.19573535
2011,0.16546659,0.0011924114733356914,0.16546659
2012,0.10462005,-0.029011884330357784,0.10462005
2013,0.089325994,0.017459454716193742,0.089325994
2014,0.08772376,-0.108235291257922,0.08772376
2015,0.1917767,-0.05275986061984907,0.1917767
2016,0.15486579,0.02853572677272024,0.15486579
2017,0.20480487,-0.1085648175933436,0.20480487
2018,0.14214446,-0.013805385915815238,0.14214446
2019,0.133326,-0.11095422785131716,0.133326
2020,0.12125087,-0.14124704981006359,0.12125087
2021,0.20213231,-0.10754962737893159,0.20213231
2022,0.10442994,-0.08171989684885794,0.10442994
2023,0.110215865,-0.14719455120538774,0.110215865
2024,0.25085187,0.03289918009323932,0.25085187
2025,0.15309277,-0.11000737499012012,0.15309277
2026,0.123081625,-0.04433883981509783,0.123081625
2027,0.2058095,0.01523621176227112,0.2058095
2028,0.17015941,-0.09452828905851354,0.17015941
2029,0.20450363,-0.01530361540156082,0.20450363
2030,0.20571834,-0.06813299051453975,0.20571834
2031,0.23030195,-0.027011662541984713,0.23030195
2032,0.23030195,-0.027011662541984713,0.23030195
2033,0.20109877,0.12850695654036662,0.20109877
2034,0.20292291,0.0011592110786476776,0.20292291
2035,0.1276809,-0.1696719271764702,0.1276809
2036,0.13641688,-0.03994747903653991,0.13641688
2037,0.17186455,0.07361591901782737,0.17186455
2038,0.28603342,0.10933572326061677,0.28603342
2039,0.14439665,-0.014265743729095334,0.14439665
2040,0.14778866,-0.14367543559415985,0.14778866
2041,0.16155551,0.059268322183686974,0.16155551
2042,0.20879182,0.006542053922924157,0.20879182
2043,0.3944683,0.07110310624953532,0.3944683
2044,0.16967034,-0.043061844854041034,0.16967034
2045,0.16448513,-0.04073251638445409,0.16448513
2046,0.16774727,-0.08987122066028244,0.16774727
2047,0.33426848,0.12203686376698554,0.33426848
2048,0.059585366,0.006350085842437035,0.059585366
2049,0.059585366,0.006350085842437035,0.059585366
2050,0.06793817,-0.1434115658684773,0.06793817
2051,0.06793817,-0.1434115658684773,0.06793817
2052,0.34155637,0.09841491143875203,0.34155637
2053,0.34155637,0.22326683032748154,0.34155637
2054,0.20859116,-0.009259858222674831,0.20859116
2055,0.26254925,0.032247940513011546,0.26254925
2056,0.34363943,0.056586017850316445,0.34363943
2057,0.19465034,-0.06750817985798177,0.19465034
2058,0.22776891,0.047527956482741635,0.22776891
2059,0.13082446,-0.03485449151605636,0.13082446
2060,0.13637699,-0.010286878914008578,0.13637699
2061,0.112090774,-0.1313274143383957,0.112090774
2062,0.1529932,-0.12256079939659087,0.1529932
2063,0.1896008,-0.038833515445828394,0.1896008
2064,0.17341182,-0.06432851379810162,0.17341182
2065,0.1271864,0.11183602503364133,0.1271864
2066,0.114640124,-0.0589351208640132,0.114640124
2067,0.18736796,-0.06937687606599292,0.18736796
2068,0.3527757,0.010293396154661063,0.3527757
2069,0.09596615,0.19040059283483307,0.09596615
2070,0.18042697,-0.13478457185679332,0.18042697
2071,0.16503629,0.024848790442526185,0.16503629
2072,0.10287451,0.05662800596345992,0.10287451
2073,0.17287372,0.13910018538557112,0.17287372
2074,0.097759575,-0.1030895950042018,0.097759575
2075,0.375084,-0.038209931811678484,0.375084
2076,0.13421203,-0.0734735918967387,0.13421203
2077,0.20591246,-0.11063511016047206,0.20591246
2078,0.19293272,-0.04088152443718127,0.19293272
2079,0.25417304,-0.24016467110549294,0.25417304
2080,0.20397666,0.09222204533743643,0.20397666
2081,0.206331,0.06515436835607295,0.206331
2082,0.20213017,0.03489835651387453,0.20213017
2083,0.18882537,-0.06933112472662263,0.18882537
2084,0.25675157,0.11421742730100937,0.25675157
2085,0.23644957,-0.016275015487414606,0.23644957
2086,0.14596057,-0.09147322534694872,0.14596057
2087,0.15895686,-0.019103612072404682,0.15895686
2088,0.17254786,-0.07200216467200363,0.17254786
2089,0.08644556,0.1778880439898893,0.08644556
2090,0.08644556,0.1778880439898893,0.08644556
2091,0.33407006,0.13527388886117991,0.33407006
2092,0.05022862,0.012280408832148516,0.05022862
2093,0.05022862,0.012280408832148516,0.05022862
2094,0.13694753,-0.0017501157469466226,0.13694753
2095,0.20640363,0.01966138802711418,0.20640363
2096,0.26429692,-0.018761883557453934,0.26429692
2097,0.07634129,0.19716114381125377,0.07634129
2098,0.07634129,0.19716114381125377,0.07634129
2099,0.16076465,-0.10806165675966957,0.16076465
2100,0.1650554,-0.05884408351466671,0.1650554
2101,0.1650554,-0.05884408351466671,0.1650554
2102,0.14321692,-0.11213426496397798,0.14321692
2103,0.14321692,-0.11213426496397798,0.14321692
2104,0.2050938,-0.09564719819864853,0.2050938
2105,0.065936185,0.05166816467609364,0.065936185
2106,0.065936185,0.05166816467609364,0.065936185
2107,0.13870342,-0.1356752318787671,0.13870342
2108,0.18220115,-0.08813103463823432,0.18220115
2109,0.16286714,0.0548448190508232,0.16286714
2110,0.15582961,-0.030308749150816876,0.15582961
2111,0.1324594,-0.037676797217863586,0.1324594
2112,0.14145806,-0.0396315735797698,0.14145806
2113,0.19476968,0.04860568567505463,0.19476968
2114,0.17031248,-0.08586635939405729,0.17031248
2115,0.15591964,-0.006893857327329054,0.15591964
2116,0.11429562,-0.07564260438751931,0.11429562
2117,0.40824777,-0.022318451267285506,0.40824777
2118,0.2016926,-0.043896521176499385,0.2016926
2119,0.19410232,-0.015581105602302418,0.19410232
2120,0.28629744,0.0500241631355662,0.28629744
2121,0.20044672,-0.10638889239547054,0.20044672
2122,0.22712256,0.028683606640673404,0.22712256
2123,0.25741783,0.101534723935552,0.25741783
2124,0.20903023,-0.08701707524712839,0.20903023
2125,0.20991142,-0.02379028386558824,0.20991142
2126,0.29880917,0.19053215012151414,0.29880917
2127,0.2280175,-0.23920286789254264,0.2280175
2128,0.19865115,0.06979983205074183,0.19865115
2129,0.28824136,0.15932239433677772,0.28824136
2130,0.28824136,0.15932239433677772,0.28824136
2131,0.20972899,-0.11902532839343143,0.20972899
2132,0.20160079,-0.033663525618397486,0.20160079
2133,0.2060363,-0.051046824520889086,0.2060363
2134,0.18801992,-0.02202051130973365,0.18801992
2135,0.24255198,0.04971773809470164,0.24255198
2136,0.24399081,-0.29014377716330686,0.24399081
2137,0.22170314,0.023818598094414976,0.22170314
2138,0.13012089,-0.02396287988698212,0.13012089
2139,0.10711449,-0.057300681945168984,0.10711449
2140,0.11403042,-0.16416166553222752,0.11403042
2141,0.40244082,0.33450327171028643,0.40244082
2142,0.20525654,-0.07226057533130005,0.20525654
2143,0.1424182,0.0343901318406713,0.1424182
2144,0.12797607,-0.06844728460990944,0.12797607
2145,0.24414986,0.031866470395571764,0.24414986
2146,0.24414986,0.031866470395571764,0.24414986
2147,0.14892091,-0.05413758455253575,0.14892091
2148,0.150037,-0.12029557471430415,0.150037
2149,0.10180135,-0.0264799289287874,0.10180135
2150,0.08348062,-0.10436897551644898,0.08348062
2151,0.14264551,-0.03766338788944995,0.14264551
2152,0.066648595,-0.08265597842817576,0.066648595
2153,0.1612145,-0.08103209298452403,0.1612145
2154,0.39292455,-0.19768858178689475,0.39292455
2155,0.29759088,-0.030899524418440603,0.29759088
2156,0.3216363,-0.04258079757368082,0.3216363
2157,0.42551586,0.06077755147631882,0.42551586
2158,0.42822492,-0.0138146115793679,0.42822492
2159,0.21072966,0.01767511873161389,0.21072966
2160,0.21072966,0.01767511873161389,0.21072966
2161,0.24807835,-0.0746730415476134,0.24807835
2162,0.24501528,0.02077125040588433,0.24501528
2163,0.3534861,-0.02040165435021529,0.3534861
2164,0.34185624,0.02551779442869638,0.34185624
2165,0.37162796,-0.06765966914028915,0.37162796
2166,0.17926608,-0.06053879097434407,0.17926608
2167,0.18594208,0.04647922286935075,0.18594208
2168,0.17857818,-0.023142811898697872,0.17857818
2169,0.24330284,-0.01935350194064264,0.24330284
2170,0.21369635,0.031101471960989835,0.21369635
2171,0.32562512,0.13519049762368335,0.32562512
2172,0.078475155,-0.036200717904900266,0.078475155
2173,0.16592303,-0.06674801510225908,0.16592303
2174,0.5144809,0.0733419538147577,0.5144809
2175,0.34443235,0.00651602549592892,0.34443235
2176,0.13470665,-0.03938587052719579,0.13470665
2177,0.15732554,-0.04025826991226012,0.15732554
2178,0.17879075,-0.0016475920153945,0.17879075
2179,0.38529143,-0.008045258694408119,0.38529143
2180,0.3242761,-0.02916100979167716,0.3242761
2181,0.35648295,0.13801749137318925,0.35648295
2182,0.47011295,0.20534910881422133,0.47011295
2183,0.0909301,0.02795182385175814,0.0909301
2184,0.0909301,0.02795182385175814,0.0909301
2185,0.17593816,-0.08759836508684278,0.17593816
2186,0.17593816,-0.08759836508684278,0.17593816
2187,0.17242724,-0.025641213261095232,0.17242724
2188,0.1977161,-0.17150987204496038,0.1977161
2189,0.22000991,0.021978874713756404,0.22000991
2190,0.14246984,0.058665651377430114,0.14246984
2191,0.19735354,0.01900191390336354,0.19735354
2192,0.22120151,-0.01726941794021312,0.22120151
2193,0.17008702,-0.017035070784692127,0.17008702
2194,0.16192956,-0.0654842644560314,0.16192956
2195,0.30810425,0.2995150074400606,0.30810425
2196,0.4214765,0.09689994794426035,0.4214765
2197,0.21427988,-0.013927017202150732,0.21427988
2198,0.21881585,-0.13586743842460589,0.21881585
2199,0.15469065,-0.06925343253245161,0.15469065
2200,0.20394343,0.06552700411553564,0.20394343
2201,0.21022682,-0.08380535011844024,0.21022682
2202,0.18886617,0.008792175015635686,0.18886617
2203,0.15222937,-0.07277126816511356,0.15222937
2204,0.18676928,-0.012587061178015405,0.18676928
2205,0.17010762,-0.01858689315869823,0.17010762
2206,0.30253088,0.2409842637847444,0.30253088
2207,0.12168945,0.16279060884619254,0.12168945
2208,0.38148502,0.06000043338747618,0.38148502
2209,0.23002915,0.0005218785047362774,0.23002915
2210,0.36749303,0.10936614753430243,0.36749303
2211,0.09096243,-0.019369520375148545,0.09096243
2212,0.19460937,0.015518111041958719,0.19460937
2213,0.22020006,-0.017530507085309552,0.22020006
2214,0.24747734,-0.022358792498735434,0.24747734
2215,0.4461436,0.08263455618199143,0.4461436
2216,0.450059,-0.017930871735897438,0.450059
2217,0.37373945,-0.050503302735904074,0.37373945
2218,0.1273455,-0.25404503729897826,0.1273455
2219,0.33196008,0.15273597039220707,0.33196008
2220,0.35760576,-0.044533724114543156,0.35760576
2221,0.4450714,0.12630786097699717,0.4450714
2222,0.46618247,0.06192333761131054,0.46618247
2223,0.46618247,0.06192333761131054,0.46618247
2224,0.30612397,-0.010365509210079029,0.30612397
2225,0.29082814,0.05978953937479325,0.29082814
2226,0.29082814,0.05978953937479325,0.29082814
2227,0.48306796,0.028348761528072624,0.48306796
2228,0.32451573,0.1564867351476253,0.32451573
2229,0.32451573,0.1564867351476253,0.32451573
2230,0.12085126,-0.0429468625743115,0.12085126
2231,0.18702918,0.04958747296354395,0.18702918
2232,0.15483955,0.031935405304748525,0.15483955
2233,0.13126954,-0.04509479469352777,0.13126954
2234,0.13038857,-0.023863611907404308,0.13038857
2235,0.18139614,0.010603091755600163,0.18139614
2236,0.17877726,-0.03465880721211222,0.17877726
2237,0.23758633,-0.022783557209896388,0.23758633
2238,0.23758633,0.12382983638279316,0.23758633
2239,0.23758633,0.12382983638279316,0.23758633
2240,0.23065396,0.07650683118693738,0.23065396
2241,0.23065396,0.07650683118693738,0.23065396
2242,0.23065396,0.07650683118693738,0.23065396
2243,0.22691688,0.007029450114575696,0.22691688
2244,0.22691688,0.007029450114575696,0.22691688
2245,0.21033894,-0.04513438922364121,0.21033894
2246,0.21033894,-0.04513438922364121,0.21033894
2247,0.21033894,-0.04513438922364121,0.21033894
2248,0.21033894,-0.04513438922364121,0.21033894
2249,0.21033894,-0.04513438922364121,0.21033894
2250,0.21033894,-0.04513438922364121,0.21033894
2251,0.21033894,-0.04513438922364121,0.21033894
2252,0.21033894,-0.0716851003625497,0.21033894
2253,0.21033894,-0.04513438922364121,0.21033894
2254,0.21033894,-0.04513438922364121,0.21033894
2255,0.21033894,-0.04513438922364121,0.21033894
2256,0.21033894,-0.04513438922364121,0.21033894
2257,0.21033894,-0.04513438922364121,0.21033894
2258,0.21033894,-0.04513438922364121,0.21033894
2259,0.21033894,-0.04513438922364121,0.21033894
2260,0.21033894,-0.04513438922364121,0.21033894
2261,0.21033894,-0.04513438922364121,0.21033894
2262,0.21033894,-0.04513438922364121,0.21033894
2263,0.21033894,-0.04513438922364121,0.21033894
2264,0.21033894,-0.04513438922364121,0.21033894
2265,0.21033894,-0.045655551119611504,0.21033894
2266,0.21033894,-0.045655551119611504,0.21033894
2267,0.269909,0.08064799241292105,0.269909
2268,0.269909,0.08064799241292105,0.269909
2269,0.269909,0.08064799241292105,0.269909
2270,0.269909,0.08064799241292105,0.269909
2271,0.269909,0.08064799241292105,0.269909
2272,0.269909,0.08064799241292105,0.269909
2273,0.269909,0.08064799241292105,0.269909
2274,0.269909,0.08064799241292105,0.269909
2275,0.269909,0.08064799241292105,0.269909
2276,0.269909,0.08064799241292105,0.269909
2277,0.269909,0.08064799241292105,0.269909
2278,0.269909,0.08064799241292105,0.269909
2279,0.269909,0.09422682907465312,0.269909
2280,0.269909,0.08064799241292105,0.269909
2281,0.269909,0.08064799241292105,0.269909
2282,0.269909,0.08064799241292105,0.269909
2283,0.269909,0.08064799241292105,0.269909
2284,0.269909,0.08064799241292105,0.269909
2285,0.269909,0.08064799241292105,0.269909
2286,0.1945074,-0.03407475186030395,0.1945074
2287,0.1945074,-0.03407475186030395,0.1945074
2288,0.1945074,-0.03407475186030395,0.1945074
2289,0.1945074,-0.058669698870202444,0.1945074
2290,0.28337744,0.10933681109931234,0.28337744
2291,0.28337744,0.10933681109931234,0.28337744
2292,0.23180005,0.06779864769839627,0.23180005
2293,0.24063395,0.05081216155733913,0.24063395
2294,0.24063395,0.05081216155733913,0.24063395
2295,0.24063395,0.05081216155733913,0.24063395
2296,0.18193477,-0.06790939554253551,0.18193477
2297,0.28617883,0.049086939108942004,0.28617883
2298,0.18193477,-0.02597250950140256,0.18193477
2299,0.18193477,-0.02597250950140256,0.18193477
2300,0.18193306,-0.03191577254694931,0.18193306
2301,0.18193306,-0.03191577254694931,0.18193306
2302,0.29820776,0.0481171298025902,0.29820776
2303,0.29820776,0.0481171298025902,0.29820776
2304,0.29820776,0.0481171298025902,0.29820776
2305,0.29820776,0.0481171298025902,0.29820776
2306,0.29820776,0.0481171298025902,0.29820776
2307,0.29820776,0.0481171298025902,0.29820776
2308,0.29820776,0.0481171298025902,0.29820776
2309,0.29820776,0.0481171298025902,0.29820776
2310,0.29820776,0.0481171298025902,0.29820776
2311,0.29820776,0.051403908641007835,0.29820776
2312,0.29820853,0.26170628825871417,0.29820853
2313,0.29820853,0.26170628825871417,0.29820853
2314,0.29820853,0.12884304866420013,0.29820853
2315,0.29820853,0.26170628825871417,0.29820853
2316,0.29820853,0.26170628825871417,0.29820853
2317,0.29820853,0.12884304866420013,0.29820853
2318,0.24804132,0.06744556593307584,0.24804132
2319,0.24804132,0.06744556593307584,0.24804132
2320,0.24804132,0.06744556593307584,0.24804132
2321,0.24804132,0.06744556593307584,0.24804132
2322,0.24804132,0.06744556593307584,0.24804132
2323,0.24804132,0.06692440403710555,0.24804132
2324,0.24804132,0.06692440403710555,0.24804132
2325,0.24804132,0.06692440403710555,0.24804132
2326,0.2065838,0.011866695094285683,0.2065838
2327,0.2065838,0.011866695094285683,0.2065838
2328,0.2065838,0.011866695094285683,0.2065838
2329,0.2065838,0.011866695094285683,0.2065838
2330,0.2065838,0.011866695094285683,0.2065838
2331,0.24804132,0.06692440403710555,0.24804132
2332,0.24804132,0.06692440403710555,0.24804132
2333,0.22918907,0.012740503805269062,0.22918907
2334,0.1853488,-0.050445802240651615,0.1853488
2335,0.30073276,0.10147591098875752,0.30073276
2336,0.30073276,0.2524179316639898,0.30073276
2337,0.30073276,0.2524179316639898,0.30073276
2338,0.22922295,0.029707960243541758,0.22922295
2339,0.22922295,0.029707960243541758,0.22922295
2340,0.22922295,0.029707960243541758,0.22922295
2341,0.26926827,0.039174083237104605,0.26926827
2342,0.20759304,-0.03944209649757278,0.20759304
2343,0.20759304,-0.03944209649757278,0.20759304
2344,0.20759304,-0.03944209649757278,0.20759304
2345,0.20759304,-0.03944209649757278,0.20759304
2346,0.20759304,-0.03944209649757278,0.20759304
2347,0.20760049,-0.006352094975731047,0.20760049
2348,0.20760049,-0.006352094975731047,0.20760049
2349,0.20760049,-0.006352094975731047,0.20760049
2350,0.20760049,-0.006352094975731047,0.20760049
2351,0.20586327,-0.009763333561003378,0.20586327
2352,0.20586327,0.007451171248606485,0.20586327
2353,0.20586327,-0.009763333561003378,0.20586327
2354,0.20586327,-0.009763333561003378,0.20586327
2355,0.2683247,0.14481631344854498,0.2683247
2356,0.2683247,0.14481631344854498,0.2683247
2357,0.25657624,0.06766619331540082,0.25657624
2358,0.25657624,0.06766619331540082,0.25657624
2359,0.3308329,0.2003050519827042,0.3308329
2360,0.3308329,0.2003050519827042,0.3308329
2361,0.3308329,0.2003050519827042,0.3308329
2362,0.3308329,0.2003050519827042,0.3308329
2363,0.3308329,0.2003050519827042,0.3308329
2364,0.25087288,0.04015484314147397,0.25087288
2365,0.25087288,0.04015484314147397,0.25087288
2366,0.19831833,-0.15937455934614403,0.19831833
2367,0.19831833,-0.15937455934614403,0.19831833
2368,0.19831833,-0.15937455934614403,0.19831833
2369,0.19831833,-0.15937455934614403,0.19831833
2370,0.19831833,-0.15937455934614403,0.19831833
2371,0.19831833,-0.15937455934614403,0.19831833
2372,0.19831833,-0.15937455934614403,0.19831833
2373,0.26139304,0.08129302418598931,0.26139304
2374,0.26139304,0.08129302418598931,0.26139304
2375,0.26139304,0.08129302418598931,0.26139304
2376,0.1987446,-0.07865459529055695,0.1987446
2377,0.1987446,-0.07865459529055695,0.1987446
2378,0.1987446,-0.07865459529055695,0.1987446
2379,0.1987446,-0.07865459529055695,0.1987446
2380,0.1987446,-0.07865459529055695,0.1987446
2381,0.2008811,-0.005913610381679099,0.2008811
2382,0.25180653,0.05972311562663761,0.25180653
2383,0.34392443,0.0878736916951667,0.34392443
2384,0.22579238,0.005902515594319848,0.22579238
2385,0.24244861,0.07460000089510477,0.24244861
2386,0.24244861,0.07460000089510477,0.24244861
2387,0.24244861,0.07460000089510477,0.24244861
2388,0.24244861,0.050049299300866955,0.24244861
2389,0.24244861,0.07460000089510477,0.24244861
2390,0.24244861,0.07460000089510477,0.24244861
2391,0.24244861,0.07460000089510477,0.24244861
2392,0.24244861,0.050049299300866955,0.24244861
2393,0.24244861,0.07460000089510477,0.24244861
2394,0.24244861,0.07460000089510477,0.24244861
2395,0.24244861,0.07460000089510477,0.24244861
2396,0.24244861,0.07460000089510477,0.24244861
2397,0.24244861,0.07460000089510477,0.24244861
2398,0.24244861,0.07460000089510477,0.24244861
2399,0.24244861,0.07460000089510477,0.24244861
2400,0.24242082,0.05784467084691885,0.24242082
2401,0.24242082,0.05784467084691885,0.24242082
2402,0.24242082,-0.014753427524742707,0.24242082
2403,0.24242082,-0.014753427524742707,0.24242082
2404,0.24242082,-0.014753427524742707,0.24242082
2405,0.24242082,-0.014753427524742707,0.24242082
2406,0.24242082,-0.014753427524742707,0.24242082
2407,0.24242082,0.05784467084691885,0.24242082
2408,0.24242082,0.05784467084691885,0.24242082
2409,0.24242082,0.05784467084691885,0.24242082
2410,0.24242082,-0.014753427524742707,0.24242082
2411,0.24242082,-0.014753427524742707,0.24242082
2412,0.24242082,-0.014753427524742707,0.24242082
2413,0.24242082,-0.014753427524742707,0.24242082
2414,0.24242082,-0.014753427524742707,0.24242082
2415,0.14421302,-0.14974168133294297,0.14421302
2416,0.14421909,-0.16854033792216083,0.14421909
2417,0.14421909,-0.1411224358932637,0.14421909
2418,0.14421909,-0.1411224358932637,0.14421909
2419,0.14421909,-0.1411224358932637,0.14421909
2420,0.14421909,-0.1411224358932637,0.14421909
2421,0.3344694,0.19356583644921116,0.3344694
2422,0.3344694,0.19356583644921116,0.3344694
2423,0.33446628,-0.0308778434646285,0.33446628
2424,0.33446628,-0.0308778434646285,0.33446628
2425,0.33446628,-0.0308778434646285,0.33446628
2426,0.21420346,-0.050268072928175825,0.21420346
2427,0.29311964,0.0767448934623559,0.29311964
2428,0.29311964,0.047667209789731886,0.29311964
2429,0.2931144,0.31936113084998874,0.2931144
2430,0.2931144,0.31936113084998874,0.2931144
2431,0.22442728,0.013402360784174961,0.22442728
2432,0.22442728,0.04570034132080144,0.22442728
2433,0.22442728,0.03638483910412576,0.22442728
2434,0.22442728,0.03638483910412576,0.22442728
2435,0.17812447,0.0005093611109131492,0.17812447
2436,0.19242153,-0.03531036444905562,0.19242153
2437,0.18210976,-0.025398520692643624,0.18210976
2438,0.36062297,0.2297679000646016,0.36062297
2439,0.230801,0.04795808769187108,0.230801
2440,0.230801,0.04795808769187108,0.230801
2441,0.230801,0.04795808769187108,0.230801
2442,0.230801,0.04795808769187108,0.230801
2443,0.230801,0.04795808769187108,0.230801
2444,0.230801,0.04795808769187108,0.230801
2445,0.230801,0.04795808769187108,0.230801
2446,0.230801,0.04795808769187108,0.230801
2447,0.23080385,0.03596129335931701,0.23080385
2448,0.23080385,0.03596129335931701,0.23080385
2449,0.23080385,0.03596129335931701,0.23080385
2450,0.23080385,0.03596129335931701,0.23080385
2451,0.23080385,0.03596129335931701,0.23080385
2452,0.23080385,0.03596129335931701,0.23080385
2453,0.24851865,0.06441140106427481,0.24851865
2454,0.16793872,-0.029954060237049697,0.16793872
2455,0.16793872,-0.029954060237049697,0.16793872
2456,0.16793872,-0.029954060237049697,0.16793872
2457,0.25380892,0.017284869622263693,0.25380892
2458,0.1684772,-0.06482383338622465,0.1684772
2459,0.1684772,-0.06482383338622465,0.1684772
2460,0.1684772,-0.06482383338622465,0.1684772
2461,0.24762204,0.09825606960901308,0.24762204
2462,0.17345057,0.0029060698721910957,0.17345057
2463,0.16793872,-0.029954060237049697,0.16793872
2464,0.17345057,0.0029060698721910957,0.17345057
2465,0.20458323,-0.02601046123036311,0.20458323
2466,0.19240987,-0.061163996498443854,0.19240987
2467,0.23728935,0.014596130022262278,0.23728935
2468,0.23887159,0.04599667177273878,0.23887159
2469,0.2437807,0.06022553366511005,0.2437807
2470,0.20850568,-0.026771997142337134,0.20850568
2471,0.20850568,-0.026771997142337134,0.20850568
2472,0.20850568,-0.026771997142337134,0.20850568
2473,0.27104682,0.09385005479783641,0.27104682
2474,0.27081105,0.11318288782888974,0.27081105
2475,0.23883837,0.11065745277268134,0.23883837
2476,0.23883837,0.11065745277268134,0.23883837
2477,0.23883837,0.015058578225192793,0.23883837
2478,0.23883837,0.11065745277268134,0.23883837
2479,0.20964772,0.008958398365195321,0.20964772
2480,0.20964772,0.008958398365195321,0.20964772
2481,0.20964772,0.008958398365195321,0.20964772
2482,0.26898363,0.10897689509089464,0.26898363
2483,0.26898363,0.10897689509089464,0.26898363
2484,0.26898363,0.10897689509089464,0.26898363
2485,0.26898363,0.10897689509089464,0.26898363
2486,0.35365683,0.09316377853822612,0.35365683
2487,0.23022938,0.040006354527891315,0.23022938
2488,0.29914096,0.16649251520965402,0.29914096
2489,0.29914096,0.16649251520965402,0.29914096
2490,0.22985378,0.09453378400172244,0.22985378
2491,0.22985378,0.09453378400172244,0.22985378
2492,0.1852983,-0.20712331755514604,0.1852983
2493,0.23903057,0.10484495177399221,0.23903057
2494,0.39363283,0.11435361859533369,0.39363283
2495,0.23893814,0.03677570707661867,0.23893814
2496,0.2507265,-0.020065333249753438,0.2507265
2497,0.2507265,-0.020065333249753438,0.2507265
2498,0.2507265,-0.020065333249753438,0.2507265
2499,0.29826263,0.1407588695467585,0.29826263
2500,0.29826263,0.1407588695467585,0.29826263
2501,0.20866507,-0.059767844954774434,0.20866507
2502,0.20866507,-0.059767844954774434,0.20866507
2503,0.22149885,0.040845000327002286,0.22149885
2504,0.2884665,0.15358427267052915,0.2884665
2505,0.2884665,0.15358427267052915,0.2884665
2506,0.2884665,0.15358427267052915,0.2884665
2507,0.20543191,-0.0057318674447907735,0.20543191
2508,0.20543191,-0.0057318674447907735,0.20543191
2509,0.19177832,-0.05056280327735842,0.19177832
2510,0.29537204,0.07607121295568951,0.29537204
2511,0.29537204,0.07607121295568951,0.29537204
2512,0.2884665,0.15358427267052915,0.2884665
2513,0.16651832,-0.06359497772442808,0.16651832
2514,0.17062248,-0.044892137907287494,0.17062248
2515,0.17531127,-0.05753693750368751,0.17531127
2516,0.15202814,-0.08838257879851538,0.15202814
2517,0.19752519,-0.028972185069224634,0.19752519
2518,0.18717857,-0.009546748422155122,0.18717857
2519,0.20361398,0.007757386290404138,0.20361398
2520,0.1747844,-0.07172368785976492,0.1747844
2521,0.21628316,-0.013388792592033754,0.21628316
2522,0.225833,0.04289002425438801,0.225833
2523,0.3087328,0.02724628063098173,0.3087328
2524,0.29900137,0.15628951753515632,0.29900137
2525,0.2572097,0.1150264667710032,0.2572097
2526,0.3985498,-0.022663651992719677,0.3985498
2527,0.16846369,-0.0946233023204333,0.16846369
2528,0.16846369,-0.09635231590818748,0.16846369
2529,0.36891213,0.2628194843350057,0.36891213
2530,0.36891213,0.18300089318681023,0.36891213
2531,0.1724526,-0.044112405871925074,0.1724526
2532,0.1724526,-0.04789997094196759,0.1724526
2533,0.16621424,-0.012799681856228812,0.16621424
2534,0.16621424,-0.04837070250923422,0.16621424
2535,0.21206358,-0.06780719682365417,0.21206358
2536,0.21206358,-0.06780719682365417,0.21206358
2537,0.28277087,0.10933681109931234,0.28277087
2538,0.2824072,0.11914059543104198,0.2824072
2539,0.26455593,0.08552389617479679,0.26455593
2540,0.22018313,0.004413651391729237,0.22018313
2541,0.21008807,-0.02410386717337826,0.21008807
2542,0.21008807,-0.02410386717337826,0.21008807
2543,0.26759988,0.10343515467403892,0.26759988
2544,0.14863887,-0.05800960779476707,0.14863887
2545,0.12201031,0.0925140293955625,0.12201031
2546,0.23753539,0.05836225211655335,0.23753539
2547,0.105826125,-0.3426550088432842,0.105826125
2548,0.105826125,-0.3426550088432842,0.105826125
2549,0.105826125,-0.3426550088432842,0.105826125
2550,0.14784856,-0.07254194531063173,0.14784856
2551,0.14784856,-0.07254194531063173,0.14784856
2552,0.14784856,-0.07254194531063173,0.14784856
2553,0.14784856,-0.07093679453658694,0.14784856
2554,0.15866087,-0.040199549772617374,0.15866087
2555,0.15866087,-0.040199549772617374,0.15866087
2556,0.15914115,-0.011506776558140662,0.15914115
2557,0.21253258,0.022187301641413287,0.21253258
2558,0.21253258,0.022187301641413287,0.21253258
2559,0.21253258,0.016415137216209873,0.21253258
2560,0.21048479,0.005115016320005521,0.21048479
2561,0.21048479,-0.009042796505176467,0.21048479
2562,0.24581078,0.09950881969470185,0.24581078
2563,0.30554068,-0.028759558116269627,0.30554068
2564,0.14923827,0.043709119632486734,0.14923827
2565,0.25020486,0.017836003465347187,0.25020486
2566,0.25020486,0.017836003465347187,0.25020486
2567,0.21324752,0.06616465388643052,0.21324752
2568,0.21324752,0.06616465388643052,0.21324752
2569,0.3538803,0.2715959192855435,0.3538803
2570,0.25600457,0.03045109222358473,0.25600457
2571,0.25600457,0.03045109222358473,0.25600457
2572,0.2817444,0.08391981981662734,0.2817444
2573,0.2817444,0.08391981981662734,0.2817444
2574,0.28178057,0.18097159395438517,0.28178057
2575,0.28178057,0.18097159395438517,0.28178057
2576,0.28178057,0.18097159395438517,0.28178057
2577,0.2524281,0.08009089202249221,0.2524281
2578,0.2524281,0.014239612670593219,0.2524281
2579,0.25707358,0.10331792140386692,0.25707358
2580,0.16927296,-0.015344610122816855,0.16927296
2581,0.23585074,0.10795510694910375,0.23585074
2582,0.16927727,-0.1255952236407698,0.16927727
2583,0.2304766,-0.0329236362150359,0.2304766
2584,0.2304766,-0.0329236362150359,0.2304766
2585,0.18500137,-0.02900271297963937,0.18500137
2586,0.18500137,-0.02900271297963937,0.18500137
2587,0.18500137,-0.02900271297963937,0.18500137
2588,0.18500137,-0.02900271297963937,0.18500137
2589,0.18499143,-0.0038440393946148387,0.18499143
2590,0.19034865,-0.034088335385227396,0.19034865
2591,0.19034865,-0.034088335385227396,0.19034865
2592,0.19034865,-0.034088335385227396,0.19034865
2593,0.19033687,-0.0077444485810665145,0.19033687
2594,0.19033687,-0.0077444485810665145,0.19033687
2595,0.19033687,-0.0077444485810665145,0.19033687
2596,0.19033687,-0.0077444485810665145,0.19033687
2597,0.22304927,0.031376851361424,0.22304927
2598,0.19224925,-0.008095397795379152,0.19224925
2599,0.19224925,-0.008095397795379152,0.19224925
2600,0.19224925,-0.008095397795379152,0.19224925
2601,0.19224925,-0.008095397795379152,0.19224925
2602,0.19224925,-0.008095397795379152,0.19224925
2603,0.19138403,-0.06385019249453336,0.19138403
2604,0.19138403,-0.06385019249453336,0.19138403
2605,0.19138403,-0.06385019249453336,0.19138403
2606,0.19138403,-0.06385019249453336,0.19138403
2607,0.25378242,0.12284923433351308,0.25378242
2608,0.18686084,-0.016064177505591457,0.18686084
2609,0.25662196,0.12972367286939832,0.25662196
2610,0.29173693,0.07034420895110227,0.29173693
2611,0.44967526,-0.14995925517678474,0.44967526
2612,0.2561713,0.05562701481388654,0.2561713
2613,0.2742035,0.017626893459722542,0.2742035
2614,0.20355587,-0.1229892594297956,0.20355587
2615,0.20355587,-0.1229892594297956,0.20355587
2616,0.20355587,-0.1229892594297956,0.20355587
2617,0.2322536,-0.1849655558612203,0.2322536
2618,0.13440698,-0.14025498723883428,0.13440698
2619,0.13440698,-0.10974911896861067,0.13440698
2620,0.1501637,-0.11544240342055462,0.1501637
2621,0.1501637,-0.11544240342055462,0.1501637
2622,0.1501637,-0.1124892155733535,0.1501637
2623,0.1501637,-0.11544240342055462,0.1501637
2624,0.1501637,-0.11544240342055462,0.1501637
2625,0.1501637,-0.11544240342055462,0.1501637
2626,0.1501637,-0.11544240342055462,0.1501637
2627,0.1501637,-0.1124892155733535,0.1501637
2628,0.1501637,-0.11544240342055462,0.1501637
2629,0.1501637,-0.11544240342055462,0.1501637
2630,0.1501637,-0.11544240342055462,0.1501637
2631,0.1501637,-0.11544240342055462,0.1501637
2632,0.1501637,-0.11544240342055462,0.1501637
2633,0.1501637,-0.11544240342055462,0.1501637
2634,0.19980916,-0.04661786750145584,0.19980916
2635,0.19980916,-0.04661786750145584,0.19980916
2636,0.19980916,-0.04661786750145584,0.19980916
2637,0.19980916,-0.04661786750145584,0.19980916
2638,0.19980916,-0.04661786750145584,0.19980916
2639,0.19980916,-0.04661786750145584,0.19980916
2640,0.28245384,-0.0007786444959098711,0.28245384
2641,0.2650569,0.06015859482685525,0.2650569
2642,0.23296453,-0.027711033304967624,0.23296453
2643,0.23296453,-0.027711033304967624,0.23296453
2644,0.23296453,-0.027711033304967624,0.23296453
2645,0.23296453,-0.027711033304967624,0.23296453
2646,0.22904357,0.032031471927869086,0.22904357
2647,0.22904357,0.032031471927869086,0.22904357
2648,0.22904357,0.032031471927869086,0.22904357
2649,0.22904357,0.032031471927869086,0.22904357
2650,0.2868098,0.12486793228590218,0.2868098
2651,0.31101704,0.29328206682013525,0.31101704
2652,0.31101704,0.29328206682013525,0.31101704
2653,0.31101704,0.29328206682013525,0.31101704
2654,0.10910288,-0.3221152392067564,0.10910288
2655,0.17857035,-0.03717290615190921,0.17857035
2656,0.18608838,-0.0696600909057018,0.18608838
2657,0.15627845,-0.10497000399132814,0.15627845
2658,0.15627845,-0.10497000399132814,0.15627845
2659,0.22011487,0.043476648776741546,0.22011487
2660,0.22011487,0.043476648776741546,0.22011487
2661,0.32611632,0.20666568214038747,0.32611632
2662,0.1736861,-0.030162637078613257,0.1736861
2663,0.17548788,-0.10322505603405623,0.17548788
2664,0.17548788,-0.03291543404522751,0.17548788
2665,0.17548788,-0.10322505603405623,0.17548788
2666,0.17548788,-0.03291543404522751,0.17548788
2667,0.16653652,-0.029907211116560247,0.16653652
2668,0.2299719,0.02225761704169855,0.2299719
2669,0.263064,0.13398800240839356,0.263064
2670,0.1908706,-0.04623376749349141,0.1908706
2671,0.20636457,0.0032944822988555905,0.20636457
2672,0.20636457,0.0032944822988555905,0.20636457
2673,0.20636457,0.0032944822988555905,0.20636457
2674,0.2571711,0.038216343033764984,0.2571711
2675,0.1891461,-0.11283666872759952,0.1891461
2676,0.14248821,-0.19752386883838535,0.14248821
2677,0.18011066,-0.029163976705621243,0.18011066
2678,0.2696463,0.0812968525514615,0.2696463
2679,0.32077947,0.11851104993844747,0.32077947
2680,0.16312589,-0.05523114803643633,0.16312589
2681,0.16312589,-0.05523114803643633,0.16312589
2682,0.16312589,-0.05523114803643633,0.16312589
2683,0.16312589,-0.05523114803643633,0.16312589
2684,0.16312589,-0.05523114803643633,0.16312589
2685,0.16312589,-0.05523114803643633,0.16312589
2686,0.18896289,-0.08563785198067361,0.18896289
2687,0.18896289,-0.08563785198067361,0.18896289
2688,0.18896289,-0.18593229648671653,0.18896289
2689,0.28410485,0.0669312098546389,0.28410485
2690,0.2796203,0.18155951583169144,0.2796203
2691,0.24858534,-0.01203652420534239,0.24858534
2692,0.14921653,-0.10725372609916166,0.14921653
2693,0.27541652,0.07466000287500889,0.27541652
2694,0.27542058,0.018675243706221912,0.27542058
2695,0.26081252,0.17047564407750845,0.26081252
2696,0.32136428,0.152407430453889,0.32136428
2697,0.3301665,0.1321690743107717,0.3301665
2698,0.3301665,0.11981420209547751,0.3301665
2699,0.20441116,-0.055372430004766326,0.20441116
2700,0.20441116,-0.1089809215858754,0.20441116
2701,0.2725251,0.08256896369625188,0.2725251
2702,0.23482767,0.2135256924245482,0.23482767
2703,0.23482767,0.2135256924245482,0.23482767
2704,0.23482767,0.2135256924245482,0.23482767
2705,0.24565034,0.06882462437225575,0.24565034
2706,0.24875394,0.0878879031961489,0.24875394
2707,0.24875394,0.0878879031961489,0.24875394
2708,0.21460845,0.031729033327899614,0.21460845
2709,0.21460845,0.031729033327899614,0.21460845
2710,0.21460845,0.031729033327899614,0.21460845
2711,0.23482767,0.20066987824675997,0.23482767
2712,0.24565034,0.06882462437225575,0.24565034
2713,0.19827613,-0.10185644999385912,0.19827613
2714,0.25055617,0.18315237677742274,0.25055617
2715,0.17607667,0.03877233165768675,0.17607667
2716,0.23768654,0.07920494940266515,0.23768654
2717,0.16899356,-0.03689796254749065,0.16899356
2718,0.30169252,0.21390342695880693,0.30169252
2719,0.3032799,0.07527270949127593,0.3032799
2720,0.18353675,-0.011654076271632115,0.18353675
2721,0.18353675,-0.011654076271632115,0.18353675
2722,0.22618355,0.027381831085813917,0.22618355
2723,0.19019306,-0.09851505093149354,0.19019306
2724,0.19019306,-0.03724823492276612,0.19019306
2725,0.26368272,0.05596939186726058,0.26368272
2726,0.22398713,0.008853375395584178,0.22398713
2727,0.22398713,0.008853375395584178,0.22398713
2728,0.28745452,0.10199118327543868,0.28745452
2729,0.28745452,0.10199118327543868,0.28745452
2730,0.20168777,-0.005686954860972062,0.20168777
2731,0.20168777,-0.005686954860972062,0.20168777
2732,0.20168777,0.020428679328421618,0.20168777
2733,0.20168777,-0.005686954860972062,0.20168777
2734,0.20168777,-0.005686954860972062,0.20168777
2735,0.20168777,-0.005686954860972062,0.20168777
2736,0.20168777,-0.005686954860972062,0.20168777
2737,0.20168777,-0.005686954860972062,0.20168777
2738,0.20168777,-0.005686954860972062,0.20168777
2739,0.20168777,0.020428679328421618,0.20168777
2740,0.20168777,0.020428679328421618,0.20168777
2741,0.20168777,-0.005686954860972062,0.20168777
2742,0.20168777,-0.005686954860972062,0.20168777
2743,0.20168777,-0.005686954860972062,0.20168777
2744,0.20168777,-0.005686954860972062,0.20168777
2745,0.18259946,-0.03098486136348777,0.18259946
2746,0.18259946,-0.03098486136348777,0.18259946
2747,0.20125063,-0.03288578979102898,0.20125063
2748,0.2190891,-0.019535692058686636,0.2190891
2749,0.14825098,-0.08214403443976923,0.14825098
2750,0.19600284,-0.12392931347421407,0.19600284
2751,0.18667786,-0.060079049009604035,0.18667786
2752,0.27184752,0.08962553568531079,0.27184752
2753,0.19165315,-0.03128737872683009,0.19165315
2754,0.22860959,0.07587625453748956,0.22860959
2755,0.22860959,0.07587625453748956,0.22860959
2756,0.22860959,0.07587625453748956,0.22860959
2757,0.22860959,0.07587625453748956,0.22860959
2758,0.23462835,0.12434268181761639,0.23462835
2759,0.23462835,0.12434268181761639,0.23462835
2760,0.22861136,-0.022316960300641023,0.22861136
2761,0.22861136,-0.022316960300641023,0.22861136
2762,0.22861136,-0.022316960300641023,0.22861136
2763,0.22861136,-0.022316960300641023,0.22861136
2764,0.23528087,-0.028228301048557045,0.23528087
2765,0.23528087,-0.028228301048557045,0.23528087
2766,0.23528087,-0.028228301048557045,0.23528087
2767,0.20294574,-0.010858719281324024,0.20294574
2768,0.20741561,-0.031416405155243,0.20741561
2769,0.20741561,-0.031416405155243,0.20741561
2770,0.20741561,-0.031416405155243,0.20741561
2771,0.20741561,-0.031416405155243,0.20741561
2772,0.20708355,0.013494255253949363,0.20708355
2773,0.20708355,0.013494255253949363,0.20708355
2774,0.20708355,0.013494255253949363,0.20708355
2775,0.20708355,0.013494255253949363,0.20708355
2776,0.20708355,0.013494255253949363,0.20708355
2777,0.20708355,0.013494255253949363,0.20708355
2778,0.20708355,0.013494255253949363,0.20708355
2779,0.20708355,0.013494255253949363,0.20708355
2780,0.20708355,0.013494255253949363,0.20708355
2781,0.29785267,0.20901911251636482,0.29785267
2782,0.29785267,0.20901911251636482,0.29785267
2783,0.29785267,0.20901911251636482,0.29785267
2784,0.29785267,0.20901911251636482,0.29785267
2785,0.29785267,0.20901911251636482,0.29785267
2786,0.27819374,0.09517716678569339,0.27819374
2787,0.27819374,0.09517716678569339,0.27819374
2788,0.27819374,0.09517716678569339,0.27819374
2789,0.29882562,0.24322627988471368,0.29882562
2790,0.29882562,0.24322627988471368,0.29882562
2791,0.29882562,0.24322627988471368,0.29882562
2792,0.20939092,-0.07704547834177633,0.20939092
2793,0.23735972,0.023977173308553278,0.23735972
2794,0.22818294,0.02497800293020644,0.22818294
2795,0.22490092,-0.03953787960729433,0.22490092
2796,0.1788302,-0.008150816527139459,0.1788302
2797,0.23655532,0.12442514935704387,0.23655532
2798,0.2846039,0.08791345678030994,0.2846039
2799,0.20143129,-0.0006759299169976022,0.20143129
2800,0.2008879,-0.06297813660495477,0.2008879
2801,0.2008879,-0.06297813660495477,0.2008879
2802,0.21549709,-0.06452331958094401,0.21549709
2803,0.21549709,-0.06452331958094401,0.21549709
2804,0.21549709,-0.06452331958094401,0.21549709
2805,0.21549709,-0.06452331958094401,0.21549709
2806,0.23679356,0.12486518449442144,0.23679356
2807,0.24318309,0.08678913739791018,0.24318309
2808,0.24968694,0.06234738067263354,0.24968694
2809,0.24462059,0.005200370527539971,0.24462059
2810,0.24462059,0.005200370527539971,0.24462059
2811,0.2036461,0.0022831452646070952,0.2036461
2812,0.2036461,0.0022831452646070952,0.2036461
2813,0.21733794,0.0596684403103096,0.21733794
2814,0.21733794,0.0596684403103096,0.21733794
2815,0.21733794,0.0596684403103096,0.21733794
2816,0.29026192,0.09478062895980299,0.29026192
2817,0.25180703,0.0019970536272555235,0.25180703
2818,0.20914915,-0.012294291747404885,0.20914915
2819,0.20426272,-0.023078881257758803,0.20426272
2820,0.24462059,0.005200370527539971,0.24462059
2821,0.17867394,-0.03282525577958656,0.17867394
2822,0.2515029,0.07021360398986878,0.2515029
2823,0.24786946,0.009583946101884955,0.24786946
2824,0.24786946,0.009583946101884955,0.24786946
2825,0.229328,0.01840275900248254,0.229328
2826,0.1688994,-0.03211031746582192,0.1688994
2827,0.20472002,-0.0022425079984920784,0.20472002
2828,0.20619097,-0.030441857672562404,0.20619097
2829,0.1772661,-0.007290609422347892,0.1772661
2830,0.2825066,0.07113850443789714,0.2825066
2831,0.16253608,-0.034161679580459556,0.16253608
2832,0.20487362,-0.008426680973426902,0.20487362
2833,0.26655588,0.16282662067429193,0.26655588
2834,0.20033938,0.011018258198830911,0.20033938
2835,0.1817452,-0.054368686901746774,0.1817452
2836,0.2653031,0.046818331155589386,0.2653031
2837,0.17556135,0.009756316088874974,0.17556135
2838,0.23738918,0.021768325443812034,0.23738918
2839,0.13549514,-0.05652041547194101,0.13549514
2840,0.13549514,-0.05652041547194101,0.13549514
2841,0.25936708,0.0803308697830709,0.25936708
2842,0.20262708,0.002170028695635199,0.20262708
2843,0.20262708,0.002170028695635199,0.20262708
2844,0.30901957,0.17640051024085004,0.30901957
2845,0.20898806,-0.041050778686546475,0.20898806
2846,0.22061689,0.014734085768376105,0.22061689
2847,0.26933116,0.04047850018768355,0.26933116
2848,0.30349037,0.21483820992659805,0.30349037
2849,0.2693322,0.160528095916165,0.2693322
2850,0.17894915,-0.07228416519292108,0.17894915
2851,0.2274906,0.0026156286854285326,0.2274906
2852,0.13862896,-0.04062292960839284,0.13862896
2853,0.28924072,-0.020237729626707446,0.28924072
2854,0.29350463,0.10107780872745392,0.29350463
2855,0.18478817,-0.02654314264693029,0.18478817
2856,0.3083762,0.3254947607440463,0.3083762
2857,0.22915833,0.06161458629895135,0.22915833
2858,0.22552171,0.2346657949342006,0.22552171
2859,0.28455856,0.13816290310204507,0.28455856
2860,0.28455856,0.16151437539103178,0.28455856
2861,0.2471095,0.07399619678490343,0.2471095
2862,0.2471095,0.07399619678490343,0.2471095
2863,0.24701487,0.04806967274171911,0.24701487
2864,0.24701487,0.04806967274171911,0.24701487
2865,0.24701487,0.048668183109272276,0.24701487
2866,0.20967588,-0.015941911318221397,0.20967588
2867,0.20346367,-0.04302939240270422,0.20346367
2868,0.19141692,-0.02518559899932867,0.19141692
2869,0.15841301,-0.11615799555014486,0.15841301
2870,0.15841301,-0.038929002491365695,0.15841301
2871,0.15841301,-0.11615799555014486,0.15841301
2872,0.23539643,0.02827501857487218,0.23539643
2873,0.23539643,0.02827501857487218,0.23539643
2874,0.23539643,0.02827501857487218,0.23539643
2875,0.23539643,0.02827501857487218,0.23539643
2876,0.20767374,0.0025597775176127453,0.20767374
2877,0.23247895,0.09152200497198726,0.23247895
2878,0.20908773,-0.031139777983211776,0.20908773
2879,0.20908773,-0.021656435071975465,0.20908773
2880,0.20908773,-0.031139777983211776,0.20908773
2881,0.18688263,-0.0060105467837426145,0.18688263
2882,0.22108395,0.018476937888935858,0.22108395
2883,0.22108395,0.018476937888935858,0.22108395
2884,0.23357517,0.03240324895349981,0.23357517
2885,0.40215105,0.06663497571395512,0.40215105
2886,0.15713121,-0.07026855650527053,0.15713121
2887,0.18163073,-0.015063934758610512,0.18163073
2888,0.18163073,-0.017613938037434426,0.18163073
2889,0.18163073,-0.014780646219514061,0.18163073
2890,0.2721121,0.0549516684541689,0.2721121
2891,0.16500627,-0.05104724018890049,0.16500627
2892,0.08605172,-0.007190771342391886,0.08605172
2893,0.14179297,-0.018090820595973098,0.14179297
2894,0.14179297,-0.018090820595973098,0.14179297
2895,0.14679137,-0.03711928718838136,0.14679137
2896,0.14679137,-0.03711928718838136,0.14679137
2897,0.14679137,-0.027725752371378625,0.14679137
2898,0.34415567,0.12124836781819633,0.34415567
2899,0.23437959,-0.00883966369045775,0.23437959
2900,0.23437959,0.08253561386236033,0.23437959
2901,0.2775026,0.1474661113454689,0.2775026
2902,0.14039661,-0.03758437031554241,0.14039661
2903,0.14039661,-0.03758437031554241,0.14039661
2904,0.20620838,0.03455589838831352,0.20620838
2905,0.20810348,0.028642776911325375,0.20810348
2906,0.20810348,0.0036860323924808027,0.20810348
2907,0.25408542,0.15187642021563286,0.25408542
2908,0.20822676,-0.0087285780692401,0.20822676
2909,0.16867363,-0.037967034743509424,0.16867363
2910,0.16867363,-0.0506242019247837,0.16867363
2911,0.3342585,0.13968923398833274,0.3342585
2912,0.285841,0.041272350101304325,0.285841
2913,0.20976268,-0.02035034793769415,0.20976268
2914,0.16867363,-0.0506242019247837,0.16867363
2915,0.3342585,0.13968923398833274,0.3342585
2916,0.27811345,0.13927093825215034,0.27811345
2917,0.27811345,0.19124704654462438,0.27811345
2918,0.16162756,-0.015318061950595277,0.16162756
2919,0.16319667,-0.053534617332722426,0.16319667
2920,0.17382737,-0.026322553468683983,0.17382737
2921,0.19104114,-0.05852227879190182,0.19104114
2922,0.27344078,0.018739867313660414,0.27344078
2923,0.26619232,0.03738418453823578,0.26619232
2924,0.22679158,-0.05527375705460896,0.22679158
2925,0.31326503,0.1800798848797428,0.31326503
2926,0.3000757,0.2035519534929109,0.3000757
2927,0.18892425,-0.047431889284161415,0.18892425
2928,0.18892425,-0.047431889284161415,0.18892425
2929,0.18892425,-0.047431889284161415,0.18892425
2930,0.18892425,-0.047431889284161415,0.18892425
2931,0.18892425,-0.047431889284161415,0.18892425
2932,0.16838722,-0.03510459293943262,0.16838722
2933,0.16838722,-0.03510459293943262,0.16838722
2934,0.16838722,-0.03510459293943262,0.16838722
2935,0.16838722,-0.03510459293943262,0.16838722
2936,0.20465381,-0.05923331482367572,0.20465381
2937,0.20465381,-0.05923331482367572,0.20465381
2938,0.20465381,-0.05923331482367572,0.20465381
2939,0.23945424,0.12963010344451334,0.23945424
2940,0.21786097,0.047267919860705915,0.21786097
2941,0.16794124,-0.1672593748815959,0.16794124
2942,0.18097815,-0.19754597074046873,0.18097815
2943,0.18097815,-0.06999371661650328,0.18097815
2944,0.278506,0.24993721006353276,0.278506
2945,0.31563294,0.21137364665865183,0.31563294
2946,0.17961028,-0.04508593173213073,0.17961028
2947,0.17784007,-0.028051392567959486,0.17784007
2948,0.23212758,-0.04836955952660148,0.23212758
2949,0.16341445,-0.07162522485711935,0.16341445
2950,0.16341445,-0.1225163455185475,0.16341445
2951,0.16341445,-0.07162522485711935,0.16341445
2952,0.16341445,-0.09450989417965035,0.16341445
2953,0.16341445,-0.07162522485711935,0.16341445
2954,0.16341445,-0.1225163455185475,0.16341445
2955,0.16341445,-0.07162522485711935,0.16341445
2956,0.16341445,-0.07162522485711935,0.16341445
2957,0.16341445,-0.07162522485711935,0.16341445
2958,0.16341445,-0.07162522485711935,0.16341445
2959,0.16341445,-0.07162522485711935,0.16341445
2960,0.16341445,-0.1225163455185475,0.16341445
2961,0.16341445,-0.07162522485711935,0.16341445
2962,0.16341445,-0.07162522485711935,0.16341445
2963,0.16341445,-0.1225163455185475,0.16341445
2964,0.16341445,-0.07162522485711935,0.16341445
2965,0.16341445,-0.07162522485711935,0.16341445
2966,0.16341445,-0.07162522485711935,0.16341445
2967,0.16341445,-0.07162522485711935,0.16341445
2968,0.28043434,0.046545848747330226,0.28043434
2969,0.28043434,0.046545848747330226,0.28043434
2970,0.14007224,-0.1233877488902131,0.14007224
2971,0.14007224,-0.1233877488902131,0.14007224
2972,0.14007224,-0.1233877488902131,0.14007224
2973,0.14007224,-0.1233877488902131,0.14007224
2974,0.14007224,-0.1233877488902131,0.14007224
2975,0.14007224,-0.1233877488902131,0.14007224
2976,0.14007224,-0.1233877488902131,0.14007224
2977,0.38262352,0.39314063672229244,0.38262352
2978,0.38262352,0.04317385426813293,0.38262352
2979,0.33109903,0.13949123320642795,0.33109903
2980,0.20646138,0.12347631041086375,0.20646138
2981,0.11900336,-0.07794048033335771,0.11900336
2982,0.17959438,-0.019668047714758927,0.17959438
2983,0.1587041,-0.025808425403841043,0.1587041
2984,0.20428297,0.035562825218379876,0.20428297
2985,0.14653996,-0.19347476641157496,0.14653996
2986,0.20318371,-0.016593072627078802,0.20318371
2987,0.24769898,0.18477388611574802,0.24769898
2988,0.24769898,0.18477388611574802,0.24769898
2989,0.24513516,0.011029523791953317,0.24513516
2990,0.29805657,0.11247101872221496,0.29805657
2991,0.29805657,0.11247101872221496,0.29805657
2992,0.29805657,0.1284982667958116,0.29805657
2993,0.19503446,-0.11706607287255612,0.19503446
2994,0.19503446,-0.11706607287255612,0.19503446
2995,0.130561,-0.21798290074391735,0.130561
2996,0.130561,-0.21798290074391735,0.130561
2997,0.15797246,-0.028086589333168793,0.15797246
2998,0.15797246,-0.023269324919681915,0.15797246
2999,0.20077735,0.024915161849672192,0.20077735
3000,0.20077735,0.0431642745944181,0.20077735
3001,0.17369494,-0.04481471932751829,0.17369494
3002,0.22247489,0.04622222257848966,0.22247489
3003,0.17518048,-0.03570480864096405,0.17518048
3004,0.22874291,0.08071299591159688,0.22874291
3005,0.28135705,0.21269264540985433,0.28135705
3006,0.28259662,-0.03899455596216213,0.28259662
3007,0.22835235,0.04403928843978735,0.22835235
3008,0.33778617,0.11485936415312623,0.33778617
3009,0.18382604,-0.016946548225061468,0.18382604
3010,0.17850685,-0.04077695967760879,0.17850685
3011,0.35128903,0.010642453453201304,0.35128903
3012,0.33271626,0.17096214151735992,0.33271626
3013,0.19060975,-0.2045214446076295,0.19060975
3014,0.2488853,-0.051530489847120754,0.2488853
3015,0.2760603,0.17905867663251443,0.2760603
3016,0.20259653,-0.01661337536635384,0.20259653
3017,0.20259653,0.014980091192579344,0.20259653
3018,0.17363682,-0.02095603412009044,0.17363682
3019,0.1957446,-0.04770233915572816,0.1957446
3020,0.19621344,-0.15915381259675934,0.19621344
3021,0.19621344,-0.05018365886496591,0.19621344
3022,0.17166641,-0.01692173065979121,0.17166641
3023,0.14318568,-0.07447885682460766,0.14318568
3024,0.2118461,-0.02376200627714189,0.2118461
3025,0.21480836,0.027287921660931858,0.21480836
3026,0.27422875,0.24945682836745817,0.27422875
3027,0.21238895,0.06429179143171979,0.21238895
3028,0.21103899,-0.06649063218837684,0.21103899
3029,0.24803257,0.013242027619182256,0.24803257
3030,0.29404277,0.06517276846453061,0.29404277
3031,0.2582709,0.16714179789623823,0.2582709
3032,0.30425948,0.12067550456771277,0.30425948
3033,0.30425948,0.14453156118522625,0.30425948
3034,0.1816792,-0.06153899533185933,0.1816792
3035,0.19728215,-0.07453001186925091,0.19728215
3036,0.19192486,-0.13852418691127674,0.19192486
3037,0.091947645,-0.07647736347380768,0.091947645
3038,0.091947645,-0.07647736347380768,0.091947645
3039,0.24714282,0.12152349446718429,0.24714282
3040,0.26560214,0.1634772567665505,0.26560214
3041,0.2407152,0.13698885840593786,0.2407152
3042,0.28707495,0.0952155444430192,0.28707495
3043,0.28707495,0.14247230435867708,0.28707495
3044,0.2407152,0.13698885840593786,0.2407152
3045,0.22093563,-0.01577250629517364,0.22093563
3046,0.2737406,0.13640142569468527,0.2737406
3047,0.19030887,-0.017061554491379218,0.19030887
3048,0.26602024,0.16462737382150344,0.26602024
3049,0.20622842,-0.046402396750343744,0.20622842
3050,0.31731394,0.22193950861788658,0.31731394
3051,0.31731394,0.22193950861788658,0.31731394
3052,0.3047426,0.22590806075415465,0.3047426
3053,0.18924826,-0.025571622129478715,0.18924826
3054,0.18924826,-0.025571622129478715,0.18924826
3055,0.18924826,-0.025571622129478715,0.18924826
3056,0.18924826,-0.025571622129478715,0.18924826
3057,0.18924826,-0.025571622129478715,0.18924826
3058,0.18924826,-0.025571622129478715,0.18924826
3059,0.18924826,-0.025571622129478715,0.18924826
3060,0.18924826,-0.025571622129478715,0.18924826
3061,0.18924826,-0.025571622129478715,0.18924826
3062,0.18924826,-0.025571622129478715,0.18924826
3063,0.26534614,0.0725398563238619,0.26534614
3064,0.2356506,-0.026998372802996225,0.2356506
3065,0.2356506,0.025274316679337196,0.2356506
3066,0.19545351,-0.030425479484771752,0.19545351
3067,0.19545351,-0.030425479484771752,0.19545351
3068,0.24110076,0.06384654794916453,0.24110076
3069,0.24110076,0.06384654794916453,0.24110076
3070,0.24110076,0.06384654794916453,0.24110076
3071,0.24110076,0.06384654794916453,0.24110076
3072,0.20875935,-0.08766193127236749,0.20875935
3073,0.22838013,0.013439145490997827,0.22838013
3074,0.22838013,0.013439145490997827,0.22838013
3075,0.22838013,0.013439145490997827,0.22838013
3076,0.22838013,0.013439145490997827,0.22838013
3077,0.228375,0.15999957409241175,0.228375
3078,0.228375,0.15999957409241175,0.228375
3079,0.228375,0.15999957409241175,0.228375
3080,0.228375,0.15999957409241175,0.228375
3081,0.228375,0.15999957409241175,0.228375
3082,0.228375,0.15999957409241175,0.228375
3083,0.2271476,0.02314751203146226,0.2271476
3084,0.2271476,0.02314751203146226,0.2271476
3085,0.2271476,0.02314751203146226,0.2271476
3086,0.2271461,0.006954133983433279,0.2271461
3087,0.2271461,0.006954133983433279,0.2271461
3088,0.2271461,0.006954133983433279,0.2271461
3089,0.2271461,0.006954133983433279,0.2271461
3090,0.24463947,0.14031651047100746,0.24463947
3091,0.2301264,0.05385323336646103,0.2301264
3092,0.22813457,0.039793798394992606,0.22813457
3093,0.21156195,0.01368130073260364,0.21156195
3094,0.18244207,-0.005491865859510893,0.18244207
3095,0.18243563,0.021394224578856844,0.18243563
3096,0.17381771,0.029574728551326215,0.17381771
3097,0.16985677,0.010447353013427304,0.16985677
3098,0.20600593,1.0987178580730995e-05,0.20600593
3099,0.20600593,1.0987178580730995e-05,0.20600593
3100,0.18399313,-0.08920296445605079,0.18399313
3101,0.18399313,-0.08920296445605079,0.18399313
3102,0.18399313,-0.08920296445605079,0.18399313
3103,0.18399313,-0.08920296445605079,0.18399313
3104,0.18399313,-0.08920296445605079,0.18399313
3105,0.124517135,-0.07927593940267659,0.124517135
3106,0.23288125,0.049940752215031387,0.23288125
3107,0.23288125,0.049940752215031387,0.23288125
3108,0.19041479,-0.029788197390677878,0.19041479
3109,0.23288125,0.049940752215031387,0.23288125
3110,0.23400433,0.02333027397813337,0.23400433
3111,0.23459275,-0.010648059344603986,0.23459275
3112,0.13307852,-0.05741224063150298,0.13307852
3113,0.2818956,0.0479098587780882,0.2818956
3114,0.21622425,-0.058130130994731175,0.21622425
3115,0.42904848,0.1627903098892034,0.42904848
3116,0.16751207,-0.018576457432947266,0.16751207
3117,0.22986504,-0.002883542877399633,0.22986504
3118,0.20309381,-0.09929935480655466,0.20309381
3119,0.21441641,-0.14677870324675418,0.21441641
3120,0.15170638,-0.03153796497502611,0.15170638
3121,0.277548,-0.03453185086378377,0.277548
3122,0.277548,-0.023087427702490112,0.277548
3123,0.3320639,-0.005965783035185996,0.3320639
3124,0.5477425,0.15332501084897868,0.5477425
3125,0.31905836,0.20253022427816356,0.31905836
3126,0.31905836,0.1849011004830557,0.31905836
3127,0.40219602,0.013922505462603232,0.40219602
3128,0.4089108,0.23868608320921478,0.4089108
3129,0.22406429,-0.03605901381701825,0.22406429
3130,0.2093563,-0.026242542334792274,0.2093563
3131,0.2093563,-0.026242542334792274,0.2093563
3132,0.2093563,-0.026242542334792274,0.2093563
3133,0.19111748,-0.048573137134796836,0.19111748
3134,0.19111748,-0.048573137134796836,0.19111748
3135,0.14960752,0.024368498090047385,0.14960752
3136,0.27363724,-0.053427845275193155,0.27363724
3137,0.24940072,0.041464312817574345,0.24940072
3138,0.23733158,0.00903440367655537,0.23733158
3139,0.2151109,0.09516388860993887,0.2151109
3140,0.21855989,0.07405533909467715,0.21855989
3141,0.12390764,-0.2345990602634369,0.12390764
3142,0.19989781,-0.028071134257881932,0.19989781
3143,0.45130637,0.04140521893098036,0.45130637
3144,0.15015604,-0.051265686844642125,0.15015604
3145,0.17228925,-0.041039667492066424,0.17228925
3146,0.17228469,-0.05407607608135261,0.17228469
3147,0.16198842,-0.13145144571839612,0.16198842
3148,0.16198842,-0.13145144571839612,0.16198842
3149,0.14826468,-0.07515753740099074,0.14826468
3150,0.38468024,0.10646436822536924,0.38468024
3151,0.23645864,0.12205781260640619,0.23645864
3152,0.18214206,-0.016554485001474748,0.18214206
3153,0.20898794,-0.04628619625980847,0.20898794
3154,0.23156378,-0.03203883030551931,0.23156378
3155,0.17189962,-0.020834464055243633,0.17189962
3156,0.12205275,-0.1272430756340875,0.12205275
3157,0.3198363,0.28479403546258863,0.3198363
3158,0.2309039,-0.047161728009011104,0.2309039
3159,0.45045987,0.1185965944863615,0.45045987
3160,0.45045987,0.1185965944863615,0.45045987
3161,0.24168526,0.07611256355053928,0.24168526
3162,0.24168526,0.07611256355053928,0.24168526
3163,0.24088237,0.024032116463353393,0.24088237
3164,0.34768385,0.1182252631217637,0.34768385
3165,0.1920946,-0.012269300939230924,0.1920946
3166,0.16550542,-0.08556108899497507,0.16550542
3167,0.1911149,-0.08022068937923849,0.1911149
3168,0.22051424,0.020925658254738404,0.22051424
3169,0.21282834,-0.00778894715650513,0.21282834
3170,0.24601647,-0.038510895978936685,0.24601647
3171,0.2075774,-0.03423085205337973,0.2075774
3172,0.18675956,0.007496870509371619,0.18675956
3173,0.16719155,-0.06013299934814905,0.16719155
3174,0.19692482,-0.01735734339783447,0.19692482
3175,0.20790812,0.04031374453538726,0.20790812
3176,0.23231415,0.04792871611457593,0.23231415
3177,0.24157237,0.07875264210491076,0.24157237
3178,0.24157237,0.07875264210491076,0.24157237
3179,0.22319192,-0.008600343207617678,0.22319192
3180,0.0985965,-0.05263901436200802,0.0985965
3181,0.19226304,-0.08476651729324497,0.19226304
3182,0.19226304,-0.019436943614555988,0.19226304
3183,0.19226304,-0.05657416202168901,0.19226304
3184,0.19226304,-0.05657416202168901,0.19226304
3185,0.19226304,-0.05657416202168901,0.19226304
3186,0.19226304,-0.05657416202168901,0.19226304
3187,0.19226304,-0.05657416202168901,0.19226304
3188,0.19226304,-0.05657416202168901,0.19226304
3189,0.19226304,-0.05657416202168901,0.19226304
3190,0.19226304,-0.05657416202168901,0.19226304
3191,0.19226304,-0.05657416202168901,0.19226304
3192,0.19226304,-0.05657416202168901,0.19226304
3193,0.19226304,-0.05657416202168901,0.19226304
3194,0.19922878,-0.02479056758960189,0.19922878
3195,0.19922878,-0.026702052587603557,0.19922878
3196,0.19922878,-0.026702052587603557,0.19922878
3197,0.19922878,-0.026702052587603557,0.19922878
3198,0.14030547,-0.03061795715037598,0.14030547
3199,0.14030547,-0.03061795715037598,0.14030547
3200,0.14382534,-0.0313668598956071,0.14382534
3201,0.14382534,-0.0313668598956071,0.14382534
3202,0.19197266,-0.031707268069295906,0.19197266
3203,0.1805217,-0.045642789495098826,0.1805217
3204,0.19451106,-0.04891029797826703,0.19451106
3205,0.28524682,0.1142597432707092,0.28524682
3206,0.18534887,-0.11260588199023819,0.18534887
3207,0.1790566,-0.19802284183417843,0.1790566
3208,0.19836484,0.003681430995651635,0.19836484
3209,0.16871268,-0.12214412155769326,0.16871268
3210,0.18233909,0.014257366743100576,0.18233909
3211,0.18916383,-0.04416223314862809,0.18916383
3212,0.18916383,-0.04416223314862809,0.18916383
3213,0.18916383,-0.04416223314862809,0.18916383
3214,0.18916383,-0.04416223314862809,0.18916383
3215,0.18916383,-0.003326251155451179,0.18916383
3216,0.18916383,-0.003326251155451179,0.18916383
3217,0.16392206,-0.05396625021453994,0.16392206
3218,0.19010009,-0.002946536237108165,0.19010009
3219,0.25269642,0.14328963486401117,0.25269642
3220,0.21193147,-0.012152463398950925,0.21193147
3221,0.21256842,-0.01230084651850265,0.21256842
3222,0.18466064,-0.14768638002325743,0.18466064
3223,0.20569131,-0.01634465836011355,0.20569131
3224,0.2101733,0.051177577906979986,0.2101733
3225,0.2467012,-0.05945082472453147,0.2467012
3226,0.12503892,-0.06724914982495375,0.12503892
3227,0.11092265,-0.13291785521874158,0.11092265
3228,0.16097452,-0.0009633571827712775,0.16097452
3229,0.21647915,-0.03362847394450204,0.21647915
3230,0.20781048,-0.00499832714205907,0.20781048
3231,0.1645925,-0.021770285943232468,0.1645925
3232,0.18988484,-0.03143633228382395,0.18988484
3233,0.4085727,0.13178293670034708,0.4085727
3234,0.15234542,-0.11792621183107233,0.15234542
3235,0.15234542,0.010358406674265653,0.15234542
3236,0.15234542,-0.11792621183107233,0.15234542
3237,0.15234542,0.010358406674265653,0.15234542
3238,0.15234542,0.010358406674265653,0.15234542
3239,0.15234542,-0.10622889398904023,0.15234542
3240,0.15234542,-0.10622889398904023,0.15234542
3241,0.15234542,0.03880803471683275,0.15234542
3242,0.15234542,0.03880803471683275,0.15234542
3243,0.15234542,0.03880803471683275,0.15234542
3244,0.15234542,-0.10622889398904023,0.15234542
3245,0.15234542,-0.10622889398904023,0.15234542
3246,0.15234542,0.03880803471683275,0.15234542
3247,0.15234542,0.03880803471683275,0.15234542
3248,0.15234542,0.03880803471683275,0.15234542
3249,0.15234542,-0.10622889398904023,0.15234542
3250,0.2171167,-0.03522212912692166,0.2171167
3251,0.2171167,0.05177674006542129,0.2171167
3252,0.2171167,-0.024333189773164357,0.2171167
3253,0.2171167,0.05177674006542129,0.2171167
3254,0.2171167,0.05177674006542129,0.2171167
3255,0.2171167,0.05177674006542129,0.2171167
3256,0.1861027,-0.04198511316940092,0.1861027
3257,0.1861027,-0.03860281248653212,0.1861027
3258,0.1861027,-0.03860281248653212,0.1861027
3259,0.1861027,-0.03860281248653212,0.1861027
3260,0.1861027,-0.03860281248653212,0.1861027
3261,0.1861027,-0.03860281248653212,0.1861027
3262,0.1861027,-0.03860281248653212,0.1861027
3263,0.1861027,-0.03860281248653212,0.1861027
3264,0.16932942,-0.04563158116360021,0.16932942
3265,0.22854777,0.025090770777301565,0.22854777
3266,0.19159044,-0.03036998604413075,0.19159044
3267,0.1468245,-0.1399350159711818,0.1468245
3268,0.19944811,-0.14590301869740108,0.19944811
3269,0.18411055,0.029561639800970325,0.18411055
3270,0.18426917,-0.14912491790882604,0.18426917
3271,0.18426917,-0.14912491790882604,0.18426917
3272,0.18426917,-0.14912491790882604,0.18426917
3273,0.18426917,-0.14912491790882604,0.18426917
3274,0.18426917,-0.14912491790882604,0.18426917
3275,0.15456256,0.006442564218925041,0.15456256
3276,0.20659828,0.0018406565156746915,0.20659828
3277,0.20659828,-0.03602539343461845,0.20659828
3278,0.20659828,0.0018406565156746915,0.20659828
3279,0.20659828,0.0018406565156746915,0.20659828
3280,0.1590897,-0.09410335895264575,0.1590897
3281,0.16447859,-0.01499752444095835,0.16447859
3282,0.16447859,-0.01499752444095835,0.16447859
3283,0.24593581,0.08490823312380955,0.24593581
3284,0.24604413,0.15937030774524497,0.24604413
3285,0.1975395,-0.012087355932697162,0.1975395
3286,0.1558868,-0.09162772627450982,0.1558868
3287,0.17144816,-0.02662851030413614,0.17144816
3288,0.17144816,-0.08357703734544839,0.17144816
3289,0.16920885,-0.06598524635580715,0.16920885
3290,0.1890362,-0.02304924368721454,0.1890362
3291,0.26320866,0.10492877564428744,0.26320866
3292,0.29143116,0.12893332476557565,0.29143116
3293,0.15700595,0.0517680998494929,0.15700595
3294,0.15700935,-0.16849246224851291,0.15700935
3295,0.24574667,0.07969592844332384,0.24574667
3296,0.23386833,0.02511189617668901,0.23386833
3297,0.23885001,0.0675550212374756,0.23885001
3298,0.2582051,0.027278862593772827,0.2582051
3299,0.2550011,0.0566771707473281,0.2550011
3300,0.2959738,-0.007489076553529614,0.2959738
3301,0.2959738,-0.007489076553529614,0.2959738
3302,0.21732183,-0.03189869444342064,0.21732183
3303,0.34520873,0.17481698330530276,0.34520873
3304,0.18569413,-0.02119890437766507,0.18569413
3305,0.27656832,0.12081592217934155,0.27656832
3306,0.2574146,0.14526889492616674,0.2574146
3307,0.1812998,0.030933314285353737,0.1812998
3308,0.46520254,-0.03779830487511984,0.46520254
3309,0.45210385,-0.15179621714424807,0.45210385
3310,0.2228231,-0.01563753354459068,0.2228231
3311,0.16212682,-0.08542580818646948,0.16212682
3312,0.22643858,0.02237037998971774,0.22643858
3313,0.22643858,-0.00766349947455367,0.22643858
3314,0.22643858,-0.00766349947455367,0.22643858
3315,0.2893723,0.12507383138510172,0.2893723
3316,0.2893723,0.21521159192794875,0.2893723
3317,0.21937932,0.00966980748466997,0.21937932
3318,0.21937932,0.00966980748466997,0.21937932
3319,0.25072482,0.07975478740696995,0.25072482
3320,0.25072482,0.029782412160813607,0.25072482
3321,0.24441817,0.04998902611229042,0.24441817
3322,0.24441817,-0.012883418724133781,0.24441817
3323,0.24441817,-0.008225604431526288,0.24441817
3324,0.13457151,-0.04114043502325748,0.13457151
3325,0.23028855,0.02448444569270146,0.23028855
3326,0.22989869,0.010993985941079728,0.22989869
3327,0.22836097,-0.013750559867299957,0.22836097
3328,0.20277597,-0.044463871976766906,0.20277597
3329,0.24590158,0.032248389819239866,0.24590158
3330,0.18407829,-0.04672074948272556,0.18407829
3331,0.20981152,0.003538525655656726,0.20981152
3332,0.20504762,-0.03156975436200118,0.20504762
3333,0.22530887,-0.009089552561212829,0.22530887
3334,0.23361038,0.012163837378570335,0.23361038
3335,0.29414555,-0.008026249427781787,0.29414555
3336,0.25821307,0.07222201925673147,0.25821307
3337,0.17434649,-0.041660536342495995,0.17434649
3338,0.17434649,-0.012094575753975021,0.17434649
3339,0.17434649,-0.012094575753975021,0.17434649
3340,0.17434649,-0.012094575753975021,0.17434649
3341,0.17434649,-0.012094575753975021,0.17434649
3342,0.20061328,-0.11707719003097605,0.20061328
3343,0.25154728,0.10241360517883809,0.25154728
3344,0.24193597,0.10983642981706246,0.24193597
3345,0.18058151,-0.008788099545011268,0.18058151
3346,0.21587063,-0.0036273599643392492,0.21587063
3347,0.24932106,0.04964320287070745,0.24932106
3348,0.23038675,0.05543544148321726,0.23038675
3349,0.20283613,-0.0011855596818468681,0.20283613
3350,0.20773283,0.021714357642765837,0.20773283
3351,0.4364023,0.04296322623865858,0.4364023
3352,0.43986797,0.17923882100041838,0.43986797
3353,0.5285392,0.23380988135002964,0.5285392
3354,0.22619921,0.051437438448765964,0.22619921
3355,0.17011103,0.022759700377075046,0.17011103
3356,0.17011103,-0.09171694433767567,0.17011103
3357,0.17011103,0.022759700377075046,0.17011103
3358,0.17011103,0.022759700377075046,0.17011103
3359,0.24911503,0.10334698240624965,0.24911503
3360,0.24825175,0.0024615837420680544,0.24825175
3361,0.24567564,-0.016464582635834273,0.24567564
3362,0.1774868,-0.018360594580697134,0.1774868
3363,0.1774868,-0.018360594580697134,0.1774868
3364,0.19843051,-0.08815396390268983,0.19843051
3365,0.19843051,-0.08815396390268983,0.19843051
3366,0.19843051,-0.08815396390268983,0.19843051
3367,0.26050028,0.25494037003922,0.26050028
3368,0.26050028,0.25494037003922,0.26050028
3369,0.34688285,0.2038537951058621,0.34688285
3370,0.20210484,-0.00628828222734289,0.20210484
3371,0.30620903,0.11822640255853976,0.30620903
3372,0.17040376,-0.049848646857627216,0.17040376
3373,0.17040376,-0.053300231872140134,0.17040376
3374,0.16541281,-0.03355311617178461,0.16541281
3375,0.25739124,0.1987968123100198,0.25739124
3376,0.38433567,0.1545875111398878,0.38433567
3377,0.25739124,0.1987968123100198,0.25739124
3378,0.20141344,-0.10615127680021438,0.20141344
3379,0.30409655,0.2018026593729144,0.30409655
3380,0.2219667,-0.09541603742032535,0.2219667
3381,0.2849152,0.022744670216801446,0.2849152
3382,0.29260653,0.05849847846778395,0.29260653
3383,0.21076655,-0.03835836258797253,0.21076655
3384,0.1582316,-0.04151985869859552,0.1582316
3385,0.27239615,0.08791543682924532,0.27239615
3386,0.23868595,0.08211170905416493,0.23868595
3387,0.16577327,0.03203669115632829,0.16577327
3388,0.43032917,0.2136527197403418,0.43032917
3389,0.19820102,-0.18431965339443093,0.19820102
3390,0.19820102,-0.18431965339443093,0.19820102
3391,0.13978018,-0.1819961009014499,0.13978018
3392,0.2549424,0.13238282336903148,0.2549424
3393,0.20164163,-0.024065205520268064,0.20164163
3394,0.2345053,0.12547936641985719,0.2345053
3395,0.2574936,0.13205777019584214,0.2574936
3396,0.16211163,-0.03278834203642307,0.16211163
3397,0.121449016,-0.07921336554869837,0.121449016
3398,0.16172715,-0.0788778271391253,0.16172715
3399,0.19835886,-0.05502732184146441,0.19835886
3400,0.29799554,0.21565677856304552,0.29799554
3401,0.25967547,0.042200219932089396,0.25967547
3402,0.22703855,0.011422473048339503,0.22703855
3403,0.17817228,-0.037440576716515885,0.17817228
3404,0.20529445,-0.14455884774198174,0.20529445
3405,0.23950556,0.09528709211916388,0.23950556
3406,0.11472063,-0.2168673526764665,0.11472063
3407,0.15606093,0.014053705249261014,0.15606093
3408,0.1315706,-0.059701656230259054,0.1315706
3409,0.1146021,-0.196558583542438,0.1146021
3410,0.16019267,-0.033844122465017265,0.16019267
3411,0.17208315,-0.07319287165769355,0.17208315
3412,0.5275362,0.3480030794105983,0.5275362
3413,0.21932846,0.05132080015959984,0.21932846
3414,0.13521926,0.007480384013949634,0.13521926
3415,0.14780474,-0.021513703719979915,0.14780474
3416,0.18154395,-0.07967668926248979,0.18154395
3417,0.22027685,0.00626990579910583,0.22027685
3418,0.22027685,0.0018145784562198515,0.22027685
3419,0.20343608,0.02832041575120884,0.20343608
3420,0.19676167,-0.04203411620421594,0.19676167
3421,0.19994453,-0.08406269679837643,0.19994453
3422,0.13773459,-0.059626138716841096,0.13773459
3423,0.24133062,0.010730478216918717,0.24133062
3424,0.18051955,-0.041559297097905415,0.18051955
3425,0.13991798,0.014837029334633711,0.13991798
3426,0.116891064,-0.13588755811373832,0.116891064
3427,0.1888948,0.02068712362074691,0.1888948
3428,0.15334132,0.014805544842297192,0.15334132
3429,0.124422215,-0.1221627168485263,0.124422215
3430,0.124422215,-0.11673700921064004,0.124422215
3431,0.22341195,-0.04765578741671645,0.22341195
3432,0.2593572,0.03623860929270523,0.2593572
3433,0.24345304,0.07042641509206066,0.24345304
3434,0.16350125,-0.07180082245608715,0.16350125
3435,0.20814104,0.004064149472200331,0.20814104
3436,0.23127143,0.12109417412139739,0.23127143
3437,0.23947805,0.11974361253152724,0.23947805
3438,0.20423318,-0.03510305080595161,0.20423318
3439,0.13660857,-0.10533449674038449,0.13660857
3440,0.19352043,-0.09133150308317767,0.19352043
3441,0.45732945,0.12513194426309326,0.45732945
3442,0.14225657,-0.11494796368004913,0.14225657
3443,0.14225657,-0.11494796368004913,0.14225657
3444,0.14225657,-0.11494796368004913,0.14225657
3445,0.14225657,-0.11494796368004913,0.14225657
3446,0.14225657,-0.11494796368004913,0.14225657
3447,0.14225657,-0.11494796368004913,0.14225657
3448,0.116328046,-0.15886022138122805,0.116328046
3449,0.17467193,-0.04163720863725952,0.17467193
3450,0.23582096,0.11962702647606294,0.23582096
3451,0.14976048,-0.02397864057007993,0.14976048
3452,0.10369949,-0.16435892931257862,0.10369949
3453,0.10369949,-0.08833461576222104,0.10369949
3454,0.10369949,-0.08833461576222104,0.10369949
3455,0.17663462,-0.0551143456448797,0.17663462
3456,0.17663462,-0.0551143456448797,0.17663462
3457,0.17663462,-0.03090021696088675,0.17663462
3458,0.17663462,-0.0551143456448797,0.17663462
3459,0.17663462,-0.0551143456448797,0.17663462
3460,0.17663462,-0.0551143456448797,0.17663462
3461,0.17663462,-0.03090021696088675,0.17663462
3462,0.17663462,-0.0551143456448797,0.17663462
3463,0.17663462,-0.0551143456448797,0.17663462
3464,0.17663462,-0.03090021696088675,0.17663462
3465,0.17663462,-0.03090021696088675,0.17663462
3466,0.17663462,-0.0551143456448797,0.17663462
3467,0.17663462,-0.0551143456448797,0.17663462
3468,0.18122886,-0.18738682900721013,0.18122886
3469,0.24082305,0.04983937949630786,0.24082305
3470,0.13035095,-0.013688961288494447,0.13035095
3471,0.12945908,-0.08023752976858124,0.12945908
3472,0.41725665,0.2522706303583792,0.41725665
3473,0.17660183,-0.04647338009396834,0.17660183
3474,0.17863122,-0.07818829338424695,0.17863122
3475,0.2619606,0.00898839298802188,0.2619606
3476,0.2227697,0.09360153169437302,0.2227697
3477,0.20169736,-0.09488461828264465,0.20169736
3478,0.2550997,0.08650160122097877,0.2550997
3479,0.16211304,-0.04220853332396095,0.16211304
3480,0.16211304,-0.09837484283513528,0.16211304
3481,0.16211304,-0.09837484283513528,0.16211304
3482,0.20407313,-0.14341387128634317,0.20407313
3483,0.20407313,-0.12113638190589027,0.20407313
3484,0.20407313,-0.12113638190589027,0.20407313
3485,0.16924985,-0.12320684421340686,0.16924985
3486,0.16924985,-0.12320684421340686,0.16924985
3487,0.1860016,-0.017034911153198152,0.1860016
3488,0.1860016,0.0034040425692793462,0.1860016
3489,0.24119185,0.023998107634073427,0.24119185
3490,0.24119185,0.08291334487237965,0.24119185
3491,0.24352255,0.008024959095322805,0.24352255
3492,0.28753814,0.09308864671079535,0.28753814
3493,0.22151788,-0.034032846843153344,0.22151788
3494,0.12097703,-0.02043721218425086,0.12097703
3495,0.17073502,-0.004736716776588439,0.17073502
3496,0.22760083,0.032765101646005684,0.22760083
3497,0.1199502,-0.05887951126568874,0.1199502
3498,0.21910565,-0.0647317171698599,0.21910565
3499,0.1853461,-0.06004472911260631,0.1853461
3500,0.22022736,-0.0024767013761885243,0.22022736
3501,0.21143837,-0.02965275917671106,0.21143837
3502,0.16409293,0.02842375807086275,0.16409293
3503,0.26704425,0.1273544758460533,0.26704425
3504,0.17435765,-0.006232249579777374,0.17435765
3505,0.33548152,0.1782547382941798,0.33548152
3506,0.16357324,-0.05146540340122797,0.16357324
3507,0.2856829,0.05460144473151622,0.2856829
3508,0.18804036,-0.18818986113554814,0.18804036
3509,0.18341234,-0.0030794685901179763,0.18341234
3510,0.18232465,-0.069255733357271,0.18232465
3511,0.17813858,-0.09005270578482197,0.17813858
3512,0.14662635,-0.03157001515050106,0.14662635
3513,0.14662635,-0.03157001515050106,0.14662635
3514,0.14662635,-0.03157001515050106,0.14662635
3515,0.10594851,-0.21233605545136555,0.10594851
3516,0.10594851,-0.21233605545136555,0.10594851
3517,0.10594851,-0.21233605545136555,0.10594851
3518,0.14662635,-0.03157001515050106,0.14662635
3519,0.26531348,0.07189482298054262,0.26531348
3520,0.20793027,-0.02455582095303054,0.20793027
3521,0.481596,0.10125091813158392,0.481596
3522,0.481596,0.10125091813158392,0.481596
3523,0.19428277,-0.043055984539880944,0.19428277
3524,0.27187595,0.10045584967687544,0.27187595
3525,0.27187595,0.10045584967687544,0.27187595
3526,0.27187595,0.10045584967687544,0.27187595
3527,0.27187595,0.10045584967687544,0.27187595
3528,0.23662075,0.01786598173604072,0.23662075
3529,0.23662075,0.01786598173604072,0.23662075
3530,0.23662075,0.01786598173604072,0.23662075
3531,0.23662075,0.01786598173604072,0.23662075
3532,0.2668612,0.1595766435331369,0.2668612
3533,0.2668612,0.1595766435331369,0.2668612
3534,0.2668612,0.1595766435331369,0.2668612
3535,0.29873562,0.09259700085515835,0.29873562
3536,0.29873562,0.09259700085515835,0.29873562
3537,0.29873562,0.09259700085515835,0.29873562
3538,0.22718416,0.051283565093453026,0.22718416
3539,0.20628175,-0.01795928187885441,0.20628175
3540,0.20628175,-0.01795928187885441,0.20628175
3541,0.20628175,-0.01795928187885441,0.20628175
3542,0.23650442,0.03261124709908619,0.23650442
3543,0.23650442,0.03261124709908619,0.23650442
3544,0.23650442,0.03261124709908619,0.23650442
3545,0.23650321,0.04240281358613668,0.23650321
3546,0.23650321,0.04240281358613668,0.23650321
3547,0.26981303,0.10325832283849169,0.26981303
3548,0.26981303,0.3072060786542254,0.26981303
3549,0.26981303,0.3290950614427735,0.26981303
3550,0.26981303,0.3290950614427735,0.26981303
3551,0.26981303,0.3290950614427735,0.26981303
3552,0.26981303,0.3290950614427735,0.26981303
3553,0.26981303,0.3290950614427735,0.26981303
3554,0.21337031,0.003629928237228625,0.21337031
3555,0.21337031,0.003629928237228625,0.21337031
3556,0.19832994,-0.004287501966876695,0.19832994
3557,0.19832994,-0.004287501966876695,0.19832994
3558,0.20516397,-0.03602613824299588,0.20516397
3559,0.18122469,-0.019750144651239865,0.18122469
3560,0.22888218,0.0021460001144399583,0.22888218
3561,0.19628102,-0.0962734739892725,0.19628102
3562,0.26620468,0.1257634622394751,0.26620468
3563,0.26061594,0.22301651540700373,0.26061594
3564,0.26061594,0.22301651540700373,0.26061594
3565,0.25224972,0.09960193704058401,0.25224972
3566,0.1487374,-0.026425919852381786,0.1487374
3567,0.30499786,0.1629569624965045,0.30499786
3568,0.22148295,0.0166848608721114,0.22148295
3569,0.27199155,0.07460730798604516,0.27199155
3570,0.4770239,0.12406379350931014,0.4770239
3571,0.4770239,0.12406379350931014,0.4770239
3572,0.22873953,-0.02349929898014911,0.22873953
3573,0.38574713,0.08177314836715478,0.38574713
3574,0.13710852,-0.0898877934122594,0.13710852
3575,0.20606202,0.005008665287609739,0.20606202
3576,0.1794005,-0.052624323931040454,0.1794005
3577,0.17939232,-0.04308040737465947,0.17939232
3578,0.25951982,0.07926004410129237,0.25951982
3579,0.23544668,0.13133965520733978,0.23544668
3580,0.19971776,-0.05675328162955918,0.19971776
3581,0.19971776,-0.05675328162955918,0.19971776
3582,0.34246337,0.19041499831896128,0.34246337
3583,0.34246337,0.19041499831896128,0.34246337
3584,0.34246337,0.19041499831896128,0.34246337
3585,0.34246337,0.19041499831896128,0.34246337
3586,0.34246337,0.19041499831896128,0.34246337
3587,0.218443,-0.07148486833699627,0.218443
3588,0.218443,-0.07148486833699627,0.218443
3589,0.218443,-0.07148486833699627,0.218443
3590,0.31423932,0.3037399515063764,0.31423932
3591,0.31423932,0.24338247666034532,0.31423932
3592,0.24782422,-0.041792538812320326,0.24782422
3593,0.24782422,-0.041792538812320326,0.24782422
3594,0.37149012,0.2743298228437866,0.37149012
3595,0.13710204,-0.03282807057094476,0.13710204
3596,0.15522179,-0.014671386191576782,0.15522179
3597,0.29124916,-0.10078704652117905,0.29124916
3598,0.29124916,-0.10078704652117905,0.29124916
3599,0.29124916,-0.09921659442480694,0.29124916
3600,0.22045484,0.07558328700421815,0.22045484
3601,0.22045484,0.07558328700421815,0.22045484
3602,0.22045484,0.07558328700421815,0.22045484
3603,0.24338846,-0.005594427405825353,0.24338846
3604,0.24338846,-0.005594427405825353,0.24338846
3605,0.20272823,0.005090434261935483,0.20272823
3606,0.20272823,0.005090434261935483,0.20272823
3607,0.20272823,0.005090434261935483,0.20272823
3608,0.24338846,-0.005594427405825353,0.24338846
3609,0.2242558,0.05076952381807744,0.2242558
3610,0.33885247,-0.15282866719462795,0.33885247
3611,0.24730794,0.029748957763924833,0.24730794
3612,0.14273332,-0.05969383812110175,0.14273332
3613,0.24198139,0.0958323462985946,0.24198139
3614,0.29356745,0.029830165034033823,0.29356745
3615,0.18077525,0.005720731219819534,0.18077525
3616,0.14269356,-0.05498736703085205,0.14269356
3617,0.23589246,0.05990550358455074,0.23589246
3618,0.16762452,-0.04187014595143733,0.16762452
3619,0.16767369,-0.04524779234629208,0.16767369
3620,0.22094285,-0.02537462751745364,0.22094285
3621,0.14891563,-0.08870246448181751,0.14891563
3622,0.14891563,-0.08870246448181751,0.14891563
3623,0.20718439,-0.042788276165958115,0.20718439
3624,0.22123265,0.002087952822577748,0.22123265
3625,0.40492755,0.11524512020151252,0.40492755
3626,0.22194709,-0.041474244299722435,0.22194709
3627,0.30018386,0.2832070282331582,0.30018386
3628,0.28885987,0.0942918313816143,0.28885987
3629,0.1639952,-0.04774033475084877,0.1639952
3630,0.45398432,0.28659428605305504,0.45398432
3631,0.31504363,0.20908752107898737,0.31504363
3632,0.29609507,0.15583378396927047,0.29609507
3633,0.20206393,-0.05574440687208642,0.20206393
3634,0.2662866,0.023482112653568255,0.2662866
3635,0.45643964,0.06906031962787151,0.45643964
3636,0.45643964,0.06906031962787151,0.45643964
3637,0.21770339,0.016971787651493542,0.21770339
3638,0.318525,0.041734760383729294,0.318525
3639,0.19736294,-0.028543971853800344,0.19736294
3640,0.1980629,-0.05522392373346695,0.1980629
3641,0.169054,-0.09414218480553883,0.169054
3642,0.17208712,-0.06868380342254791,0.17208712
3643,0.12154327,-0.1532917549040837,0.12154327
3644,0.23314075,0.016774377617144523,0.23314075
3645,0.2080974,-0.04621539720594001,0.2080974
3646,0.27069992,0.06789269578058857,0.27069992
3647,0.23536406,0.0688147599815193,0.23536406
3648,0.17285259,-0.022821239575531435,0.17285259
3649,0.31285796,0.1072184102279634,0.31285796
3650,0.19748658,-0.028801885453630806,0.19748658
3651,0.2700711,0.043151408026879,0.2700711
3652,0.30229014,0.2013441263014034,0.30229014
3653,0.28517902,0.06537189819452766,0.28517902
3654,0.29804447,0.27474793515180645,0.29804447
3655,0.27600366,0.2331452665693205,0.27600366
3656,0.35190096,0.07328671318341494,0.35190096
3657,0.19643077,-0.06562875783569047,0.19643077
3658,0.1809786,-0.02187246227747631,0.1809786
3659,0.17158636,-0.15182087426472743,0.17158636
3660,0.16491334,-0.014336685694985953,0.16491334
3661,0.123117514,0.005878158014967302,0.123117514
3662,0.17574543,-0.06951993577710798,0.17574543
3663,0.28496408,0.053131368091645904,0.28496408
3664,0.28496408,0.053131368091645904,0.28496408
3665,0.14881974,0.24881137152150087,0.14881974
3666,0.1126355,-0.020230775957518335,0.1126355
3667,0.23322377,0.1414466545966014,0.23322377
3668,0.11678064,-0.006396041858594917,0.11678064
3669,0.11678064,-0.006396041858594917,0.11678064
3670,0.114105225,-0.056426870854422634,0.114105225
3671,0.114105225,-0.056426870854422634,0.114105225
3672,0.19608541,-0.0575561301198239,0.19608541
3673,0.19608541,-0.10470490661291511,0.19608541
3674,0.3970698,0.34319055707369817,0.3970698
3675,0.5140926,0.10880284084598468,0.5140926
3676,0.5140926,0.10880284084598468,0.5140926
3677,0.14707734,-0.04297970875909751,0.14707734
3678,0.5295531,0.21899795306465777,0.5295531
3679,0.17140086,-0.03309388924194405,0.17140086
3680,0.22921833,-0.0006479706363446917,0.22921833
3681,0.19705473,0.02601582671777783,0.19705473
3682,0.13098261,-0.08091029057847098,0.13098261
3683,0.13098261,-0.11742061361090136,0.13098261
3684,0.13098261,-0.11742061361090136,0.13098261
3685,0.29950714,0.08182082921996416,0.29950714
3686,0.16947892,0.015088871246537358,0.16947892
3687,0.16947892,0.015088871246537358,0.16947892
3688,0.24365263,0.04983869975389099,0.24365263
3689,0.15466142,-0.0029169087427273303,0.15466142
3690,0.15466142,-0.06247206825933258,0.15466142
3691,0.18636276,-0.006816105763012984,0.18636276
3692,0.24115987,0.037183224612558304,0.24115987
3693,0.11641297,-0.1775392962570464,0.11641297
3694,0.1572344,-0.04327428671345579,0.1572344
3695,0.1960703,0.049351877501515984,0.1960703
3696,0.1960703,0.049351877501515984,0.1960703
3697,0.25623238,0.019227745545136232,0.25623238
3698,0.21148045,0.00935587453653356,0.21148045
3699,0.25880346,0.013151203933865067,0.25880346
3700,0.13340084,-0.027541958619173215,0.13340084
3701,0.18460809,-0.04871983802632848,0.18460809
3702,0.098109126,-0.020931432802253087,0.098109126
3703,0.20069367,0.0030239018567113553,0.20069367
3704,0.110718384,-0.020421016355706312,0.110718384
3705,0.21585725,-0.0690542656236463,0.21585725
3706,0.20339288,0.0397592980422553,0.20339288
3707,0.21592753,0.007876718129876017,0.21592753
3708,0.26007655,0.1763786329573059,0.26007655
3709,0.2291494,0.007681561023303489,0.2291494
3710,0.17765649,-0.047592072492466955,0.17765649
3711,0.18935743,-0.011886778780188095,0.18935743
3712,0.20031147,0.03466769435433191,0.20031147
3713,0.3169476,-0.02115864901148035,0.3169476
3714,0.17614588,-0.02336386529059189,0.17614588
3715,0.1663356,-0.04335574056579863,0.1663356
3716,0.12837656,-0.029106143880749658,0.12837656
3717,0.21244305,-0.03097370821418111,0.21244305
3718,0.23759219,-0.005455264742269832,0.23759219
3719,0.2490406,0.0489168053769994,0.2490406
3720,0.46159974,0.14940177124992843,0.46159974
3721,0.46159974,0.14940177124992843,0.46159974
3722,0.2193334,-0.011260000624928688,0.2193334
3723,0.27023217,0.09555590907277392,0.27023217
3724,0.22685331,0.04008079450811165,0.22685331
3725,0.16303456,0.09360157398504731,0.16303456
3726,0.2061951,-0.023201850079318603,0.2061951
3727,0.26009604,0.16160411779405479,0.26009604
3728,0.37374634,0.04899573894717364,0.37374634
3729,0.3655705,0.16800074819718158,0.3655705
3730,0.19435807,-0.07849661335161216,0.19435807
3731,0.2018448,-0.04664513154996444,0.2018448
3732,0.2500454,0.07033272702112547,0.2500454
3733,0.15347202,-0.08280722498400421,0.15347202
3734,0.15347202,-0.08280722498400421,0.15347202
3735,0.15347202,-0.03712370264809509,0.15347202
3736,0.24433893,0.035259971065450195,0.24433893
3737,0.23354033,0.1564821972622218,0.23354033
3738,0.23354033,0.1564821972622218,0.23354033
3739,0.15518099,-0.13204512237190402,0.15518099
3740,0.15518099,-0.13204512237190402,0.15518099
3741,0.23111159,-0.015430801716500046,0.23111159
3742,0.23111159,-0.015430801716500046,0.23111159
3743,0.15196079,-0.0465594260669149,0.15196079
3744,0.1634533,-0.09462397419914126,0.1634533
3745,0.19111228,-0.06910931836354225,0.19111228
3746,0.25248194,0.12380559601141175,0.25248194
3747,0.14760749,-0.06694029968510008,0.14760749
3748,0.08555023,-0.11310885843858519,0.08555023
3749,0.24965514,0.08645705178777914,0.24965514
3750,0.13613807,-0.18301839807289472,0.13613807
3751,0.2764122,0.15463334804011852,0.2764122
3752,0.12416137,-0.16394951016933543,0.12416137
3753,0.1955866,0.016620601597236183,0.1955866
3754,0.196984,-0.15372727786017776,0.196984
3755,0.196984,-0.061395077012424276,0.196984
3756,0.196984,-0.16674302594926335,0.196984
3757,0.1936847,-0.023229372037629262,0.1936847
3758,0.1756869,0.04776651419047194,0.1756869
3759,0.1756869,-0.014279520348128745,0.1756869
3760,0.21718512,0.04659083132889408,0.21718512
3761,0.21718512,0.04659083132889408,0.21718512
3762,0.2016156,-0.07938710364440436,0.2016156
3763,0.19480258,-0.051439720639131145,0.19480258
3764,0.22711691,0.06446530801544893,0.22711691
3765,0.25203365,0.130025784654938,0.25203365
3766,0.25582907,0.00317741489142756,0.25582907
3767,0.12215293,-0.1882242096555408,0.12215293
3768,0.24548523,0.015606042522638633,0.24548523
3769,0.20176475,-0.04505656820922756,0.20176475
3770,0.1470167,-0.05301184589119415,0.1470167
3771,0.23286626,0.013053131827264962,0.23286626
3772,0.18088226,-0.08351240789204596,0.18088226
3773,0.2086797,-0.12986828055210892,0.2086797
3774,0.24404773,-0.006744234845513205,0.24404773
3775,0.24404773,-0.006744234845513205,0.24404773
3776,0.24631706,0.1712828559319039,0.24631706
3777,0.33620578,0.10931178291625021,0.33620578
3778,0.24485603,0.04574171950534754,0.24485603
3779,0.17052217,-0.09139266507322578,0.17052217
3780,0.14468642,-0.19286535145704872,0.14468642
3781,0.1820937,-0.013731624342416811,0.1820937
3782,0.4638788,0.20051869667650202,0.4638788
3783,0.4638788,0.20051869667650202,0.4638788
3784,0.44172814,0.35278020828631185,0.44172814
3785,0.52328014,0.11852407965084727,0.52328014
3786,0.52328014,0.11852407965084727,0.52328014
3787,0.3434108,0.1958939358122583,0.3434108
3788,0.46226513,0.14667626556141256,0.46226513
3789,0.17933469,0.0003806839615878102,0.17933469
3790,0.17933469,0.0003806839615878102,0.17933469
3791,0.24078867,0.0315439603104339,0.24078867
3792,0.24078867,0.0315439603104339,0.24078867
3793,0.24079153,0.06424649508237153,0.24079153
3794,0.19843656,-0.009682389405439959,0.19843656
3795,0.25248313,0.030004598393434157,0.25248313
3796,0.19524059,-0.19106834258387223,0.19524059
3797,0.28847945,0.12893170426268286,0.28847945
3798,0.2574195,-0.01985792891182741,0.2574195
3799,0.23929247,0.0754550142152201,0.23929247
3800,0.22671515,0.008652476425750448,0.22671515
3801,0.22671515,0.008652476425750448,0.22671515
3802,0.22671515,0.008652476425750448,0.22671515
3803,0.22671515,0.008652476425750448,0.22671515
3804,0.22671515,0.008652476425750448,0.22671515
3805,0.22670992,0.02039641553692933,0.22670992
3806,0.22670992,0.02039641553692933,0.22670992
3807,0.22670992,0.02039641553692933,0.22670992
3808,0.24539022,0.041339793361960336,0.24539022
3809,0.24539022,0.041339793361960336,0.24539022
3810,0.28115726,0.131908202833253,0.28115726
3811,0.2774329,0.025920963400632498,0.2774329
3812,0.20046084,-0.08242684103299497,0.20046084
3813,0.09490724,-0.15208537351491164,0.09490724
3814,0.18718453,-0.08687432757623662,0.18718453
3815,0.24666049,0.05692779240079654,0.24666049
3816,0.20906287,-0.00926874601561578,0.20906287
3817,0.14365798,-0.001252793958698107,0.14365798
3818,0.26698023,0.09922791497079905,0.26698023
3819,0.22508885,-0.06249955263428458,0.22508885
3820,0.22508885,-0.06249955263428458,0.22508885
3821,0.28710505,0.039650632444542575,0.28710505
3822,0.5581448,0.14902354608131455,0.5581448
3823,0.5581448,0.14902354608131455,0.5581448
3824,0.47546008,0.05190201357593672,0.47546008
3825,0.47546008,0.05190201357593672,0.47546008
3826,0.48169032,0.08792070730236624,0.48169032
3827,0.48169032,0.08792070730236624,0.48169032
3828,0.23267615,0.042443810891280444,0.23267615
3829,0.21512248,-0.131639352211124,0.21512248
3830,0.3096594,0.12638838454411971,0.3096594
3831,0.18963228,-0.038969132825692504,0.18963228
3832,0.22767313,0.12937844890552824,0.22767313
3833,0.34676626,0.0830976720923876,0.34676626
3834,0.17584673,-0.021160628251892764,0.17584673
3835,0.22824377,-0.021859555309757916,0.22824377
3836,0.1026313,-0.2208029395880113,0.1026313
3837,0.1610366,0.030369722667609712,0.1610366
3838,0.16171123,-0.02431954305549709,0.16171123
3839,0.23408693,0.06423494463684665,0.23408693
3840,0.2004146,-0.08661111628511875,0.2004146
3841,0.2004146,-0.12732209217374224,0.2004146
3842,0.16077507,-0.2296212572765851,0.16077507
3843,0.37330022,0.056285758403379044,0.37330022
3844,0.12192854,-0.1294972706966905,0.12192854
3845,0.1684076,-0.013560892939130445,0.1684076
3846,0.14872661,-0.04475104086421338,0.14872661
3847,0.2708097,0.004239394629567801,0.2708097
3848,0.4486094,0.03141165059044866,0.4486094
3849,0.4486094,0.03141165059044866,0.4486094
3850,0.35000357,0.0554342891757951,0.35000357
3851,0.213817,-0.000578232590587083,0.213817
3852,0.213817,0.004689372904819056,0.213817
3853,0.3661428,0.09632455904431138,0.3661428
3854,0.3661428,0.09632455904431138,0.3661428
3855,0.3661428,0.08942063464694755,0.3661428
3856,0.17417651,-0.014763927256135453,0.17417651
3857,0.388616,0.012742339544371886,0.388616
3858,0.33204156,-0.010055663357385447,0.33204156
3859,0.33204156,-0.0015313801146871015,0.33204156
3860,0.33226803,0.19758852522622072,0.33226803
3861,0.38875347,0.11907978949193865,0.38875347
3862,0.14996232,0.004632299135041009,0.14996232
3863,0.09726406,0.06581650370604138,0.09726406
3864,0.28086144,-0.0730578527311442,0.28086144
3865,0.20351413,-0.041046901720381876,0.20351413
3866,0.23011896,0.04068157906938118,0.23011896
3867,0.2091035,-0.01872736271015529,0.2091035
3868,0.16119692,-0.0063716932797586836,0.16119692
3869,0.20436051,0.05864448856962864,0.20436051
3870,0.16666543,-0.09187195771349195,0.16666543
3871,0.2467785,0.029931940510031296,0.2467785
3872,0.24708495,-0.0024776812963316877,0.24708495
3873,0.37974447,-0.062884861583316,0.37974447
3874,0.22678846,0.046156515328755296,0.22678846
3875,0.24765916,0.04632672205334588,0.24765916
3876,0.2736888,0.028365620321045518,0.2736888
3877,0.38321865,0.13171589819452384,0.38321865
3878,0.39394477,0.24886526325672717,0.39394477
3879,0.32449374,0.1729192106247221,0.32449374
3880,0.5028942,0.11518664784150653,0.5028942
3881,0.13105233,-0.06905673723183524,0.13105233
3882,0.1496437,-0.08200524630783994,0.1496437
3883,0.33619744,0.14441998529657787,0.33619744
3884,0.17237979,-0.003408359547218948,0.17237979
3885,0.17237979,-0.003408359547218948,0.17237979
3886,0.27215672,0.036604498211239934,0.27215672
3887,0.27215672,0.036604498211239934,0.27215672
3888,0.16468014,0.06585421285626175,0.16468014
3889,0.13213299,-0.09267093991834331,0.13213299
3890,0.25259092,0.11553438542304777,0.25259092
3891,0.18803799,-0.006335398760495369,0.18803799
3892,0.18803799,-0.05810917969285556,0.18803799
3893,0.18803799,-0.0633431768797353,0.18803799
3894,0.13674349,0.10876820866578114,0.13674349
3895,0.13458863,-0.07073290910118998,0.13458863
3896,0.18513533,0.0004191980466661837,0.18513533
3897,0.21860276,0.06719465065101107,0.21860276
3898,0.21580645,-0.06371761121945854,0.21580645
3899,0.19099234,-0.08839985336551798,0.19099234
3900,0.22913559,0.003168998466187188,0.22913559
3901,0.2809454,0.10683490103542,0.2809454
3902,0.20891126,0.01166944252880453,0.20891126
3903,0.13528207,0.04572616510235525,0.13528207
3904,0.13821533,-0.030330912073268795,0.13821533
3905,0.13821533,-0.07128892860432778,0.13821533
3906,0.20131224,-0.10411129474450519,0.20131224
3907,0.18595794,-0.02050250327061079,0.18595794
3908,0.33151338,0.015293274901317504,0.33151338
3909,0.33151338,0.015293274901317504,0.33151338
3910,0.25197554,0.0741624847181181,0.25197554
3911,0.25197554,0.0741624847181181,0.25197554
3912,0.19273172,-0.039347917488099654,0.19273172
3913,0.22646087,0.07500219711150255,0.22646087
3914,0.21506011,-0.09577512403300997,0.21506011
3915,0.29868636,0.09714580303588763,0.29868636
3916,0.29868636,0.09714580303588763,0.29868636
3917,0.30118278,0.11053146486152164,0.30118278
3918,0.58165795,0.07483682058377522,0.58165795
3919,0.32607603,0.0883029606645099,0.32607603
3920,0.26018655,0.1157114484094858,0.26018655
3921,0.35685873,0.09962472499305071,0.35685873
3922,0.123502426,-0.05298807540756635,0.123502426
3923,0.2793396,0.17162708871855134,0.2793396
3924,0.2793396,0.17162708871855134,0.2793396
3925,0.26345927,0.04270320340411622,0.26345927
3926,0.2803326,0.009819839593583636,0.2803326
3927,0.1724968,-0.022985382449336365,0.1724968
3928,0.2656939,0.1456480229432602,0.2656939
3929,0.19233777,-0.04657384954069424,0.19233777
3930,0.18405205,-0.028905756718743226,0.18405205
3931,0.14351943,-0.02089484715069586,0.14351943
3932,0.18148974,-0.05961487522161155,0.18148974
3933,0.26489845,0.038975447013214475,0.26489845
3934,0.219221,0.03836236979443839,0.219221
3935,0.19176188,0.060665717553544295,0.19176188
3936,0.17163384,-0.05783521681405501,0.17163384
3937,0.11825933,-0.2510643622319375,0.11825933
3938,0.15435913,-0.03133719805810629,0.15435913
3939,0.14561753,-0.08991212277614927,0.14561753
3940,0.20184112,-0.12579577634176897,0.20184112
3941,0.21831356,-0.0018794296281679532,0.21831356
3942,0.2992732,0.10332127431994667,0.2992732
3943,0.19493654,-0.05970996876135827,0.19493654
3944,0.26523647,0.038938635869015165,0.26523647
3945,0.15619713,-0.049286349400762375,0.15619713
3946,0.26153988,0.13906974876878647,0.26153988
3947,0.24256004,0.16213350603306154,0.24256004
3948,0.20653602,-0.02247586054973516,0.20653602
3949,0.2955304,0.13829349046940836,0.2955304
3950,0.09176592,0.07431779996826421,0.09176592
3951,0.33598813,-0.08656992004294227,0.33598813
3952,0.23808645,-0.009909990332812764,0.23808645
3953,0.2466081,-0.051471208797887615,0.2466081
3954,0.2466081,-0.051471208797887615,0.2466081
3955,0.26414797,0.0998177311690682,0.26414797
3956,0.15886346,0.06170943035741484,0.15886346
3957,0.23403081,0.20461898488814564,0.23403081
3958,0.3105531,0.00197189694954165,0.3105531
3959,0.19722013,-0.08200592346457264,0.19722013
3960,0.095687516,-0.0045090344408250035,0.095687516
3961,0.26075187,0.1601429344996583,0.26075187
3962,0.2162452,0.002720778582506257,0.2162452
3963,0.24565464,0.004342623534432886,0.24565464
3964,0.221004,0.14448695954384666,0.221004
3965,0.18489347,-0.05140373737730383,0.18489347
3966,0.33558252,0.22063539675546542,0.33558252
3967,0.45335346,0.07655404234048616,0.45335346
3968,0.14623082,-0.040847965172649554,0.14623082
3969,0.2708108,0.04544467419489375,0.2708108
3970,0.13083711,-0.05861641012111683,0.13083711
3971,0.2529364,0.19554938622400386,0.2529364
3972,0.23975539,0.2192018697793557,0.23975539
3973,0.20311646,-0.03528203407995806,0.20311646
3974,0.18361104,-0.0009724766653166159,0.18361104
3975,0.2904144,0.03931131113606103,0.2904144
3976,0.3392948,0.18403241102224774,0.3392948
3977,0.20114651,-0.0812006225157487,0.20114651
3978,0.20114651,-0.0812006225157487,0.20114651
3979,0.20992285,-0.040533862480353844,0.20992285
3980,0.20992285,-0.040533862480353844,0.20992285
3981,0.23346075,-0.010700556638853272,0.23346075
3982,0.23346075,-0.010700556638853272,0.23346075
3983,0.30013227,0.05774641250085773,0.30013227
3984,0.44484577,0.13208288245785968,0.44484577
3985,0.44484577,0.13208288245785968,0.44484577
3986,0.20890917,-0.03637888799704696,0.20890917
3987,0.20831876,-0.036871282974426385,0.20831876
3988,0.25212905,-0.02982421093594594,0.25212905
3989,0.22706713,0.021491926513026283,0.22706713
3990,0.25017962,0.08435924208564605,0.25017962
3991,0.23842035,0.014793298920585566,0.23842035
3992,0.22165775,-0.046098113387187264,0.22165775
3993,0.20427795,-0.009593647165204122,0.20427795
3994,0.20427795,-0.12177193086482213,0.20427795
3995,0.20427795,-0.009593647165204122,0.20427795
3996,0.19059157,-0.022314264308214465,0.19059157
3997,0.16212001,0.009896060035612005,0.16212001
3998,0.25552794,0.023474257582483185,0.25552794
3999,0.26653448,0.05979433675254901,0.26653448
4000,0.34585395,0.13031506849090665,0.34585395
4001,0.21773244,0.01599982646618563,0.21773244
4002,0.24603051,0.05636060284216041,0.24603051
4003,0.26585525,0.24147137355561907,0.26585525
4004,0.2804588,0.08552666891865673,0.2804588
4005,0.31103554,0.08937172750475114,0.31103554
4006,0.5069942,0.16834927591109522,0.5069942
4007,0.5069942,0.16834927591109522,0.5069942
4008,0.45281628,0.19391765435236252,0.45281628
4009,0.45281628,0.19391765435236252,0.45281628
4010,0.31103554,0.08937172750475114,0.31103554
4011,0.27566105,0.09041576584454138,0.27566105
4012,0.24190135,0.05424616546601283,0.24190135
4013,0.17577995,0.09983999140896489,0.17577995
4014,0.27180105,-0.03181885817522038,0.27180105
4015,0.28844875,-0.0540546033271081,0.28844875
4016,0.28844875,0.043049290362957356,0.28844875
4017,0.16024551,-0.03161768677400862,0.16024551
4018,0.19422388,-0.03988056692426203,0.19422388
4019,0.16070585,0.011815956490575596,0.16070585
4020,0.16312262,-0.07221868816855812,0.16312262
4021,0.27709353,-0.04898630138173199,0.27709353
4022,0.21742858,0.005536756070565318,0.21742858
4023,0.17803216,-0.024807242124873327,0.17803216
4024,0.3477685,-0.04737759797123199,0.3477685
4025,0.2942511,0.15518046971673582,0.2942511
4026,0.2942511,0.15518046971673582,0.2942511
4027,0.31762204,0.10775016253932156,0.31762204
4028,0.20071395,-0.03736322900059414,0.20071395
4029,0.10609616,-0.13220301217623281,0.10609616
4030,0.17711619,0.017049505911551344,0.17711619
4031,0.22128752,0.003649183002221174,0.22128752
4032,0.15914087,-0.05527496463995854,0.15914087
4033,0.26881617,-0.014625516383878604,0.26881617
4034,0.24522212,0.03157165760162934,0.24522212
4035,0.24522212,0.03157165760162934,0.24522212
4036,0.15811479,-0.04774361301308424,0.15811479
4037,0.27273023,0.05964669531300464,0.27273023
4038,0.17416543,-0.030974560573406675,0.17416543
4039,0.38635227,0.03827882902657087,0.38635227
4040,0.18615551,-0.012181843936969113,0.18615551
4041,0.25963137,0.09151027020601779,0.25963137
4042,0.19038475,-0.19395394566802499,0.19038475
4043,0.48603714,-0.14190992219405102,0.48603714
4044,0.49263814,-0.11469518321276619,0.49263814
4045,0.34870762,-0.09135262908328148,0.34870762
4046,0.40312687,-0.0360913040603711,0.40312687
4047,0.28033537,0.0967209372642265,0.28033537
4048,0.26893204,0.0334709848927581,0.26893204
4049,0.20119284,-0.009412594243968132,0.20119284
4050,0.12589075,0.013852681214322933,0.12589075
4051,0.27670106,-0.1293440109700094,0.27670106
4052,0.14173989,0.10559840292735892,0.14173989
4053,0.27856594,-0.05131996727413806,0.27856594
4054,0.24602382,-0.019263816899883095,0.24602382
4055,0.24602382,-0.019263816899883095,0.24602382
4056,0.115915716,-0.02349843786155258,0.115915716
4057,0.34106103,0.02205613237996091,0.34106103
4058,0.12867877,0.10026225135079815,0.12867877
4059,0.24051933,0.1251958663644342,0.24051933
4060,0.18799257,-0.051036072912645246,0.18799257
4061,0.5327677,-0.07860113134190717,0.5327677
4062,0.5518505,-0.10326582864278591,0.5518505
4063,0.58065426,-0.09539733042606088,0.58065426
4064,0.35899484,0.23056714131403525,0.35899484
4065,0.35899484,0.23056714131403525,0.35899484
4066,0.32918704,0.028293315420244148,0.32918704
4067,0.2690836,-0.005450333865624678,0.2690836
4068,0.2248615,-0.031654799621785086,0.2248615
4069,0.3217151,0.039694785227202246,0.3217151
4070,0.13349074,-0.00802154619992792,0.13349074
4071,0.2488904,0.13978645466051628,0.2488904
4072,0.28504437,0.11890796204839851,0.28504437
4073,0.31325096,0.07847211104054286,0.31325096
4074,0.20509385,0.004602310277126547,0.20509385
4075,0.24962132,-0.023374566603522856,0.24962132
4076,0.22614568,0.2042996761203055,0.22614568
4077,0.22914915,-0.004777870538967206,0.22914915
4078,0.23659459,0.04466617680862472,0.23659459
4079,0.23659459,0.03538312619221789,0.23659459
4080,0.3038199,0.053076309044822724,0.3038199
4081,0.18650098,0.05526295460668341,0.18650098
4082,0.18820031,0.05634107247843732,0.18820031
4083,0.21832994,-0.0212795734202638,0.21832994
4084,0.18442956,0.005872943540758138,0.18442956
4085,0.14926314,-0.026857863907677568,0.14926314
4086,0.163021,-0.00017701796328111873,0.163021
4087,0.09355781,-0.15207693611990325,0.09355781
4088,0.12873879,-0.029221710742093433,0.12873879
4089,0.14865173,-0.16542156429863303,0.14865173
4090,0.22574003,0.01130601347735286,0.22574003
4091,0.19187142,-0.0306150892329637,0.19187142
4092,0.29320276,0.056487058265207356,0.29320276
4093,0.20359598,-0.17228475037665442,0.20359598
4094,0.19138253,0.008146801062865104,0.19138253
4095,0.42618027,0.4334319410291369,0.42618027
4096,0.24853574,0.011785240007391238,0.24853574
4097,0.3885607,0.04572352240962063,0.3885607
4098,0.17822725,-0.08080098292006345,0.17822725
4099,0.47478503,-0.07547928416449828,0.47478503
4100,0.20050912,-0.0056101814075487436,0.20050912
4101,0.2232371,0.05304957656680395,0.2232371
4102,0.22940926,-0.004066899120648019,0.22940926
4103,0.18003653,-0.06446496532172419,0.18003653
4104,0.20450228,-0.02557226949739751,0.20450228
4105,0.24215418,0.22521101612214822,0.24215418
4106,0.2521571,0.03927575200531727,0.2521571
4107,0.2881882,0.04149334070438111,0.2881882
4108,0.2881882,0.04149334070438111,0.2881882
4109,0.26551485,0.08050555617043416,0.26551485
4110,0.26551485,0.08050555617043416,0.26551485
4111,0.20675296,0.046139550393011326,0.20675296
4112,0.18555698,-0.061395077012424276,0.18555698
4113,0.2196912,-0.035138986430315725,0.2196912
4114,0.52731115,0.2769479869184225,0.52731115
4115,0.51256853,0.15502417559173243,0.51256853
4116,0.57948047,-0.019384211780613662,0.57948047
4117,0.51456314,0.16114153855826796,0.51456314
4118,0.51456314,0.16114153855826796,0.51456314
4119,0.15493041,-0.047312586507303384,0.15493041
4120,0.23024198,0.04855674934789892,0.23024198
4121,0.14686446,-0.08538670957198725,0.14686446
4122,0.15727201,-0.04546381406793317,0.15727201
4123,0.19306628,-0.08137041259583233,0.19306628
4124,0.24310566,0.05990625755743309,0.24310566
4125,0.14287522,0.10995653226581405,0.14287522
4126,0.13202636,-0.06351824944877313,0.13202636
4127,0.15162295,-0.04672058226853478,0.15162295
4128,0.15162295,0.0646873374739006,0.15162295
4129,0.15069398,0.05497466431481397,0.15069398
4130,0.14094,0.01658099409176655,0.14094
4131,0.32714808,0.013250019725427274,0.32714808
4132,0.1999425,-0.12671913533724044,0.1999425
4133,0.17685196,0.02668253580143559,0.17685196
4134,0.44584364,0.1530675747350525,0.44584364
4135,0.28594276,0.045241076551334865,0.28594276
4136,0.2365855,0.09061942305906821,0.2365855
4137,0.23150156,0.03657922946844038,0.23150156
4138,0.17864648,-0.03416742737327118,0.17864648
4139,0.16150391,-0.0042969797159014105,0.16150391
4140,0.14416304,-0.08900710826151938,0.14416304
4141,0.14532593,0.02194129194007272,0.14532593
4142,0.13256115,0.004725497672198059,0.13256115
4143,0.30198482,0.10201303434423978,0.30198482
4144,0.1528319,-0.09799588208319321,0.1528319
4145,0.31337842,0.040511889897139775,0.31337842
4146,0.31337842,0.06500048951522412,0.31337842
4147,0.20911719,-0.02512929269367655,0.20911719
4148,0.28540295,0.1184975850040842,0.28540295
4149,0.28540295,0.13361950250079044,0.28540295
4150,0.28540295,0.1184975850040842,0.28540295
4151,0.19419928,-0.022064921624208065,0.19419928
4152,0.23809834,-0.028316934570073154,0.23809834
4153,0.21925965,0.06271906956403912,0.21925965
4154,0.21925965,0.05140640463262659,0.21925965
4155,0.3282442,0.109386502865641,0.3282442
4156,0.12440967,-0.060297696250933494,0.12440967
4157,0.11839201,-0.1353400401330832,0.11839201
4158,0.47435766,0.2218229437701924,0.47435766
4159,0.3449099,0.2258350011894988,0.3449099
4160,0.3449099,0.2258350011894988,0.3449099
4161,0.22109747,-0.04853469288053666,0.22109747
4162,0.19171523,-0.06111752436013439,0.19171523
4163,0.13599063,0.018293112747874152,0.13599063
4164,0.5402885,-0.1307424401372973,0.5402885
4165,0.15613446,-0.04779665056352553,0.15613446
4166,0.27726787,-0.03595173769365341,0.27726787
4167,0.27726787,0.014205845813494274,0.27726787
4168,0.27726787,-0.03595173769365341,0.27726787
4169,0.27726787,-0.03595173769365341,0.27726787
4170,0.27726787,0.014205845813494274,0.27726787
4171,0.27726787,0.014205845813494274,0.27726787
4172,0.38534775,0.10382105566393122,0.38534775
4173,0.337065,-0.004573177429757206,0.337065
4174,0.2824301,-0.04213557200536189,0.2824301
4175,0.32277584,0.07433386524762685,0.32277584
4176,0.32277584,0.07433386524762685,0.32277584
4177,0.32277584,0.07433386524762685,0.32277584
4178,0.32277584,0.07433386524762685,0.32277584
4179,0.24005745,0.0007102936902273345,0.24005745
4180,0.1823009,0.0011141266752263427,0.1823009
4181,0.2599304,0.06234653423061907,0.2599304
4182,0.4364981,0.0626413851792657,0.4364981
4183,0.4364981,0.0626413851792657,0.4364981
4184,0.19426961,-0.028428499145999975,0.19426961
4185,0.18213767,0.08613185235741545,0.18213767
4186,0.19746852,-0.016218350850458113,0.19746852
4187,0.17636815,-0.01296493145739858,0.17636815
4188,0.20035994,-0.009852953660191548,0.20035994
4189,0.28464848,0.069038248892188,0.28464848
4190,0.20807026,-0.10866300551870486,0.20807026
4191,0.18486188,-0.0029076343336879363,0.18486188
4192,0.17309938,-0.08405827587149572,0.17309938
4193,0.27308613,0.22851334196756592,0.27308613
4194,0.24125099,0.015889983278090845,0.24125099
4195,0.22342415,-0.06863200221328665,0.22342415
4196,0.23832291,0.01657150407247554,0.23832291
4197,0.21605222,0.08449504033866986,0.21605222
4198,0.25021154,0.009337236968904422,0.25021154
4199,0.14707792,-0.03057494514049537,0.14707792
4200,0.14707792,-0.03057494514049537,0.14707792
4201,0.17709862,-0.09703368329744194,0.17709862
4202,0.11626963,0.04390478381634731,0.11626963
4203,0.23113108,0.005343210011894763,0.23113108
4204,0.23848742,-0.015209274545498879,0.23848742
4205,0.22002342,-0.014104114835099976,0.22002342
4206,0.285444,0.03795260914087041,0.285444
4207,0.2844622,0.10221765324721102,0.2844622
4208,0.2905249,0.10166224639827162,0.2905249
4209,0.2518062,0.25085145443722195,0.2518062
4210,0.15783425,-0.020095519962724174,0.15783425
4211,0.17575179,-0.041262042354720536,0.17575179
4212,0.12178173,0.10621485087949263,0.12178173
4213,0.2516761,0.025207235687652447,0.2516761
4214,0.20772563,-0.01189240012190539,0.20772563
4215,0.15891932,0.006760496491794656,0.15891932
4216,0.32714364,0.18216368316266343,0.32714364
4217,0.143762,-0.017043576981241128,0.143762
4218,0.23062485,0.01458992125420583,0.23062485
4219,0.19126342,-0.08505977388281762,0.19126342
4220,0.3993891,0.18664657150646682,0.3993891
4221,0.37104243,-0.021916592606427532,0.37104243
4222,0.508029,0.002157580472658551,0.508029
4223,0.63407165,-0.010772250035934664,0.63407165
4224,0.4268974,0.07404411928067645,0.4268974
4225,0.48934326,0.1165332909030762,0.48934326
4226,0.47897756,0.3269464539467019,0.47897756
4227,0.1335185,0.06286568793416178,0.1335185
4228,0.19898602,-0.09000858397222038,0.19898602
4229,0.19689757,-0.017517963084193677,0.19689757
4230,0.26100004,0.0027709359992191007,0.26100004
4231,0.18101299,0.015641664924033852,0.18101299
4232,0.21146438,-0.030982826832471656,0.21146438
4233,0.19365671,-0.022426353095288606,0.19365671
4234,0.11772657,-0.17611586020950828,0.11772657
4235,0.20488083,-0.013863998799952482,0.20488083
4236,0.1902261,-0.0684569527537871,0.1902261
4237,0.4056175,0.02874878376572508,0.4056175
4238,0.29270083,0.12982672407121448,0.29270083
4239,0.19981392,-0.00980909675735583,0.19981392
4240,0.24422622,0.021118620332983062,0.24422622
4241,0.33369014,0.058867861705340294,0.33369014
4242,0.35005194,0.10607398025882109,0.35005194
4243,0.19420801,-0.013242877709173033,0.19420801
4244,0.25745264,0.033826783317388975,0.25745264
4245,0.19976652,-0.07178662507566264,0.19976652
4246,0.28278527,0.1965458623384181,0.28278527
4247,0.20419942,0.02577131594695325,0.20419942
4248,0.20943385,-0.023883188365728777,0.20943385
4249,0.16469678,-0.05932016182152533,0.16469678
4250,0.08930083,-0.10467404126496237,0.08930083
4251,0.21464488,-0.04874095417174128,0.21464488
4252,0.15700382,0.1973053839528594,0.15700382
4253,0.35401323,0.08952281025489556,0.35401323
4254,0.32788566,-0.1518267450751342,0.32788566
4255,0.11892892,-0.009498603581555702,0.11892892
4256,0.5962751,0.06012587315105167,0.5962751
4257,0.48570853,0.09153443786406985,0.48570853
4258,0.48405358,0.06437328089404125,0.48405358
4259,0.32401174,-0.028219652744761948,0.32401174
4260,0.40226102,-0.06280423640291173,0.40226102
4261,0.45952222,-0.06596465922750822,0.45952222
4262,0.18734321,-0.08262683038316512,0.18734321
4263,0.22886513,0.0820556850144744,0.22886513
4264,0.14463855,-0.0012500545571876506,0.14463855
4265,0.14349744,-0.03727945089524097,0.14349744
4266,0.15042478,-0.1244613494205272,0.15042478
4267,0.24074012,0.0031516727121854876,0.24074012
4268,0.24074012,-0.03268032402756144,0.24074012
4269,0.24074012,0.056859204509725904,0.24074012
4270,0.17214069,-0.019697856519937423,0.17214069
4271,0.20009232,-0.04482696546559539,0.20009232
4272,0.14394537,0.03369125863555683,0.14394537
4273,0.57874244,-0.027822342206548396,0.57874244
4274,0.596381,0.003560975096344338,0.596381
4275,0.53573173,-0.10475271927906696,0.53573173
4276,0.23786484,0.043073396227524915,0.23786484
4277,0.2853216,0.15254083308797858,0.2853216
4278,0.12849247,-0.08071304207727084,0.12849247
4279,0.12849247,-0.08071304207727084,0.12849247
4280,0.13453157,-0.057032970756982174,0.13453157
4281,0.16962886,0.09181191875408481,0.16962886
4282,0.1401936,0.06026916316749635,0.1401936
4283,0.18553066,-0.09379701017706776,0.18553066
4284,0.20533922,-0.004939377296678354,0.20533922
4285,0.29579392,0.09594188250863009,0.29579392
4286,0.22114669,0.04373254289957658,0.22114669
4287,0.2498453,0.07933240988886092,0.2498453
4288,0.13041946,-0.08105065753503932,0.13041946
4289,0.15620294,0.06728420830714711,0.15620294
4290,0.25244755,0.0677728533833161,0.25244755
4291,0.25150698,0.13102245511163174,0.25150698
4292,0.13176306,0.02481293901507811,0.13176306
4293,0.4740401,-0.03471294770958102,0.4740401
4294,0.48225695,-0.00933254823757102,0.48225695
4295,0.54345787,0.03647704606683976,0.54345787
4296,0.32749826,0.2407743597580373,0.32749826
4297,0.19023167,-0.08580634449793532,0.19023167
4298,0.5627547,0.08828698196152707,0.5627547
4299,0.26059672,0.005249646105286839,0.26059672
4300,0.3238736,0.06211076939981193,0.3238736
4301,0.2652484,0.061071313195333994,0.2652484
4302,0.18165216,-0.011427330992399749,0.18165216
4303,0.15567249,-0.03286822572514966,0.15567249
4304,0.23330197,0.024706688043641033,0.23330197
4305,0.20417012,0.00035133858347800146,0.20417012
4306,0.20888573,-0.019876264416983282,0.20888573
4307,0.27412865,-0.02501620751450741,0.27412865
4308,0.17431283,0.11140300345454167,0.17431283
4309,0.22687644,-0.01940869678349225,0.22687644
4310,0.26595047,-0.014176940057504596,0.26595047
4311,0.1887325,-0.037850336743965395,0.1887325
4312,0.18215257,0.07324745765316672,0.18215257
4313,0.18215257,0.07324745765316672,0.18215257
4314,0.2024094,-0.04929245512611123,0.2024094
4315,0.26438874,0.14090208325038164,0.26438874
4316,0.19356835,0.02659331327176486,0.19356835
4317,0.19658096,0.007658689490670608,0.19658096
4318,0.26900667,0.007017308490718007,0.26900667
4319,0.15811975,-0.07471254656350827,0.15811975
4320,0.18794641,0.01699703332514361,0.18794641
4321,0.19512378,-0.004539888899504815,0.19512378
4322,0.11740518,-0.007212828583212512,0.11740518
4323,0.3239851,0.13351711137244837,0.3239851
4324,0.34380716,0.07767110719931998,0.34380716
4325,0.10260407,-0.11234922952817224,0.10260407
4326,0.13226831,-0.07257376939347655,0.13226831
4327,0.13226831,-0.07257376939347655,0.13226831
4328,0.14586471,0.0794934746370011,0.14586471
4329,0.14586471,0.0794934746370011,0.14586471
4330,0.5102697,0.20490403414911168,0.5102697
4331,0.6311838,-0.11371841483083242,0.6311838
4332,0.29322013,0.0744260421865093,0.29322013
4333,0.2416724,0.07067964834915207,0.2416724
4334,0.09070465,0.0168113329496088,0.09070465
4335,0.09070465,-0.032420547860575966,0.09070465
4336,0.2017392,0.06200221607859463,0.2017392
4337,0.3635562,0.10739986237768448,0.3635562
4338,0.2737927,0.12871729710172977,0.2737927
4339,0.19616629,-0.014654446945515546,0.19616629
4340,0.16169004,-0.028189480727558343,0.16169004
4341,0.28635433,0.005262123959330729,0.28635433
4342,0.28635433,0.005262123959330729,0.28635433
4343,0.28635433,0.005262123959330729,0.28635433
4344,0.18016842,-0.03224141898691501,0.18016842
4345,0.20124227,0.05189420034408274,0.20124227
4346,0.16172208,0.047142067162578204,0.16172208
4347,0.20950411,0.0961462202686998,0.20950411
4348,0.122790754,-0.08206046682502677,0.122790754
4349,0.19693096,0.043477928976553476,0.19693096
4350,0.36936632,0.01394169321090399,0.36936632
4351,0.19679539,-0.007778975940350758,0.19679539
4352,0.18661337,-0.10142490780770691,0.18661337
4353,0.26518783,0.12615203975874842,0.26518783
4354,0.15539046,-0.09017783556832797,0.15539046
4355,0.3338593,0.04042397740095962,0.3338593
4356,0.22010496,0.09085987232342928,0.22010496
4357,0.33321232,0.32824007312625736,0.33321232
4358,0.561688,-0.10406288226752082,0.561688
4359,0.35101646,0.07410474561411165,0.35101646
4360,0.35101646,0.07410474561411165,0.35101646
4361,0.35101646,0.07410474561411165,0.35101646
4362,0.4508952,0.05282626095446479,0.4508952
4363,0.19539863,-0.11869662145542113,0.19539863
4364,0.1957594,-0.037460874149989616,0.1957594
4365,0.21504597,0.012238836587626445,0.21504597
4366,0.27898943,0.09851107035638518,0.27898943
4367,0.41274562,0.040774190479045395,0.41274562
4368,0.19004898,0.01963005737804823,0.19004898
4369,0.27689743,0.07707946860854055,0.27689743
4370,0.4781763,0.07792445018938644,0.4781763
4371,0.14147902,-0.0270963144660084,0.14147902
4372,0.27660316,0.10641322800762942,0.27660316
4373,0.19824529,-0.0340317472067954,0.19824529
4374,0.2678649,-0.14545623083345927,0.2678649
4375,0.17927112,0.030228351523665892,0.17927112
4376,0.20945767,0.0612642007923599,0.20945767
4377,0.32408068,0.04439582621714264,0.32408068
4378,0.15247083,0.0019264739629008367,0.15247083
4379,0.32535443,0.046485450920783156,0.32535443
4380,0.34779045,0.05369126590041588,0.34779045
4381,0.22290307,0.023539390132351116,0.22290307
4382,0.26457655,0.02962757969533829,0.26457655
4383,0.34948882,0.17842190746941156,0.34948882
4384,0.39546835,-0.015382712154091448,0.39546835
4385,0.18522875,-0.006432662110005306,0.18522875
4386,0.13228098,0.03906677897218541,0.13228098
4387,0.23262852,-0.07478977504548846,0.23262852
4388,0.29148707,0.09948748910773979,0.29148707
4389,0.17119478,0.040833536897261685,0.17119478
4390,0.1843391,-0.04441987053169728,0.1843391
4391,0.15548998,-0.01447681011651631,0.15548998
4392,0.28215018,0.05117912554743466,0.28215018
4393,0.22595313,0.00538318571486254,0.22595313
4394,0.22670731,0.007852154414698012,0.22670731
4395,0.14743584,-0.02270888935716936,0.14743584
4396,0.25072122,0.017238555240059864,0.25072122
4397,0.1689826,0.006539322236735415,0.1689826
4398,0.24721651,0.08682005838276692,0.24721651
4399,0.2076649,0.055673812487093924,0.2076649
4400,0.2076649,0.055673812487093924,0.2076649
4401,0.50878674,0.11728451012905289,0.50878674
4402,0.50878674,0.11728451012905289,0.50878674
4403,0.501349,0.29325410658713685,0.501349
4404,0.48059618,0.11257504048284786,0.48059618
4405,0.53446054,0.12155808319257394,0.53446054
4406,0.1950517,-0.06681407912621996,0.1950517
4407,0.6438996,-0.03271825752613109,0.6438996
4408,0.12635869,-0.1657221873177527,0.12635869
4409,0.21697146,-0.09081729903949091,0.21697146
4410,0.1905248,-0.01916523276114262,0.1905248
4411,0.30193117,0.1398580556741212,0.30193117
4412,0.24484847,-0.017696876733579267,0.24484847
4413,0.16985017,-0.2279327719564334,0.16985017
4414,0.15617634,-0.09331462293252409,0.15617634
4415,0.15827122,-0.07326273730668284,0.15827122
4416,0.24647824,0.08448306861634017,0.24647824
4417,0.1517679,0.017391682362043477,0.1517679
4418,0.16971342,0.035497452335566386,0.16971342
4419,0.16971342,0.035497452335566386,0.16971342
4420,0.25371793,-0.046731705315550605,0.25371793
4421,0.23765911,0.06074255787696442,0.23765911
4422,0.17560858,-0.02883977786688178,0.17560858
4423,0.25173786,0.12519826036480328,0.25173786
4424,0.25173786,0.12519826036480328,0.25173786
4425,0.11319366,0.013425976615197184,0.11319366
4426,0.11319366,0.013425976615197184,0.11319366
4427,0.11554869,-0.043492782000484294,0.11554869
4428,0.11554869,-0.043492782000484294,0.11554869
4429,0.309328,0.038285134180025146,0.309328
4430,0.309328,0.038285134180025146,0.309328
4431,0.39553806,-0.09746166038891227,0.39553806
4432,0.4098919,-0.03398119396839686,0.4098919
4433,0.5800672,-0.12283009911660434,0.5800672
4434,0.512415,-0.1265121465726973,0.512415
4435,0.5287486,0.04190734863519014,0.5287486
4436,0.5215416,0.0628673248739088,0.5215416
4437,0.2926378,0.19051370730766068,0.2926378
4438,0.22671513,0.05387574958156097,0.22671513
4439,0.20633018,-0.016905242040656156,0.20633018
4440,0.18839183,0.009899348767965773,0.18839183
4441,0.22480725,-0.0006355216086190557,0.22480725
4442,0.18294628,-0.03679961785063454,0.18294628
4443,0.25834793,0.016244572900558474,0.25834793
4444,0.3216362,0.12707056462598987,0.3216362
4445,0.34773806,-0.19072106301507724,0.34773806
4446,0.25062457,0.0883600055671279,0.25062457
4447,0.25062457,0.0883600055671279,0.25062457
4448,0.19031966,-0.06381898598249935,0.19031966
4449,0.30342892,0.04183021150660562,0.30342892
4450,0.2756109,0.010180341597350854,0.2756109
4451,0.16351,-0.037034568216047135,0.16351
4452,0.16768572,-0.138870637845765,0.16768572
4453,0.3788098,-0.029194015149137238,0.3788098
4454,0.17845868,0.011310065592535688,0.17845868
4455,0.27211574,0.07672849866367795,0.27211574
4456,0.23863417,0.02330629180192805,0.23863417
4457,0.26422638,0.09025589358521496,0.26422638
4458,0.21415652,-0.05139948599397791,0.21415652
4459,0.21836615,-0.0690990250613268,0.21836615
4460,0.23270392,-0.03176203592140272,0.23270392
4461,0.33215284,0.07149161901123492,0.33215284
4462,0.17848372,-0.001391288361090252,0.17848372
4463,0.19510044,-0.025456207839826196,0.19510044
4464,0.30622992,0.11045911048188063,0.30622992
4465,0.30622992,0.11045911048188063,0.30622992
4466,0.30080476,0.07588764441164059,0.30080476
4467,0.329716,0.11637408376968587,0.329716
4468,0.3080295,0.29317303395499733,0.3080295
4469,0.30080476,0.07588764441164059,0.30080476
4470,0.3080295,0.29317303395499733,0.3080295
4471,0.48391736,0.05350030918744243,0.48391736
4472,0.2942851,0.271637524975303,0.2942851
4473,0.23023249,0.02902069467232253,0.23023249
4474,0.28615117,0.040145262090677966,0.28615117
4475,0.23566727,0.0007077089047409744,0.23566727
4476,0.11707385,-0.037222662923049016,0.11707385
4477,0.21115993,0.007568292724003918,0.21115993
4478,0.16392018,0.09838734428399921,0.16392018
4479,0.33070928,0.08982025055645217,0.33070928
4480,0.23258114,-0.03632723475387902,0.23258114
4481,0.32057574,0.14015600358117425,0.32057574
4482,0.1699111,-0.09953795768668038,0.1699111
4483,0.13449414,0.02915181643135484,0.13449414
4484,0.39753118,0.22376806764083856,0.39753118
4485,0.39753118,0.22376806764083856,0.39753118
4486,0.15681511,-0.007646839351469911,0.15681511
4487,0.4461946,0.03593514164159045,0.4461946
4488,0.29362476,0.11694045806543235,0.29362476
4489,0.25224,0.06096963598095704,0.25224
4490,0.4851687,-0.08786120798555137,0.4851687
4491,0.28038463,0.024502045526805395,0.28038463
4492,0.2294544,-0.05360725948724353,0.2294544
4493,0.24373277,0.047982386345191974,0.24373277
4494,0.22448608,0.007691706350896336,0.22448608
4495,0.22448608,-0.021652438681292286,0.22448608
4496,0.31778353,-0.014323287163037542,0.31778353
4497,0.25244746,0.06934799163594638,0.25244746
4498,0.15008661,-0.061920473909467255,0.15008661
4499,0.1518875,-0.052928266746712284,0.1518875
4500,0.22209905,0.023331069169700458,0.22209905
4501,0.34718728,0.06638375830627556,0.34718728
4502,0.34718728,0.06638375830627556,0.34718728
4503,0.45464933,0.14580801130276885,0.45464933
4504,0.21886188,0.0019981048281088277,0.21886188
4505,0.2626684,-0.04851785603444779,0.2626684
4506,0.21488427,-0.05524692794569973,0.21488427
4507,0.27352935,0.03439275695869677,0.27352935
4508,0.1760216,0.019539237354848225,0.1760216
4509,0.17156279,-0.06805578096132694,0.17156279
4510,0.17446023,0.03981546923023892,0.17446023
4511,0.20741162,0.06375963692047787,0.20741162
4512,0.14485228,0.03374828804722449,0.14485228
4513,0.4283535,0.05367636993569113,0.4283535
4514,0.4283535,0.3160956140396741,0.4283535
4515,0.051419206,0.08729844540962553,0.051419206
4516,0.070106216,-0.17141296633268835,0.070106216
4517,0.23103264,0.03268820218655203,0.23103264
4518,0.23616011,0.005971786271866532,0.23616011
4519,0.24096026,0.049743945458669246,0.24096026
4520,0.36813527,0.2584515653969391,0.36813527
4521,0.17897864,-0.0017550318122664273,0.17897864
4522,0.11447179,-0.10381303941510857,0.11447179
4523,0.1557334,0.03460894768636229,0.1557334
4524,0.25719965,-0.007655693813009294,0.25719965
4525,0.21326801,-0.028725814327553306,0.21326801
4526,0.25648025,-0.024916532592936882,0.25648025
4527,0.1759266,-0.024957145567639616,0.1759266
4528,0.22577931,0.039666475811209155,0.22577931
4529,0.23469408,-0.026082770891508004,0.23469408
4530,0.12218391,-0.05411003689040761,0.12218391
4531,0.15177853,-0.2623642824893825,0.15177853
4532,0.3311322,0.12194409491198517,0.3311322
4533,0.2151551,-0.040490073395455344,0.2151551
4534,0.259038,0.03426895681159269,0.259038
4535,0.23822086,0.049525904416416966,0.23822086
4536,0.32557064,-6.009068176413609e-05,0.32557064
4537,0.27780637,-0.02041851644761964,0.27780637
4538,0.24154146,-0.008120377973933144,0.24154146
4539,0.14671524,0.021555052910895347,0.14671524
4540,0.12329267,-0.07856510724918275,0.12329267
4541,0.12329267,-0.07856510724918275,0.12329267
4542,0.13589552,0.018719701073642743,0.13589552
4543,0.13589552,0.018719701073642743,0.13589552
4544,0.58609325,-0.10188193597644656,0.58609325
4545,0.15931417,-0.04688680408533788,0.15931417
4546,0.26186755,-0.02510962179128125,0.26186755
4547,0.16221426,-0.017943169365140198,0.16221426
4548,0.24511854,-0.029300029730098116,0.24511854
4549,0.2392774,0.0555324214268419,0.2392774
4550,0.25114936,0.0629366836016268,0.25114936
4551,0.2757163,0.08592992312243164,0.2757163
4552,0.28209135,0.09311996142912438,0.28209135
4553,0.25029185,0.11585060735274631,0.25029185
4554,0.31691498,0.07055018390750716,0.31691498
4555,0.34519157,0.10055242549627086,0.34519157
4556,0.28832024,0.03518470959601532,0.28832024
4557,0.5260077,-0.1523225330939556,0.5260077
4558,0.28531072,0.10911012200033052,0.28531072
4559,0.20438994,0.01396469424905686,0.20438994
4560,0.28223312,0.147381397092124,0.28223312
4561,0.21185063,0.02448501770050676,0.21185063
4562,0.29592708,0.012019969573407856,0.29592708
4563,0.17201097,-0.02181367679942294,0.17201097
4564,0.2169768,-0.010758192528545636,0.2169768
4565,0.21587747,-0.011867227543224829,0.21587747
4566,0.14471528,-0.04839505912437611,0.14471528
4567,0.10316298,-0.13643483390479585,0.10316298
4568,0.17324156,-0.03985721259586043,0.17324156
4569,0.21001732,-0.028613724981182986,0.21001732
4570,0.27721646,0.1356289142956861,0.27721646
4571,0.32525256,0.10148943842487053,0.32525256
4572,0.35111302,0.11262009020983146,0.35111302
4573,0.27125192,-0.08707715498202245,0.27125192
4574,0.1729974,-0.08326350804097216,0.1729974
4575,0.21791197,-0.12018323742015953,0.21791197
4576,0.15391466,-0.03065874244127233,0.15391466
4577,0.24336924,0.015942321614295256,0.24336924
4578,0.2720426,-0.013257787621416047,0.2720426
4579,0.19986486,-0.07063583536242887,0.19986486
4580,0.25396326,-0.05147989610916265,0.25396326
4581,0.29841805,0.09869755291204149,0.29841805
4582,0.5198992,0.001746062856977879,0.5198992
4583,0.41426784,-0.030984785036411264,0.41426784
4584,0.20329711,0.03590142346158049,0.20329711
4585,0.6293871,0.02437281478366877,0.6293871
4586,0.40899605,-0.058294897217794184,0.40899605
4587,0.50757027,0.1129873852106422,0.50757027
4588,0.27467555,0.12500771231285737,0.27467555
4589,0.23802263,0.09094496229141816,0.23802263
4590,0.31575304,0.0335995023728304,0.31575304
4591,0.111822024,-0.019888061595612648,0.111822024
4592,0.2758411,0.013457629521360806,0.2758411
4593,0.2479511,0.03481632691410451,0.2479511
4594,0.20122878,0.03927772594447579,0.20122878
4595,0.18459876,-0.059515690049177325,0.18459876
4596,0.18250959,-0.08263052024893754,0.18250959
4597,0.37148777,0.16636781815957838,0.37148777
4598,0.26402757,0.012755956267158268,0.26402757
4599,0.2775631,0.07784642422886202,0.2775631
4600,0.35373622,0.06888094597153348,0.35373622
4601,0.385623,0.3409856849841471,0.385623
4602,0.2842191,0.05848932505303251,0.2842191
4603,0.38680187,0.14932090740249088,0.38680187
4604,0.38680187,0.14932090740249088,0.38680187
4605,0.4135302,0.15308095124820456,0.4135302
4606,0.39136857,0.11591966323531626,0.39136857
4607,0.35063785,0.14337551224522513,0.35063785
4608,0.37981328,0.015837705423138705,0.37981328
4609,0.45670584,-0.005399917136422343,0.45670584
4610,0.28643498,0.18257122943394438,0.28643498
4611,0.44765282,0.007796551249835783,0.44765282
4612,0.25607824,-0.0011721537436852915,0.25607824
4613,0.25607824,0.006602064557185546,0.25607824
4614,0.25607824,0.006602064557185546,0.25607824
4615,0.17985412,-0.07522078459598261,0.17985412
4616,0.24266103,0.030372572072541182,0.24266103
4617,0.24266103,0.05894245165201448,0.24266103
4618,0.24266103,-0.04678412600283944,0.24266103
4619,0.14715628,-0.057149019539887096,0.14715628
4620,0.41460747,-0.06981570441576104,0.41460747
4621,0.41460747,-0.06981570441576104,0.41460747
4622,0.26723596,0.0608472356976726,0.26723596
4623,0.07282104,-0.21962947915409575,0.07282104
4624,0.19489834,-0.05148445153155555,0.19489834
4625,0.20141152,-0.0505570851843327,0.20141152
4626,0.15529022,-0.029788295839743583,0.15529022
4627,0.17304446,-0.019070868965918558,0.17304446
4628,0.27740404,0.09181815861140359,0.27740404
4629,0.33790988,0.09817350523124345,0.33790988
4630,0.23584276,0.0934920058594875,0.23584276
4631,0.20458916,0.008151280826326601,0.20458916
4632,0.22297955,-0.009655225035763408,0.22297955
4633,0.22297955,-0.009655225035763408,0.22297955
4634,0.22297955,-0.009655225035763408,0.22297955
4635,0.23293647,0.10888972967515599,0.23293647
4636,0.23293647,0.10888972967515599,0.23293647
4637,0.20950736,0.0368588921191761,0.20950736
4638,0.23006906,0.000985730280566142,0.23006906
4639,0.22227374,-0.028736973460636403,0.22227374
4640,0.17409836,-0.08555415517220238,0.17409836
4641,0.22832339,-0.003061408135545773,0.22832339
4642,0.108583644,-0.1738313854381728,0.108583644
4643,0.39737073,0.18480491068875293,0.39737073
4644,0.18711562,-0.02839201471027285,0.18711562
4645,0.23610838,-0.05389592955776404,0.23610838
4646,0.11883031,-0.06394776927294071,0.11883031
4647,0.11883031,-0.06394776927294071,0.11883031
4648,0.115959406,-0.04497639623087676,0.115959406
4649,0.115959406,-0.04497639623087676,0.115959406
4650,0.23431224,-0.0078177474918702,0.23431224
4651,0.12342962,-0.10134098576443822,0.12342962
4652,0.17431222,-0.0602226151629905,0.17431222
4653,0.22649679,-0.044730272879088366,0.22649679
4654,0.4644202,0.07152759652842747,0.4644202
4655,0.26500884,0.07266261266493598,0.26500884
4656,0.20300192,-0.2072267996094238,0.20300192
4657,0.09867172,-0.26290630910219437,0.09867172
4658,0.13511376,-0.06459411177227956,0.13511376
4659,0.24787794,0.030033727649446246,0.24787794
4660,0.41868007,0.18259715404398316,0.41868007
4661,0.21803924,-0.004777463540515576,0.21803924
4662,0.36359802,-0.29203308917522774,0.36359802
4663,0.2929449,0.10100635838842305,0.2929449
4664,0.24252549,-0.008401342064294298,0.24252549
4665,0.30259693,0.009667326311256441,0.30259693
4666,0.30259693,0.009667326311256441,0.30259693
4667,0.16921109,0.04332123501065394,0.16921109
4668,0.20386112,-0.09928274491324474,0.20386112
4669,0.25725478,0.035357323843065364,0.25725478
4670,0.21907353,0.010849934851182852,0.21907353
4671,0.27816063,-0.04669432008828106,0.27816063
4672,0.2697075,0.061065544987397864,0.2697075
4673,0.2916935,0.08488796583331813,0.2916935
4674,0.23708744,0.1150804597086561,0.23708744
4675,0.30775696,0.05057425795902948,0.30775696
4676,0.23565634,-0.042568350927242066,0.23565634
4677,0.31931496,0.04360765069868485,0.31931496
4678,0.2413051,0.04968397957888388,0.2413051
4679,0.23918594,0.09344853912700028,0.23918594
4680,0.23092422,0.12486853183968151,0.23092422
4681,0.25397593,0.006938816221705647,0.25397593
4682,0.28801575,0.07688197232348919,0.28801575
4683,0.2604813,-0.03289078556734094,0.2604813
4684,0.19356127,-0.0788177199453986,0.19356127
4685,0.29669994,0.0037796912631570213,0.29669994
4686,0.26764128,0.053701484845535774,0.26764128
4687,0.27780622,0.15044846014506633,0.27780622
4688,0.3946219,0.05490394333775009,0.3946219
4689,0.5145628,0.325228805625287,0.5145628
4690,0.5145628,0.325228805625287,0.5145628
4691,0.25462586,0.030188559916177294,0.25462586
4692,0.24815968,0.027963999196334688,0.24815968
4693,0.29750136,0.0888543334427509,0.29750136
4694,0.23403539,-0.023415866822615174,0.23403539
4695,0.28002962,-0.021254816674737022,0.28002962
4696,0.16394435,-0.009142281403691182,0.16394435
4697,0.16394435,-0.023100954900789263,0.16394435
4698,0.16394435,-0.009142281403691182,0.16394435
4699,0.16394435,0.04741710477598535,0.16394435
4700,0.27056834,0.06265226066601944,0.27056834
4701,0.18621862,0.004440213925128276,0.18621862
4702,0.18621862,0.004440213925128276,0.18621862
4703,0.18621862,-0.011732955153443197,0.18621862
4704,0.12902807,-0.06981562451531728,0.12902807
4705,0.16563821,-0.0648082205641969,0.16563821
4706,0.1941589,-0.028837833889342638,0.1941589
4707,0.18255879,-0.0018913925180734403,0.18255879
4708,0.18255879,0.00132447140426082,0.18255879
4709,0.309214,0.10253756715226214,0.309214
4710,0.1579971,0.05133221955109574,0.1579971
4711,0.24141948,-0.05740924366341103,0.24141948
4712,0.3252022,0.0922113923022759,0.3252022
4713,0.3252022,0.05502259205624847,0.3252022
4714,0.3252022,0.0922113923022759,0.3252022
4715,0.31476936,0.04955569795648157,0.31476936
4716,0.3198544,0.038052290079645945,0.3198544
4717,0.21516217,-0.0014028489587192888,0.21516217
4718,0.19583157,0.09384847509655943,0.19583157
4719,0.28133082,0.0972770772473239,0.28133082
4720,0.23526056,0.04719459272002461,0.23526056
4721,0.23534401,0.06968663277592085,0.23534401
4722,0.29672357,0.11374626351454936,0.29672357
4723,0.25930223,-0.03469962838573233,0.25930223
4724,0.3020187,0.14516732224126513,0.3020187
4725,0.29118758,0.041851655587230446,0.29118758
4726,0.4056322,0.07175065972834216,0.4056322
4727,0.23672009,-0.14955588879395273,0.23672009
4728,0.20552078,-0.07581210330133775,0.20552078
4729,0.17571194,-0.05114567698204648,0.17571194
4730,0.22655329,0.008575166045395136,0.22655329
4731,0.24888629,0.013139573702035317,0.24888629
4732,0.24092343,-0.05392594146351308,0.24092343
4733,0.285462,0.08345324959355964,0.285462
4734,0.25457805,0.17186801083014208,0.25457805
4735,0.14952995,0.012752856587147022,0.14952995
4736,0.33148935,0.1052469904784825,0.33148935
4737,0.428112,0.28812609751334134,0.428112
4738,0.2906614,0.058927910508413554,0.2906614
4739,0.13395347,-0.051142464629545616,0.13395347
4740,0.12595733,-0.09649353133454966,0.12595733
4741,0.19783449,-0.01988417882664524,0.19783449
4742,0.21542437,-0.00790054188475245,0.21542437
4743,0.19118758,-0.005942085597021323,0.19118758
4744,0.22388433,0.0010365165352698687,0.22388433
4745,0.11577383,-0.10634909328314429,0.11577383
4746,0.13843103,-0.08278286412232,0.13843103
4747,0.14907971,-0.13345020551928702,0.14907971
4748,0.20538881,0.012155466359861809,0.20538881
4749,0.12884028,-0.10504037605152781,0.12884028
4750,0.17528144,-0.02841802922580295,0.17528144
4751,0.41338018,-0.020247582008907646,0.41338018
4752,0.31796163,0.06956020810057736,0.31796163
4753,0.31735063,0.07278739976340821,0.31735063
4754,0.6457142,0.006592986758873974,0.6457142
4755,0.50966835,-0.0053765909620723164,0.50966835
4756,0.3407218,0.3566826057115872,0.3407218
4757,0.25271034,-0.013066922657731274,0.25271034
4758,0.2296134,0.004335518303800999,0.2296134
4759,0.45842126,-0.11793456880038541,0.45842126
4760,0.3519739,0.25002436631652647,0.3519739
4761,0.35196438,0.19742076089624433,0.35196438
4762,0.50512195,-0.02785399019168236,0.50512195
4763,0.19767372,-0.07230354171987632,0.19767372
4764,0.1855612,-0.01584097495754458,0.1855612
4765,0.2785142,0.08392760708696771,0.2785142
4766,0.24557622,0.030437980342941606,0.24557622
4767,0.16179495,-0.10050359704128345,0.16179495
4768,0.29220587,-0.04326509950758137,0.29220587
4769,0.22376834,-0.014026221070121261,0.22376834
4770,0.23694535,-0.006822871751682915,0.23694535
4771,0.3459656,0.02933299084041718,0.3459656
4772,0.21525653,-0.029409822599479586,0.21525653
4773,0.19870712,0.015842847982728166,0.19870712
4774,0.25967994,0.02688936563822505,0.25967994
4775,0.18388003,-0.04382712998843195,0.18388003
4776,0.228398,-0.02546190185329182,0.228398
4777,0.21974581,0.018718968527697468,0.21974581
4778,0.13637154,-0.02400959252295802,0.13637154
4779,0.24276993,0.01891428760306054,0.24276993
4780,0.25260952,-0.0037051125807566997,0.25260952
4781,0.32668293,0.06692748303318156,0.32668293
4782,0.32668293,0.06692748303318156,0.32668293
4783,0.28499353,0.07834805697079314,0.28499353
4784,0.255228,-0.0014033971924578466,0.255228
4785,0.23270473,0.09099145690130085,0.23270473
4786,0.23082049,0.007810700547469235,0.23082049
4787,0.11992539,-0.10691066082652646,0.11992539
4788,0.22385192,0.010502513724522424,0.22385192
4789,0.20466724,-0.03725831619815875,0.20466724
4790,0.27193362,0.1284294107891341,0.27193362
4791,0.16754615,-0.036093126415726755,0.16754615
4792,0.24519,-0.01604289805721241,0.24519
4793,0.13916145,-0.09450214650100282,0.13916145
4794,0.37022018,0.0697064109194458,0.37022018
4795,0.2922291,0.03208055651600901,0.2922291
4796,0.25109085,0.12056847408691265,0.25109085
4797,0.22013576,0.02650215046182745,0.22013576
4798,0.14055136,-0.13113307083174017,0.14055136
4799,0.24529345,0.04794337198892616,0.24529345
4800,0.27323774,0.03031008414943239,0.27323774
4801,0.189455,-0.01164864403946936,0.189455
4802,0.23920424,0.08650050648608962,0.23920424
4803,0.3549486,0.184398846687623,0.3549486
4804,0.20290518,0.008475859546839926,0.20290518
4805,0.18719731,0.0457103932211564,0.18719731
4806,0.1723174,-0.029303761607039947,0.1723174
4807,0.1723174,-0.10546965367633668,0.1723174
4808,0.3311084,-0.032981775323475356,0.3311084
4809,0.2433391,-0.0007346606778307159,0.2433391
4810,0.2433391,0.004720040404082935,0.2433391
4811,0.2433391,0.004720040404082935,0.2433391
4812,0.17922674,-0.008614216918756436,0.17922674
4813,0.17922674,-0.024904578143588194,0.17922674
4814,0.17922674,-0.024904578143588194,0.17922674
4815,0.17922674,-0.008614216918756436,0.17922674
4816,0.17922674,-0.008614216918756436,0.17922674
4817,0.2815988,0.13354270882516384,0.2815988
4818,0.2815988,0.11001367646772973,0.2815988
4819,0.19316746,-0.023172153890474893,0.19316746
4820,0.3405637,-0.0315446742404376,0.3405637
4821,0.3405637,0.04306777811517294,0.3405637
4822,0.3405637,-0.0315446742404376,0.3405637
4823,0.3405637,0.04306777811517294,0.3405637
4824,0.3405637,0.04306777811517294,0.3405637
4825,0.3405637,0.04306777811517294,0.3405637
4826,0.18436095,-0.01828696616017817,0.18436095
4827,0.18436095,-0.01828696616017817,0.18436095
4828,0.15116882,0.005426040088741387,0.15116882
4829,0.22759435,-0.07245704519133782,0.22759435
4830,0.17936519,-0.06640323116232918,0.17936519
4831,0.17936519,-0.06640323116232918,0.17936519
4832,0.17936519,-0.06640323116232918,0.17936519
4833,0.24728718,0.01526001312794694,0.24728718
4834,0.16469066,0.01510929452434487,0.16469066
4835,0.15447849,-0.031191656549533223,0.15447849
4836,0.25208205,-0.019963858757374827,0.25208205
4837,0.20779037,-0.023760202098125027,0.20779037
4838,0.3549486,0.184398846687623,0.3549486
4839,0.18719731,0.0457103932211564,0.18719731
4840,0.30869415,-0.20484567543553808,0.30869415
4841,0.2418434,0.010633471470747394,0.2418434
4842,0.22987384,0.042944310992875205,0.22987384
4843,0.22987384,0.042944310992875205,0.22987384
4844,0.22987384,0.042944310992875205,0.22987384
4845,0.22987384,0.042944310992875205,0.22987384
4846,0.18313654,-0.0721283423734383,0.18313654
4847,0.33018446,-0.0182502131778362,0.33018446
4848,0.16223606,-0.0437321884958303,0.16223606
4849,0.21839392,0.021082330867049394,0.21839392
4850,0.57288754,-0.1054601411963693,0.57288754
4851,0.37731895,0.3496069487459773,0.37731895
4852,0.38835323,0.2930915532431039,0.38835323
4853,0.41726854,0.12347899114942164,0.41726854
4854,0.3007505,0.14427418187398883,0.3007505
4855,0.2369045,0.05932520349601557,0.2369045
4856,0.13387883,-0.029017468466389397,0.13387883
4857,0.13387883,-0.029017468466389397,0.13387883
4858,0.1266638,-0.1756693004736214,0.1266638
4859,0.27599514,0.11210364938949907,0.27599514
4860,0.27599514,0.11210364938949907,0.27599514
4861,0.15494068,-0.028851030574764642,0.15494068
4862,0.17839971,0.08892663038195898,0.17839971
4863,0.17241766,0.10387549439793828,0.17241766
4864,0.25583282,0.039564501934046745,0.25583282
4865,0.42908588,0.2533299066687075,0.42908588
4866,0.22252804,0.06038230796000466,0.22252804
4867,0.15640846,-0.08187266014811986,0.15640846
4868,0.15640846,-0.08187266014811986,0.15640846
4869,0.34001815,0.017760629777169898,0.34001815
4870,0.3453017,0.15733108646861857,0.3453017
4871,0.5035833,0.14904182503878133,0.5035833
4872,0.5405586,-0.019131203970891006,0.5405586
4873,0.574308,-0.15856421062375609,0.574308
4874,0.21142225,0.01899064843711522,0.21142225
4875,0.43860897,0.031911501629449286,0.43860897
4876,0.37641367,0.023647525518934686,0.37641367
4877,0.21423706,0.00904134189516338,0.21423706
4878,0.110734336,-0.010718754072295804,0.110734336
4879,0.20956805,0.06586688669445792,0.20956805
4880,0.51020247,-0.008322908940547297,0.51020247
4881,0.34562445,-0.04860207576139022,0.34562445
4882,0.32824647,0.12579011252232178,0.32824647
4883,0.14067616,-0.022009714328014754,0.14067616
4884,0.304333,0.03988312965218105,0.304333
4885,0.13354057,-0.2172355184178756,0.13354057
4886,0.14105438,-0.009563847844716205,0.14105438
4887,0.15079284,0.01687062731562102,0.15079284
4888,0.333186,0.11150555261281248,0.333186
4889,0.21105514,-0.11871944801235815,0.21105514
4890,0.2577204,-0.04905404970649262,0.2577204
4891,0.24898817,-0.0010179851590363979,0.24898817
4892,0.19061945,0.00974787756864659,0.19061945
4893,0.17309822,-0.05543329376345482,0.17309822
4894,0.37420523,0.11075716576820444,0.37420523
4895,0.1924371,0.02033530488173084,0.1924371
4896,0.37945977,0.04854268425018229,0.37945977
4897,0.37945977,0.04854268425018229,0.37945977
4898,0.37945977,0.04854268425018229,0.37945977
4899,0.24462163,0.08934510127097456,0.24462163
4900,0.13836887,-0.0801254913877438,0.13836887
4901,0.24192846,-0.011970281791966318,0.24192846
4902,0.15417255,-0.0169394082111053,0.15417255
4903,0.37630916,0.12064231657057364,0.37630916
4904,0.37630916,0.02670976206961169,0.37630916
4905,0.37630916,0.12064231657057364,0.37630916
4906,0.37630916,0.02670976206961169,0.37630916
4907,0.37630916,0.02670976206961169,0.37630916
4908,0.37945977,0.04854268425018229,0.37945977
4909,0.40287182,0.007809679285321654,0.40287182
4910,0.13650212,-0.0245039516240694,0.13650212
4911,0.22226039,0.015601808131378738,0.22226039
4912,0.15683833,0.0297519560253825,0.15683833
4913,0.15683833,0.0297519560253825,0.15683833
4914,0.1867358,-0.01412401031316135,0.1867358
4915,0.22488469,-0.07328716119222226,0.22488469
4916,0.31704813,0.09894990204843288,0.31704813
4917,0.33562315,0.07020094326558127,0.33562315
4918,0.23670489,-0.010050897876808625,0.23670489
4919,0.1894959,-0.02366962120186023,0.1894959
4920,0.5592566,0.19426626428984814,0.5592566
4921,0.19607843,-0.026116310868959085,0.19607843
4922,0.21103145,0.060333211537720095,0.21103145
4923,0.12846802,0.05468273648555604,0.12846802
4924,0.06539027,-0.15912575673526205,0.06539027
4925,0.06539027,-0.15912575673526205,0.06539027
4926,0.15170045,-0.033286243719427955,0.15170045
4927,0.18415986,0.07105077971805887,0.18415986
4928,0.1786854,-0.0007748767730157272,0.1786854
4929,0.27535447,0.013540759575258536,0.27535447
4930,0.41689256,0.2657732749319982,0.41689256
4931,0.35808378,-0.020971751555464446,0.35808378
4932,0.25705633,0.003452561095553892,0.25705633
4933,0.28809437,0.07513626779969902,0.28809437
4934,0.14567797,-0.10836107420384991,0.14567797
4935,0.14350975,-0.07814910930819001,0.14350975
4936,0.28877136,0.06086635727355317,0.28877136
4937,0.28877136,0.06086635727355317,0.28877136
4938,0.37877077,-0.06024532551225638,0.37877077
4939,0.29930314,0.3010520876596867,0.29930314
4940,0.13451092,-0.018218671050731387,0.13451092
4941,0.21561846,0.012909205794209278,0.21561846
4942,0.16313356,0.012103122130164082,0.16313356
4943,0.2837747,-0.0299746543586122,0.2837747
4944,0.19110483,-0.019561903058003136,0.19110483
4945,0.17335883,-0.009671584657642798,0.17335883
4946,0.16404818,0.03128285384626876,0.16404818
4947,0.40595776,0.37238011595066567,0.40595776
4948,0.69288653,-0.060403132348013366,0.69288653
4949,0.52931607,0.057854381710901334,0.52931607
4950,0.41446078,-0.07835352431496101,0.41446078
4951,0.29526478,-0.05097441147471113,0.29526478
4952,0.27973822,0.13887023707121143,0.27973822
4953,0.25406924,0.017548422494609077,0.25406924
4954,0.23915647,0.04700953365307213,0.23915647
4955,0.5013643,0.3778058939563171,0.5013643
4956,0.49324575,0.20820271001727306,0.49324575
4957,0.22241907,-0.01795701438223782,0.22241907
4958,0.4994057,0.35729081126684914,0.4994057
4959,0.19569996,0.048475445222504986,0.19569996
4960,0.3077895,0.08435024642250456,0.3077895
4961,0.16678594,-0.09593758684296115,0.16678594
4962,0.14237271,-0.06522921409820101,0.14237271
4963,0.33953577,0.27329163386860256,0.33953577
4964,0.33953577,0.27329163386860256,0.33953577
4965,0.18200836,-0.038808238253975655,0.18200836
4966,0.23178399,-0.14662394652436686,0.23178399
4967,0.14165507,-0.04556486248451885,0.14165507
4968,0.32843086,0.008808082045355273,0.32843086
4969,0.31497076,0.01860632880274654,0.31497076
4970,0.24200639,-0.0123172592651326,0.24200639
4971,0.24048401,0.05389361615802016,0.24048401
4972,0.16621028,-0.008063336672473385,0.16621028
4973,0.12669092,-0.04825371463845522,0.12669092
4974,0.22392215,0.026464282737940426,0.22392215
4975,0.21153258,-0.013318819303550115,0.21153258
4976,0.15405013,-0.011271943885073108,0.15405013
4977,0.24540552,0.07277612126478668,0.24540552
4978,0.24540552,0.07277612126478668,0.24540552
4979,0.24540552,0.07277612126478668,0.24540552
4980,0.19344227,0.03944160360309881,0.19344227
4981,0.24256545,-0.01713462062023507,0.24256545
4982,0.3611762,0.21185644693011316,0.3611762
4983,0.26489252,0.04798694135157972,0.26489252
4984,0.33560753,0.2934569636712525,0.33560753
4985,0.2851704,0.05220359354141673,0.2851704
4986,0.33560753,0.2934569636712525,0.33560753
4987,0.1950352,-0.11629473208555043,0.1950352
4988,0.30014786,0.07617452185700282,0.30014786
4989,0.1433548,-0.016057925341225743,0.1433548
4990,0.21365137,0.02078891681843211,0.21365137
4991,0.14058983,-0.06430213050199148,0.14058983
4992,0.17170343,-0.029128212715834552,0.17170343
4993,0.28787142,-0.02294859166992576,0.28787142
4994,0.34052944,0.08961132062281137,0.34052944
4995,0.56188625,0.11708658654601375,0.56188625
4996,0.58774143,0.07096543316216267,0.58774143
4997,0.32659408,-0.03747086221334287,0.32659408
4998,0.12945504,-0.10623923364161367,0.12945504
4999,0.20591144,0.010236034281846539,0.20591144
5000,0.123762295,-0.20664989196904715,0.123762295
5001,0.28088236,0.04629624134164108,0.28088236
5002,0.23410736,-0.005256385780429193,0.23410736
5003,0.44530365,0.12799041074172632,0.44530365
5004,0.11495723,-0.1093207590807512,0.11495723
5005,0.23213544,0.012683226380070713,0.23213544
5006,0.23213544,0.012683226380070713,0.23213544
5007,0.29764837,-0.11400614516773343,0.29764837
5008,0.3813446,0.09086286751989617,0.3813446
5009,0.2574323,0.04848845790383893,0.2574323
5010,0.3000174,0.09981163762520807,0.3000174
5011,0.31355616,-0.028295701321813933,0.31355616
5012,0.4972821,-0.016346442361339704,0.4972821
5013,0.1859067,0.005809982844124961,0.1859067
5014,0.1746625,-0.024398427299756893,0.1746625
5015,0.35966915,0.12042681002947095,0.35966915
5016,0.37033197,0.1689710288823923,0.37033197
5017,0.20011067,-0.020364256605566372,0.20011067
5018,0.23651823,0.03088661857876596,0.23651823
5019,0.2716906,0.08864441928079396,0.2716906
5020,0.16945466,-0.038634826295587565,0.16945466
5021,0.16945466,-0.038634826295587565,0.16945466
5022,0.15827776,-0.0018077091797206368,0.15827776
5023,0.2700672,-0.05856480508882079,0.2700672
5024,0.1498408,0.004158678941217425,0.1498408
5025,0.1339478,-0.08445302129275688,0.1339478
5026,0.122748,-0.16575556200552494,0.122748
5027,0.122748,-0.16575556200552494,0.122748
5028,0.41039875,0.14683802984930777,0.41039875
5029,0.26445395,0.09134663296830017,0.26445395
5030,0.16999605,-0.009572753595395014,0.16999605
5031,0.18734266,0.005127180145896355,0.18734266
5032,0.17861739,-0.01791688504126328,0.17861739
5033,0.15404679,-0.0371862140415576,0.15404679
5034,0.26916605,0.005455840635972625,0.26916605
5035,0.3287426,0.20712036270174172,0.3287426
5036,0.28274092,-0.0018621128619161727,0.28274092
5037,0.3107325,0.03044914716900612,0.3107325
5038,0.21684885,0.02425817767396673,0.21684885
5039,0.1873658,-0.03631885697235733,0.1873658
5040,0.18637854,-0.024493402196607943,0.18637854
5041,0.24197535,0.01803492622842528,0.24197535
5042,0.14083385,-0.07416214001702989,0.14083385
5043,0.36598378,0.06843527730113726,0.36598378
5044,0.4179159,0.12574642875774342,0.4179159
5045,0.45764026,0.49132943162912707,0.45764026
5046,0.13854924,-0.2077557729105267,0.13854924
5047,0.29385847,0.07687554202574107,0.29385847
5048,0.37220308,0.1729826559410707,0.37220308
5049,0.17051546,-0.02992538374195033,0.17051546
5050,0.212821,0.044612638687497035,0.212821
5051,0.44431207,0.005851858868047174,0.44431207
5052,0.31741166,0.1525847469510279,0.31741166
5053,0.31741166,0.1525847469510279,0.31741166
5054,0.31741166,0.1525847469510279,0.31741166
5055,0.31741166,0.1525847469510279,0.31741166
5056,0.31741166,0.1525847469510279,0.31741166
5057,0.31741166,0.1525847469510279,0.31741166
5058,0.11769991,-0.06474773008588902,0.11769991
5059,0.07270391,-0.042011747221166726,0.07270391
5060,0.14155562,0.10383926948662224,0.14155562
5061,0.29123288,0.04481587991242223,0.29123288
5062,0.19369982,0.0028485965981153902,0.19369982
5063,0.20993537,-0.010332150421169698,0.20993537
5064,0.2116635,-0.009741141725827554,0.2116635
5065,0.22985569,0.046473597367687684,0.22985569
5066,0.22985569,0.046473597367687684,0.22985569
5067,0.296732,0.023311181848782555,0.296732
5068,0.24548717,0.0748702518393015,0.24548717
5069,0.1447145,0.028982814672629767,0.1447145
5070,0.1447145,0.028982814672629767,0.1447145
5071,0.26796573,-0.002557849334871608,0.26796573
5072,0.23325336,-0.02688172918712635,0.23325336
5073,0.37838778,-0.043027559508440394,0.37838778
5074,0.39604774,0.09017051277132636,0.39604774
5075,0.25033167,0.059542269926371266,0.25033167
5076,0.50753987,-0.052980369241501464,0.50753987
5077,0.22661524,0.03119606744747567,0.22661524
5078,0.22661524,0.03119606744747567,0.22661524
5079,0.22661524,0.03119606744747567,0.22661524
5080,0.1868221,0.008259875966352588,0.1868221
5081,0.1868221,0.025514918201861126,0.1868221
5082,0.1868221,0.025514918201861126,0.1868221
5083,0.19518992,-0.028424731301811015,0.19518992
5084,0.22343764,0.04323042396692736,0.22343764
5085,0.22834638,0.0927544788164438,0.22834638
5086,0.28137958,0.021939866127936573,0.28137958
5087,0.13805073,-0.20591821661557813,0.13805073
5088,0.14845686,-0.059172344855075186,0.14845686
5089,0.28638974,0.11967112313174427,0.28638974
5090,0.19815566,0.0004397414458625114,0.19815566
5091,0.65455145,-0.025915304450056242,0.65455145
5092,0.58070433,0.01777372315412081,0.58070433
5093,0.11394302,0.050310075639655054,0.11394302
5094,0.2721384,0.05642939398403743,0.2721384
5095,0.22903396,0.028687969432314865,0.22903396
5096,0.47978356,0.10222088077498022,0.47978356
5097,0.5310926,0.3388629285554245,0.5310926
5098,0.1199937,-0.015214056589929635,0.1199937
5099,0.1199937,-0.07246819228324017,0.1199937
5100,0.1199937,-0.015214056589929635,0.1199937
5101,0.1199937,-0.015214056589929635,0.1199937
5102,0.118403874,-0.07492103909406861,0.118403874
5103,0.14480494,0.04471584537993755,0.14480494
5104,0.24346547,0.055106024905453764,0.24346547
5105,0.28884134,0.061124809729092996,0.28884134
5106,0.13429266,-0.04853674245355488,0.13429266
5107,0.16366619,-0.08164850380668236,0.16366619
5108,0.10578049,-0.14891710953638598,0.10578049
5109,0.11455527,-0.1081763473093868,0.11455527
5110,0.15474634,-0.09194331503676109,0.15474634
5111,0.3345264,-0.09327259497365159,0.3345264
5112,0.15994774,-0.042368393420484235,0.15994774
5113,0.14356698,-0.012088691471342842,0.14356698
5114,0.24934082,0.055681708302892964,0.24934082
5115,0.19191894,-0.11291183221255385,0.19191894
5116,0.100754775,-0.1376262131095594,0.100754775
5117,0.16874436,-0.1023675285755826,0.16874436
5118,0.3078379,0.11791409318952795,0.3078379
5119,0.373357,0.035171899854682956,0.373357
5120,0.11108986,0.011550073775988951,0.11108986
5121,0.13322055,-0.020204037692589383,0.13322055
5122,0.052003305,-0.10543796998212342,0.052003305
5123,0.07125783,-0.0017838054282505614,0.07125783
5124,0.07125783,-0.13471393409394217,0.07125783
5125,0.12735242,-0.015519003517447302,0.12735242
5126,0.21688172,-0.031676353674437274,0.21688172
5127,0.15848865,-0.1297794316553728,0.15848865
5128,0.13458298,-0.05922791686851676,0.13458298
5129,0.10326214,-0.07482851643389962,0.10326214
5130,0.15246628,0.046644053256479655,0.15246628
5131,0.17150362,-0.018430397922185288,0.17150362
5132,0.17150374,-0.07064251851326163,0.17150374
5133,0.31927484,0.13700123679105425,0.31927484
5134,0.14473553,0.0042667461973183675,0.14473553
5135,0.084037766,-0.1153399506318125,0.084037766
5136,0.15162142,-0.03408603567564527,0.15162142
5137,0.18527016,0.003348407434697578,0.18527016
5138,0.10821556,-0.17383740988795132,0.10821556
5139,0.24285983,0.06117500152562995,0.24285983
5140,0.07399621,-0.07298302683111642,0.07399621
5141,0.18232821,-0.05174307226817116,0.18232821
5142,0.20393005,-0.0018785000508689076,0.20393005
5143,0.26865935,0.13696052005245193,0.26865935
5144,0.1138563,-0.17048606526480092,0.1138563
5145,0.35779923,0.0619926648543604,0.35779923
5146,0.3225741,0.1771627839604681,0.3225741
5147,0.20104037,-0.20575159597059334,0.20104037
5148,0.2189921,0.014347623141527578,0.2189921
5149,0.18831682,0.006594586936782748,0.18831682
5150,0.15537058,-0.15064928598180546,0.15537058
5151,0.18657184,-0.1228274694848385,0.18657184
5152,0.22804639,0.19487304917241044,0.22804639
5153,0.09263328,-0.0968504407229155,0.09263328
5154,0.099017166,-0.11440763264217961,0.099017166
5155,0.19106522,0.06205223918000151,0.19106522
5156,0.17803727,-0.09177748243635991,0.17803727
5157,0.29148698,0.04526699730249769,0.29148698
5158,0.16928144,-0.07088869969705938,0.16928144
5159,0.14960638,-0.10939589653546734,0.14960638
5160,0.19507197,-0.01834049740800522,0.19507197
5161,0.15611522,-0.03752524290856831,0.15611522
5162,0.23448545,0.05552989905595012,0.23448545
5163,0.20876327,-0.013388440848270707,0.20876327
5164,0.18985683,-0.0166280595390653,0.18985683
5165,0.1296024,-0.10643811961486199,0.1296024
5166,0.06411672,-0.014673755194220355,0.06411672
5167,0.06078521,0.08269570148816624,0.06078521
5168,0.080563076,-0.1876727340928094,0.080563076
5169,0.065533064,-0.251370921985122,0.065533064
5170,0.1269008,-0.12306604941621882,0.1269008
5171,0.075239785,-0.17795730337989504,0.075239785
5172,0.08227618,-0.03320782909827263,0.08227618
5173,0.07675787,-0.13286721274555463,0.07675787
5174,0.11559848,-0.15585319434497183,0.11559848
5175,0.10338243,-0.049503167098063405,0.10338243
5176,0.17164688,-0.0480438058404591,0.17164688
5177,0.17820023,-0.08474808527598202,0.17820023
5178,0.21133949,-0.025159959431819177,0.21133949
5179,0.14267053,-0.0298621057113747,0.14267053
5180,0.17042442,0.01986931935299154,0.17042442
5181,0.0840348,-0.06872299828936332,0.0840348
5182,0.1912781,0.05015110137176939,0.1912781
5183,0.19091406,-0.04277426141774495,0.19091406
5184,0.1766473,-0.02576683245879257,0.1766473
5185,0.2548488,0.00539535446410001,0.2548488
5186,0.27353483,-6.832650842468892e-05,0.27353483
5187,0.2357023,0.054258937143062166,0.2357023
5188,0.27487716,-0.049542291961876365,0.27487716
5189,0.12795989,-0.14237338418879833,0.12795989
5190,0.13572542,-0.1296141373169742,0.13572542
5191,0.17863823,0.005050097682607118,0.17863823
5192,0.18242222,-0.008889232518195702,0.18242222
5193,0.13157411,-0.09943438664842391,0.13157411
5194,0.17205626,-0.10034783088618437,0.17205626
5195,0.14362642,-0.0748976161367758,0.14362642
5196,0.1855446,-0.014749621448814684,0.1855446
5197,0.15031137,-0.040215004538399386,0.15031137
5198,0.17275777,-0.01828298715996666,0.17275777
5199,0.13996907,-0.09964326062064219,0.13996907
5200,0.08105313,-0.1392416010182426,0.08105313
5201,0.21858844,0.036582137968211866,0.21858844
5202,0.23695406,-0.049918905330658285,0.23695406
5203,0.26513535,0.0799479060335582,0.26513535
