row_index,feature_value,shap_value,color_by_self
0,-51.547188,-0.22296104041768797,-51.547188
1,-51.547188,-0.22296104041768797,-51.547188
2,46.69137,0.2633484840266299,46.69137
3,46.69137,0.2702051059804649,46.69137
4,46.69137,0.2702051059804649,46.69137
5,47.05324,0.3210537814155227,47.05324
6,-48.88225,-0.29176612454025824,-48.88225
7,-48.88225,-0.29176612454025824,-48.88225
8,-48.88225,-0.29176612454025824,-48.88225
9,-48.88225,-0.29176612454025824,-48.88225
10,-48.88225,-0.29176612454025824,-48.88225
11,-47.65402,-0.2868032285542962,-47.65402
12,-47.65402,-0.2868032285542962,-47.65402
13,-47.65402,-0.2868032285542962,-47.65402
14,-45.766827,-0.09999821571016554,-45.766827
15,-45.766827,-0.2634279019641702,-45.766827
16,46.144085,0.13959657558363583,46.144085
17,50.559853,0.23614922376766112,50.559853
18,47.14877,0.25819313806495753,47.14877
19,47.14877,0.25819313806495753,47.14877
20,47.14877,0.25819313806495753,47.14877
21,47.14877,0.25819313806495753,47.14877
22,47.14877,0.25819313806495753,47.14877
23,47.14877,0.2523573851087194,47.14877
24,47.14877,0.2523573851087194,47.14877
25,47.14877,0.25819313806495753,47.14877
26,47.14877,0.2523573851087194,47.14877
27,47.14877,0.2523573851087194,47.14877
28,47.14877,0.25819313806495753,47.14877
29,-47.148823,-0.3635491780216614,-47.148823
30,-47.148823,-0.3635491780216614,-47.148823
31,-47.148823,-0.3635491780216614,-47.148823
32,-47.148823,-0.3635491780216614,-47.148823
33,-47.148823,-0.16415935203456297,-47.148823
34,-47.148823,-0.3635491780216614,-47.148823
35,-47.148823,-0.16415935203456297,-47.148823
36,-47.148823,-0.44366857629213885,-47.148823
37,-47.148823,-0.3635491780216614,-47.148823
38,-47.148823,-0.3635491780216614,-47.148823
39,-47.148823,-0.44366857629213885,-47.148823
40,-47.148823,-0.3635491780216614,-47.148823
41,-28.184994,-0.06821177329856801,-28.184994
42,-28.184994,-0.06821177329856801,-28.184994
43,-43.414444,-0.1235691476289676,-43.414444
44,-47.72581,-0.13506103593943405,-47.72581
45,-46.09606,-0.2541589830111832,-46.09606
46,46.09606,0.29526072162461725,46.09606
47,46.09606,0.29526072162461725,46.09606
48,48.98991,0.3551912592069479,48.98991
49,-26.597069,-0.05770068382000937,-26.597069
50,45.20838,0.2830498915689331,45.20838
51,45.20838,0.2830498915689331,45.20838
52,-45.20838,-0.35004993994912903,-45.20838
53,-48.67247,-0.2833713577965619,-48.67247
54,-48.603592,-0.29727680562142034,-48.603592
55,-48.603592,-0.29727680562142034,-48.603592
56,-48.603592,-0.29727680562142034,-48.603592
57,44.939445,0.2354756767719833,44.939445
58,44.939445,0.2369745966729904,44.939445
59,-44.93928,-0.23714802767025886,-44.93928
60,-44.93928,-0.23714802767025886,-44.93928
61,-44.93928,-0.3504463607180874,-44.93928
62,-54.3528,-0.29312327861799176,-54.3528
63,-54.3528,-0.29312327861799176,-54.3528
64,-54.3528,-0.29312327861799176,-54.3528
65,-54.3528,-0.29312327861799176,-54.3528
66,-54.3528,-0.29312327861799176,-54.3528
67,-54.3528,-0.29312327861799176,-54.3528
68,-54.3528,-0.29312327861799176,-54.3528
69,-54.3528,-0.29312327861799176,-54.3528
70,-54.472977,-0.2241083007307078,-54.472977
71,-43.65563,-0.023343289142386116,-43.65563
72,-43.65563,-0.023343289142386116,-43.65563
73,-43.65563,-0.023343289142386116,-43.65563
74,46.26642,0.1620204252299257,46.26642
75,46.26642,0.397299164700123,46.26642
76,46.26642,0.397299164700123,46.26642
77,46.26642,0.397299164700123,46.26642
78,55.254387,0.2329525889015838,55.254387
79,55.254387,0.2329525889015838,55.254387
80,41.938812,0.08162668937072766,41.938812
81,41.938812,0.08162668937072766,41.938812
82,-47.33395,-0.20012466504304252,-47.33395
83,-47.33395,-0.20012466504304252,-47.33395
84,-48.447235,-0.4877595936326167,-48.447235
85,-48.447235,-0.4877595936326167,-48.447235
86,-48.447235,-0.38868542581079374,-48.447235
87,-48.447235,-0.4877595936326167,-48.447235
88,-48.88162,-0.2903863794051051,-48.88162
89,45.467964,0.25863327089238913,45.467964
90,-1.8787354,-0.009434027281751106,-1.8787354
91,-1.8787354,-0.009434027281751106,-1.8787354
92,-48.600952,-0.31277139825392913,-48.600952
93,49.27037,0.282237157935234,49.27037
94,49.27037,0.282237157935234,49.27037
95,43.382446,0.1506534572269451,43.382446
96,-47.50965,-0.21486596597306112,-47.50965
97,-47.50965,-0.21486596597306112,-47.50965
98,-40.621338,-0.033311398834900106,-40.621338
99,-46.082012,-0.2602954817552662,-46.082012
100,-46.082012,-0.29000610009758465,-46.082012
101,45.13784,0.26229638696892993,45.13784
102,-45.350384,-0.34057653970344687,-45.350384
103,-54.35794,-0.35682908039690975,-54.35794
104,-54.35794,-0.35682908039690975,-54.35794
105,-46.10195,-0.10711022927244081,-46.10195
106,-46.10195,-0.3205848837818789,-46.10195
107,-46.10195,-0.3205848837818789,-46.10195
108,-46.10195,-0.3205848837818789,-46.10195
109,-49.594784,-0.28744477772293453,-49.594784
110,-39.937866,-0.0656839431853212,-39.937866
111,2.2750762,0.11472093629486284,2.2750762
112,2.2750762,0.11472093629486284,2.2750762
113,-51.01622,-0.27595727996370356,-51.01622
114,-50.21709,-0.28899705558091804,-50.21709
115,46.89127,0.010112042734593608,46.89127
116,46.89127,0.010112042734593608,46.89127
117,-44.30234,-0.21832646789222715,-44.30234
118,-44.30234,-0.21832646789222715,-44.30234
119,-44.30234,-0.21832646789222715,-44.30234
120,-44.30234,-0.21832646789222715,-44.30234
121,-44.30234,-0.21832646789222715,-44.30234
122,-39.88826,0.01817375900494318,-39.88826
123,-39.88826,-0.030051956076413932,-39.88826
124,-47.150627,-0.3121256349218,-47.150627
125,-47.22187,-0.29328238887293884,-47.22187
126,-47.22187,-0.3727943513029378,-47.22187
127,-47.22187,-0.3727943513029378,-47.22187
128,-47.22187,-0.3727943513029378,-47.22187
129,-50.78018,-0.14953405083787616,-50.78018
130,-47.233444,-0.33388880571309476,-47.233444
131,-47.233444,-0.37604228501262,-47.233444
132,-46.3789,-0.08657095316760707,-46.3789
133,42.90022,0.30098200093636984,42.90022
134,55.681217,0.1827712465382911,55.681217
135,55.681217,0.1827712465382911,55.681217
136,-56.76982,-0.0355819300709479,-56.76982
137,-56.76982,-0.0355819300709479,-56.76982
138,-45.143513,-0.1576611963134892,-45.143513
139,57.05406,0.17912178079914462,57.05406
140,57.05406,0.17912178079914462,57.05406
141,-49.346664,-0.07068504828423133,-49.346664
142,-49.346664,-0.07068504828423133,-49.346664
143,54.152275,0.3221695580206363,54.152275
144,54.152275,0.3221695580206363,54.152275
145,-46.590385,-0.2342653501288043,-46.590385
146,-46.590385,-0.2342653501288043,-46.590385
147,48.861748,0.1418344072087094,48.861748
148,48.861748,0.1418344072087094,48.861748
149,46.478382,0.2384572835128371,46.478382
150,46.478382,0.26056651744706166,46.478382
151,46.478382,0.26056651744706166,46.478382
152,47.670574,0.32011940469575006,47.670574
153,46.33206,0.29555910258987894,46.33206
154,-46.33206,-0.30498903655881554,-46.33206
155,46.142216,0.24673225031574814,46.142216
156,44.657127,0.03348460666894419,44.657127
157,-46.884888,-0.016625774498070713,-46.884888
158,44.960537,0.20277196717387141,44.960537
159,-47.087063,-0.14688324572421313,-47.087063
160,47.087063,0.13029816255045681,47.087063
161,47.087063,0.13029816255045681,47.087063
162,-42.166077,-0.23405325487982145,-42.166077
163,46.097336,0.3264489638945383,46.097336
164,-48.244873,-0.4069543631733335,-48.244873
165,39.166214,0.1449359349055732,39.166214
166,-39.047657,0.041158662586934985,-39.047657
167,-39.047657,0.041158662586934985,-39.047657
168,48.957436,0.1648703832992111,48.957436
169,48.957436,0.11298175777702658,48.957436
170,48.957436,0.11298175777702658,48.957436
171,48.957436,0.1648703832992111,48.957436
172,48.957436,0.11298175777702658,48.957436
173,47.417606,0.3484116174800462,47.417606
174,-48.409977,-0.4139564443977749,-48.409977
175,-48.409977,-0.4139564443977749,-48.409977
176,-48.409977,-0.4217041016646637,-48.409977
177,-39.8875,-0.08267978394897137,-39.8875
178,-44.728565,-0.27488230375452133,-44.728565
179,-44.728565,-0.27488230375452133,-44.728565
180,-46.55164,-0.26334351406038375,-46.55164
181,46.329567,0.22538801054702598,46.329567
182,45.098053,0.19802045035919336,45.098053
183,45.098053,0.628972084270244,45.098053
184,45.098053,0.19802045035919336,45.098053
185,50.019093,0.2699382369414452,50.019093
186,47.14169,0.027893322055111337,47.14169
187,47.14169,0.027893322055111337,47.14169
188,-47.176273,-0.1776016015319115,-47.176273
189,47.176273,0.1896798970257986,47.176273
190,47.176273,0.1896798970257986,47.176273
191,47.176273,0.1896798970257986,47.176273
192,46.592655,0.1397122314113632,46.592655
193,-45.01996,-0.0849733821991758,-45.01996
194,50.676334,0.2916868818068054,50.676334
195,50.676334,0.2916868818068054,50.676334
196,50.676334,0.2916868818068054,50.676334
197,-55.08912,-0.29720531680934403,-55.08912
198,-55.08912,-0.11371978157966728,-55.08912
199,46.853073,0.2717312092013013,46.853073
200,46.853073,0.2717312092013013,46.853073
201,-46.871735,-0.4030683070427242,-46.871735
202,-46.127792,-0.30063699549810396,-46.127792
203,43.856552,0.15708101694347132,43.856552
204,43.856552,0.008569339281632088,43.856552
205,-43.856552,-0.0024645785430260766,-43.856552
206,-43.856552,-0.1506508986880234,-43.856552
207,-43.856552,-0.0024645785430260766,-43.856552
208,-43.856552,-0.0024645785430260766,-43.856552
209,-43.345974,-0.08394503492571379,-43.345974
210,-43.345974,-0.08394503492571379,-43.345974
211,-35.227856,0.0009354489681200228,-35.227856
212,-45.267593,-0.06752355313656648,-45.267593
213,-45.267593,-0.06752355313656648,-45.267593
214,-45.267593,-0.06752355313656648,-45.267593
215,-39.30025,-0.02793304926037191,-39.30025
216,-39.30025,-0.02793304926037191,-39.30025
217,-39.30025,0.01189780807358045,-39.30025
218,-47.65013,-0.17132641680016844,-47.65013
219,-47.65013,-0.17132641680016844,-47.65013
220,-47.65013,-0.17132641680016844,-47.65013
221,-47.65013,-0.17132641680016844,-47.65013
222,-47.65013,-0.17132641680016844,-47.65013
223,-47.65013,-0.17132641680016844,-47.65013
224,-50.32823,-0.2768342462860017,-50.32823
225,-50.32823,-0.2768342462860017,-50.32823
226,-50.32823,-0.2768342462860017,-50.32823
227,46.387238,0.09262188140525422,46.387238
228,-48.40901,-0.15037120400070517,-48.40901
229,-16.485159,0.01863477920219146,-16.485159
230,56.234974,0.24689769561579433,56.234974
231,56.234974,0.24689769561579433,56.234974
232,56.234974,0.24689769561579433,56.234974
233,56.234974,0.24689769561579433,56.234974
234,56.234974,0.24689769561579433,56.234974
235,56.234974,0.24689769561579433,56.234974
236,-46.5559,-0.2791704394224067,-46.5559
237,31.411037,0.07694332684104217,31.411037
238,-43.006474,-0.07363637823442128,-43.006474
239,-43.495007,-0.21051283416181635,-43.495007
240,-60.842663,-0.26963149580155465,-60.842663
241,44.92475,0.1886221993629436,44.92475
242,44.92475,0.1886221993629436,44.92475
243,44.92475,0.1886221993629436,44.92475
244,44.92475,0.1886221993629436,44.92475
245,-44.92475,-0.16556027119909594,-44.92475
246,-18.223246,0.033038752224728477,-18.223246
247,-18.223246,0.033038752224728477,-18.223246
248,-18.223246,0.033038752224728477,-18.223246
249,56.483105,0.21553818282852683,56.483105
250,56.483105,0.21553818282852683,56.483105
251,56.483105,0.21553818282852683,56.483105
252,56.483105,0.21553818282852683,56.483105
253,56.483105,0.21553818282852683,56.483105
254,-53.457363,-0.14635857388763251,-53.457363
255,-53.457363,-0.14635857388763251,-53.457363
256,-48.99563,-0.1979539695358022,-48.99563
257,-48.99563,-0.1979539695358022,-48.99563
258,-48.89396,-0.23790262401277426,-48.89396
259,-55.782616,-0.15623685709519636,-55.782616
260,-47.997078,-0.21766773070792675,-47.997078
261,-47.997078,-0.21766773070792675,-47.997078
262,-10.161351,0.17616500332808283,-10.161351
263,48.108624,0.2627505014905422,48.108624
264,48.108624,0.37662788514383505,48.108624
265,48.108624,0.37662788514383505,48.108624
266,48.108624,0.37662788514383505,48.108624
267,46.646385,0.14927910058262517,46.646385
268,-26.621044,0.01863477920219146,-26.621044
269,11.684993,0.20455882903082498,11.684993
270,11.684993,0.20455882903082498,11.684993
271,11.684993,0.20455882903082498,11.684993
272,11.684993,0.20455882903082498,11.684993
273,11.684993,0.20455882903082498,11.684993
274,47.23245,0.4187857414288735,47.23245
275,50.96239,0.2525454930531804,50.96239
276,-42.89733,-0.01820384728433684,-42.89733
277,-42.89733,-0.11617449129067134,-42.89733
278,-49.173744,-0.3080435107522355,-49.173744
279,-49.173744,-0.3080435107522355,-49.173744
280,-49.173744,-0.3080435107522355,-49.173744
281,-49.173744,-0.3080435107522355,-49.173744
282,49.173744,0.20270183738809552,49.173744
283,-49.784218,-0.30490884056609957,-49.784218
284,-49.820698,-0.12231561037280621,-49.820698
285,-49.63395,-0.34384346241448577,-49.63395
286,37.091778,0.1041294928732233,37.091778
287,37.091778,0.1041294928732233,37.091778
288,46.321102,0.4291896709929403,46.321102
289,46.321102,0.3348957192862753,46.321102
290,-47.371727,-0.22957392648299121,-47.371727
291,-47.371727,-0.22957392648299121,-47.371727
292,-47.371727,-0.22957392648299121,-47.371727
293,-45.95512,-0.30582116056005115,-45.95512
294,-47.72321,-0.5178255277820816,-47.72321
295,-44.86521,-0.0057446462712522715,-44.86521
296,12.558438,0.06167268635767268,12.558438
297,-46.097324,-0.1081511504641872,-46.097324
298,-58.155148,-0.06783265365929715,-58.155148
299,-58.155148,-0.06783265365929715,-58.155148
300,-58.155148,-0.06783265365929715,-58.155148
301,-42.755943,-0.15603311896801073,-42.755943
302,-42.755943,-0.15603311896801073,-42.755943
303,-42.755943,-0.15603311896801073,-42.755943
304,-42.755943,-0.15603311896801073,-42.755943
305,-42.755943,-0.15603311896801073,-42.755943
306,-54.791718,-0.2202928685367174,-54.791718
307,-54.791718,-0.2202928685367174,-54.791718
308,47.319324,0.5019395610897052,47.319324
309,49.247246,0.08037935676150938,49.247246
310,49.247246,0.24999407578494628,49.247246
311,49.247246,0.08037935676150938,49.247246
312,49.247246,0.24999407578494628,49.247246
313,-46.494846,-0.07145132385021077,-46.494846
314,-46.494846,-0.07145132385021077,-46.494846
315,-46.494846,-0.07145132385021077,-46.494846
316,-46.731274,-0.2557368455259456,-46.731274
317,66.044495,0.17071088443115912,66.044495
318,66.044495,0.17071088443115912,66.044495
319,27.878172,0.16104259086044112,27.878172
320,27.878172,0.16104259086044112,27.878172
321,-28.613106,0.061958625868372495,-28.613106
322,-28.613106,0.061958625868372495,-28.613106
323,42.136932,0.07433995633984394,42.136932
324,-76.447044,-0.3102564725194754,-76.447044
325,-76.447044,-0.3102564725194754,-76.447044
326,-76.447044,-0.3102564725194754,-76.447044
327,-76.447044,-0.3102564725194754,-76.447044
328,45.370056,0.18790595410227434,45.370056
329,43.93662,0.13773712494768145,43.93662
330,68.549225,0.09699438506230817,68.549225
331,52.636494,0.06438214483289188,52.636494
332,47.37164,0.25316666747306443,47.37164
333,46.24482,0.11878027052326783,46.24482
334,46.24482,0.11878027052326783,46.24482
335,67.89438,0.3532158665509692,67.89438
336,-47.72884,-0.4398310103261041,-47.72884
337,-47.645702,-0.12369457471194335,-47.645702
338,-47.645702,-0.12369457471194335,-47.645702
339,-47.645702,-0.12369457471194335,-47.645702
340,-47.645702,-0.12369457471194335,-47.645702
341,-46.383884,-0.32076679149877174,-46.383884
342,-48.44655,-0.22016203518416458,-48.44655
343,42.718563,0.15369253715639405,42.718563
344,-55.28583,-0.04586328651790391,-55.28583
345,-55.28583,-0.04586328651790391,-55.28583
346,-55.28583,-0.04586328651790391,-55.28583
347,-55.50017,-0.18442887275709435,-55.50017
348,-55.50017,-0.18442887275709435,-55.50017
349,47.23841,0.0831819063388233,47.23841
350,43.502148,0.1786832624866958,43.502148
351,-37.092167,0.032821290778422364,-37.092167
352,-37.092167,0.032821290778422364,-37.092167
353,-37.092167,0.06205461157603673,-37.092167
354,46.730854,0.21299764865160573,46.730854
355,-48.38985,-0.1741749190592333,-48.38985
356,-39.811825,-0.06386748947065085,-39.811825
357,47.629616,0.1526875530801669,47.629616
358,47.629616,0.1526875530801669,47.629616
359,-42.093494,-0.07413530222067828,-42.093494
360,-44.83102,-0.23269540756362864,-44.83102
361,50.051834,0.07484685688694248,50.051834
362,49.326065,0.3081030235526623,49.326065
363,49.326065,0.3081030235526623,49.326065
364,-49.326065,-0.2722848379142358,-49.326065
365,-49.326065,-0.2722848379142358,-49.326065
366,25.859257,0.009604068949355941,25.859257
367,-44.353954,-0.14232125425295344,-44.353954
368,50.24043,0.13205718338277364,50.24043
369,-24.231716,0.01276250969029172,-24.231716
370,46.301533,0.1424921295407536,46.301533
371,51.44486,0.16871835182970715,51.44486
372,51.44486,0.16871835182970715,51.44486
373,-44.763058,-0.09894986023267871,-44.763058
374,-44.763058,-0.09894986023267871,-44.763058
375,-48.397175,-0.0991144512194277,-48.397175
376,45.595264,0.29625851570221257,45.595264
377,45.297523,0.3575643600998069,45.297523
378,45.297523,0.3575643600998069,45.297523
379,-44.040657,-0.10092230702301824,-44.040657
380,-48.179497,-0.22957263171473496,-48.179497
381,-45.968685,-0.2729110906152837,-45.968685
382,56.20322,0.029783978309301965,56.20322
383,-49.11169,-0.06346259651647995,-49.11169
384,-49.11169,-0.06346259651647995,-49.11169
385,-49.11169,-0.06346259651647995,-49.11169
386,-50.240623,-0.1805125697088027,-50.240623
387,-50.240623,-0.1805125697088027,-50.240623
388,-50.240623,-0.1805125697088027,-50.240623
389,-49.20676,-0.15634799209806197,-49.20676
390,-49.20676,-0.15634799209806197,-49.20676
391,-49.20676,-0.15634799209806197,-49.20676
392,-53.554977,-0.0851519516511083,-53.554977
393,-53.554977,-0.0851519516511083,-53.554977
394,-53.554977,-0.0851519516511083,-53.554977
395,-57.079475,-0.008746640033588177,-57.079475
396,-57.079475,-0.008746640033588177,-57.079475
397,-57.079475,-0.008746640033588177,-57.079475
398,-48.23686,-0.04603172362152133,-48.23686
399,-48.23686,-0.04603172362152133,-48.23686
400,-48.23686,-0.04603172362152133,-48.23686
401,58.135662,0.14122046247536676,58.135662
402,58.135662,0.14122046247536676,58.135662
403,58.135662,0.14122046247536676,58.135662
404,-54.63873,-0.2481809088425473,-54.63873
405,-54.63873,-0.2481809088425473,-54.63873
406,-54.63873,-0.2481809088425473,-54.63873
407,54.203102,0.2660437855262077,54.203102
408,54.203102,0.2660437855262077,54.203102
409,38.983288,0.01883604567959828,38.983288
410,51.577732,0.20297471393074937,51.577732
411,46.45866,0.08715287018228755,46.45866
412,48.91169,0.14832776153481217,48.91169
413,48.472466,0.17667094561912164,48.472466
414,46.195965,0.3870860956845105,46.195965
415,53.702732,0.20259790011182693,53.702732
416,43.036613,0.015472113032469434,43.036613
417,53.45258,0.22520758954893985,53.45258
418,53.45258,0.22520758954893985,53.45258
419,-34.112663,0.03348807527125734,-34.112663
420,-34.112663,-0.0113997451772089,-34.112663
421,-50.066715,-0.09535375347789134,-50.066715
422,54.710888,0.261724136353809,54.710888
423,41.549225,-0.00011348795924834748,41.549225
424,41.549225,-0.00011348795924834748,41.549225
425,41.549225,-0.00011348795924834748,41.549225
426,-43.626717,0.017229657123804438,-43.626717
427,-43.626717,0.017229657123804438,-43.626717
428,-43.626717,0.017229657123804438,-43.626717
429,-46.434074,-0.11156080048145738,-46.434074
430,55.409576,0.2177316115964868,55.409576
431,-48.209854,-0.08792981505153083,-48.209854
432,-72.811325,-0.26346392984719047,-72.811325
433,-42.327255,-0.12856853540810667,-42.327255
434,12.692585,0.0037063671126734356,12.692585
435,12.692585,0.0037063671126734356,12.692585
436,50.559853,0.2027779169622423,50.559853
437,-16.485159,0.014041191614918687,-16.485159
438,47.267765,0.15079171010768336,47.267765
439,47.267765,0.15079171010768336,47.267765
440,-44.92741,-0.23639543456444592,-44.92741
441,-44.92741,-0.23639543456444592,-44.92741
442,71.469574,0.37805503126104506,71.469574
443,55.52916,0.30512560785269777,55.52916
444,-46.39543,-0.4095842383335499,-46.39543
445,49.91049,0.09374107082081416,49.91049
446,-48.36801,-0.30553855232108734,-48.36801
447,44.730614,0.15123772098032434,44.730614
448,43.251766,0.06040695595593135,43.251766
449,-46.818256,-0.06829077790231126,-46.818256
450,-46.735825,-0.14775997710364386,-46.735825
451,-46.289143,-0.04068830759380222,-46.289143
452,-46.245033,-0.16610494915878063,-46.245033
453,30.500544,0.03506696638440366,30.500544
454,46.311264,0.37480387080693356,46.311264
455,-48.276524,-0.24630261874053755,-48.276524
456,-58.577286,0.014137243447881845,-58.577286
457,45.58596,0.15008805209553827,45.58596
458,-45.20507,-0.25387448537286533,-45.20507
459,45.158188,0.16463900649665328,45.158188
460,43.665573,0.06800187289573784,43.665573
461,43.665573,0.06800187289573784,43.665573
462,-47.444767,-0.17479754521559043,-47.444767
463,-47.444767,-0.17479754521559043,-47.444767
464,-50.424286,-0.1083609753574336,-50.424286
465,-50.424286,-0.1083609753574336,-50.424286
466,-50.424286,-0.1083609753574336,-50.424286
467,-46.78092,-0.31958107830942684,-46.78092
468,55.4841,0.21032646158479973,55.4841
469,44.48723,0.08395544960771949,44.48723
470,-43.720615,-0.060601768690355905,-43.720615
471,43.720615,0.06380610406242726,43.720615
472,44.386707,0.015007276791102994,44.386707
473,49.68354,0.16976363439641723,49.68354
474,-54.908604,-0.19225286051730117,-54.908604
475,-43.80009,-0.10994121144294763,-43.80009
476,-47.646515,-0.31678399673036284,-47.646515
477,52.22293,0.12556066742706504,52.22293
478,-45.648495,-0.3076266757606075,-45.648495
479,52.272873,0.20489094339284303,52.272873
480,-46.332447,-0.329664668145231,-46.332447
481,47.28058,0.154724376184002,47.28058
482,-55.26021,-0.21162208673569127,-55.26021
483,-55.34631,-0.03645627472582812,-55.34631
484,46.60718,0.25278236325239045,46.60718
485,46.60718,0.25278236325239045,46.60718
486,35.539986,0.01914307626095979,35.539986
487,-45.852123,-0.20306728280170924,-45.852123
488,43.338673,-0.012526521792576049,43.338673
489,-42.08888,0.04217162247082736,-42.08888
490,45.897697,0.09156860088285146,45.897697
491,45.365734,0.11212168514015662,45.365734
492,-42.60892,0.028925625280494558,-42.60892
493,-42.600975,0.044469711830028666,-42.600975
494,45.501705,0.08278206649503994,45.501705
495,40.68611,0.008971256853798704,40.68611
496,47.688828,0.2769259229136788,47.688828
497,-51.33846,0.07786104768417981,-51.33846
498,48.814766,0.21170837799717362,48.814766
499,44.094177,0.23902248806209442,44.094177
500,44.094177,0.23902248806209442,44.094177
501,47.844254,0.22018851115976656,47.844254
502,47.844254,0.22018851115976656,47.844254
503,-23.881733,-0.04162322139295963,-23.881733
504,54.372814,0.1598355693822153,54.372814
505,45.898006,0.18488538261382667,45.898006
506,56.453205,0.20236499152337067,56.453205
507,-46.562984,-0.19096166656397043,-46.562984
508,-48.5549,-0.22064952975384172,-48.5549
509,-45.593567,-0.23616032266622172,-45.593567
510,-45.93432,-0.1538983322261059,-45.93432
511,-45.93432,-0.1538983322261059,-45.93432
512,-50.066715,-0.09535375347789134,-50.066715
513,49.69944,0.11993284677436475,49.69944
514,45.68953,0.09830924277230182,45.68953
515,45.4223,0.07917668925211677,45.4223
516,45.4223,0.07917668925211677,45.4223
517,46.757587,0.10679663815131174,46.757587
518,-43.309242,-0.24992744629669625,-43.309242
519,53.207367,0.19828236798230162,53.207367
520,39.23873,0.22419939761482388,39.23873
521,39.23873,0.22419939761482388,39.23873
522,-48.267593,-0.17391846549643786,-48.267593
523,-48.4016,-0.3029526415161195,-48.4016
524,19.96468,-0.059320406405544694,19.96468
525,19.96468,-0.059320406405544694,19.96468
526,55.92367,0.24595296046299495,55.92367
527,48.625256,0.12107224108014625,48.625256
528,51.402863,0.24938276947495283,51.402863
529,3.755537,0.1133743351532236,3.755537
530,58.773766,0.30774197014725985,58.773766
531,-19.14808,0.023136582171807862,-19.14808
532,-42.71599,-0.011112741050993373,-42.71599
533,-42.71599,-0.011112741050993373,-42.71599
534,-47.87794,-0.2827939306694679,-47.87794
535,43.153,0.05685308453233827,43.153
536,-48.66468,-0.21139040908147128,-48.66468
537,45.360207,0.11368092179532714,45.360207
538,-43.69206,-0.07717346993996893,-43.69206
539,43.69206,0.12382384222181578,43.69206
540,48.990025,0.14226080926938975,48.990025
541,48.990025,0.14226080926938975,48.990025
542,53.670876,0.20043615955916055,53.670876
543,39.43402,0.014251467875208139,39.43402
544,43.343025,0.13399960634338146,43.343025
545,-21.289206,-0.020561736649664826,-21.289206
546,-26.43484,-0.02280614159797894,-26.43484
547,55.83572,0.2728497097522324,55.83572
548,-29.269896,0.028796923792564846,-29.269896
549,40.093388,-0.0022179499277998546,40.093388
550,-20.831837,0.043880602985927976,-20.831837
551,46.3664,0.26253792835499484,46.3664
552,60.82939,0.07577874464571256,60.82939
553,-43.052967,-0.12324833762969602,-43.052967
554,-50.37429,-0.22472253733280556,-50.37429
555,43.973534,-0.053611122330034275,43.973534
556,-49.00082,0.1742325549804533,-49.00082
557,44.276814,0.00854219971666683,44.276814
558,44.276814,0.00854219971666683,44.276814
559,-47.55581,0.11642274876896325,-47.55581
560,-57.35297,0.07098833632642734,-57.35297
561,56.785625,-0.12766041187977092,56.785625
562,46.00768,0.41861124806672506,46.00768
563,-46.62107,-0.2820893946663425,-46.62107
564,64.31822,0.29278075462082165,64.31822
565,-3.8782473,0.08352128406554436,-3.8782473
566,54.27861,0.11661382755580747,54.27861
567,-58.64145,-0.2340237386126403,-58.64145
568,28.403402,0.06667363053254535,28.403402
569,-54.010178,-0.17820207892057288,-54.010178
570,14.358063,0.01317434650132701,14.358063
571,-16.590809,0.025688926676988563,-16.590809
572,36.10135,0.10694145308916332,36.10135
573,-40.987698,-0.15815344830450612,-40.987698
574,50.17191,0.05635551173282475,50.17191
575,-52.49475,-0.3366320293634553,-52.49475
576,49.227,0.18818043902037912,49.227
577,-65.25579,-0.273018928955628,-65.25579
578,63.938812,0.15762231013902048,63.938812
579,-63.664696,-0.2474716026383127,-63.664696
580,28.864506,0.03856283405455111,28.864506
581,-57.83193,-0.23749099729771825,-57.83193
582,-43.19407,-0.1818298213840969,-43.19407
583,45.237556,0.17959240928451672,45.237556
584,-46.667534,-0.0667321180839467,-46.667534
585,-42.973724,-0.014079041591754944,-42.973724
586,44.19689,0.4293013129865919,44.19689
587,35.634964,0.05262516420776967,35.634964
588,-48.95715,-0.2053576964006352,-48.95715
589,36.10453,0.03799166564451605,36.10453
590,50.19302,0.11077888124351097,50.19302
591,50.19302,0.11077888124351097,50.19302
592,71.22741,0.16768400177023704,71.22741
593,-67.21791,-0.41897434402051725,-67.21791
594,18.35036,0.0563294152162373,18.35036
595,-78.591125,-0.26425859096754484,-78.591125
596,47.085064,0.11364495204287703,47.085064
597,-39.449963,0.007953335195391945,-39.449963
598,-47.820877,-0.19834160423000982,-47.820877
599,-47.820877,-0.19834160423000982,-47.820877
600,46.926926,0.32736596266554047,46.926926
601,-44.138474,-0.05659757577033079,-44.138474
602,-47.047432,-0.15666356389451275,-47.047432
603,58.929848,0.03511357387872826,58.929848
604,-56.25489,-0.1544808867450712,-56.25489
605,-56.25489,-0.1544808867450712,-56.25489
606,41.35066,0.043213922794046525,41.35066
607,40.221542,0.19977809623091727,40.221542
608,-53.683586,-0.19750446519834491,-53.683586
609,47.39566,0.3486087606581953,47.39566
610,-45.262615,-0.14303942736678768,-45.262615
611,46.58738,0.09983887216458574,46.58738
612,17.817516,0.06214783861887742,17.817516
613,40.801323,0.03213462177973233,40.801323
614,40.801323,0.03213462177973233,40.801323
615,47.88639,0.13927375179005713,47.88639
616,43.500076,0.1045285856497743,43.500076
617,43.500076,0.059020370105433526,43.500076
618,-43.606293,-0.021936243193138937,-43.606293
619,-43.606293,-0.021936243193138937,-43.606293
620,-43.125874,-0.3524461536225797,-43.125874
621,-43.125874,-0.3524461536225797,-43.125874
622,-48.059383,-0.35249910945234075,-48.059383
623,-46.049828,-0.19458434246536474,-46.049828
624,-46.95632,-0.2709915362997607,-46.95632
625,-48.95142,-0.13604925229308257,-48.95142
626,51.11044,0.14529353053749175,51.11044
627,-52.48732,-0.16652102340158897,-52.48732
628,-52.48732,-0.16652102340158897,-52.48732
629,-43.86192,-0.3216043676876805,-43.86192
630,48.289978,0.04098865329172009,48.289978
631,42.712643,0.14393555161809052,42.712643
632,-55.279137,-0.10553942517459486,-55.279137
633,-42.931786,-0.0892764704134592,-42.931786
634,41.924477,0.07636963668600401,41.924477
635,-49.665268,-0.12975553635442233,-49.665268
636,49.09986,0.19435239834160514,49.09986
637,49.14568,0.2361577022216392,49.14568
638,-50.273563,0.031039837803976133,-50.273563
639,-45.51795,-0.37893059456949574,-45.51795
640,52.41276,0.31403578661748466,52.41276
641,-47.132683,-0.08320455792947103,-47.132683
642,44.36503,0.1438698934127466,44.36503
643,44.36503,0.1438698934127466,44.36503
644,45.45412,0.07434295269015681,45.45412
645,45.45412,0.07434295269015681,45.45412
646,44.25223,0.03369818391046547,44.25223
647,-45.156494,-0.05637716520261593,-45.156494
648,47.395218,0.1636071999158104,47.395218
649,-44.561954,-0.23742425280544513,-44.561954
650,-44.561954,-0.23742425280544513,-44.561954
651,24.053995,0.0369389863828804,24.053995
652,46.85647,0.3842784005346839,46.85647
653,44.94795,0.15674213280662835,44.94795
654,-47.758884,-0.09472088197852593,-47.758884
655,44.17503,0.015587219406517033,44.17503
656,-46.99908,-0.33155478359356955,-46.99908
657,-46.99908,-0.33155478359356955,-46.99908
658,-44.6913,-0.04710328262184874,-44.6913
659,-44.6913,-0.04710328262184874,-44.6913
660,-44.232002,-0.16139201848174417,-44.232002
661,-44.217865,-0.22306223793624005,-44.217865
662,39.4374,0.12885316924202003,39.4374
663,39.75403,0.15927275971243463,39.75403
664,40.115566,0.1074783968812772,40.115566
665,40.492718,0.21143534527914956,40.492718
666,40.435387,0.11164255930746796,40.435387
667,40.251762,0.06103215434499655,40.251762
668,40.778404,0.16631110108865946,40.778404
669,49.853447,0.19983664858609254,49.853447
670,44.95109,0.029755790417012457,44.95109
671,-44.631985,-0.07225676966243957,-44.631985
672,-45.333103,-0.09467276722189708,-45.333103
673,43.359932,0.04552490663197124,43.359932
674,37.935467,0.05807719862523879,37.935467
675,43.39275,0.07859089385509241,43.39275
676,43.40248,0.2955139439828122,43.40248
677,43.25313,0.15286341015905247,43.25313
678,43.402676,0.24770580216214744,43.402676
679,43.459606,0.027983330704154305,43.459606
680,44.679676,0.0632763823747199,44.679676
681,-39.839333,-0.08080239776986185,-39.839333
682,43.347286,0.03393799700556676,43.347286
683,-41.500423,0.0044748521858149135,-41.500423
684,45.487038,-0.02897301947843317,45.487038
685,-39.84885,-0.02127825075879472,-39.84885
686,-42.2057,-0.02611027091478937,-42.2057
687,18.663734,0.03571887441127551,18.663734
688,-42.31356,0.007717232986325034,-42.31356
689,46.111225,0.08058925743464122,46.111225
690,0.457793,0.059749000950335085,0.457793
691,-44.938305,0.06116128529393952,-44.938305
692,-42.244434,0.006604373800983446,-42.244434
693,46.36737,0.1830983313520141,46.36737
694,45.20251,0.049402872756985905,45.20251
695,46.26176,0.11078019198258279,46.26176
696,40.20373,0.02345606066267022,40.20373
697,47.10947,0.2842842150097199,47.10947
698,-46.601395,-0.17100117679459811,-46.601395
699,-49.314243,-0.08864901770224684,-49.314243
700,-48.226936,-0.21594364362152382,-48.226936
701,45.573204,0.10684900661313594,45.573204
702,41.22997,0.05231365827957788,41.22997
703,-45.650112,-0.1325522340532305,-45.650112
704,46.77336,0.1446670534055279,46.77336
705,40.21304,0.11419451535854241,40.21304
706,-47.288483,-0.048306149434989135,-47.288483
707,-47.145153,-0.06435345158835072,-47.145153
708,46.88973,0.062055053520515754,46.88973
709,-46.99148,-0.17702190411857183,-46.99148
710,46.709316,0.20794078456881354,46.709316
711,-44.076054,-0.10909921576649506,-44.076054
712,47.501,0.2711441276941421,47.501
713,46.99908,0.3528045399811342,46.99908
714,45.98142,0.3103139859112837,45.98142
715,47.553146,0.13860231813850682,47.553146
716,-46.98854,-0.18816364627262488,-46.98854
717,-49.75141,-0.11215496517910582,-49.75141
718,-56.456284,-0.14726138382383283,-56.456284
719,-60.28125,-0.2695072435657578,-60.28125
720,-42.419575,-0.20847999595413236,-42.419575
721,44.53383,0.05115928302216985,44.53383
722,54.73952,0.17327967962419655,54.73952
723,54.73952,0.17327967962419655,54.73952
724,-56.743034,-0.2456674627721697,-56.743034
725,-56.60642,-0.1537556609911778,-56.60642
726,-42.081024,-0.10383385378019686,-42.081024
727,56.25843,0.24969463698807803,56.25843
728,45.83769,0.23987953738436715,45.83769
729,-54.09213,-0.3263213451405249,-54.09213
730,46.972404,0.18457498578072384,46.972404
731,-56.890774,-0.19315843193178153,-56.890774
732,-46.20417,-0.3212646808567124,-46.20417
733,-46.686054,-0.16844480044381027,-46.686054
734,44.310978,0.01249577161267967,44.310978
735,47.66805,0.26119496027348543,47.66805
736,-28.634253,-0.04003277196301864,-28.634253
737,46.21525,0.13537503052067099,46.21525
738,-38.23039,-0.0409155135562962,-38.23039
739,54.4166,0.04642323986402359,54.4166
740,-55.815758,-0.05532117995505126,-55.815758
741,45.056572,0.14334139946837768,45.056572
742,49.092056,0.29677745527361166,49.092056
743,47.789722,0.16748069474174013,47.789722
744,51.19776,0.15616818132890234,51.19776
745,47.517757,0.16668941598929468,47.517757
746,45.136135,0.22409513076061388,45.136135
747,-41.928104,0.06520407123295867,-41.928104
748,-48.178062,-0.07649626969899817,-48.178062
749,50.409325,0.1084387400385663,50.409325
750,49.18042,0.3338970311939901,49.18042
751,52.28327,0.22838544354657095,52.28327
752,-49.661842,-0.14863075502786854,-49.661842
753,-47.7467,-0.21097366933931305,-47.7467
754,-50.961643,-0.05935881556063827,-50.961643
755,44.365746,0.1807464853528479,44.365746
756,-46.32443,-0.3353149098328418,-46.32443
757,-48.1903,-0.22073175565867806,-48.1903
758,-46.473343,-0.24890084608588464,-46.473343
759,-50.824284,-0.20602361611700082,-50.824284
760,48.989937,0.36610199327642867,48.989937
761,48.989937,0.3093839005678583,48.989937
762,-49.63788,-0.22233167000207585,-49.63788
763,-49.63788,-0.098099287613885,-49.63788
764,-44.788017,-0.2478135884438069,-44.788017
765,48.86957,0.09383134597139663,48.86957
766,48.870975,0.14565288236632226,48.870975
767,-46.093296,-0.15630678372108783,-46.093296
768,19.580378,0.09671206070338204,19.580378
769,-70.454544,-0.10107349913865357,-70.454544
770,55.134632,0.1653618106033707,55.134632
771,-18.668774,0.0029531575916015023,-18.668774
772,-19.221716,0.04701162683531838,-19.221716
773,46.44725,0.24326114732489557,46.44725
774,-52.214092,-0.3590879184815238,-52.214092
775,32.337254,0.12201882744978032,32.337254
776,-39.26716,-0.16719913287050522,-39.26716
777,62.54433,0.3542684173828505,62.54433
778,-59.273064,-0.27572478586551796,-59.273064
779,-43.76023,-0.04886167539865204,-43.76023
780,-18.223246,-0.0736784279443533,-18.223246
781,-47.0435,-0.12146680977245328,-47.0435
782,47.852386,0.11123953421914291,47.852386
783,1.7412416,0.0002753196189350252,1.7412416
784,-29.38453,-0.05801668404428731,-29.38453
785,61.776703,0.04682604078103538,61.776703
786,-39.9821,-0.22122757248713956,-39.9821
787,52.326565,0.2122633033047746,52.326565
788,-28.985167,0.029202015849960187,-28.985167
789,58.368813,0.17652257556493997,58.368813
790,33.323254,0.05405997733060571,33.323254
791,-43.728546,-0.049733017286441285,-43.728546
792,-46.141075,-0.34856090156335084,-46.141075
793,-63.298233,-0.34060846616592216,-63.298233
794,46.644638,0.043686755775052065,46.644638
795,26.117908,0.09101384700335431,26.117908
796,36.151554,0.09660664930420648,36.151554
797,-1.1077864,0.036418738946958275,-1.1077864
798,64.27659,0.15208872168662158,64.27659
799,48.93266,0.2364051864431802,48.93266
800,47.60979,0.32411953225523826,47.60979
801,-47.931232,-0.1455892655471922,-47.931232
802,48.259556,0.1043128760709179,48.259556
803,-50.868202,-0.13908912082888902,-50.868202
804,54.576653,0.08545655136724896,54.576653
805,-47.157307,-0.07265715238251504,-47.157307
806,56.071377,0.11014204854650053,56.071377
807,-47.780563,-0.136885710880956,-47.780563
808,49.864162,0.22735578339535686,49.864162
809,-13.424712,0.09914329185651705,-13.424712
810,50.72109,0.1993359466109694,50.72109
811,70.06867,0.21128243359344184,70.06867
812,-10.903393,0.04985639713400007,-10.903393
813,53.854618,0.09423233668355872,53.854618
814,-37.326363,-0.09300209793483978,-37.326363
815,53.03421,0.3100048362543797,53.03421
816,-49.011875,-0.24089073563751986,-49.011875
817,6.576378,0.08297650164808541,6.576378
818,-14.920738,0.013940786831031298,-14.920738
819,49.967415,0.15400969046560517,49.967415
820,-10.799986,0.026390801549267404,-10.799986
821,45.09721,0.04689894058745773,45.09721
822,-45.362846,-0.3473327432594808,-45.362846
823,45.90302,0.27207494140065436,45.90302
824,45.36173,0.224449952258624,45.36173
825,53.214237,0.24589976930331164,53.214237
826,45.86233,0.21413113023938285,45.86233
827,43.600513,0.08590023443839935,43.600513
828,38.207764,0.08738537774263684,38.207764
829,28.996704,0.11200390792436914,28.996704
830,53.227604,0.18585080334611956,53.227604
831,42.79163,0.14270225598150268,42.79163
832,61.567944,0.21701236392974563,61.567944
833,8.965446,0.05973505070135995,8.965446
834,36.95068,0.08180859788103276,36.95068
835,55.83418,0.13675523658800265,55.83418
836,-35.327026,-0.034049592513689254,-35.327026
837,60.30457,0.15508561064056,60.30457
838,44.550514,0.07126241719416125,44.550514
839,-72.36065,-0.303903140012569,-72.36065
840,31.697304,0.053583763685145,31.697304
841,-50.601074,-0.040438725080102406,-50.601074
842,-48.567745,-0.131147644203844,-48.567745
843,-56.809364,-0.2382079538507139,-56.809364
844,-55.488895,-0.3253008084070678,-55.488895
845,46.055218,0.10113490392991012,46.055218
846,-32.732544,0.01974933672530127,-32.732544
847,-60.470943,-0.03474091017290894,-60.470943
848,-42.820255,-0.02027279255199492,-42.820255
849,44.61631,0.19336874128580253,44.61631
850,44.5815,0.01969076034127279,44.5815
851,-46.425583,-0.1802868213709505,-46.425583
852,66.26976,0.3317791128851079,66.26976
853,-62.77463,-0.23021693277730618,-62.77463
854,41.52149,0.19009126184896188,41.52149
855,53.94338,0.054354473808171586,53.94338
856,-58.43355,-0.11599514324480761,-58.43355
857,15.260123,0.04697576757171097,15.260123
858,-46.82643,-0.3355442611316115,-46.82643
859,-14.160017,-0.016752605379449635,-14.160017
860,52.899834,0.2674472168530533,52.899834
861,72.02752,0.1960422585784249,72.02752
862,43.030643,0.02449825041981063,43.030643
863,-11.005817,0.0324757169713846,-11.005817
864,44.353832,0.10342847148296652,44.353832
865,36.90765,0.10027736720736956,36.90765
866,19.340557,-0.012995487633640543,19.340557
867,64.67744,0.051579319793684617,64.67744
868,20.237206,0.09751923819410487,20.237206
869,-66.366,-0.0933880771797314,-66.366
870,47.278667,0.10086020178234299,47.278667
871,-49.47097,-0.20572863681090559,-49.47097
872,-36.372574,0.005005384857950011,-36.372574
873,-42.24782,-0.04193744188293949,-42.24782
874,-37.92041,-0.03601252258263674,-37.92041
875,-44.019985,-0.005060068424003635,-44.019985
876,38.89907,0.03623548164550136,38.89907
877,46.15283,0.2682993001211203,46.15283
878,-44.296455,-0.1125989723295405,-44.296455
879,-44.98299,-0.17989701538323785,-44.98299
880,-31.333904,0.0077255853625754324,-31.333904
881,-45.626564,-0.20037260322065528,-45.626564
882,-25.171946,0.01429981911702602,-25.171946
883,49.43341,0.24385725032781116,49.43341
884,-32.70343,-0.02124191204754256,-32.70343
885,-44.42351,-0.14635242862377085,-44.42351
886,-33.159607,0.011622897416221887,-33.159607
887,41.203663,0.12420856225333257,41.203663
888,45.157494,0.21446290522840533,45.157494
889,-47.249382,-0.28995859896639764,-47.249382
890,-44.757458,-0.10224392468339673,-44.757458
891,-41.888374,0.0006193540391641649,-41.888374
892,-42.33618,-0.06974191500153205,-42.33618
893,-47.324368,-0.06758051900745092,-47.324368
894,-42.310364,-0.21716712072568575,-42.310364
895,-46.317986,-0.1199114859593669,-46.317986
896,47.35646,0.2510049143426031,47.35646
897,-48.352245,-0.19285234896942333,-48.352245
898,43.25381,0.05234801498211027,43.25381
899,-52.415127,-0.2315491767698553,-52.415127
900,-45.55532,-0.15111098811351054,-45.55532
901,45.912807,0.24694884392750352,45.912807
902,44.088966,0.04394224031890462,44.088966
903,46.563446,0.22550976439826528,46.563446
904,-28.527487,-0.10997071973584777,-28.527487
905,-42.513756,-0.005585155935737266,-42.513756
906,45.811424,0.12692524956037643,45.811424
907,-45.4446,-0.03680072444691949,-45.4446
908,-34.968143,-0.023665511043903527,-34.968143
909,56.234,0.0022000136307724436,56.234
910,-44.132404,-0.13069707805078432,-44.132404
911,-52.25109,-0.2343948450015774,-52.25109
912,46.855145,0.09674046711121752,46.855145
913,46.68261,0.04381719558773619,46.68261
914,-46.539894,-0.17436521985008474,-46.539894
915,48.56051,0.2619899548588506,48.56051
916,48.083797,0.2114092801436736,48.083797
917,-45.307472,-0.1795156406632147,-45.307472
918,39.29871,0.0027425876658549223,39.29871
919,47.779984,0.1964664372387665,47.779984
920,42.114002,0.07814438471049312,42.114002
921,48.629143,0.3010806545528958,48.629143
922,-44.608162,-0.09004086891115014,-44.608162
923,-48.140358,-0.18309243728368269,-48.140358
924,44.255035,0.12235080868661319,44.255035
925,40.115837,0.05243496979041521,40.115837
926,44.51626,0.07903132414873297,44.51626
927,45.420788,0.18820832199697712,45.420788
928,45.117367,0.234034429361595,45.117367
929,44.52923,0.03192636086365439,44.52923
930,43.643612,0.06676320060930753,43.643612
931,-48.58209,-0.307431199420813,-48.58209
932,-48.79214,-0.07864543758270168,-48.79214
933,-47.928535,-0.21144970288516243,-47.928535
934,-5.8574357,-0.009814545303730667,-5.8574357
935,-72.59072,-0.05390690234216614,-72.59072
936,-23.547712,0.02311250739557537,-23.547712
937,29.326342,0.10168770644470784,29.326342
938,-44.23565,-0.10372814594751328,-44.23565
939,-44.34359,0.011066347463855177,-44.34359
940,-47.34163,-0.07455190023644957,-47.34163
941,-65.166985,-0.14101193767079398,-65.166985
942,-10.664566,0.07384866910036,-10.664566
943,-20.476267,0.031041477742135774,-20.476267
944,-43.96782,-0.1836551588241167,-43.96782
945,-4.4561787,0.004778048427390551,-4.4561787
946,25.565226,0.11396553861248149,25.565226
947,49.457172,0.13543558623057522,49.457172
948,50.052776,0.17157290502010505,50.052776
949,-49.778587,-0.12339731749712639,-49.778587
950,-46.452625,-0.0035677389237837825,-46.452625
951,-47.430325,0.07843548670173049,-47.430325
952,-44.390034,0.05409908431691518,-44.390034
953,60.636505,0.007532640654976271,60.636505
954,-48.088284,-0.2669861594359588,-48.088284
955,56.699898,0.1028634681487544,56.699898
956,-54.45411,-0.09376989579101398,-54.45411
957,-33.73274,0.11806390359999905,-33.73274
958,66.72957,0.010836592316769722,66.72957
959,45.340023,0.13114616319496547,45.340023
960,-44.8139,-0.10562796767023135,-44.8139
961,51.443996,0.21253333544568376,51.443996
962,42.933952,0.06554929838936269,42.933952
963,-43.43396,-0.07012964234731775,-43.43396
964,42.228107,0.06582963212646989,42.228107
965,42.228107,0.06582963212646989,42.228107
966,57.191235,0.22132995085927867,57.191235
967,-51.85302,-0.3201672352618321,-51.85302
968,-51.206455,-0.07334671471650488,-51.206455
969,44.954224,0.16001601279015726,44.954224
970,-43.868725,-0.048585592829996894,-43.868725
971,-58.941803,0.1160047654322644,-58.941803
972,43.91487,0.039860745320456165,43.91487
973,45.100952,0.054166753742093676,45.100952
974,-48.573013,0.01006259079164755,-48.573013
975,45.838245,0.05547113551326231,45.838245
976,56.42688,0.1390447243697912,56.42688
977,-78.01836,-0.31775233010167747,-78.01836
978,58.29006,0.07174775874935999,58.29006
979,62.628696,0.32442693554817964,62.628696
980,-13.184765,0.024438558266019823,-13.184765
981,4.558834,0.080877878707038,4.558834
982,81.776596,0.032301748583855275,81.776596
983,48.395214,0.17048332058070595,48.395214
984,-37.70168,-0.026918372729555794,-37.70168
985,-53.7767,-0.07606543516520504,-53.7767
986,-45.415596,-0.22707463316956247,-45.415596
987,48.571335,0.29352192752051226,48.571335
988,46.77753,0.1587555583739454,46.77753
989,48.632015,0.12403294884822263,48.632015
990,48.52352,0.1391014907006535,48.52352
991,45.511433,0.1819988485200178,45.511433
992,-45.03793,-0.2625622209043721,-45.03793
993,-46.54413,-0.07259227118551846,-46.54413
994,45.046223,0.11354216124308948,45.046223
995,-45.00185,-0.09397204976429616,-45.00185
996,45.204403,0.15233088311757337,45.204403
997,45.726395,0.12697391460945945,45.726395
998,-46.84799,-0.08563700163544029,-46.84799
999,39.617325,-0.029499116513624832,39.617325
1000,46.829803,0.06285828650540164,46.829803
1001,-37.49412,0.02826072205124984,-37.49412
1002,40.03045,0.003472901515552782,40.03045
1003,73.49294,0.04757652444757813,73.49294
1004,42.385616,0.07423053935122455,42.385616
1005,68.69102,0.026816422182422032,68.69102
1006,73.39005,0.05667781561753708,73.39005
1007,63.232353,0.03124526646460503,63.232353
1008,-6.897911,-0.004674218508841379,-6.897911
1009,-38.854168,0.008296141331891336,-38.854168
1010,54.394848,0.05893036901305161,54.394848
1011,56.855373,0.17622497494006725,56.855373
1012,55.33675,0.17833970460032877,55.33675
1013,-43.48562,-0.0048298645291058795,-43.48562
1014,-43.86386,-0.22614803413836176,-43.86386
1015,43.534676,0.08691471395237314,43.534676
1016,43.59933,0.16193447029491587,43.59933
1017,44.152596,0.08736078212696485,44.152596
1018,-43.773804,-0.11639279467816833,-43.773804
1019,43.579033,0.23898037803675556,43.579033
1020,43.99154,0.06348904347250992,43.99154
1021,-44.058685,-0.007700762456282633,-44.058685
1022,44.523342,0.19123754086896194,44.523342
1023,-44.128742,-0.11691308475529201,-44.128742
1024,43.49762,0.10160631441538127,43.49762
1025,-60.356285,-0.14920299605595091,-60.356285
1026,-49.75964,-0.07933273949954203,-49.75964
1027,54.1303,0.15770971966886596,54.1303
1028,-37.57064,-0.023283653371835078,-37.57064
1029,-46.721653,-0.18209305510610085,-46.721653
1030,-48.70204,-0.32603053496776996,-48.70204
1031,40.936962,0.08784258898294013,40.936962
1032,-47.469894,-0.25511986084236926,-47.469894
1033,41.454666,0.09592069271864793,41.454666
1034,41.14753,0.08472869483150693,41.14753
1035,-46.92653,-0.17665675595025737,-46.92653
1036,-46.53251,-0.37119093453643653,-46.53251
1037,46.713833,0.154483809496767,46.713833
1038,-49.224415,-0.13722872606417355,-49.224415
1039,-45.936275,-0.23089120892236345,-45.936275
1040,-64.52485,-0.27404077772158625,-64.52485
1041,-52.40402,-0.22792302120738278,-52.40402
1042,43.35093,0.10033349889383966,43.35093
1043,-50.21983,-0.16099902668310953,-50.21983
1044,44.20528,0.15043665620016114,44.20528
1045,46.110897,0.13656996535104893,46.110897
1046,46.895607,0.3376149378459873,46.895607
1047,-47.134377,-0.3049037532091854,-47.134377
1048,49.085392,0.2021658703014527,49.085392
1049,-50.553776,-0.22972534831500216,-50.553776
1050,-48.533703,-0.1018105870906598,-48.533703
1051,48.862823,0.10820244088938703,48.862823
1052,47.609253,0.2100225919459409,47.609253
1053,-46.78026,-0.17063474455704433,-46.78026
1054,47.61027,0.1509842998214909,47.61027
1055,-45.414696,-0.2720763361716747,-45.414696
1056,-45.284492,-0.1147074919087909,-45.284492
1057,-44.19681,-0.055398971441434276,-44.19681
1058,-45.395733,-0.2813391237661638,-45.395733
1059,-44.8321,-0.09677219345293143,-44.8321
1060,-44.20901,-0.1847556431233917,-44.20901
1061,-47.16764,-0.28267981284009347,-47.16764
1062,-45.43417,-0.292396740765511,-45.43417
1063,41.634136,0.10695766731993664,41.634136
1064,-43.741875,-0.1940677568437077,-43.741875
1065,42.712055,0.03932327621170735,42.712055
1066,-45.307907,-0.1307628305137328,-45.307907
1067,-46.799984,-0.09147717735677091,-46.799984
1068,-44.85646,-0.1515879372150424,-44.85646
1069,46.217033,0.1911703767224474,46.217033
1070,-6.5775,0.020538161914127558,-6.5775
1071,-50.676296,-0.10810061182096814,-50.676296
1072,-58.704823,-0.24730926772804385,-58.704823
1073,48.46973,0.09044451760057681,48.46973
1074,-73.19154,-0.14479141124862097,-73.19154
1075,37.875572,0.007390579563871768,37.875572
1076,52.86068,0.019368179193240916,52.86068
1077,53.99185,0.142067268337307,53.99185
1078,8.641038,0.016348847804214604,8.641038
1079,-50.6559,-0.20222647289512688,-50.6559
1080,48.453865,0.12158770222874239,48.453865
1081,-51.31035,-0.10634012008942609,-51.31035
1082,44.522617,0.10873732366539222,44.522617
1083,-47.420795,-0.10101646843030722,-47.420795
1084,44.537712,0.1475937899286301,44.537712
1085,-44.494205,-0.17011547006185157,-44.494205
1086,-43.12999,0.013934287307329521,-43.12999
1087,-43.59137,-0.055750005292468575,-43.59137
1088,45.158577,0.15943467429764094,45.158577
1089,-54.396767,-0.04033838481894373,-54.396767
1090,-54.026436,-0.034371245287248074,-54.026436
1091,-57.09347,0.043564815310413174,-57.09347
1092,-54.285877,-0.037073326366700785,-54.285877
1093,54.223816,0.3521625182401122,54.223816
1094,42.315594,0.08405262741842524,42.315594
1095,-60.528507,-0.04901096170140817,-60.528507
1096,39.501595,0.09295040367044269,39.501595
1097,55.100273,0.020003115192109386,55.100273
1098,39.75632,0.030129265590879035,39.75632
1099,45.069534,0.06900023608109097,45.069534
1100,52.27789,0.05221890407444534,52.27789
1101,55.660164,-0.1370941399277686,55.660164
1102,-50.547268,-0.04110918574853773,-50.547268
1103,-50.98036,-0.03917363834965745,-50.98036
1104,-51.22615,0.13059742665920118,-51.22615
1105,-43.713936,-0.1193585365748592,-43.713936
1106,-59.290413,-0.14719481163476686,-59.290413
1107,-44.561634,-0.2019023996459859,-44.561634
1108,46.81295,0.08177502607244215,46.81295
1109,46.83931,0.07648425449503983,46.83931
1110,46.80342,0.0930373699370975,46.80342
1111,46.764214,0.09525961979389329,46.764214
1112,47.190567,0.1170058922599791,47.190567
1113,-49.430084,-0.1998141841208836,-49.430084
1114,-49.266537,-0.11446207551464044,-49.266537
1115,-49.316315,-0.04972367598886612,-49.316315
1116,46.852234,0.1223000889458063,46.852234
1117,-45.909355,-0.10898435207926942,-45.909355
1118,-45.18084,-0.04287222064223041,-45.18084
1119,43.820724,0.05707487941497271,43.820724
1120,-44.81412,-0.01208537729641108,-44.81412
1121,-47.190525,-0.07375029399500946,-47.190525
1122,-44.464462,-0.0444524272260929,-44.464462
1123,53.917786,-0.15395037373640008,53.917786
1124,-54.50819,-0.060203913026711756,-54.50819
1125,-49.08144,-0.2551346864197572,-49.08144
1126,49.06734,0.12494386173438622,49.06734
1127,-50.071106,-0.13669704954450884,-50.071106
1128,49.308662,0.10541217732833841,49.308662
1129,50.310154,0.3101932719342157,50.310154
1130,-48.839703,-0.13528488792779217,-48.839703
1131,-54.89607,-0.0666257714043307,-54.89607
1132,-49.701717,-0.3322226561726977,-49.701717
1133,48.19647,0.12911562609043478,48.19647
1134,-48.438564,-0.23385901257208444,-48.438564
1135,-55.16147,-0.17967091820840356,-55.16147
1136,-55.101376,-0.22577948271345027,-55.101376
1137,51.609543,0.056025695833905986,51.609543
1138,-54.939373,-0.24560236152713202,-54.939373
1139,-53.28804,-0.1785361365450601,-53.28804
1140,-41.474705,-0.035429939368324684,-41.474705
1141,47.712273,0.2618157904646909,47.712273
1142,-42.29903,-0.06718185044388744,-42.29903
1143,-44.197933,-0.13636698361277325,-44.197933
1144,43.645554,0.11980293725664232,43.645554
1145,-50.77292,-0.12454581790420666,-50.77292
1146,-69.00141,-0.26867172082619106,-69.00141
1147,34.27133,0.046021686908092815,34.27133
1148,-75.86165,-0.18585359129551904,-75.86165
1149,47.514996,0.22955561503186322,47.514996
1150,-42.45303,0.005601869269243071,-42.45303
1151,-45.16352,-0.1847262398068259,-45.16352
1152,45.94734,0.30820301556649754,45.94734
1153,46.91413,0.16535381109078737,46.91413
1154,35.57796,0.059624677153738856,35.57796
1155,46.229225,0.3301026470393503,46.229225
1156,46.205166,0.2302932488412986,46.205166
1157,43.82779,0.14122944819942032,43.82779
1158,-43.869896,-0.1019218978600661,-43.869896
1159,43.736412,0.08877315733790082,43.736412
1160,47.068626,0.1819742789821905,47.068626
1161,-45.19479,-0.20912114632442821,-45.19479
1162,45.888416,0.19891104499903625,45.888416
1163,47.101116,0.2043494261574612,47.101116
1164,46.95221,0.33215284795735406,46.95221
1165,47.071316,0.30115931271437985,47.071316
1166,47.10612,0.26092159694475153,47.10612
1167,46.932343,0.19661669155399927,46.932343
1168,46.939217,0.35119606781125323,46.939217
1169,45.792706,0.20176985119957083,45.792706
1170,28.008253,0.049434779708537865,28.008253
1171,17.721104,-0.0012974374327596472,17.721104
1172,47.316174,0.17796609656652557,47.316174
1173,-40.424084,0.035210317423926156,-40.424084
1174,44.27263,0.004730837886071858,44.27263
1175,-43.663456,-0.020705380594064543,-43.663456
1176,-46.346367,-0.19697727486571925,-46.346367
1177,40.099148,0.11417959594470063,40.099148
1178,39.995914,0.25319881258347665,39.995914
1179,39.57808,0.05978278471104475,39.57808
1180,40.146523,0.12689112351832524,40.146523
1181,40.57621,0.11417972994793361,40.57621
1182,-57.626553,-0.11144311732318346,-57.626553
1183,8.308277,0.08191168878849057,8.308277
1184,-0.17163129,0.05905872011433245,-0.17163129
1185,-52.936436,-0.021294362607911482,-52.936436
1186,57.10414,0.05165098904457199,57.10414
1187,46.66985,0.10010996190450953,46.66985
1188,46.140232,0.19707609853148622,46.140232
1189,48.13637,0.09765576035451767,48.13637
1190,45.313194,0.1263335098040566,45.313194
1191,50.78015,0.20530459840255535,50.78015
1192,49.236446,0.12527686933181822,49.236446
1193,49.48326,0.12527686933181822,49.48326
1194,23.2229,0.031435428178224506,23.2229
1195,50.033127,0.224419066764967,50.033127
1196,-45.21124,-0.06274198829344335,-45.21124
1197,45.90848,0.2101490681748243,45.90848
1198,44.19034,0.16405878329015278,44.19034
1199,54.48376,0.25303569920278185,54.48376
1200,46.15408,0.2577539492156481,46.15408
1201,-53.020565,-0.23828801460482127,-53.020565
1202,-45.195236,-0.21200118625953687,-45.195236
1203,-50.047237,-0.2864119435887711,-50.047237
1204,-46.102108,-0.08167229072251368,-46.102108
1205,49.769264,0.17813321577217983,49.769264
1206,-44.550205,-0.2495817792480466,-44.550205
1207,48.742683,0.22956139849140886,48.742683
1208,46.99159,0.19417219841834119,46.99159
1209,47.21812,0.2702685925996128,47.21812
1210,45.822678,0.17851492556807283,45.822678
1211,-16.697603,0.08632767309657911,-16.697603
1212,61.459393,0.25129837955612067,61.459393
1213,47.54696,0.20968210400021395,47.54696
1214,43.40887,0.06309252335822198,43.40887
1215,-55.700138,-0.23522632614642006,-55.700138
1216,55.16524,0.12993524444430002,55.16524
1217,47.41754,0.17752444588250496,47.41754
1218,-49.594784,-0.28744477772293453,-49.594784
1219,40.80776,0.2754607693551022,40.80776
1220,40.80776,0.18382178912190583,40.80776
1221,40.80776,0.2754607693551022,40.80776
1222,40.80776,0.18382178912190583,40.80776
1223,40.80776,0.36491473085578796,40.80776
1224,-40.805557,-0.14356295321450724,-40.805557
1225,-40.805557,-0.08180949960776149,-40.805557
1226,-40.805557,-0.2018280034885358,-40.805557
1227,-40.805557,-0.08180949960776149,-40.805557
1228,-40.805557,-0.181671370364862,-40.805557
1229,-40.805557,-0.14356295321450724,-40.805557
1230,-40.805557,-0.08180949960776149,-40.805557
1231,-40.805557,-0.14356295321450724,-40.805557
1232,-40.805557,-0.2018280034885358,-40.805557
1233,-40.805557,-0.14356295321450724,-40.805557
1234,-40.805557,-0.08180949960776149,-40.805557
1235,-38.86029,-0.18038575232775939,-38.86029
1236,-38.86029,-0.18038575232775939,-38.86029
1237,34.31965,0.04449228121611576,34.31965
1238,34.31965,0.04449228121611576,34.31965
1239,34.31965,0.04449228121611576,34.31965
1240,45.912643,0.2725473175573552,45.912643
1241,34.75314,0.09518909425223897,34.75314
1242,-45.852295,-0.36981340621199665,-45.852295
1243,45.852436,0.13217460229343272,45.852436
1244,30.936472,-0.037294741221357286,30.936472
1245,-46.002567,-0.1317673116620143,-46.002567
1246,-46.002567,-0.1317673116620143,-46.002567
1247,-46.002567,-0.1317673116620143,-46.002567
1248,40.248013,0.11676243617696208,40.248013
1249,40.248013,0.1555172634679745,40.248013
1250,-38.077126,-0.03619787514628655,-38.077126
1251,38.077126,0.04308185497654582,38.077126
1252,-38.077126,-0.03619787514628655,-38.077126
1253,-38.077126,-0.03619787514628655,-38.077126
1254,38.077126,0.03532694449502534,38.077126
1255,38.077126,-0.04265042624980512,38.077126
1256,38.077126,-0.04265042624980512,38.077126
1257,46.03051,0.2156802623877078,46.03051
1258,-39.99634,-0.03891555307028052,-39.99634
1259,-39.99634,-0.17190898927402853,-39.99634
1260,40.942257,0.13610115389432736,40.942257
1261,-40.259727,-0.007998070903737407,-40.259727
1262,-40.259727,-0.007998070903737407,-40.259727
1263,45.187634,0.204795173916579,45.187634
1264,45.187634,0.204795173916579,45.187634
1265,-45.187634,-0.23276109108614307,-45.187634
1266,-45.187634,-0.23276109108614307,-45.187634
1267,-45.187634,-0.23276109108614307,-45.187634
1268,-45.187634,-0.23276109108614307,-45.187634
1269,-45.187634,-0.23276109108614307,-45.187634
1270,-45.187634,-0.23276109108614307,-45.187634
1271,-45.187634,-0.23276109108614307,-45.187634
1272,39.00955,0.03821982205981973,39.00955
1273,-49.831177,-0.1987169541800917,-49.831177
1274,-40.714447,-0.10526921418523966,-40.714447
1275,46.341736,0.35652538897442815,46.341736
1276,46.32728,0.11301646477951355,46.32728
1277,46.32728,0.154596363644793,46.32728
1278,46.32728,0.154596363644793,46.32728
1279,46.32728,0.154596363644793,46.32728
1280,46.32728,0.154596363644793,46.32728
1281,46.32728,0.154596363644793,46.32728
1282,46.32728,0.154596363644793,46.32728
1283,46.32728,0.154596363644793,46.32728
1284,46.32728,0.154596363644793,46.32728
1285,46.32728,0.154596363644793,46.32728
1286,46.32728,0.154596363644793,46.32728
1287,-46.32728,-0.1600004907167496,-46.32728
1288,-46.32728,-0.1600004907167496,-46.32728
1289,-46.32728,-0.1600004907167496,-46.32728
1290,-38.16027,0.12429691176952266,-38.16027
1291,-38.16027,-0.05304361792844725,-38.16027
1292,-38.16027,-0.05304361792844725,-38.16027
1293,-38.16027,-0.05304361792844725,-38.16027
1294,-38.16027,-0.05304361792844725,-38.16027
1295,-38.16027,-0.05304361792844725,-38.16027
1296,-38.16027,0.12429691176952266,-38.16027
1297,-38.16027,-0.05304361792844725,-38.16027
1298,-38.16027,-0.05304361792844725,-38.16027
1299,-38.16027,-0.05304361792844725,-38.16027
1300,-38.16027,-0.05304361792844725,-38.16027
1301,47.70583,0.18144864100249006,47.70583
1302,-42.30436,-0.11522082189455815,-42.30436
1303,-43.499676,-0.08972001829493131,-43.499676
1304,43.220993,0.2217609538430988,43.220993
1305,48.267406,0.24329871151746993,48.267406
1306,48.267406,0.22059502925050184,48.267406
1307,43.061543,0.11822351306539085,43.061543
1308,-36.31712,-0.04219815608435737,-36.31712
1309,-40.77079,-0.05516526506238567,-40.77079
1310,-40.77079,0.004541844013017147,-40.77079
1311,-48.57461,-0.06939769455199524,-48.57461
1312,-40.458836,0.06893539090744176,-40.458836
1313,40.774357,0.23435893969982416,40.774357
1314,-36.27919,-0.0569171393012551,-36.27919
1315,36.27919,-0.04405319058097159,36.27919
1316,36.27919,-0.04405319058097159,36.27919
1317,36.27919,-0.04405319058097159,36.27919
1318,36.27919,-0.04405319058097159,36.27919
1319,-40.22178,-0.09656652694870108,-40.22178
1320,-40.22178,-0.11726959260860483,-40.22178
1321,-40.22178,-0.11726959260860483,-40.22178
1322,-41.071335,-0.21973582378575,-41.071335
1323,41.071335,0.0945988611547796,41.071335
1324,37.29457,0.05139337675460162,37.29457
1325,-37.29457,0.021214027351624257,-37.29457
1326,-37.253284,0.054935507539590915,-37.253284
1327,-37.253284,0.06446834619871407,-37.253284
1328,-43.954006,0.07570119167109836,-43.954006
1329,-43.954006,0.07570119167109836,-43.954006
1330,-39.719368,-0.024675161830376074,-39.719368
1331,41.282352,0.11020719996558602,41.282352
1332,36.121643,0.12547697393681925,36.121643
1333,-37.634995,-0.010270689208867829,-37.634995
1334,42.043327,0.03474510637970114,42.043327
1335,42.043327,0.03474510637970114,42.043327
1336,-45.017784,-0.10351595006316909,-45.017784
1337,-45.017784,-0.10351595006316909,-45.017784
1338,-49.19135,-0.0984595103479703,-49.19135
1339,-49.19135,-0.0984595103479703,-49.19135
1340,42.91443,0.22325557709223556,42.91443
1341,42.91443,0.22325557709223556,42.91443
1342,46.3396,0.09133171923913357,46.3396
1343,46.3396,0.09133171923913357,46.3396
1344,46.3396,0.09133171923913357,46.3396
1345,46.3396,0.09133171923913357,46.3396
1346,46.3396,-0.025394021455093042,46.3396
1347,46.3396,0.09133171923913357,46.3396
1348,-46.00809,-0.025035546922314494,-46.00809
1349,-46.00809,-0.025035546922314494,-46.00809
1350,-46.00809,-0.025035546922314494,-46.00809
1351,-46.00809,-0.025035546922314494,-46.00809
1352,-46.00809,-0.025035546922314494,-46.00809
1353,-46.00809,-0.022911961491308253,-46.00809
1354,-46.00809,-0.025035546922314494,-46.00809
1355,46.106323,0.21632290146595703,46.106323
1356,36.152786,0.11259556431037858,36.152786
1357,36.152786,0.11259556431037858,36.152786
1358,-39.405052,0.07553558895073835,-39.405052
1359,45.269234,0.25793570561311024,45.269234
1360,-38.816353,-0.02495260838811392,-38.816353
1361,39.841118,0.1370775487392022,39.841118
1362,60.693768,0.1348517418487058,60.693768
1363,60.693768,0.27157144633893854,60.693768
1364,60.693768,0.27157144633893854,60.693768
1365,-49.94574,-0.29761189206919236,-49.94574
1366,-49.94574,-0.29761189206919236,-49.94574
1367,36.154266,0.04280038714145822,36.154266
1368,-40.62981,-0.08622146361628179,-40.62981
1369,36.46735,-0.07340387060816571,36.46735
1370,-46.11978,-0.1982031554446735,-46.11978
1371,-46.11978,-0.1982031554446735,-46.11978
1372,-38.777737,-0.004086925294111026,-38.777737
1373,-45.59402,-0.27039168545591596,-45.59402
1374,-45.59402,-0.27039168545591596,-45.59402
1375,38.77347,0.1253185306079952,38.77347
1376,38.77347,0.1253185306079952,38.77347
1377,45.81503,0.2801271397499431,45.81503
1378,45.978607,0.13896180981872386,45.978607
1379,-45.011974,-0.17867543335681677,-45.011974
1380,-45.011974,-0.34671205690273044,-45.011974
1381,-38.235012,0.02702015082055868,-38.235012
1382,-38.235012,0.02702015082055868,-38.235012
1383,-38.235012,0.02702015082055868,-38.235012
1384,-38.235012,0.02702015082055868,-38.235012
1385,-38.235012,0.02702015082055868,-38.235012
1386,-38.235012,0.02702015082055868,-38.235012
1387,-38.235012,0.02702015082055868,-38.235012
1388,-38.235012,0.02702015082055868,-38.235012
1389,-38.235012,0.02702015082055868,-38.235012
1390,-38.235012,0.02702015082055868,-38.235012
1391,38.23428,0.2538763862601007,38.23428
1392,38.23428,0.2538763862601007,38.23428
1393,38.23428,0.2538763862601007,38.23428
1394,29.712572,0.08635157531510573,29.712572
1395,41.73009,0.13583054761976346,41.73009
1396,41.10613,0.27943506030397514,41.10613
1397,40.20973,0.2013046214801225,40.20973
1398,-40.214043,-0.11581783506939745,-40.214043
1399,-40.214043,-0.11581783506939745,-40.214043
1400,-41.72865,-0.09830935057550677,-41.72865
1401,-41.72865,-0.09830935057550677,-41.72865
1402,-41.72865,-0.09830935057550677,-41.72865
1403,40.91336,0.09823535399915602,40.91336
1404,-40.212753,-0.10436169399885413,-40.212753
1405,-40.212753,-0.0445718759989924,-40.212753
1406,-40.212753,-0.0445718759989924,-40.212753
1407,-40.212753,-0.0445718759989924,-40.212753
1408,-41.105858,-0.05662885984318878,-41.105858
1409,-41.105858,-0.05662885984318878,-41.105858
1410,-41.105858,-0.05662885984318878,-41.105858
1411,-41.105858,-0.05662885984318878,-41.105858
1412,41.73009,0.2682220472556639,41.73009
1413,41.10613,0.1831259380716708,41.10613
1414,-39.88056,0.04945163255930528,-39.88056
1415,39.275787,0.1452693858295594,39.275787
1416,-38.177258,-0.026374262755362567,-38.177258
1417,-38.177258,-0.026374262755362567,-38.177258
1418,48.94569,0.10503947135081802,48.94569
1419,-47.332996,-0.12829414403412684,-47.332996
1420,-42.495815,-0.013235739772820039,-42.495815
1421,44.550465,0.37950806035419615,44.550465
1422,-37.671505,-0.032444132575141824,-37.671505
1423,34.85601,0.010482795869649154,34.85601
1424,-45.88527,-0.17630171419441512,-45.88527
1425,46.171368,0.14271327927941657,46.171368
1426,46.171368,0.14271327927941657,46.171368
1427,46.171368,0.14271327927941657,46.171368
1428,-46.171307,-0.14151035316350255,-46.171307
1429,-46.171307,-0.14151035316350255,-46.171307
1430,-46.171307,-0.14151035316350255,-46.171307
1431,-46.171307,-0.14151035316350255,-46.171307
1432,-46.171307,-0.14151035316350255,-46.171307
1433,-46.171307,-0.14151035316350255,-46.171307
1434,38.189922,0.0571699008291915,38.189922
1435,-46.458813,-0.3258991746684813,-46.458813
1436,-46.458813,-0.3258991746684813,-46.458813
1437,42.428963,-0.03102715967634117,42.428963
1438,42.428963,-0.03102715967634117,42.428963
1439,-46.17908,-0.06704437699899186,-46.17908
1440,-46.17908,-0.06704437699899186,-46.17908
1441,-38.206543,0.06970128214493963,-38.206543
1442,38.206543,0.007988516902690899,38.206543
1443,-45.65437,-0.08623245082123282,-45.65437
1444,45.79523,0.14370526714463738,45.79523
1445,45.65408,0.13672175715236287,45.65408
1446,-60.874954,-0.08373651529300229,-60.874954
1447,55.59195,0.1294303164944557,55.59195
1448,-49.748753,-0.2541665103815565,-49.748753
1449,49.748783,0.20095375469770468,49.748783
1450,-46.61912,0.008206069371239244,-46.61912
1451,-45.98553,-0.12652241028386926,-45.98553
1452,-45.98553,-0.12652241028386926,-45.98553
1453,-45.98553,-0.08657147432561257,-45.98553
1454,-45.98553,-0.12652241028386926,-45.98553
1455,-45.98553,-0.12652241028386926,-45.98553
1456,-45.98553,-0.12652241028386926,-45.98553
1457,-45.98553,-0.12652241028386926,-45.98553
1458,-46.546967,-0.24931533537787945,-46.546967
1459,-46.546967,-0.24931533537787945,-46.546967
1460,-38.784286,0.022330768381165943,-38.784286
1461,38.784286,0.007709444711190496,38.784286
1462,38.784286,0.007709444711190496,38.784286
1463,-46.90924,-0.117450745635245,-46.90924
1464,-46.90924,-0.117450745635245,-46.90924
1465,-46.90924,-0.10537773998720203,-46.90924
1466,-46.90924,-0.10537773998720203,-46.90924
1467,-46.90924,-0.10537773998720203,-46.90924
1468,46.920517,0.23882578803693966,46.920517
1469,37.279266,0.054366828359620215,37.279266
1470,-34.54361,0.04274138941614915,-34.54361
1471,-54.00499,-0.11308268400360634,-54.00499
1472,-54.00499,-0.11308268400360634,-54.00499
1473,-54.00499,-0.11308268400360634,-54.00499
1474,-54.00499,-0.11308268400360634,-54.00499
1475,-54.00499,-0.11308268400360634,-54.00499
1476,-54.00499,-0.11308268400360634,-54.00499
1477,-54.00499,-0.11308268400360634,-54.00499
1478,-40.817337,-0.14134143602002874,-40.817337
1479,41.31838,0.23577050614099496,41.31838
1480,40.189148,0.021847882868050846,40.189148
1481,-37.12952,-0.03539438330643217,-37.12952
1482,-41.103355,-0.14514375744198965,-41.103355
1483,37.302788,0.036453482841175715,37.302788
1484,43.65471,0.07551445219517355,43.65471
1485,49.61408,-0.023855535691531857,49.61408
1486,-37.07304,0.003128363419810268,-37.07304
1487,-33.51698,0.0032371847911385624,-33.51698
1488,41.352634,0.21496760096396958,41.352634
1489,49.277603,0.2034010658743268,49.277603
1490,49.277603,0.2034010658743268,49.277603
1491,49.277603,0.2034010658743268,49.277603
1492,49.277603,0.2034010658743268,49.277603
1493,49.277603,0.2034010658743268,49.277603
1494,-49.56783,-0.13050981507031142,-49.56783
1495,-49.56783,-0.13050981507031142,-49.56783
1496,-49.56783,-0.13050981507031142,-49.56783
1497,-49.56783,-0.13050981507031142,-49.56783
1498,-49.56783,-0.13050981507031142,-49.56783
1499,-45.834717,-0.40875242062819345,-45.834717
1500,-46.167946,-0.06240879744499665,-46.167946
1501,-31.587147,-0.006130161334176943,-31.587147
1502,34.62601,0.0889984821829506,34.62601
1503,-38.655334,0.013740504944986461,-38.655334
1504,45.30844,0.09356868125722627,45.30844
1505,-45.299084,0.061064204248031516,-45.299084
1506,-45.299084,0.061064204248031516,-45.299084
1507,-45.299084,-0.14182118022279372,-45.299084
1508,45.29937,0.08280216838025851,45.29937
1509,-46.188145,0.09233485607226335,-46.188145
1510,-46.98523,-0.20337754075799802,-46.98523
1511,36.323765,0.005837933606608033,36.323765
1512,-40.420227,-0.0737122189211579,-40.420227
1513,-40.346554,-0.12909206225516331,-40.346554
1514,-40.346554,-0.12909206225516331,-40.346554
1515,-40.346554,-0.12909206225516331,-40.346554
1516,-37.113262,-0.02154273696537163,-37.113262
1517,40.16056,0.15002275585012445,40.16056
1518,37.424973,-0.00235852056503377,37.424973
1519,-36.652466,-0.04638410640024371,-36.652466
1520,-50.464794,-0.2852941787761906,-50.464794
1521,36.600338,-0.034834034882554765,36.600338
1522,-34.924377,0.11500293389940719,-34.924377
1523,45.94966,0.2640914546379884,45.94966
1524,42.45549,0.08534737902375618,42.45549
1525,-40.205006,-0.0790428332566679,-40.205006
1526,-40.205006,-0.0790428332566679,-40.205006
1527,-40.205006,-0.0626483860855329,-40.205006
1528,-40.205006,-0.07156093978774394,-40.205006
1529,-40.205006,-0.0790428332566679,-40.205006
1530,-40.205006,-0.0790428332566679,-40.205006
1531,-40.205006,-0.07156093978774394,-40.205006
1532,41.18793,0.319849092504796,41.18793
1533,41.18793,0.06865242477382168,41.18793
1534,39.27186,0.06573454335631573,39.27186
1535,-38.11174,0.06481934001942055,-38.11174
1536,-38.11174,0.06481934001942055,-38.11174
1537,42.462864,0.1435413302926097,42.462864
1538,-44.537315,-0.1577430279200061,-44.537315
1539,46.368015,0.35461819449556303,46.368015
1540,-38.580082,0.03318299171127712,-38.580082
1541,-38.580082,0.03318299171127712,-38.580082
1542,40.045517,0.09876688921213346,40.045517
1543,40.045517,0.09876688921213346,40.045517
1544,-45.688858,-0.08378819262949087,-45.688858
1545,-45.688858,-0.08378819262949087,-45.688858
1546,38.098095,0.061873042096128164,38.098095
1547,-39.17839,-0.06806598530034472,-39.17839
1548,-45.733624,-0.14808339280875216,-45.733624
1549,42.272762,0.09004650453307093,42.272762
1550,33.397934,0.009348149415178437,33.397934
1551,45.987877,0.10180027881376305,45.987877
1552,40.93909,0.023944274326025458,40.93909
1553,38.81711,0.03358958602201056,38.81711
1554,-38.81711,-0.021264788525900316,-38.81711
1555,-38.81711,0.03711653442837471,-38.81711
1556,38.81711,-0.002324477321165694,38.81711
1557,38.81711,0.03358958602201056,38.81711
1558,38.35934,-0.024715678801505613,38.35934
1559,38.35934,-0.024715678801505613,38.35934
1560,38.591995,0.019867738183079443,38.591995
1561,-39.824493,-0.07925199476099903,-39.824493
1562,41.23092,0.07444005541736526,41.23092
1563,-39.616436,0.05030173807032355,-39.616436
1564,45.74692,0.15971073592760196,45.74692
1565,-45.281277,-0.09146398526344318,-45.281277
1566,-45.281277,-0.09146398526344318,-45.281277
1567,-45.281277,-0.09146398526344318,-45.281277
1568,-45.281277,-0.09146398526344318,-45.281277
1569,-45.281277,-0.09146398526344318,-45.281277
1570,-46.88576,-0.09565224337713547,-46.88576
1571,-46.88576,-0.09565224337713547,-46.88576
1572,44.040867,0.1749606555603311,44.040867
1573,-44.0407,-0.049070505878585566,-44.0407
1574,48.8567,0.15769681838998964,48.8567
1575,39.49444,0.29909706731958297,39.49444
1576,-44.39247,-0.2142665179447778,-44.39247
1577,43.418663,0.08342125897868684,43.418663
1578,43.418663,0.08342125897868684,43.418663
1579,43.418663,0.08342125897868684,43.418663
1580,-43.273514,-0.06804268830322173,-43.273514
1581,-43.273514,-0.06804268830322173,-43.273514
1582,-43.273514,-0.06804268830322173,-43.273514
1583,39.651577,0.1857066559281415,39.651577
1584,-51.905945,-0.1949331168533537,-51.905945
1585,42.24794,0.08452788082447939,42.24794
1586,33.775837,-0.012767345849146714,33.775837
1587,74.56163,0.4229063488252013,74.56163
1588,36.423122,0.01929207731765932,36.423122
1589,29.932198,0.0005625848895381676,29.932198
1590,37.41223,0.05195130057369108,37.41223
1591,37.41223,0.05195130057369108,37.41223
1592,36.98982,0.09440406242133663,36.98982
1593,-44.144043,-0.1700918377304275,-44.144043
1594,39.219223,0.027170866148399718,39.219223
1595,-39.916607,-0.018755088681546562,-39.916607
1596,-39.916607,-0.018755088681546562,-39.916607
1597,41.235313,0.07438379351793199,41.235313
1598,-41.61237,-0.12747706542276288,-41.61237
1599,-39.775833,-0.07249270783994233,-39.775833
1600,-45.97479,-0.14561402957884884,-45.97479
1601,-49.155895,-0.05831404665936442,-49.155895
1602,-49.155895,-0.05831404665936442,-49.155895
1603,-45.2206,-0.060290010393900834,-45.2206
1604,45.086575,0.05162258737036422,45.086575
1605,43.04611,0.19822976873232612,43.04611
1606,-36.058414,-0.012685737726571219,-36.058414
1607,39.56258,0.06131008796455213,39.56258
1608,46.767174,0.03571032582580417,46.767174
1609,-54.484768,-0.2714136350996773,-54.484768
1610,42.730846,0.10680049970426123,42.730846
1611,-53.71063,0.07657270847438306,-53.71063
1612,37.95331,0.05114765131584311,37.95331
1613,-9.108363,0.0725608898464099,-9.108363
1614,-44.41339,-0.06256696149218496,-44.41339
1615,37.98314,-0.006948310421591473,37.98314
1616,-38.608044,-0.024060792136535756,-38.608044
1617,39.26933,0.013422590891522885,39.26933
1618,-41.0041,-0.07308331943961201,-41.0041
1619,-50.954002,-0.06469623965363035,-50.954002
1620,33.626534,-0.008992837079610254,33.626534
1621,43.291508,0.05076688154097945,43.291508
1622,-50.77425,-0.15272577667773296,-50.77425
1623,-49.1678,-0.06008534791919693,-49.1678
1624,-39.618465,0.0686388352244797,-39.618465
1625,-37.9755,0.06125682624581442,-37.9755
1626,39.43524,0.039621203759621096,39.43524
1627,-33.560837,0.06691974818926441,-33.560837
1628,-41.24891,-0.03892718239701458,-41.24891
1629,39.0014,-0.026527413776640717,39.0014
1630,42.497223,0.052168483506689164,42.497223
1631,42.449028,0.09730589843595394,42.449028
1632,44.477974,0.07048460239353374,44.477974
1633,-49.421135,-0.06301933635857945,-49.421135
1634,-39.87808,-0.03871992279115081,-39.87808
1635,39.578236,-0.012351051812405138,39.578236
1636,46.620815,0.16584162171269368,46.620815
1637,29.573008,-0.005993861954897188,29.573008
1638,-40.04481,-0.11064333334804735,-40.04481
1639,39.114048,0.0466349243207986,39.114048
1640,40.15851,0.022353300381129045,40.15851
1641,-46.82992,-0.08157159826928521,-46.82992
1642,45.668232,0.1802208880710581,45.668232
1643,-39.433247,-0.03308115014966219,-39.433247
1644,39.05346,0.062202844619378014,39.05346
1645,39.05346,0.062202844619378014,39.05346
1646,38.966614,0.041576859317124064,38.966614
1647,38.966614,0.041576859317124064,38.966614
1648,38.966614,0.041576859317124064,38.966614
1649,38.966614,0.041576859317124064,38.966614
1650,38.966614,0.041576859317124064,38.966614
1651,38.966614,0.041576859317124064,38.966614
1652,38.966614,0.041576859317124064,38.966614
1653,38.966614,0.041576859317124064,38.966614
1654,-45.97026,-0.09017276267431602,-45.97026
1655,-3.4630425,0.002940975425287436,-3.4630425
1656,36.423496,-0.0068196032991486005,36.423496
1657,-50.3397,-0.03711136559518016,-50.3397
1658,-50.594738,0.03736480482415397,-50.594738
1659,-40.69608,-0.04103805207049936,-40.69608
1660,-39.744537,-0.04449076129984868,-39.744537
1661,6.666479,0.04490703164425317,6.666479
1662,1.6653974,-0.02040137497379007,1.6653974
1663,2.1893363,0.029081368913375177,2.1893363
1664,-41.235157,-0.05004594044828123,-41.235157
1665,-41.07632,-0.06791191622377693,-41.07632
1666,-46.92043,-0.11169775417977051,-46.92043
1667,46.05388,0.1564111083890007,46.05388
1668,-38.783867,0.02852969988871789,-38.783867
1669,42.71519,0.07660373703470064,42.71519
1670,42.131172,0.10629030350379698,42.131172
1671,-49.97218,-0.0980073170194785,-49.97218
1672,-40.650402,0.042328507905442375,-40.650402
1673,38.920174,0.046199892678689375,38.920174
1674,44.196735,0.023522614059999312,44.196735
1675,-38.0819,-0.10888258803030715,-38.0819
1676,-46.934498,-0.10554644520797754,-46.934498
1677,-40.31805,0.06982720101788592,-40.31805
1678,45.273243,0.08298981795152728,45.273243
1679,-39.37086,-0.00443119338899071,-39.37086
1680,11.286087,0.07832180694223091,11.286087
1681,42.96958,0.11336120227099729,42.96958
1682,39.769047,0.0904490320194371,39.769047
1683,-47.415565,-0.0985576163952009,-47.415565
1684,46.072247,0.05691795410972258,46.072247
1685,38.32131,0.05309209204693766,38.32131
1686,-49.122673,-0.22042099930577186,-49.122673
1687,-38.49402,0.04802461073110484,-38.49402
1688,45.432327,0.1261115466160493,45.432327
1689,-51.759544,-0.0615842530735043,-51.759544
1690,-51.052155,-0.07639633207686769,-51.052155
1691,1.0789475,-0.03167454178429642,1.0789475
1692,-44.84809,-0.1373743005981843,-44.84809
1693,-39.246277,-0.059622874913324075,-39.246277
1694,39.792442,0.04395248118216472,39.792442
1695,-39.79047,-0.04563562517886214,-39.79047
1696,39.4417,0.060387215526422136,39.4417
1697,46.43614,0.1453642561791289,46.43614
1698,-40.33047,0.0012857993290008227,-40.33047
1699,55.9615,0.10865744426968443,55.9615
1700,-43.67309,-0.023547825597707992,-43.67309
1701,34.843235,0.061447641956172167,34.843235
1702,46.895355,0.12626366224652738,46.895355
1703,-43.81568,-0.08170082145452406,-43.81568
1704,48.447975,0.1615984975972063,48.447975
1705,-45.602238,-0.13904652319073038,-45.602238
1706,45.428837,0.2215744410658683,45.428837
1707,31.986858,0.015630352903296535,31.986858
1708,-57.292263,-0.04059901978036651,-57.292263
1709,40.213974,-0.17476514813242666,40.213974
1710,41.276775,0.06953003818690384,41.276775
1711,-31.296347,0.028695382846257125,-31.296347
1712,54.41266,-0.006192234574518829,54.41266
1713,45.529278,0.11762176259593608,45.529278
1714,-39.854572,0.016961944580588275,-39.854572
1715,40.761726,-0.04414426722838874,40.761726
1716,-47.802486,-0.05735619523496919,-47.802486
1717,-38.310307,-0.011595801957105899,-38.310307
1718,45.477932,0.07853889467514581,45.477932
1719,45.475494,0.12436697871055145,45.475494
1720,-45.13598,-0.11011560990009786,-45.13598
1721,-44.877865,-0.03867232861013552,-44.877865
1722,-44.877865,-0.03867232861013552,-44.877865
1723,-44.877865,-0.03867232861013552,-44.877865
1724,-44.877865,-0.03867232861013552,-44.877865
1725,-44.877865,-0.03867232861013552,-44.877865
1726,-41.81198,-0.09725389261882177,-41.81198
1727,41.32407,0.009225845515493299,41.32407
1728,-41.367416,-0.023607823857766008,-41.367416
1729,40.21217,0.08256162228250398,40.21217
1730,47.02071,0.09310376228863555,47.02071
1731,-38.811825,-0.005060813249495943,-38.811825
1732,-40.533077,0.004822626214296766,-40.533077
1733,40.34891,0.06251396006427806,40.34891
1734,40.34891,0.06251396006427806,40.34891
1735,40.34891,0.06251396006427806,40.34891
1736,40.34891,0.06251396006427806,40.34891
1737,-35.55125,0.02608715009277852,-35.55125
1738,3.796321,-0.021627590161813193,3.796321
1739,-48.454044,-0.1911466526938218,-48.454044
1740,-11.343066,-0.041570669847275636,-11.343066
1741,39.197952,0.042238876353861456,39.197952
1742,-39.290165,0.008297049738235867,-39.290165
1743,-50.665375,-0.039406083912776814,-50.665375
1744,-41.467686,-0.06245338196863004,-41.467686
1745,31.079592,-0.07698972846805266,31.079592
1746,-56.501713,-0.2660388907009786,-56.501713
1747,-56.501713,-0.23650769921538825,-56.501713
1748,-46.85458,-0.12465885652834528,-46.85458
1749,-44.00812,-0.04998846543658209,-44.00812
1750,-41.865772,0.026475040517514866,-41.865772
1751,-41.865772,0.026475040517514866,-41.865772
1752,39.087437,0.02587602599298705,39.087437
1753,39.087437,0.02587602599298705,39.087437
1754,-58.60505,-0.177717186975955,-58.60505
1755,58.247086,-0.03674770027636523,58.247086
1756,41.58431,0.06342267374094898,41.58431
1757,-55.411602,-0.061395971824854206,-55.411602
1758,-55.411602,-0.061395971824854206,-55.411602
1759,5.0264397,0.038382569252570053,5.0264397
1760,-38.959953,0.061481723211539656,-38.959953
1761,40.334057,0.023039554523487393,40.334057
1762,-38.765415,0.0789566445598068,-38.765415
1763,36.663273,-0.06616245597946799,36.663273
1764,36.663273,-0.06616245597946799,36.663273
1765,36.663273,-0.06616245597946799,36.663273
1766,-45.10985,-0.041380403641612815,-45.10985
1767,8.635281,-0.004171034257131501,8.635281
1768,-20.837816,0.018694631438114,-20.837816
1769,32.08845,-0.02594940518823982,32.08845
1770,-45.684605,-0.04193746462723885,-45.684605
1771,-50.90733,-0.01957149051794799,-50.90733
1772,35.06592,0.11937130732857965,35.06592
1773,-40.495003,-0.02772132062192189,-40.495003
1774,38.529152,0.02642372076827943,38.529152
1775,19.831686,0.010913107093453764,19.831686
1776,41.24233,0.02577914571906158,41.24233
1777,-46.06802,-0.06266994678259222,-46.06802
1778,-46.61599,-0.057987631860400714,-46.61599
1779,6.4137144,-0.009322417597110414,6.4137144
1780,29.165058,0.009387329569100994,29.165058
1781,59.55563,-0.07081675654319738,59.55563
1782,55.247047,0.015455116166761027,55.247047
1783,41.11214,0.08293891616144956,41.11214
1784,44.648697,0.017372538750408652,44.648697
1785,-45.92192,-0.07994321350723528,-45.92192
1786,-45.43941,-0.1385054550713686,-45.43941
1787,-34.432102,0.03625423951511937,-34.432102
1788,5.955264,-0.024357268733818046,5.955264
1789,43.500984,0.2623124154046351,43.500984
1790,43.500984,0.12147034676407434,43.500984
1791,45.44752,0.08752167864387024,45.44752
1792,-45.39215,-0.0732908016573052,-45.39215
1793,-47.890736,-0.01633682566437624,-47.890736
1794,47.147907,-0.002079871518716274,47.147907
1795,-62.85691,-0.08633297553078088,-62.85691
1796,-51.03637,-0.32182179847757963,-51.03637
1797,40.52678,0.11519937734041504,40.52678
1798,46.902172,-0.012451268561199193,46.902172
1799,42.280273,0.0019133089589972617,42.280273
1800,-26.999466,0.017737099831682146,-26.999466
1801,-39.261814,0.12513300147707895,-39.261814
1802,63.12789,0.0947631595298706,63.12789
1803,44.51218,-0.051901066127857345,44.51218
1804,-50.33893,-0.026471334407047985,-50.33893
1805,-49.31039,-0.042562536451298004,-49.31039
1806,-68.0273,-0.20866373897462556,-68.0273
1807,11.627634,-0.07585504078629697,11.627634
1808,-39.916836,0.14695137698323438,-39.916836
1809,40.50899,0.07185133365863769,40.50899
1810,45.57067,0.10169347828805918,45.57067
1811,-38.56203,0.03237573368892173,-38.56203
1812,-47.00952,-0.15975576886623102,-47.00952
1813,54.0775,0.047572546834183764,54.0775
1814,-49.09928,-0.1083198852899311,-49.09928
1815,45.51082,0.09636340468435751,45.51082
1816,-45.51284,-0.06313719658185082,-45.51284
1817,-38.820213,0.016256990669543916,-38.820213
1818,48.54863,0.2126405834870005,48.54863
1819,-46.01955,-0.06831786516873561,-46.01955
1820,45.91235,0.06943924689722948,45.91235
1821,56.368732,0.06083849360892089,56.368732
1822,0.30565116,0.02412981194155836,0.30565116
1823,48.220505,-0.02763670784237651,48.220505
1824,-6.1801457,-0.02380143739007809,-6.1801457
1825,-43.052094,-0.0645508256109302,-43.052094
1826,-39.13828,0.014764768998126548,-39.13828
1827,40.896908,0.0307820459465497,40.896908
1828,39.8325,0.03667583080885569,39.8325
1829,39.8325,0.03667583080885569,39.8325
1830,-46.02664,-0.11457865770048554,-46.02664
1831,54.86793,-0.0481439658050808,54.86793
1832,-46.854794,-0.01024969315815393,-46.854794
1833,-46.386337,0.044769782956850725,-46.386337
1834,7.3723035,0.015392220377024647,7.3723035
1835,-43.76746,-0.08793415317015443,-43.76746
1836,-34.32802,-0.01433243852357177,-34.32802
1837,-45.132103,-0.05802993124621661,-45.132103
1838,-46.059994,-0.10177523908354456,-46.059994
1839,6.613288,-0.06454013183625311,6.613288
1840,-41.4306,0.00016817327804860387,-41.4306
1841,-51.730434,-0.018460342990674013,-51.730434
1842,38.905922,0.016637398920199477,38.905922
1843,-2.9230316,0.07982300783290526,-2.9230316
1844,-46.472763,0.026072125825331968,-46.472763
1845,-46.450623,0.010302183158440207,-46.450623
1846,-38.509903,0.10035668137759791,-38.509903
1847,46.29179,0.04170686172367899,46.29179
1848,-50.985256,0.19255970374744819,-50.985256
1849,47.10836,-0.013965694613516202,47.10836
1850,47.10836,-0.013965694613516202,47.10836
1851,-47.10836,0.026342138760225717,-47.10836
1852,-41.12487,0.24439127128992025,-41.12487
1853,-41.12487,0.24439127128992025,-41.12487
1854,-46.174175,-0.07977957270536946,-46.174175
1855,-43.255035,0.06848356437101871,-43.255035
1856,45.162704,-0.0249453152986382,45.162704
1857,46.399406,0.018236181195647665,46.399406
1858,23.26148,0.07337753207643866,23.26148
1859,-47.31883,-0.11052952180430631,-47.31883
1860,-45.653473,-0.05885064330135925,-45.653473
1861,46.941322,0.08045920288091597,46.941322
1862,-47.015327,-0.1467376805484571,-47.015327
1863,45.87584,0.09044249465352623,45.87584
1864,-39.138874,-0.0031495417038228035,-39.138874
1865,-44.87906,-0.009131437095270853,-44.87906
1866,-44.87906,-0.009131437095270853,-44.87906
1867,62.407253,0.11064576664222113,62.407253
1868,-51.62552,-0.13886351859378496,-51.62552
1869,-41.831406,-0.034592252305642196,-41.831406
1870,-41.831406,-0.034592252305642196,-41.831406
1871,38.61053,-0.011761959002046745,38.61053
1872,38.61053,-0.011761959002046745,38.61053
1873,46.289898,0.07488307454544503,46.289898
1874,-45.441216,-0.08169720026726747,-45.441216
1875,-47.31424,0.02962746633412985,-47.31424
1876,40.41265,0.044857128187617265,40.41265
1877,-38.484367,0.07137636894562861,-38.484367
1878,46.228565,0.08294713053132743,46.228565
1879,-45.461502,-0.127913106036448,-45.461502
1880,-45.593117,-0.1215953725080901,-45.593117
1881,-45.37435,-0.07218346539678196,-45.37435
1882,45.116867,5.208181740889344e-05,45.116867
1883,-29.95772,0.016833336746902787,-29.95772
1884,-45.73488,-0.04973015631055802,-45.73488
1885,-8.0987835,0.09889434221123942,-8.0987835
1886,-29.060635,-0.0340306565261178,-29.060635
1887,-29.060635,-0.0340306565261178,-29.060635
1888,13.99407,0.008084746935965028,13.99407
1889,41.288208,0.023670213169564875,41.288208
1890,-41.16442,0.17171854538038678,-41.16442
1891,1.8462576,-0.013213544530540362,1.8462576
1892,-45.9237,-0.12365384289573675,-45.9237
1893,45.905815,0.041969186370493745,45.905815
1894,-42.877804,0.007259492483278809,-42.877804
1895,-42.877804,0.005602512207903227,-42.877804
1896,-38.972168,0.03983215620189007,-38.972168
1897,44.56039,0.05163739050896146,44.56039
1898,-38.838875,0.011492546430139363,-38.838875
1899,39.109238,0.06634665070577983,39.109238
1900,40.289574,0.035513299222813786,40.289574
1901,38.913773,0.030263804311379854,38.913773
1902,42.836964,0.06405225516640049,42.836964
1903,56.909637,0.08703682059609562,56.909637
1904,-9.050588,0.03817393681720142,-9.050588
1905,-45.775932,-0.10008340527978944,-45.775932
1906,-35.9577,0.054601103502408294,-35.9577
1907,-45.927044,-0.0463206756249341,-45.927044
1908,3.9834702,0.0613031317468407,3.9834702
1909,-50.92182,-0.07432517664739235,-50.92182
1910,-46.68327,-0.06449299208218105,-46.68327
1911,45.780697,0.18573162710339905,45.780697
1912,59.594257,0.22239053877259418,59.594257
1913,63.57455,0.05691970556772296,63.57455
1914,40.820553,0.1006045517252487,40.820553
1915,-33.402218,-0.005965257279574979,-33.402218
1916,61.47528,-0.011701713884928843,61.47528
1917,-41.808372,-0.07498244213453718,-41.808372
1918,-41.808372,-0.07498244213453718,-41.808372
1919,39.06047,0.069484522910493,39.06047
1920,-61.475418,0.0003071002565545357,-61.475418
1921,45.30461,0.07072165734937132,45.30461
1922,-40.223965,0.011357110291571241,-40.223965
1923,45.463585,0.026868966503661107,45.463585
1924,-38.655823,0.04591932630916299,-38.655823
1925,23.770527,-0.018254685371034272,23.770527
1926,-0.7907648,0.04193748753110191,-0.7907648
1927,-55.6413,0.01100373173601558,-55.6413
1928,-46.224174,0.0021154084325724896,-46.224174
1929,46.857338,0.013805074555024648,46.857338
1930,-45.47038,-0.027178610694701337,-45.47038
1931,-31.678118,0.011694567801763575,-31.678118
1932,39.826572,0.022232406405801236,39.826572
1933,47.204132,0.02705018140849258,47.204132
1934,-44.55525,-0.041661979203595226,-44.55525
1935,-55.329247,-0.07680355764707883,-55.329247
1936,-55.329247,-0.07680355764707883,-55.329247
1937,-59.80513,0.055337054800683946,-59.80513
1938,-59.80513,0.055337054800683946,-59.80513
1939,-64.29368,0.044980381853212126,-64.29368
1940,-64.29368,0.044980381853212126,-64.29368
1941,51.223423,0.10461741499171553,51.223423
1942,-11.70338,-0.009637335953817407,-11.70338
1943,53.756424,0.1391813707233361,53.756424
1944,-54.620262,-0.07042882279931675,-54.620262
1945,21.453665,0.0968781150742528,21.453665
1946,-15.026602,0.07999225243291962,-15.026602
1947,46.95852,0.03834535805678996,46.95852
1948,-39.960125,0.06004439027266294,-39.960125
1949,-45.218357,-0.04500702819254106,-45.218357
1950,-45.218357,-0.04500702819254106,-45.218357
1951,39.430363,0.06027652355623764,39.430363
1952,39.430363,0.06027652355623764,39.430363
1953,39.971024,0.006856499250012232,39.971024
1954,-2.6062586,-0.02605694057892469,-2.6062586
1955,-44.965122,0.1084160144223933,-44.965122
1956,-44.965122,0.1084160144223933,-44.965122
1957,32.438614,0.05000050843375327,32.438614
1958,38.233177,-0.05286941850700779,38.233177
1959,-45.776722,-0.065511242390943,-45.776722
1960,55.396122,0.03538057926814453,55.396122
1961,-2.614641,-0.028356122441757663,-2.614641
1962,1.4792571,0.057063791383658594,1.4792571
1963,45.97895,0.05109264204920262,45.97895
1964,-39.167522,-0.008753247149139581,-39.167522
1965,38.781963,-0.09909114057770034,38.781963
1966,57.647297,0.10900217897312228,57.647297
1967,-51.33403,-0.10590811128787044,-51.33403
1968,51.488758,0.10930328041254543,51.488758
1969,-47.919468,-0.04690664584983849,-47.919468
1970,46.07253,0.09067305739020379,46.07253
1971,-45.75447,-0.17005582911270603,-45.75447
1972,45.42551,0.06594094317792876,45.42551
1973,-45.40885,0.028689666917267802,-45.40885
1974,-43.549362,0.06866564696119257,-43.549362
1975,43.225697,-0.02022194119369934,43.225697
1976,35.24362,-0.04214863659745107,35.24362
1977,-29.638268,-0.01632533896057396,-29.638268
1978,52.322235,0.0794922213705579,52.322235
1979,44.51991,0.05309818422430018,44.51991
1980,-41.52091,0.07929236457919948,-41.52091
1981,-8.92905,-0.00654245150905783,-8.92905
1982,40.40108,0.09441891020041805,40.40108
1983,-9.943667,0.055064699904774514,-9.943667
1984,47.752617,0.042259925736088,47.752617
1985,21.752243,-0.04193852032517712,21.752243
1986,-44.935555,-0.05311634924400872,-44.935555
1987,-44.726322,-0.025569557975739267,-44.726322
1988,-44.726322,-0.025569557975739267,-44.726322
1989,-51.041714,-0.17719548116117703,-51.041714
1990,43.049793,0.05024557127104855,43.049793
1991,-43.338417,-0.03637974089647843,-43.338417
1992,-43.338417,-0.03637974089647843,-43.338417
1993,44.035675,0.026655435792974896,44.035675
1994,44.035675,0.026655435792974896,44.035675
1995,-45.476067,-0.14832674212159666,-45.476067
1996,0.2984131,-0.007269638604998001,0.2984131
1997,59.115128,-0.1068286340114275,59.115128
1998,28.098145,-0.008821482024652723,28.098145
1999,-3.4031997,0.01692378529882943,-3.4031997
2000,-44.548943,-0.02213499081063151,-44.548943
2001,-44.548943,-0.02213499081063151,-44.548943
2002,40.844097,0.021657060108242244,40.844097
2003,-55.861897,-0.054546162950797845,-55.861897
2004,-55.861897,-0.054546162950797845,-55.861897
2005,51.62607,0.11437649265046898,51.62607
2006,-33.511127,-0.006197008282267391,-33.511127
2007,43.98473,0.13507127624053955,43.98473
2008,39.983017,0.034239013275313146,39.983017
2009,38.238827,-0.05248179863345452,38.238827
2010,-45.770138,0.06147541619209202,-45.770138
2011,-40.973484,0.01353444889311298,-40.973484
2012,41.00477,0.0876966593161888,41.00477
2013,10.641935,0.01521840982500138,10.641935
2014,-45.21972,-0.06123446741600067,-45.21972
2015,45.28827,-0.007182623471430529,45.28827
2016,-45.878647,-0.1031261770006191,-45.878647
2017,-39.80384,-0.0040176449148274125,-39.80384
2018,52.4774,0.075266265174773,52.4774
2019,-29.386919,0.005313058639959034,-29.386919
2020,-20.72063,0.03377899525767261,-20.72063
2021,-45.349503,0.06944567709509607,-45.349503
2022,39.201145,0.04394150868206748,39.201145
2023,32.916462,0.027596590381714567,32.916462
2024,38.86834,-0.04625971549788446,38.86834
2025,-18.92397,0.0399879490400753,-18.92397
2026,37.998207,-0.03219630186213901,37.998207
2027,47.063934,0.06188174610844499,47.063934
2028,-59.36455,-0.10403491164267437,-59.36455
2029,46.716087,0.0035869700830342306,46.716087
2030,-45.869698,0.05926106226022926,-45.869698
2031,-39.543865,-0.03750685936402402,-39.543865
2032,-39.543865,-0.03750685936402402,-39.543865
2033,44.613632,0.03139496818932139,44.613632
2034,-35.04573,0.04611854010738015,-35.04573
2035,-44.574024,-0.09096697923491726,-44.574024
2036,51.12,0.015133204780631637,51.12
2037,-9.850917,0.011208889221788613,-9.850917
2038,26.8178,0.04820359626954067,26.8178
2039,-49.474155,-0.08578009311190908,-49.474155
2040,59.636612,-0.06142363770372875,59.636612
2041,-33.85466,0.016449511930336762,-33.85466
2042,55.81481,-0.005397187124605258,55.81481
2043,56.60715,0.11770153973633071,56.60715
2044,-43.371876,0.03946975206950839,-43.371876
2045,46.21415,-0.01283329173627732,46.21415
2046,46.446423,-0.02678096559107173,46.446423
2047,-72.141754,-0.12361058499151456,-72.141754
2048,-37.54792,0.13442489142504618,-37.54792
2049,-37.54792,0.13442489142504618,-37.54792
2050,37.929195,0.12843682741656304,37.929195
2051,37.929195,0.12843682741656304,37.929195
2052,-7.137828,0.006202640446406684,-7.137828
2053,-7.137828,-0.03511304595459774,-7.137828
2054,52.879368,0.11887414257229514,52.879368
2055,-2.031969,0.021315636278496086,-2.031969
2056,-46.71477,-0.12709797424226457,-46.71477
2057,-46.30465,-0.02739724745680832,-46.30465
2058,39.096252,-0.015037504009205598,39.096252
2059,-48.659958,-0.14571187513347444,-48.659958
2060,48.92259,0.22354107811990648,48.92259
2061,66.219376,0.17806551999477663,66.219376
2062,-40.82748,0.01597272078869283,-40.82748
2063,55.73224,0.10444319652748472,55.73224
2064,-26.893282,-0.020201515715862334,-26.893282
2065,52.048748,0.11264464824476465,52.048748
2066,-55.616184,-0.0560955791648464,-55.616184
2067,-33.51497,0.07143272403958834,-33.51497
2068,49.185833,-0.1524470699541084,49.185833
2069,48.12921,0.07162936320361567,48.12921
2070,-28.97943,0.04638612507882413,-28.97943
2071,-28.08208,0.11762925482098427,-28.08208
2072,43.197365,-0.014177091651235908,43.197365
2073,17.06034,0.014334581977910134,17.06034
2074,-46.674538,-0.056551549443478615,-46.674538
2075,46.18879,0.09253118726118449,46.18879
2076,-44.35789,-0.04434340573247398,-44.35789
2077,46.312973,-0.016390761851955923,46.312973
2078,-39.515278,0.024935835711589086,-39.515278
2079,37.681828,0.017600427083391452,37.681828
2080,-37.679256,0.05601383845498647,-37.679256
2081,45.18846,-0.027484580859016877,45.18846
2082,-41.573986,0.04125643215310852,-41.573986
2083,-59.12982,-0.00010024805019001202,-59.12982
2084,-46.371696,-0.04374894076351743,-46.371696
2085,5.5959544,0.0385479250824104,5.5959544
2086,-36.051003,0.01684433092518132,-36.051003
2087,45.186806,0.027295435299195966,45.186806
2088,-45.40894,-0.03328725062803187,-45.40894
2089,-40.235638,0.266015832917777,-40.235638
2090,-40.235638,0.266015832917777,-40.235638
2091,9.845115,-0.018651817883899836,9.845115
2092,-40.131184,0.16726068413423245,-40.131184
2093,-40.131184,0.16726068413423245,-40.131184
2094,31.531906,0.015993414485500537,31.531906
2095,-0.2647385,-0.002078386875351869,-0.2647385
2096,-46.21796,-0.05569004981495261,-46.21796
2097,-42.34377,-0.0011323659565667943,-42.34377
2098,-42.34377,-0.0011323659565667943,-42.34377
2099,-53.976944,-0.09641432146970416,-53.976944
2100,38.903076,-0.04085314306655451,38.903076
2101,38.903076,-0.04085314306655451,38.903076
2102,-44.920612,-0.015884676069271846,-44.920612
2103,-44.920612,-0.015884676069271846,-44.920612
2104,-47.093212,-0.03967537459195144,-47.093212
2105,-13.136856,0.016304902730304008,-13.136856
2106,-13.136856,0.016304902730304008,-13.136856
2107,-36.97497,0.02609510745350585,-36.97497
2108,42.50863,0.03957169853061815,42.50863
2109,-26.860888,-0.004680589923015622,-26.860888
2110,60.34124,0.08879116155137154,60.34124
2111,44.442287,0.11330006064627295,44.442287
2112,-23.573843,-0.007592447730470783,-23.573843
2113,-51.870987,-0.13915496090908144,-51.870987
2114,-22.438658,0.044340859776279475,-22.438658
2115,45.505577,0.07695988232760577,45.505577
2116,-35.072067,0.018697464804477464,-35.072067
2117,49.112133,0.001025694871884572,49.112133
2118,-53.1231,-0.08950018384483613,-53.1231
2119,53.24451,0.08358768315894496,53.24451
2120,44.016003,0.05041099285771851,44.016003
2121,-22.382719,-0.018491847320994122,-22.382719
2122,41.38084,0.04637819608906939,41.38084
2123,-19.373386,0.10191623446516195,-19.373386
2124,-40.97223,0.07957904184634655,-40.97223
2125,46.311977,0.033276789580280706,46.311977
2126,27.311544,0.07198952853458392,27.311544
2127,42.926403,0.011953222164255387,42.926403
2128,-36.113853,0.04622290699616467,-36.113853
2129,-45.101753,-0.026580271692019347,-45.101753
2130,-45.101753,-0.026580271692019347,-45.101753
2131,-39.57553,0.0712627571413311,-39.57553
2132,46.346985,0.0009062484138825845,46.346985
2133,-44.261356,0.009170477647663825,-44.261356
2134,42.845184,-0.011087142778815284,42.845184
2135,43.18498,0.0145184725948228,43.18498
2136,-36.080242,0.029284523660765744,-36.080242
2137,-46.37509,-0.043859067857806855,-46.37509
2138,-39.475708,-0.012087141666127017,-39.475708
2139,0.56049275,-0.008182155929086918,0.56049275
2140,-6.2201633,-0.04463421716744623,-6.2201633
2141,30.918999,0.04146484548933402,30.918999
2142,-46.565956,-0.006884288388526308,-46.565956
2143,43.336983,0.02004910264859791,43.336983
2144,-47.08599,0.057046714216458516,-47.08599
2145,-60.185143,0.07824652533321229,-60.185143
2146,-60.185143,0.07824652533321229,-60.185143
2147,18.659767,0.08370421898931145,18.659767
2148,-34.46889,0.1219243509421479,-34.46889
2149,-35.172325,0.01665957865178245,-35.172325
2150,37.41264,0.03498102934171237,37.41264
2151,19.085867,0.05727657212536369,19.085867
2152,-27.43425,0.027803731987341034,-27.43425
2153,-42.054306,-0.057616578534439813,-42.054306
2154,-33.1149,0.08003378605115728,-33.1149
2155,49.789127,-0.005723455549921315,49.789127
2156,-47.421635,0.07725717950226013,-47.421635
2157,50.732155,-0.09037515121565262,50.732155
2158,50.14899,-0.09352901988537213,50.14899
2159,-55.88948,-0.07964769632272033,-55.88948
2160,-55.88948,-0.07964769632272033,-55.88948
2161,46.2321,-0.021681365326030332,46.2321
2162,-39.49366,0.026169716601680743,-39.49366
2163,49.697426,-0.006490821348652794,49.697426
2164,49.61224,0.024769369165533923,49.61224
2165,50.309788,-0.1350384158584978,50.309788
2166,-54.451756,0.13599989201935278,-54.451756
2167,47.68601,0.11472482397317513,47.68601
2168,-47.353447,-0.02166520051864522,-47.353447
2169,-43.790993,0.0809571147630584,-43.790993
2170,42.56575,0.08053913089791535,42.56575
2171,61.03815,-0.05035555358252915,61.03815
2172,-147.47072,-0.2729101281168556,-147.47072
2173,46.738644,0.03554737842846924,46.738644
2174,44.22775,-0.013703282464290692,44.22775
2175,50.020306,-0.09651636801466709,50.020306
2176,48.042503,0.07462244113702338,48.042503
2177,46.682587,0.11289045238660987,46.682587
2178,-46.668262,-0.04742254503045473,-46.668262
2179,49.686466,-0.0811299448329241,49.686466
2180,49.59268,-0.021529402450669845,49.59268
2181,51.50846,-0.09297188849747602,51.50846
2182,37.2884,0.025370025465847185,37.2884
2183,-43.75998,0.14346973884622555,-43.75998
2184,-43.75998,0.14346973884622555,-43.75998
2185,43.60766,-0.09137284353416839,43.60766
2186,43.60766,-0.09137284353416839,43.60766
2187,16.164373,0.03829404099929601,16.164373
2188,-28.673933,-0.008978866903532327,-28.673933
2189,54.061497,-0.06857512220144682,54.061497
2190,45.783268,0.15952005756930282,45.783268
2191,45.433304,3.330706687766291e-05,45.433304
2192,-45.396133,-0.11755894535480411,-45.396133
2193,-41.058533,0.019142433661484878,-41.058533
2194,-40.794537,0.053513345112991204,-40.794537
2195,-44.88121,-0.01399296030669145,-44.88121
2196,-53.417904,-0.08463152494949075,-53.417904
2197,-39.707985,0.11725937155909837,-39.707985
2198,46.097183,0.03983976737974086,46.097183
2199,-46.410183,-0.02104286227098108,-46.410183
2200,45.59714,0.04347084716131458,45.59714
2201,-45.674694,-0.014896652277438555,-45.674694
2202,45.216133,0.07625721344251853,45.216133
2203,-40.981197,0.08374225205121343,-40.981197
2204,-46.473648,-0.0035249793136016934,-46.473648
2205,-45.633636,-0.02237307687195357,-45.633636
2206,40.126045,0.11089478765679306,40.126045
2207,45.21623,0.19679036946183978,45.21623
2208,49.43715,-0.06502128295849148,49.43715
2209,38.96504,-0.07615145487942407,38.96504
2210,3.8827577,0.0034433686929078782,3.8827577
2211,-56.044243,0.10447071875969853,-56.044243
2212,46.31227,0.06420655140667328,46.31227
2213,-38.653294,0.08192812570062086,-38.653294
2214,-49.02664,0.10547400525978748,-49.02664
2215,49.263367,0.01772655563433476,49.263367
2216,49.726395,-0.09677824376376562,49.726395
2217,51.62276,0.02505251786993679,51.62276
2218,-49.939587,0.009320221349447795,-49.939587
2219,46.871452,-0.06904615456288846,46.871452
2220,59.377743,-0.0824618201111634,59.377743
2221,-50.00671,-0.07419337518702727,-50.00671
2222,-43.30793,-0.07481386831767413,-43.30793
2223,-43.30793,-0.07481386831767413,-43.30793
2224,-47.40238,-0.18399448828601886,-47.40238
2225,8.888955,-0.015026287163842907,8.888955
2226,8.888955,-0.015026287163842907,8.888955
2227,-58.175888,-0.13821117784402054,-58.175888
2228,51.533463,0.14424254636853248,51.533463
2229,51.533463,0.14424254636853248,51.533463
2230,-38.368107,0.03916228470704274,-38.368107
2231,45.094944,0.04952984059424112,45.094944
2232,-57.135548,0.08720497976234302,-57.135548
2233,-27.09607,0.024717349017326543,-27.09607
2234,38.705296,0.041903159500462264,38.705296
2235,38.231358,0.05347356750278761,38.231358
2236,-38.469765,-0.016233479724019652,-38.469765
2237,47.476345,0.2944494580626682,47.476345
2238,47.476345,0.22144323345476996,47.476345
2239,47.476345,0.22144323345476996,47.476345
2240,-47.47472,-0.13330543138727027,-47.47472
2241,-47.47472,-0.13330543138727027,-47.47472
2242,-47.47472,-0.13330543138727027,-47.47472
2243,48.74039,0.1935113386976168,48.74039
2244,48.74039,0.1935113386976168,48.74039
2245,-38.3297,-0.024949239364121377,-38.3297
2246,-38.3297,-0.024949239364121377,-38.3297
2247,-38.3297,-0.024949239364121377,-38.3297
2248,-38.3297,-0.024949239364121377,-38.3297
2249,-38.3297,-0.024949239364121377,-38.3297
2250,-38.3297,-0.024949239364121377,-38.3297
2251,-38.3297,-0.024949239364121377,-38.3297
2252,38.3297,0.07953887952849158,38.3297
2253,-38.3297,-0.024949239364121377,-38.3297
2254,-38.3297,-0.024949239364121377,-38.3297
2255,-38.3297,-0.024949239364121377,-38.3297
2256,-38.3297,-0.024949239364121377,-38.3297
2257,-38.3297,-0.024949239364121377,-38.3297
2258,-38.3297,-0.024949239364121377,-38.3297
2259,-38.3297,-0.024949239364121377,-38.3297
2260,-38.3297,-0.024949239364121377,-38.3297
2261,-38.3297,-0.024949239364121377,-38.3297
2262,-38.3297,-0.024949239364121377,-38.3297
2263,-38.3297,-0.024949239364121377,-38.3297
2264,-38.3297,-0.024949239364121377,-38.3297
2265,38.3297,0.06021770566956116,38.3297
2266,38.3297,0.06021770566956116,38.3297
2267,26.624842,-0.00513643613464762,26.624842
2268,26.624842,-0.00513643613464762,26.624842
2269,26.624842,-0.00513643613464762,26.624842
2270,26.624842,-0.00513643613464762,26.624842
2271,26.624842,-0.00513643613464762,26.624842
2272,26.624842,-0.00513643613464762,26.624842
2273,26.624842,-0.00513643613464762,26.624842
2274,26.624842,-0.00513643613464762,26.624842
2275,26.624842,-0.00513643613464762,26.624842
2276,26.624842,-0.00513643613464762,26.624842
2277,26.624842,-0.00513643613464762,26.624842
2278,26.624842,-0.00513643613464762,26.624842
2279,26.624842,0.06774372721417261,26.624842
2280,26.624842,-0.00513643613464762,26.624842
2281,26.624842,-0.00513643613464762,26.624842
2282,26.624842,-0.00513643613464762,26.624842
2283,26.624842,-0.00513643613464762,26.624842
2284,26.624842,-0.00513643613464762,26.624842
2285,26.624842,-0.00513643613464762,26.624842
2286,-48.1291,-0.1241961342049339,-48.1291
2287,-48.1291,-0.1241961342049339,-48.1291
2288,-48.1291,-0.1241961342049339,-48.1291
2289,-48.1291,-0.40172606216619255,-48.1291
2290,49.569836,0.25339011396764416,49.569836
2291,49.569836,0.25339011396764416,49.569836
2292,-49.57267,-0.10290606915473915,-49.57267
2293,-45.133106,-0.09997724146047744,-45.133106
2294,-45.133106,-0.09997724146047744,-45.133106
2295,-45.133106,-0.09997724146047744,-45.133106
2296,-47.557068,-0.05489291031913325,-47.557068
2297,45.133167,0.14488319439750313,45.133167
2298,47.557068,0.06273626572193482,47.557068
2299,47.557068,0.06273626572193482,47.557068
2300,33.91811,0.02840613219193435,33.91811
2301,33.91811,0.02840613219193435,33.91811
2302,40.233463,0.10709784003125979,40.233463
2303,40.233463,0.10709784003125979,40.233463
2304,40.233463,0.10709784003125979,40.233463
2305,40.233463,0.10709784003125979,40.233463
2306,40.233463,0.10709784003125979,40.233463
2307,40.233463,0.10709784003125979,40.233463
2308,40.233463,0.10709784003125979,40.233463
2309,40.233463,0.10709784003125979,40.233463
2310,40.233463,0.10709784003125979,40.233463
2311,40.233463,0.10781426279529455,40.233463
2312,-40.230568,-0.049815679080897214,-40.230568
2313,-40.230568,-0.049815679080897214,-40.230568
2314,-40.230568,-0.0926126411243907,-40.230568
2315,-40.230568,-0.049815679080897214,-40.230568
2316,-40.230568,-0.049815679080897214,-40.230568
2317,-40.230568,-0.0926126411243907,-40.230568
2318,-38.46383,0.06150024538911468,-38.46383
2319,-38.46383,0.06150024538911468,-38.46383
2320,-38.46383,0.06150024538911468,-38.46383
2321,-38.46383,0.06150024538911468,-38.46383
2322,-38.46383,0.06150024538911468,-38.46383
2323,38.46383,-0.034106676861912794,38.46383
2324,38.46383,-0.034106676861912794,38.46383
2325,38.46383,-0.034106676861912794,38.46383
2326,27.506298,-0.05542050234510979,27.506298
2327,27.506298,-0.05542050234510979,27.506298
2328,27.506298,-0.05542050234510979,27.506298
2329,27.506298,-0.05542050234510979,27.506298
2330,27.506298,-0.05542050234510979,27.506298
2331,38.46383,-0.034106676861912794,38.46383
2332,38.46383,-0.034106676861912794,38.46383
2333,45.301697,0.0919991704039063,45.301697
2334,24.634682,0.05705845421153021,24.634682
2335,29.725616,0.025652434924664156,29.725616
2336,29.725616,0.15756033141815778,29.725616
2337,29.725616,0.15756033141815778,29.725616
2338,-29.726128,0.045530428836268254,-29.726128
2339,-29.726128,0.045530428836268254,-29.726128
2340,-29.726128,0.045530428836268254,-29.726128
2341,55.02107,0.19399275548781952,55.02107
2342,45.997448,0.18575888227077575,45.997448
2343,45.997448,0.18575888227077575,45.997448
2344,45.997448,0.18575888227077575,45.997448
2345,45.997448,0.18575888227077575,45.997448
2346,45.997448,0.18575888227077575,45.997448
2347,-45.99715,-0.27402112112619964,-45.99715
2348,-45.99715,-0.27402112112619964,-45.99715
2349,-45.99715,-0.27402112112619964,-45.99715
2350,-45.99715,-0.27402112112619964,-45.99715
2351,-48.60229,-0.3412608780870337,-48.60229
2352,-48.60229,-0.3071734878761605,-48.60229
2353,-48.60229,-0.3412608780870337,-48.60229
2354,-48.60229,-0.3412608780870337,-48.60229
2355,48.602226,0.27082495310405563,48.602226
2356,48.602226,0.27082495310405563,48.602226
2357,15.927061,0.02764513050804493,15.927061
2358,15.927061,0.02764513050804493,15.927061
2359,-38.10317,0.09469364465042761,-38.10317
2360,-38.10317,0.09469364465042761,-38.10317
2361,-38.10317,0.09469364465042761,-38.10317
2362,-38.10317,0.09469364465042761,-38.10317
2363,-38.10317,0.09469364465042761,-38.10317
2364,26.682245,0.040469422258876946,26.682245
2365,26.682245,0.040469422258876946,26.682245
2366,38.323288,-0.0124935378964059,38.323288
2367,38.323288,-0.0124935378964059,38.323288
2368,38.323288,-0.0124935378964059,38.323288
2369,38.323288,-0.0124935378964059,38.323288
2370,38.323288,-0.0124935378964059,38.323288
2371,38.323288,-0.0124935378964059,38.323288
2372,38.323288,-0.0124935378964059,38.323288
2373,-38.28184,0.07602319196519501,-38.28184
2374,-38.28184,0.07602319196519501,-38.28184
2375,-38.28184,0.07602319196519501,-38.28184
2376,-38.323128,0.09408322877054612,-38.323128
2377,-38.323128,0.09408322877054612,-38.323128
2378,-38.323128,0.09408322877054612,-38.323128
2379,-38.323128,0.09408322877054612,-38.323128
2380,-38.323128,0.09408322877054612,-38.323128
2381,-26.546236,0.014118374551993045,-26.546236
2382,38.264187,0.13877823242588888,38.264187
2383,43.164104,0.08397414341851747,43.164104
2384,-49.58142,-0.2049514193344947,-49.58142
2385,56.085526,0.0439854348476335,56.085526
2386,56.085526,0.0439854348476335,56.085526
2387,56.085526,0.0439854348476335,56.085526
2388,56.085526,0.029587590581675368,56.085526
2389,56.085526,0.0439854348476335,56.085526
2390,56.085526,0.0439854348476335,56.085526
2391,56.085526,0.0439854348476335,56.085526
2392,56.085526,0.029587590581675368,56.085526
2393,56.085526,0.0439854348476335,56.085526
2394,56.085526,0.0439854348476335,56.085526
2395,56.085526,0.0439854348476335,56.085526
2396,56.085526,0.0439854348476335,56.085526
2397,56.085526,0.0439854348476335,56.085526
2398,56.085526,0.0439854348476335,56.085526
2399,56.085526,0.0439854348476335,56.085526
2400,-56.085045,0.016464901783649323,-56.085045
2401,-56.085045,0.016464901783649323,-56.085045
2402,-56.085045,0.02363559486104211,-56.085045
2403,-56.085045,0.02363559486104211,-56.085045
2404,-56.085045,0.02363559486104211,-56.085045
2405,-56.085045,0.02363559486104211,-56.085045
2406,-56.085045,0.02363559486104211,-56.085045
2407,-56.085045,0.016464901783649323,-56.085045
2408,-56.085045,0.016464901783649323,-56.085045
2409,-56.085045,0.016464901783649323,-56.085045
2410,-56.085045,0.02363559486104211,-56.085045
2411,-56.085045,0.02363559486104211,-56.085045
2412,-56.085045,0.02363559486104211,-56.085045
2413,-56.085045,0.02363559486104211,-56.085045
2414,-56.085045,0.02363559486104211,-56.085045
2415,57.014214,0.17800881025898507,57.014214
2416,-56.541805,-0.17247636294588622,-56.541805
2417,-56.541805,-0.08671118182769805,-56.541805
2418,-56.541805,-0.08671118182769805,-56.541805
2419,-56.541805,-0.08671118182769805,-56.541805
2420,-56.541805,-0.08671118182769805,-56.541805
2421,-33.131035,0.00506296635110798,-33.131035
2422,-33.131035,0.00506296635110798,-33.131035
2423,33.13105,0.1384667688703749,33.13105
2424,33.13105,0.1384667688703749,33.13105
2425,33.13105,0.1384667688703749,33.13105
2426,54.757774,0.21048600288981273,54.757774
2427,4.5785565,0.0033731810621781292,4.5785565
2428,4.5785565,0.042393098131122055,4.5785565
2429,-4.577165,-0.0858655904807787,-4.577165
2430,-4.577165,-0.0858655904807787,-4.577165
2431,40.32638,0.08948343339507582,40.32638
2432,40.32638,0.1197457075891183,40.32638
2433,40.32638,0.11162476468493349,40.32638
2434,40.32638,0.11162476468493349,40.32638
2435,47.4813,0.02203207170216318,47.4813
2436,34.23413,0.07297796982503156,34.23413
2437,26.651224,0.03162819357522016,26.651224
2438,-11.399405,-0.02718612555045599,-11.399405
2439,32.100742,-0.06935853498221435,32.100742
2440,32.100742,-0.06935853498221435,32.100742
2441,32.100742,-0.06935853498221435,32.100742
2442,32.100742,-0.06935853498221435,32.100742
2443,32.100742,-0.06935853498221435,32.100742
2444,32.100742,-0.06935853498221435,32.100742
2445,32.100742,-0.06935853498221435,32.100742
2446,32.100742,-0.06935853498221435,32.100742
2447,-32.10009,0.2307567939270726,-32.10009
2448,-32.10009,0.2307567939270726,-32.10009
2449,-32.10009,0.2307567939270726,-32.10009
2450,-32.10009,0.2307567939270726,-32.10009
2451,-32.10009,0.2307567939270726,-32.10009
2452,-32.10009,0.2307567939270726,-32.10009
2453,8.367356,0.057571233142609084,8.367356
2454,38.46195,-0.02093560135865847,38.46195
2455,38.46195,-0.02093560135865847,38.46195
2456,38.46195,-0.02093560135865847,38.46195
2457,-38.3316,-0.027276617489881354,-38.3316
2458,-38.46023,0.1427044314824769,-38.46023
2459,-38.46023,0.1427044314824769,-38.46023
2460,-38.46023,0.1427044314824769,-38.46023
2461,-38.439644,0.0051763776637873,-38.439644
2462,-27.34573,0.02331144279736266,-27.34573
2463,38.46195,-0.02093560135865847,38.46195
2464,-27.34573,0.02331144279736266,-27.34573
2465,45.469944,0.010068848036395395,45.469944
2466,-41.43038,0.14142097902881254,-41.43038
2467,-41.516426,-0.044500023347081905,-41.516426
2468,-45.182346,-0.1246418964000737,-45.182346
2469,35.560562,0.026783421877258035,35.560562
2470,-27.910654,0.062067773949280966,-27.910654
2471,-27.910654,0.062067773949280966,-27.910654
2472,-27.910654,0.062067773949280966,-27.910654
2473,50.07132,0.13445076383645585,50.07132
2474,-49.240902,-0.25091172672905737,-49.240902
2475,38.274982,-0.03365260947934923,38.274982
2476,38.274982,-0.03365260947934923,38.274982
2477,38.274982,-0.04458840182315127,38.274982
2478,38.274982,-0.03365260947934923,38.274982
2479,38.084045,-0.01867742112773771,38.084045
2480,38.084045,-0.01867742112773771,38.084045
2481,38.084045,-0.01867742112773771,38.084045
2482,-38.274174,0.0912786050554477,-38.274174
2483,-38.274174,0.0912786050554477,-38.274174
2484,-38.274174,0.0912786050554477,-38.274174
2485,-38.274174,0.0912786050554477,-38.274174
2486,45.17343,0.07762150647479726,45.17343
2487,-49.57768,-0.23017595575197253,-49.57768
2488,-38.08336,0.18002937653785606,-38.08336
2489,-38.08336,0.18002937653785606,-38.08336
2490,30.665636,0.04108062334206241,30.665636
2491,30.665636,0.04108062334206241,30.665636
2492,-47.682972,-0.03734404847581971,-47.682972
2493,-45.175365,-0.030027489521037624,-45.175365
2494,-44.971916,-0.12736564633259306,-44.971916
2495,41.22981,0.04298247641127883,41.22981
2496,40.182636,0.07212452493583053,40.182636
2497,40.182636,0.07212452493583053,40.182636
2498,40.182636,0.07212452493583053,40.182636
2499,-40.18165,-0.0682324294413932,-40.18165
2500,-40.18165,-0.0682324294413932,-40.18165
2501,40.174206,-0.031275726974768873,40.174206
2502,40.174206,-0.031275726974768873,40.174206
2503,39.45481,0.030773831366579556,39.45481
2504,38.453793,-0.04153778831069411,38.453793
2505,38.453793,-0.04153778831069411,38.453793
2506,38.453793,-0.04153778831069411,38.453793
2507,-38.454033,0.025026309600646453,-38.454033
2508,-38.454033,0.025026309600646453,-38.454033
2509,-38.105576,0.10096194145720509,-38.105576
2510,-38.468586,-0.01257811581753839,-38.468586
2511,-38.468586,-0.01257811581753839,-38.468586
2512,38.453793,-0.04153778831069411,38.453793
2513,39.413082,-0.014443821348747976,39.413082
2514,45.303955,-0.06210744346044188,45.303955
2515,45.320934,-0.06160005752427379,45.320934
2516,45.32387,0.01045038515318169,45.32387
2517,-45.251778,0.019108120860475687,-45.251778
2518,26.608402,0.08177428012094629,26.608402
2519,24.700062,0.00010194032768362016,24.700062
2520,38.32742,-0.031391746910001704,38.32742
2521,55.013973,0.11316136393643116,55.013973
2522,-35.87635,0.015916159077741934,-35.87635
2523,45.999687,0.1377835351015607,45.999687
2524,45.754303,0.233309168663369,45.754303
2525,-40.594357,0.032731146191165024,-40.594357
2526,-58.773106,0.017963207085168773,-58.773106
2527,-48.597797,-0.11645794868506167,-48.597797
2528,-48.597797,-0.22292282821460865,-48.597797
2529,-48.594604,-0.22341579974389172,-48.594604
2530,-48.594604,-0.13537956199662457,-48.594604
2531,-48.63505,-0.28979304580974136,-48.63505
2532,-48.63505,-0.06451331056934187,-48.63505
2533,-48.609756,-0.22957240194108128,-48.609756
2534,-48.609756,-0.2612126036146311,-48.609756
2535,38.1025,0.014316651855673088,38.1025
2536,38.1025,0.014316651855673088,38.1025
2537,49.543106,0.13971594784314248,49.543106
2538,-49.54098,-0.24635836838597866,-49.54098
2539,26.605764,0.05791260422245647,26.605764
2540,38.436073,0.05851802253370437,38.436073
2541,-38.272984,0.07817217187375852,-38.272984
2542,-38.272984,0.07817217187375852,-38.272984
2543,-38.285072,-0.0010641041727073907,-38.285072
2544,47.305576,0.034915233543741916,47.305576
2545,48.50296,-0.03907857384569242,48.50296
2546,56.54348,-0.019752803822082395,56.54348
2547,-56.926792,-0.12425406387136177,-56.926792
2548,-56.926792,-0.12425406387136177,-56.926792
2549,-56.926792,-0.12425406387136177,-56.926792
2550,-56.09269,0.1061000554586455,-56.09269
2551,-56.09269,0.1061000554586455,-56.09269
2552,-56.09269,0.1061000554586455,-56.09269
2553,-56.09269,0.07656401746137707,-56.09269
2554,-56.204227,0.09372822405164984,-56.204227
2555,-56.204227,0.09372822405164984,-56.204227
2556,56.03194,-0.04084739537125321,56.03194
2557,-56.08117,0.05402802745967461,-56.08117
2558,-56.08117,0.05402802745967461,-56.08117
2559,-56.08117,0.01947259362535123,-56.08117
2560,-56.038013,0.06873073532452173,-56.038013
2561,-56.038013,-0.004629710742597034,-56.038013
2562,-54.33318,0.24480197850542476,-54.33318
2563,-55.065254,-0.029739891133232062,-55.065254
2564,56.110138,-0.006609635924679924,56.110138
2565,56.082493,0.017469451358293378,56.082493
2566,56.082493,0.017469451358293378,56.082493
2567,-30.856092,-0.07098237502117966,-30.856092
2568,-30.856092,-0.07098237502117966,-30.856092
2569,-28.46643,0.05719209279038543,-28.46643
2570,4.876716,-0.006953589093484036,4.876716
2571,4.876716,-0.006953589093484036,4.876716
2572,-20.616272,0.17322918742268292,-20.616272
2573,-20.616272,0.17322918742268292,-20.616272
2574,20.59153,-0.08096650140737269,20.59153
2575,20.59153,-0.08096650140737269,20.59153
2576,20.59153,-0.08096650140737269,20.59153
2577,-4.8796067,-0.08582233835567478,-4.8796067
2578,-4.8796067,-0.06001123132277947,-4.8796067
2579,-4.8759637,-0.01870812013121341,-4.8759637
2580,-45.04585,-0.13074686524253903,-45.04585
2581,-45.10878,-0.03437461455399477,-45.10878
2582,-44.914608,-0.08580240398718286,-44.914608
2583,-40.200542,0.04306863101801743,-40.200542
2584,-40.200542,0.04306863101801743,-40.200542
2585,-32.304363,-0.01783439885333885,-32.304363
2586,-32.304363,-0.01783439885333885,-32.304363
2587,-32.304363,-0.01783439885333885,-32.304363
2588,-32.304363,-0.01783439885333885,-32.304363
2589,32.30869,-0.09349447824799728,32.30869
2590,-32.00963,0.29169027701930195,-32.00963
2591,-32.00963,0.29169027701930195,-32.00963
2592,-32.00963,0.29169027701930195,-32.00963
2593,32.27595,-0.013711517317549785,32.27595
2594,32.27595,-0.013711517317549785,32.27595
2595,32.27595,-0.013711517317549785,32.27595
2596,32.27595,-0.013711517317549785,32.27595
2597,18.411007,-0.00707589984512356,18.411007
2598,-32.063324,0.2935487573487722,-32.063324
2599,-32.063324,0.2935487573487722,-32.063324
2600,-32.063324,0.2935487573487722,-32.063324
2601,-32.063324,0.2935487573487722,-32.063324
2602,-32.063324,0.2935487573487722,-32.063324
2603,32.112152,-0.1179146816748233,32.112152
2604,32.112152,-0.1179146816748233,32.112152
2605,32.112152,-0.1179146816748233,32.112152
2606,32.112152,-0.1179146816748233,32.112152
2607,45.850163,0.16858470635558745,45.850163
2608,-46.112526,-0.18865631690859663,-46.112526
2609,42.799686,0.10686841078580302,42.799686
2610,-46.2404,-0.19874746191187748,-46.2404
2611,-22.865395,-0.04644719069678988,-22.865395
2612,-31.96252,0.2601510781139902,-31.96252
2613,-30.835781,-0.009920178666725388,-30.835781
2614,-32.865562,0.03485014141870458,-32.865562
2615,-32.865562,0.03485014141870458,-32.865562
2616,-32.865562,0.03485014141870458,-32.865562
2617,-38.912746,-0.050656900082434855,-38.912746
2618,45.90018,0.24479984874350344,45.90018
2619,45.90018,0.11668341888295831,45.90018
2620,38.30656,-0.04668426399151317,38.30656
2621,38.30656,-0.04668426399151317,38.30656
2622,38.30656,-0.053150527173103174,38.30656
2623,38.30656,-0.04668426399151317,38.30656
2624,38.30656,-0.04668426399151317,38.30656
2625,38.30656,-0.04668426399151317,38.30656
2626,38.30656,-0.04668426399151317,38.30656
2627,38.30656,-0.053150527173103174,38.30656
2628,38.30656,-0.04668426399151317,38.30656
2629,38.30656,-0.04668426399151317,38.30656
2630,38.30656,-0.04668426399151317,38.30656
2631,38.30656,-0.04668426399151317,38.30656
2632,38.30656,-0.04668426399151317,38.30656
2633,38.30656,-0.04668426399151317,38.30656
2634,-38.32276,0.025159903370485483,-38.32276
2635,-38.32276,0.025159903370485483,-38.32276
2636,-38.32276,0.025159903370485483,-38.32276
2637,-38.32276,0.025159903370485483,-38.32276
2638,-38.32276,0.025159903370485483,-38.32276
2639,-38.32276,0.025159903370485483,-38.32276
2640,49.715034,0.1441572936375394,49.715034
2641,-45.395496,-0.04766240873717003,-45.395496
2642,26.84001,0.0009120784823623289,26.84001
2643,26.84001,0.0009120784823623289,26.84001
2644,26.84001,0.0009120784823623289,26.84001
2645,26.84001,0.0009120784823623289,26.84001
2646,-38.310474,0.05300454626861073,-38.310474
2647,-38.310474,0.05300454626861073,-38.310474
2648,-38.310474,0.05300454626861073,-38.310474
2649,-38.310474,0.05300454626861073,-38.310474
2650,37.903793,0.06997135457640348,37.903793
2651,-37.904583,0.07619446737588981,-37.904583
2652,-37.904583,0.07619446737588981,-37.904583
2653,-37.904583,0.07619446737588981,-37.904583
2654,-49.923843,-0.09758136034010198,-49.923843
2655,38.562046,0.017379438696722843,38.562046
2656,39.72693,0.05840245174062959,39.72693
2657,-38.153572,-0.05098117632791193,-38.153572
2658,-38.153572,-0.05098117632791193,-38.153572
2659,26.454737,0.0781843738014489,26.454737
2660,26.454737,0.0781843738014489,26.454737
2661,49.512012,0.2095157432530031,49.512012
2662,-56.11967,0.11046751834249366,-56.11967
2663,56.120586,0.049073997311275167,56.120586
2664,56.120586,0.03340611383050499,56.120586
2665,56.120586,0.049073997311275167,56.120586
2666,56.120586,0.03340611383050499,56.120586
2667,56.069847,-0.012701472939789828,56.069847
2668,30.218744,0.16829974821515514,30.218744
2669,29.591915,0.01232403984076147,29.591915
2670,45.19256,0.03413513139363852,45.19256
2671,-45.06711,-0.12549703795705028,-45.06711
2672,-45.06711,-0.12549703795705028,-45.06711
2673,-45.06711,-0.12549703795705028,-45.06711
2674,-44.18234,-0.19426175569257034,-44.18234
2675,-34.42815,0.0479642513619563,-34.42815
2676,-47.44938,0.22361590963445038,-47.44938
2677,45.26162,-0.04377280577867304,45.26162
2678,-45.013092,-0.0040048910114850265,-45.013092
2679,40.397858,0.04430203084762652,40.397858
2680,40.25657,0.052644687048993076,40.25657
2681,40.25657,0.052644687048993076,40.25657
2682,40.25657,0.052644687048993076,40.25657
2683,40.25657,0.052644687048993076,40.25657
2684,40.25657,0.052644687048993076,40.25657
2685,40.25657,0.052644687048993076,40.25657
2686,-40.17116,-0.09645050812707785,-40.17116
2687,-40.17116,-0.09645050812707785,-40.17116
2688,-40.17116,-0.03488136076245503,-40.17116
2689,40.27209,0.1656771855207083,40.27209
2690,28.80611,-0.03860842692838298,28.80611
2691,40.20511,0.08451333360490502,40.20511
2692,40.01242,0.008791546925491132,40.01242
2693,-52.277565,-0.10171037886532872,-52.277565
2694,52.277622,0.17089223863045475,52.277622
2695,45.960365,0.1591204870093666,45.960365
2696,46.216587,0.18251605982507277,46.216587
2697,-48.57016,-0.30776719168383143,-48.57016
2698,-48.57016,-0.30564360625282516,-48.57016
2699,-48.40899,-0.08749467549098801,-48.40899
2700,-48.40899,-0.17880937124579263,-48.40899
2701,-48.113968,-0.2651391711766443,-48.113968
2702,-38.435207,0.021656595789855647,-38.435207
2703,-38.435207,0.021656595789855647,-38.435207
2704,-38.435207,0.021656595789855647,-38.435207
2705,38.463863,0.007512672048357966,38.463863
2706,-38.34133,0.10194347835582103,-38.34133
2707,-38.34133,0.10194347835582103,-38.34133
2708,27.047731,0.029741040880923206,27.047731
2709,27.047731,0.029741040880923206,27.047731
2710,27.047731,0.029741040880923206,27.047731
2711,38.435207,0.024991199980567237,38.435207
2712,38.463863,0.007512672048357966,38.463863
2713,38.089516,0.05376429063859343,38.089516
2714,-38.09001,0.051771318486321626,-38.09001
2715,46.558594,0.106890819515458,46.558594
2716,-43.93075,-0.07509950969464495,-43.93075
2717,45.468636,0.09369304473649402,45.468636
2718,56.042465,0.04854456300608902,56.042465
2719,53.777298,-0.06758697217884259,53.777298
2720,-56.049507,0.09871835892418779,-56.049507
2721,-56.049507,0.09871835892418779,-56.049507
2722,-56.677372,0.07182250641935393,-56.677372
2723,-55.9338,0.0631234952145219,-55.9338
2724,-55.9338,0.0961158571092559,-55.9338
2725,0.09997961,-0.07478910981503091,0.09997961
2726,40.128185,0.19187095409938532,40.128185
2727,40.128185,0.19187095409938532,40.128185
2728,-1.9289501,-0.07636474986099032,-1.9289501
2729,-1.9289501,-0.07636474986099032,-1.9289501
2730,-45.19415,-0.18796690524044132,-45.19415
2731,-45.19415,-0.18796690524044132,-45.19415
2732,-45.19415,-0.19364307976307013,-45.19415
2733,-45.19415,-0.18796690524044132,-45.19415
2734,-45.19415,-0.18796690524044132,-45.19415
2735,-45.19415,-0.18796690524044132,-45.19415
2736,-45.19415,-0.18796690524044132,-45.19415
2737,-45.19415,-0.18796690524044132,-45.19415
2738,-45.19415,-0.18796690524044132,-45.19415
2739,-45.19415,-0.19364307976307013,-45.19415
2740,-45.19415,-0.19364307976307013,-45.19415
2741,-45.19415,-0.18796690524044132,-45.19415
2742,-45.19415,-0.18796690524044132,-45.19415
2743,-45.19415,-0.18796690524044132,-45.19415
2744,-45.19415,-0.18796690524044132,-45.19415
2745,47.61736,0.007602929731235292,47.61736
2746,47.61736,0.007602929731235292,47.61736
2747,-47.513855,-0.02419410999642472,-47.513855
2748,45.194157,0.2813016735734565,45.194157
2749,45.27476,-0.005515136607863915,45.27476
2750,45.1636,-0.03592480517370154,45.1636
2751,44.09204,-0.017958854385574263,44.09204
2752,-45.168114,-0.08096199094374894,-45.168114
2753,-44.96353,-0.1294434067410528,-44.96353
2754,-32.239986,0.13748471142304777,-32.239986
2755,-32.239986,0.13748471142304777,-32.239986
2756,-32.239986,0.13748471142304777,-32.239986
2757,-32.239986,0.13748471142304777,-32.239986
2758,-31.768219,0.14492709749521637,-31.768219
2759,-31.768219,0.14492709749521637,-31.768219
2760,32.237823,-0.05935120257138679,32.237823
2761,32.237823,-0.05935120257138679,32.237823
2762,32.237823,-0.05935120257138679,32.237823
2763,32.237823,-0.05935120257138679,32.237823
2764,32.626476,-0.0766648712655575,32.626476
2765,32.626476,-0.0766648712655575,32.626476
2766,32.626476,-0.0766648712655575,32.626476
2767,38.242516,-0.04972436531984829,38.242516
2768,38.03933,0.05196053904580486,38.03933
2769,38.03933,0.05196053904580486,38.03933
2770,38.03933,0.05196053904580486,38.03933
2771,38.03933,0.05196053904580486,38.03933
2772,38.264675,-0.020592059152707582,38.264675
2773,38.264675,-0.020592059152707582,38.264675
2774,38.264675,-0.020592059152707582,38.264675
2775,38.264675,-0.020592059152707582,38.264675
2776,38.264675,-0.020592059152707582,38.264675
2777,38.264675,-0.020592059152707582,38.264675
2778,38.264675,-0.020592059152707582,38.264675
2779,38.264675,-0.020592059152707582,38.264675
2780,38.264675,-0.020592059152707582,38.264675
2781,-38.264587,0.05123308065410879,-38.264587
2782,-38.264587,0.05123308065410879,-38.264587
2783,-38.264587,0.05123308065410879,-38.264587
2784,-38.264587,0.05123308065410879,-38.264587
2785,-38.264587,0.05123308065410879,-38.264587
2786,-38.26695,0.08466848323544848,-38.26695
2787,-38.26695,0.08466848323544848,-38.26695
2788,-38.26695,0.08466848323544848,-38.26695
2789,-38.038933,0.01968826395602017,-38.038933
2790,-38.038933,0.01968826395602017,-38.038933
2791,-38.038933,0.01968826395602017,-38.038933
2792,39.42406,0.040923065101208134,39.42406
2793,-38.039215,0.07201816827513909,-38.039215
2794,-49.57824,-0.16944416273226304,-49.57824
2795,47.12472,0.1509078390362218,47.12472
2796,47.343407,-0.030478884420473744,47.343407
2797,-45.172585,-0.1429961254441228,-45.172585
2798,-45.210094,-0.15175013227826425,-45.210094
2799,-29.208519,-0.009011107561823226,-29.208519
2800,40.002625,0.009711147190082228,40.002625
2801,40.002625,0.009711147190082228,40.002625
2802,40.11735,0.05640080019151567,40.11735
2803,40.11735,0.05640080019151567,40.11735
2804,40.11735,0.05640080019151567,40.11735
2805,40.11735,0.05640080019151567,40.11735
2806,-49.240185,-0.16747516645873947,-49.240185
2807,40.395107,0.06174680050837663,40.395107
2808,45.38873,0.03293625631619159,45.38873
2809,38.450394,-0.05181279149947267,38.450394
2810,38.450394,-0.05181279149947267,38.450394
2811,-38.450306,0.11340376747978773,-38.450306
2812,-38.450306,0.11340376747978773,-38.450306
2813,-38.3498,0.14107501536465436,-38.3498
2814,-38.3498,0.14107501536465436,-38.3498
2815,-38.3498,0.14107501536465436,-38.3498
2816,38.200912,0.0038442839278202117,38.200912
2817,28.471874,-0.052955304240285536,28.471874
2818,32.016705,0.06022105038453736,32.016705
2819,-38.215797,0.03350505441310402,-38.215797
2820,38.450394,-0.05181279149947267,38.450394
2821,51.196655,0.20157724862286602,51.196655
2822,39.85053,0.04734236277205174,39.85053
2823,178.94081,0.10874363567176343,178.94081
2824,178.94081,0.10874363567176343,178.94081
2825,45.30422,-0.0561992923827558,45.30422
2826,-45.304817,0.07692649766209916,-45.304817
2827,38.25965,-0.027046916603096587,38.25965
2828,-37.72231,-0.059395457521818996,-37.72231
2829,30.526972,0.21805380110953426,30.526972
2830,-56.036186,0.019371506990043325,-56.036186
2831,56.03712,0.006711139800332202,56.03712
2832,40.00179,0.12581924914838913,40.00179
2833,0.23912966,-0.028544105191254814,0.23912966
2834,-38.93531,-0.0007496517101286419,-38.93531
2835,-38.327866,0.0035989852622209124,-38.327866
2836,-53.47464,0.045121381105238605,-53.47464
2837,53.650635,0.013182092015092886,53.650635
2838,29.89999,0.04643311484103333,29.89999
2839,-56.08953,0.08528418533551842,-56.08953
2840,-56.08953,0.08528418533551842,-56.08953
2841,-56.761784,0.09378989561936411,-56.761784
2842,29.292887,0.01548155107518653,29.292887
2843,29.292887,0.01548155107518653,29.292887
2844,29.948973,0.08253170122636516,29.948973
2845,29.365294,0.1431547183348707,29.365294
2846,-26.897392,0.0977541522732106,-26.897392
2847,-54.966385,-0.040543445797589665,-54.966385
2848,54.33062,0.07588760801869732,54.33062
2849,54.966522,0.0546957090350711,54.966522
2850,-55.018528,-0.11687392856722507,-55.018528
2851,-56.205956,0.028028076062504046,-56.205956
2852,53.448177,0.041292243125602916,53.448177
2853,53.496857,0.07631741117268863,53.496857
2854,48.616055,-0.05733705673856204,48.616055
2855,53.718678,0.07169467296582185,53.718678
2856,-54.33033,-0.22767717853586336,-54.33033
2857,-26.792624,-0.013473689867759623,-26.792624
2858,-29.949085,-0.15211673918336657,-29.949085
2859,-5.4927516,-0.07798865757475786,-5.4927516
2860,-5.4927516,-0.0862311395162979,-5.4927516
2861,-19.967035,0.13582126416746737,-19.967035
2862,-19.967035,0.13582126416746737,-19.967035
2863,14.523199,-0.09747804733590883,14.523199
2864,14.523199,-0.09747804733590883,14.523199
2865,-14.523199,0.04862900329972537,-14.523199
2866,-40.201176,-0.0383412143419591,-40.201176
2867,-38.35044,0.10036329081652558,-38.35044
2868,26.822462,0.04865100554247401,26.822462
2869,-48.598537,-0.24740982950854268,-48.598537
2870,-48.598537,-0.26858932896132287,-48.598537
2871,-48.598537,-0.24740982950854268,-48.598537
2872,32.057213,-0.011393645679497936,32.057213
2873,32.057213,-0.011393645679497936,32.057213
2874,32.057213,-0.011393645679497936,32.057213
2875,32.057213,-0.011393645679497936,32.057213
2876,-38.2895,0.11868452661016655,-38.2895
2877,-31.947012,-0.0008284757663654677,-31.947012
2878,42.925865,0.1404539313547359,42.925865
2879,42.925865,0.023575791073823498,42.925865
2880,42.925865,0.1404539313547359,42.925865
2881,26.706394,0.12484554041080106,26.706394
2882,46.00825,0.17785849073409862,46.00825
2883,46.00825,0.17785849073409862,46.00825
2884,-33.75228,0.009696925209884901,-33.75228
2885,-22.937653,0.015854272830245226,-22.937653
2886,35.254253,0.06325303598741411,35.254253
2887,-55.970375,0.05913631947238878,-55.970375
2888,-55.970375,-0.024940193558387554,-55.970375
2889,55.970375,-0.10567738770209487,55.970375
2890,56.18481,-0.0007996414684777518,56.18481
2891,47.35524,-0.047646951294769445,47.35524
2892,55.197178,0.2737094040374583,55.197178
2893,53.319447,-0.043847093393072724,53.319447
2894,53.319447,-0.043847093393072724,53.319447
2895,-56.184196,0.13707993434618243,-56.184196
2896,-56.184196,0.13707993434618243,-56.184196
2897,-56.184196,0.0029885836234002337,-56.184196
2898,56.903694,0.09699185614579653,56.903694
2899,-56.002342,-0.029222149237397414,-56.002342
2900,-56.002342,0.09019992959603636,-56.002342
2901,56.917824,0.007333168274071926,56.917824
2902,32.902645,-0.018768707362005723,32.902645
2903,32.902645,-0.018768707362005723,32.902645
2904,-56.095932,0.12124230183347713,-56.095932
2905,-55.79842,0.1037095212178653,-55.79842
2906,-55.79842,0.10644404458030486,-55.79842
2907,33.0056,0.18112122545510853,33.0056
2908,-5.036905,-0.0745755170900964,-5.036905
2909,40.319096,0.10529122532386673,40.319096
2910,40.319096,0.1220265014071066,40.319096
2911,40.50224,0.14589089588720863,40.50224
2912,40.124146,0.13693487859606354,40.124146
2913,38.185017,-0.018098428227748924,38.185017
2914,40.319096,0.1220265014071066,40.319096
2915,40.50224,0.14589089588720863,40.50224
2916,-4.9024405,-0.07042164241085717,-4.9024405
2917,-4.9024405,-0.07745204395834648,-4.9024405
2918,47.588844,0.14235078253854913,47.588844
2919,-45.152134,-0.11411412962785553,-45.152134
2920,52.287693,0.050409281356415536,52.287693
2921,-35.424038,0.029234472984888727,-35.424038
2922,52.43304,0.07456811958717952,52.43304
2923,-57.857475,0.0007960277768180898,-57.857475
2924,52.28155,0.06938033816557808,52.28155
2925,52.26452,-0.021465343949380964,52.26452
2926,-41.13222,-0.01135857179385605,-41.13222
2927,32.912033,-0.015541904946579171,32.912033
2928,32.912033,-0.015541904946579171,32.912033
2929,32.912033,-0.015541904946579171,32.912033
2930,32.912033,-0.015541904946579171,32.912033
2931,32.912033,-0.015541904946579171,32.912033
2932,-31.365139,0.04021400529049871,-31.365139
2933,-31.365139,0.04021400529049871,-31.365139
2934,-31.365139,0.04021400529049871,-31.365139
2935,-31.365139,0.04021400529049871,-31.365139
2936,34.434486,0.0113754036137754,34.434486
2937,34.434486,0.0113754036137754,34.434486
2938,34.434486,0.0113754036137754,34.434486
2939,-20.096697,-0.01536261378985726,-20.096697
2940,-33.286087,-0.015425091075762678,-33.286087
2941,-32.117664,0.05562366471542274,-32.117664
2942,-40.11842,0.002082946275578682,-40.11842
2943,-40.11842,-0.04469175390376713,-40.11842
2944,-40.10806,-0.040281589554492486,-40.10806
2945,-34.08441,0.046172569157769315,-34.08441
2946,-43.950035,0.01744884538587589,-43.950035
2947,38.29101,0.12055899396601076,38.29101
2948,-38.905987,-0.018421778443360747,-38.905987
2949,-53.78436,-0.06010748147902021,-53.78436
2950,-53.78436,-0.06283335187330301,-53.78436
2951,-53.78436,-0.06010748147902021,-53.78436
2952,-53.78436,-0.06423839239244179,-53.78436
2953,-53.78436,-0.06010748147902021,-53.78436
2954,-53.78436,-0.06283335187330301,-53.78436
2955,-53.78436,-0.06010748147902021,-53.78436
2956,-53.78436,-0.06010748147902021,-53.78436
2957,-53.78436,-0.06010748147902021,-53.78436
2958,-53.78436,-0.06010748147902021,-53.78436
2959,-53.78436,-0.06010748147902021,-53.78436
2960,-53.78436,-0.06283335187330301,-53.78436
2961,-53.78436,-0.06010748147902021,-53.78436
2962,-53.78436,-0.06010748147902021,-53.78436
2963,-53.78436,-0.06283335187330301,-53.78436
2964,-53.78436,-0.06010748147902021,-53.78436
2965,-53.78436,-0.06010748147902021,-53.78436
2966,-53.78436,-0.06010748147902021,-53.78436
2967,-53.78436,-0.06010748147902021,-53.78436
2968,53.697323,0.022247570806980727,53.697323
2969,53.697323,0.022247570806980727,53.697323
2970,56.262665,0.01900356282102636,56.262665
2971,56.262665,0.01900356282102636,56.262665
2972,56.262665,0.01900356282102636,56.262665
2973,56.262665,0.01900356282102636,56.262665
2974,56.262665,0.01900356282102636,56.262665
2975,56.262665,0.01900356282102636,56.262665
2976,56.262665,0.01900356282102636,56.262665
2977,-59.3258,0.06350662596292062,-59.3258
2978,-59.3258,0.07671051033080646,-59.3258
2979,-53.677658,-0.04351854103780548,-53.677658
2980,33.584625,0.09442429821308966,33.584625
2981,59.325653,-0.07794165277305853,59.325653
2982,-38.423622,0.05244623434117449,-38.423622
2983,56.170044,0.02754418287298001,56.170044
2984,-55.994427,0.04076170436536474,-55.994427
2985,56.00218,-0.04473604281600508,56.00218
2986,-56.00129,0.08266000357942034,-56.00129
2987,13.252468,-0.12487882591235591,13.252468
2988,-13.252468,-0.09785534783493856,-13.252468
2989,-24.828423,0.08334902800837818,-24.828423
2990,-34.55981,0.0029607872719391265,-34.55981
2991,-34.55981,0.0029607872719391265,-34.55981
2992,-34.55981,0.005084372702945367,-34.55981
2993,47.53533,-0.018633657480958618,47.53533
2994,47.53533,-0.018633657480958618,47.53533
2995,-33.534935,0.017547366020035246,-33.534935
2996,-33.534935,0.017547366020035246,-33.534935
2997,49.04602,-0.022448088232307015,49.04602
2998,49.04602,-0.021259809265490544,49.04602
2999,-49.046047,0.11082683068558509,-49.046047
3000,-49.046047,-0.06731087003256986,-49.046047
3001,-35.57402,0.021943362649353933,-35.57402
3002,-47.458878,0.26208756438465786,-47.458878
3003,47.283398,-0.03300990134734272,47.283398
3004,30.265703,0.21740053441726953,30.265703
3005,54.707382,0.030986853007854247,54.707382
3006,55.03303,0.15406745837686087,55.03303
3007,55.00589,0.1488605132348332,55.00589
3008,-55.0062,-0.24114292023111641,-55.0062
3009,-32.42851,0.21208321184576304,-32.42851
3010,-39.00547,-0.08315266145785585,-39.00547
3011,45.957634,0.09840912029581073,45.957634
3012,46.042164,0.059527343913303006,46.042164
3013,45.983437,0.1465766231318616,45.983437
3014,-45.776134,-0.178688423261001,-45.776134
3015,-48.538593,-0.09593855571219014,-48.538593
3016,-48.393787,-0.24047233487104044,-48.393787
3017,-48.393787,-0.2534896285833133,-48.393787
3018,53.527027,-0.09683244483513599,53.527027
3019,52.19411,-0.012577041330274454,52.19411
3020,-43.765434,0.007825113067826243,-43.765434
3021,-43.765434,-0.03476649226409582,-43.765434
3022,47.705387,0.028611200760674447,47.705387
3023,45.320034,0.021217533663972922,45.320034
3024,-45.172905,-0.06620105288736797,-45.172905
3025,48.342743,0.03243976411663095,48.342743
3026,52.20861,0.02975640791300962,52.20861
3027,53.03625,0.09851562636478514,53.03625
3028,52.17469,0.038649776458033844,52.17469
3029,178.19691,0.09547051482289512,178.19691
3030,-178.19691,0.008684334882781537,-178.19691
3031,-34.968674,0.035433796850303,-34.968674
3032,-53.825287,-0.0033669182769982733,-53.825287
3033,53.825287,0.10658085234178849,53.825287
3034,56.04853,-0.06541117060872066,56.04853
3035,56.13025,0.024798153080409602,56.13025
3036,58.221214,-0.03094834161463121,58.221214
3037,-56.55164,-0.02776232750104853,-56.55164
3038,-56.55164,-0.02776232750104853,-56.55164
3039,-56.85302,0.06715331444693416,-56.85302
3040,-56.90429,-0.01994085776851507,-56.90429
3041,37.02823,0.04359541853317039,37.02823
3042,-1.8191252,-0.017464363131827983,-1.8191252
3043,-1.8191252,-0.07775716600050198,-1.8191252
3044,37.02823,0.04359541853317039,37.02823
3045,39.707386,0.11347088532590323,39.707386
3046,-45.165146,-0.12089205090686536,-45.165146
3047,-44.783012,-0.08900934983578924,-44.783012
3048,-178.867,-0.12253635542679682,-178.867
3049,-49.65555,-0.19975947210840964,-49.65555
3050,53.310535,0.2729593669201462,53.310535
3051,53.310535,0.2729593669201462,53.310535
3052,-35.707928,0.00980843298919245,-35.707928
3053,38.315342,-0.0890226441162218,38.315342
3054,38.315342,-0.0890226441162218,38.315342
3055,38.315342,-0.0890226441162218,38.315342
3056,38.315342,-0.0890226441162218,38.315342
3057,38.315342,-0.0890226441162218,38.315342
3058,38.315342,-0.0890226441162218,38.315342
3059,38.315342,-0.0890226441162218,38.315342
3060,38.315342,-0.0890226441162218,38.315342
3061,38.315342,-0.0890226441162218,38.315342
3062,38.315342,-0.0890226441162218,38.315342
3063,-41.01603,-0.06497849667824328,-41.01603
3064,49.54285,0.19346932211591772,49.54285
3065,49.54285,0.1122614138049167,49.54285
3066,-38.222897,0.04832644945833095,-38.222897
3067,-38.222897,0.04832644945833095,-38.222897
3068,37.790783,-0.014844197433905196,37.790783
3069,37.790783,-0.014844197433905196,37.790783
3070,37.790783,-0.014844197433905196,37.790783
3071,37.790783,-0.014844197433905196,37.790783
3072,-37.79121,0.03022025215526175,-37.79121
3073,31.426147,-0.10598108213331094,31.426147
3074,31.426147,-0.10598108213331094,31.426147
3075,31.426147,-0.10598108213331094,31.426147
3076,31.426147,-0.10598108213331094,31.426147
3077,-31.427525,0.11615745498139056,-31.427525
3078,-31.427525,0.11615745498139056,-31.427525
3079,-31.427525,0.11615745498139056,-31.427525
3080,-31.427525,0.11615745498139056,-31.427525
3081,-31.427525,0.11615745498139056,-31.427525
3082,-31.427525,0.11615745498139056,-31.427525
3083,-32.24185,0.2279515176890734,-32.24185
3084,-32.24185,0.2279515176890734,-32.24185
3085,-32.24185,0.2279515176890734,-32.24185
3086,32.242508,-0.12690747789158516,32.242508
3087,32.242508,-0.12690747789158516,32.242508
3088,32.242508,-0.12690747789158516,32.242508
3089,32.242508,-0.12690747789158516,32.242508
3090,4.448396,-0.015058061460885647,4.448396
3091,-32.086113,0.08806303315978829,-32.086113
3092,-31.407337,0.22890452888586,-31.407337
3093,38.543537,-0.116595290831703,38.543537
3094,55.95515,-0.09852671254886904,55.95515
3095,-55.954193,0.0667914303260057,-55.954193
3096,-34.217678,0.017775146557671772,-34.217678
3097,-49.396812,-0.010434325751689824,-49.396812
3098,-45.09099,-0.1687940547025006,-45.09099
3099,-45.09099,-0.1687940547025006,-45.09099
3100,40.162144,0.09035757954286755,40.162144
3101,40.162144,0.09035757954286755,40.162144
3102,40.162144,0.09035757954286755,40.162144
3103,40.162144,0.09035757954286755,40.162144
3104,40.162144,0.09035757954286755,40.162144
3105,40.148605,0.03221811521804359,40.148605
3106,-27.80998,-0.009496065366267584,-27.80998
3107,-27.80998,-0.009496065366267584,-27.80998
3108,38.226013,-0.04653847278115918,38.226013
3109,-27.80998,-0.009496065366267584,-27.80998
3110,47.0983,0.15501508457376095,47.0983
3111,47.19244,0.2144931142560783,47.19244
3112,45.315334,0.02701277508377418,45.315334
3113,-178.24135,-0.11401169698977272,-178.24135
3114,38.087482,0.02889701562761602,38.087482
3115,-39.08995,0.0012084029480085028,-39.08995
3116,38.287163,0.02842944105023973,38.287163
3117,38.31036,0.003919769303607685,38.31036
3118,38.229805,-0.04125841170950857,38.229805
3119,-56.010563,-0.007466036903916131,-56.010563
3120,29.244585,0.10212515782293932,29.244585
3121,17.884544,0.023721121151751783,17.884544
3122,-17.884544,0.08865989834021212,-17.884544
3123,-29.595858,0.09010514613633162,-29.595858
3124,42.868416,0.07820054767712793,42.868416
3125,-64.74818,-0.21522082733367942,-64.74818
3126,64.74818,0.15151209687444586,64.74818
3127,-25.503805,0.03944940539134184,-25.503805
3128,62.667034,0.07065401921775313,62.667034
3129,38.905407,0.0627685603945734,38.905407
3130,-38.3286,0.06444681302760366,-38.3286
3131,-38.3286,0.06444681302760366,-38.3286
3132,-38.3286,0.06444681302760366,-38.3286
3133,38.32728,0.042196070164396755,38.32728
3134,38.32728,0.042196070164396755,38.32728
3135,49.60189,-0.03020048556211966,49.60189
3136,-48.656536,-0.0801117024629726,-48.656536
3137,-25.333654,0.09321956879377573,-25.333654
3138,-44.222664,-0.05439398423507163,-44.222664
3139,-29.576199,-0.07543884817621868,-29.576199
3140,26.776035,0.3261491982912421,26.776035
3141,27.348696,0.003260846673342115,27.348696
3142,-26.777527,0.038789775394126653,-26.777527
3143,-177.78728,-0.15443200092334536,-177.78728
3144,26.821941,0.049994034517853836,26.821941
3145,46.006912,0.12646266535858622,46.006912
3146,-46.005833,-0.1617487749837439,-46.005833
3147,-50.33571,-0.16335144849357397,-50.33571
3148,-50.33571,-0.16335144849357397,-50.33571
3149,38.265816,-0.025559239804261582,38.265816
3150,-23.257448,0.034034044326096774,-23.257448
3151,-38.469456,0.054531520086012655,-38.469456
3152,45.92081,0.17808564271650473,45.92081
3153,-31.583143,-0.024689095561990095,-31.583143
3154,-48.308594,-0.09393327344491076,-48.308594
3155,58.55196,0.008268504321865867,58.55196
3156,-56.181927,0.10884579344269964,-56.181927
3157,-32.96993,0.12243550064036346,-32.96993
3158,20.893751,-0.011360407109141006,20.893751
3159,29.51741,-0.0263351423390946,29.51741
3160,29.51741,-0.0263351423390946,29.51741
3161,24.98839,-0.15800138876678368,24.98839
3162,24.98839,-0.15800138876678368,24.98839
3163,-24.988834,0.12093757252258996,-24.988834
3164,-1.4153433,0.05279513576675635,-1.4153433
3165,-41.53058,-0.0039153038236240285,-41.53058
3166,-40.24955,-0.02599333521206353,-40.24955
3167,-28.61249,0.044428320920080235,-28.61249
3168,40.230873,0.01622416531908104,40.230873
3169,-43.805504,-0.023108841651679105,-43.805504
3170,52.2711,0.040631293235263335,52.2711
3171,39.896618,0.10188578637466046,39.896618
3172,53.97483,0.14648726029298784,53.97483
3173,-26.48467,-0.027068541507729093,-26.48467
3174,26.483871,0.07293752460547975,26.483871
3175,-37.831528,0.043499134222700665,-37.831528
3176,-38.056957,0.13062440040019577,-38.056957
3177,-38.310154,0.07671308384226792,-38.310154
3178,-38.310154,0.07671308384226792,-38.310154
3179,58.246994,0.0015961273601755276,58.246994
3180,56.202026,-0.030218195403209473,56.202026
3181,56.420467,0.020844647405543582,56.420467
3182,56.420467,-0.09266492177051418,56.420467
3183,56.420467,-0.05238156464594312,56.420467
3184,56.420467,-0.05238156464594312,56.420467
3185,56.420467,-0.05238156464594312,56.420467
3186,56.420467,-0.05238156464594312,56.420467
3187,56.420467,-0.05238156464594312,56.420467
3188,56.420467,-0.05238156464594312,56.420467
3189,56.420467,-0.05238156464594312,56.420467
3190,56.420467,-0.05238156464594312,56.420467
3191,56.420467,-0.05238156464594312,56.420467
3192,56.420467,-0.05238156464594312,56.420467
3193,56.420467,-0.05238156464594312,56.420467
3194,-54.13422,-0.1419055523353284,-54.13422
3195,-54.13422,-0.071627104490704,-54.13422
3196,-54.13422,-0.071627104490704,-54.13422
3197,-54.13422,-0.071627104490704,-54.13422
3198,56.02408,-0.023919894317754112,56.02408
3199,56.02408,-0.023919894317754112,56.02408
3200,-56.42122,-0.028910721580386288,-56.42122
3201,-56.42122,-0.028910721580386288,-56.42122
3202,49.16362,0.02024817227396664,49.16362
3203,47.276226,0.02204772046501721,47.276226
3204,56.36439,0.025305336870749,56.36439
3205,49.613297,-0.05213234227489966,49.613297
3206,-25.625385,0.026519651011060144,-25.625385
3207,27.37201,0.04928873033123359,27.37201
3208,-27.48806,0.08297717115816114,-27.48806
3209,29.176886,-0.010554576323147293,29.176886
3210,31.132109,0.10909859084167846,31.132109
3211,-45.18149,-0.1405483055316116,-45.18149
3212,-45.18149,-0.1405483055316116,-45.18149
3213,-45.18149,-0.1405483055316116,-45.18149
3214,-45.18149,-0.1405483055316116,-45.18149
3215,-45.18149,-0.11611943298960574,-45.18149
3216,-45.18149,-0.11611943298960574,-45.18149
3217,48.913525,-0.1401451658457224,48.913525
3218,-44.15653,-0.11574841739405022,-44.15653
3219,34.908924,0.021262265173341625,34.908924
3220,45.040733,0.10563113734488805,45.040733
3221,44.99475,0.10878884860646279,44.99475
3222,44.19505,0.06613197015025808,44.19505
3223,44.131203,0.04222346950154525,44.131203
3224,-44.230953,-0.004282166488887943,-44.230953
3225,49.135445,-0.04819447151460145,49.135445
3226,-48.736263,0.01098510267512463,-48.736263
3227,47.452286,0.0583347477437066,47.452286
3228,52.215267,0.049405528857960235,52.215267
3229,52.044907,0.093637625829542,52.044907
3230,-38.467033,0.013504185704418453,-38.467033
3231,25.416567,-0.1108953294286487,25.416567
3232,24.703821,-0.0020573495157024555,24.703821
3233,-177.8005,-0.14214280102488758,-177.8005
3234,-55.955433,-0.040454989452002425,-55.955433
3235,-55.955433,-0.03497516996543185,-55.955433
3236,-55.955433,-0.040454989452002425,-55.955433
3237,-55.955433,-0.03497516996543185,-55.955433
3238,-55.955433,-0.03497516996543185,-55.955433
3239,55.955433,0.014948712673754288,55.955433
3240,55.955433,0.014948712673754288,55.955433
3241,55.955433,-0.025135211891591448,55.955433
3242,55.955433,-0.025135211891591448,55.955433
3243,55.955433,-0.025135211891591448,55.955433
3244,55.955433,0.014948712673754288,55.955433
3245,55.955433,0.014948712673754288,55.955433
3246,55.955433,-0.025135211891591448,55.955433
3247,55.955433,-0.025135211891591448,55.955433
3248,55.955433,-0.025135211891591448,55.955433
3249,55.955433,0.014948712673754288,55.955433
3250,53.375866,-0.007056048278407952,53.375866
3251,53.375866,0.035241567552486926,53.375866
3252,-53.375866,0.020159812503658982,-53.375866
3253,53.375866,0.035241567552486926,53.375866
3254,53.375866,0.035241567552486926,53.375866
3255,53.375866,0.035241567552486926,53.375866
3256,-55.771557,0.013896214180163954,-55.771557
3257,55.771557,-0.04185185406210557,55.771557
3258,55.771557,-0.04185185406210557,55.771557
3259,55.771557,-0.04185185406210557,55.771557
3260,55.771557,-0.04185185406210557,55.771557
3261,55.771557,-0.04185185406210557,55.771557
3262,55.771557,-0.04185185406210557,55.771557
3263,55.771557,-0.04185185406210557,55.771557
3264,52.849022,-0.06835359265781377,52.849022
3265,56.613976,-0.008688867177431168,56.613976
3266,56.14747,0.010037365959973066,56.14747
3267,-56.14745,0.23492301073037808,-56.14745
3268,53.871315,-0.011007112683596054,53.871315
3269,-55.879147,0.09311305757395466,-55.879147
3270,42.204018,0.09022293308954456,42.204018
3271,42.204018,0.09022293308954456,42.204018
3272,42.204018,0.09022293308954456,42.204018
3273,42.204018,0.09022293308954456,42.204018
3274,42.204018,0.09022293308954456,42.204018
3275,47.83159,0.07557200303505622,47.83159
3276,-44.23619,-0.1289713103807897,-44.23619
3277,-44.23619,-0.056422785479473436,-44.23619
3278,-44.23619,-0.1289713103807897,-44.23619
3279,-44.23619,-0.1289713103807897,-44.23619
3280,-34.61547,0.031021366366063965,-34.61547
3281,-34.76646,0.008720265125529075,-34.76646
3282,-34.76646,0.008720265125529075,-34.76646
3283,-44.148014,-0.028507612956335464,-44.148014
3284,48.76102,0.04158409919643635,48.76102
3285,-41.079197,-0.06470281104554225,-41.079197
3286,-44.10526,0.16905269478011228,-44.10526
3287,47.7876,-0.07621586592622617,47.7876
3288,47.7876,-0.026302997103591134,47.7876
3289,-27.030268,0.023447352244867263,-27.030268
3290,-25.645657,0.125994392757004,-25.645657
3291,57.226078,0.09581082035029052,57.226078
3292,-178.19714,-0.016969305337064814,-178.19714
3293,55.902344,0.05304057830845501,55.902344
3294,-55.90228,0.04213859806476771,-55.90228
3295,22.913895,-0.12575638104224865,22.913895
3296,-40.14011,-0.03359128899960996,-40.14011
3297,45.982082,0.1388213356959475,45.982082
3298,-48.57964,-0.16654584983596898,-48.57964
3299,178.62204,0.3431618877778801,178.62204
3300,55.05551,0.18698229073772182,55.05551
3301,55.05551,0.18698229073772182,55.05551
3302,54.870438,0.18035464620646866,54.870438
3303,-56.529446,-0.11044207321574566,-56.529446
3304,-53.30501,-0.12881209217970055,-53.30501
3305,56.52956,0.2511343079188886,56.52956
3306,-37.171368,-0.16640424813361993,-37.171368
3307,49.718647,0.12789371625035778,49.718647
3308,48.891453,0.06997186907427749,48.891453
3309,-22.011595,-0.0547435196935788,-22.011595
3310,56.330906,0.05046094839443272,56.330906
3311,-58.31706,-0.023337368365228713,-58.31706
3312,53.455925,-0.008934692492606354,53.455925
3313,53.455925,-0.061609444487686564,53.455925
3314,53.455925,-0.061609444487686564,53.455925
3315,-56.047203,-0.0342566767015348,-56.047203
3316,-56.047203,0.07110880671550375,-56.047203
3317,-56.066566,-0.022088525224375134,-56.066566
3318,-56.066566,-0.022088525224375134,-56.066566
3319,-56.36054,0.006370975696317393,-56.36054
3320,-56.36054,0.001156050641034542,-56.36054
3321,39.463314,0.03373825143771901,39.463314
3322,39.463314,-0.03514461092891933,39.463314
3323,-39.463314,0.05122157749091184,-39.463314
3324,-58.245907,0.08645713812992245,-58.245907
3325,-4.513566,-0.10447906097884069,-4.513566
3326,40.24189,0.07781420173250803,40.24189
3327,39.406895,0.11178100127734791,39.406895
3328,-4.8714285,-0.0611857366218312,-4.8714285
3329,-3.7327151,-0.02460480477285813,-3.7327151
3330,36.56112,0.02716914648533382,36.56112
3331,52.08498,0.048219425199394844,52.08498
3332,-31.779291,-0.0210526019769006,-31.779291
3333,-26.149893,-0.02279342468239738,-26.149893
3334,-171.97656,-0.16953427544440183,-171.97656
3335,-178.22586,-0.045670068778668554,-178.22586
3336,-175.34929,-0.22632857949173368,-175.34929
3337,-38.266525,0.024460143062485288,-38.266525
3338,38.266525,0.027247955102949983,38.266525
3339,38.266525,0.027247955102949983,38.266525
3340,38.266525,0.027247955102949983,38.266525
3341,38.266525,0.027247955102949983,38.266525
3342,26.646694,0.044068285473388646,26.646694
3343,38.28649,-0.005947551367593015,38.28649
3344,-38.17716,0.09318151799794923,-38.17716
3345,38.054882,0.08013572786786716,38.054882
3346,-49.57971,-0.12654597391422875,-49.57971
3347,-38.05548,-0.012401431193905257,-38.05548
3348,-49.22451,-0.09820395922212692,-49.22451
3349,49.22456,0.20521839429165642,49.22456
3350,49.17161,0.3237560783156432,49.17161
3351,-24.263515,0.021976893864545592,-24.263515
3352,29.582037,0.021413259449584453,29.582037
3353,36.04675,0.0862471432937941,36.04675
3354,-31.640835,0.0036970319752024625,-31.640835
3355,40.18096,0.04810209839781486,40.18096
3356,40.18096,-0.004001185027114784,40.18096
3357,40.18096,0.04810209839781486,40.18096
3358,40.18096,0.04810209839781486,40.18096
3359,39.96631,0.01729569851148176,39.96631
3360,40.024967,-0.000296862157374728,40.024967
3361,-29.129953,-0.01873113170753129,-29.129953
3362,-34.501095,0.12629513524391298,-34.501095
3363,-34.501095,0.12629513524391298,-34.501095
3364,39.73566,-0.050983759460844436,39.73566
3365,39.73566,-0.050983759460844436,39.73566
3366,39.73566,-0.050983759460844436,39.73566
3367,40.03874,0.008181246779513679,40.03874
3368,40.03874,0.008181246779513679,40.03874
3369,-39.732574,-0.05967374400096723,-39.732574
3370,-38.45526,0.12018929050652243,-38.45526
3371,42.97161,0.08312943835220048,42.97161
3372,-48.608692,-0.19495274591000536,-48.608692
3373,-48.608692,-0.09747102202902284,-48.608692
3374,38.32167,0.002288006699027319,38.32167
3375,38.31201,0.009835861928808367,38.31201
3376,-38.429592,0.012125321908040887,-38.429592
3377,38.31201,0.009835861928808367,38.31201
3378,38.22633,-0.04125841170950857,38.22633
3379,45.305294,-0.09584057577319875,45.305294
3380,32.76925,0.17428771308910626,32.76925
3381,178.87756,0.08494704698034071,178.87756
3382,-178.50142,-0.26213116895717714,-178.50142
3383,29.803867,0.0875096555858214,29.803867
3384,-56.093433,0.1278658347699528,-56.093433
3385,48.14407,-0.061170544242658186,48.14407
3386,-5.155758,0.05454625537943932,-5.155758
3387,45.083656,-0.00031005350794144435,45.083656
3388,39.51814,0.034504443883402965,39.51814
3389,-32.05784,0.054677987097404984,-32.05784
3390,-32.05784,0.054677987097404984,-32.05784
3391,-38.266796,0.03418720531636917,-38.266796
3392,48.571407,0.09590679845033401,48.571407
3393,38.323174,0.04257654387228942,38.323174
3394,54.10793,0.11723808895739543,54.10793
3395,-55.605606,0.09586628352239836,-55.605606
3396,-56.96599,0.04351934054896735,-56.96599
3397,33.61873,0.11273929035332228,33.61873
3398,-34.28999,0.1653704797069784,-34.28999
3399,29.790237,0.026717688146457447,29.790237
3400,-54.049263,-0.10991864026990418,-54.049263
3401,49.60008,-0.038190763425537386,49.60008
3402,45.105743,-0.004692088369804471,45.105743
3403,-30.532507,-0.008048840924334711,-30.532507
3404,27.325752,0.20512176007508973,27.325752
3405,-30.860254,-0.050352940047006925,-30.860254
3406,29.339375,0.22172411555148583,29.339375
3407,-29.178682,0.031045434322818866,-29.178682
3408,26.429293,0.05860232248948607,26.429293
3409,-27.029192,-0.005477767485009125,-27.029192
3410,39.9943,0.05575326191861853,39.9943
3411,39.91301,0.011571388808199115,39.91301
3412,-64.754295,-0.12148904472188009,-64.754295
3413,-48.573326,-0.26269338241674156,-48.573326
3414,-48.485855,-0.11122485706915569,-48.485855
3415,46.33295,0.07360601516106374,46.33295
3416,52.854866,0.061123178801000766,52.854866
3417,57.70271,-0.023114116057546832,57.70271
3418,57.70271,-0.020819790089374263,57.70271
3419,-57.585667,0.026077223575699197,-57.585667
3420,-57.70281,0.10209914355479031,-57.70281
3421,56.34365,0.0895985107810586,56.34365
3422,33.76891,0.11420291820854665,33.76891
3423,56.546673,0.052540807129215036,56.546673
3424,55.486195,-0.044157574722800845,55.486195
3425,56.338863,0.04084558982350306,56.338863
3426,57.173534,0.037870519524777484,57.173534
3427,-57.998257,0.11160733806574169,-57.998257
3428,55.64853,-0.04538717742688652,55.64853
3429,-53.97873,0.09098438009065553,-53.97873
3430,53.97873,-0.030352440668026344,53.97873
3431,28.055178,0.059605196936076354,28.055178
3432,-56.88501,0.09383889755930552,-56.88501
3433,56.04829,-0.07474284614915644,56.04829
3434,32.346367,0.10933758071544145,32.346367
3435,32.86498,-0.001459321043794648,32.86498
3436,52.909855,0.12732456935166137,52.909855
3437,51.74354,0.2641744540732421,51.74354
3438,46.059612,0.02934986226673736,46.059612
3439,36.13263,0.0562491313350241,36.13263
3440,49.01393,0.021924317575296705,49.01393
3441,-61.25431,-0.18619450248104302,-61.25431
3442,-26.642714,0.06644817131101317,-26.642714
3443,-26.642714,0.06644817131101317,-26.642714
3444,-26.642714,0.06644817131101317,-26.642714
3445,-26.642714,0.06644817131101317,-26.642714
3446,-26.642714,0.06644817131101317,-26.642714
3447,-26.642714,0.06644817131101317,-26.642714
3448,49.57797,0.23537294719710516,49.57797
3449,38.13186,-0.03950439933665268,38.13186
3450,58.14788,0.022267846062499968,58.14788
3451,-56.20318,-0.0970495482757355,-56.20318
3452,-53.460724,0.0010539205760767974,-53.460724
3453,-53.460724,-0.06335742037856697,-53.460724
3454,-53.460724,-0.06335742037856697,-53.460724
3455,56.519115,-0.05506334397710468,56.519115
3456,56.519115,-0.05506334397710468,56.519115
3457,56.519115,0.0017232275881474872,56.519115
3458,56.519115,-0.05506334397710468,56.519115
3459,56.519115,-0.05506334397710468,56.519115
3460,56.519115,-0.05506334397710468,56.519115
3461,56.519115,0.0017232275881474872,56.519115
3462,56.519115,-0.05506334397710468,56.519115
3463,56.519115,-0.05506334397710468,56.519115
3464,56.519115,0.0017232275881474872,56.519115
3465,56.519115,0.0017232275881474872,56.519115
3466,56.519115,-0.05506334397710468,56.519115
3467,56.519115,-0.05506334397710468,56.519115
3468,57.10212,0.001012312654961689,57.10212
3469,53.91863,0.011121802368415831,53.91863
3470,56.20375,-0.018505584155411342,56.20375
3471,56.664486,0.08372514614483209,56.664486
3472,57.994907,-0.029486525622616278,57.994907
3473,-58.70784,-0.00980161284982125,-58.70784
3474,55.881905,-0.055697088501374954,55.881905
3475,59.13172,-0.039743105575058855,59.13172
3476,32.862457,0.059065244657789374,32.862457
3477,56.119865,0.004513061238439346,56.119865
3478,-57.067894,-0.10997003808596455,-57.067894
3479,45.59602,0.06591661962727899,45.59602
3480,45.59602,0.11540950876039476,45.59602
3481,45.59602,0.11540950876039476,45.59602
3482,44.162136,0.007247518088706867,44.162136
3483,44.162136,-0.022795415395653412,44.162136
3484,44.162136,-0.022795415395653412,44.162136
3485,-45.396103,-0.09355471118117042,-45.396103
3486,-45.396103,-0.09355471118117042,-45.396103
3487,-44.899693,-0.1603822573223424,-44.899693
3488,-44.899693,-0.1246319811393448,-44.899693
3489,49.366142,-0.048371713603989265,49.366142
3490,49.366142,0.0045685700352699025,49.366142
3491,49.35666,-0.020814242400824415,49.35666
3492,36.17651,0.0107096130926489,36.17651
3493,50.901653,0.01846064515597114,50.901653
3494,-34.608692,0.025629953378791915,-34.608692
3495,-34.683514,0.07200475332225187,-34.683514
3496,-33.687344,0.04114810413426564,-33.687344
3497,-35.786995,0.05314305979335392,-35.786995
3498,50.171593,0.01707178809417311,50.171593
3499,-50.62927,-0.02217412083401473,-50.62927
3500,35.786686,0.07934910321830435,35.786686
3501,47.608093,-0.02887589592646703,47.608093
3502,49.136707,0.025515413514355267,49.136707
3503,47.465454,0.024659040409952517,47.465454
3504,48.715557,-0.028288264630330576,48.715557
3505,48.18596,-0.008339091401049693,48.18596
3506,40.22852,0.06227745188485542,40.22852
3507,47.726845,0.0024719056497591783,47.726845
3508,25.44563,0.03556765784987813,25.44563
3509,29.478897,0.0846780740729077,29.478897
3510,27.440712,0.03232088273656235,27.440712
3511,27.57561,0.22932504052594624,27.57561
3512,38.469013,-0.14292940592652836,38.469013
3513,38.469013,-0.14292940592652836,38.469013
3514,38.469013,-0.14292940592652836,38.469013
3515,-38.44111,0.026771528448492565,-38.44111
3516,-38.44111,0.026771528448492565,-38.44111
3517,-38.44111,0.026771528448492565,-38.44111
3518,38.469013,-0.14292940592652836,38.469013
3519,-178.05312,-0.11186438030786987,-178.05312
3520,-177.87555,-0.03941652558220968,-177.87555
3521,-0.604592,-0.000738132834982572,-0.604592
3522,-0.604592,-0.000738132834982572,-0.604592
3523,51.423103,0.1342042097453664,51.423103
3524,38.283173,-0.03704464860696474,38.283173
3525,38.283173,-0.03704464860696474,38.283173
3526,38.283173,-0.03704464860696474,38.283173
3527,38.283173,-0.03704464860696474,38.283173
3528,38.277386,-0.019303737121382652,38.277386
3529,38.277386,-0.019303737121382652,38.277386
3530,38.277386,-0.019303737121382652,38.277386
3531,38.277386,-0.019303737121382652,38.277386
3532,-38.277344,0.0740282212369543,-38.277344
3533,-38.277344,0.0740282212369543,-38.277344
3534,-38.277344,0.0740282212369543,-38.277344
3535,-38.09559,0.09328187337830915,-38.09559
3536,-38.09559,0.09328187337830915,-38.09559
3537,-38.09559,0.09328187337830915,-38.09559
3538,-49.57635,-0.03914781644472251,-49.57635
3539,38.09539,0.04339498461375011,38.09539
3540,38.09539,0.04339498461375011,38.09539
3541,38.09539,0.04339498461375011,38.09539
3542,38.096752,0.049872005559375626,38.096752
3543,38.096752,0.049872005559375626,38.096752
3544,38.096752,0.049872005559375626,38.096752
3545,-38.096676,0.07305088097888189,-38.096676
3546,-38.096676,0.07305088097888189,-38.096676
3547,-52.905403,-0.03062108485448966,-52.905403
3548,52.905403,-0.044960218875533996,52.905403
3549,-52.905403,0.08101092801926922,-52.905403
3550,-52.905403,0.08101092801926922,-52.905403
3551,-52.905403,0.08101092801926922,-52.905403
3552,-52.905403,0.08101092801926922,-52.905403
3553,-52.905403,0.08101092801926922,-52.905403
3554,55.595875,0.020990420882579117,55.595875
3555,55.595875,0.020990420882579117,55.595875
3556,57.73585,0.00021218216807481274,57.73585
3557,57.73585,0.00021218216807481274,57.73585
3558,56.213806,-0.003020316116665161,56.213806
3559,56.14087,0.006345229941242341,56.14087
3560,45.30646,0.09267059668109029,45.30646
3561,45.808014,0.035293343490470364,45.808014
3562,47.57679,0.04698778886213272,47.57679
3563,-178.21149,0.10759959690104383,-178.21149
3564,-178.21149,0.10759959690104383,-178.21149
3565,-178.242,-0.0524578578694979,-178.242
3566,45.289753,0.004454024543247075,45.289753
3567,-178.19232,0.09697443557592711,-178.19232
3568,39.321938,0.14000087888256008,39.321938
3569,42.03658,0.08834034399970818,42.03658
3570,-176.01599,-0.18029026981937682,-176.01599
3571,-176.01599,-0.18029026981937682,-176.01599
3572,-39.96723,0.06251147002074785,-39.96723
3573,177.18591,0.02117006114795965,177.18591
3574,56.03242,-0.0045988392513308446,56.03242
3575,48.77399,0.009091927617026988,48.77399
3576,47.533154,-0.05449798172867907,47.533154
3577,-47.53356,0.06033538297575177,-47.53356
3578,44.18856,0.04326306001212632,44.18856
3579,-45.167866,-0.14849406117936295,-45.167866
3580,40.053185,0.01628860639403574,40.053185
3581,40.053185,0.01628860639403574,40.053185
3582,40.18706,0.042754649867720075,40.18706
3583,40.18706,0.042754649867720075,40.18706
3584,40.18706,0.042754649867720075,40.18706
3585,40.18706,0.042754649867720075,40.18706
3586,40.18706,0.042754649867720075,40.18706
3587,40.11838,-0.013851337793914984,40.11838
3588,40.11838,-0.013851337793914984,40.11838
3589,40.11838,-0.013851337793914984,40.11838
3590,-40.186306,-0.020159744526339844,-40.186306
3591,-40.186306,0.02340255513099037,-40.186306
3592,-29.142145,-0.03924212204399112,-29.142145
3593,-29.142145,-0.03924212204399112,-29.142145
3594,178.2421,0.31040039162676536,178.2421
3595,-54.808548,-0.16490463276738737,-54.808548
3596,49.373844,0.1464799346838615,49.373844
3597,27.257252,0.04868660044084395,27.257252
3598,27.257252,0.04868660044084395,27.257252
3599,-27.257252,0.04173993637208644,-27.257252
3600,-38.35588,0.130832337866488,-38.35588
3601,-38.35588,0.130832337866488,-38.35588
3602,-38.35588,0.130832337866488,-38.35588
3603,38.453087,-0.05416068637410723,38.453087
3604,38.453087,-0.05416068637410723,38.453087
3605,-38.453175,0.10807726558937139,-38.453175
3606,-38.453175,0.10807726558937139,-38.453175
3607,-38.453175,0.10807726558937139,-38.453175
3608,38.453087,-0.05416068637410723,38.453087
3609,30.19809,0.050959436156035265,30.19809
3610,-49.087982,-0.14339080307576282,-49.087982
3611,53.81931,0.1003923709177793,53.81931
3612,-59.441986,0.10023314356452306,-59.441986
3613,-54.657536,-0.09855114037069367,-54.657536
3614,52.2909,0.2356345433662103,52.2909
3615,51.085003,0.25000823288925555,51.085003
3616,-50.920258,-0.08945849802445481,-50.920258
3617,-37.89323,0.019189632890731154,-37.89323
3618,-45.302315,0.18068849152418906,-45.302315
3619,45.30211,-0.14476705228411607,45.30211
3620,38.353382,0.025711730665160044,38.353382
3621,-38.321186,0.08120743046737881,-38.321186
3622,-38.321186,0.08120743046737881,-38.321186
3623,56.056248,-0.010053866120542761,56.056248
3624,177.83655,0.026418495659794636,177.83655
3625,-178.40225,-0.12104760126404569,-178.40225
3626,-178.24654,-0.07035790857072424,-178.24654
3627,-178.18033,0.029374743877356682,-178.18033
3628,-3.3245885,0.00645473474736009,-3.3245885
3629,39.72809,-0.01783282656836359,39.72809
3630,32.37594,0.004235794458530161,32.37594
3631,40.76597,0.08681573664166276,40.76597
3632,178.57837,0.46139519349379327,178.57837
3633,-49.159916,-0.16578923716964955,-49.159916
3634,58.074207,-0.17178880573494953,58.074207
3635,178.83902,0.05612673575515699,178.83902
3636,178.83902,0.05612673575515699,178.83902
3637,-53.844967,0.06456540281132143,-53.844967
3638,-58.069267,0.022237484920626733,-58.069267
3639,29.803827,0.09127321351768665,29.803827
3640,-29.2923,0.012039012247617796,-29.2923
3641,-29.779327,-0.03211609657383804,-29.779327
3642,29.78002,0.14699092993506863,29.78002
3643,30.431133,0.10672523801012686,30.431133
3644,49.025932,-0.11124675436118295,49.025932
3645,32.683456,0.08350429973852175,32.683456
3646,32.90881,0.045928518855475144,32.90881
3647,54.132355,0.04221347998269151,54.132355
3648,-0.53395855,-0.09357050154770792,-0.53395855
3649,-39.9928,0.08015183491827148,-39.9928
3650,172.65349,-0.012321369430871768,172.65349
3651,178.64986,0.23455829436405728,178.64986
3652,-178.51517,-0.34501935030941927,-178.51517
3653,178.9061,0.14222418667378428,178.9061
3654,39.71744,0.010957059940954498,39.71744
3655,46.75946,0.20338912499052902,46.75946
3656,57.934666,0.016011477639680128,57.934666
3657,59.807243,-0.08526241324127319,59.807243
3658,-59.283817,-0.04325913461192657,-59.283817
3659,56.181557,0.026319506095384197,56.181557
3660,59.764843,0.1158920335837355,59.764843
3661,56.88549,-0.014441903585374182,56.88549
3662,57.0879,0.009263911288980275,57.0879
3663,-177.5522,-0.07166490522366037,-177.5522
3664,-177.5522,-0.07166490522366037,-177.5522
3665,-55.592796,-0.16737576277929295,-55.592796
3666,-34.6086,0.11018222898960349,-34.6086
3667,-62.082813,0.08887495824616304,-62.082813
3668,-55.016064,0.12156078623718893,-55.016064
3669,-55.016064,0.12156078623718893,-55.016064
3670,48.3746,-0.006558141150862588,48.3746
3671,48.3746,-0.006558141150862588,48.3746
3672,-0.3184508,-0.09914810614246555,-0.3184508
3673,-0.3184508,-0.05811203700693182,-0.3184508
3674,46.223606,0.0857040646619755,46.223606
3675,169.1721,0.13624616770469683,169.1721
3676,169.1721,0.13624616770469683,169.1721
3677,38.415207,0.0815111354777953,38.415207
3678,-64.75248,-0.1293747603596329,-64.75248
3679,-38.035885,0.10039688452594825,-38.035885
3680,-43.835617,0.004011263949541359,-43.835617
3681,-53.503887,-0.06789771931235547,-53.503887
3682,54.870014,0.07680327169301943,54.870014
3683,-54.870014,-0.05306434680882937,-54.870014
3684,-54.870014,-0.05306434680882937,-54.870014
3685,57.06577,-0.037636191161140045,57.06577
3686,54.481995,-0.02127573617933429,54.481995
3687,54.481995,-0.02127573617933429,54.481995
3688,-53.70087,-0.003704051898679694,-53.70087
3689,-53.977535,-0.016066231243411003,-53.977535
3690,-53.977535,-0.040617908299902396,-53.977535
3691,56.524666,0.06394681515736525,56.524666
3692,-56.647736,-0.04093751013053021,-56.647736
3693,56.323833,-0.021865789845293124,56.323833
3694,56.349903,-0.007687559794490118,56.349903
3695,-31.734095,0.10192828467512648,-31.734095
3696,-31.734095,0.10192828467512648,-31.734095
3697,56.45231,-0.03143962430320391,56.45231
3698,-55.02,-0.02035873343281941,-55.02
3699,-57.147827,-0.05722308648643484,-57.147827
3700,-60.301807,0.02616478018438869,-60.301807
3701,-42.952614,0.018938389934473637,-42.952614
3702,55.804787,-0.03612422668721046,55.804787
3703,54.449856,0.07579877582690135,54.449856
3704,-58.53378,0.055017251062370896,-58.53378
3705,-60.80748,-0.03321098413890116,-60.80748
3706,-45.317383,-0.12678441700747797,-45.317383
3707,56.612587,0.02257660171272667,56.612587
3708,-24.710672,0.02982187333470895,-24.710672
3709,51.35361,-0.021646824645827546,51.35361
3710,-44.10917,-0.05039613795597095,-44.10917
3711,42.392796,0.02165452524197103,42.392796
3712,-39.330902,-0.025782802655631452,-39.330902
3713,49.128967,-0.03375810846921783,49.128967
3714,-34.149372,0.08295839530148309,-34.149372
3715,-56.07226,0.22235573025240474,-56.07226
3716,56.078377,0.0727293872394586,56.078377
3717,-174.97475,-0.08272499732379367,-174.97475
3718,174.97502,0.05193152242605715,174.97502
3719,54.90181,0.06430836207443211,54.90181
3720,52.45311,0.0936830030375377,52.45311
3721,52.45311,0.0936830030375377,52.45311
3722,-178.1225,-0.0630696192100428,-178.1225
3723,176.62178,0.1755956652668401,176.62178
3724,-177.8734,-0.051275801952716096,-177.8734
3725,35.377384,-0.06421078187607676,35.377384
3726,-48.69977,-0.1897274865693319,-48.69977
3727,45.964638,0.14765620708202687,45.964638
3728,-40.606014,0.048154020549793494,-40.606014
3729,46.03257,0.11593594694935432,46.03257
3730,42.57423,0.07992422744648779,42.57423
3731,-48.452145,-0.1539851043824016,-48.452145
3732,26.63656,0.06869597608804369,26.63656
3733,54.717354,-0.008495001935763122,54.717354
3734,54.717354,-0.008495001935763122,54.717354
3735,54.717354,0.10472555545769109,54.717354
3736,55.057682,0.0047843738628274,55.057682
3737,-58.188374,-0.09920638359585562,-58.188374
3738,-58.188374,-0.09920638359585562,-58.188374
3739,-28.172775,0.18981112366503772,-28.172775
3740,-28.172775,0.18981112366503772,-28.172775
3741,31.820307,-0.03143807261520635,31.820307
3742,31.820307,-0.03143807261520635,31.820307
3743,31.804367,-0.0414857490781514,31.804367
3744,-26.652838,0.010401519547245651,-26.652838
3745,56.44428,0.02169957092635868,56.44428
3746,54.961445,0.05519241430074607,54.961445
3747,-41.21246,-0.09323518426749909,-41.21246
3748,60.029373,0.0699307290749927,60.029373
3749,-53.640705,-0.008252304615263363,-53.640705
3750,53.781853,0.26787293402212037,53.781853
3751,-59.588566,0.14767608975199184,-59.588566
3752,58.617153,0.03423446563829281,58.617153
3753,54.5572,0.037851958555510795,54.5572
3754,45.66566,0.12061259646179429,45.66566
3755,45.66566,-0.041411169032392774,45.66566
3756,45.66566,0.12180087542861076,45.66566
3757,44.26594,0.04298786522701993,44.26594
3758,-43.27947,-0.02099084758938629,-43.27947
3759,-43.27947,-0.10047556077479344,-43.27947
3760,49.04361,0.069155895272077,49.04361
3761,49.04361,0.069155895272077,49.04361
3762,45.29811,0.07758125280629262,45.29811
3763,-44.098106,-0.011128008814293464,-44.098106
3764,-34.287052,0.04796464795893405,-34.287052
3765,-35.179935,-0.013204663825476824,-35.179935
3766,48.47711,-0.02494872281005418,48.47711
3767,-48.407745,0.014880038882641333,-48.407745
3768,47.646713,-0.019616414526930418,47.646713
3769,44.273693,0.0806152514730639,44.273693
3770,50.84947,0.007813948813731625,50.84947
3771,-35.461926,0.06883837122685361,-35.461926
3772,-178.25252,0.035492689711752574,-178.25252
3773,-178.27066,0.07080592236108404,-178.27066
3774,-178.25983,0.04042214375073667,-178.25983
3775,-178.25983,0.04042214375073667,-178.25983
3776,-177.84256,0.04389787438967121,-177.84256
3777,-176.78708,-0.03649451250336969,-176.78708
3778,176.90504,0.0163515583758914,176.90504
3779,25.218832,0.045591724072415275,25.218832
3780,26.82252,0.14221935602500224,26.82252
3781,38.280952,0.02018221658850052,38.280952
3782,-175.96628,-0.1675606342106639,-175.96628
3783,-175.96628,-0.1675606342106639,-175.96628
3784,-176.22633,-0.1126240575076849,-176.22633
3785,-176.01448,-0.18619404502092032,-176.01448
3786,-176.01448,-0.18619404502092032,-176.01448
3787,-176.05647,-0.1696141187296728,-176.05647
3788,169.45576,0.15862403721421453,169.45576
3789,55.968254,-0.05009105334204392,55.968254
3790,55.968254,-0.05009105334204392,55.968254
3791,-56.05635,0.09665961538262563,-56.05635
3792,-56.05635,0.09665961538262563,-56.05635
3793,56.055676,-0.06731616205271951,56.055676
3794,-55.929184,0.004148856688828748,-55.929184
3795,56.119354,0.011988114992682541,56.119354
3796,58.5416,-0.017211155612164974,58.5416
3797,-2.515416,-0.07894139095147103,-2.515416
3798,174.46135,0.09034148689319815,174.46135
3799,-177.0548,-0.08553250248809897,-177.0548
3800,32.21427,-0.13410669179501938,32.21427
3801,32.21427,-0.13410669179501938,32.21427
3802,32.21427,-0.13410669179501938,32.21427
3803,32.21427,-0.13410669179501938,32.21427
3804,32.21427,-0.13410669179501938,32.21427
3805,-32.208004,0.23019020846894028,-32.208004
3806,-32.208004,0.23019020846894028,-32.208004
3807,-32.208004,0.23019020846894028,-32.208004
3808,5.4478297,0.016175578235903376,5.4478297
3809,5.4478297,0.016175578235903376,5.4478297
3810,-74.41335,-0.24828013435282295,-74.41335
3811,-53.8451,0.054535883731457645,-53.8451
3812,44.211,0.06110000971756334,44.211
3813,55.23671,0.05337876545762746,55.23671
3814,-18.746584,-0.0037044265626880253,-18.746584
3815,51.23913,0.12968937450427145,51.23913
3816,-5.1642475,-0.09204129243660115,-5.1642475
3817,-28.35671,0.03521862412863109,-28.35671
3818,-38.056606,0.05320420672714207,-38.056606
3819,45.396313,-0.025737698979084993,45.396313
3820,45.396313,-0.025737698979084993,45.396313
3821,-177.99509,-0.00851859809829108,-177.99509
3822,-175.9464,-0.07234088387907284,-175.9464
3823,-175.9464,-0.07234088387907284,-175.9464
3824,-175.92459,-0.15147246031589692,-175.92459
3825,-175.92459,-0.15147246031589692,-175.92459
3826,-175.9338,-0.17142745856963698,-175.9338
3827,-175.9338,-0.17142745856963698,-175.9338
3828,-56.027103,0.0208537575732623,-56.027103
3829,-177.0872,-0.07627162938415122,-177.0872
3830,13.185428,-0.0028072262294705995,13.185428
3831,38.0953,-0.05483348524682026,38.0953
3832,54.849606,0.11287181629799482,54.849606
3833,45.970535,0.18352280226373208,45.970535
3834,52.084957,0.05471607514265537,52.084957
3835,52.181217,0.03346985726624156,52.181217
3836,-177.2653,0.21337752335791213,-177.2653
3837,49.261787,-0.04698432540843518,49.261787
3838,-53.82579,0.09835675391393724,-53.82579
3839,-61.50304,0.09340517765365822,-61.50304
3840,-2.2129695,-0.07595697439778201,-2.2129695
3841,-2.2129695,-0.10915249074153693,-2.2129695
3842,39.693344,0.03298712011516829,39.693344
3843,-29.313549,-0.05665773132472102,-29.313549
3844,38.2988,-0.02119811420580938,38.2988
3845,47.26194,0.10689463033541421,47.26194
3846,56.284847,0.03739176846468743,56.284847
3847,57.053078,-0.023682626383757628,57.053078
3848,-177.57567,-0.058143362214301456,-177.57567
3849,-177.57567,-0.058143362214301456,-177.57567
3850,-178.13873,-0.15800149848881245,-178.13873
3851,35.58859,0.02644917403974912,35.58859
3852,-35.58859,0.03250154374184305,-35.58859
3853,48.23322,0.018129943443577004,48.23322
3854,48.23322,0.018129943443577004,48.23322
3855,48.23322,0.025106585183845048,48.23322
3856,-47.434555,0.03084954669367452,-47.434555
3857,40.015064,-0.05856502290630776,40.015064
3858,25.862894,0.002287330749187931,25.862894
3859,-25.862894,-0.01731504444843162,-25.862894
3860,-1.7759509,-0.0014550631812572734,-1.7759509
3861,41.56389,0.08174403231530371,41.56389
3862,59.583626,0.06258554603291225,59.583626
3863,60.90525,-0.07686216996458219,60.90525
3864,-56.54739,-0.12923311476888807,-56.54739
3865,-55.64805,0.17970889203469798,-55.64805
3866,-56.05836,-0.014735744481230766,-56.05836
3867,56.220234,0.09521172254516715,56.220234
3868,-59.406513,-0.15274228437330886,-59.406513
3869,-23.361345,0.08400744743435395,-23.361345
3870,-32.892685,0.030254472622346425,-32.892685
3871,26.178228,0.014400768734313209,26.178228
3872,178.6583,0.10763018303045747,178.6583
3873,177.29893,0.19087182533418268,177.29893
3874,-48.21235,-0.07086076711779392,-48.21235
3875,-48.205154,-0.15788086077368801,-48.205154
3876,45.877483,0.1660419376818738,45.877483
3877,-37.772636,0.015837628136074398,-37.772636
3878,56.696014,0.07731780109075748,56.696014
3879,-35.943615,0.06957714663127475,-35.943615
3880,27.693823,-0.006856726333593809,27.693823
3881,58.054058,0.0585027016161463,58.054058
3882,-52.298462,0.026890521984281004,-52.298462
3883,59.70285,0.04850673415717669,59.70285
3884,-49.724224,0.02292137681876381,-49.724224
3885,-49.724224,0.02292137681876381,-49.724224
3886,53.79607,-0.004678045946295115,53.79607
3887,53.79607,-0.004678045946295115,53.79607
3888,55.762615,0.06927567772955623,55.762615
3889,58.51796,-0.03428718887154178,58.51796
3890,-56.34225,0.04304165727363743,-56.34225
3891,55.44818,0.029016714707816523,55.44818
3892,55.44818,-0.0029540328801366377,55.44818
3893,55.44818,-0.0036704556441713877,55.44818
3894,-58.935013,-0.18024620873209649,-58.935013
3895,-32.7888,0.03363245920168163,-32.7888
3896,-20.346596,0.00833811398924359,-20.346596
3897,28.623177,0.06205318342776936,28.623177
3898,27.47627,0.03455901721519408,27.47627
3899,19.941523,0.14421675221634062,19.941523
3900,51.66148,0.15847864992620947,51.66148
3901,53.774925,0.12293146507533698,53.774925
3902,51.778416,0.17862848588226965,51.778416
3903,54.499233,0.03883528482174073,54.499233
3904,33.038082,0.1096535151687728,33.038082
3905,33.038082,0.010883393167434903,33.038082
3906,172.34181,0.0578074598901689,172.34181
3907,29.697437,0.042932452314835105,29.697437
3908,-29.222256,0.04447551928571013,-29.222256
3909,-29.222256,0.04447551928571013,-29.222256
3910,19.868216,-0.1548612763076006,19.868216
3911,19.868216,-0.1548612763076006,19.868216
3912,-40.767323,0.1198074328574724,-40.767323
3913,-51.486702,0.10356556007634608,-51.486702
3914,51.220795,-0.032249136092949604,51.220795
3915,178.95094,0.335405902525506,178.95094
3916,178.95094,0.335405902525506,178.95094
3917,56.883358,0.14925247832124475,56.883358
3918,-169.04083,-0.22386745772938016,-169.04083
3919,-24.556828,0.0036349802023285947,-24.556828
3920,57.785465,0.08774010030261899,57.785465
3921,57.522034,-0.13504983277284605,57.522034
3922,-55.09993,-0.05422899037403546,-55.09993
3923,56.759937,0.06003404769310142,56.759937
3924,56.759937,0.06003404769310142,56.759937
3925,57.37269,-0.10890812880763082,57.37269
3926,-44.849586,0.003895668234450356,-44.849586
3927,56.44286,0.04917947971803928,56.44286
3928,59.017685,0.035419245678372714,59.017685
3929,55.43324,0.04128655423768458,55.43324
3930,56.74556,-0.04080403282830947,56.74556
3931,60.942486,0.0153740247476098,60.942486
3932,-31.419767,0.04480666448065163,-31.419767
3933,-32.189793,-0.004751375910186804,-32.189793
3934,57.247375,-0.03303550090425594,57.247375
3935,56.640484,0.1406580050450895,56.640484
3936,55.663303,0.020615009229518123,55.663303
3937,58.49632,-0.010628289769284472,58.49632
3938,-38.382263,0.0865098979426283,-38.382263
3939,-44.267437,-0.03938422916804073,-44.267437
3940,44.754745,0.010013622381735471,44.754745
3941,48.647034,-0.015617457583277754,48.647034
3942,48.483994,-0.009913178206662654,48.483994
3943,44.33172,0.1122107790808392,44.33172
3944,-34.36115,0.03020287857516407,-34.36115
3945,-49.123722,0.1722508563948714,-49.123722
3946,50.587883,0.03128959196262378,50.587883
3947,-43.21321,-0.05231623907048712,-43.21321
3948,-51.720867,-0.009031459015616902,-51.720867
3949,-50.43171,-0.009069438089582877,-50.43171
3950,-45.049564,0.02331331639555723,-45.049564
3951,-178.05652,0.007166232845307899,-178.05652
3952,-33.042164,0.09092521202866459,-33.042164
3953,-22.555925,0.015580396177345395,-22.555925
3954,22.555925,0.012347270560129754,22.555925
3955,12.984722,-0.07266904226003217,12.984722
3956,29.139946,-0.04151265532427685,29.139946
3957,-40.153187,0.021644065240534204,-40.153187
3958,30.537289,-0.006857902434758435,30.537289
3959,37.65272,0.055563995184115755,37.65272
3960,-38.427914,0.08383722243100923,-38.427914
3961,-177.88177,-0.052880607942487626,-177.88177
3962,-177.7878,-0.051645270129357115,-177.7878
3963,-178.00493,-0.16281084319833317,-178.00493
3964,-178.10724,-0.09670524553605889,-178.10724
3965,-177.83607,-0.1082104273852644,-177.83607
3966,176.81105,-0.037369344202343495,176.81105
3967,-22.192787,0.03325262915423495,-22.192787
3968,-52.2666,-0.07617867648904642,-52.2666
3969,56.000126,-0.0021876476616776077,56.000126
3970,56.613792,0.07527969395233278,56.613792
3971,-29.19601,0.09246476694429354,-29.19601
3972,-55.940376,-0.0009304524987895766,-55.940376
3973,-45.809853,-0.10642697113471318,-45.809853
3974,-44.075245,-0.04415574617841586,-44.075245
3975,-44.176804,-0.005224689363965678,-44.176804
3976,-178.0319,0.03560762856149921,-178.0319
3977,176.98003,-0.10911826979914929,176.98003
3978,176.98003,-0.10911826979914929,176.98003
3979,-178.25304,0.03850244870269008,-178.25304
3980,-178.25304,0.03850244870269008,-178.25304
3981,-178.17111,0.09068424118133991,-178.17111
3982,-178.17111,0.09068424118133991,-178.17111
3983,176.77704,-0.05526143910240162,176.77704
3984,-175.9596,-0.19422203209895683,-175.9596
3985,-175.9596,-0.19422203209895683,-175.9596
3986,52.12553,0.04959359835133366,52.12553
3987,52.188095,0.041943181333926174,52.188095
3988,-172.6145,-0.16409804859706056,-172.6145
3989,-171.63528,0.006101505915322464,-171.63528
3990,-171.81044,-0.08868153456094537,-171.81044
3991,-0.78901124,0.018433891314044486,-0.78901124
3992,-178.09866,-0.07837935561067291,-178.09866
3993,58.12386,-0.0028866423543696543,58.12386
3994,58.12386,-0.13037722562628123,58.12386
3995,58.12386,-0.0028866423543696543,58.12386
3996,-53.59211,0.006913988639672053,-53.59211
3997,55.60915,-0.036734541981126245,55.60915
3998,-171.53645,-0.0018136235055279271,-171.53645
3999,-56.380596,0.07173356268601362,-56.380596
4000,58.5865,-0.04217163444104604,58.5865
4001,-53.85583,0.08484703647016412,-53.85583
4002,-178.22437,0.09183865719673377,-178.22437
4003,-178.00726,-0.03534724729290364,-178.00726
4004,-178.16833,0.04839651170456729,-178.16833
4005,40.237377,0.0587170244422783,40.237377
4006,169.47247,0.24755188265999356,169.47247
4007,169.47247,0.24755188265999356,169.47247
4008,169.61024,0.20649766473747935,169.61024
4009,169.61024,0.20649766473747935,169.61024
4010,40.237377,0.0587170244422783,40.237377
4011,-2.3408966,0.14795920233593893,-2.3408966
4012,56.355473,0.04992921872844068,56.355473
4013,57.66183,-0.006895732363362504,57.66183
4014,57.328724,-0.07328749418244722,57.328724
4015,-56.20328,-0.03527160749619976,-56.20328
4016,-56.20328,0.10235112014980242,-56.20328
4017,-54.076843,-0.025287133681408783,-54.076843
4018,-41.45776,0.01896673917765162,-41.45776
4019,56.310402,-0.07415161378239021,56.310402
4020,44.015205,0.04552331150479028,44.015205
4021,-55.143333,-0.014932604997735542,-55.143333
4022,-49.528244,0.07835388412271728,-49.528244
4023,56.395767,-0.08210938615624348,56.395767
4024,-178.19424,-0.10257592307882929,-178.19424
4025,38.224133,-0.12253282237131852,38.224133
4026,38.224133,-0.12253282237131852,38.224133
4027,-42.63,0.009352489295959525,-42.63
4028,49.14483,0.001365425076851764,49.14483
4029,34.71401,0.0030678723673099265,34.71401
4030,30.08428,0.09982540258483737,30.08428
4031,43.436478,0.036131929876177915,43.436478
4032,-26.71845,0.1260009577550233,-26.71845
4033,44.1366,0.04101410398640799,44.1366
4034,-13.162088,0.0004140372766516867,-13.162088
4035,-13.162088,0.0004140372766516867,-13.162088
4036,45.438892,0.04614254877970495,45.438892
4037,40.80941,0.07526662363837822,40.80941
4038,45.061516,-0.02365295814580931,45.061516
4039,-164.31084,-0.15686951056908352,-164.31084
4040,-45.25363,-0.013115770203833997,-45.25363
4041,-176.95215,0.14988733393861986,-176.95215
4042,51.70187,-0.0212109244836258,51.70187
4043,-58.523247,-0.05332574061482956,-58.523247
4044,-55.108513,-0.13661539705110737,-55.108513
4045,27.774366,0.013622990053509493,27.774366
4046,28.095034,0.0156724515919233,28.095034
4047,0.299923,-0.05162588239379845,0.299923
4048,-59.30309,-0.03146048958723995,-59.30309
4049,43.020885,0.03284759028266643,43.020885
4050,32.72289,0.044864642050341165,32.72289
4051,59.331047,0.10042818198984275,59.331047
4052,58.273678,0.004913923732517604,58.273678
4053,61.75554,-0.04632773499121877,61.75554
4054,48.843807,-0.04924775436242723,48.843807
4055,48.843807,-0.04924775436242723,48.843807
4056,27.249317,0.061840058398137936,27.249317
4057,2.3950584,-0.09943684639603009,2.3950584
4058,-48.058846,-0.08051816299020345,-48.058846
4059,49.62914,0.08853805251735906,49.62914
4060,-47.159195,-0.20779716276812585,-47.159195
4061,-177.6171,-0.14024388295492354,-177.6171
4062,-176.4772,-0.15446657165538322,-176.4772
4063,-177.4369,-0.18078313237114885,-177.4369
4064,166.69557,0.14617645259660444,166.69557
4065,166.69557,0.14617645259660444,166.69557
4066,-31.000216,0.0039650698076512374,-31.000216
4067,-21.64468,-0.0627909565091445,-21.64468
4068,58.44581,0.10389567136489752,58.44581
4069,-55.00676,0.12254545580407071,-55.00676
4070,57.428265,0.012539560882934573,57.428265
4071,32.8442,0.02785055511689311,32.8442
4072,30.564308,0.05903513082314997,30.564308
4073,56.213177,-0.0603971426025349,56.213177
4074,-56.8125,-0.07839704035763656,-56.8125
4075,58.733566,0.010926818350073936,58.733566
4076,-33.002796,0.10042765141104643,-33.002796
4077,-57.22018,-0.04665641031278684,-57.22018
4078,56.315514,-0.027135585978587427,56.315514
4079,56.315514,-0.060202700521319055,56.315514
4080,-55.862152,-0.04548174253304294,-55.862152
4081,-29.075518,-0.01724875259620906,-29.075518
4082,16.98167,0.013106487688365934,16.98167
4083,-55.26176,0.015726389909776376,-55.26176
4084,-54.572067,-0.10518515009919788,-54.572067
4085,59.272224,0.047239951156816055,59.272224
4086,-32.664345,0.0639334980388499,-32.664345
4087,35.928097,0.0483310571913237,35.928097
4088,-44.30194,-0.06950323892535534,-44.30194
4089,44.76287,0.06676128637750295,44.76287
4090,-45.705265,-0.00018530132129511206,-45.705265
4091,14.315722,0.02794280051934634,14.315722
4092,-33.426746,0.08184651422542706,-33.426746
4093,-2.888178,-0.13560631011585017,-2.888178
4094,-5.5332103,-0.06947091162354643,-5.5332103
4095,172.30864,0.11482726935867894,172.30864
4096,-4.6007466,-0.06077451121537847,-4.6007466
4097,-24.78009,0.03713377067371877,-24.78009
4098,-38.110718,0.11691326055042123,-38.110718
4099,-28.35259,0.050042839282161085,-28.35259
4100,-38.953327,0.04817400560519589,-38.953327
4101,55.576523,0.03676938102460863,55.576523
4102,32.534935,-0.030768675752401643,32.534935
4103,-54.062836,0.005252060797099832,-54.062836
4104,-53.82535,-0.006544549500843186,-53.82535
4105,-16.964104,-0.010814175707184539,-16.964104
4106,44.611282,-0.013531465121066419,44.611282
4107,41.61549,-0.005228904746511761,41.61549
4108,41.61549,-0.005228904746511761,41.61549
4109,-45.16642,-0.05682920599747237,-45.16642
4110,-45.16642,-0.05682920599747237,-45.16642
4111,-44.853737,-0.09222073426229759,-44.853737
4112,45.275696,0.10712765264598165,45.275696
4113,-178.2254,0.038376286913676554,-178.2254
4114,169.3695,0.07538040826637496,169.3695
4115,-175.89037,-0.02404995473609532,-175.89037
4116,-177.81535,-0.31300432205395945,-177.81535
4117,-177.41527,-0.0742390399142472,-177.41527
4118,-177.41527,-0.0742390399142472,-177.41527
4119,35.62946,0.019612844259199985,35.62946
4120,-178.04549,-0.026314527808069116,-178.04549
4121,-15.08421,0.06958178779113738,-15.08421
4122,-55.241074,0.04623235559823769,-55.241074
4123,53.723316,-0.014637068165761012,53.723316
4124,-49.018562,0.018737952123370108,-49.018562
4125,32.87572,0.0605322331344659,32.87572
4126,58.230217,-0.04936647499290391,58.230217
4127,58.18468,-0.09700549186335503,58.18468
4128,58.18468,0.004039621056586595,58.18468
4129,-55.168037,-0.0031580162586508018,-55.168037
4130,-55.450737,0.10522082805283481,-55.450737
4131,-177.7941,0.05703392722199021,-177.7941
4132,-28.306358,-8.277489389023167e-05,-28.306358
4133,46.991467,0.15000011617723424,46.991467
4134,38.32761,-0.07707850456577978,38.32761
4135,-44.81982,-0.08433837303515207,-44.81982
4136,49.126873,-0.04995472245230425,49.126873
4137,-56.17989,0.041063507854331674,-56.17989
4138,57.280956,-0.1454175175182851,57.280956
4139,59.153015,-0.04814134713493791,59.153015
4140,58.435017,0.10076539184270794,58.435017
4141,56.702465,-0.06214519070000811,56.702465
4142,55.86661,0.015166763352995747,55.86661
4143,-55.604427,-0.019542595407106414,-55.604427
4144,43.71409,0.04553195830006432,43.71409
4145,57.465714,-0.0510089053590343,57.465714
4146,57.465714,-0.008943826218152755,57.465714
4147,59.36652,-0.15489768133490586,59.36652
4148,56.08754,-0.009838390145192832,56.08754
4149,56.08754,0.006728667955405963,56.08754
4150,56.08754,-0.009838390145192832,56.08754
4151,-53.041477,-0.031815139479620454,-53.041477
4152,-55.57231,0.007647106115066567,-55.57231
4153,-55.879837,0.039834841686551326,-55.879837
4154,-55.879837,0.0625371146849762,-55.879837
4155,58.968082,-0.024468868476161948,58.968082
4156,-45.992863,-0.21944668766715295,-45.992863
4157,45.96726,0.09309269122112847,45.96726
4158,-175.03087,-0.2239541058815415,-175.03087
4159,172.86938,0.1175880271114301,172.86938
4160,172.86938,0.1175880271114301,172.86938
4161,-176.23997,-0.028411098117948366,-176.23997
4162,50.85156,0.016342992694811032,50.85156
4163,32.70926,0.10451414222814018,32.70926
4164,-7.5877833,-0.0687348027231237,-7.5877833
4165,34.89659,0.0836173072901673,34.89659
4166,59.167774,-0.08399605054858138,59.167774
4167,59.167774,-0.06625646854765482,59.167774
4168,59.167774,-0.08399605054858138,59.167774
4169,59.167774,-0.08399605054858138,59.167774
4170,59.167774,-0.06625646854765482,59.167774
4171,59.167774,-0.06625646854765482,59.167774
4172,-54.282837,0.020385170395415972,-54.282837
4173,-57.680927,-0.061084978143362854,-57.680927
4174,58.87573,-0.049877679475983296,58.87573
4175,59.731544,-0.019996578736888378,59.731544
4176,59.731544,-0.019996578736888378,59.731544
4177,59.731544,-0.019996578736888378,59.731544
4178,59.731544,-0.019996578736888378,59.731544
4179,55.87009,0.11864587631153631,55.87009
4180,56.70318,-0.04463264454126655,56.70318
4181,62.128613,0.1019451866452647,62.128613
4182,-177.63844,-0.19195674238806026,-177.63844
4183,-177.63844,-0.19195674238806026,-177.63844
4184,45.020638,0.15062000791097313,45.020638
4185,57.72631,0.10239834322000257,57.72631
4186,-53.39424,-0.07550315220599782,-53.39424
4187,-53.40117,-0.07940865032825722,-53.40117
4188,-53.44924,0.026962976809639626,-53.44924
4189,58.828434,-0.0005295612986784366,58.828434
4190,55.822765,-0.05704633042085955,55.822765
4191,-56.00766,0.03786409531105751,-56.00766
4192,31.76773,0.024424034971240842,31.76773
4193,175.18379,0.19332426017500454,175.18379
4194,-175.79105,-0.08655014777577356,-175.79105
4195,57.856735,-0.062251930118246576,57.856735
4196,45.171074,0.062186906587483284,45.171074
4197,-45.21867,-0.027680315981219807,-45.21867
4198,-34.30624,0.046860135279323464,-34.30624
4199,-42.280006,-0.046414469344098194,-42.280006
4200,-42.280006,-0.046414469344098194,-42.280006
4201,52.069576,-0.025763467655270454,52.069576
4202,-53.651646,-0.047174399305547426,-53.651646
4203,45.001568,0.059375727472295386,45.001568
4204,47.323315,-0.08340844850476924,47.323315
4205,-47.44219,0.024110324653612403,-47.44219
4206,-37.220657,0.04032565505630054,-37.220657
4207,178.8494,0.06923100619429749,178.8494
4208,9.194312,-0.030918399752294927,9.194312
4209,-66.475426,-0.07062548710811552,-66.475426
4210,60.33325,0.15166155770901538,60.33325
4211,-34.614628,0.13179236039336278,-34.614628
4212,54.791325,0.007847293264872159,54.791325
4213,30.01475,0.08821607437962309,30.01475
4214,48.181355,0.009968187063595904,48.181355
4215,56.006092,-0.0010681045413283904,56.006092
4216,-57.61924,-0.038690215119347116,-57.61924
4217,-53.917465,0.0015199861590751967,-53.917465
4218,-3.0447311,-0.0167163633648228,-3.0447311
4219,46.597557,0.10693364475709348,46.597557
4220,-36.534718,0.0051180220213846855,-36.534718
4221,-158.85374,-0.04822264140870206,-158.85374
4222,-176.64003,-0.06322343680054864,-176.64003
4223,-177.32211,-0.19172120100820875,-177.32211
4224,42.92102,0.0801986040288422,42.92102
4225,-64.75166,-0.1079817269537983,-64.75166
4226,-64.82782,-0.10808827455853304,-64.82782
4227,-45.020275,-0.05722891683789509,-45.020275
4228,53.41599,0.020474225023179585,53.41599
4229,58.292366,0.009001864590842292,58.292366
4230,-32.349945,0.05606251044966142,-32.349945
4231,-34.500496,-0.00028669820744392505,-34.500496
4232,55.332294,0.031095564473921533,55.332294
4233,-50.24799,-0.051045470723586,-50.24799
4234,33.942356,-0.008499987347147357,33.942356
4235,-45.311733,-0.030374972300158797,-45.311733
4236,175.74686,0.02867600368929525,175.74686
4237,177.27266,-0.20122877051942678,177.27266
4238,49.588608,0.205353649777504,49.588608
4239,-26.353716,0.02085584995788642,-26.353716
4240,-28.600758,-0.03542641577917062,-28.600758
4241,-43.578262,0.013447103825449152,-43.578262
4242,-18.67575,-0.03327245545197208,-18.67575
4243,-25.56743,0.009505920386138728,-25.56743
4244,55.903217,-0.014494141828588145,55.903217
4245,35.669,0.024728314538607445,35.669
4246,57.682808,0.020188126588465506,57.682808
4247,-18.439674,-0.032046406065181304,-18.439674
4248,-53.036358,-0.10290639382377051,-53.036358
4249,44.704147,0.11076174566676626,44.704147
4250,32.829144,0.13457890478135265,32.829144
4251,44.670113,0.12729595675868252,44.670113
4252,-36.21262,0.04498791180740043,-36.21262
4253,169.45232,0.07509396405759661,169.45232
4254,22.220785,0.023331495909749797,22.220785
4255,-35.22105,0.09092119182999954,-35.22105
4256,-178.14612,-0.05956610293017487,-178.14612
4257,27.679544,0.017682930267766656,27.679544
4258,12.587738,0.009338110597293246,12.587738
4259,27.565155,0.04193050428684243,27.565155
4260,34.754047,0.1040716774100882,34.754047
4261,34.865097,0.041240071193991396,34.865097
4262,47.180305,0.10224147411099956,47.180305
4263,45.56025,0.1242343900812534,45.56025
4264,58.520206,0.013934235150120312,58.520206
4265,58.494637,0.02946801047595987,58.494637
4266,-51.967133,-0.07351333666468901,-51.967133
4267,49.61048,-0.028582869270513206,49.61048
4268,-49.61048,0.003516691729244893,-49.61048
4269,-49.61048,-0.011537557103246183,-49.61048
4270,-54.238304,0.07097942586341856,-54.238304
4271,34.491833,0.018814251281907696,34.491833
4272,47.040203,0.16652251594854,47.040203
4273,-177.64769,-0.3012488840688576,-177.64769
4274,-176.44305,-0.18415046156504508,-176.44305
4275,-178.06682,-0.17570242061607094,-178.06682
4276,-46.59401,0.014040902918082857,-46.59401
4277,49.444996,0.2031884920624789,49.444996
4278,-53.189487,-0.0387246995639221,-53.189487
4279,-53.189487,-0.0387246995639221,-53.189487
4280,-56.432594,-0.0035328692021251453,-56.432594
4281,-55.00928,0.09197197103708833,-55.00928
4282,-56.50194,-0.11693076117486063,-56.50194
4283,-42.1332,0.049581210463495076,-42.1332
4284,-57.5744,0.003884446434922487,-57.5744
4285,-57.352386,-0.031057293986499104,-57.352386
4286,-54.07877,0.028527400937357297,-54.07877
4287,55.7785,-0.008223322861391621,55.7785
4288,-41.17807,-0.0743718769594757,-41.17807
4289,42.18965,0.019566587036693242,42.18965
4290,38.8765,0.11443934789461147,38.8765
4291,57.218746,0.04651150718950811,57.218746
4292,-26.449688,-0.04878199418679682,-26.449688
4293,24.858414,-0.08389449147220202,24.858414
4294,-17.45335,0.04346966524331872,-17.45335
4295,9.63974,-0.023727934317839452,9.63974
4296,-34.662125,0.03471206119672995,-34.662125
4297,45.99215,0.04144295446351813,45.99215
4298,8.407761,-0.03322224629169883,8.407761
4299,59.314087,-0.04684431871181262,59.314087
4300,57.52485,-0.03444781044643216,57.52485
4301,-57.443863,0.07613440551622737,-57.443863
4302,56.356598,-0.005945241285464875,56.356598
4303,45.035294,-0.012763534952740383,45.035294
4304,33.410072,0.03655161139998288,33.410072
4305,28.11244,-0.013907578576650623,28.11244
4306,-55.28094,0.009794415156280888,-55.28094
4307,59.968304,-0.06693357554496857,59.968304
4308,58.036617,-0.03695721667429168,58.036617
4309,59.220222,-0.08320797472764932,59.220222
4310,-62.38972,0.06765959032216665,-62.38972
4311,58.95779,-0.0350995318381865,58.95779
4312,58.803036,0.06833705780987498,58.803036
4313,58.803036,0.06833705780987498,58.803036
4314,56.293266,-0.03812233364639852,56.293266
4315,-53.619953,0.031681609564124226,-53.619953
4316,42.492626,0.06791505352317019,42.492626
4317,-42.742508,-0.018625638698562277,-42.742508
4318,-53.4968,-0.010396133866221385,-53.4968
4319,-53.199963,-0.012497038072874502,-53.199963
4320,-53.766964,-0.08019239979782208,-53.766964
4321,32.555485,0.05636452744572919,32.555485
4322,56.61906,-0.04354467738855755,56.61906
4323,-52.395557,0.06785154889598767,-52.395557
4324,50.99744,-0.003140947523745255,50.99744
4325,56.36775,-0.023374205208798706,56.36775
4326,45.117912,0.06869634191188477,45.117912
4327,45.117912,0.06869634191188477,45.117912
4328,-43.80262,-0.0038516382039634426,-43.80262
4329,-43.80262,-0.0038516382039634426,-43.80262
4330,-173.37413,-0.17388143157261876,-173.37413
4331,38.11879,-0.09347244337066614,38.11879
4332,56.791054,0.07313264436253125,56.791054
4333,-52.085125,-0.04198692981097414,-52.085125
4334,55.833992,-0.017559061296826564,55.833992
4335,55.833992,0.04904615675754112,55.833992
4336,46.146416,0.004866519663783182,46.146416
4337,169.47519,0.2584889345781064,169.47519
4338,56.50204,-0.04918434132305302,56.50204
4339,55.860626,-0.07457232343881412,55.860626
4340,56.5207,0.015287042763820601,56.5207
4341,60.16258,0.00496804862752936,60.16258
4342,60.16258,0.00496804862752936,60.16258
4343,60.16258,0.00496804862752936,60.16258
4344,-53.604248,0.03082973609095218,-53.604248
4345,-27.214386,-0.0540759936504117,-27.214386
4346,56.03124,0.04659366049186321,56.03124
4347,32.431362,0.09237617736853929,32.431362
4348,55.730453,0.031642835421075786,55.730453
4349,44.831585,0.03126907382910831,44.831585
4350,-44.03727,0.044999257297794235,-44.03727
4351,45.316345,0.03890256488629552,45.316345
4352,-44.049736,-0.06680060291429805,-44.049736
4353,-39.93665,0.04094755068882094,-39.93665
4354,43.343815,0.02815012888354137,43.343815
4355,-51.381798,0.0324898286440184,-51.381798
4356,45.676373,-0.003952692967567229,45.676373
4357,-175.70306,-0.09850187944335417,-175.70306
4358,-16.016317,-0.04340722038853435,-16.016317
4359,53.74315,0.12586383732856746,53.74315
4360,53.74315,0.12586383732856746,53.74315
4361,53.74315,0.12586383732856746,53.74315
4362,-177.72406,-0.19595460831688175,-177.72406
4363,39.720802,-0.07362091021184428,39.720802
4364,-55.77435,0.03687774109920411,-55.77435
4365,57.191666,0.03852656456452597,57.191666
4366,-61.003258,-0.023401895968807113,-61.003258
4367,52.22812,0.00029770717255838823,52.22812
4368,55.50385,0.0018306673647707772,55.50385
4369,56.925774,-0.00578459676091017,56.925774
4370,28.380585,-0.024128455942122238,28.380585
4371,-29.323452,-0.00246509004504186,-29.323452
4372,-24.804258,-0.038781952860711996,-24.804258
4373,57.64298,-0.026103496183513583,57.64298
4374,60.96255,-0.010939232637991783,60.96255
4375,58.512825,-0.03472079495180333,58.512825
4376,48.7222,0.08822821948278481,48.7222
4377,1.6846557,-0.0062009453632044425,1.6846557
4378,57.014847,0.04893072456217961,57.014847
4379,-43.716858,-0.008669594146792161,-43.716858
4380,59.114647,-0.01760111524367615,59.114647
4381,56.44476,0.0034585261989482172,56.44476
4382,55.53862,-0.07541768438603605,55.53862
4383,30.476852,0.0560184523793031,30.476852
4384,27.604998,-0.034326473298509866,27.604998
4385,-177.83891,-0.04984522518277929,-177.83891
4386,-50.42708,-0.06896090894454439,-50.42708
4387,-177.24562,-0.2710002400680694,-177.24562
4388,53.91917,0.004253565996991579,53.91917
4389,60.995567,-0.06906423544652712,60.995567
4390,176.81079,0.193266062414554,176.81079
4391,47.188725,0.1870786775605789,47.188725
4392,169.20311,0.09215423722941152,169.20311
4393,-46.57089,0.05672920325748861,-46.57089
4394,-177.87971,-0.0271489371303387,-177.87971
4395,-55.141083,0.009664811977211741,-55.141083
4396,61.364662,-0.03932632057403896,61.364662
4397,56.129612,-0.06628407864439796,56.129612
4398,176.93251,-0.2143418774798859,176.93251
4399,-178.06055,0.08957953428926212,-178.06055
4400,-178.06055,0.08957953428926212,-178.06055
4401,169.50261,0.19937785079327547,169.50261
4402,169.50261,0.19937785079327547,169.50261
4403,-175.86867,-0.09026333784268414,-175.86867
4404,-176.02766,-0.13387889633680483,-176.02766
4405,176.6224,0.2773946615225261,176.6224
4406,50.17256,-0.04761475662441641,50.17256
4407,-4.4018364,-0.07877823523376229,-4.4018364
4408,56.101936,0.030166118548429835,56.101936
4409,58.1506,-0.11430320156924179,58.1506
4410,54.864216,0.060505251049215295,54.864216
4411,-44.26446,0.12270378258597896,-44.26446
4412,-56.45005,0.031841308820095955,-56.45005
4413,-31.461187,0.1347771474582958,-31.461187
4414,-31.590656,0.07672855466967314,-31.590656
4415,56.61903,0.06529178680543239,56.61903
4416,-54.279823,-0.005101188350701284,-54.279823
4417,60.23962,-0.022617710318368872,60.23962
4418,44.548153,0.029852899483242445,44.548153
4419,44.548153,0.029852899483242445,44.548153
4420,-44.09524,0.004720235542493191,-44.09524
4421,-44.242695,-0.022689388906820467,-44.242695
4422,-28.961704,0.11063933042300951,-28.961704
4423,-163.81587,-0.15688939680999034,-163.81587
4424,-163.81587,-0.15688939680999034,-163.81587
4425,45.322556,-0.06032339921153184,45.322556
4426,45.322556,-0.06032339921153184,45.322556
4427,-44.99874,-0.10922270245200784,-44.99874
4428,-44.99874,-0.10922270245200784,-44.99874
4429,-51.875298,-0.1319553166716366,-51.875298
4430,-51.875298,-0.1319553166716366,-51.875298
4431,27.376387,-0.08307006893624917,27.376387
4432,27.697266,-0.015467988133506295,27.697266
4433,-50.70679,-0.06571305009046585,-50.70679
4434,36.97725,-0.04417146910432035,36.97725
4435,37.56343,-0.1395822148230826,37.56343
4436,35.60601,-0.0745362294558923,35.60601
4437,-52.09111,0.005981856783368757,-52.09111
4438,-52.070065,-0.029908546696176687,-52.070065
4439,32.769054,0.10610632539876533,32.769054
4440,27.849787,-0.0636961986413764,27.849787
4441,-61.18622,0.02907399609647985,-61.18622
4442,55.21392,-0.005895908597602594,55.21392
4443,-59.49863,-0.0706183467453418,-59.49863
4444,55.46862,-0.0368178549204353,55.46862
4445,177.39836,-0.0457207474147724,177.39836
4446,58.36915,-0.021907173623433467,58.36915
4447,58.36915,-0.021907173623433467,58.36915
4448,-58.22072,-0.01694439679985715,-58.22072
4449,-52.892944,-0.032318425742778656,-52.892944
4450,-54.957043,-0.056718312654026645,-54.957043
4451,27.544836,0.0953976921314508,27.544836
4452,56.417515,0.002574676339017763,56.417515
4453,58.17445,-0.0332398275318321,58.17445
4454,56.255848,-0.0010425942887853827,56.255848
4455,-40.41485,-0.06682585810877006,-40.41485
4456,-45.7457,-0.08100729816203651,-45.7457
4457,44.77478,0.14224607930479924,44.77478
4458,-36.20286,0.10700428094193841,-36.20286
4459,44.523773,-0.029830676437401973,44.523773
4460,-46.848232,-0.12175135133346221,-46.848232
4461,-38.961605,0.09353957184211856,-38.961605
4462,-42.514824,0.01135915632793326,-42.514824
4463,48.691402,-0.06006964147920733,48.691402
4464,-50.733414,-0.05471254150072169,-50.733414
4465,-50.733414,-0.05471254150072169,-50.733414
4466,38.221405,0.01755598169317547,38.221405
4467,53.760105,0.07269813259239086,53.760105
4468,35.11528,0.05851240856836554,35.11528
4469,38.221405,0.01755598169317547,38.221405
4470,35.11528,0.05851240856836554,35.11528
4471,160.44978,0.13725998112861648,160.44978
4472,0.6239025,-0.08894651928880996,0.6239025
4473,-178.09732,0.02869607372471479,-178.09732
4474,57.842327,-0.08430237471280846,57.842327
4475,56.426357,-0.016650899801993028,56.426357
4476,53.897625,0.004736096216431754,53.897625
4477,-53.897404,-0.03698757868545102,-53.897404
4478,59.986492,0.08296428414267336,59.986492
4479,30.694944,0.06832363495717948,30.694944
4480,50.01035,-0.07940334152285089,50.01035
4481,51.7818,-0.03620716672080023,51.7818
4482,32.91835,-0.0001309545978727877,32.91835
4483,32.750893,0.029470508822305227,32.750893
4484,-163.70015,-0.18135636330684762,-163.70015
4485,-163.70015,-0.18135636330684762,-163.70015
4486,-59.500206,0.14160102688686427,-59.500206
4487,-177.55916,-0.1300339926048294,-177.55916
4488,-46.083206,-0.17184254588834105,-46.083206
4489,-46.49429,-0.06150625069985804,-46.49429
4490,-15.915053,-0.08439474778303029,-15.915053
4491,-19.889141,-0.02271475426316405,-19.889141
4492,55.00825,0.025498205359805598,55.00825
4493,59.84121,0.03247277575182146,59.84121
4494,59.57044,-0.10090439863458456,59.57044
4495,59.57044,-0.06185878309976702,59.57044
4496,-62.812786,-0.004201771211359717,-62.812786
4497,57.77913,0.026163480562636933,57.77913
4498,58.048214,-0.012415763757210275,58.048214
4499,-57.391514,0.0076605807773955465,-57.391514
4500,58.386932,0.02471416605507899,58.386932
4501,34.47805,0.1419780801067665,34.47805
4502,34.47805,0.1419780801067665,34.47805
4503,-177.61583,-0.2023703419195787,-177.61583
4504,12.606972,0.021099664034536832,12.606972
4505,54.77569,0.021403591699126718,54.77569
4506,55.557083,-0.02252139624015328,55.557083
4507,-43.09141,-0.08850744124259247,-43.09141
4508,-45.072395,0.058265602508461856,-45.072395
4509,45.161854,-0.0492380046580998,45.161854
4510,-53.362446,0.023817358893412216,-53.362446
4511,55.01277,0.1312310302135148,55.01277
4512,-55.022034,-2.2313536266995587e-05,-55.022034
4513,-50.799065,-0.14957759329755,-50.799065
4514,-50.799065,-0.19843807918000586,-50.799065
4515,59.3039,0.0011958831345981477,59.3039
4516,-53.241627,-0.10160614974840194,-53.241627
4517,-53.97212,0.1200266406913215,-53.97212
4518,56.793575,0.018560367679195982,56.793575
4519,-54.03736,0.022018821881464132,-54.03736
4520,55.488297,0.12532298901031438,55.488297
4521,16.434456,0.008348648347821681,16.434456
4522,31.955309,0.00965413916080698,31.955309
4523,47.118736,0.14533514334606748,47.118736
4524,56.578594,-0.012304575060663975,56.578594
4525,58.06479,-0.03242879898320433,58.06479
4526,43.699867,0.06428784599757464,43.699867
4527,-58.083725,0.07456352684849395,-58.083725
4528,-3.6275218,0.04421889677404945,-3.6275218
4529,50.13219,0.041086731183690786,50.13219
4530,55.788773,-0.04495994057267012,55.788773
4531,-29.939388,0.04443749460175034,-29.939388
4532,-55.08371,-0.011192663741677591,-55.08371
4533,55.53531,-0.007265456052752291,55.53531
4534,34.70866,-0.011519067788793674,34.70866
4535,55.066586,0.12245700134140661,55.066586
4536,61.786095,-0.05890948465313617,61.786095
4537,-44.718685,-0.059686885217081175,-44.718685
4538,57.751385,-0.09852996186684532,57.751385
4539,177.04547,0.08439042659785385,177.04547
4540,-43.82942,0.025180453513152457,-43.82942
4541,-43.82942,0.025180453513152457,-43.82942
4542,41.373367,0.012328166837958376,41.373367
4543,41.373367,0.012328166837958376,41.373367
4544,-178.06297,-0.14952679753487283,-178.06297
4545,50.811745,-0.017023973298167405,50.811745
4546,44.1417,0.0255759105430023,44.1417
4547,-31.839548,0.006185813644287313,-31.839548
4548,-29.219639,0.018385680100632115,-29.219639
4549,30.34765,0.02930218830751519,30.34765
4550,26.157415,0.15690595433616586,26.157415
4551,57.833443,-0.03928597877989795,57.833443
4552,-13.9607725,0.016662366118476747,-13.9607725
4553,44.55128,0.08090027455758167,44.55128
4554,59.72091,-0.014167635889690795,59.72091
4555,-172.84656,-0.09637040824886055,-172.84656
4556,-38.950344,0.005379716855533438,-38.950344
4557,35.239628,-0.11681661483496524,35.239628
4558,-27.04411,0.05066400861359489,-27.04411
4559,-62.7665,-0.23539723489244477,-62.7665
4560,26.179152,0.04976083823777008,26.179152
4561,-52.928745,-0.10003733717288492,-52.928745
4562,48.20603,0.07733700597572446,48.20603
4563,56.84403,-0.03451657835228748,56.84403
4564,56.402985,-0.026881152937804832,56.402985
4565,58.68961,-0.03655505134306271,58.68961
4566,-54.05632,0.041237983652093566,-54.05632
4567,-53.770313,-0.01857625680778345,-53.770313
4568,-42.425762,-0.02462879855363108,-42.425762
4569,30.266565,0.11860740759931442,30.266565
4570,-48.34497,-0.12037770945487325,-48.34497
4571,53.150394,0.12283297203364528,53.150394
4572,-5.8436766,-0.05165159794089205,-5.8436766
4573,0.5119526,0.002870060477074171,0.5119526
4574,32.094765,0.03593651854168931,32.094765
4575,-26.971256,-0.027681743781233677,-26.971256
4576,60.452812,0.04260433864423805,60.452812
4577,-57.362892,0.059234247728473674,-57.362892
4578,58.637253,-0.08809245437130803,58.637253
4579,59.64794,-0.11143221895736478,59.64794
4580,-175.2616,-0.08698857333019923,-175.2616
4581,51.092587,0.02945863912020354,51.092587
4582,22.630707,0.026331200610638567,22.630707
4583,-51.449234,-0.07103473238119944,-51.449234
4584,42.737846,0.1423739237889508,42.737846
4585,36.112446,-0.015086918855020207,36.112446
4586,39.362278,-0.10365077959837146,39.362278
4587,-25.917755,0.02929428795264645,-25.917755
4588,-52.468372,-0.1125828884909121,-52.468372
4589,-52.04042,0.055659218666602825,-52.04042
4590,56.411125,-0.018812203593319074,56.411125
4591,47.39739,-0.04200102229377714,47.39739
4592,61.001015,-0.054747861441003604,61.001015
4593,57.720886,0.01832374057134228,57.720886
4594,59.988064,0.024280064570247215,59.988064
4595,-55.163754,0.03182772102606637,-55.163754
4596,-60.48213,0.11355800774696123,-60.48213
4597,-167.48854,-0.2708791497556978,-167.48854
4598,10.243575,0.04218256841528871,10.243575
4599,51.332905,-0.05038603626510481,51.332905
4600,10.753534,0.036624742325121626,10.753534
4601,62.476875,0.13553714804356543,62.476875
4602,-43.655445,0.009253491125434004,-43.655445
4603,39.215687,0.014411928238453477,39.215687
4604,39.215687,0.014411928238453477,39.215687
4605,29.29728,0.009563812794288154,29.29728
4606,-37.00227,0.0430502523739815,-37.00227
4607,33.574646,0.043216231028469276,33.574646
4608,27.545681,0.013693178506401314,27.545681
4609,34.89437,-0.049709731137636805,34.89437
4610,-60.95675,0.053720038584494194,-60.95675
4611,28.7592,-0.004874856366356961,28.7592
4612,55.23766,0.029725956286024233,55.23766
4613,-55.23766,-0.016614492422184955,-55.23766
4614,-55.23766,-0.016614492422184955,-55.23766
4615,58.766148,-0.021516888753054665,58.766148
4616,57.36247,0.013549323449096895,57.36247
4617,57.36247,-0.00910501943769065,57.36247
4618,57.36247,0.015893545449093743,57.36247
4619,43.75326,0.06419123441130281,43.75326
4620,59.326206,0.012428760059538774,59.326206
4621,59.326206,0.012428760059538774,59.326206
4622,-57.416176,0.047855486155520266,-57.416176
4623,-53.45673,0.012338142343156298,-53.45673
4624,44.20598,0.04783688177338366,44.20598
4625,57.49394,0.0300432741932426,57.49394
4626,45.266647,0.2588018854040293,45.266647
4627,-56.042015,0.014740556905139552,-56.042015
4628,-54.209152,0.006818889107005808,-54.209152
4629,49.87476,0.08599994165627177,49.87476
4630,46.27331,-0.04352205690788641,46.27331
4631,57.622086,-0.03400276764021986,57.622086
4632,-46.82686,0.15119356560150227,-46.82686
4633,-46.82686,0.15119356560150227,-46.82686
4634,-46.82686,0.15119356560150227,-46.82686
4635,44.51575,0.05554462731521572,44.51575
4636,44.51575,0.05554462731521572,44.51575
4637,44.53938,0.06211127650468153,44.53938
4638,-34.73892,0.08156967439251776,-34.73892
4639,43.96073,0.010138401204298214,43.96073
4640,43.57712,0.05507713796102104,43.57712
4641,-47.999973,0.2036221377725759,-47.999973
4642,56.134686,-0.045247265228532785,56.134686
4643,-56.61583,-0.034735472968521114,-56.61583
4644,58.57114,0.010028599412270606,58.57114
4645,-36.284523,0.004435608313434748,-36.284523
4646,43.829586,-0.046114148282983075,43.829586
4647,43.829586,-0.046114148282983075,43.829586
4648,-43.9339,-0.05838995697251219,-43.9339
4649,-43.9339,-0.05838995697251219,-43.9339
4650,-44.417946,-0.026416061894664784,-44.417946
4651,-43.179752,0.04627046050305755,-43.179752
4652,59.38706,-0.04723755586560762,59.38706
4653,45.77172,-0.2596163423856876,45.77172
4654,50.811474,0.1999323039672251,50.811474
4655,-55.3378,0.023375854134764056,-55.3378
4656,43.130608,-0.023696268011871694,43.130608
4657,57.976543,-0.016067676248862003,57.976543
4658,58.961575,0.04938745627793344,58.961575
4659,48.186287,0.02082754021587894,48.186287
4660,35.24373,0.016888445168818104,35.24373
4661,-49.33876,0.007867648998554707,-49.33876
4662,178.196,0.25735223318681244,178.196
4663,177.28465,0.2348855900759839,177.28465
4664,28.393675,0.05742329850124042,28.393675
4665,-39.720093,0.031567960669854296,-39.720093
4666,-39.720093,0.031567960669854296,-39.720093
4667,34.912144,-0.0011213001485085661,34.912144
4668,176.61465,0.006225026073597558,176.61465
4669,62.0985,-0.045027697288845994,62.0985
4670,58.07001,-0.02024666639244679,58.07001
4671,56.771873,0.03409991879305071,56.771873
4672,-57.13491,-0.19254111340507485,-57.13491
4673,-51.915688,0.05465006439746335,-51.915688
4674,51.161068,-0.04138380016884751,51.161068
4675,50.86732,0.02701132632636223,50.86732
4676,56.96255,0.029606988697984116,56.96255
4677,53.352985,0.08292160530051376,53.352985
4678,-37.633724,0.022819316253734553,-37.633724
4679,56.37505,0.015161675763423258,56.37505
4680,57.02378,0.019809622540477512,57.02378
4681,-54.67062,0.01905057451171429,-54.67062
4682,54.76009,-0.024236416491997825,54.76009
4683,59.712997,-0.0905711525829524,59.712997
4684,58.66237,0.02512086528519872,58.66237
4685,43.330383,0.030492327652472898,43.330383
4686,-53.96688,-0.15187329487188356,-53.96688
4687,57.394493,-0.031242199480723595,57.394493
4688,57.734737,0.02908149366676467,57.734737
4689,61.21633,0.05486305454928595,61.21633
4690,61.21633,0.05486305454928595,61.21633
4691,56.10196,-0.02108145784738022,56.10196
4692,57.445568,-0.043947996314861903,57.445568
4693,57.569168,-0.021252554226031353,57.569168
4694,-55.938393,0.00752645409001148,-55.938393
4695,-55.78792,0.03395892298083751,-55.78792
4696,57.544594,0.05633395633715952,57.544594
4697,57.544594,-0.015896869492461028,57.544594
4698,57.544594,0.05633395633715952,57.544594
4699,57.544594,0.007827406497582949,57.544594
4700,59.51634,-0.06441816128151605,59.51634
4701,-54.926777,-0.02756909940695027,-54.926777
4702,-54.926777,-0.02756909940695027,-54.926777
4703,-54.926777,-0.0017970253572825354,-54.926777
4704,56.283752,-0.07931823718305729,56.283752
4705,-53.957767,-0.0008642997724396402,-53.957767
4706,56.458668,-0.03815602629015238,56.458668
4707,-55.42858,-0.0021813691974095395,-55.42858
4708,55.42858,0.03265151980630007,55.42858
4709,59.616314,-0.006720154339611882,59.616314
4710,55.951103,0.032193455710563534,55.951103
4711,-51.693954,-0.06774321186416242,-51.693954
4712,53.105377,-0.004561907475083268,53.105377
4713,53.105377,-0.030229211954951214,53.105377
4714,53.105377,-0.004561907475083268,53.105377
4715,55.385868,-0.012912679546469099,55.385868
4716,-44.077557,0.06017129681208271,-44.077557
4717,-60.500984,-0.008880956571205327,-60.500984
4718,-55.336967,0.026409420731191596,-55.336967
4719,57.57395,0.043512330340406205,57.57395
4720,57.758327,-0.033288240467332954,57.758327
4721,57.954227,-0.0408593958330072,57.954227
4722,57.357517,-0.025402333221659086,57.357517
4723,59.15575,-0.09830274203467762,59.15575
4724,59.32311,0.026311391243415028,59.32311
4725,56.153988,0.025065102396715288,56.153988
4726,60.31634,-0.010127234611869594,60.31634
4727,56.81204,-0.051240684410027174,56.81204
4728,31.899244,0.019455817049453435,31.899244
4729,53.86175,-0.071478825644038,53.86175
4730,44.303608,0.07933102490749772,44.303608
4731,176.881,-0.20397185724884695,176.881
4732,176.58788,-0.01810527512175453,176.58788
4733,51.30476,-0.08851872930426609,51.30476
4734,-54.997494,-0.05592426026663719,-54.997494
4735,47.16741,0.2515324978488044,47.16741
4736,61.56228,0.14366225909595387,61.56228
4737,-175.63313,-0.09627833152401605,-175.63313
4738,62.192276,0.03520265072875908,62.192276
4739,57.788494,0.040351716062458236,57.788494
4740,31.946514,0.06400258384345907,31.946514
4741,31.646069,0.056474595579754414,31.646069
4742,-39.782944,-0.04054484090993502,-39.782944
4743,48.327065,0.19719514472696853,48.327065
4744,43.72317,-0.05534824179172826,43.72317
4745,44.264946,-0.013494258586158043,44.264946
4746,44.386658,0.09394526466836392,44.386658
4747,-42.47559,0.03855637234768665,-42.47559
4748,45.980957,0.17309034013345814,45.980957
4749,56.038937,-0.012220958926522908,56.038937
4750,56.557884,-0.009152683428850249,56.557884
4751,-171.34279,-0.020310179231362097,-171.34279
4752,55.16761,0.17193662120359562,55.16761
4753,-57.819927,0.0039637224089809206,-57.819927
4754,0.4066188,-0.015169335724776054,0.4066188
4755,34.284798,0.0676767233699848,34.284798
4756,-48.162575,-0.05082093628313679,-48.162575
4757,26.978594,-0.010183535667316916,26.978594
4758,-59.95058,-0.020562996505598924,-59.95058
4759,-33.69041,-0.03694226930110072,-33.69041
4760,56.714245,0.08224976793082205,56.714245
4761,-26.987564,0.020525787746743462,-26.987564
4762,-16.243416,0.008208699308010657,-16.243416
4763,176.8857,-0.1111925374581506,176.8857
4764,57.510777,0.020680813444887612,57.510777
4765,53.558315,-0.030992762206750624,53.558315
4766,56.407745,-0.05118163039077078,56.407745
4767,58.981266,0.08311680419527843,58.981266
4768,-57.363064,0.02144968336955412,-57.363064
4769,58.615166,-0.03373334673258682,58.615166
4770,49.460308,0.04032156498234007,49.460308
4771,56.015438,-0.0051390680626652195,56.015438
4772,57.919037,-0.040616636608168076,57.919037
4773,58.566875,0.010294977339305237,58.566875
4774,59.263905,-0.09618101935479198,59.263905
4775,52.46626,-0.07567862031195201,52.46626
4776,57.231018,-0.007176001764260839,57.231018
4777,-56.64462,0.016916499901749964,-56.64462
4778,55.20614,-0.012248087805604699,55.20614
4779,-55.66517,-0.017593991342850585,-55.66517
4780,59.162178,-0.08133971902083095,59.162178
4781,-54.011585,-0.016334118613098976,-54.011585
4782,-54.011585,-0.016334118613098976,-54.011585
4783,58.375343,-0.025543212949192876,58.375343
4784,60.162533,-0.0784765103424999,60.162533
4785,23.090883,0.018882694010470262,23.090883
4786,-24.976547,0.010360988200907051,-24.976547
4787,57.742985,-0.01609713546971963,57.742985
4788,-53.9323,-0.017952644755685566,-53.9323
4789,34.886974,-0.038335854905633286,34.886974
4790,-55.681015,-0.010585657664799662,-55.681015
4791,46.038097,0.12083252764394423,46.038097
4792,57.495506,-0.08562225432015962,57.495506
4793,-44.81656,-0.033226980828132774,-44.81656
4794,56.93154,-0.014053747894906569,56.93154
4795,-54.894196,0.054287137621847704,-54.894196
4796,59.461132,-0.03739206221597381,59.461132
4797,44.755962,0.020089997184133204,44.755962
4798,-44.964336,-0.08871022374931174,-44.964336
4799,-164.52081,0.001969085214805289,-164.52081
4800,-43.58074,0.046380468721611966,-43.58074
4801,57.164608,-0.035662628717659184,57.164608
4802,55.597275,-0.06245338740604396,55.597275
4803,-44.55315,-0.0035757139654591483,-44.55315
4804,56.62063,0.00970992763261614,56.62063
4805,57.19264,-0.06079197009701195,57.19264
4806,56.89763,-0.045390671638679506,56.89763
4807,56.89763,-0.11209873434568501,56.89763
4808,-60.37845,0.062758535880016,-60.37845
4809,55.799915,0.022201866603539303,55.799915
4810,55.799915,0.022201866603539303,55.799915
4811,55.799915,0.022201866603539303,55.799915
4812,56.27737,-0.027020405164793846,56.27737
4813,56.27737,-0.07728095115355968,56.27737
4814,56.27737,-0.07728095115355968,56.27737
4815,56.27737,-0.027020405164793846,56.27737
4816,56.27737,-0.027020405164793846,56.27737
4817,56.96692,-0.06583899325281954,56.96692
4818,56.96692,0.007976721033783097,56.96692
4819,53.616505,0.052916594188076475,53.616505
4820,53.3632,0.013140922036406428,53.3632
4821,53.3632,0.015661354564207013,53.3632
4822,53.3632,0.013140922036406428,53.3632
4823,53.3632,0.015661354564207013,53.3632
4824,53.3632,0.015661354564207013,53.3632
4825,53.3632,0.015661354564207013,53.3632
4826,56.10989,0.002706110783868276,56.10989
4827,56.10989,0.002706110783868276,56.10989
4828,56.58347,-0.03847208989188038,56.58347
4829,55.95666,-0.012605002406058281,55.95666
4830,57.114914,-0.0057740953915957705,57.114914
4831,57.114914,-0.0057740953915957705,57.114914
4832,57.114914,-0.0057740953915957705,57.114914
4833,59.5212,-0.09307384020072518,59.5212
4834,-39.065895,-0.036148139013868125,-39.065895
4835,56.465176,0.048402618316993606,56.465176
4836,56.573555,-0.0819349394049986,56.573555
4837,-37.19451,0.03638748285132869,-37.19451
4838,-44.55315,-0.0035757139654591483,-44.55315
4839,57.19264,-0.06079197009701195,57.19264
4840,57.01594,0.0096372280022965,57.01594
4841,-56.936165,0.01852729233125147,-56.936165
4842,45.01326,0.09576811140420517,45.01326
4843,45.01326,0.09576811140420517,45.01326
4844,45.01326,0.09576811140420517,45.01326
4845,45.01326,0.09576811140420517,45.01326
4846,49.771263,0.10221867159960579,49.771263
4847,51.03405,-0.15382330577514694,51.03405
4848,43.69333,-0.06715944512034855,43.69333
4849,52.15926,-0.02019337541511034,52.15926
4850,21.618967,-0.08657978953053592,21.618967
4851,-175.58525,-0.13607748258218091,-175.58525
4852,175.0325,0.14478318383201264,175.0325
4853,177.37094,0.06742166993035775,177.37094
4854,-55.486664,-0.0004147336700322141,-55.486664
4855,51.384083,-0.014252065168718284,51.384083
4856,-42.405426,0.06274296712190522,-42.405426
4857,-42.405426,0.06274296712190522,-42.405426
4858,35.15509,0.02679033983722902,35.15509
4859,55.941414,-0.020410720631028587,55.941414
4860,55.941414,-0.020410720631028587,55.941414
4861,56.0755,-0.05461763514659038,56.0755
4862,-55.09838,0.011316012248279073,-55.09838
4863,-55.187477,-0.006545512830450565,-55.187477
4864,-50.79279,-0.14129146180136906,-50.79279
4865,-175.63957,-0.10148088835223021,-175.63957
4866,57.758553,-0.10319520152066637,57.758553
4867,57.591053,-0.04204421562147444,57.591053
4868,57.591053,-0.04204421562147444,57.591053
4869,-52.414326,-0.08783440782899928,-52.414326
4870,35.49184,0.024533261200256406,35.49184
4871,-175.61311,-0.04587852140013834,-175.61311
4872,6.688355,0.017831390984353077,6.688355
4873,33.784397,0.025606100273174066,33.784397
4874,54.78521,-0.03570411349904452,54.78521
4875,-171.55074,-0.13248183755889897,-171.55074
4876,-36.162548,0.14286173171204403,-36.162548
4877,56.1504,-0.0004660754834702116,56.1504
4878,-35.485287,0.0688753242993011,-35.485287
4879,-35.958,0.05143612238953084,-35.958
4880,-25.541336,0.04414535520927196,-25.541336
4881,-58.246284,0.02015197803739672,-58.246284
4882,41.180065,0.04634091506506506,41.180065
4883,53.962486,-0.012510570522483265,53.962486
4884,58.679955,-0.06708183560740374,58.679955
4885,-31.71909,-8.015264981091688e-05,-31.71909
4886,-30.440905,0.03528147941131723,-30.440905
4887,-33.086536,0.1065788013926797,-33.086536
4888,-55.353912,0.034211355206733615,-55.353912
4889,54.9477,-0.006772349088962835,54.9477
4890,-55.132095,0.0057484447224957335,-55.132095
4891,-55.985256,0.27888068197881594,-55.985256
4892,-53.37333,-0.013910127960481529,-53.37333
4893,26.089926,0.06310015061086634,26.089926
4894,-55.68479,0.009737838227314602,-55.68479
4895,-31.699577,-0.01467073574105564,-31.699577
4896,60.843647,-0.08559035729901546,60.843647
4897,60.843647,-0.08559035729901546,60.843647
4898,60.843647,-0.08559035729901546,60.843647
4899,38.614967,0.0648336434788631,38.614967
4900,-21.788969,0.03291157753981263,-21.788969
4901,56.225464,-0.0409055153562403,56.225464
4902,56.149475,-0.046016038489166425,56.149475
4903,-57.595505,0.02262329568078181,-57.595505
4904,-57.595505,0.061278136400096966,-57.595505
4905,-57.595505,0.02262329568078181,-57.595505
4906,-57.595505,0.061278136400096966,-57.595505
4907,-57.595505,0.061278136400096966,-57.595505
4908,60.843647,-0.08559035729901546,60.843647
4909,58.915413,-0.021109097355253563,58.915413
4910,56.384808,-0.041529981074234126,56.384808
4911,56.152145,0.03133991961675531,56.152145
4912,57.14978,-0.02403553372759545,57.14978
4913,57.14978,-0.02403553372759545,57.14978
4914,56.873684,-0.038350510573099655,56.873684
4915,-60.40008,0.0044482305204528744,-60.40008
4916,58.289703,-0.03147993775148559,58.289703
4917,59.33044,-0.05449511049349085,59.33044
4918,44.850346,0.07284963926549766,44.850346
4919,-44.375767,0.09152891256208369,-44.375767
4920,176.87453,0.1938815451942613,176.87453
4921,-43.813847,0.009367932021784457,-43.813847
4922,56.091423,0.01788382455204444,56.091423
4923,-27.729902,0.07158000596122714,-27.729902
4924,-31.731617,0.014492298650930201,-31.731617
4925,-31.731617,0.014492298650930201,-31.731617
4926,56.63212,0.024211482940011773,56.63212
4927,45.794456,-0.004726750443400904,45.794456
4928,-20.240685,0.049198378134497706,-20.240685
4929,-51.161747,-0.02340257059263914,-51.161747
4930,-175.63593,-0.23311917855775757,-175.63593
4931,-178.95848,-0.1211224793754761,-178.95848
4932,25.747814,-0.019368022234824624,25.747814
4933,-34.32582,0.03851946973864754,-34.32582
4934,41.807198,-0.012516068473432305,41.807198
4935,-49.751446,0.002503321909319107,-49.751446
4936,-55.303074,0.05342934287245485,-55.303074
4937,-55.303074,0.05342934287245485,-55.303074
4938,-50.049736,0.07736370391862363,-50.049736
4939,56.770576,0.032291110192100424,56.770576
4940,57.811153,-0.0017061007210513093,57.811153
4941,-54.102352,-0.001890717721326055,-54.102352
4942,-53.516754,0.05834483000828876,-53.516754
4943,57.349834,-0.008922969343913298,57.349834
4944,-56.350258,0.0725007644808683,-56.350258
4945,44.654858,0.0629084164539501,44.654858
4946,-50.644478,-0.14514369921094875,-50.644478
4947,177.5172,0.12878101273592232,177.5172
4948,-30.511347,0.08170354669018491,-30.511347
4949,-13.659447,0.020922666640418423,-13.659447
4950,5.4794726,0.019623947039805658,5.4794726
4951,-47.375885,-0.14785992407578574,-47.375885
4952,23.86118,0.09275668153781502,23.86118
4953,-22.338116,0.04937328268142752,-22.338116
4954,48.42015,0.06340876759634062,48.42015
4955,171.36388,0.16822336146797798,171.36388
4956,-166.8241,-0.2655566055782373,-166.8241
4957,57.9031,-0.02817819364884766,57.9031
4958,-32.15764,0.03509017692952358,-32.15764
4959,-50.06061,-0.1848662869923383,-50.06061
4960,57.822964,-0.11201382772118028,57.822964
4961,-18.906965,0.02753179047382126,-18.906965
4962,26.36267,0.013857539616289001,26.36267
4963,61.881668,-0.018653530761315547,61.881668
4964,61.881668,-0.018653530761315547,61.881668
4965,56.502224,-0.022441806246615077,56.502224
4966,57.03227,0.03689105838581762,57.03227
4967,27.097555,0.012242454610362876,27.097555
4968,31.699608,0.019524296010210968,31.699608
4969,-55.790607,0.02393040372345625,-55.790607
4970,43.8297,0.025111588875323963,43.8297
4971,176.59663,-0.041204802095423154,176.59663
4972,57.685642,-0.03955961410777157,57.685642
4973,57.009552,0.010367120436338601,57.009552
4974,56.025936,-0.04266133797413568,56.025936
4975,56.691612,-0.008952118713077661,56.691612
4976,56.68286,-0.051310411111220866,56.68286
4977,178.4996,-0.03581054219559537,178.4996
4978,178.4996,-0.03581054219559537,178.4996
4979,178.4996,-0.03581054219559537,178.4996
4980,37.398212,0.0453464035613094,37.398212
4981,-37.67808,0.16380960008513204,-37.67808
4982,62.24628,-0.08228871510864211,62.24628
4983,-51.214924,-0.10973709311546678,-51.214924
4984,61.210655,-0.02973371758352674,61.210655
4985,-55.29746,-0.008008831574718834,-55.29746
4986,61.210655,-0.02973371758352674,61.210655
4987,52.204845,-0.009763520887112135,52.204845
4988,-38.115143,0.048020950864671105,-38.115143
4989,53.929646,-0.004652636292765266,53.929646
4990,56.31603,-0.04430894495661946,56.31603
4991,55.940495,-0.02489536960995304,55.940495
4992,56.25798,-0.04017320726149473,56.25798
4993,-52.7321,-0.03534819203890556,-52.7321
4994,67.468315,-0.041016016697175826,67.468315
4995,176.93892,0.06762046155410209,176.93892
4996,-9.19476,0.02377740518977469,-9.19476
4997,-50.486458,-0.02308846109082232,-50.486458
4998,56.12593,0.07096855963363419,56.12593
4999,49.098392,-0.05418278996460139,49.098392
5000,-27.450104,0.07321343365888977,-27.450104
5001,57.31065,-0.06943147644638856,57.31065
5002,59.328403,-0.08303758023505826,59.328403
5003,-176.14037,-0.03868331845073224,-176.14037
5004,-35.88564,0.03711106498833884,-35.88564
5005,40.69183,0.02163024635965856,40.69183
5006,40.69183,0.02163024635965856,40.69183
5007,-55.82275,0.004719553660237019,-55.82275
5008,61.494278,-0.10767585045058757,61.494278
5009,-54.76746,-0.006984252445001271,-54.76746
5010,57.549397,-0.06574485938310569,57.549397
5011,-61.117332,0.04729597824333541,-61.117332
5012,-10.945957,-0.07403683947362527,-10.945957
5013,60.54651,0.02235363849735432,60.54651
5014,58.867302,0.17423908792930537,58.867302
5015,36.252327,0.04897172115474819,36.252327
5016,43.91696,0.1545256903441861,43.91696
5017,50.944874,0.1347346717052125,50.944874
5018,62.326237,-0.03944629515768246,62.326237
5019,62.546066,-0.05221633408289377,62.546066
5020,57.718952,-0.10716372597670076,57.718952
5021,57.718952,-0.10716372597670076,57.718952
5022,56.136745,-0.12060837894240957,56.136745
5023,-55.556477,-0.05183410135388115,-55.556477
5024,56.574913,-0.08844541610722008,56.574913
5025,-32.10829,0.034806847724124935,-32.10829
5026,-27.353006,0.14758655620218453,-27.353006
5027,-27.353006,0.14758655620218453,-27.353006
5028,-167.49449,-0.02782684502672148,-167.49449
5029,-31.398413,-0.04882608894373575,-31.398413
5030,48.05489,-0.04476214333215883,48.05489
5031,56.44047,-0.05132125535436886,56.44047
5032,-57.79412,0.0019064003156623222,-57.79412
5033,58.29806,0.15382694431297564,58.29806
5034,-41.701633,0.02736905869039421,-41.701633
5035,44.319263,-0.0009699114800633219,44.319263
5036,-57.657776,-0.033189938066335384,-57.657776
5037,-57.745262,-0.006942382121925215,-57.745262
5038,-58.73028,0.041216635900536466,-58.73028
5039,-58.263763,-0.03279644286563082,-58.263763
5040,61.501972,0.016720921021674412,61.501972
5041,-48.23301,-0.15590763314626796,-48.23301
5042,-44.60575,-0.03200178416833541,-44.60575
5043,-55.556,-0.02111918767687099,-55.556
5044,-175.62996,-0.04587852140013834,-175.62996
5045,-175.88414,-0.00750798772070091,-175.88414
5046,-45.48674,-0.11270873161951159,-45.48674
5047,44.22548,0.06593594520760214,44.22548
5048,-30.648933,0.05412486797827921,-30.648933
5049,-22.857714,-0.0031004820188661867,-22.857714
5050,45.059982,0.13737398231400186,45.059982
5051,-173.41292,-0.02963014686584572,-173.41292
5052,-38.216114,0.007139565230016435,-38.216114
5053,-38.216114,0.007139565230016435,-38.216114
5054,-38.216114,0.007139565230016435,-38.216114
5055,-38.216114,0.007139565230016435,-38.216114
5056,-38.216114,0.007139565230016435,-38.216114
5057,-38.216114,0.007139565230016435,-38.216114
5058,56.325287,0.03176464249802817,56.325287
5059,-48.65764,-0.12508535973222662,-48.65764
5060,48.63705,0.09142241687215817,48.63705
5061,56.97417,-0.09336876057915067,56.97417
5062,53.309216,-0.08567606830671728,53.309216
5063,56.238094,-0.05132125535436886,56.238094
5064,37.415108,-0.04311063882618849,37.415108
5065,-38.13235,0.04844888774816485,-38.13235
5066,-38.13235,0.04844888774816485,-38.13235
5067,48.91287,0.010202135134765422,48.91287
5068,-49.85621,0.21971496981607672,-49.85621
5069,-37.107124,-0.03537842460919511,-37.107124
5070,-37.107124,-0.03537842460919511,-37.107124
5071,-56.435474,-0.20551334041340286,-56.435474
5072,58.31612,-0.016913363272429136,58.31612
5073,-58.59065,0.08566375063434105,-58.59065
5074,58.902905,-0.13215718258618567,58.902905
5075,58.968296,-0.007808706011679213,58.968296
5076,25.236149,-0.08676426072102494,25.236149
5077,61.60275,0.018491675814246305,61.60275
5078,61.60275,0.018491675814246305,61.60275
5079,61.60275,0.018491675814246305,61.60275
5080,-55.167793,0.010996147029468651,-55.167793
5081,-55.167793,0.0827825647782644,-55.167793
5082,-55.167793,0.0827825647782644,-55.167793
5083,56.85309,-0.000589246427597355,56.85309
5084,55.874596,-0.024749265615505507,55.874596
5085,59.810284,-0.09799765101369733,59.810284
5086,60.35639,-0.05666677756988691,60.35639
5087,-57.273037,0.13775350362413286,-57.273037
5088,57.240597,-0.0760549077616815,57.240597
5089,56.007824,-0.0754967227639211,56.007824
5090,56.044548,-0.10516173423675643,56.044548
5091,29.78873,-0.0877290653201064,29.78873
5092,-61.414413,-0.032039813499454305,-61.414413
5093,56.24557,-0.07537478738576193,56.24557
5094,-43.849285,-0.09657765586950766,-43.849285
5095,-52.263878,-0.00979629752608464,-52.263878
5096,36.469223,0.051621554828783334,36.469223
5097,-175.97276,-0.11958512263702209,-175.97276
5098,42.358154,0.035518124950641224,42.358154
5099,42.358154,-0.0016635300891878193,42.358154
5100,42.358154,0.035518124950641224,42.358154
5101,42.358154,0.035518124950641224,42.358154
5102,42.85013,0.04243555440832445,42.85013
5103,-43.494965,-0.0019769230664241624,-43.494965
5104,47.81977,0.19227423701598398,47.81977
5105,50.621887,0.1652374589470274,50.621887
5106,42.078304,0.09106366626088312,42.078304
5107,-44.17236,-0.148572740707517,-44.17236
5108,45.328743,0.16784604361918562,45.328743
5109,-42.676983,-0.03527496562059667,-42.676983
5110,-41.230263,-0.040744972321569484,-41.230263
5111,45.247375,0.36945942869118364,45.247375
5112,-45.929665,-0.0199603437313491,-45.929665
5113,46.06001,0.1282100511278002,46.06001
5114,39.040787,0.09751459800259168,39.040787
5115,46.570934,0.04262462498167091,46.570934
5116,-40.81698,-0.010161974406181277,-40.81698
5117,-40.68651,0.012504114802140117,-40.68651
5118,43.531612,0.08371566006342009,43.531612
5119,-44.394863,-0.025390210870513866,-44.394863
5120,-45.13604,-0.06642160680758274,-45.13604
5121,43.053604,0.03575320956161663,43.053604
5122,42.672607,-0.026705271733062207,42.672607
5123,-40.869823,0.054572175653924956,-40.869823
5124,-40.869823,0.048076093909255505,-40.869823
5125,54.09852,-0.024539983161285667,54.09852
5126,41.931187,0.039339501400050346,41.931187
5127,41.974556,0.036301083217699995,41.974556
5128,-44.260452,-0.04143444768776157,-44.260452
5129,45.0273,0.02509395112283298,45.0273
5130,23.658596,-0.016843074661017147,23.658596
5131,45.790504,0.35715295460516705,45.790504
5132,-45.405476,-0.34582506374628375,-45.405476
5133,-48.847584,-0.08296234218961597,-48.847584
5134,-55.469006,-0.0526581350139961,-55.469006
5135,47.388252,0.139062832206695,47.388252
5136,48.788498,-0.031083811115442724,48.788498
5137,47.72576,0.1697500096890302,47.72576
5138,44.314438,0.05850768403196034,44.314438
5139,-60.837887,-0.04986625816695031,-60.837887
5140,50.432735,0.018209129205068293,50.432735
5141,43.750275,-0.006650453422042774,43.750275
5142,-46.48851,-0.1363065246263272,-46.48851
5143,-51.58473,-0.29961352665561236,-51.58473
5144,-50.88122,-0.10489415914252526,-50.88122
5145,44.90272,0.1738239229825526,44.90272
5146,-42.732944,-0.01908771947766998,-42.732944
5147,43.616413,0.09969983785350085,43.616413
5148,30.02293,0.2467866616539434,30.02293
5149,-53.708622,-0.29237411747456493,-53.708622
5150,19.568537,0.08226063335051155,19.568537
5151,45.159,0.3933305011760587,45.159
5152,-45.159084,-0.21771632508168473,-45.159084
5153,45.58244,0.19061078321298047,45.58244
5154,-35.80765,-0.00458541047848608,-35.80765
5155,38.215076,0.04506667465622808,38.215076
5156,-42.59278,-0.07405929193643371,-42.59278
5157,-43.19689,0.00846063418245882,-43.19689
5158,43.497856,-0.04687325468142124,43.497856
5159,44.011204,0.04735696661613498,44.011204
5160,41.5255,0.009868622903233079,41.5255
5161,43.153584,-0.0074052544846418865,43.153584
5162,43.507935,0.1628432998480208,43.507935
5163,43.54197,0.030757966020233493,43.54197
5164,46.960125,0.2061147150422577,46.960125
5165,-51.227512,-0.31461132019356464,-51.227512
5166,-51.24268,-0.05885948657162428,-51.24268
5167,48.390728,0.2058555808048644,48.390728
5168,48.35477,0.23062925574427287,48.35477
5169,-49.423386,-0.3081710786295401,-49.423386
5170,-51.261505,-0.19958973006771874,-51.261505
5171,-51.254623,-0.24589532774517045,-51.254623
5172,-51.27988,-0.21379489598077311,-51.27988
5173,-51.253857,-0.06136653598814099,-51.253857
5174,48.691418,0.21023524514529907,48.691418
5175,49.837624,0.22323471952098414,49.837624
5176,-52.3935,-0.11969706784870043,-52.3935
5177,-51.482037,-0.17485488388642412,-51.482037
5178,-51.463394,-0.15958517293108648,-51.463394
5179,-51.458344,-0.1339062167727363,-51.458344
5180,-51.47057,-0.03742089760824366,-51.47057
5181,49.018272,0.08770719726375058,49.018272
5182,-51.36825,-0.32021726438398673,-51.36825
5183,-51.327473,-0.28495431177970076,-51.327473
5184,49.982384,0.32895749002876234,49.982384
5185,-53.071983,-0.13076661644001322,-53.071983
5186,-51.58056,-0.25436290994540506,-51.58056
5187,-51.576195,-0.38732854542002626,-51.576195
5188,-51.308964,-0.0494884859168956,-51.308964
5189,-51.4437,-0.06198608112909815,-51.4437
5190,55.063904,0.12524745062903048,55.063904
5191,-38.947586,0.0564802082904922,-38.947586
5192,-51.023792,-0.0956028242118605,-51.023792
5193,-56.038033,-0.02749780348670941,-56.038033
5194,55.806858,0.1312145440660267,55.806858
5195,-50.96327,-0.07553043072096624,-50.96327
5196,54.232037,0.0014636783180976987,54.232037
5197,-54.63749,-0.08679584658311107,-54.63749
5198,54.43048,0.054579458030164216,54.43048
5199,-65.99036,-0.2891054913767576,-65.99036
5200,174.29817,0.08190129460412168,174.29817
5201,-47.14552,-0.20345866559969583,-47.14552
5202,178.47751,0.01091921213068898,178.47751
5203,178.12294,-0.09138167166332262,178.12294
