row_index,feature_value,shap_value,color_by_self
0,0.0,0.09952893181650738,0.0
1,0.0,0.09952893181650738,0.0
2,0.0,0.11010562897348725,0.0
3,0.0,0.11010562897348725,0.0
4,0.0,0.11010562897348725,0.0
5,0.0,0.14688067132086804,0.0
6,0.0,0.11246026847496898,0.0
7,0.0,0.11246026847496898,0.0
8,0.0,0.11246026847496898,0.0
9,0.0,0.11246026847496898,0.0
10,0.0,0.11246026847496898,0.0
11,0.0,0.09488984774037718,0.0
12,0.0,0.09488984774037718,0.0
13,0.0,0.09488984774037718,0.0
14,0.0,0.1748165809464628,0.0
15,0.0,0.09827089571653687,0.0
16,0.0,0.3252862224617102,0.0
17,0.0,0.14690799666124557,0.0
18,0.0,0.2439576821867224,0.0
19,0.0,0.2439576821867224,0.0
20,0.0,0.2439576821867224,0.0
21,0.0,0.2439576821867224,0.0
22,0.0,0.2439576821867224,0.0
23,0.0,0.3343899364571033,0.0
24,0.0,0.3343899364571033,0.0
25,0.0,0.2439576821867224,0.0
26,0.0,0.3343899364571033,0.0
27,0.0,0.3343899364571033,0.0
28,0.0,0.2439576821867224,0.0
29,0.0,0.2563649022168982,0.0
30,0.0,0.2563649022168982,0.0
31,0.0,0.2563649022168982,0.0
32,0.0,0.2563649022168982,0.0
33,0.0,0.26696056412774943,0.0
34,0.0,0.2563649022168982,0.0
35,0.0,0.26696056412774943,0.0
36,0.0,0.15322114663893066,0.0
37,0.0,0.2563649022168982,0.0
38,0.0,0.2563649022168982,0.0
39,0.0,0.15322114663893066,0.0
40,0.0,0.2563649022168982,0.0
41,0.0,0.13136337003577642,0.0
42,0.0,0.13136337003577642,0.0
43,0.0,0.09872649721096591,0.0
44,0.0,0.16343699815816573,0.0
45,0.0,0.08959731105803845,0.0
46,0.0,0.12418816850230291,0.0
47,0.0,0.12418816850230291,0.0
48,0.0,0.14500724071274562,0.0
49,0.0,0.10889709197771262,0.0
50,0.0,0.13828409370003766,0.0
51,0.0,0.13828409370003766,0.0
52,0.0,0.11860349473469434,0.0
53,0.0,0.10131920684464393,0.0
54,0.0,0.2341088071402127,0.0
55,0.0,0.2341088071402127,0.0
56,0.0,0.2341088071402127,0.0
57,0.0,0.1703360756273167,0.0
58,0.0,0.22485614301943996,0.0
59,0.0,0.10131093092954906,0.0
60,0.0,0.10131093092954906,0.0
61,0.0,0.13246708130192072,0.0
62,0.0,0.10352611514393875,0.0
63,0.0,0.10352611514393875,0.0
64,0.0,0.10352611514393875,0.0
65,0.0,0.10352611514393875,0.0
66,0.0,0.10352611514393875,0.0
67,0.0,0.10352611514393875,0.0
68,0.0,0.10352611514393875,0.0
69,0.0,0.10352611514393875,0.0
70,0.0,0.27312028708288616,0.0
71,0.0,0.2675330087044588,0.0
72,0.0,0.2675330087044588,0.0
73,0.0,0.2675330087044588,0.0
74,0.0,0.2582784031657191,0.0
75,0.0,0.14337223430691545,0.0
76,0.0,0.14337223430691545,0.0
77,0.0,0.14337223430691545,0.0
78,0.0,0.17514915583014803,0.0
79,0.0,0.17514915583014803,0.0
80,0.0,0.12645871194996977,0.0
81,0.0,0.12645871194996977,0.0
82,0.0,0.09830778761254319,0.0
83,0.0,0.09830778761254319,0.0
84,0.0,0.09926012957178157,0.0
85,0.0,0.09926012957178157,0.0
86,0.0,0.12089662916410394,0.0
87,0.0,0.09926012957178157,0.0
88,0.0,0.10254842018269472,0.0
89,0.0,0.23281806545549685,0.0
90,0.0,0.09636365952316897,0.0
91,0.0,0.09636365952316897,0.0
92,0.0,0.1028593934875333,0.0
93,0.0,0.16769844618564086,0.0
94,0.0,0.16769844618564086,0.0
95,0.0,0.11516479492972559,0.0
96,0.0,0.1458312313769746,0.0
97,0.0,0.1458312313769746,0.0
98,0.0,0.16362134847833196,0.0
99,0.0,0.14427199796428497,0.0
100,0.0,0.25409153892085573,0.0
101,0.0,0.1560079451183726,0.0
102,0.0,0.09645709054090706,0.0
103,0.0,0.1085384898076899,0.0
104,0.0,0.1085384898076899,0.0
105,0.0,0.19545471028327152,0.0
106,0.0,0.10548717552757231,0.0
107,0.0,0.10548717552757231,0.0
108,0.0,0.10548717552757231,0.0
109,0.0,0.12372905265140334,0.0
110,0.0,0.23397932146404948,0.0
111,0.0,0.13090175853491084,0.0
112,0.0,0.13090175853491084,0.0
113,0.0,0.08706908357761305,0.0
114,0.0,0.11662433196291226,0.0
115,0.0,0.24120496446084763,0.0
116,0.0,0.24120496446084763,0.0
117,0.0,0.10054011188712333,0.0
118,0.0,0.10054011188712333,0.0
119,0.0,0.10054011188712333,0.0
120,0.0,0.10054011188712333,0.0
121,0.0,0.10054011188712333,0.0
122,0.0,0.15998219456098506,0.0
123,0.0,0.27757934366892145,0.0
124,0.0,0.09847272178354846,0.0
125,0.0,0.10548717552757231,0.0
126,0.0,0.09827089571653687,0.0
127,0.0,0.09827089571653687,0.0
128,0.0,0.09827089571653687,0.0
129,0.0,0.15565457608114863,0.0
130,0.0,0.10292549307501897,0.0
131,0.0,0.12099143628259616,0.0
132,0.0,0.22986508282037127,0.0
133,0.0,0.14381141962989444,0.0
134,0.0,0.1472020211332359,0.0
135,0.0,0.1472020211332359,0.0
136,0.0,0.16635133568145344,0.0
137,0.0,0.16635133568145344,0.0
138,0.0,0.0990582198527628,0.0
139,0.0,0.1496442139758558,0.0
140,0.0,0.1496442139758558,0.0
141,0.0,0.1806679281034785,0.0
142,0.0,0.1806679281034785,0.0
143,0.0,0.23943169938524791,0.0
144,0.0,0.23943169938524791,0.0
145,0.0,0.10632463974785591,0.0
146,0.0,0.10632463974785591,0.0
147,0.0,0.23811703479705199,0.0
148,0.0,0.23811703479705199,0.0
149,0.0,0.11220775766841418,0.0
150,0.0,0.08464044236482537,0.0
151,0.0,0.08464044236482537,0.0
152,0.0,0.1439043809827728,0.0
153,0.0,0.15763634921942307,0.0
154,0.0,0.14389851987324356,0.0
155,0.0,0.20487543801561564,0.0
156,0.0,0.28524791865023486,0.0
157,0.0,0.2289500288916001,0.0
158,0.0,0.16909971621643674,0.0
159,0.0,0.08803301916293577,0.0
160,0.0,0.11312896740956067,0.0
161,0.0,0.11312896740956067,0.0
162,0.0,0.2195884821713982,0.0
163,0.0,0.15066827373158037,0.0
164,0.0,0.12721797208136307,0.0
165,0.0,0.09914068024024027,0.0
166,0.0,0.1580463203806624,0.0
167,0.0,0.1580463203806624,0.0
168,0.0,0.11941186592549768,0.0
169,0.0,0.28518937307342024,0.0
170,0.0,0.28518937307342024,0.0
171,0.0,0.11941186592549768,0.0
172,0.0,0.28518937307342024,0.0
173,0.0,0.14009426787292356,0.0
174,0.0,0.1207751586880587,0.0
175,0.0,0.1207751586880587,0.0
176,0.0,0.11219965408451213,0.0
177,0.0,0.11349910783922833,0.0
178,0.0,0.17648492014988437,0.0
179,0.0,0.17648492014988437,0.0
180,0.0,0.1006881177898614,0.0
181,0.0,0.1269070497399803,0.0
182,0.0,0.29824007685599,0.0
183,0.0,0.1757571211468217,0.0
184,0.0,0.29824007685599,0.0
185,0.0,0.1326925717887739,0.0
186,0.0,0.2745849124962699,0.0
187,0.0,0.2745849124962699,0.0
188,0.0,0.08645182779485813,0.0
189,0.0,0.11154777604148305,0.0
190,0.0,0.11154777604148305,0.0
191,0.0,0.11154777604148305,0.0
192,0.0,0.14307568822080424,0.0
193,0.0,0.20945758758883046,0.0
194,0.0,0.1572325116666241,0.0
195,0.0,0.1572325116666241,0.0
196,0.0,0.1572325116666241,0.0
197,0.0,0.0964152198017973,0.0
198,0.0,0.19796838891689597,0.0
199,0.0,0.23281806545549685,0.0
200,0.0,0.23281806545549685,0.0
201,0.0,0.15902573047889865,0.0
202,0.0,0.09562156638882716,0.0
203,0.0,0.09579666526973103,0.0
204,0.0,0.1795418162508746,0.0
205,0.0,0.16160810581063392,0.0
206,0.0,0.08205883592355152,0.0
207,0.0,0.16160810581063392,0.0
208,0.0,0.16160810581063392,0.0
209,0.0,0.11998981288296542,0.0
210,0.0,0.11998981288296542,0.0
211,0.0,0.10112860384422853,0.0
212,0.0,0.22318644606276145,0.0
213,0.0,0.22318644606276145,0.0
214,0.0,0.22318644606276145,0.0
215,0.0,0.22496018674849536,0.0
216,0.0,0.22496018674849536,0.0
217,0.0,0.21073817122016333,0.0
218,0.0,0.19444217277940906,0.0
219,0.0,0.19444217277940906,0.0
220,0.0,0.19444217277940906,0.0
221,0.0,0.19444217277940906,0.0
222,0.0,0.19444217277940906,0.0
223,0.0,0.19444217277940906,0.0
224,0.0,0.09192840563381305,0.0
225,0.0,0.09192840563381305,0.0
226,0.0,0.09192840563381305,0.0
227,0.0,0.2016674578023489,0.0
228,0.0,0.14826066700450966,0.0
229,0.0,0.16631874908351735,0.0
230,0.0,0.16028648353933528,0.0
231,0.0,0.16028648353933528,0.0
232,0.0,0.16028648353933528,0.0
233,0.0,0.16028648353933528,0.0
234,0.0,0.16028648353933528,0.0
235,0.0,0.16028648353933528,0.0
236,0.0,0.10272083124440581,0.0
237,0.0,0.15716290825187912,0.0
238,0.0,0.16965653790086221,0.0
239,0.0,0.1310401270572239,0.0
240,0.0,0.09346289349568035,0.0
241,0.0,0.21886068430640573,0.0
242,0.0,0.21886068430640573,0.0
243,0.0,0.21886068430640573,0.0
244,0.0,0.21886068430640573,0.0
245,0.0,0.193678007022912,0.0
246,0.0,0.1077150817955525,0.0
247,0.0,0.1077150817955525,0.0
248,0.0,0.1077150817955525,0.0
249,0.0,0.29880185623415706,0.0
250,0.0,0.29880185623415706,0.0
251,0.0,0.29880185623415706,0.0
252,0.0,0.29880185623415706,0.0
253,0.0,0.29880185623415706,0.0
254,0.0,0.1263962771373219,0.0
255,0.0,0.1263962771373219,0.0
256,0.0,0.1000966870024956,0.0
257,0.0,0.1000966870024956,0.0
258,0.0,0.0818344710048774,0.0
259,0.0,0.14313991463878903,0.0
260,0.0,0.09123671027819999,0.0
261,0.0,0.09123671027819999,0.0
262,0.0,0.13849948274888135,0.0
263,0.0,0.18552977315885624,0.0
264,0.0,0.16028648353933528,0.0
265,0.0,0.16028648353933528,0.0
266,0.0,0.16028648353933528,0.0
267,0.0,0.2861517900249349,0.0
268,0.0,0.19131461116829226,0.0
269,0.0,0.11282374844897156,0.0
270,0.0,0.11282374844897156,0.0
271,0.0,0.11282374844897156,0.0
272,0.0,0.11282374844897156,0.0
273,0.0,0.11282374844897156,0.0
274,0.0,0.14824627941332158,0.0
275,0.0,0.10821342633018839,0.0
276,0.0,0.14360675841057782,0.0
277,0.0,0.08973592178656374,0.0
278,0.0,0.3107761736185702,0.0
279,0.0,0.3107761736185702,0.0
280,0.0,0.3107761736185702,0.0
281,0.0,0.3107761736185702,0.0
282,0.0,0.24028145555607197,0.0
283,0.0,0.10347228270576254,0.0
284,0.0,0.08853830271713752,0.0
285,0.0,0.11678672345754013,0.0
286,0.0,0.09830828081275285,0.0
287,0.0,0.09830828081275285,0.0
288,0.0,0.21256222813245879,0.0
289,0.0,0.19788259831994548,0.0
290,0.0,0.1978139704030465,0.0
291,0.0,0.1978139704030465,0.0
292,0.0,0.1978139704030465,0.0
293,0.0,0.08701787522824357,0.0
294,0.0,0.12718967665313094,0.0
295,0.0,0.2467489088247609,0.0
296,0.0,0.11361614210941275,0.0
297,0.0,0.1274190154821281,0.0
298,0.0,0.08987294587893582,0.0
299,0.0,0.08987294587893582,0.0
300,0.0,0.08987294587893582,0.0
301,0.0,0.12301853106255091,0.0
302,0.0,0.12301853106255091,0.0
303,0.0,0.12301853106255091,0.0
304,0.0,0.12301853106255091,0.0
305,0.0,0.12301853106255091,0.0
306,0.0,0.10018066397915994,0.0
307,0.0,0.10018066397915994,0.0
308,0.0,0.16987147654455828,0.0
309,0.0,0.2353742726776769,0.0
310,0.0,0.14878598111959643,0.0
311,0.0,0.2353742726776769,0.0
312,0.0,0.14878598111959643,0.0
313,0.0,0.17351078918110488,0.0
314,0.0,0.17351078918110488,0.0
315,0.0,0.17351078918110488,0.0
316,0.0,0.14818048335926293,0.0
317,0.0,0.14609521127859734,0.0
318,0.0,0.14609521127859734,0.0
319,0.0,0.10321326229633272,0.0
320,0.0,0.10321326229633272,0.0
321,0.0,0.10906396673170803,0.0
322,0.0,0.10906396673170803,0.0
323,0.0,0.27473164244351017,0.0
324,0.0,0.11734567275775513,0.0
325,0.0,0.11734567275775513,0.0
326,0.0,0.11734567275775513,0.0
327,0.0,0.11734567275775513,0.0
328,0.0,0.14734269742279532,0.0
329,0.0,0.10187015632692246,0.0
330,0.0,0.17098645501014756,0.0
331,0.0,0.2570123159245246,0.0
332,0.0,0.27030540060166036,0.0
333,0.0,0.25221106721170183,0.0
334,0.0,0.25221106721170183,0.0
335,0.0,0.13948200099526242,0.0
336,0.0,0.12183722631602001,0.0
337,0.0,0.17900802378832723,0.0
338,0.0,0.17900802378832723,0.0
339,0.0,0.17900802378832723,0.0
340,0.0,0.17900802378832723,0.0
341,0.0,0.13772795713283534,0.0
342,0.0,0.14110971732855862,0.0
343,0.0,0.23702243244221446,0.0
344,0.0,0.11601983451491589,0.0
345,0.0,0.11601983451491589,0.0
346,0.0,0.11601983451491589,0.0
347,0.0,0.12078543987460252,0.0
348,0.0,0.12078543987460252,0.0
349,0.0,0.0974438358790795,0.0
350,0.0,0.3615370265810791,0.0
351,0.0,0.10140064169021083,0.0
352,0.0,0.10140064169021083,0.0
353,0.0,0.25261976690124766,0.0
354,0.0,0.09173103542247908,0.0
355,0.0,0.15544477683789218,0.0
356,0.0,0.12278591228214283,0.0
357,0.0,0.10540667885211506,0.0
358,0.0,0.10540667885211506,0.0
359,0.0,0.15941446441373622,0.0
360,0.0,0.09844820580945096,0.0
361,0.0,0.08017234198815926,0.0
362,0.0,0.17548203118314085,0.0
363,0.0,0.17548203118314085,0.0
364,0.0,0.09082701544467219,0.0
365,0.0,0.09082701544467219,0.0
366,0.0,0.17006205801654142,0.0
367,0.0,0.14811677845726112,0.0
368,0.0,0.11171496440415978,0.0
369,0.0,0.15529598252803312,0.0
370,0.0,0.16369810410932778,0.0
371,0.0,0.16414867770067493,0.0
372,0.0,0.16414867770067493,0.0
373,0.0,0.1026948213013821,0.0
374,0.0,0.1026948213013821,0.0
375,0.0,0.19510843528184568,0.0
376,0.0,0.6759403880285171,0.0
377,0.0,0.17029880200438352,0.0
378,0.0,0.17029880200438352,0.0
379,0.0,0.2600759173240942,0.0
380,0.0,0.19514173438878413,0.0
381,0.0,0.12605141954186583,0.0
382,0.0,0.24832457193380414,0.0
383,0.0,0.3184843901439518,0.0
384,0.0,0.3184843901439518,0.0
385,0.0,0.3184843901439518,0.0
386,0.0,0.07834020983600866,0.0
387,0.0,0.07834020983600866,0.0
388,0.0,0.07834020983600866,0.0
389,0.0,0.1515695559694486,0.0
390,0.0,0.1515695559694486,0.0
391,0.0,0.1515695559694486,0.0
392,0.0,0.19391468183900867,0.0
393,0.0,0.19391468183900867,0.0
394,0.0,0.19391468183900867,0.0
395,0.0,0.11743763007051763,0.0
396,0.0,0.11743763007051763,0.0
397,0.0,0.11743763007051763,0.0
398,0.0,0.08204011800669637,0.0
399,0.0,0.08204011800669637,0.0
400,0.0,0.08204011800669637,0.0
401,0.0,0.10081467955945918,0.0
402,0.0,0.10081467955945918,0.0
403,0.0,0.10081467955945918,0.0
404,0.0,0.1036959568094453,0.0
405,0.0,0.1036959568094453,0.0
406,0.0,0.1036959568094453,0.0
407,0.0,0.1050779990908542,0.0
408,0.0,0.1050779990908542,0.0
409,0.0,0.2795649950761642,0.0
410,0.0,0.12837593961770294,0.0
411,0.0,0.3428573953458633,0.0
412,0.0,0.14436070747744445,0.0
413,0.0,0.14949430829370763,0.0
414,0.0,0.1452313532665542,0.0
415,0.0,0.1779605532671205,0.0
416,0.0,0.29468527232568004,0.0
417,0.0,0.1461122572791833,0.0
418,0.0,0.1461122572791833,0.0
419,0.0,0.1136936135193015,0.0
420,0.0,0.09508079142639025,0.0
421,0.0,0.15939272115655034,0.0
422,0.0,0.1648747220988428,0.0
423,0.0,0.1884756451575025,0.0
424,0.0,0.1884756451575025,0.0
425,0.0,0.1884756451575025,0.0
426,0.0,0.3569244759391523,0.0
427,0.0,0.3569244759391523,0.0
428,0.0,0.3569244759391523,0.0
429,0.0,0.18058941770890588,0.0
430,0.0,0.16178701707469334,0.0
431,0.0,0.18033286015598668,0.0
432,0.0,0.10896555765576367,0.0
433,0.0,0.20668587060654584,0.0
434,0.0,0.1784952562622154,0.0
435,0.0,0.1784952562622154,0.0
436,0.0,0.15455247052655866,0.0
437,0.0,0.10987338431855155,0.0
438,0.0,0.1894471989653806,0.0
439,0.0,0.1894471989653806,0.0
440,0.0,0.12049765219707514,0.0
441,0.0,0.12049765219707514,0.0
442,0.0,0.1509212625384045,0.0
443,0.0,0.12712413516714352,0.0
444,0.0,0.16091870035263475,0.0
445,0.0,0.3092205103980418,0.0
446,0.0,0.15570691538670797,0.0
447,0.0,0.17938698173708462,0.0
448,0.0,0.10266462961041689,0.0
449,0.0,0.20950101840621488,0.0
450,0.0,0.10749162044204529,0.0
451,0.0,0.1614268971253395,0.0
452,0.0,0.10184321052031922,0.0
453,0.0,0.11486395188144653,0.0
454,0.0,0.11365356144218668,0.0
455,0.0,0.09684394147184004,0.0
456,0.0,0.23062866305256102,0.0
457,0.0,0.1378956011206412,0.0
458,0.0,0.11846822101451963,0.0
459,0.0,0.11252592614869937,0.0
460,0.0,0.14865258526173228,0.0
461,0.0,0.14865258526173228,0.0
462,0.0,0.2672792798481423,0.0
463,0.0,0.2672792798481423,0.0
464,0.0,0.16728196422487085,0.0
465,0.0,0.16728196422487085,0.0
466,0.0,0.16728196422487085,0.0
467,0.0,0.09847272178354846,0.0
468,0.0,0.12860858420425855,0.0
469,0.0,0.13138600925565433,0.0
470,0.0,0.11880228400134689,0.0
471,0.0,0.11880228400134689,0.0
472,0.0,0.33551961924538515,0.0
473,0.0,0.15756661444962253,0.0
474,0.0,0.23226696827433668,0.0
475,0.0,0.13155421131105272,0.0
476,0.0,0.11477138559040757,0.0
477,0.0,0.09583323580832857,0.0
478,0.0,0.09564992570924939,0.0
479,0.0,0.11043428151085,0.0
480,0.0,0.11603122175388296,0.0
481,0.0,0.13819516681250166,0.0
482,0.0,0.08617582342814277,0.0
483,0.0,0.18315925711353132,0.0
484,0.0,0.18572243467447258,0.0
485,0.0,0.18572243467447258,0.0
486,0.0,0.10166394690533662,0.0
487,0.0,0.08942383762228419,0.0
488,0.0,0.21892562212476602,0.0
489,0.0,0.1395006124717699,0.0
490,0.0,0.1609576206745566,0.0
491,0.0,0.1551365281327334,0.0
492,0.0,0.22868091585692352,0.0
493,0.0,0.1395006124717699,0.0
494,0.0,0.2727660173181853,0.0
495,0.0,0.24199129745587686,0.0
496,0.0,0.14627670416232114,0.0
497,0.0,0.1336050002342123,0.0
498,0.0,0.12660191112675834,0.0
499,0.0,0.15834792154165858,0.0
500,0.0,0.15834792154165858,0.0
501,0.0,0.1549112246932928,0.0
502,0.0,0.1549112246932928,0.0
503,0.0,0.18113859282496766,0.0
504,0.0,0.27620522622213156,0.0
505,0.0,0.11941186592549768,0.0
506,0.0,0.1261587835254826,0.0
507,0.0,0.1264436465186114,0.0
508,0.0,0.12287271253973575,0.0
509,0.0,0.12893853338581526,0.0
510,0.0,0.12893853338581526,0.0
511,0.0,0.12893853338581526,0.0
512,0.0,0.15939272115655034,0.0
513,0.0,0.22092087243527786,0.0
514,0.0,0.23679433865005342,0.0
515,0.0,0.4643008200129341,0.0
516,0.0,0.4643008200129341,0.0
517,0.0,0.12892771897053204,0.0
518,0.0,0.11790144499194592,0.0
519,0.0,0.15641575072264363,0.0
520,0.0,0.21346293483373857,0.0
521,0.0,0.21346293483373857,0.0
522,0.0,0.5094530273115204,0.0
523,0.0,0.09684394147184004,0.0
524,0.0,0.1994398117565799,0.0
525,0.0,0.1994398117565799,0.0
526,0.0,0.10226691317931666,0.0
527,0.0,0.11098896819030615,0.0
528,0.0,0.2349866456911212,0.0
529,0.0,0.14284920878780388,0.0
530,0.0,0.15550844988317913,0.0
531,0.0,0.22140731928914248,0.0
532,0.0,0.10399047215282975,0.0
533,0.0,0.10399047215282975,0.0
534,0.0,0.11948029317712304,0.0
535,0.0,0.2650521797844037,0.0
536,0.0,0.11662433196291226,0.0
537,0.0,0.4128059786869689,0.0
538,0.0,0.4792103832360823,0.0
539,0.0,0.27022066454110005,0.0
540,0.0,0.17725584759460036,0.0
541,0.0,0.17725584759460036,0.0
542,0.0,0.12533939368493377,0.0
543,0.0,0.24606459611220702,0.0
544,0.0,0.13765849145655332,0.0
545,0.0,0.10023163889349976,0.0
546,0.0,0.13418440002361154,0.0
547,0.0,0.18099524294875688,0.0
548,0.0,0.15063885267828728,0.0
549,0.0,0.2471022731268047,0.0
550,0.0,0.11347083641977523,0.0
551,0.0,0.18194010216599435,0.0
552,0.0,0.16821356902566023,0.0
553,0.0,0.2723019122868648,0.0
554,0.0,0.09684394147184004,0.0
555,0.0,0.30541870306809854,0.0
556,0.0,0.3329539339278866,0.0
557,0.0,0.1263761143856549,0.0
558,0.0,0.1263761143856549,0.0
559,0.0,0.37577890261377855,0.0
560,0.0,0.3706989639529212,0.0
561,0.0,0.18162902941278847,0.0
562,0.0,0.14187029757349703,0.0
563,0.0,0.1539415602345365,0.0
564,0.0,0.19140380760032577,0.0
565,0.0,0.16141419297549067,0.0
566,0.0,0.26172983168260705,0.0
567,0.0,0.09472153809476883,0.0
568,0.0,0.13449795619188157,0.0
569,0.0,0.09746560160739938,0.0
570,0.0,0.1299154330374826,0.0
571,0.0,0.08844172127639426,0.0
572,0.0,0.1390606943819565,0.0
573,0.0,0.09596015292779943,0.0
574,0.0,0.1493129936286738,0.0
575,0.0,0.11708157009085977,0.0
576,0.0,0.1786243655957334,0.0
577,0.0,0.09889946004680464,0.0
578,0.0,0.13926359664714758,0.0
579,0.0,0.11778077766051723,0.0
580,0.0,0.13056537159397197,0.0
581,0.0,0.10403283345788451,0.0
582,0.0,0.12563733026613233,0.0
583,0.0,0.13531016036358512,0.0
584,0.0,0.1673101893393377,0.0
585,0.0,0.11274405835642003,0.0
586,0.0,0.10417469967363338,0.0
587,0.0,0.16712670009785596,0.0
588,0.0,0.14488623327345154,0.0
589,0.0,0.1365894125473134,0.0
590,0.0,0.09502567648036714,0.0
591,0.0,0.09502567648036714,0.0
592,0.0,0.09284472602422769,0.0
593,0.0,0.16532545089458983,0.0
594,0.0,0.15521345353621,0.0
595,0.0,0.09053685844021866,0.0
596,0.0,0.11098332303349763,0.0
597,0.0,0.20036880805471807,0.0
598,0.0,0.1882114459155902,0.0
599,0.0,0.1882114459155902,0.0
600,0.0,0.16962454260923115,0.0
601,0.0,0.26826321194287445,0.0
602,0.0,0.09928126243277728,0.0
603,0.0,0.27463453730449067,0.0
604,0.0,0.09627718366641264,0.0
605,0.0,0.09627718366641264,0.0
606,0.0,0.29418319527105263,0.0
607,0.0,0.12043841759959976,0.0
608,0.0,0.09928126243277728,0.0
609,0.0,0.20487543801561564,0.0
610,0.0,0.09805240966486764,0.0
611,0.0,0.1461628446524752,0.0
612,0.0,0.09138414782664847,0.0
613,0.0,0.23851527978210907,0.0
614,0.0,0.23851527978210907,0.0
615,0.0,0.1234210771040772,0.0
616,0.0,0.1239503575598126,0.0
617,0.0,0.15450765029397448,0.0
618,0.0,0.20255380036014403,0.0
619,0.0,0.20255380036014403,0.0
620,0.0,0.09316259511700535,0.0
621,0.0,0.09316259511700535,0.0
622,0.0,0.2364511375021502,0.0
623,0.0,0.15168393228548102,0.0
624,0.0,0.2951431716028319,0.0
625,0.0,0.1976627575915117,0.0
626,0.0,0.17286705399632368,0.0
627,0.0,0.07942353811330265,0.0
628,0.0,0.07942353811330265,0.0
629,0.0,0.09144511402487279,0.0
630,0.0,0.16588752231550397,0.0
631,0.0,0.15871540463446218,0.0
632,0.0,0.08359912091171547,0.0
633,0.0,0.13421125653768146,0.0
634,0.0,0.20835652292716017,0.0
635,0.0,0.18573321424586556,0.0
636,0.0,0.18284024496536078,0.0
637,0.0,0.270872721804528,0.0
638,0.0,0.35899219858114284,0.0
639,0.0,0.262602729880162,0.0
640,0.0,0.13580417953350074,0.0
641,0.0,0.27656963318122035,0.0
642,0.0,0.23370911507434183,0.0
643,0.0,0.23370911507434183,0.0
644,0.0,0.20027558536208806,0.0
645,0.0,0.20027558536208806,0.0
646,0.0,0.3016612338709194,0.0
647,0.0,0.14435955332719302,0.0
648,0.0,0.10644847220931422,0.0
649,0.0,0.12614851860223042,0.0
650,0.0,0.12614851860223042,0.0
651,0.0,0.18114882070838154,0.0
652,0.0,0.08895228141093701,0.0
653,0.0,0.17621090006427348,0.0
654,0.0,0.26648827464423613,0.0
655,0.0,0.4952160493774998,0.0
656,0.0,0.2667759872275966,0.0
657,0.0,0.2667759872275966,0.0
658,0.0,0.1165255285830987,0.0
659,0.0,0.1165255285830987,0.0
660,0.0,0.1288387792257738,0.0
661,0.0,0.16232663571217681,0.0
662,0.0,0.17404673021512035,0.0
663,0.0,0.23532041256281028,0.0
664,0.0,0.24770093705350898,0.0
665,0.0,0.11027751196041291,0.0
666,0.0,0.1288387792257738,0.0
667,0.0,0.16753429238059772,0.0
668,0.0,0.23704752494427048,0.0
669,0.0,0.18189558812217735,0.0
670,0.0,0.33428338787713036,0.0
671,0.0,0.18183458317141044,0.0
672,0.0,0.19023414501608726,0.0
673,0.0,0.31806797411530224,0.0
674,0.0,0.18612794311157688,0.0
675,0.0,0.17540062307273377,0.0
676,0.0,0.2610136525616295,0.0
677,0.0,0.14942645213141761,0.0
678,0.0,0.24895906296685863,0.0
679,0.0,0.22139462838968016,0.0
680,0.0,0.22381236478485553,0.0
681,0.0,0.26398038490927644,0.0
682,0.0,0.28953284786432926,0.0
683,0.0,0.2406972162351447,0.0
684,0.0,0.3760735284928432,0.0
685,0.0,0.24471765360986225,0.0
686,0.0,0.22460583006176682,0.0
687,0.0,0.23292425270453754,0.0
688,0.0,0.14217891716773745,0.0
689,0.0,0.18088618524685204,0.0
690,0.0,0.1343565203923009,0.0
691,0.0,0.1576621692807026,0.0
692,0.0,0.130780108595601,0.0
693,0.0,0.15554819535177417,0.0
694,0.0,0.13418704469101622,0.0
695,0.0,0.1577635913580871,0.0
696,0.0,0.22408047687759178,0.0
697,0.0,0.32050386764387234,0.0
698,0.0,0.11125560366793824,0.0
699,0.0,0.2229631107434316,0.0
700,0.0,0.09800840145637396,0.0
701,0.0,0.22162645435343611,0.0
702,0.0,0.10894817172070848,0.0
703,0.0,0.08769267666660979,0.0
704,0.0,0.09913422018100206,0.0
705,0.0,0.13634822148557948,0.0
706,0.0,0.18053446443153665,0.0
707,0.0,0.15578674618087074,0.0
708,0.0,0.18552977315885624,0.0
709,0.0,0.1043232752481594,0.0
710,0.0,0.11474132215501232,0.0
711,0.0,0.25116491519738116,0.0
712,0.0,0.3094927156350495,0.0
713,0.0,0.21328923828098967,0.0
714,0.0,0.19435971255768164,0.0
715,0.0,0.2806646766508785,0.0
716,0.0,0.12499437035951848,0.0
717,0.0,0.16870618025163972,0.0
718,0.0,0.106503046110757,0.0
719,0.0,0.10677108581136852,0.0
720,0.0,0.21245887048730272,0.0
721,0.0,0.33569520005134645,0.0
722,0.0,0.14675149039523214,0.0
723,0.0,0.14675149039523214,0.0
724,0.0,0.1550034586224445,0.0
725,0.0,0.24373251262320586,0.0
726,0.0,0.1639665949263868,0.0
727,0.0,0.11365356144218668,0.0
728,0.0,0.19232071949470256,0.0
729,0.0,0.14102410970319648,0.0
730,0.0,0.12773188266520766,0.0
731,0.0,0.08958546876600891,0.0
732,0.0,0.08263432018813201,0.0
733,0.0,0.1032923600308628,0.0
734,0.0,0.21972638417956883,0.0
735,0.0,0.11776391386920593,0.0
736,0.0,0.11231077557286136,0.0
737,0.0,0.1715836851244162,0.0
738,0.0,0.11150567546170227,0.0
739,0.0,0.25416605673341297,0.0
740,0.0,0.30619959686383275,0.0
741,0.0,0.08541460439067344,0.0
742,0.0,0.13775439711242088,0.0
743,0.0,0.1241508598234431,0.0
744,0.0,0.12660191112675834,0.0
745,0.0,0.30234649921275697,0.0
746,0.0,0.11365356144218668,0.0
747,0.0,0.11552904674305407,0.0
748,0.0,0.11532229071553748,0.0
749,0.0,0.16009752687196496,0.0
750,0.0,0.21461933840721595,0.0
751,0.0,0.13436102568240954,0.0
752,0.0,0.07776568116486783,0.0
753,0.0,0.14706266382703193,0.0
754,0.0,0.20556763466967143,0.0
755,0.0,0.07697658444515439,0.0
756,0.0,0.11006003820880808,0.0
757,0.0,0.10054749512696368,0.0
758,0.0,0.10241090087488339,0.0
759,0.0,0.10366810178445361,0.0
760,0.0,0.19515334472121373,0.0
761,0.0,0.14043728421649346,0.0
762,0.0,0.48503217193248205,0.0
763,0.0,0.25798872181352783,0.0
764,0.0,0.10538275319445037,0.0
765,0.0,0.2868888567166486,0.0
766,0.0,0.2806675549104726,0.0
767,0.0,0.1033292650096226,0.0
768,0.0,0.10523795883092818,0.0
769,0.0,0.19017774864639642,0.0
770,0.0,0.2879735032919721,0.0
771,0.0,0.19574772672552426,0.0
772,0.0,0.11682439376097802,0.0
773,0.0,0.13983982226649957,0.0
774,0.0,0.12086426913195401,0.0
775,0.0,0.1561688798422464,0.0
776,0.0,0.10390233252206431,0.0
777,0.0,0.15239992849531336,0.0
778,0.0,0.10906396673170803,0.0
779,0.0,0.2449421229646981,0.0
780,0.0,0.13460394065454906,0.0
781,0.0,0.11155466906186948,0.0
782,0.0,0.11650272617612198,0.0
783,0.0,0.10722652817349161,0.0
784,0.0,0.10023163889349976,0.0
785,0.0,0.23657196085532523,0.0
786,0.0,0.09844820580945096,0.0
787,0.0,0.15883152910579315,0.0
788,0.0,0.15122379762045515,0.0
789,0.0,0.14717184295659638,0.0
790,0.0,0.16829761413866937,0.0
791,0.0,0.11762899414540952,0.0
792,0.0,0.11589594803370826,0.0
793,0.0,0.12553912285043822,0.0
794,0.0,0.17458087859915722,0.0
795,0.0,0.1405165215924428,0.0
796,0.0,0.15512076632438138,0.0
797,0.0,0.14361759001278693,0.0
798,0.0,0.11364108298079162,0.0
799,0.0,0.17376267085373726,0.0
800,0.0,0.16142000171216567,0.0
801,0.0,0.09958683318575699,0.0
802,0.0,0.14548104241654872,0.0
803,0.0,0.09684394147184004,0.0
804,0.0,0.3396703141860918,0.0
805,0.0,0.18653862404100163,0.0
806,0.0,0.1472258155023506,0.0
807,0.0,0.1166531497484683,0.0
808,0.0,0.1890706045483411,0.0
809,0.0,0.12133621605099852,0.0
810,0.0,0.2597337714569849,0.0
811,0.0,0.16903449815453772,0.0
812,0.0,0.11778077766051723,0.0
813,0.0,0.3013114487274378,0.0
814,0.0,0.10413045247450539,0.0
815,0.0,0.13251871675838667,0.0
816,0.0,0.09401689854777068,0.0
817,0.0,0.11221500493442502,0.0
818,0.0,0.1659857226574445,0.0
819,0.0,0.2683539597909091,0.0
820,0.0,0.1909562455891312,0.0
821,0.0,0.34637444754477154,0.0
822,0.0,0.163291740875681,0.0
823,0.0,0.14939306487542287,0.0
824,0.0,0.146471769263847,0.0
825,0.0,0.11319898113515355,0.0
826,0.0,0.14417185319785045,0.0
827,0.0,0.10636976856300825,0.0
828,0.0,0.1681146389335072,0.0
829,0.0,0.13773950087537148,0.0
830,0.0,0.15496330285745408,0.0
831,0.0,0.10741476733280544,0.0
832,0.0,0.17826001380119785,0.0
833,0.0,0.12993421199389216,0.0
834,0.0,0.17832181550472648,0.0
835,0.0,0.3251519542488119,0.0
836,0.0,0.167550909543741,0.0
837,0.0,0.16167629959137642,0.0
838,0.0,0.1348862994555895,0.0
839,0.0,0.09927190266103146,0.0
840,0.0,0.10901176158797841,0.0
841,0.0,0.13432121989851983,0.0
842,0.0,0.10211634312994727,0.0
843,0.0,0.11712020528794387,0.0
844,0.0,0.09103214339131427,0.0
845,0.0,0.11098896819030615,0.0
846,0.0,0.15163852884889853,0.0
847,0.0,0.08114166883501148,0.0
848,0.0,0.20343983014531145,0.0
849,0.0,0.10177097441236514,0.0
850,0.0,0.2246612738056294,0.0
851,0.0,0.0891465458382966,0.0
852,0.0,0.1843228820952178,0.0
853,0.0,0.12545343743895163,0.0
854,0.0,0.10741123463446405,0.0
855,0.0,0.1582091265576214,0.0
856,0.0,0.17403836010859236,0.0
857,0.0,0.14010441529653347,0.0
858,0.0,0.11732345540014204,0.0
859,0.0,0.26126891818647563,0.0
860,0.0,0.11058279929116627,0.0
861,0.0,0.15647582860730555,0.0
862,0.0,0.31288190557614154,0.0
863,0.0,0.1347049847905557,0.0
864,0.0,0.14460386786986468,0.0
865,0.0,0.11516479492972559,0.0
866,0.0,0.3011745474200192,0.0
867,0.0,0.1715836851244162,0.0
868,0.0,0.1519074880646559,0.0
869,0.0,0.17515446703189477,0.0
870,0.0,0.1555984044994432,0.0
871,0.0,0.08412321042922695,0.0
872,0.0,0.15580219106918528,0.0
873,0.0,0.12340168411659053,0.0
874,0.0,0.10715584646811724,0.0
875,0.0,0.15167110746038928,0.0
876,0.0,0.1541122289945706,0.0
877,0.0,0.1459663095575524,0.0
878,0.0,0.18117347122513935,0.0
879,0.0,0.1111059224860726,0.0
880,0.0,0.12965874978739897,0.0
881,0.0,0.07689468832879193,0.0
882,0.0,0.13032906486243118,0.0
883,0.0,0.18084441642119584,0.0
884,0.0,0.14016456792654866,0.0
885,0.0,0.11082423934313668,0.0
886,0.0,0.13517963331623642,0.0
887,0.0,0.20899800026944743,0.0
888,0.0,0.16187027314441385,0.0
889,0.0,0.09067157183987572,0.0
890,0.0,0.10701818680559498,0.0
891,0.0,0.1710903800232305,0.0
892,0.0,0.18265289135179,0.0
893,0.0,0.16989480497589668,0.0
894,0.0,0.11392872101324655,0.0
895,0.0,0.0948928287739371,0.0
896,0.0,0.132247330802226,0.0
897,0.0,0.08955926902569365,0.0
898,0.0,0.2578187271817098,0.0
899,0.0,0.08375840167974993,0.0
900,0.0,0.11142341090911034,0.0
901,0.0,0.17448376948845937,0.0
902,0.0,0.32404273792149646,0.0
903,0.0,0.23041740810373898,0.0
904,0.0,0.1266302326793676,0.0
905,0.0,0.10857866727759433,0.0
906,0.0,0.17264178222497564,0.0
907,0.0,0.14398054323169351,0.0
908,0.0,0.1294887553379191,0.0
909,0.0,0.10645578492568489,0.0
910,0.0,0.13453733066012252,0.0
911,0.0,0.1145622802296883,0.0
912,0.0,0.1179102430950269,0.0
913,0.0,0.1053484846315923,0.0
914,0.0,0.11727799766900175,0.0
915,0.0,0.15190512324559396,0.0
916,0.0,0.11414080289027102,0.0
917,0.0,0.11581048372195472,0.0
918,0.0,0.27800322854511533,0.0
919,0.0,0.17372908985777152,0.0
920,0.0,0.15902573047889865,0.0
921,0.0,0.13912928334520303,0.0
922,0.0,0.14697438078919048,0.0
923,0.0,0.23390692832495233,0.0
924,0.0,0.12619906046491156,0.0
925,0.0,0.15236846411138022,0.0
926,0.0,0.17585148702449419,0.0
927,0.0,0.17531583585409338,0.0
928,0.0,0.15870028984877937,0.0
929,0.0,0.16842536228241262,0.0
930,0.0,0.12091507290638139,0.0
931,0.0,0.13286879038463098,0.0
932,0.0,0.17077023315055403,0.0
933,0.0,0.11615986846004961,0.0
934,0.0,0.1074180529206928,0.0
935,0.0,0.1828200081412884,0.0
936,0.0,0.11661788359276472,0.0
937,0.0,0.12462420395873888,0.0
938,0.0,0.13019502800791014,0.0
939,0.0,0.10518983356063642,0.0
940,0.0,0.11286665859406644,0.0
941,0.0,0.17088397899720997,0.0
942,0.0,0.15308583892451505,0.0
943,0.0,0.15483575624777302,0.0
944,0.0,0.08688876945480202,0.0
945,0.0,0.14784486433735877,0.0
946,0.0,0.1357103333666794,0.0
947,0.0,0.14757482833077257,0.0
948,0.0,0.12184912207602591,0.0
949,0.0,0.0955372388647839,0.0
950,0.0,0.3326264221811229,0.0
951,0.0,0.3273110132288487,0.0
952,0.0,0.27616243731894397,0.0
953,0.0,0.09086381333387408,0.0
954,0.0,0.11101432683562314,0.0
955,0.0,0.11795219548611008,0.0
956,0.0,0.12845906861699805,0.0
957,0.0,0.12554747919000062,0.0
958,0.0,0.11270312352828109,0.0
959,0.0,0.11563026384231495,0.0
960,0.0,0.1594916427533815,0.0
961,0.0,0.09568837431533737,0.0
962,0.0,0.12625704511930597,0.0
963,0.0,0.2331997043614374,0.0
964,0.0,0.4329939249016178,0.0
965,0.0,0.4329939249016178,0.0
966,0.0,0.16181228845654622,0.0
967,0.0,0.09307514747870382,0.0
968,0.0,0.1922473083041722,0.0
969,0.0,0.3152669614244847,0.0
970,0.0,0.30848821803289056,0.0
971,0.0,0.33625838684239395,0.0
972,0.0,0.09956487650765335,0.0
973,0.0,0.21014212757012157,0.0
974,0.0,0.2680230866160925,0.0
975,0.0,0.3241833041563024,0.0
976,0.0,0.24350563653091517,0.0
977,0.0,0.17298040597815062,0.0
978,0.0,0.20379816306858659,0.0
979,0.0,0.1686420394923346,0.0
980,0.0,0.14724946198563538,0.0
981,0.0,0.17540098667840265,0.0
982,0.0,0.21404136042695476,0.0
983,0.0,0.20430267133472754,0.0
984,0.0,0.10216877904757102,0.0
985,0.0,0.15720627038521928,0.0
986,0.0,0.1153088973898797,0.0
987,0.0,0.1484929458633173,0.0
988,0.0,0.17514915583014803,0.0
989,0.0,0.17514915583014803,0.0
990,0.0,0.27524771662380126,0.0
991,0.0,0.18957389665671148,0.0
992,0.0,0.10343412322252933,0.0
993,0.0,0.18636655892715032,0.0
994,0.0,0.10505642056261155,0.0
995,0.0,0.10046995462438285,0.0
996,0.0,0.14539546180544882,0.0
997,0.0,0.09325687015002886,0.0
998,0.0,0.29960113988534776,0.0
999,0.0,0.19917092688601115,0.0
1000,0.0,0.2628505753980421,0.0
1001,0.0,0.2140253416783993,0.0
1002,0.0,0.15042511934430938,0.0
1003,0.0,0.32056316955550873,0.0
1004,0.0,0.2464731314467182,0.0
1005,0.0,0.21993220073632155,0.0
1006,0.0,0.24424405686544745,0.0
1007,0.0,0.2204783298340162,0.0
1008,0.0,0.14532344892815668,0.0
1009,0.0,0.1355506219998455,0.0
1010,0.0,0.1778143617459518,0.0
1011,0.0,0.14935510927344978,0.0
1012,0.0,0.14473559333012956,0.0
1013,0.0,0.16965653790086221,0.0
1014,0.0,0.1166584576890575,0.0
1015,0.0,0.17964021697097937,0.0
1016,0.0,0.2213655571556567,0.0
1017,0.0,0.18642247974392634,0.0
1018,0.0,0.15956987953343307,0.0
1019,0.0,0.1663496833350879,0.0
1020,0.0,0.259632779146101,0.0
1021,0.0,0.16705683079468012,0.0
1022,0.0,0.1640153265613748,0.0
1023,0.0,0.1690863050863211,0.0
1024,0.0,0.18130759050581585,0.0
1025,0.0,0.07918472338963901,0.0
1026,0.0,0.1298520167165672,0.0
1027,0.0,0.08619357027097285,0.0
1028,0.0,0.07809460615785878,0.0
1029,0.0,0.12485909663934378,0.0
1030,0.0,0.16057450364180742,0.0
1031,0.0,0.20003266936280564,0.0
1032,0.0,0.09117865042058557,0.0
1033,0.0,0.14186749895281978,0.0
1034,0.0,0.175162962304286,0.0
1035,0.0,0.1164489560657894,0.0
1036,0.0,0.09861708464030466,0.0
1037,0.0,0.15087654645267182,0.0
1038,0.0,0.13624083510034296,0.0
1039,0.0,0.05924340334501594,0.0
1040,0.0,0.1017447437037067,0.0
1041,0.0,0.1017447437037067,0.0
1042,0.0,0.18333521645182582,0.0
1043,0.0,0.09183956416414747,0.0
1044,0.0,0.15640074605331936,0.0
1045,0.0,0.15491644850267094,0.0
1046,0.0,0.13126811352190554,0.0
1047,0.0,0.13426452715993986,0.0
1048,0.0,0.11973868126124934,0.0
1049,0.0,0.08614734310719606,0.0
1050,0.0,0.09592225447109465,0.0
1051,0.0,0.3011838889604669,0.0
1052,0.0,0.2301419401550759,0.0
1053,0.0,0.11995163370330805,0.0
1054,0.0,0.21589718323054286,0.0
1055,0.0,0.07877359337162848,0.0
1056,0.0,0.09052342734722273,0.0
1057,0.0,0.16592727755674275,0.0
1058,0.0,0.09144511402487279,0.0
1059,0.0,0.08625408693902363,0.0
1060,0.0,0.08205883592355152,0.0
1061,0.0,0.08078163838099117,0.0
1062,0.0,0.10771111943682803,0.0
1063,0.0,0.1559093971465112,0.0
1064,0.0,0.09281946936834129,0.0
1065,0.0,0.2275300971396647,0.0
1066,0.0,0.09735317838301112,0.0
1067,0.0,0.16091073602585088,0.0
1068,0.0,0.08623528828750587,0.0
1069,0.0,0.31789138408561673,0.0
1070,0.0,0.1660660840178862,0.0
1071,0.0,0.19604674636734445,0.0
1072,0.0,0.1544964174580065,0.0
1073,0.0,0.16152064897865037,0.0
1074,0.0,0.0987569125846354,0.0
1075,0.0,0.14811677845726112,0.0
1076,0.0,0.29343565103753805,0.0
1077,0.0,0.09290222534310565,0.0
1078,0.0,0.16602839378883744,0.0
1079,0.0,0.1258533338641751,0.0
1080,0.0,0.15483424228466772,0.0
1081,0.0,0.12207802889233142,0.0
1082,0.0,0.21092420052108182,0.0
1083,0.0,0.1518109006202842,0.0
1084,0.0,0.11079488907558545,0.0
1085,0.0,0.14185207571720984,0.0
1086,0.0,0.28285078434504435,0.0
1087,0.0,0.42489647822264764,0.0
1088,0.0,0.17244899977776543,0.0
1089,0.0,0.20710024286054685,0.0
1090,0.0,0.13184452103529704,0.0
1091,0.0,0.12256009971292314,0.0
1092,0.0,0.12256009971292314,0.0
1093,0.0,0.29111128424756083,0.0
1094,0.0,0.07101169258967117,0.0
1095,0.0,0.2099577198293434,0.0
1096,0.0,0.21140009374282168,0.0
1097,0.0,0.3476134460122075,0.0
1098,0.0,0.266619320215003,0.0
1099,0.0,0.13477582687495324,0.0
1100,0.0,0.35309709799490224,0.0
1101,0.0,0.4045718933397777,0.0
1102,0.0,0.1854982650119565,0.0
1103,0.0,0.2889630348590025,0.0
1104,0.0,0.4039781707954922,0.0
1105,0.0,0.134584613097042,0.0
1106,0.0,0.17745097775618787,0.0
1107,0.0,0.12752014332572129,0.0
1108,0.0,0.15050745741039148,0.0
1109,0.0,0.08533536187847551,0.0
1110,0.0,0.09988953340031784,0.0
1111,0.0,0.1652209993576972,0.0
1112,0.0,0.12373731809488404,0.0
1113,0.0,0.1376846158431267,0.0
1114,0.0,0.08204929089272868,0.0
1115,0.0,0.13956926623960664,0.0
1116,0.0,0.09503909410251091,0.0
1117,0.0,0.15090296886925814,0.0
1118,0.0,0.1580459017761713,0.0
1119,0.0,0.1160521438155169,0.0
1120,0.0,0.15459640199504854,0.0
1121,0.0,0.19139993854012646,0.0
1122,0.0,0.28241446698667866,0.0
1123,0.0,0.1820090047929378,0.0
1124,0.0,0.2831560492868523,0.0
1125,0.0,0.10252947777146718,0.0
1126,0.0,0.16334508308395354,0.0
1127,0.0,0.10092088189487355,0.0
1128,0.0,0.2941954254376861,0.0
1129,0.0,0.12783846923369088,0.0
1130,0.0,0.10068957952424572,0.0
1131,0.0,0.356120766949292,0.0
1132,0.0,0.11121115619446519,0.0
1133,0.0,0.145269653651625,0.0
1134,0.0,0.07273925003392671,0.0
1135,0.0,0.10299800650488963,0.0
1136,0.0,0.12108753969493605,0.0
1137,0.0,0.2592063648937723,0.0
1138,0.0,0.08594317884158717,0.0
1139,0.0,0.12893421272571962,0.0
1140,0.0,0.24277202404904663,0.0
1141,0.0,0.2641733968091128,0.0
1142,0.0,0.10035324822577416,0.0
1143,0.0,0.17040658747982518,0.0
1144,0.0,0.11880228400134689,0.0
1145,0.0,0.09465303959086267,0.0
1146,0.0,0.14110971732855862,0.0
1147,0.0,0.09928126243277728,0.0
1148,0.0,0.12491663718126574,0.0
1149,0.0,0.1364281834210833,0.0
1150,0.0,0.11041115025892015,0.0
1151,0.0,0.15175235693885133,0.0
1152,0.0,0.09692606576138237,0.0
1153,0.0,0.10050285596548086,0.0
1154,0.0,0.13379258234136876,0.0
1155,0.0,0.1104740909463032,0.0
1156,0.0,0.11306343456038487,0.0
1157,0.0,0.1331949249542624,0.0
1158,0.0,0.1343565203923009,0.0
1159,0.0,0.1343565203923009,0.0
1160,0.0,0.3137834249797454,0.0
1161,0.0,0.11395923042852082,0.0
1162,0.0,0.10415921715451776,0.0
1163,0.0,0.18386346024674124,0.0
1164,0.0,0.11783001380614104,0.0
1165,0.0,0.10415921715451776,0.0
1166,0.0,0.14826074238294312,0.0
1167,0.0,0.18194010216599435,0.0
1168,0.0,0.14826074238294312,0.0
1169,0.0,0.3105901359096644,0.0
1170,0.0,0.16264204527774412,0.0
1171,0.0,0.282744297950063,0.0
1172,0.0,0.22936356917871564,0.0
1173,0.0,0.35971227191856775,0.0
1174,0.0,0.38387760582593794,0.0
1175,0.0,0.13916017853672935,0.0
1176,0.0,0.16748025297805855,0.0
1177,0.0,0.16254902127462373,0.0
1178,0.0,0.2098508259675554,0.0
1179,0.0,0.17631598478576116,0.0
1180,0.0,0.1961071491442396,0.0
1181,0.0,0.16254902127462373,0.0
1182,0.0,0.08693709772769138,0.0
1183,0.0,0.16794119817601827,0.0
1184,0.0,0.1884379634322882,0.0
1185,0.0,0.2408407660602913,0.0
1186,0.0,0.2590226529334705,0.0
1187,0.0,0.17134333960537795,0.0
1188,0.0,0.15066827373158037,0.0
1189,0.0,0.14451389519195823,0.0
1190,0.0,0.11156597527761773,0.0
1191,0.0,0.10628049007376258,0.0
1192,0.0,0.24010130292599408,0.0
1193,0.0,0.29809830444096036,0.0
1194,0.0,0.10137068381148646,0.0
1195,0.0,0.12334763674025251,0.0
1196,0.0,0.20092344437108497,0.0
1197,0.0,0.24893391611154161,0.0
1198,0.0,0.2478820626884576,0.0
1199,0.0,0.14621798387528204,0.0
1200,0.0,0.10522794617390129,0.0
1201,0.0,0.14297065431682374,0.0
1202,0.0,0.145781164726286,0.0
1203,0.0,0.18114924448602152,0.0
1204,0.0,0.23118772138022872,0.0
1205,0.0,0.10219215955895684,0.0
1206,0.0,0.12218699036697861,0.0
1207,0.0,0.10147187316233693,0.0
1208,0.0,0.14621798387528204,0.0
1209,0.0,0.23577548149040164,0.0
1210,0.0,0.14919287392426467,0.0
1211,0.0,0.11656637476953723,0.0
1212,0.0,0.24581552840657786,0.0
1213,0.0,0.2504979238910031,0.0
1214,0.0,0.29622670776777943,0.0
1215,0.0,0.16231821716122088,0.0
1216,0.0,0.16635120945623882,0.0
1217,0.0,0.13823890338912845,0.0
1218,0.0,0.12372905265140334,0.0
1219,0.0,0.0899107061135182,0.0
1220,0.0,0.12284624103671488,0.0
1221,0.0,0.0899107061135182,0.0
1222,0.0,0.12284624103671488,0.0
1223,0.0,0.13924119730385964,0.0
1224,0.0,0.091172891060177,0.0
1225,0.0,0.11755195342264917,0.0
1226,0.0,0.09401532377910268,0.0
1227,0.0,0.11755195342264917,0.0
1228,0.0,0.0980586145682917,0.0
1229,0.0,0.091172891060177,0.0
1230,0.0,0.11755195342264917,0.0
1231,0.0,0.091172891060177,0.0
1232,0.0,0.09401532377910268,0.0
1233,0.0,0.091172891060177,0.0
1234,0.0,0.11755195342264917,0.0
1235,0.0,0.09976891530931596,0.0
1236,0.0,0.09976891530931596,0.0
1237,0.0,0.1170281515126064,0.0
1238,0.0,0.1170281515126064,0.0
1239,0.0,0.1170281515126064,0.0
1240,0.0,0.18532021636430784,0.0
1241,0.0,0.12070412597033277,0.0
1242,0.0,0.07403856722456349,0.0
1243,0.0,0.14548198213220853,0.0
1244,0.0,0.12164534089437387,0.0
1245,0.0,0.12388171580834711,0.0
1246,0.0,0.12388171580834711,0.0
1247,0.0,0.12388171580834711,0.0
1248,0.0,0.1440812361988973,0.0
1249,0.0,0.09212811603059598,0.0
1250,0.0,0.09825643473915856,0.0
1251,0.0,0.09002478808101712,0.0
1252,0.0,0.09825643473915856,0.0
1253,0.0,0.09825643473915856,0.0
1254,0.0,0.11870840462500322,0.0
1255,0.0,0.10567954078374073,0.0
1256,0.0,0.10567954078374073,0.0
1257,0.0,0.13154723726691114,0.0
1258,0.0,0.10410531974734034,0.0
1259,0.0,0.09478115206985913,0.0
1260,0.0,0.1296466995579268,0.0
1261,0.0,0.09256336307130963,0.0
1262,0.0,0.09256336307130963,0.0
1263,0.0,0.12845352072895538,0.0
1264,0.0,0.12845352072895538,0.0
1265,0.0,0.09184876632462252,0.0
1266,0.0,0.09184876632462252,0.0
1267,0.0,0.09184876632462252,0.0
1268,0.0,0.09184876632462252,0.0
1269,0.0,0.09184876632462252,0.0
1270,0.0,0.09184876632462252,0.0
1271,0.0,0.09184876632462252,0.0
1272,0.0,0.1460075799963492,0.0
1273,0.0,0.0837741584306776,0.0
1274,0.0,0.09355083454958997,0.0
1275,0.0,0.1323719519253844,0.0
1276,0.0,0.09579465114102233,0.0
1277,0.0,0.1391613217658864,0.0
1278,0.0,0.1391613217658864,0.0
1279,0.0,0.1391613217658864,0.0
1280,0.0,0.1391613217658864,0.0
1281,0.0,0.1391613217658864,0.0
1282,0.0,0.1391613217658864,0.0
1283,0.0,0.1391613217658864,0.0
1284,0.0,0.1391613217658864,0.0
1285,0.0,0.1391613217658864,0.0
1286,0.0,0.1391613217658864,0.0
1287,0.0,0.08649504691660258,0.0
1288,0.0,0.08649504691660258,0.0
1289,0.0,0.08649504691660258,0.0
1290,0.0,0.11211277743924065,0.0
1291,0.0,0.16589116232507495,0.0
1292,0.0,0.16589116232507495,0.0
1293,0.0,0.16589116232507495,0.0
1294,0.0,0.16589116232507495,0.0
1295,0.0,0.16589116232507495,0.0
1296,0.0,0.11211277743924065,0.0
1297,0.0,0.16589116232507495,0.0
1298,0.0,0.16589116232507495,0.0
1299,0.0,0.16589116232507495,0.0
1300,0.0,0.16589116232507495,0.0
1301,0.0,0.203866287425808,0.0
1302,0.0,0.12749653353393897,0.0
1303,0.0,0.10114435001693074,0.0
1304,0.0,0.12042330948481367,0.0
1305,0.0,0.13429372354260527,0.0
1306,0.0,0.11215967898581607,0.0
1307,0.0,0.12547739518389991,0.0
1308,0.0,0.1404676422622494,0.0
1309,0.0,0.10442465947205333,0.0
1310,0.0,0.10147637047801573,0.0
1311,0.0,0.15613922164306918,0.0
1312,0.0,0.24676649256967825,0.0
1313,0.0,0.10319576048586779,0.0
1314,0.0,0.12548810400084398,0.0
1315,0.0,0.12652302175503635,0.0
1316,0.0,0.12652302175503635,0.0
1317,0.0,0.12652302175503635,0.0
1318,0.0,0.12652302175503635,0.0
1319,0.0,0.1179137910633469,0.0
1320,0.0,0.12423316164815831,0.0
1321,0.0,0.12423316164815831,0.0
1322,0.0,0.1248404875592551,0.0
1323,0.0,0.12284624103671488,0.0
1324,0.0,0.11870840462500322,0.0
1325,0.0,0.11877373705190955,0.0
1326,0.0,0.07565759170480606,0.0
1327,0.0,0.08273897917497365,0.0
1328,0.0,0.1249299965901506,0.0
1329,0.0,0.1249299965901506,0.0
1330,0.0,0.09598039355083254,0.0
1331,0.0,0.1296466995579268,0.0
1332,0.0,0.10270462074411639,0.0
1333,0.0,0.1294262191992763,0.0
1334,0.0,0.14354446689766792,0.0
1335,0.0,0.14354446689766792,0.0
1336,0.0,0.1111694744799164,0.0
1337,0.0,0.1111694744799164,0.0
1338,0.0,0.1074251904069057,0.0
1339,0.0,0.1074251904069057,0.0
1340,0.0,0.15414014992649322,0.0
1341,0.0,0.15414014992649322,0.0
1342,0.0,0.10909757901964671,0.0
1343,0.0,0.10909757901964671,0.0
1344,0.0,0.10909757901964671,0.0
1345,0.0,0.10909757901964671,0.0
1346,0.0,0.1310804593755499,0.0
1347,0.0,0.10909757901964671,0.0
1348,1.0,0.3752479378457509,1.0
1349,1.0,0.3752479378457509,1.0
1350,1.0,0.3752479378457509,1.0
1351,1.0,0.3752479378457509,1.0
1352,1.0,0.3752479378457509,1.0
1353,1.0,0.3752479378457509,1.0
1354,1.0,0.3752479378457509,1.0
1355,0.0,0.18860748475266123,0.0
1356,0.0,0.12193360988047251,0.0
1357,0.0,0.12193360988047251,0.0
1358,0.0,0.10230602791346652,0.0
1359,0.0,0.12800463852591795,0.0
1360,0.0,0.14614409523715413,0.0
1361,0.0,0.12498340910909352,0.0
1362,0.0,0.18934987559096222,0.0
1363,0.0,0.20763931444223216,0.0
1364,0.0,0.20763931444223216,0.0
1365,0.0,0.13448970606995958,0.0
1366,0.0,0.13448970606995958,0.0
1367,0.0,0.10353412980028578,0.0
1368,0.0,0.12983760809370753,0.0
1369,0.0,0.15396531468150873,0.0
1370,0.0,0.09080219723461135,0.0
1371,0.0,0.09080219723461135,0.0
1372,0.0,0.10275902664747348,0.0
1373,0.0,0.09663056913320184,0.0
1374,0.0,0.09663056913320184,0.0
1375,0.0,0.10488519396381601,0.0
1376,0.0,0.10488519396381601,0.0
1377,0.0,0.13962807750077924,0.0
1378,0.0,0.14741462194178823,0.0
1379,0.0,0.19013093095945802,0.0
1380,0.0,0.14724970047765035,0.0
1381,0.0,0.1012389638754306,0.0
1382,0.0,0.1012389638754306,0.0
1383,0.0,0.1012389638754306,0.0
1384,0.0,0.1012389638754306,0.0
1385,0.0,0.1012389638754306,0.0
1386,0.0,0.1012389638754306,0.0
1387,0.0,0.1012389638754306,0.0
1388,0.0,0.1012389638754306,0.0
1389,0.0,0.1012389638754306,0.0
1390,0.0,0.1012389638754306,0.0
1391,0.0,0.10126497127211449,0.0
1392,0.0,0.10126497127211449,0.0
1393,0.0,0.10126497127211449,0.0
1394,0.0,0.11610478574678558,0.0
1395,0.0,0.12476959911746179,0.0
1396,0.0,0.13434840615226487,0.0
1397,0.0,0.14948915544918528,0.0
1398,0.0,0.11824319179463665,0.0
1399,0.0,0.11824319179463665,0.0
1400,0.0,0.08979214349446152,0.0
1401,0.0,0.08979214349446152,0.0
1402,0.0,0.08979214349446152,0.0
1403,0.0,0.10342840507242339,0.0
1404,0.0,0.08185751136699924,0.0
1405,0.0,0.12239242826865643,0.0
1406,0.0,0.12239242826865643,0.0
1407,0.0,0.12239242826865643,0.0
1408,0.0,0.10875431299063648,0.0
1409,0.0,0.10875431299063648,0.0
1410,0.0,0.10875431299063648,0.0
1411,0.0,0.10875431299063648,0.0
1412,0.0,0.13778510300063065,0.0
1413,0.0,0.12395902715855169,0.0
1414,0.0,0.11211277743924065,0.0
1415,0.0,0.09834836792452378,0.0
1416,0.0,0.09936719576021748,0.0
1417,0.0,0.09936719576021748,0.0
1418,0.0,0.1848625429993361,0.0
1419,0.0,0.1019053734699109,0.0
1420,0.0,0.10984307662800924,0.0
1421,0.0,0.08043919956912716,0.0
1422,0.0,0.09445405023597653,0.0
1423,0.0,0.10660402225591996,0.0
1424,0.0,0.11836283158914167,0.0
1425,0.0,0.19526392337197884,0.0
1426,0.0,0.19526392337197884,0.0
1427,0.0,0.19526392337197884,0.0
1428,0.0,0.09124226644538473,0.0
1429,0.0,0.09124226644538473,0.0
1430,0.0,0.09124226644538473,0.0
1431,0.0,0.09124226644538473,0.0
1432,0.0,0.09124226644538473,0.0
1433,0.0,0.09124226644538473,0.0
1434,0.0,0.11647875190221936,0.0
1435,0.0,0.09180586880491938,0.0
1436,0.0,0.09180586880491938,0.0
1437,0.0,0.08010594516919918,0.0
1438,0.0,0.08010594516919918,0.0
1439,1.0,0.32023098871888256,1.0
1440,1.0,0.32023098871888256,1.0
1441,0.0,0.14484102260635795,0.0
1442,0.0,0.12250503767761622,0.0
1443,0.0,0.1274183930519699,0.0
1444,0.0,0.13330262989292962,0.0
1445,0.0,0.2168182155398932,0.0
1446,0.0,0.17797014798985877,0.0
1447,0.0,0.17310783186280249,0.0
1448,0.0,0.1883744317717023,0.0
1449,0.0,0.13534076319625016,0.0
1450,0.0,0.2423232876107913,0.0
1451,0.0,0.08381998054849062,0.0
1452,0.0,0.08381998054849062,0.0
1453,0.0,0.16993162415011848,0.0
1454,0.0,0.08381998054849062,0.0
1455,0.0,0.08381998054849062,0.0
1456,0.0,0.08381998054849062,0.0
1457,0.0,0.08381998054849062,0.0
1458,0.0,0.07949127255807273,0.0
1459,0.0,0.07949127255807273,0.0
1460,0.0,0.11799511626700442,0.0
1461,0.0,0.19135775527623614,0.0
1462,0.0,0.19135775527623614,0.0
1463,0.0,0.08881487654177915,0.0
1464,0.0,0.08881487654177915,0.0
1465,0.0,0.09351774808382386,0.0
1466,0.0,0.09351774808382386,0.0
1467,0.0,0.09351774808382386,0.0
1468,0.0,0.14170950009828637,0.0
1469,0.0,0.10544089392016669,0.0
1470,0.0,0.12235301051746765,0.0
1471,0.0,0.1301963893950173,0.0
1472,0.0,0.1301963893950173,0.0
1473,0.0,0.1301963893950173,0.0
1474,0.0,0.1301963893950173,0.0
1475,0.0,0.1301963893950173,0.0
1476,0.0,0.1301963893950173,0.0
1477,0.0,0.1301963893950173,0.0
1478,0.0,0.05474917887184079,0.0
1479,0.0,0.14057937714251603,0.0
1480,0.0,0.12284624103671488,0.0
1481,0.0,0.10410966214343798,0.0
1482,0.0,0.08996421086793407,0.0
1483,0.0,0.1254363762787703,0.0
1484,0.0,0.16905464707061837,0.0
1485,0.0,0.1483474393904288,0.0
1486,0.0,0.11628404198530726,0.0
1487,0.0,0.12175207725707232,0.0
1488,0.0,0.14057937714251603,0.0
1489,0.0,0.15317352105642038,0.0
1490,0.0,0.15317352105642038,0.0
1491,0.0,0.15317352105642038,0.0
1492,0.0,0.15317352105642038,0.0
1493,0.0,0.15317352105642038,0.0
1494,0.0,0.13527001658676743,0.0
1495,0.0,0.13527001658676743,0.0
1496,0.0,0.13527001658676743,0.0
1497,0.0,0.13527001658676743,0.0
1498,0.0,0.13527001658676743,0.0
1499,0.0,0.11122409543823009,0.0
1500,0.0,0.10828549251327013,0.0
1501,0.0,0.11565797764115957,0.0
1502,0.0,0.0930011110964064,0.0
1503,0.0,0.1628598835696594,0.0
1504,0.0,0.14871162971830443,0.0
1505,0.0,0.08555774688251884,0.0
1506,0.0,0.08555774688251884,0.0
1507,0.0,0.09520827654699217,0.0
1508,0.0,0.11211277743924065,0.0
1509,0.0,0.07186420213556165,0.0
1510,0.0,0.09234757255659407,0.0
1511,0.0,0.09655440967893174,0.0
1512,0.0,0.12983760809370753,0.0
1513,0.0,0.09534904053783508,0.0
1514,0.0,0.09534904053783508,0.0
1515,0.0,0.09534904053783508,0.0
1516,0.0,0.12373539141443286,0.0
1517,0.0,0.14030132853131302,0.0
1518,0.0,0.10797416885515071,0.0
1519,0.0,0.10788149488366665,0.0
1520,0.0,0.08362529028503989,0.0
1521,0.0,0.08607974498834144,0.0
1522,0.0,0.08592991613862822,0.0
1523,0.0,0.1774597662606497,0.0
1524,0.0,0.19115601301036755,0.0
1525,0.0,0.11036394781080155,0.0
1526,0.0,0.11036394781080155,0.0
1527,0.0,0.09646945183798115,0.0
1528,0.0,0.10094841061757542,0.0
1529,0.0,0.11036394781080155,0.0
1530,0.0,0.11036394781080155,0.0
1531,0.0,0.10094841061757542,0.0
1532,0.0,0.12815305761637305,0.0
1533,0.0,0.13071362154884783,0.0
1534,0.0,0.1305132972708274,0.0
1535,0.0,0.100269254289821,0.0
1536,0.0,0.100269254289821,0.0
1537,0.0,0.11025222756272277,0.0
1538,0.0,0.14724970047765035,0.0
1539,0.0,0.16357626761464922,0.0
1540,0.0,0.12658059751420447,0.0
1541,0.0,0.12658059751420447,0.0
1542,0.0,0.11037366045117597,0.0
1543,0.0,0.11037366045117597,0.0
1544,0.0,0.09434954426289308,0.0
1545,0.0,0.09434954426289308,0.0
1546,0.0,0.1242992469245579,0.0
1547,0.0,0.10228184079953978,0.0
1548,0.0,0.14598581829356194,0.0
1549,0.0,0.16803014006314818,0.0
1550,0.0,0.10074745483363914,0.0
1551,0.0,0.12492170165821219,0.0
1552,0.0,0.13071362154884783,0.0
1553,0.0,0.10001158114202288,0.0
1554,0.0,0.08866088414351453,0.0
1555,0.0,0.10001158114202288,0.0
1556,0.0,0.11870840462500322,0.0
1557,0.0,0.10001158114202288,0.0
1558,0.0,0.11870840462500322,0.0
1559,0.0,0.11870840462500322,0.0
1560,0.0,0.11744624091239117,0.0
1561,0.0,0.08152449874911787,0.0
1562,0.0,0.17533496664067533,0.0
1563,0.0,0.1184200381594177,0.0
1564,0.0,0.2173644749004909,0.0
1565,0.0,0.08881487654177915,0.0
1566,0.0,0.08881487654177915,0.0
1567,0.0,0.08881487654177915,0.0
1568,0.0,0.08881487654177915,0.0
1569,0.0,0.08881487654177915,0.0
1570,0.0,0.08881487654177915,0.0
1571,0.0,0.08881487654177915,0.0
1572,0.0,0.1545094874469066,0.0
1573,1.0,0.010234507150618091,1.0
1574,0.0,0.14089551855210944,0.0
1575,0.0,0.16253532626445233,0.0
1576,0.0,0.12897046159073142,0.0
1577,0.0,0.1386945451708966,0.0
1578,0.0,0.1386945451708966,0.0
1579,0.0,0.1386945451708966,0.0
1580,0.0,0.1221241103399636,0.0
1581,0.0,0.1221241103399636,0.0
1582,0.0,0.1221241103399636,0.0
1583,0.0,0.11822682959839234,0.0
1584,0.0,0.12048153196599677,0.0
1585,0.0,0.13875971600706977,0.0
1586,0.0,0.1270294488124834,0.0
1587,0.0,0.12325869570207482,0.0
1588,0.0,0.2567411920878413,0.0
1589,0.0,0.11738995452482742,0.0
1590,0.0,0.09041034769804857,0.0
1591,0.0,0.09041034769804857,0.0
1592,0.0,0.08032785113160461,0.0
1593,0.0,0.1525548758076923,0.0
1594,0.0,0.13707767031826348,0.0
1595,0.0,0.13007165440736973,0.0
1596,0.0,0.13007165440736973,0.0
1597,0.0,0.0826345316610396,0.0
1598,0.0,0.08721817938047605,0.0
1599,0.0,0.08645235108971958,0.0
1600,0.0,0.12469665270222999,0.0
1601,0.0,0.11021096502278824,0.0
1602,0.0,0.11021096502278824,0.0
1603,0.0,0.10559530333640217,0.0
1604,0.0,0.13252343157394475,0.0
1605,1.0,-0.008213261181496838,1.0
1606,0.0,0.13639344415693955,0.0
1607,0.0,0.15216090185969444,0.0
1608,0.0,0.1632803107218991,0.0
1609,0.0,0.1366403206529016,0.0
1610,0.0,0.10482781985987835,0.0
1611,0.0,0.11983551709640752,0.0
1612,0.0,0.09278964199290746,0.0
1613,0.0,0.10140108020932018,0.0
1614,0.0,0.10757671613840755,0.0
1615,0.0,0.09033153221586437,0.0
1616,0.0,0.11160685146683155,0.0
1617,0.0,0.16652192778331043,0.0
1618,0.0,0.08761344726635846,0.0
1619,0.0,0.13195239925574154,0.0
1620,0.0,0.21190382202131966,0.0
1621,0.0,0.17262010087478885,0.0
1622,0.0,0.10691570863297954,0.0
1623,0.0,0.0892100246677548,0.0
1624,0.0,0.15006188791557323,0.0
1625,0.0,0.12850248052467808,0.0
1626,0.0,0.1517990642189967,0.0
1627,0.0,0.12850248052467808,0.0
1628,0.0,0.140825566799181,0.0
1629,0.0,0.17299641612239994,0.0
1630,0.0,0.12918270391612807,0.0
1631,0.0,0.11562086148204369,0.0
1632,0.0,0.14758282059931424,0.0
1633,0.0,0.1100046992737082,0.0
1634,0.0,0.1291271255704791,0.0
1635,0.0,0.10517622327073951,0.0
1636,0.0,0.16357626761464922,0.0
1637,0.0,0.15103447774388368,0.0
1638,0.0,0.0837088991077643,0.0
1639,0.0,0.10302225596849424,0.0
1640,0.0,0.11900535893354011,0.0
1641,0.0,0.1118930315104573,0.0
1642,0.0,0.24092519239082075,0.0
1643,0.0,0.18222642225104418,0.0
1644,0.0,0.0942623832848806,0.0
1645,0.0,0.0942623832848806,0.0
1646,0.0,0.08064298842947824,0.0
1647,0.0,0.08064298842947824,0.0
1648,0.0,0.08064298842947824,0.0
1649,0.0,0.08064298842947824,0.0
1650,0.0,0.08064298842947824,0.0
1651,0.0,0.08064298842947824,0.0
1652,0.0,0.08064298842947824,0.0
1653,0.0,0.08064298842947824,0.0
1654,0.0,0.16815977714190275,0.0
1655,0.0,0.10034557389814378,0.0
1656,0.0,0.11030742832909136,0.0
1657,0.0,0.17265347191827188,0.0
1658,0.0,0.14483883288748914,0.0
1659,0.0,0.11783766557316297,0.0
1660,0.0,0.12141567786797934,0.0
1661,0.0,0.12402063932118229,0.0
1662,0.0,0.1063445696916689,0.0
1663,0.0,0.0830395624317788,0.0
1664,0.0,0.1228950601319226,0.0
1665,0.0,0.09116592414652619,0.0
1666,0.0,0.11616650814850027,0.0
1667,0.0,0.24713510943550504,0.0
1668,0.0,0.1435543711539465,0.0
1669,0.0,0.23319346473135852,0.0
1670,0.0,0.1508978997266655,0.0
1671,0.0,0.13051657149125181,0.0
1672,0.0,0.09416023861876245,0.0
1673,0.0,0.10971190472884682,0.0
1674,0.0,0.14758282059931424,0.0
1675,0.0,0.11574709009600023,0.0
1676,0.0,0.09305636657853902,0.0
1677,0.0,0.16761706355765016,0.0
1678,0.0,0.23196846325597617,0.0
1679,0.0,0.05474917887184079,0.0
1680,0.0,0.11605252049826517,0.0
1681,0.0,0.20378316802665752,0.0
1682,0.0,0.1277814362385196,0.0
1683,0.0,0.14642599348039378,0.0
1684,0.0,0.11598381882052483,0.0
1685,0.0,0.14434141083137814,0.0
1686,0.0,0.10927500008250154,0.0
1687,0.0,0.1511983144685046,0.0
1688,0.0,0.14640147991893943,0.0
1689,0.0,0.20719816586894302,0.0
1690,0.0,0.13713403267161073,0.0
1691,0.0,0.10029343713998626,0.0
1692,0.0,0.08170356808961445,0.0
1693,0.0,0.11698108855898771,0.0
1694,0.0,0.12267280027922595,0.0
1695,0.0,0.08672704040844675,0.0
1696,0.0,0.13220673992859,0.0
1697,0.0,0.15226863595306608,0.0
1698,0.0,0.12655119042691718,0.0
1699,0.0,0.0829979772344305,0.0
1700,0.0,0.07320913705030696,0.0
1701,0.0,0.11966563555486812,0.0
1702,0.0,0.20437800424494576,0.0
1703,0.0,0.1733515402421566,0.0
1704,0.0,0.1445949107657044,0.0
1705,0.0,0.1680349646965379,0.0
1706,0.0,0.1524934621852808,0.0
1707,0.0,0.10456259439552401,0.0
1708,0.0,0.1336023069237498,0.0
1709,0.0,0.1345545378632402,0.0
1710,0.0,0.0983618701457557,0.0
1711,0.0,0.11619838017406134,0.0
1712,0.0,0.18022002807980464,0.0
1713,0.0,0.3325186833411853,0.0
1714,0.0,0.12962179735605198,0.0
1715,0.0,0.13753292874882544,0.0
1716,0.0,0.1968587922523285,0.0
1717,0.0,0.19849948698347267,0.0
1718,0.0,0.13094472762485165,0.0
1719,0.0,0.18370215576500312,0.0
1720,0.0,0.1394334488799622,0.0
1721,0.0,0.07749949274835888,0.0
1722,0.0,0.07749949274835888,0.0
1723,0.0,0.07749949274835888,0.0
1724,0.0,0.07749949274835888,0.0
1725,0.0,0.07749949274835888,0.0
1726,0.0,0.10073965690548264,0.0
1727,0.0,0.23590147153492186,0.0
1728,0.0,0.09283175326134804,0.0
1729,0.0,0.08520077775819028,0.0
1730,0.0,0.24713510943550504,0.0
1731,0.0,0.1816592506260551,0.0
1732,0.0,0.08038842834468765,0.0
1733,0.0,0.12165203042146852,0.0
1734,0.0,0.12165203042146852,0.0
1735,0.0,0.12165203042146852,0.0
1736,0.0,0.12165203042146852,0.0
1737,0.0,0.10029343713998626,0.0
1738,0.0,0.10838245988400844,0.0
1739,0.0,0.12581239030157262,0.0
1740,0.0,0.097422662418452,0.0
1741,0.0,0.1243975590961231,0.0
1742,0.0,0.09450798503640503,0.0
1743,0.0,0.1363138701946825,0.0
1744,0.0,0.18621137520032643,0.0
1745,0.0,0.09487560940059361,0.0
1746,0.0,0.13760214577299895,0.0
1747,0.0,0.06269732662810347,0.0
1748,0.0,0.0553398908338409,0.0
1749,0.0,0.13659781398914006,0.0
1750,0.0,0.09283175326134804,0.0
1751,0.0,0.09283175326134804,0.0
1752,0.0,0.14961753230063196,0.0
1753,0.0,0.14961753230063196,0.0
1754,0.0,0.13100066854015732,0.0
1755,0.0,0.22791394243118968,0.0
1756,0.0,0.0826345316610396,0.0
1757,0.0,0.14658871311810012,0.0
1758,0.0,0.14658871311810012,0.0
1759,0.0,0.1490850360023197,0.0
1760,0.0,0.15669705291177674,0.0
1761,0.0,0.10293020114854518,0.0
1762,0.0,0.13693057368472214,0.0
1763,0.0,0.11988233864323398,0.0
1764,0.0,0.11988233864323398,0.0
1765,0.0,0.11988233864323398,0.0
1766,0.0,0.09630793471746235,0.0
1767,0.0,0.1035303902151921,0.0
1768,0.0,0.27843332892328465,0.0
1769,0.0,0.10630003791085195,0.0
1770,0.0,0.10439449492098886,0.0
1771,0.0,0.09421279126671857,0.0
1772,0.0,0.15046029863306898,0.0
1773,0.0,0.09283175326134804,0.0
1774,0.0,0.08357704248166099,0.0
1775,0.0,0.08676755566618181,0.0
1776,0.0,0.2026165561074895,0.0
1777,0.0,0.1376910975182094,0.0
1778,0.0,0.1453835178258812,0.0
1779,0.0,0.19333172813648547,0.0
1780,0.0,0.15367896775433573,0.0
1781,0.0,0.13023691108456098,0.0
1782,0.0,0.2333120101062534,0.0
1783,0.0,0.13182589986577048,0.0
1784,0.0,0.15669705291177674,0.0
1785,0.0,0.1397194462942815,0.0
1786,0.0,0.1097374038890914,0.0
1787,0.0,0.14371898560310536,0.0
1788,0.0,0.14146997919952736,0.0
1789,0.0,0.08728617939009388,0.0
1790,0.0,0.13893630809038754,0.0
1791,0.0,0.24713510943550504,0.0
1792,0.0,0.11437413142872122,0.0
1793,0.0,0.08871482408048659,0.0
1794,0.0,0.21531929123740412,0.0
1795,0.0,0.14538772944194073,0.0
1796,0.0,0.11481817368250535,0.0
1797,0.0,0.1435543711539465,0.0
1798,0.0,0.17377005633265896,0.0
1799,0.0,0.20963648455292752,0.0
1800,0.0,0.12894850660437027,0.0
1801,0.0,0.11872760731862081,0.0
1802,0.0,0.15611955289896054,0.0
1803,0.0,0.22726265813480198,0.0
1804,0.0,0.10611618611906408,0.0
1805,0.0,0.1363138701946825,0.0
1806,0.0,0.08426428675563256,0.0
1807,0.0,0.09598239448385397,0.0
1808,0.0,0.12523601644801297,0.0
1809,0.0,0.14197548144730737,0.0
1810,0.0,0.1589680198672013,0.0
1811,0.0,0.14197548144730737,0.0
1812,0.0,0.27843332892328465,0.0
1813,0.0,0.09806933913481886,0.0
1814,0.0,0.13008114529121845,0.0
1815,0.0,0.2704918027518771,0.0
1816,0.0,0.19634586668897472,0.0
1817,0.0,0.15734978530403818,0.0
1818,0.0,0.21606108884548164,0.0
1819,0.0,0.18149393777707468,0.0
1820,0.0,0.1786684823439058,0.0
1821,0.0,0.14073579616257004,0.0
1822,0.0,0.11695305600737277,0.0
1823,0.0,0.14671479813056157,0.0
1824,0.0,0.13566914267422817,0.0
1825,0.0,0.2083480347058091,0.0
1826,0.0,0.27035494705740903,0.0
1827,0.0,0.1077973909510601,0.0
1828,0.0,0.10595990256039618,0.0
1829,0.0,0.10595990256039618,0.0
1830,0.0,0.11340716173040684,0.0
1831,0.0,0.12856284731324197,0.0
1832,0.0,0.12332609419278752,0.0
1833,0.0,0.1800086673429585,0.0
1834,0.0,0.19333172813648547,0.0
1835,0.0,0.1430080952596789,0.0
1836,0.0,0.10912047621645168,0.0
1837,0.0,0.12154341549017637,0.0
1838,0.0,0.0817871076180355,0.0
1839,0.0,0.16064782032843253,0.0
1840,0.0,0.12034242606217416,0.0
1841,0.0,0.1196483730722182,0.0
1842,0.0,0.14488594080122408,0.0
1843,0.0,0.13991293554662318,0.0
1844,0.0,0.18069030491848959,0.0
1845,0.0,0.18178730016779257,0.0
1846,0.0,0.14146062912772264,0.0
1847,0.0,0.10200423893872557,0.0
1848,0.0,0.10247517175753053,0.0
1849,0.0,0.14661421749712283,0.0
1850,0.0,0.14661421749712283,0.0
1851,0.0,0.11139820656649906,0.0
1852,0.0,0.12064216849210412,0.0
1853,0.0,0.12064216849210412,0.0
1854,0.0,0.1397194462942815,0.0
1855,0.0,0.14315023375279243,0.0
1856,0.0,0.23504309268348372,0.0
1857,0.0,0.18516665486861805,0.0
1858,0.0,0.27843332892328465,0.0
1859,0.0,0.10726271343488343,0.0
1860,0.0,0.20089422171422927,0.0
1861,0.0,0.21684683125982998,0.0
1862,0.0,0.18598188618422723,0.0
1863,0.0,0.1603102919136256,0.0
1864,0.0,0.2194097213226885,0.0
1865,0.0,0.11242706110640778,0.0
1866,0.0,0.11242706110640778,0.0
1867,0.0,0.16765108291365138,0.0
1868,0.0,0.16473172832802185,0.0
1869,0.0,0.09865505134714274,0.0
1870,0.0,0.09865505134714274,0.0
1871,0.0,0.2766521930667269,0.0
1872,0.0,0.2766521930667269,0.0
1873,0.0,0.1524117143487222,0.0
1874,0.0,0.11836062195460663,0.0
1875,0.0,0.09177611816516434,0.0
1876,0.0,0.12361582388133406,0.0
1877,0.0,0.13139403728796303,0.0
1878,0.0,0.1508359738710869,0.0
1879,0.0,0.21918355522939592,0.0
1880,0.0,0.2903235393308233,0.0
1881,0.0,0.08656034076576778,0.0
1882,0.0,0.2719062499280813,0.0
1883,0.0,0.08745483420739866,0.0
1884,0.0,0.08902575143028035,0.0
1885,0.0,0.08748526136837526,0.0
1886,0.0,0.18109283738763596,0.0
1887,0.0,0.18109283738763596,0.0
1888,0.0,0.1229685124445817,0.0
1889,0.0,0.13740037872722466,0.0
1890,0.0,0.12053709750630005,0.0
1891,0.0,0.13834804011490814,0.0
1892,0.0,0.09780300311635773,0.0
1893,0.0,0.20124334162737378,0.0
1894,0.0,0.2513318847699051,0.0
1895,0.0,0.2513318847699051,0.0
1896,0.0,0.1435543711539465,0.0
1897,0.0,0.15669705291177674,0.0
1898,0.0,0.2161030229928634,0.0
1899,0.0,0.0887358544548802,0.0
1900,0.0,0.17913697492878336,0.0
1901,0.0,0.12154341549017637,0.0
1902,0.0,0.21712975046108965,0.0
1903,0.0,0.3182750935369324,0.0
1904,0.0,0.1435543711539465,0.0
1905,0.0,0.0553398908338409,0.0
1906,0.0,0.15141610243665898,0.0
1907,0.0,0.13086052710221324,0.0
1908,0.0,0.11013792164498287,0.0
1909,0.0,0.09227473395762481,0.0
1910,0.0,0.14197170650540075,0.0
1911,0.0,0.1459141910159189,0.0
1912,0.0,0.0984445423574351,0.0
1913,0.0,0.2409653247496355,0.0
1914,0.0,0.10434609839735454,0.0
1915,0.0,0.11362450893030425,0.0
1916,0.0,0.2128678991492976,0.0
1917,0.0,0.10059282606569492,0.0
1918,0.0,0.10059282606569492,0.0
1919,0.0,0.08357704248166099,0.0
1920,0.0,0.14286505465278324,0.0
1921,0.0,0.23905672756962942,0.0
1922,0.0,0.17358086876017945,0.0
1923,0.0,0.14515954632474484,0.0
1924,0.0,0.10093918735673751,0.0
1925,0.0,0.2447950444261605,0.0
1926,0.0,0.10137593252481984,0.0
1927,0.0,0.13220968054510251,0.0
1928,0.0,0.15046837410320155,0.0
1929,0.0,0.1759362855202348,0.0
1930,0.0,0.1186795402386035,0.0
1931,0.0,0.2013140959814324,0.0
1932,0.0,0.09809749758933893,0.0
1933,0.0,0.30137634393072155,0.0
1934,0.0,0.08328190583028687,0.0
1935,0.0,0.15398892404553038,0.0
1936,0.0,0.15398892404553038,0.0
1937,0.0,0.1784104255170294,0.0
1938,0.0,0.1784104255170294,0.0
1939,0.0,0.18326433913865173,0.0
1940,0.0,0.18326433913865173,0.0
1941,0.0,0.171115500434467,0.0
1942,0.0,0.10375465699697736,0.0
1943,0.0,0.2731918187851218,0.0
1944,0.0,0.11437413142872122,0.0
1945,0.0,0.1340689749463609,0.0
1946,0.0,0.1435543711539465,0.0
1947,0.0,0.1597366324088526,0.0
1948,0.0,0.08615521307062261,0.0
1949,0.0,0.10442363507476535,0.0
1950,0.0,0.10442363507476535,0.0
1951,0.0,0.24080846445642046,0.0
1952,0.0,0.24080846445642046,0.0
1953,0.0,0.12095193501752119,0.0
1954,0.0,0.1146925575895968,0.0
1955,0.0,0.11932333544481062,0.0
1956,0.0,0.11932333544481062,0.0
1957,0.0,0.1042941989250756,0.0
1958,0.0,0.08901800251609997,0.0
1959,0.0,0.11437413142872122,0.0
1960,0.0,0.155575815515393,0.0
1961,0.0,0.14717247469449077,0.0
1962,0.0,0.2728960223907714,0.0
1963,0.0,0.16505148632922764,0.0
1964,0.0,0.12490895641945313,0.0
1965,0.0,0.11621945946163159,0.0
1966,0.0,0.171115500434467,0.0
1967,0.0,0.13729781142584405,0.0
1968,0.0,0.16057968889623253,0.0
1969,0.0,0.11664887320217054,0.0
1970,0.0,0.3383528359259975,0.0
1971,0.0,0.08600943650639008,0.0
1972,0.0,0.20829284043211668,0.0
1973,0.0,0.1370495290665443,0.0
1974,0.0,0.11748807054647578,0.0
1975,1.0,0.30779932807433646,1.0
1976,0.0,0.15621365377371674,0.0
1977,0.0,0.22337726042878328,0.0
1978,0.0,0.18181469228999114,0.0
1979,0.0,0.23032174258831103,0.0
1980,0.0,0.11423748885408117,0.0
1981,0.0,0.22908823698550693,0.0
1982,0.0,0.13772726718539335,0.0
1983,0.0,0.1216039863602352,0.0
1984,0.0,0.15534991632665704,0.0
1985,0.0,0.11812484637825237,0.0
1986,0.0,0.1309375500950273,0.0
1987,0.0,0.1413685522507305,0.0
1988,0.0,0.1413685522507305,0.0
1989,0.0,0.19921496295598168,0.0
1990,0.0,0.12511952959404526,0.0
1991,0.0,0.16966347834272166,0.0
1992,0.0,0.16966347834272166,0.0
1993,0.0,0.2673323693243341,0.0
1994,0.0,0.2673323693243341,0.0
1995,0.0,0.11382785553445363,0.0
1996,0.0,0.0803638505982357,0.0
1997,0.0,0.1578011696712375,0.0
1998,0.0,0.2403690395005944,0.0
1999,0.0,0.14004314463730044,0.0
2000,0.0,0.14365764790176694,0.0
2001,0.0,0.14365764790176694,0.0
2002,0.0,0.12095193501752119,0.0
2003,0.0,0.11856725075464454,0.0
2004,0.0,0.11856725075464454,0.0
2005,0.0,0.15154089360583653,0.0
2006,0.0,0.14203247052060566,0.0
2007,0.0,0.08462392305541196,0.0
2008,0.0,0.20131594956860055,0.0
2009,0.0,0.179101239088344,0.0
2010,0.0,0.1915232145996915,0.0
2011,0.0,0.14808438922704362,0.0
2012,0.0,0.09136448872928335,0.0
2013,0.0,0.15895341462649545,0.0
2014,0.0,0.13892429332384276,0.0
2015,0.0,0.22485753547467255,0.0
2016,0.0,0.10694954167063926,0.0
2017,0.0,0.11524571979014805,0.0
2018,0.0,0.15327332819534364,0.0
2019,0.0,0.1501108523864813,0.0
2020,0.0,0.14148419002034393,0.0
2021,0.0,0.08328190583028687,0.0
2022,0.0,0.17298938828752425,0.0
2023,0.0,0.10306934255051052,0.0
2024,0.0,0.1167440562507265,0.0
2025,0.0,0.13945166416464524,0.0
2026,0.0,0.15669705291177674,0.0
2027,0.0,0.1688591387197483,0.0
2028,0.0,0.1438118437849573,0.0
2029,0.0,0.22485753547467255,0.0
2030,0.0,0.1370495290665443,0.0
2031,0.0,0.11524571979014805,0.0
2032,0.0,0.11524571979014805,0.0
2033,0.0,0.12893522807220578,0.0
2034,1.0,0.1892295329501572,1.0
2035,0.0,0.08656034076576778,0.0
2036,0.0,0.15422632649248746,0.0
2037,0.0,0.15994832064418485,0.0
2038,0.0,0.14203247052060566,0.0
2039,0.0,0.24006154475739996,0.0
2040,0.0,0.1818742351342534,0.0
2041,0.0,0.14636561090929837,0.0
2042,0.0,0.15534991632665704,0.0
2043,0.0,0.11019893285350527,0.0
2044,0.0,0.19738861879577427,0.0
2045,0.0,0.2523063862438757,0.0
2046,0.0,0.2503174364061848,0.0
2047,0.0,0.08316324082096202,0.0
2048,0.0,0.11920953226580269,0.0
2049,0.0,0.11920953226580269,0.0
2050,0.0,0.15962205282919203,0.0
2051,0.0,0.15962205282919203,0.0
2052,0.0,0.19327442658636768,0.0
2053,0.0,0.08380791346449926,0.0
2054,0.0,0.10502511501862118,0.0
2055,0.0,0.15124658070807914,0.0
2056,0.0,0.15046837410320155,0.0
2057,0.0,0.16877953173715796,0.0
2058,0.0,0.11308999230950376,0.0
2059,0.0,0.1470271042697958,0.0
2060,0.0,0.1564767783528157,0.0
2061,0.0,0.24197535698095612,0.0
2062,0.0,0.1786108864684844,0.0
2063,0.0,0.2732647934513023,0.0
2064,0.0,0.14201391423806217,0.0
2065,0.0,0.30210948396146997,0.0
2066,0.0,0.14183851773305012,0.0
2067,0.0,0.13849900097782242,0.0
2068,0.0,0.1393550302350811,0.0
2069,0.0,0.3080979926493067,0.0
2070,0.0,0.10137593252481984,0.0
2071,0.0,0.15895341462649545,0.0
2072,0.0,0.14106015095106197,0.0
2073,0.0,0.2426759729873919,0.0
2074,0.0,0.13892429332384276,0.0
2075,0.0,0.23042083518375003,0.0
2076,0.0,0.1287195257335035,0.0
2077,0.0,0.16864131176131106,0.0
2078,0.0,0.15786311618817858,0.0
2079,0.0,0.10188176340778063,0.0
2080,0.0,0.12449998220265666,0.0
2081,0.0,0.2006959097096344,0.0
2082,1.0,0.15885520371105463,1.0
2083,0.0,0.17453611719313522,0.0
2084,0.0,0.15046837410320155,0.0
2085,0.0,0.14636561090929837,0.0
2086,0.0,0.10782621556547052,0.0
2087,0.0,0.21563119793036134,0.0
2088,0.0,0.14471338165724862,0.0
2089,0.0,0.19741499619555844,0.0
2090,0.0,0.19741499619555844,0.0
2091,0.0,0.12767033339419395,0.0
2092,0.0,0.18947004473199394,0.0
2093,0.0,0.18947004473199394,0.0
2094,0.0,0.15895341462649545,0.0
2095,0.0,0.1140138992014726,0.0
2096,0.0,0.10423735654996298,0.0
2097,0.0,0.11126230278904453,0.0
2098,0.0,0.11126230278904453,0.0
2099,0.0,0.09876379968981314,0.0
2100,0.0,0.15918338033368298,0.0
2101,0.0,0.15918338033368298,0.0
2102,0.0,0.20161091083698965,0.0
2103,0.0,0.20161091083698965,0.0
2104,0.0,0.17654797406546616,0.0
2105,0.0,0.15405408663775041,0.0
2106,0.0,0.15405408663775041,0.0
2107,0.0,0.09401096209810719,0.0
2108,0.0,0.15699857195114209,0.0
2109,0.0,0.23916694180448214,0.0
2110,0.0,0.15889347268427528,0.0
2111,0.0,0.15599727550464326,0.0
2112,0.0,0.11280754686957545,0.0
2113,0.0,0.08272355679147822,0.0
2114,0.0,0.11283217329201983,0.0
2115,0.0,0.10219558306442791,0.0
2116,0.0,0.16975381527056443,0.0
2117,0.0,0.1915983570018349,0.0
2118,0.0,0.08328190583028687,0.0
2119,0.0,0.144974904354427,0.0
2120,0.0,0.13777561468477958,0.0
2121,0.0,0.12407497941301245,0.0
2122,0.0,0.20152080765814037,0.0
2123,0.0,0.12400998805597631,0.0
2124,0.0,0.19291058458824772,0.0
2125,0.0,0.15747984800572007,0.0
2126,0.0,0.14703731354684457,0.0
2127,0.0,0.09919101526949195,0.0
2128,0.0,0.10365582482261548,0.0
2129,0.0,0.2055682449424007,0.0
2130,0.0,0.2055682449424007,0.0
2131,0.0,0.1707082119251138,0.0
2132,0.0,0.14391363827825723,0.0
2133,0.0,0.11484853004890261,0.0
2134,0.0,0.11912623640676961,0.0
2135,0.0,0.12766837544619,0.0
2136,1.0,0.1882731833657995,1.0
2137,1.0,0.30540053307898357,1.0
2138,0.0,0.1481304361194259,0.0
2139,0.0,0.10913451350100593,0.0
2140,0.0,0.10915554485076807,0.0
2141,0.0,0.10735008953976155,0.0
2142,0.0,0.12304716041567108,0.0
2143,0.0,0.152101876940377,0.0
2144,0.0,0.18599506263529836,0.0
2145,0.0,0.19909716593241825,0.0
2146,0.0,0.19909716593241825,0.0
2147,0.0,0.1241281303760954,0.0
2148,0.0,0.09809749758933893,0.0
2149,0.0,0.15895341462649545,0.0
2150,0.0,0.13945166416464524,0.0
2151,0.0,0.26825622803565896,0.0
2152,0.0,0.14413298567683078,0.0
2153,0.0,0.12004922573564922,0.0
2154,0.0,0.1410282596453579,0.0
2155,0.0,0.1915983570018349,0.0
2156,0.0,0.07485283762154533,0.0
2157,0.0,0.15351231103751406,0.0
2158,0.0,0.14778932963700572,0.0
2159,0.0,0.15981969757564188,0.0
2160,0.0,0.15981969757564188,0.0
2161,0.0,0.16864131176131106,0.0
2162,0.0,0.12979826348037013,0.0
2163,0.0,0.1915983570018349,0.0
2164,0.0,0.1765850113659779,0.0
2165,0.0,0.14031832315405066,0.0
2166,0.0,0.13094124359931872,0.0
2167,0.0,0.1491332794132413,0.0
2168,0.0,0.13937613911490945,0.0
2169,0.0,0.06907866889121746,0.0
2170,0.0,0.15636146472387077,0.0
2171,1.0,-0.2045354107642212,1.0
2172,0.0,0.19694896265462972,0.0
2173,0.0,0.12619918934727514,0.0
2174,0.0,0.3477414396401441,0.0
2175,0.0,0.15818560203996004,0.0
2176,0.0,0.15485926815503592,0.0
2177,0.0,0.2825402041319841,0.0
2178,0.0,0.1259899398862234,0.0
2179,0.0,0.16412640136676168,0.0
2180,0.0,0.1915983570018349,0.0
2181,0.0,0.16999774358537253,0.0
2182,0.0,0.26341811423490014,0.0
2183,0.0,0.13257764272740394,0.0
2184,0.0,0.13257764272740394,0.0
2185,0.0,0.17679437781630486,0.0
2186,0.0,0.17679437781630486,0.0
2187,0.0,0.109024349028236,0.0
2188,0.0,0.11296257260369845,0.0
2189,0.0,0.22084675229003684,0.0
2190,0.0,0.24525587915212652,0.0
2191,0.0,0.15865407183086605,0.0
2192,0.0,0.105653627443072,0.0
2193,0.0,0.1303447714014593,0.0
2194,0.0,0.13262303735520614,0.0
2195,0.0,0.11317270178249557,0.0
2196,0.0,0.146151174712777,0.0
2197,0.0,0.15395876383211488,0.0
2198,0.0,0.24332819431994615,0.0
2199,0.0,0.1235949751177181,0.0
2200,0.0,0.224645333070278,0.0
2201,0.0,0.1332748964950075,0.0
2202,0.0,0.11087467417682442,0.0
2203,0.0,0.07506276926100404,0.0
2204,0.0,0.20359127776463448,0.0
2205,0.0,0.14986008687791832,0.0
2206,0.0,0.18913106861100146,0.0
2207,0.0,0.18797220073307364,0.0
2208,0.0,0.0652458339551472,0.0
2209,0.0,0.1928130268427081,0.0
2210,0.0,0.08935237203815849,0.0
2211,0.0,0.18055920686948998,0.0
2212,0.0,0.14851053356108243,0.0
2213,0.0,0.14639474436344754,0.0
2214,0.0,0.06344422178380812,0.0
2215,0.0,0.16517930124225955,0.0
2216,0.0,0.16412640136676168,0.0
2217,0.0,0.204928103299543,0.0
2218,0.0,0.10143335104635261,0.0
2219,0.0,0.3719601748827303,0.0
2220,0.0,0.10505367714349317,0.0
2221,0.0,0.0907305209869362,0.0
2222,0.0,0.08906285281026036,0.0
2223,0.0,0.08906285281026036,0.0
2224,0.0,0.12015502496142709,0.0
2225,0.0,0.2065473351223482,0.0
2226,0.0,0.2065473351223482,0.0
2227,0.0,0.09380436548807511,0.0
2228,0.0,0.10233399150031935,0.0
2229,0.0,0.10233399150031935,0.0
2230,0.0,0.12815859331733817,0.0
2231,0.0,0.23371239163227778,0.0
2232,0.0,0.132228027337132,0.0
2233,0.0,0.10662653936541214,0.0
2234,0.0,0.1921293064010548,0.0
2235,0.0,0.17514614609104484,0.0
2236,0.0,0.12739315530245124,0.0
2237,0.0,0.18194010216599435,0.0
2238,0.0,0.12693258778727232,0.0
2239,0.0,0.12693258778727232,0.0
2240,0.0,0.17401054347288022,0.0
2241,0.0,0.17401054347288022,0.0
2242,0.0,0.17401054347288022,0.0
2243,0.0,0.10747017453634597,0.0
2244,0.0,0.10747017453634597,0.0
2245,0.0,0.12698304907799407,0.0
2246,0.0,0.12698304907799407,0.0
2247,0.0,0.12698304907799407,0.0
2248,0.0,0.12698304907799407,0.0
2249,0.0,0.12698304907799407,0.0
2250,0.0,0.12698304907799407,0.0
2251,0.0,0.12698304907799407,0.0
2252,0.0,0.12982640256957365,0.0
2253,0.0,0.12698304907799407,0.0
2254,0.0,0.12698304907799407,0.0
2255,0.0,0.12698304907799407,0.0
2256,0.0,0.12698304907799407,0.0
2257,0.0,0.12698304907799407,0.0
2258,0.0,0.12698304907799407,0.0
2259,0.0,0.12698304907799407,0.0
2260,0.0,0.12698304907799407,0.0
2261,0.0,0.12698304907799407,0.0
2262,0.0,0.12698304907799407,0.0
2263,0.0,0.12698304907799407,0.0
2264,0.0,0.12698304907799407,0.0
2265,0.0,0.1263423297858197,0.0
2266,0.0,0.1263423297858197,0.0
2267,0.0,0.11891049969991188,0.0
2268,0.0,0.11891049969991188,0.0
2269,0.0,0.11891049969991188,0.0
2270,0.0,0.11891049969991188,0.0
2271,0.0,0.11891049969991188,0.0
2272,0.0,0.11891049969991188,0.0
2273,0.0,0.11891049969991188,0.0
2274,0.0,0.11891049969991188,0.0
2275,0.0,0.11891049969991188,0.0
2276,0.0,0.11891049969991188,0.0
2277,0.0,0.11891049969991188,0.0
2278,0.0,0.11891049969991188,0.0
2279,0.0,0.10965407640021368,0.0
2280,0.0,0.11891049969991188,0.0
2281,0.0,0.11891049969991188,0.0
2282,0.0,0.11891049969991188,0.0
2283,0.0,0.11891049969991188,0.0
2284,0.0,0.11891049969991188,0.0
2285,0.0,0.11891049969991188,0.0
2286,0.0,0.2380935516750015,0.0
2287,0.0,0.2380935516750015,0.0
2288,0.0,0.2380935516750015,0.0
2289,0.0,0.1355930972452979,0.0
2290,0.0,0.14869020331504443,0.0
2291,0.0,0.14869020331504443,0.0
2292,0.0,0.17999011412695803,0.0
2293,0.0,0.21641992884289132,0.0
2294,0.0,0.21641992884289132,0.0
2295,0.0,0.21641992884289132,0.0
2296,1.0,-0.5572530083319254,1.0
2297,0.0,0.17378581780027677,0.0
2298,1.0,-0.6372581500524982,1.0
2299,1.0,-0.6372581500524982,1.0
2300,0.0,0.46206590640129613,0.0
2301,0.0,0.46206590640129613,0.0
2302,0.0,0.10602104807962943,0.0
2303,0.0,0.10602104807962943,0.0
2304,0.0,0.10602104807962943,0.0
2305,0.0,0.10602104807962943,0.0
2306,0.0,0.10602104807962943,0.0
2307,0.0,0.10602104807962943,0.0
2308,0.0,0.10602104807962943,0.0
2309,0.0,0.10602104807962943,0.0
2310,0.0,0.10602104807962943,0.0
2311,0.0,0.10602104807962943,0.0
2312,0.0,0.15252124860903693,0.0
2313,0.0,0.15252124860903693,0.0
2314,0.0,0.10514604232401839,0.0
2315,0.0,0.15252124860903693,0.0
2316,0.0,0.15252124860903693,0.0
2317,0.0,0.10514604232401839,0.0
2318,0.0,0.10776709902988535,0.0
2319,0.0,0.10776709902988535,0.0
2320,0.0,0.10776709902988535,0.0
2321,0.0,0.10776709902988535,0.0
2322,0.0,0.10776709902988535,0.0
2323,0.0,0.10615262174600867,0.0
2324,0.0,0.10615262174600867,0.0
2325,0.0,0.10615262174600867,0.0
2326,0.0,0.10751441224091887,0.0
2327,0.0,0.10751441224091887,0.0
2328,0.0,0.10751441224091887,0.0
2329,0.0,0.10751441224091887,0.0
2330,0.0,0.10751441224091887,0.0
2331,0.0,0.10615262174600867,0.0
2332,0.0,0.10615262174600867,0.0
2333,0.0,0.11568268434885262,0.0
2334,0.0,0.11768104216547208,0.0
2335,0.0,0.20120036398425306,0.0
2336,0.0,0.15136232285181975,0.0
2337,0.0,0.15136232285181975,0.0
2338,0.0,0.09915321360850933,0.0
2339,0.0,0.09915321360850933,0.0
2340,0.0,0.09915321360850933,0.0
2341,0.0,0.11601089879498366,0.0
2342,0.0,0.1938475002424467,0.0
2343,0.0,0.1938475002424467,0.0
2344,0.0,0.1938475002424467,0.0
2345,0.0,0.1938475002424467,0.0
2346,0.0,0.1938475002424467,0.0
2347,0.0,0.18691335978318327,0.0
2348,0.0,0.18691335978318327,0.0
2349,0.0,0.18691335978318327,0.0
2350,0.0,0.18691335978318327,0.0
2351,0.0,0.13028711499231152,0.0
2352,0.0,0.15346956122576863,0.0
2353,0.0,0.13028711499231152,0.0
2354,0.0,0.13028711499231152,0.0
2355,0.0,0.15976380073457483,0.0
2356,0.0,0.15976380073457483,0.0
2357,0.0,0.14911899823042482,0.0
2358,0.0,0.14911899823042482,0.0
2359,0.0,0.11951227634247535,0.0
2360,0.0,0.11951227634247535,0.0
2361,0.0,0.11951227634247535,0.0
2362,0.0,0.11951227634247535,0.0
2363,0.0,0.11951227634247535,0.0
2364,0.0,0.11836723065817004,0.0
2365,0.0,0.11836723065817004,0.0
2366,0.0,0.12333941450720301,0.0
2367,0.0,0.12333941450720301,0.0
2368,0.0,0.12333941450720301,0.0
2369,0.0,0.12333941450720301,0.0
2370,0.0,0.12333941450720301,0.0
2371,0.0,0.12333941450720301,0.0
2372,0.0,0.12333941450720301,0.0
2373,0.0,0.1563620950232428,0.0
2374,0.0,0.1563620950232428,0.0
2375,0.0,0.1563620950232428,0.0
2376,0.0,0.11951019140897264,0.0
2377,0.0,0.11951019140897264,0.0
2378,0.0,0.11951019140897264,0.0
2379,0.0,0.11951019140897264,0.0
2380,0.0,0.11951019140897264,0.0
2381,0.0,0.12052494140578272,0.0
2382,0.0,0.15511303462449075,0.0
2383,0.0,0.09257368305449334,0.0
2384,0.0,0.10938309480083067,0.0
2385,1.0,-0.6689769760986186,1.0
2386,1.0,-0.6689769760986186,1.0
2387,1.0,-0.6689769760986186,1.0
2388,1.0,-0.34629160772247636,1.0
2389,1.0,-0.6689769760986186,1.0
2390,1.0,-0.6689769760986186,1.0
2391,1.0,-0.6689769760986186,1.0
2392,1.0,-0.34629160772247636,1.0
2393,1.0,-0.6689769760986186,1.0
2394,1.0,-0.6689769760986186,1.0
2395,1.0,-0.6689769760986186,1.0
2396,1.0,-0.6689769760986186,1.0
2397,1.0,-0.6689769760986186,1.0
2398,1.0,-0.6689769760986186,1.0
2399,1.0,-0.6689769760986186,1.0
2400,0.0,0.5250730252389744,0.0
2401,0.0,0.5250730252389744,0.0
2402,0.0,0.42307218797231744,0.0
2403,0.0,0.42307218797231744,0.0
2404,0.0,0.42307218797231744,0.0
2405,0.0,0.42307218797231744,0.0
2406,0.0,0.42307218797231744,0.0
2407,0.0,0.5250730252389744,0.0
2408,0.0,0.5250730252389744,0.0
2409,0.0,0.5250730252389744,0.0
2410,0.0,0.42307218797231744,0.0
2411,0.0,0.42307218797231744,0.0
2412,0.0,0.42307218797231744,0.0
2413,0.0,0.42307218797231744,0.0
2414,0.0,0.42307218797231744,0.0
2415,0.0,0.36860941254921725,0.0
2416,1.0,-0.4556094153096977,1.0
2417,1.0,-0.7425484944205798,1.0
2418,1.0,-0.7425484944205798,1.0
2419,1.0,-0.7425484944205798,1.0
2420,1.0,-0.7425484944205798,1.0
2421,0.0,0.1556887930035245,0.0
2422,0.0,0.1556887930035245,0.0
2423,0.0,0.10105142091769788,0.0
2424,0.0,0.10105142091769788,0.0
2425,0.0,0.10105142091769788,0.0
2426,0.0,0.1821725582625354,0.0
2427,0.0,0.10686462499815359,0.0
2428,0.0,0.1413551172890688,0.0
2429,0.0,0.10878143511706699,0.0
2430,0.0,0.10878143511706699,0.0
2431,0.0,0.21122550886465702,0.0
2432,0.0,0.46522924506863594,0.0
2433,0.0,0.3373822041571049,0.0
2434,0.0,0.3373822041571049,0.0
2435,1.0,-0.2528170456536487,1.0
2436,0.0,0.1175203316847793,0.0
2437,0.0,0.11569366637241954,0.0
2438,0.0,0.1204850562105811,0.0
2439,0.0,0.10878143511706699,0.0
2440,0.0,0.10878143511706699,0.0
2441,0.0,0.10878143511706699,0.0
2442,0.0,0.10878143511706699,0.0
2443,0.0,0.10878143511706699,0.0
2444,0.0,0.10878143511706699,0.0
2445,0.0,0.10878143511706699,0.0
2446,0.0,0.10878143511706699,0.0
2447,0.0,0.09985888247328355,0.0
2448,0.0,0.09985888247328355,0.0
2449,0.0,0.09985888247328355,0.0
2450,0.0,0.09985888247328355,0.0
2451,0.0,0.09985888247328355,0.0
2452,0.0,0.09985888247328355,0.0
2453,0.0,0.15392751341505237,0.0
2454,0.0,0.09762416087832815,0.0
2455,0.0,0.09762416087832815,0.0
2456,0.0,0.09762416087832815,0.0
2457,0.0,0.12122471357229966,0.0
2458,0.0,0.11644313155662316,0.0
2459,0.0,0.11644313155662316,0.0
2460,0.0,0.11644313155662316,0.0
2461,0.0,0.13166755702416288,0.0
2462,0.0,0.10339586476617116,0.0
2463,0.0,0.09762416087832815,0.0
2464,0.0,0.10339586476617116,0.0
2465,0.0,0.1677604961579528,0.0
2466,0.0,0.13427376943679326,0.0
2467,0.0,0.2011028762261004,0.0
2468,0.0,0.1201509041139635,0.0
2469,0.0,0.20425144651716662,0.0
2470,0.0,0.23380539304889505,0.0
2471,0.0,0.23380539304889505,0.0
2472,0.0,0.23380539304889505,0.0
2473,0.0,0.12471718603741883,0.0
2474,0.0,0.1071888500899063,0.0
2475,0.0,0.12310811213657517,0.0
2476,0.0,0.12310811213657517,0.0
2477,0.0,0.10558011797695352,0.0
2478,0.0,0.12310811213657517,0.0
2479,0.0,0.15540266464399027,0.0
2480,0.0,0.15540266464399027,0.0
2481,0.0,0.15540266464399027,0.0
2482,0.0,0.1563620950232428,0.0
2483,0.0,0.1563620950232428,0.0
2484,0.0,0.1563620950232428,0.0
2485,0.0,0.1563620950232428,0.0
2486,0.0,0.1808994000054832,0.0
2487,0.0,0.10186838802490358,0.0
2488,0.0,0.13116524013855163,0.0
2489,0.0,0.13116524013855163,0.0
2490,0.0,0.09085561429931756,0.0
2491,0.0,0.09085561429931756,0.0
2492,0.0,0.5720422057946124,0.0
2493,0.0,0.2174383503198547,0.0
2494,0.0,0.12065108970682827,0.0
2495,0.0,0.109282323646656,0.0
2496,0.0,0.1228764571769216,0.0
2497,0.0,0.1228764571769216,0.0
2498,0.0,0.1228764571769216,0.0
2499,0.0,0.16278386489193947,0.0
2500,0.0,0.16278386489193947,0.0
2501,0.0,0.10433034630141601,0.0
2502,0.0,0.10433034630141601,0.0
2503,0.0,0.10602104807962943,0.0
2504,0.0,0.10615262174600867,0.0
2505,0.0,0.10615262174600867,0.0
2506,0.0,0.10615262174600867,0.0
2507,0.0,0.12919714467290494,0.0
2508,0.0,0.12919714467290494,0.0
2509,0.0,0.11994635458852734,0.0
2510,0.0,0.10649663933368364,0.0
2511,0.0,0.10649663933368364,0.0
2512,0.0,0.10615262174600867,0.0
2513,0.0,0.12234709659871115,0.0
2514,0.0,0.1677604961579528,0.0
2515,0.0,0.15875344991682838,0.0
2516,0.0,-0.027402927182835886,0.0
2517,1.0,0.25311224046556635,1.0
2518,0.0,0.1664085179253574,0.0
2519,0.0,0.22316174153695986,0.0
2520,0.0,0.11576027034071146,0.0
2521,0.0,0.13414565212444546,0.0
2522,0.0,0.28352564107690253,0.0
2523,0.0,0.20502970554772898,0.0
2524,0.0,0.31670232354809114,0.0
2525,0.0,0.20012761858226094,0.0
2526,0.0,0.11657783132180131,0.0
2527,0.0,0.22538720656934522,0.0
2528,0.0,0.16782109413706076,0.0
2529,0.0,0.1610486271829544,0.0
2530,0.0,0.2441525031154024,0.0
2531,0.0,0.1297055673840025,0.0
2532,0.0,0.22574802859701112,0.0
2533,0.0,0.12260191693022056,0.0
2534,0.0,0.13238388224252706,0.0
2535,0.0,0.15237343685788932,0.0
2536,0.0,0.15237343685788932,0.0
2537,0.0,0.1526491851426733,0.0
2538,0.0,0.10480677555548663,0.0
2539,0.0,0.2307221782868263,0.0
2540,0.0,0.1263423297858197,0.0
2541,0.0,0.1105972689507216,0.0
2542,0.0,0.1105972689507216,0.0
2543,0.0,0.11891049969991188,0.0
2544,1.0,-0.5094013607378977,1.0
2545,1.0,-0.6461588493916807,1.0
2546,0.0,0.5798297347804526,0.0
2547,1.0,-0.49521413035084766,1.0
2548,1.0,-0.49521413035084766,1.0
2549,1.0,-0.49521413035084766,1.0
2550,0.0,0.5102296118731442,0.0
2551,0.0,0.5102296118731442,0.0
2552,0.0,0.5102296118731442,0.0
2553,0.0,0.6215846426667335,0.0
2554,0.0,0.5588203486428792,0.0
2555,0.0,0.5588203486428792,0.0
2556,1.0,-0.5063928001785278,1.0
2557,0.0,0.5743648320681914,0.0
2558,0.0,0.5743648320681914,0.0
2559,0.0,0.5054613106608786,0.0
2560,0.0,0.6117643088663897,0.0
2561,0.0,0.4696327772213114,0.0
2562,0.0,0.4458549270996285,0.0
2563,1.0,-0.4084668659633886,1.0
2564,1.0,-0.43958483943756166,1.0
2565,1.0,-0.6083044892367249,1.0
2566,1.0,-0.6083044892367249,1.0
2567,0.0,0.0949480782702762,0.0
2568,0.0,0.0949480782702762,0.0
2569,0.0,0.2684721536589639,0.0
2570,0.0,0.0924640376443332,0.0
2571,0.0,0.0924640376443332,0.0
2572,0.0,0.14390331125294045,0.0
2573,0.0,0.14390331125294045,0.0
2574,0.0,0.10159414840477168,0.0
2575,0.0,0.10159414840477168,0.0
2576,0.0,0.10159414840477168,0.0
2577,0.0,0.10092414897988851,0.0
2578,0.0,0.10809191506710795,0.0
2579,0.0,0.11468287086303762,0.0
2580,0.0,0.11007500063371188,0.0
2581,0.0,0.09722594399094409,0.0
2582,0.0,0.10378142289024848,0.0
2583,0.0,0.09880233902106159,0.0
2584,0.0,0.09880233902106159,0.0
2585,0.0,0.11853012550032928,0.0
2586,0.0,0.11853012550032928,0.0
2587,0.0,0.11853012550032928,0.0
2588,0.0,0.11853012550032928,0.0
2589,0.0,0.1135023232347124,0.0
2590,0.0,0.13586396449707205,0.0
2591,0.0,0.13586396449707205,0.0
2592,0.0,0.13586396449707205,0.0
2593,0.0,0.11329653566953758,0.0
2594,0.0,0.11329653566953758,0.0
2595,0.0,0.11329653566953758,0.0
2596,0.0,0.11329653566953758,0.0
2597,0.0,0.1406496672691963,0.0
2598,0.0,0.13582106697736887,0.0
2599,0.0,0.13582106697736887,0.0
2600,0.0,0.13582106697736887,0.0
2601,0.0,0.13582106697736887,0.0
2602,0.0,0.13582106697736887,0.0
2603,0.0,0.1342040696562382,0.0
2604,0.0,0.1342040696562382,0.0
2605,0.0,0.1342040696562382,0.0
2606,0.0,0.1342040696562382,0.0
2607,0.0,0.22591907406507955,0.0
2608,0.0,0.1729181501896537,0.0
2609,0.0,0.1784847163646963,0.0
2610,0.0,0.16212296887932504,0.0
2611,0.0,0.13663989905001714,0.0
2612,0.0,0.12479747855557992,0.0
2613,0.0,0.12479792083494691,0.0
2614,0.0,0.10710737134574799,0.0
2615,0.0,0.10710737134574799,0.0
2616,0.0,0.10710737134574799,0.0
2617,0.0,0.16918065214692757,0.0
2618,0.0,0.11372036662439422,0.0
2619,0.0,0.2135780727952679,0.0
2620,0.0,0.1203866114881001,0.0
2621,0.0,0.1203866114881001,0.0
2622,0.0,0.15326359253516603,0.0
2623,0.0,0.1203866114881001,0.0
2624,0.0,0.1203866114881001,0.0
2625,0.0,0.1203866114881001,0.0
2626,0.0,0.1203866114881001,0.0
2627,0.0,0.15326359253516603,0.0
2628,0.0,0.1203866114881001,0.0
2629,0.0,0.1203866114881001,0.0
2630,0.0,0.1203866114881001,0.0
2631,0.0,0.1203866114881001,0.0
2632,0.0,0.1203866114881001,0.0
2633,0.0,0.1203866114881001,0.0
2634,0.0,0.13238823297608096,0.0
2635,0.0,0.13238823297608096,0.0
2636,0.0,0.13238823297608096,0.0
2637,0.0,0.13238823297608096,0.0
2638,0.0,0.13238823297608096,0.0
2639,0.0,0.13238823297608096,0.0
2640,0.0,0.12476642288962383,0.0
2641,0.0,0.19417919236858303,0.0
2642,0.0,0.15580134876254953,0.0
2643,0.0,0.15580134876254953,0.0
2644,0.0,0.15580134876254953,0.0
2645,0.0,0.15580134876254953,0.0
2646,0.0,0.13041740472858912,0.0
2647,0.0,0.13041740472858912,0.0
2648,0.0,0.13041740472858912,0.0
2649,0.0,0.13041740472858912,0.0
2650,0.0,0.14055168453085443,0.0
2651,0.0,0.13330079583142054,0.0
2652,0.0,0.13330079583142054,0.0
2653,0.0,0.13330079583142054,0.0
2654,0.0,0.2637098428826637,0.0
2655,0.0,0.13806490960335413,0.0
2656,0.0,0.08985218240601828,0.0
2657,0.0,0.1626712339992006,0.0
2658,0.0,0.1626712339992006,0.0
2659,0.0,0.12102070876758832,0.0
2660,0.0,0.12102070876758832,0.0
2661,0.0,0.13626794907218945,0.0
2662,0.0,0.5830981156834762,0.0
2663,1.0,-0.351198398381042,1.0
2664,1.0,-0.6653488451125344,1.0
2665,1.0,-0.351198398381042,1.0
2666,1.0,-0.6653488451125344,1.0
2667,1.0,-0.449194325151841,1.0
2668,0.0,0.1484239353212367,0.0
2669,0.0,0.20399729016397797,0.0
2670,0.0,0.35806932991549273,0.0
2671,0.0,0.12216200640943173,0.0
2672,0.0,0.12216200640943173,0.0
2673,0.0,0.12216200640943173,0.0
2674,0.0,0.11163048528210631,0.0
2675,1.0,-0.2984321937757515,1.0
2676,0.0,0.46713558340004485,0.0
2677,0.0,0.1677604961579528,0.0
2678,0.0,0.261427498094387,0.0
2679,0.0,0.20164567066643144,0.0
2680,0.0,0.17768027968879002,0.0
2681,0.0,0.17768027968879002,0.0
2682,0.0,0.17768027968879002,0.0
2683,0.0,0.17768027968879002,0.0
2684,0.0,0.17768027968879002,0.0
2685,0.0,0.17768027968879002,0.0
2686,0.0,0.15234982869210417,0.0
2687,0.0,0.15234982869210417,0.0
2688,0.0,0.15336045562352335,0.0
2689,0.0,0.14035872847935046,0.0
2690,0.0,0.10959636589276717,0.0
2691,0.0,0.1357276040216246,0.0
2692,0.0,0.15264748928449232,0.0
2693,0.0,0.34919353926561486,0.0
2694,0.0,0.1419768529788472,0.0
2695,0.0,0.18915195533739007,0.0
2696,0.0,0.20217497935750056,0.0
2697,0.0,0.13028711499231152,0.0
2698,0.0,0.13028711499231152,0.0
2699,0.0,0.22032955865324017,0.0
2700,0.0,0.13939668287875456,0.0
2701,0.0,0.14070669457116888,0.0
2702,0.0,0.1008788311436034,0.0
2703,0.0,0.1008788311436034,0.0
2704,0.0,0.1008788311436034,0.0
2705,0.0,0.11293018083331156,0.0
2706,0.0,0.12840844478890684,0.0
2707,0.0,0.12840844478890684,0.0
2708,0.0,0.1061229753464946,0.0
2709,0.0,0.1061229753464946,0.0
2710,0.0,0.1061229753464946,0.0
2711,0.0,0.1008788311436034,0.0
2712,0.0,0.11293018083331156,0.0
2713,0.0,0.14526917188915975,0.0
2714,0.0,0.1485066791813841,0.0
2715,0.0,0.15022946594285622,0.0
2716,0.0,0.14336649835949966,0.0
2717,0.0,0.19221138782134758,0.0
2718,1.0,-0.351198398381042,1.0
2719,0.0,0.7815299738935934,0.0
2720,0.0,0.506137672074049,0.0
2721,0.0,0.506137672074049,0.0
2722,0.0,0.42489437057031626,0.0
2723,0.0,0.40494729836235993,0.0
2724,0.0,0.448004835272608,0.0
2725,0.0,0.08429819079140395,0.0
2726,0.0,0.2864015053786838,0.0
2727,0.0,0.2864015053786838,0.0
2728,0.0,0.08912746173974812,0.0
2729,0.0,0.08912746173974812,0.0
2730,0.0,0.1798405253814031,0.0
2731,0.0,0.1798405253814031,0.0
2732,0.0,0.1688171832484263,0.0
2733,0.0,0.1798405253814031,0.0
2734,0.0,0.1798405253814031,0.0
2735,0.0,0.1798405253814031,0.0
2736,0.0,0.1798405253814031,0.0
2737,0.0,0.1798405253814031,0.0
2738,0.0,0.1798405253814031,0.0
2739,0.0,0.1688171832484263,0.0
2740,0.0,0.1688171832484263,0.0
2741,0.0,0.1798405253814031,0.0
2742,0.0,0.1798405253814031,0.0
2743,0.0,0.1798405253814031,0.0
2744,0.0,0.1798405253814031,0.0
2745,1.0,-0.4079469175632106,1.0
2746,1.0,-0.4079469175632106,1.0
2747,0.0,0.34797361718407765,0.0
2748,0.0,0.2488144699532999,0.0
2749,0.0,0.1471950277257929,0.0
2750,0.0,0.13433367895496465,0.0
2751,0.0,0.30271787529365,0.0
2752,0.0,0.22764434672908654,0.0
2753,0.0,0.1060859797146395,0.0
2754,0.0,0.091216700145645,0.0
2755,0.0,0.091216700145645,0.0
2756,0.0,0.091216700145645,0.0
2757,0.0,0.091216700145645,0.0
2758,0.0,0.11297549866959668,0.0
2759,0.0,0.11297549866959668,0.0
2760,0.0,0.12309388481792792,0.0
2761,0.0,0.12309388481792792,0.0
2762,0.0,0.12309388481792792,0.0
2763,0.0,0.12309388481792792,0.0
2764,0.0,0.09015317172089767,0.0
2765,0.0,0.09015317172089767,0.0
2766,0.0,0.09015317172089767,0.0
2767,0.0,0.11742964463032113,0.0
2768,0.0,0.10073157966899574,0.0
2769,0.0,0.10073157966899574,0.0
2770,0.0,0.10073157966899574,0.0
2771,0.0,0.10073157966899574,0.0
2772,0.0,0.25676587970537,0.0
2773,0.0,0.25676587970537,0.0
2774,0.0,0.25676587970537,0.0
2775,0.0,0.25676587970537,0.0
2776,0.0,0.25676587970537,0.0
2777,0.0,0.25676587970537,0.0
2778,0.0,0.25676587970537,0.0
2779,0.0,0.25676587970537,0.0
2780,0.0,0.25676587970537,0.0
2781,0.0,0.12045838168999622,0.0
2782,0.0,0.12045838168999622,0.0
2783,0.0,0.12045838168999622,0.0
2784,0.0,0.12045838168999622,0.0
2785,0.0,0.12045838168999622,0.0
2786,0.0,0.1566628729810357,0.0
2787,0.0,0.1566628729810357,0.0
2788,0.0,0.1566628729810357,0.0
2789,0.0,0.12651874427413617,0.0
2790,0.0,0.12651874427413617,0.0
2791,0.0,0.12651874427413617,0.0
2792,0.0,0.11371388498978029,0.0
2793,0.0,0.11951019140897264,0.0
2794,0.0,0.1033228670138672,0.0
2795,0.0,0.28263475420861345,0.0
2796,1.0,-0.13806734714069685,1.0
2797,0.0,0.14459142264226488,0.0
2798,0.0,0.10726092529121163,0.0
2799,0.0,0.1410288765169618,0.0
2800,0.0,0.13709486607514146,0.0
2801,0.0,0.13709486607514146,0.0
2802,0.0,0.09781762258720894,0.0
2803,0.0,0.09781762258720894,0.0
2804,0.0,0.09781762258720894,0.0
2805,0.0,0.09781762258720894,0.0
2806,0.0,0.0980945665833308,0.0
2807,0.0,0.09081223966930768,0.0
2808,0.0,0.11621393935272123,0.0
2809,0.0,0.1056112607724841,0.0
2810,0.0,0.1056112607724841,0.0
2811,0.0,0.10655581701369754,0.0
2812,0.0,0.10655581701369754,0.0
2813,0.0,0.10579845280198659,0.0
2814,0.0,0.10579845280198659,0.0
2815,0.0,0.10579845280198659,0.0
2816,0.0,0.10318865576298833,0.0
2817,0.0,0.0992047673722844,0.0
2818,0.0,0.14394585968686502,0.0
2819,0.0,0.12592471312909376,0.0
2820,0.0,0.1056112607724841,0.0
2821,0.0,0.13176431231138694,0.0
2822,0.0,0.09217171446937716,0.0
2823,0.0,0.11383980352408048,0.0
2824,0.0,0.11383980352408048,0.0
2825,0.0,0.1677604961579528,0.0
2826,1.0,0.10144030584956837,1.0
2827,0.0,0.11742964463032113,0.0
2828,0.0,0.11327059486293066,0.0
2829,0.0,0.18058939350653788,0.0
2830,0.0,0.4349725379959337,0.0
2831,1.0,-0.36257149796708343,1.0
2832,0.0,0.2933932076221941,0.0
2833,0.0,0.097330158942616,0.0
2834,0.0,0.2307407740795072,0.0
2835,0.0,0.10532350892436973,0.0
2836,1.0,-0.5413898574665821,1.0
2837,0.0,0.6910816863929343,0.0
2838,0.0,0.10553795156013761,0.0
2839,0.0,0.6215846426667335,0.0
2840,0.0,0.6215846426667335,0.0
2841,0.0,0.6178803488380405,0.0
2842,0.0,0.30690432350362834,0.0
2843,0.0,0.30690432350362834,0.0
2844,0.0,0.19135147837745434,0.0
2845,0.0,0.22407657578475132,0.0
2846,0.0,0.1484239353212367,0.0
2847,0.0,0.10017733508473675,0.0
2848,0.0,0.3563621563469207,0.0
2849,0.0,0.36545015303995176,0.0
2850,0.0,0.15627733307365227,0.0
2851,0.0,0.4462079261197157,0.0
2852,0.0,0.6037828515772496,0.0
2853,0.0,0.41762509262234426,0.0
2854,1.0,-0.36141603711747167,1.0
2855,0.0,0.13834508562722037,0.0
2856,0.0,0.11608538629816607,0.0
2857,0.0,0.05889248862578236,0.0
2858,0.0,0.11533733175656909,0.0
2859,0.0,0.0962738488022502,0.0
2860,0.0,0.1193594917014695,0.0
2861,0.0,0.10727285459369414,0.0
2862,0.0,0.10727285459369414,0.0
2863,0.0,0.09498763392708078,0.0
2864,0.0,0.09498763392708078,0.0
2865,0.0,0.09498763392708078,0.0
2866,1.0,-0.41476640761542866,1.0
2867,0.0,0.10532350892436973,0.0
2868,0.0,0.12014698124992787,0.0
2869,0.0,0.12862490542721836,0.0
2870,0.0,0.1217895866085972,0.0
2871,0.0,0.12862490542721836,0.0
2872,0.0,0.08975132498786158,0.0
2873,0.0,0.08975132498786158,0.0
2874,0.0,0.08975132498786158,0.0
2875,0.0,0.08975132498786158,0.0
2876,0.0,0.10452445642661903,0.0
2877,0.0,0.11933769491444356,0.0
2878,0.0,0.1626723624594837,0.0
2879,0.0,0.16672163659777517,0.0
2880,0.0,0.1626723624594837,0.0
2881,0.0,0.10400586224098142,0.0
2882,0.0,0.20479840317710116,0.0
2883,0.0,0.20479840317710116,0.0
2884,0.0,0.1609575646230373,0.0
2885,0.0,0.10610330699931216,0.0
2886,0.0,0.1784952562622154,0.0
2887,1.0,-0.5559942084956211,1.0
2888,1.0,-0.4047762972127313,1.0
2889,1.0,-0.6020546143614272,1.0
2890,1.0,-0.6275798032447164,1.0
2891,1.0,-0.30709906574585116,1.0
2892,1.0,-0.28950897103302103,1.0
2893,0.0,0.4199519337481101,0.0
2894,0.0,0.4199519337481101,0.0
2895,0.0,0.6215846426667335,0.0
2896,0.0,0.6215846426667335,0.0
2897,0.0,0.496046595903933,0.0
2898,0.0,0.4874752301830042,0.0
2899,0.0,0.40442673502358495,0.0
2900,0.0,0.6117643088663897,0.0
2901,1.0,-0.27416763329310007,1.0
2902,0.0,0.16030438486245877,0.0
2903,0.0,0.16030438486245877,0.0
2904,0.0,0.6075233401763118,0.0
2905,0.0,0.47218126440785496,0.0
2906,0.0,0.448004835272608,0.0
2907,0.0,0.09879972420193554,0.0
2908,0.0,0.11845539376004814,0.0
2909,0.0,0.2933932076221941,0.0
2910,0.0,0.3292763965468362,0.0
2911,0.0,0.4355074338088813,0.0
2912,0.0,0.2287636828107628,0.0
2913,0.0,0.1203866114881001,0.0
2914,0.0,0.3292763965468362,0.0
2915,0.0,0.4355074338088813,0.0
2916,0.0,0.09939445545974014,0.0
2917,0.0,0.10899601300852932,0.0
2918,0.0,0.12985940974171498,0.0
2919,0.0,0.114749586539631,0.0
2920,0.0,0.31905147794937877,0.0
2921,0.0,0.11933891029234611,0.0
2922,0.0,0.17115517823674323,0.0
2923,0.0,0.16146305952463338,0.0
2924,0.0,0.40625319124736475,0.0
2925,0.0,0.17179681451274426,0.0
2926,0.0,0.1514213973935422,0.0
2927,0.0,0.09136402312362171,0.0
2928,0.0,0.09136402312362171,0.0
2929,0.0,0.09136402312362171,0.0
2930,0.0,0.09136402312362171,0.0
2931,0.0,0.09136402312362171,0.0
2932,0.0,0.11040517039359629,0.0
2933,0.0,0.11040517039359629,0.0
2934,0.0,0.11040517039359629,0.0
2935,0.0,0.11040517039359629,0.0
2936,0.0,0.07985788115328463,0.0
2937,0.0,0.07985788115328463,0.0
2938,0.0,0.07985788115328463,0.0
2939,0.0,0.14786417931718457,0.0
2940,0.0,0.11839784470540869,0.0
2941,0.0,0.205997881874555,0.0
2942,0.0,0.11839332846157587,0.0
2943,0.0,0.15252124860903693,0.0
2944,0.0,0.12544526171408102,0.0
2945,0.0,0.1517053654171115,0.0
2946,0.0,0.10692115758621303,0.0
2947,0.0,0.14043639521916157,0.0
2948,0.0,0.19047068136357803,0.0
2949,1.0,-0.49201071729838636,1.0
2950,1.0,-0.24160010935004728,1.0
2951,1.0,-0.49201071729838636,1.0
2952,1.0,-0.23601354334115487,1.0
2953,1.0,-0.49201071729838636,1.0
2954,1.0,-0.24160010935004728,1.0
2955,1.0,-0.49201071729838636,1.0
2956,1.0,-0.49201071729838636,1.0
2957,1.0,-0.49201071729838636,1.0
2958,1.0,-0.49201071729838636,1.0
2959,1.0,-0.49201071729838636,1.0
2960,1.0,-0.24160010935004728,1.0
2961,1.0,-0.49201071729838636,1.0
2962,1.0,-0.49201071729838636,1.0
2963,1.0,-0.24160010935004728,1.0
2964,1.0,-0.49201071729838636,1.0
2965,1.0,-0.49201071729838636,1.0
2966,1.0,-0.49201071729838636,1.0
2967,1.0,-0.49201071729838636,1.0
2968,0.0,0.6239314537458356,0.0
2969,0.0,0.6239314537458356,0.0
2970,1.0,-0.29537256161105996,1.0
2971,1.0,-0.29537256161105996,1.0
2972,1.0,-0.29537256161105996,1.0
2973,1.0,-0.29537256161105996,1.0
2974,1.0,-0.29537256161105996,1.0
2975,1.0,-0.29537256161105996,1.0
2976,1.0,-0.29537256161105996,1.0
2977,1.0,-0.21963904362825504,1.0
2978,1.0,-0.10992302539096727,1.0
2979,1.0,-0.5673404471747472,1.0
2980,0.0,0.09950120725395176,0.0
2981,0.0,0.4404524293233496,0.0
2982,0.0,0.16145528209080096,0.0
2983,1.0,-0.351198398381042,1.0
2984,0.0,0.42852118328557426,0.0
2985,1.0,-0.47199440324442676,1.0
2986,0.0,0.64492281697451,0.0
2987,0.0,0.09765477959566789,0.0
2988,0.0,0.09736649763478429,0.0
2989,0.0,0.09573876598941587,0.0
2990,1.0,-0.3642461625573525,1.0
2991,1.0,-0.3642461625573525,1.0
2992,1.0,-0.3642461625573525,1.0
2993,1.0,-0.3929891395579856,1.0
2994,1.0,-0.3929891395579856,1.0
2995,1.0,-0.7192013531478509,1.0
2996,1.0,-0.7192013531478509,1.0
2997,1.0,-0.4135334835721031,1.0
2998,1.0,-0.4079469175632106,1.0
2999,0.0,0.5266459806965844,0.0
3000,0.0,0.36778681272816777,0.0
3001,1.0,-0.6808665843480946,1.0
3002,0.0,0.4536604528379526,0.0
3003,1.0,-0.663498274384394,1.0
3004,0.0,0.1353410317997292,0.0
3005,0.0,0.26893590041484094,0.0
3006,0.0,0.1086225058216667,0.0
3007,0.0,0.1125415053301824,0.0
3008,0.0,0.15820069115439916,0.0
3009,0.0,0.13582106697736887,0.0
3010,0.0,0.1201659746638652,0.0
3011,0.0,0.23512315852134594,0.0
3012,0.0,0.19229922615375114,0.0
3013,0.0,0.17949334437219433,0.0
3014,0.0,0.15154720392896096,0.0
3015,0.0,0.22502823082530402,0.0
3016,0.0,0.13028711499231152,0.0
3017,0.0,0.1349848360986234,0.0
3018,0.0,0.7815299738935934,0.0
3019,1.0,-0.36064566780651947,1.0
3020,0.0,0.11375861179514608,0.0
3021,0.0,0.2437162791318995,0.0
3022,1.0,-0.6543213681801804,1.0
3023,0.0,0.2606438410076778,0.0
3024,0.0,0.161790412849591,0.0
3025,0.0,0.18544377798034742,0.0
3026,0.0,0.18544377798034742,0.0
3027,0.0,0.18544377798034742,0.0
3028,0.0,0.3009065228245659,0.0
3029,0.0,0.5084962610297956,0.0
3030,0.0,0.2606057020590502,0.0
3031,0.0,0.16606831224431406,0.0
3032,0.0,0.4193873634108383,0.0
3033,0.0,0.48452609961891324,0.0
3034,1.0,-0.6750743707504475,1.0
3035,1.0,-0.3276630419780233,1.0
3036,1.0,-0.265146087257696,1.0
3037,1.0,-0.6536446940450538,1.0
3038,1.0,-0.6536446940450538,1.0
3039,0.0,0.4051848688645941,0.0
3040,1.0,-0.23025878212793385,1.0
3041,0.0,0.21182896308654525,0.0
3042,0.0,0.10859211023935113,0.0
3043,0.0,0.09984288703389832,0.0
3044,0.0,0.21182896308654525,0.0
3045,0.0,0.2321889548726442,0.0
3046,0.0,0.1083932202714244,0.0
3047,0.0,0.18765045842954173,0.0
3048,0.0,0.25264324254712306,0.0
3049,0.0,0.14610546437360897,0.0
3050,0.0,0.11703076439323616,0.0
3051,0.0,0.11703076439323616,0.0
3052,0.0,0.10376363954969058,0.0
3053,0.0,0.1751611408434568,0.0
3054,0.0,0.1751611408434568,0.0
3055,0.0,0.1751611408434568,0.0
3056,0.0,0.1751611408434568,0.0
3057,0.0,0.1751611408434568,0.0
3058,0.0,0.1751611408434568,0.0
3059,0.0,0.1751611408434568,0.0
3060,0.0,0.1751611408434568,0.0
3061,0.0,0.1751611408434568,0.0
3062,0.0,0.1751611408434568,0.0
3063,0.0,0.15309488579870145,0.0
3064,0.0,0.21977959126604232,0.0
3065,0.0,0.09300795669673191,0.0
3066,0.0,0.12667411950000076,0.0
3067,0.0,0.12667411950000076,0.0
3068,0.0,0.11514001965776433,0.0
3069,0.0,0.11514001965776433,0.0
3070,0.0,0.11514001965776433,0.0
3071,0.0,0.11514001965776433,0.0
3072,0.0,0.11871327954218239,0.0
3073,0.0,0.10060282029362613,0.0
3074,0.0,0.10060282029362613,0.0
3075,0.0,0.10060282029362613,0.0
3076,0.0,0.10060282029362613,0.0
3077,0.0,0.2027000828267067,0.0
3078,0.0,0.2027000828267067,0.0
3079,0.0,0.2027000828267067,0.0
3080,0.0,0.2027000828267067,0.0
3081,0.0,0.2027000828267067,0.0
3082,0.0,0.2027000828267067,0.0
3083,0.0,0.13499977218186193,0.0
3084,0.0,0.13499977218186193,0.0
3085,0.0,0.13499977218186193,0.0
3086,0.0,0.14387597796039298,0.0
3087,0.0,0.14387597796039298,0.0
3088,0.0,0.14387597796039298,0.0
3089,0.0,0.14387597796039298,0.0
3090,0.0,0.1774322070220512,0.0
3091,0.0,0.10499448572817709,0.0
3092,0.0,0.13161619120546494,0.0
3093,0.0,0.10615262174600867,0.0
3094,1.0,-0.5913579691874935,1.0
3095,0.0,0.4548095530961162,0.0
3096,1.0,-0.3844323327980067,1.0
3097,0.0,0.23341575432518227,0.0
3098,0.0,0.1079198355038426,0.0
3099,0.0,0.1079198355038426,0.0
3100,0.0,0.13339108530613142,0.0
3101,0.0,0.13339108530613142,0.0
3102,0.0,0.13339108530613142,0.0
3103,0.0,0.13339108530613142,0.0
3104,0.0,0.13339108530613142,0.0
3105,0.0,0.16485973244922109,0.0
3106,0.0,0.09824305713386766,0.0
3107,0.0,0.09824305713386766,0.0
3108,0.0,0.10878495635064198,0.0
3109,0.0,0.09824305713386766,0.0
3110,0.0,0.28263475420861345,0.0
3111,0.0,0.10860948091718016,0.0
3112,0.0,0.18018423599864564,0.0
3113,0.0,0.15504056647819264,0.0
3114,0.0,0.12800007502252056,0.0
3115,0.0,0.12734526866216225,0.0
3116,0.0,0.14726614625495,0.0
3117,0.0,0.14043639521916157,0.0
3118,0.0,0.10512216799121743,0.0
3119,1.0,-0.3331745757714128,1.0
3120,0.0,0.17042636095074018,0.0
3121,0.0,0.10126522437528351,0.0
3122,0.0,0.10126522437528351,0.0
3123,0.0,0.13802004284387454,0.0
3124,0.0,0.3716639986981325,0.0
3125,0.0,0.15005641719990462,0.0
3126,0.0,0.17301351184458066,0.0
3127,0.0,0.08530286784918813,0.0
3128,0.0,0.29434462438520437,0.0
3129,0.0,0.09526315215170393,0.0
3130,0.0,0.12445844895654622,0.0
3131,0.0,0.12445844895654622,0.0
3132,0.0,0.12445844895654622,0.0
3133,0.0,0.14043639521916157,0.0
3134,0.0,0.14043639521916157,0.0
3135,1.0,-0.6270544576430839,1.0
3136,1.0,-0.33039371135909346,1.0
3137,1.0,-0.2426121760571304,1.0
3138,1.0,-0.5824234931344767,1.0
3139,0.0,0.1415034465362379,0.0
3140,0.0,0.13882700443563228,0.0
3141,0.0,0.20387697796198015,0.0
3142,0.0,0.17042636095074018,0.0
3143,0.0,0.10235224404666515,0.0
3144,0.0,0.10532350892436973,0.0
3145,0.0,0.20076324193678372,0.0
3146,0.0,0.1876134665518265,0.0
3147,0.0,0.14702591461977263,0.0
3148,0.0,0.14702591461977263,0.0
3149,0.0,0.232619920308,0.0
3150,0.0,0.10157128870814011,0.0
3151,0.0,0.12930576110525344,0.0
3152,0.0,0.1601862209982981,0.0
3153,0.0,0.17664739767795604,0.0
3154,0.0,0.134705328352242,0.0
3155,0.0,0.6206428030002787,0.0
3156,0.0,0.6215846426667335,0.0
3157,0.0,0.10610330699931216,0.0
3158,0.0,0.10488755563519923,0.0
3159,0.0,0.10340663731033832,0.0
3160,0.0,0.10340663731033832,0.0
3161,0.0,0.09173995527766476,0.0
3162,0.0,0.09173995527766476,0.0
3163,0.0,0.10304346669588894,0.0
3164,0.0,0.09797180047543057,0.0
3165,0.0,0.18987109606343405,0.0
3166,1.0,-0.3436642497234589,1.0
3167,0.0,0.12029333440174605,0.0
3168,1.0,-0.4279130727470579,1.0
3169,0.0,0.1654838459753814,0.0
3170,1.0,-0.25161051622220526,1.0
3171,0.0,0.3057404941251576,0.0
3172,0.0,0.15279252774661323,0.0
3173,0.0,0.15326359253516603,0.0
3174,0.0,0.17749090398301565,0.0
3175,0.0,0.1358216452935308,0.0
3176,0.0,0.19879977341966118,0.0
3177,0.0,0.1630135356810458,0.0
3178,0.0,0.1630135356810458,0.0
3179,1.0,-0.2588462288347301,1.0
3180,1.0,-0.3520384351315899,1.0
3181,1.0,-0.27141825670328945,1.0
3182,1.0,-0.5418579036433793,1.0
3183,1.0,-0.402223440589425,1.0
3184,1.0,-0.402223440589425,1.0
3185,1.0,-0.402223440589425,1.0
3186,1.0,-0.402223440589425,1.0
3187,1.0,-0.402223440589425,1.0
3188,1.0,-0.402223440589425,1.0
3189,1.0,-0.402223440589425,1.0
3190,1.0,-0.402223440589425,1.0
3191,1.0,-0.402223440589425,1.0
3192,1.0,-0.402223440589425,1.0
3193,1.0,-0.402223440589425,1.0
3194,1.0,-0.29673686581214825,1.0
3195,1.0,-0.6010279398820413,1.0
3196,1.0,-0.6010279398820413,1.0
3197,1.0,-0.6010279398820413,1.0
3198,1.0,-0.3415045709689124,1.0
3199,1.0,-0.3415045709689124,1.0
3200,0.0,0.3435394257588178,0.0
3201,0.0,0.3435394257588178,0.0
3202,1.0,-0.23846501771524486,1.0
3203,1.0,-0.6500038074347864,1.0
3204,1.0,-0.6466788552158382,1.0
3205,1.0,-0.3154290924299763,1.0
3206,0.0,0.12302774881470975,0.0
3207,0.0,0.12302774881470975,0.0
3208,0.0,0.12302774881470975,0.0
3209,0.0,0.30987124583268216,0.0
3210,0.0,0.1414366768462332,0.0
3211,0.0,0.114749586539631,0.0
3212,0.0,0.114749586539631,0.0
3213,0.0,0.114749586539631,0.0
3214,0.0,0.114749586539631,0.0
3215,0.0,0.11215592279452993,0.0
3216,0.0,0.11215592279452993,0.0
3217,1.0,-0.31309090972468495,1.0
3218,0.0,0.10566778135942131,0.0
3219,1.0,-0.661792020150959,1.0
3220,0.0,0.15697935730293888,0.0
3221,0.0,0.12491214659526172,0.0
3222,0.0,0.23340229924202138,0.0
3223,0.0,0.19898575711318106,0.0
3224,0.0,0.14562632014390348,0.0
3225,1.0,-0.60870496184524,1.0
3226,0.0,0.29843547020901756,0.0
3227,1.0,-0.31309090972468495,1.0
3228,0.0,0.17568146650389072,0.0
3229,0.0,0.18080386075386867,0.0
3230,0.0,0.13931024665282668,0.0
3231,0.0,0.10499707586919663,0.0
3232,0.0,0.1253462828122838,0.0
3233,0.0,0.09762710396288767,0.0
3234,1.0,-0.30515785557422265,1.0
3235,1.0,-0.48710157282766875,1.0
3236,1.0,-0.30515785557422265,1.0
3237,1.0,-0.48710157282766875,1.0
3238,1.0,-0.48710157282766875,1.0
3239,1.0,-0.3256488275432339,1.0
3240,1.0,-0.3256488275432339,1.0
3241,1.0,-0.49163723370091544,1.0
3242,1.0,-0.49163723370091544,1.0
3243,1.0,-0.49163723370091544,1.0
3244,1.0,-0.3256488275432339,1.0
3245,1.0,-0.3256488275432339,1.0
3246,1.0,-0.49163723370091544,1.0
3247,1.0,-0.49163723370091544,1.0
3248,1.0,-0.49163723370091544,1.0
3249,1.0,-0.3256488275432339,1.0
3250,0.0,0.4319052431827507,0.0
3251,0.0,0.64548629980819,0.0
3252,0.0,0.4279449397548742,0.0
3253,0.0,0.64548629980819,0.0
3254,0.0,0.64548629980819,0.0
3255,0.0,0.64548629980819,0.0
3256,1.0,-0.6226277141959637,1.0
3257,1.0,-0.7144765238802069,1.0
3258,1.0,-0.7144765238802069,1.0
3259,1.0,-0.7144765238802069,1.0
3260,1.0,-0.7144765238802069,1.0
3261,1.0,-0.7144765238802069,1.0
3262,1.0,-0.7144765238802069,1.0
3263,1.0,-0.7144765238802069,1.0
3264,0.0,0.5086723859058719,0.0
3265,1.0,-0.37482388826038915,1.0
3266,1.0,-0.6117809966040867,1.0
3267,0.0,0.4669112765728364,0.0
3268,1.0,-0.3645248613306547,1.0
3269,0.0,0.3828153119737815,0.0
3270,0.0,0.10675446777275166,0.0
3271,0.0,0.10675446777275166,0.0
3272,0.0,0.10675446777275166,0.0
3273,0.0,0.10675446777275166,0.0
3274,0.0,0.10675446777275166,0.0
3275,1.0,-0.5995589095075237,1.0
3276,0.0,0.17195163728651938,0.0
3277,0.0,0.11079488907558545,0.0
3278,0.0,0.17195163728651938,0.0
3279,0.0,0.17195163728651938,0.0
3280,1.0,-0.7938542725883438,1.0
3281,1.0,-0.6745259708647887,1.0
3282,1.0,-0.6745259708647887,1.0
3283,0.0,0.20191833991499217,0.0
3284,1.0,-0.7024122481454961,1.0
3285,0.0,0.1679444982168375,0.0
3286,1.0,-0.4870345561678136,1.0
3287,1.0,-0.3272833782182227,1.0
3288,1.0,-0.5637073568212363,1.0
3289,0.0,0.1978115253100442,0.0
3290,0.0,0.1286220018294782,0.0
3291,0.0,0.10571832423318747,0.0
3292,0.0,0.31731315306066765,0.0
3293,1.0,-0.6436651510013481,1.0
3294,0.0,0.5159966797964468,0.0
3295,0.0,0.08846182837459238,0.0
3296,1.0,-0.41476640761542866,1.0
3297,0.0,0.3116483944626166,0.0
3298,0.0,0.13442583749135106,0.0
3299,0.0,0.16166821516984503,0.0
3300,0.0,0.15249588769068892,0.0
3301,0.0,0.15249588769068892,0.0
3302,0.0,0.12645724197094932,0.0
3303,0.0,0.10089432391087902,0.0
3304,0.0,0.11729013735041924,0.0
3305,0.0,0.11421437250976212,0.0
3306,0.0,0.1087160478383989,0.0
3307,0.0,0.14463714869152072,0.0
3308,0.0,0.11375025211182117,0.0
3309,0.0,0.13577570673480702,0.0
3310,1.0,-0.3767117328995962,1.0
3311,1.0,-0.36716483681301365,1.0
3312,0.0,0.565957097605081,0.0
3313,0.0,0.46996360256197184,0.0
3314,0.0,0.46996360256197184,0.0
3315,1.0,-0.7135984869316474,1.0
3316,1.0,-0.3027941831527243,1.0
3317,0.0,0.5156583104820288,0.0
3318,0.0,0.5156583104820288,0.0
3319,0.0,0.39504614521160125,0.0
3320,0.0,0.3592420169195892,0.0
3321,1.0,-0.6381618640509191,1.0
3322,1.0,-0.5521194161702708,1.0
3323,1.0,-0.5177855296004491,1.0
3324,0.0,0.48255428465479167,0.0
3325,0.0,0.122869666483116,0.0
3326,0.0,0.2864015053786838,0.0
3327,0.0,0.33544675033653637,0.0
3328,0.0,0.09134990057938265,0.0
3329,0.0,0.15139390667159836,0.0
3330,0.0,0.3052894893858277,0.0
3331,0.0,0.18544377798034742,0.0
3332,0.0,0.10684011067275477,0.0
3333,0.0,0.15695732080287456,0.0
3334,0.0,0.11786728427601983,0.0
3335,0.0,0.20995615918320307,0.0
3336,0.0,0.18251774094647574,0.0
3337,0.0,0.14043639521916157,0.0
3338,0.0,0.14043639521916157,0.0
3339,0.0,0.14043639521916157,0.0
3340,0.0,0.14043639521916157,0.0
3341,0.0,0.14043639521916157,0.0
3342,0.0,0.1172711479487075,0.0
3343,0.0,0.13325525773745966,0.0
3344,0.0,0.1563620950232428,0.0
3345,0.0,0.11029390908364291,0.0
3346,0.0,0.1033228670138672,0.0
3347,0.0,0.165213325706169,0.0
3348,0.0,0.2920892363952287,0.0
3349,0.0,0.13589737022629536,0.0
3350,0.0,0.14904601922088628,0.0
3351,0.0,0.10559828707477799,0.0
3352,0.0,0.16022354321254603,0.0
3353,0.0,0.17288333011789583,0.0
3354,0.0,0.10777996088178964,0.0
3355,0.0,0.15243533530280204,0.0
3356,0.0,0.1001606605779159,0.0
3357,0.0,0.15243533530280204,0.0
3358,0.0,0.15243533530280204,0.0
3359,0.0,0.14266372947648034,0.0
3360,0.0,0.14465458196157702,0.0
3361,0.0,0.10134482417315607,0.0
3362,1.0,-0.7330071592468459,1.0
3363,1.0,-0.7330071592468459,1.0
3364,0.0,0.14826817592202957,0.0
3365,0.0,0.14826817592202957,0.0
3366,0.0,0.14826817592202957,0.0
3367,0.0,0.11885019953348372,0.0
3368,0.0,0.11885019953348372,0.0
3369,0.0,0.15812569505458615,0.0
3370,0.0,0.11004178964960062,0.0
3371,0.0,0.17976367034036314,0.0
3372,0.0,0.15832712653447933,0.0
3373,0.0,0.13152226839590558,0.0
3374,0.0,0.23993086730120264,0.0
3375,0.0,0.12606408883426357,0.0
3376,0.0,0.13316727921134053,0.0
3377,0.0,0.12606408883426357,0.0
3378,0.0,0.10512216799121743,0.0
3379,0.0,0.1677604961579528,0.0
3380,0.0,0.11581761829782028,0.0
3381,0.0,0.17263982793735905,0.0
3382,0.0,0.15192902340037412,0.0
3383,0.0,0.13670906815345682,0.0
3384,0.0,0.6117643088663897,0.0
3385,1.0,-0.36166626503347366,1.0
3386,0.0,0.09921550054208031,0.0
3387,0.0,0.20934325918057772,0.0
3388,0.0,0.1566098194769309,0.0
3389,0.0,0.21024121872216903,0.0
3390,0.0,0.21024121872216903,0.0
3391,0.0,0.14400704240642104,0.0
3392,0.0,0.3255265047241344,0.0
3393,0.0,0.14261787922486854,0.0
3394,1.0,-0.19404235607712522,1.0
3395,0.0,0.4518311303771722,0.0
3396,0.0,0.496046595903933,0.0
3397,0.0,0.16294506060180092,0.0
3398,0.0,0.15484383624025505,0.0
3399,0.0,0.16007653713493633,0.0
3400,0.0,0.3452158199205617,0.0
3401,1.0,-0.3494806326212692,1.0
3402,1.0,-0.6459431186570852,1.0
3403,0.0,0.08352559675626636,0.0
3404,0.0,0.13882700443563228,0.0
3405,0.0,0.11542855221931447,0.0
3406,0.0,0.13261953115125413,0.0
3407,0.0,0.09335233755300074,0.0
3408,0.0,0.12353681086965543,0.0
3409,0.0,0.30997548180378437,0.0
3410,0.0,0.1255616616642974,0.0
3411,0.0,0.0897275247783065,0.0
3412,0.0,0.16040030163671729,0.0
3413,0.0,0.13668965663787877,0.0
3414,0.0,0.10408286056811401,0.0
3415,0.0,0.22256821471746763,0.0
3416,0.0,0.22541330112423585,0.0
3417,1.0,-0.2588462288347301,1.0
3418,1.0,-0.2588462288347301,1.0
3419,0.0,0.5884225883169978,0.0
3420,0.0,0.5000595183402805,0.0
3421,1.0,-0.34953803629061847,1.0
3422,0.0,0.11018528919641235,0.0
3423,1.0,-0.34175779055272393,1.0
3424,1.0,-0.3206393562820757,1.0
3425,1.0,-0.2730263822004703,1.0
3426,1.0,-0.6541754946456982,1.0
3427,0.0,0.44045723715772733,0.0
3428,1.0,-0.591326095871309,1.0
3429,0.0,0.6080600150376967,0.0
3430,0.0,0.7596251159633303,0.0
3431,0.0,0.172897059210225,0.0
3432,0.0,0.4204536650255077,0.0
3433,1.0,-0.25532721231750444,1.0
3434,0.0,0.09700059201265944,0.0
3435,0.0,0.16194604391512973,0.0
3436,0.0,0.1477540526477792,0.0
3437,0.0,0.11292671732003139,0.0
3438,0.0,0.12452113175662947,0.0
3439,0.0,0.11367921325054672,0.0
3440,1.0,-0.694698116280226,1.0
3441,0.0,0.11907294095041057,0.0
3442,0.0,0.22512168904277038,0.0
3443,0.0,0.22512168904277038,0.0
3444,0.0,0.22512168904277038,0.0
3445,0.0,0.22512168904277038,0.0
3446,0.0,0.22512168904277038,0.0
3447,0.0,0.22512168904277038,0.0
3448,0.0,0.23765841676663876,0.0
3449,0.0,0.11115552293026437,0.0
3450,1.0,-0.29248612195458307,1.0
3451,1.0,-0.48147229623801063,1.0
3452,1.0,-0.6081892642093569,1.0
3453,1.0,-0.20664294975262304,1.0
3454,1.0,-0.20664294975262304,1.0
3455,1.0,-0.510244362202021,1.0
3456,1.0,-0.510244362202021,1.0
3457,1.0,-0.33773030388047054,1.0
3458,1.0,-0.510244362202021,1.0
3459,1.0,-0.510244362202021,1.0
3460,1.0,-0.510244362202021,1.0
3461,1.0,-0.33773030388047054,1.0
3462,1.0,-0.510244362202021,1.0
3463,1.0,-0.510244362202021,1.0
3464,1.0,-0.33773030388047054,1.0
3465,1.0,-0.33773030388047054,1.0
3466,1.0,-0.510244362202021,1.0
3467,1.0,-0.510244362202021,1.0
3468,1.0,-0.2779985234323172,1.0
3469,0.0,0.44601919984971083,0.0
3470,0.0,0.5302198187041857,0.0
3471,1.0,-0.27141825670328945,1.0
3472,1.0,-0.24965172928190715,1.0
3473,1.0,-0.3152178699278226,1.0
3474,1.0,-0.2581971054355371,1.0
3475,1.0,-0.2838353370758233,1.0
3476,0.0,0.12405619009803077,0.0
3477,1.0,-0.19794715090167253,1.0
3478,0.0,0.3536484901925533,0.0
3479,0.0,0.11996189626729271,0.0
3480,0.0,0.34238050237301104,0.0
3481,0.0,0.34238050237301104,0.0
3482,0.0,0.334719275485934,0.0
3483,0.0,0.13319220393994224,0.0
3484,0.0,0.13319220393994224,0.0
3485,0.0,0.10675446777275166,0.0
3486,0.0,0.10675446777275166,0.0
3487,0.0,0.14679792362467747,0.0
3488,0.0,0.14562632014390348,0.0
3489,1.0,-0.3086657695440576,1.0
3490,1.0,-0.628756787253766,1.0
3491,1.0,-0.4005011110749224,1.0
3492,1.0,-0.6569015319942014,1.0
3493,1.0,-0.37934004457618237,1.0
3494,1.0,-0.2862853903465425,1.0
3495,1.0,-0.3582112652387327,1.0
3496,1.0,-0.4907412597937009,1.0
3497,1.0,-0.40407024666625,1.0
3498,1.0,-0.7578429379819639,1.0
3499,0.0,0.4438979700322008,0.0
3500,0.0,0.4732656803604985,0.0
3501,1.0,-0.351198398381042,1.0
3502,1.0,-0.6614475746570132,1.0
3503,1.0,-0.6435015464118348,1.0
3504,1.0,-0.6748987091022396,1.0
3505,1.0,-0.3197598097995828,1.0
3506,0.0,0.10084717824073915,0.0
3507,1.0,-0.6917976509704806,1.0
3508,0.0,0.19734545169824425,0.0
3509,0.0,0.12302774881470975,0.0
3510,0.0,0.05789108809381428,0.0
3511,0.0,0.13610550378715722,0.0
3512,0.0,0.13339080292237057,0.0
3513,0.0,0.13339080292237057,0.0
3514,0.0,0.13339080292237057,0.0
3515,0.0,0.12699354996902568,0.0
3516,0.0,0.12699354996902568,0.0
3517,0.0,0.12699354996902568,0.0
3518,0.0,0.13339080292237057,0.0
3519,0.0,0.1713965021751834,0.0
3520,0.0,0.192188222817273,0.0
3521,0.0,0.13526334308022692,0.0
3522,0.0,0.13526334308022692,0.0
3523,0.0,0.15664126547576285,0.0
3524,0.0,0.11105626173492007,0.0
3525,0.0,0.11105626173492007,0.0
3526,0.0,0.11105626173492007,0.0
3527,0.0,0.11105626173492007,0.0
3528,0.0,0.23374934302805492,0.0
3529,0.0,0.23374934302805492,0.0
3530,0.0,0.23374934302805492,0.0
3531,0.0,0.23374934302805492,0.0
3532,0.0,0.12244857893955569,0.0
3533,0.0,0.12244857893955569,0.0
3534,0.0,0.12244857893955569,0.0
3535,0.0,0.18021143713921756,0.0
3536,0.0,0.18021143713921756,0.0
3537,0.0,0.18021143713921756,0.0
3538,0.0,0.1792212823709447,0.0
3539,0.0,0.10073157966899574,0.0
3540,0.0,0.10073157966899574,0.0
3541,0.0,0.10073157966899574,0.0
3542,0.0,0.21859408386778117,0.0
3543,0.0,0.21859408386778117,0.0
3544,0.0,0.21859408386778117,0.0
3545,0.0,0.12480692489004512,0.0
3546,0.0,0.12480692489004512,0.0
3547,1.0,-0.5670035263609621,1.0
3548,1.0,-0.19854908088761025,1.0
3549,1.0,-0.1812928412890773,1.0
3550,1.0,-0.1812928412890773,1.0
3551,1.0,-0.1812928412890773,1.0
3552,1.0,-0.1812928412890773,1.0
3553,1.0,-0.1812928412890773,1.0
3554,1.0,0.16888999717969894,1.0
3555,1.0,0.16888999717969894,1.0
3556,1.0,-0.6437228051316913,1.0
3557,1.0,-0.6437228051316913,1.0
3558,1.0,-0.3504841555059688,1.0
3559,1.0,-0.5480452989994056,1.0
3560,0.0,0.1473345343053654,0.0
3561,0.0,0.13895746479596507,0.0
3562,1.0,-0.5842474621203527,1.0
3563,0.0,0.36707547949847863,0.0
3564,0.0,0.36707547949847863,0.0
3565,0.0,0.37224524970346984,0.0
3566,0.0,0.11684699468762309,0.0
3567,0.0,0.36707547949847863,0.0
3568,0.0,0.33544675033653637,0.0
3569,0.0,0.1959799697686259,0.0
3570,0.0,0.10898450933249823,0.0
3571,0.0,0.10898450933249823,0.0
3572,1.0,-0.79801623510474,1.0
3573,0.0,0.1909609993145235,0.0
3574,1.0,-0.3246112026887735,1.0
3575,1.0,-0.3564684248605065,1.0
3576,1.0,-0.3019175581059821,1.0
3577,0.0,0.26349269199160535,0.0
3578,1.0,-0.7806315099113288,1.0
3579,0.0,0.1418699219937898,0.0
3580,0.0,0.0878580179981131,0.0
3581,0.0,0.0878580179981131,0.0
3582,0.0,0.09112427759222111,0.0
3583,0.0,0.09112427759222111,0.0
3584,0.0,0.09112427759222111,0.0
3585,0.0,0.09112427759222111,0.0
3586,0.0,0.09112427759222111,0.0
3587,0.0,0.13230025078354013,0.0
3588,0.0,0.13230025078354013,0.0
3589,0.0,0.13230025078354013,0.0
3590,0.0,0.1388013287931578,0.0
3591,0.0,0.11823898592587782,0.0
3592,0.0,0.1359678244967857,0.0
3593,0.0,0.1359678244967857,0.0
3594,0.0,0.10649768426068096,0.0
3595,0.0,0.11729013735041924,0.0
3596,0.0,0.3340281422722354,0.0
3597,0.0,0.10469314257357082,0.0
3598,0.0,0.10469314257357082,0.0
3599,0.0,0.10469314257357082,0.0
3600,0.0,0.10579845280198659,0.0
3601,0.0,0.10579845280198659,0.0
3602,0.0,0.10579845280198659,0.0
3603,0.0,0.1056112607724841,0.0
3604,0.0,0.1056112607724841,0.0
3605,0.0,0.10655581701369754,0.0
3606,0.0,0.10655581701369754,0.0
3607,0.0,0.10655581701369754,0.0
3608,0.0,0.1056112607724841,0.0
3609,0.0,0.1982537464947412,0.0
3610,0.0,0.10680665893049766,0.0
3611,0.0,0.11656463838095552,0.0
3612,0.0,0.4300527690785453,0.0
3613,0.0,0.11890873158802549,0.0
3614,0.0,0.12544458423167362,0.0
3615,0.0,0.1626175412339356,0.0
3616,0.0,0.20941472923285995,0.0
3617,0.0,0.10668931424975146,0.0
3618,1.0,0.36508706408713504,1.0
3619,0.0,0.1677604961579528,0.0
3620,0.0,0.14526917188915975,0.0
3621,0.0,0.012199112438681138,0.0
3622,0.0,0.012199112438681138,0.0
3623,1.0,-0.3521085857416441,1.0
3624,0.0,0.1973561617406627,0.0
3625,0.0,0.15504056647819264,0.0
3626,0.0,0.21112216677866819,0.0
3627,0.0,0.5122654197037843,0.0
3628,0.0,0.12303584730594179,0.0
3629,0.0,0.15823030511442895,0.0
3630,0.0,0.18841665210022437,0.0
3631,0.0,0.17288333011789583,0.0
3632,0.0,0.18488255629409373,0.0
3633,0.0,0.14610546437360897,0.0
3634,1.0,-0.5491123127907047,1.0
3635,0.0,0.10530633805284723,0.0
3636,0.0,0.10530633805284723,0.0
3637,0.0,0.4448589716500416,0.0
3638,0.0,0.41509029631537864,0.0
3639,0.0,0.17042636095074018,0.0
3640,0.0,0.07083194586048076,0.0
3641,0.0,0.11951850504708626,0.0
3642,0.0,0.21810519124005812,0.0
3643,0.0,0.22407657578475132,0.0
3644,1.0,-0.28165232114322575,1.0
3645,0.0,0.11355933329040283,0.0
3646,0.0,0.12162615869809976,0.0
3647,1.0,-0.2741280396781788,1.0
3648,0.0,0.11845539376004814,0.0
3649,1.0,-0.3469608885159394,1.0
3650,0.0,0.24713184594105347,0.0
3651,0.0,0.1615016643999033,0.0
3652,0.0,0.15612449270600634,0.0
3653,0.0,0.1615016643999033,0.0
3654,0.0,0.16243846173832982,0.0
3655,0.0,0.12020089169576263,0.0
3656,1.0,-0.24677504094562466,1.0
3657,1.0,-0.552769878305864,1.0
3658,1.0,-0.4236371150419782,1.0
3659,1.0,-0.2909544269170996,1.0
3660,1.0,-0.32720526661463734,1.0
3661,1.0,-0.2527539479815202,1.0
3662,1.0,-0.3206393562820757,1.0
3663,0.0,0.30537386039950976,0.0
3664,0.0,0.30537386039950976,0.0
3665,1.0,-0.23195003982853873,1.0
3666,1.0,-0.2772439257759336,1.0
3667,0.0,0.4170885176462536,0.0
3668,0.0,0.13138155308272775,0.0
3669,0.0,0.13138155308272775,0.0
3670,0.0,0.17923442771832832,0.0
3671,0.0,0.17923442771832832,0.0
3672,0.0,0.09090146900522446,0.0
3673,0.0,0.10608871733245717,0.0
3674,0.0,0.17506547039812523,0.0
3675,0.0,0.3029257927083344,0.0
3676,0.0,0.3029257927083344,0.0
3677,0.0,0.11576027034071146,0.0
3678,0.0,0.17953236796973532,0.0
3679,0.0,0.10925392204458619,0.0
3680,1.0,-0.15332527986668706,1.0
3681,1.0,-0.39928834229572996,1.0
3682,1.0,-0.28259326973717486,1.0
3683,1.0,-0.36050705993868537,1.0
3684,1.0,-0.36050705993868537,1.0
3685,1.0,-0.5491123127907047,1.0
3686,1.0,-0.6017764781055257,1.0
3687,1.0,-0.6017764781055257,1.0
3688,1.0,-0.5675837999508683,1.0
3689,1.0,-0.23455698723529567,1.0
3690,1.0,-0.3074966857413455,1.0
3691,1.0,-0.4951765963079333,1.0
3692,0.0,0.5262678490979885,0.0
3693,1.0,-0.25831630736373556,1.0
3694,1.0,-0.32375769336502047,1.0
3695,0.0,0.08538212494693373,0.0
3696,0.0,0.08538212494693373,0.0
3697,1.0,-0.5330400126245893,1.0
3698,0.0,0.22007167715521972,0.0
3699,1.0,-0.5161358960954976,1.0
3700,0.0,0.5037638121689735,0.0
3701,1.0,-0.24682812132582999,1.0
3702,1.0,-0.5348747431596353,1.0
3703,1.0,-0.622396714535379,1.0
3704,0.0,0.46573751953003256,0.0
3705,0.0,0.3766335515637377,0.0
3706,0.0,0.114749586539631,0.0
3707,0.0,0.2696961277255759,0.0
3708,1.0,-0.6732302443489061,1.0
3709,1.0,-0.6459431186570852,1.0
3710,0.0,0.09931356406144029,0.0
3711,0.0,0.18328561750593267,0.0
3712,1.0,-0.4200077758074588,1.0
3713,1.0,-0.7108562181904777,1.0
3714,1.0,-0.4200077758074588,1.0
3715,0.0,0.6528824289415782,0.0
3716,1.0,-0.4838032390213526,1.0
3717,0.0,0.1931638229822418,0.0
3718,0.0,0.13050665857174373,0.0
3719,0.0,0.1834725005429535,0.0
3720,0.0,0.3816655835114932,0.0
3721,0.0,0.3816655835114932,0.0
3722,0.0,0.1713965021751834,0.0
3723,0.0,0.15731942542507524,0.0
3724,0.0,0.21610017632275183,0.0
3725,0.0,0.14466454368671416,0.0
3726,0.0,0.12043164259048068,0.0
3727,0.0,0.17597869632848234,0.0
3728,0.0,0.220377146590425,0.0
3729,0.0,0.30570981923335533,0.0
3730,0.0,0.19199388109402515,0.0
3731,0.0,0.130134017646801,0.0
3732,0.0,0.11512331616102943,0.0
3733,1.0,-0.3326860478638494,1.0
3734,1.0,-0.3326860478638494,1.0
3735,1.0,-0.5385144688592586,1.0
3736,1.0,-0.4957085893422076,1.0
3737,0.0,0.23093722349524004,0.0
3738,0.0,0.23093722349524004,0.0
3739,0.0,0.15636480498714542,0.0
3740,0.0,0.15636480498714542,0.0
3741,0.0,0.3070229526365494,0.0
3742,0.0,0.3070229526365494,0.0
3743,0.0,0.2814951019300757,0.0
3744,0.0,0.11651472985577996,0.0
3745,1.0,-0.1867471549236058,1.0
3746,1.0,-0.2556998481639127,1.0
3747,1.0,-0.23867095238973593,1.0
3748,1.0,-0.548036925094606,1.0
3749,1.0,-0.19127253956006174,1.0
3750,0.0,0.433983688274631,0.0
3751,0.0,0.4654918257340587,0.0
3752,0.0,0.42349223182298434,0.0
3753,1.0,0.09154375163949975,1.0
3754,0.0,0.12606194695701187,0.0
3755,0.0,0.19863985314926877,0.0
3756,0.0,0.13915188143218118,0.0
3757,0.0,0.25500981848919174,0.0
3758,0.0,0.1878284891515808,0.0
3759,0.0,0.09841829932065654,0.0
3760,1.0,-0.5653703522409563,1.0
3761,1.0,-0.5653703522409563,1.0
3762,0.0,0.1544390047967447,0.0
3763,0.0,0.10675446777275166,0.0
3764,1.0,-0.6221750883446708,1.0
3765,1.0,-0.6348272480537005,1.0
3766,1.0,-0.3428372412011172,1.0
3767,0.0,0.38137002803238423,0.0
3768,1.0,-0.37128132597265234,1.0
3769,0.0,0.1110938561638173,0.0
3770,1.0,-0.3428372412011172,1.0
3771,1.0,-0.3306347066558693,1.0
3772,0.0,0.5267504620623591,0.0
3773,0.0,0.5865279047560239,0.0
3774,0.0,0.5894484448382415,0.0
3775,0.0,0.5894484448382415,0.0
3776,0.0,0.36707547949847863,0.0
3777,0.0,0.12768024971249234,0.0
3778,0.0,0.47921402932187696,0.0
3779,0.0,0.1145836618822055,0.0
3780,0.0,0.1244921840895347,0.0
3781,0.0,0.1854939279637374,0.0
3782,0.0,0.11688648008605798,0.0
3783,0.0,0.11688648008605798,0.0
3784,0.0,0.14806893895023354,0.0
3785,0.0,0.11284103972314569,0.0
3786,0.0,0.11284103972314569,0.0
3787,0.0,0.10898450933249823,0.0
3788,0.0,0.37798260591040034,0.0
3789,1.0,-0.5941969587734184,1.0
3790,1.0,-0.5941969587734184,1.0
3791,0.0,0.5071104092807076,0.0
3792,0.0,0.5071104092807076,0.0
3793,1.0,-0.4838032390213526,1.0
3794,0.0,0.35395578496943547,0.0
3795,1.0,-0.5477521164806861,1.0
3796,1.0,-0.2634196043201627,1.0
3797,0.0,0.122869666483116,0.0
3798,0.0,0.13422734282832557,0.0
3799,0.0,0.21811987514093634,0.0
3800,0.0,0.11302477196468103,0.0
3801,0.0,0.11302477196468103,0.0
3802,0.0,0.11302477196468103,0.0
3803,0.0,0.11302477196468103,0.0
3804,0.0,0.11302477196468103,0.0
3805,0.0,0.09985888247328355,0.0
3806,0.0,0.09985888247328355,0.0
3807,0.0,0.09985888247328355,0.0
3808,0.0,0.14318328051588333,0.0
3809,0.0,0.14318328051588333,0.0
3810,0.0,0.10480677555548663,0.0
3811,0.0,0.17508554496168188,0.0
3812,0.0,0.21711150114392022,0.0
3813,1.0,-0.3191691701962322,1.0
3814,0.0,0.0878393350552311,0.0
3815,0.0,0.2802880442333769,0.0
3816,0.0,0.11845539376004814,0.0
3817,0.0,0.11742964463032113,0.0
3818,0.0,0.11329262265613949,0.0
3819,0.0,0.11399854334640828,0.0
3820,0.0,0.11399854334640828,0.0
3821,0.0,0.5051054179349154,0.0
3822,0.0,0.2946143371013365,0.0
3823,0.0,0.2946143371013365,0.0
3824,0.0,0.11138545599542193,0.0
3825,0.0,0.11138545599542193,0.0
3826,0.0,0.10297706664925917,0.0
3827,0.0,0.10297706664925917,0.0
3828,1.0,-0.37014028621272643,1.0
3829,0.0,0.3513052213440916,0.0
3830,0.0,0.12246993211563029,0.0
3831,0.0,0.11279731668951404,0.0
3832,0.0,0.14631267988126184,0.0
3833,0.0,0.13490570755422648,0.0
3834,0.0,0.1242646394565404,0.0
3835,0.0,0.30708010585757045,0.0
3836,0.0,0.6289242224623997,0.0
3837,1.0,-0.5816590989327001,1.0
3838,0.0,0.5509280382555644,0.0
3839,0.0,0.47792001452085,0.0
3840,0.0,0.07653276726171754,0.0
3841,0.0,0.1337457212330026,0.0
3842,0.0,0.12567995056927211,0.0
3843,0.0,0.10896014981744107,0.0
3844,0.0,0.2324749549476162,0.0
3845,0.0,0.12985940974171498,0.0
3846,1.0,-0.3428372412011172,1.0
3847,0.0,0.521622523718868,0.0
3848,0.0,0.1991604884304548,0.0
3849,0.0,0.1991604884304548,0.0
3850,0.0,0.0799799501768347,0.0
3851,1.0,-0.6169271289817989,1.0
3852,1.0,-0.6169271289817989,1.0
3853,1.0,-0.37490214656943366,1.0
3854,1.0,-0.37490214656943366,1.0
3855,1.0,-0.6387229145365282,1.0
3856,0.0,0.7197450745693976,0.0
3857,0.0,0.29731207098637286,0.0
3858,0.0,0.09221399948800002,0.0
3859,0.0,0.09221399948800002,0.0
3860,0.0,0.09262746905093143,0.0
3861,0.0,0.09818901429862817,0.0
3862,1.0,-0.5785251255757814,1.0
3863,1.0,-0.5418579036433793,1.0
3864,1.0,-0.49907599995155527,1.0
3865,0.0,0.48718042376938603,0.0
3866,0.0,0.5527540469055505,0.0
3867,1.0,-0.351198398381042,1.0
3868,0.0,0.3422922518729927,0.0
3869,0.0,0.11711672711162663,0.0
3870,1.0,-0.2780891196908635,1.0
3871,0.0,0.05166525943733518,0.0
3872,0.0,0.17060724529307567,0.0
3873,0.0,0.10171472023836463,0.0
3874,0.0,0.1946628855729684,0.0
3875,0.0,0.13692072435855493,0.0
3876,0.0,0.18354676230231778,0.0
3877,0.0,0.177900184272621,0.0
3878,0.0,0.23319725595863924,0.0
3879,0.0,0.12734526866216225,0.0
3880,0.0,0.08955175185837073,0.0
3881,1.0,-0.2556998481639127,1.0
3882,1.0,-0.637271667903653,1.0
3883,1.0,-0.2588462288347301,1.0
3884,1.0,-0.3038811143770828,1.0
3885,1.0,-0.3038811143770828,1.0
3886,1.0,-0.3736572890883902,1.0
3887,1.0,-0.3736572890883902,1.0
3888,1.0,-0.26080966814630746,1.0
3889,0.0,0.3382907269230946,0.0
3890,0.0,0.4179631660307771,0.0
3891,1.0,-0.5275707092733941,1.0
3892,1.0,-0.26640064408947917,1.0
3893,1.0,-0.26640064408947917,1.0
3894,0.0,0.4179631660307771,0.0
3895,0.0,0.09304697135802625,0.0
3896,0.0,0.10646032001933657,0.0
3897,0.0,0.10451219645064368,0.0
3898,0.0,0.07320521600883263,0.0
3899,0.0,0.15006748587460253,0.0
3900,0.0,0.2802880442333769,0.0
3901,0.0,0.1834581110854129,0.0
3902,0.0,0.10859138284325548,0.0
3903,1.0,-0.5719934919408979,1.0
3904,0.0,0.10735935755302274,0.0
3905,0.0,0.16289055457926319,0.0
3906,0.0,0.15745702041642973,0.0
3907,0.0,0.17097000016033959,0.0
3908,0.0,0.12314709601257832,0.0
3909,0.0,0.12314709601257832,0.0
3910,0.0,0.10260431790000156,0.0
3911,0.0,0.10260431790000156,0.0
3912,0.0,0.12402868605040221,0.0
3913,0.0,0.3443597649180955,0.0
3914,1.0,-0.33795189359203115,1.0
3915,0.0,0.1536457392692315,0.0
3916,0.0,0.1536457392692315,0.0
3917,0.0,0.16602215397998069,0.0
3918,0.0,0.10147303819337815,0.0
3919,0.0,0.10689823864894811,0.0
3920,1.0,-0.23044737126097561,1.0
3921,1.0,-0.566375311254408,1.0
3922,1.0,-0.5728284516333577,1.0
3923,1.0,-0.25398208240414,1.0
3924,1.0,-0.25398208240414,1.0
3925,1.0,-0.6469106459486897,1.0
3926,1.0,-0.19787418796396816,1.0
3927,1.0,-0.6743296484001208,1.0
3928,1.0,-0.28286266986290726,1.0
3929,1.0,-0.5887868026513515,1.0
3930,1.0,-0.612168819285842,1.0
3931,1.0,-0.2527539479815202,1.0
3932,0.0,0.14536526396990004,0.0
3933,0.0,0.16624656655968356,0.0
3934,1.0,-0.33415963548761085,1.0
3935,1.0,-0.24685521030544513,1.0
3936,1.0,-0.2527539479815202,1.0
3937,0.0,0.54159521084931,0.0
3938,0.0,0.1511805199884361,0.0
3939,0.0,0.11263974611507173,0.0
3940,0.0,0.3351152767451873,0.0
3941,1.0,-0.4088622682548472,1.0
3942,1.0,-0.3147194694375391,1.0
3943,0.0,0.1110938561638173,0.0
3944,1.0,-0.4537190475243989,1.0
3945,0.0,0.3677216148030068,0.0
3946,1.0,-0.667645388652006,1.0
3947,0.0,0.11307864430142822,0.0
3948,0.0,0.39771167427941695,0.0
3949,0.0,0.5272730508748401,0.0
3950,0.0,0.10662812920919895,0.0
3951,0.0,0.4721213904255741,0.0
3952,1.0,-0.25363062850722845,1.0
3953,0.0,0.11250077500937408,0.0
3954,0.0,0.11120780819863277,0.0
3955,0.0,0.10718775189994187,0.0
3956,1.0,-0.26748647564668826,1.0
3957,1.0,-0.4374266808615041,1.0
3958,0.0,0.16226982249539826,0.0
3959,1.0,-0.20472574811942518,1.0
3960,0.0,0.16376949596318874,0.0
3961,0.0,0.08413902733624598,0.0
3962,0.0,0.2077038522581587,0.0
3963,0.0,0.1828091069277706,0.0
3964,0.0,0.10853646462837511,0.0
3965,0.0,0.14049452664467402,0.0
3966,0.0,0.11889518368815666,0.0
3967,0.0,0.10516748582750254,0.0
3968,1.0,-0.3108222535150537,1.0
3969,1.0,-0.2857619998008646,1.0
3970,1.0,-0.5915630407075059,1.0
3971,0.0,0.1665815296181208,0.0
3972,0.0,0.31009948201931764,0.0
3973,0.0,0.12506087492516363,0.0
3974,0.0,0.16255671471105704,0.0
3975,0.0,0.09946039490122802,0.0
3976,0.0,0.5149306220383117,0.0
3977,0.0,0.6754051809998128,0.0
3978,0.0,0.6754051809998128,0.0
3979,0.0,0.5065314471956144,0.0
3980,0.0,0.5065314471956144,0.0
3981,0.0,0.4767146957474327,0.0
3982,0.0,0.4767146957474327,0.0
3983,0.0,0.37172355036130433,0.0
3984,0.0,0.112527368313944,0.0
3985,0.0,0.112527368313944,0.0
3986,0.0,0.3171192533721147,0.0
3987,0.0,0.12512625330316185,0.0
3988,0.0,0.11710625191360734,0.0
3989,0.0,0.13395041646593076,0.0
3990,0.0,0.19281649716385096,0.0
3991,0.0,0.11942116980760945,0.0
3992,0.0,0.2140336524982808,0.0
3993,1.0,-0.23176223981736868,1.0
3994,1.0,-0.5043669274555529,1.0
3995,1.0,-0.23176223981736868,1.0
3996,1.0,-0.22235334375787474,1.0
3997,1.0,-0.27760032042346183,1.0
3998,0.0,0.1173849940571515,0.0
3999,0.0,0.5186056459238688,0.0
4000,1.0,-0.36443388983506353,1.0
4001,0.0,0.534796458557788,0.0
4002,0.0,0.40724792176043517,0.0
4003,0.0,0.47470617921198804,0.0
4004,0.0,0.5520489680400433,0.0
4005,0.0,0.17134187110256088,0.0
4006,0.0,0.10845092746657396,0.0
4007,0.0,0.10845092746657396,0.0
4008,0.0,0.09934344397795025,0.0
4009,0.0,0.09934344397795025,0.0
4010,0.0,0.17134187110256088,0.0
4011,0.0,0.09921780592914027,0.0
4012,1.0,-0.3428372412011172,1.0
4013,1.0,-0.48783545673404155,1.0
4014,1.0,-0.4809122341020914,1.0
4015,1.0,-0.23400949781376684,1.0
4016,1.0,-0.2831369536541559,1.0
4017,1.0,-0.212832536172189,1.0
4018,0.0,0.12385954551656762,0.0
4019,1.0,-0.3403820185459634,1.0
4020,0.0,0.21624592930376124,0.0
4021,1.0,-0.19995277750304996,1.0
4022,0.0,0.311384554474189,0.0
4023,1.0,-0.48792858091173663,1.0
4024,0.0,0.10609246825080328,0.0
4025,0.0,0.10615262174600867,0.0
4026,0.0,0.10615262174600867,0.0
4027,0.0,0.1758298560703935,0.0
4028,1.0,-0.33182689338496385,1.0
4029,0.0,0.12153244775555762,0.0
4030,0.0,0.146410717607166,0.0
4031,0.0,0.1742784709117461,0.0
4032,0.0,0.13011431302108725,0.0
4033,0.0,0.1958538674023409,0.0
4034,0.0,0.20529887469537544,0.0
4035,0.0,0.20529887469537544,0.0
4036,0.0,0.2225957215241006,0.0
4037,0.0,0.4042155416336676,0.0
4038,0.0,0.10493421811508047,0.0
4039,0.0,0.10991062049009712,0.0
4040,0.0,0.11708508582367957,0.0
4041,0.0,0.6031266730274926,0.0
4042,1.0,-0.15438951041740226,1.0
4043,0.0,0.1385023423412017,0.0
4044,0.0,0.1404056676992189,0.0
4045,0.0,0.166251966326612,0.0
4046,0.0,0.1204208498726409,0.0
4047,0.0,0.09395961862483239,0.0
4048,1.0,-0.21463669702110905,1.0
4049,0.0,0.11720635064418852,0.0
4050,0.0,0.11469642993641452,0.0
4051,1.0,-0.342215618130485,1.0
4052,1.0,-0.5267901377492916,1.0
4053,1.0,-0.4982385811734646,1.0
4054,1.0,-0.5261580289332392,1.0
4055,1.0,-0.5261580289332392,1.0
4056,0.0,0.15530499781899795,0.0
4057,0.0,0.14012805228315828,0.0
4058,0.0,0.1334663088323031,0.0
4059,0.0,0.21430267771368233,0.0
4060,0.0,0.1534987895059029,0.0
4061,0.0,0.1240844979809207,0.0
4062,0.0,0.1240844979809207,0.0
4063,0.0,0.1240844979809207,0.0
4064,0.0,0.12762166703742633,0.0
4065,0.0,0.12762166703742633,0.0
4066,0.0,0.09865966187277528,0.0
4067,0.0,0.13542786789614827,0.0
4068,1.0,-0.6443615360606413,1.0
4069,0.0,0.5313455595460771,0.0
4070,1.0,-0.5173214462659272,1.0
4071,0.0,0.10553730123574702,0.0
4072,0.0,0.2202427123404192,0.0
4073,1.0,-0.28349196317722486,1.0
4074,1.0,-0.2733674893142948,1.0
4075,1.0,-0.2882950750918405,1.0
4076,0.0,0.14467315230364639,0.0
4077,0.0,0.2800297943583387,0.0
4078,1.0,-0.32375769336502047,1.0
4079,1.0,-0.29791467419554485,1.0
4080,1.0,-0.5099303200614465,1.0
4081,0.0,0.14883716377943182,0.0
4082,0.0,0.14854059947051557,0.0
4083,1.0,-0.33718233569561257,1.0
4084,1.0,-0.19995277750304996,1.0
4085,1.0,-0.22043830677529203,1.0
4086,1.0,-0.6911094260053761,1.0
4087,0.0,0.09658289905946718,0.0
4088,0.0,0.11079488907558545,0.0
4089,0.0,0.22220276814384843,0.0
4090,0.0,0.41540662694249975,0.0
4091,1.0,-0.25363062850722845,1.0
4092,1.0,-0.7341761212619263,1.0
4093,0.0,0.11223328706340577,0.0
4094,0.0,0.10608871733245717,0.0
4095,0.0,-0.02326648601283093,0.0
4096,0.0,0.1234020578830702,0.0
4097,0.0,0.10715255569850332,0.0
4098,0.0,0.15169663013290816,0.0
4099,0.0,0.13748598355451158,0.0
4100,0.0,0.13299048264555738,0.0
4101,1.0,-0.1867471549236058,1.0
4102,0.0,0.2775909756379726,0.0
4103,1.0,-0.27068171634227345,1.0
4104,1.0,-0.3829036156565559,1.0
4105,0.0,0.13634289168915134,0.0
4106,0.0,0.2008552491555817,0.0
4107,0.0,0.19712700607734737,0.0
4108,0.0,0.19712700607734737,0.0
4109,1.0,0.3437081499812101,1.0
4110,1.0,0.3437081499812101,1.0
4111,0.0,0.09931356406144029,0.0
4112,0.0,0.19863985314926877,0.0
4113,0.0,0.47980773039584823,0.0
4114,0.0,0.09934344397795025,0.0
4115,0.0,0.2805454720401082,0.0
4116,0.0,0.10884958883424456,0.0
4117,0.0,0.29206282699577407,0.0
4118,0.0,0.29206282699577407,0.0
4119,0.0,0.04033016732402124,0.0
4120,0.0,0.4508694298019587,0.0
4121,0.0,0.14133413333982756,0.0
4122,0.0,0.40522649857473997,0.0
4123,1.0,-0.6661532346510959,1.0
4124,0.0,0.24402507290838085,0.0
4125,0.0,0.10672958225461443,0.0
4126,1.0,-0.2672073860146548,1.0
4127,1.0,-0.08287838212435021,1.0
4128,1.0,-0.4892991615614653,1.0
4129,0.0,0.30297117997435924,0.0
4130,0.0,0.17664483289783017,0.0
4131,0.0,0.15361494463064496,0.0
4132,0.0,0.13032366196447107,0.0
4133,0.0,0.1749757150726591,0.0
4134,0.0,0.12142484751109583,0.0
4135,0.0,0.20343348938576827,0.0
4136,1.0,-0.6207804277216431,1.0
4137,1.0,-0.20259221540536157,1.0
4138,1.0,-0.6571889086626104,1.0
4139,1.0,-0.3575125899644584,1.0
4140,1.0,-0.21853693620685385,1.0
4141,1.0,-0.3520384351315899,1.0
4142,1.0,-0.2227916025221085,1.0
4143,1.0,-0.54327376296971,1.0
4144,0.0,0.3263995160040058,0.0
4145,1.0,-0.2892366611573268,1.0
4146,1.0,-0.5835315628885928,1.0
4147,0.0,0.5554469584358301,0.0
4148,1.0,-0.2848173484801252,1.0
4149,1.0,-0.22926980902386218,1.0
4150,1.0,-0.2848173484801252,1.0
4151,1.0,-0.34846846088871825,1.0
4152,1.0,-0.4590122896029596,1.0
4153,0.0,0.49456672679257374,0.0
4154,0.0,0.6084862607163117,0.0
4155,1.0,-0.5786074006088799,1.0
4156,0.0,0.13877073511460267,0.0
4157,0.0,0.20241677477153233,0.0
4158,0.0,0.0977822205267206,0.0
4159,0.0,0.16398328193542,0.0
4160,0.0,0.16398328193542,0.0
4161,0.0,0.298901563564949,0.0
4162,1.0,-0.745870204078483,1.0
4163,0.0,0.10503706112063843,0.0
4164,0.0,0.11136706800366353,0.0
4165,0.0,0.10678312937914716,0.0
4166,1.0,-0.4809122341020914,1.0
4167,1.0,-0.5827779014050936,1.0
4168,1.0,-0.4809122341020914,1.0
4169,1.0,-0.4809122341020914,1.0
4170,1.0,-0.5827779014050936,1.0
4171,1.0,-0.5827779014050936,1.0
4172,1.0,-0.2627607229592207,1.0
4173,0.0,0.4748518404190008,0.0
4174,1.0,-0.5682857121695245,1.0
4175,1.0,-0.1875540017303449,1.0
4176,1.0,-0.1875540017303449,1.0
4177,1.0,-0.1875540017303449,1.0
4178,1.0,-0.1875540017303449,1.0
4179,1.0,-0.26967612866064916,1.0
4180,1.0,-0.27474243241013674,1.0
4181,1.0,-0.23250500046420447,1.0
4182,0.0,0.12054514418766482,0.0
4183,0.0,0.12054514418766482,0.0
4184,0.0,0.17524067195435436,0.0
4185,1.0,-0.49256538805809696,1.0
4186,1.0,-0.3252997876763032,1.0
4187,1.0,-0.3298028428018957,1.0
4188,1.0,-0.38043012624402606,1.0
4189,1.0,-0.2588462288347301,1.0
4190,1.0,-0.24255337723503106,1.0
4191,1.0,-0.22820067963276863,1.0
4192,0.0,0.11992283838135609,0.0
4193,0.0,0.11168427432110739,0.0
4194,0.0,0.20896138337120942,0.0
4195,1.0,-0.25389704516619843,1.0
4196,0.0,0.09946039490122802,0.0
4197,0.0,0.11786950999453046,0.0
4198,1.0,-0.3370058427895231,1.0
4199,0.0,0.1208773856420294,0.0
4200,0.0,0.1208773856420294,0.0
4201,1.0,-0.2514048410233,1.0
4202,1.0,-0.29344222323510055,1.0
4203,0.0,0.21985470796726153,0.0
4204,1.0,-0.3563804993132617,1.0
4205,0.0,0.328449489303711,0.0
4206,0.0,0.12248762135935312,0.0
4207,0.0,0.147879726248946,0.0
4208,0.0,0.13949003550042724,0.0
4209,0.0,0.3299189801351413,0.0
4210,1.0,-0.3623471396074399,1.0
4211,0.0,0.1489215018928257,0.0
4212,1.0,-0.26640064408947917,1.0
4213,0.0,0.19854081332995718,0.0
4214,1.0,-0.6420653216253728,1.0
4215,1.0,-0.27878714732510207,1.0
4216,1.0,-0.27723812810385295,1.0
4217,1.0,-0.5766817001855133,1.0
4218,0.0,0.1337457212330026,0.0
4219,0.0,0.12054894315194938,0.0
4220,0.0,0.18561979971685505,0.0
4221,0.0,0.16422715204576227,0.0
4222,0.0,0.18415271323650825,0.0
4223,0.0,0.10464530717045599,0.0
4224,0.0,0.25936652937024834,0.0
4225,0.0,0.1475457031303015,0.0
4226,0.0,0.16040030163671729,0.0
4227,0.0,0.1545584879156921,0.0
4228,1.0,-0.26640064408947917,1.0
4229,1.0,-0.5304920021056975,1.0
4230,0.0,0.09149198754084856,0.0
4231,0.0,0.2344323076113355,0.0
4232,1.0,-0.626552505766982,1.0
4233,0.0,0.4090300685284151,0.0
4234,0.0,0.19018324177816281,0.0
4235,0.0,0.11738405291191142,0.0
4236,0.0,0.1624890884178126,0.0
4237,0.0,0.19492279040064356,0.0
4238,0.0,0.25161535970303706,0.0
4239,0.0,0.11029390908364291,0.0
4240,0.0,0.13013395121899185,0.0
4241,0.0,0.08646395710640123,0.0
4242,0.0,0.0849214142002417,0.0
4243,0.0,0.14536526396990004,0.0
4244,1.0,-0.1867471549236058,1.0
4245,0.0,0.16085191362143192,0.0
4246,1.0,-0.2850456758745774,1.0
4247,0.0,0.29118606410196596,0.0
4248,1.0,-0.33661927647511963,1.0
4249,0.0,0.09931356406144029,0.0
4250,0.0,0.12216200640943173,0.0
4251,0.0,0.19509902175978394,0.0
4252,1.0,-0.33761688743862467,1.0
4253,0.0,0.22528817481743638,0.0
4254,0.0,0.14515049831118262,0.0
4255,0.0,0.12424500775264018,0.0
4256,0.0,0.15670864063103127,0.0
4257,0.0,0.10834550654868598,0.0
4258,0.0,0.20451593460923534,0.0
4259,0.0,0.11590531270924029,0.0
4260,0.0,0.11592847756988882,0.0
4261,0.0,0.1204208498726409,0.0
4262,0.0,0.12458677506828611,0.0
4263,0.0,0.10923634163223254,0.0
4264,1.0,-0.24359941050299933,1.0
4265,1.0,-0.6166292651886852,1.0
4266,0.0,0.33746775856287253,0.0
4267,1.0,-0.2843146636022966,1.0
4268,1.0,-0.4829353710113441,1.0
4269,1.0,-0.37519937340998394,1.0
4270,1.0,-0.35070878152556384,1.0
4271,0.0,0.18628773247834562,0.0
4272,0.0,0.35511865688912375,0.0
4273,0.0,0.15984850905637965,0.0
4274,0.0,0.1378596288275226,0.0
4275,0.0,0.1267458488000138,0.0
4276,1.0,0.3803441735700985,1.0
4277,0.0,0.13384598730130956,0.0
4278,1.0,-0.21031107841780372,1.0
4279,1.0,-0.21031107841780372,1.0
4280,1.0,-0.3610275411161835,1.0
4281,0.0,0.14429366655242418,0.0
4282,0.0,0.17106257016997492,0.0
4283,0.0,0.18615904480538176,0.0
4284,0.0,0.4090300685284151,0.0
4285,1.0,0.29027744708000763,1.0
4286,1.0,-0.2621200424345822,1.0
4287,1.0,-0.583051012522916,1.0
4288,0.0,0.12882985247072098,0.0
4289,0.0,0.13081535801537109,0.0
4290,0.0,0.19755031426820582,0.0
4291,1.0,-0.5685127578077914,1.0
4292,0.0,0.14077821427839315,0.0
4293,0.0,0.12125392241151417,0.0
4294,0.0,0.10143225011058388,0.0
4295,0.0,0.16391260077952838,0.0
4296,0.0,0.2109281553674901,0.0
4297,1.0,-0.15984048473512097,1.0
4298,0.0,0.15626175860752323,0.0
4299,1.0,-0.5674521355061437,1.0
4300,1.0,-0.26640064408947917,1.0
4301,1.0,-0.2831369536541559,1.0
4302,1.0,-0.5561821030429313,1.0
4303,0.0,0.1193171920833888,0.0
4304,0.0,0.1892479248067672,0.0
4305,0.0,0.26767001786501926,0.0
4306,1.0,-0.440420780327236,1.0
4307,1.0,-0.25950521895515116,1.0
4308,1.0,-0.5022536803718396,1.0
4309,1.0,-0.5827779014050936,1.0
4310,0.0,0.5176643894687347,0.0
4311,1.0,-0.29480127564983166,1.0
4312,1.0,-0.45859005906067823,1.0
4313,1.0,-0.45859005906067823,1.0
4314,1.0,-0.25950521895515116,1.0
4315,1.0,-0.19328004822914296,1.0
4316,0.0,0.15841493756056288,0.0
4317,0.0,0.2711581759710437,0.0
4318,1.0,-0.4729902111412794,1.0
4319,1.0,-0.41657377334790757,1.0
4320,1.0,-0.5344954450489802,1.0
4321,0.0,0.20426828478042935,0.0
4322,1.0,-0.18608255047581235,1.0
4323,1.0,-0.30050917417178136,1.0
4324,0.0,0.4511722800495118,0.0
4325,1.0,-0.5267901377492916,1.0
4326,0.0,0.14020870112162803,0.0
4327,0.0,0.14020870112162803,0.0
4328,0.0,0.10493421811508047,0.0
4329,0.0,0.10493421811508047,0.0
4330,0.0,0.11307209633246094,0.0
4331,0.0,0.08641450936961302,0.0
4332,0.0,0.16466530066404894,0.0
4333,0.0,0.24794415823718224,0.0
4334,1.0,-0.2356127947098246,1.0
4335,1.0,-0.5924424802078583,1.0
4336,0.0,0.26261471917254375,0.0
4337,0.0,0.3070792624695208,0.0
4338,1.0,-0.21395540272149746,1.0
4339,1.0,-0.30045736440019605,1.0
4340,1.0,-0.2921294593916306,1.0
4341,1.0,-0.2595540796196116,1.0
4342,1.0,-0.2595540796196116,1.0
4343,1.0,-0.2595540796196116,1.0
4344,1.0,-0.3473017406214705,1.0
4345,0.0,0.1363611979322918,0.0
4346,1.0,-0.5425056462546866,1.0
4347,0.0,0.14981976843706213,0.0
4348,1.0,-0.28831123563930616,1.0
4349,0.0,0.2063194438327846,0.0
4350,1.0,-0.26335895005763255,1.0
4351,0.0,0.33428338787713036,0.0
4352,0.0,0.12278308024841979,0.0
4353,0.0,0.14295968722911853,0.0
4354,0.0,0.3184431013898224,0.0
4355,0.0,0.3499005116112941,0.0
4356,1.0,-0.3255656124584499,1.0
4357,0.0,0.09080697626838087,0.0
4358,0.0,0.10659772503275172,0.0
4359,0.0,0.14951683395760657,0.0
4360,0.0,0.14951683395760657,0.0
4361,0.0,0.14951683395760657,0.0
4362,0.0,0.1031410580547622,0.0
4363,0.0,0.17550635709839146,0.0
4364,0.0,0.3955254489778898,0.0
4365,1.0,-0.5559294632081034,1.0
4366,1.0,-0.5672232775784285,1.0
4367,0.0,0.48775509858486427,0.0
4368,1.0,-0.6356121129546473,1.0
4369,1.0,-0.25398208240414,1.0
4370,0.0,0.08952764003368918,0.0
4371,0.0,0.1131310590701336,0.0
4372,0.0,0.15760818953704503,0.0
4373,1.0,-0.26640064408947917,1.0
4374,1.0,-0.47337002728777183,1.0
4375,1.0,-0.4622827882718558,1.0
4376,0.0,0.1073190755700837,0.0
4377,0.0,0.14378875734756286,0.0
4378,1.0,-0.5905603756002247,1.0
4379,0.0,0.11396485945507513,0.0
4380,1.0,-0.5900631965234762,1.0
4381,1.0,-0.35809826507303444,1.0
4382,1.0,-0.19075295146818316,1.0
4383,0.0,0.16090630712580467,0.0
4384,0.0,0.12143354703468891,0.0
4385,0.0,0.20585924441687287,0.0
4386,0.0,0.1222802044974502,0.0
4387,0.0,0.12768919437363152,0.0
4388,0.0,0.6092008110032312,0.0
4389,1.0,-0.2527539479815202,1.0
4390,0.0,0.41834338212188865,0.0
4391,0.0,0.09456135070701761,0.0
4392,0.0,0.29537520444369425,0.0
4393,1.0,0.3273816639712582,1.0
4394,0.0,0.14049452664467402,0.0
4395,0.0,0.17111199188994036,0.0
4396,1.0,0.04020067394691046,1.0
4397,1.0,-0.5522010902310085,1.0
4398,0.0,0.5631961313481043,0.0
4399,0.0,0.49661243148039963,0.0
4400,0.0,0.49661243148039963,0.0
4401,0.0,0.10845092746657396,0.0
4402,0.0,0.10845092746657396,0.0
4403,0.0,0.1533952726599129,0.0
4404,0.0,0.12307640054036703,0.0
4405,0.0,0.07949619127602175,0.0
4406,1.0,-0.22320219507907924,1.0
4407,0.0,0.10659772503275172,0.0
4408,1.0,-0.2673484424018444,1.0
4409,1.0,-0.545796069104088,1.0
4410,1.0,-0.2060600037415551,1.0
4411,1.0,-0.19788489870921422,1.0
4412,1.0,-0.5373359572845158,1.0
4413,0.0,0.1507836905878058,0.0
4414,0.0,0.1233640994144667,0.0
4415,1.0,-0.23629762407261534,1.0
4416,1.0,-0.34578819426348945,1.0
4417,1.0,-0.22126491913204843,1.0
4418,0.0,0.15701229781458348,0.0
4419,0.0,0.15701229781458348,0.0
4420,0.0,0.1448542096505354,0.0
4421,0.0,0.268456537112814,0.0
4422,0.0,0.09546462151337767,0.0
4423,0.0,0.08500701865295766,0.0
4424,0.0,0.08500701865295766,0.0
4425,0.0,0.1848517813100065,0.0
4426,0.0,0.1848517813100065,0.0
4427,0.0,0.13219873386319744,0.0
4428,0.0,0.13219873386319744,0.0
4429,0.0,0.15195055346005204,0.0
4430,0.0,0.15195055346005204,0.0
4431,0.0,0.1150758762011027,0.0
4432,0.0,0.1453647931595147,0.0
4433,0.0,0.14272928827839915,0.0
4434,0.0,0.08641450936961302,0.0
4435,0.0,0.0923118981294074,0.0
4436,0.0,0.11005459419364962,0.0
4437,0.0,0.2904373720199455,0.0
4438,0.0,0.17066533156939462,0.0
4439,0.0,0.09086328620642783,0.0
4440,0.0,0.20511892889246386,0.0
4441,0.0,0.24690435692555968,0.0
4442,1.0,-0.5459425742269255,1.0
4443,0.0,0.43661537959871694,0.0
4444,0.0,0.5105819186630727,0.0
4445,0.0,0.1151094797891524,0.0
4446,1.0,-0.5827779014050936,1.0
4447,1.0,-0.5827779014050936,1.0
4448,0.0,0.5223411646460933,0.0
4449,1.0,-0.521370887493524,1.0
4450,1.0,-0.2958429824801493,1.0
4451,0.0,0.1168656259455911,0.0
4452,0.0,0.48389996281160913,0.0
4453,1.0,-0.5381369895205501,1.0
4454,1.0,-0.5412965831420172,1.0
4455,0.0,0.1450272766944476,0.0
4456,0.0,0.11806331029952916,0.0
4457,0.0,0.12117635273026126,0.0
4458,0.0,0.1687383955611097,0.0
4459,0.0,0.37528627317825974,0.0
4460,0.0,0.16551854860882984,0.0
4461,1.0,-0.25945782209122387,1.0
4462,0.0,0.2920094754206707,0.0
4463,1.0,-0.5402130462195407,1.0
4464,0.0,0.2509482726588743,0.0
4465,0.0,0.2509482726588743,0.0
4466,0.0,0.199193578896123,0.0
4467,0.0,0.3021375511162336,0.0
4468,0.0,0.143603892445968,0.0
4469,0.0,0.199193578896123,0.0
4470,0.0,0.143603892445968,0.0
4471,0.0,0.10633294621948407,0.0
4472,0.0,0.11536169473009193,0.0
4473,0.0,0.37172355036130433,0.0
4474,1.0,-0.5656052501268538,1.0
4475,1.0,-0.5685273553695118,1.0
4476,0.0,0.6019132481966368,0.0
4477,1.0,-0.5118434999609351,1.0
4478,1.0,-0.28390870313087563,1.0
4479,0.0,0.15530499781899795,0.0
4480,1.0,-0.5762001803579615,1.0
4481,1.0,-0.31137314396491217,1.0
4482,0.0,0.11205593978651295,0.0
4483,0.0,0.11691166772151171,0.0
4484,0.0,0.08352595163699378,0.0
4485,0.0,0.08352595163699378,0.0
4486,0.0,0.44244871985276496,0.0
4487,0.0,0.11785561933181009,0.0
4488,0.0,0.15405907102644525,0.0
4489,0.0,0.30188610556373746,0.0
4490,0.0,0.10659772503275172,0.0
4491,0.0,0.268980688478026,0.0
4492,1.0,-0.4839070879622328,1.0
4493,1.0,-0.5788706529461615,1.0
4494,1.0,-0.5703917820197971,1.0
4495,1.0,-0.13922294890430886,1.0
4496,0.0,0.4090300685284151,0.0
4497,1.0,-0.5767735648195258,1.0
4498,1.0,-0.5327724917106963,1.0
4499,0.0,0.40564902055225543,0.0
4500,1.0,-0.2268980933867786,1.0
4501,0.0,0.13807809228322362,0.0
4502,0.0,0.13807809228322362,0.0
4503,0.0,0.09934274603566229,0.0
4504,0.0,0.14065703605153299,0.0
4505,1.0,-0.0947546840202682,1.0
4506,1.0,-0.2736191626683569,1.0
4507,0.0,0.18281824471836608,0.0
4508,1.0,0.3014291585494464,1.0
4509,0.0,0.19380930231936988,0.0
4510,1.0,-0.5570952124744859,1.0
4511,0.0,0.1416157562246757,0.0
4512,0.0,0.275389681823389,0.0
4513,0.0,0.12116583405964032,0.0
4514,0.0,0.09278741399466998,0.0
4515,1.0,-0.5636925581398627,1.0
4516,1.0,-0.2806179796807873,1.0
4517,1.0,-0.4293994487236893,1.0
4518,1.0,-0.4399797520568636,1.0
4519,1.0,-0.6056855116632722,1.0
4520,0.0,0.14871187936331434,0.0
4521,1.0,0.11947705716046653,1.0
4522,0.0,0.12516713534529392,0.0
4523,0.0,0.35511865688912375,0.0
4524,1.0,-0.5551928494519054,1.0
4525,1.0,-0.5333117328989607,1.0
4526,0.0,0.17255678999068033,0.0
4527,0.0,0.44630733655114074,0.0
4528,0.0,0.08427726250920824,0.0
4529,0.0,0.17995385053085367,0.0
4530,1.0,-0.33990362676817215,1.0
4531,0.0,0.13146949288204712,0.0
4532,0.0,0.1339813749761802,0.0
4533,1.0,-0.32102327866322034,1.0
4534,0.0,0.0873355320150327,0.0
4535,1.0,-0.2929805183797423,1.0
4536,1.0,-0.25950521895515116,1.0
4537,0.0,0.12539324692818232,0.0
4538,1.0,-0.27315191506311015,1.0
4539,0.0,0.3813205311335892,0.0
4540,0.0,0.11989916116617982,0.0
4541,0.0,0.11989916116617982,0.0
4542,0.0,0.20690336933056735,0.0
4543,0.0,0.20690336933056735,0.0
4544,0.0,0.17421188618484937,0.0
4545,1.0,-0.6829304252458176,1.0
4546,0.0,0.22023195361254622,0.0
4547,0.0,0.18384583640397792,0.0
4548,0.0,0.18570763752590466,0.0
4549,0.0,0.1804668004524332,0.0
4550,0.0,0.09974008808420082,0.0
4551,1.0,-0.5807686057028723,1.0
4552,0.0,0.1874792991831077,0.0
4553,0.0,0.33683354945079175,0.0
4554,1.0,-0.26395604881712476,1.0
4555,0.0,0.13547237684734315,0.0
4556,0.0,0.17353015083220544,0.0
4557,0.0,0.14478007590181435,0.0
4558,0.0,0.16801320238303738,0.0
4559,0.0,0.13830939465385145,0.0
4560,0.0,0.10968670685543278,0.0
4561,0.0,0.13754339430242904,0.0
4562,0.0,0.14933561039603035,0.0
4563,0.0,0.4536945827629149,0.0
4564,1.0,-0.23678148895960024,1.0
4565,1.0,-0.5701757641790193,1.0
4566,1.0,-0.18653648111969195,1.0
4567,1.0,-0.34923842458477994,1.0
4568,0.0,0.16659174677299715,0.0
4569,0.0,0.22136237027996697,0.0
4570,0.0,0.15104140245609407,0.0
4571,0.0,0.14843457705612847,0.0
4572,0.0,0.13337824436401566,0.0
4573,0.0,0.09464919297787436,0.0
4574,0.0,0.11455621867242759,0.0
4575,0.0,0.25994580443550025,0.0
4576,1.0,-0.5400500013830778,1.0
4577,0.0,0.43482873090121693,0.0
4578,1.0,-0.5707555001240623,1.0
4579,1.0,-0.5043669274555529,1.0
4580,0.0,0.21728798627287935,0.0
4581,1.0,-0.665642911910331,1.0
4582,0.0,0.11634684960783828,0.0
4583,0.0,0.09163913507642822,0.0
4584,0.0,0.11967943526632531,0.0
4585,0.0,0.10060151000851086,0.0
4586,0.0,0.10570408858492124,0.0
4587,0.0,0.1512308043086908,0.0
4588,0.0,0.2726073251675287,0.0
4589,0.0,0.3084272439762684,0.0
4590,1.0,-0.2162880258402687,1.0
4591,1.0,-0.3163743243588251,1.0
4592,1.0,-0.19736510491321008,1.0
4593,1.0,-0.2103330590778498,1.0
4594,1.0,-0.26306528252940803,1.0
4595,1.0,-0.47031159158924885,1.0
4596,0.0,0.43442032731557845,0.0
4597,0.0,0.12648768977251218,0.0
4598,0.0,0.19676051040436954,0.0
4599,0.0,0.24181490419942558,0.0
4600,0.0,0.21680304778526868,0.0
4601,0.0,0.1488956405672678,0.0
4602,0.0,0.21440104756894804,0.0
4603,0.0,0.2662333966815263,0.0
4604,0.0,0.2662333966815263,0.0
4605,0.0,0.1865075068689454,0.0
4606,0.0,0.12573163874715595,0.0
4607,0.0,0.1859041355358834,0.0
4608,0.0,0.13958609038145947,0.0
4609,0.0,0.12056935471947879,0.0
4610,1.0,-0.1868195277375119,1.0
4611,0.0,0.16337849521592696,0.0
4612,1.0,-0.501386009564613,1.0
4613,1.0,-0.45923397705824087,1.0
4614,1.0,-0.45923397705824087,1.0
4615,1.0,-0.2139893291187248,1.0
4616,1.0,-0.17513039663870972,1.0
4617,1.0,-0.31112707091987485,1.0
4618,1.0,-0.5337884134888432,1.0
4619,0.0,0.15105262032234454,0.0
4620,1.0,-0.28681066829223706,1.0
4621,1.0,-0.28681066829223706,1.0
4622,0.0,0.49527993145371635,0.0
4623,1.0,-0.6835738497405442,1.0
4624,0.0,0.12726066942272402,0.0
4625,1.0,-0.22048348994952627,1.0
4626,0.0,0.23523098453066738,0.0
4627,0.0,0.37535190459918605,0.0
4628,1.0,-0.5844820415307566,1.0
4629,0.0,0.1299177905064774,0.0
4630,0.0,0.24342482646251862,0.0
4631,1.0,-0.3206393562820757,1.0
4632,1.0,-0.35838810734991355,1.0
4633,1.0,-0.35838810734991355,1.0
4634,1.0,-0.35838810734991355,1.0
4635,0.0,0.3223440543188704,0.0
4636,0.0,0.3223440543188704,0.0
4637,0.0,0.15844947753638775,0.0
4638,0.0,0.15051646477519925,0.0
4639,0.0,0.18234060551497666,0.0
4640,0.0,0.14539379401856203,0.0
4641,0.0,0.4774035042215354,0.0
4642,1.0,-0.2726069766207008,1.0
4643,0.0,0.1120612180760285,0.0
4644,1.0,-0.545909223162135,1.0
4645,1.0,0.1612009004734284,1.0
4646,0.0,0.1795008315650279,0.0
4647,0.0,0.1795008315650279,0.0
4648,0.0,0.16978026125521953,0.0
4649,0.0,0.16978026125521953,0.0
4650,0.0,0.2564908193555863,0.0
4651,1.0,-0.5288914921781959,1.0
4652,1.0,-0.5690690021936073,1.0
4653,0.0,0.18651919686829938,0.0
4654,0.0,0.22281528654250235,0.0
4655,1.0,0.27404177917524397,1.0
4656,0.0,0.15437660271203799,0.0
4657,1.0,-0.27978428092764723,1.0
4658,1.0,-0.3035232668172623,1.0
4659,0.0,0.155999238121431,0.0
4660,0.0,0.25783091486668014,0.0
4661,1.0,-0.45133714862531765,1.0
4662,0.0,0.15282721423196519,0.0
4663,0.0,0.0927657046190546,0.0
4664,0.0,0.14447407128299591,0.0
4665,0.0,0.175270858322147,0.0
4666,0.0,0.175270858322147,0.0
4667,0.0,0.4000012724148054,0.0
4668,0.0,0.55305616032346,0.0
4669,1.0,-0.38016658077147997,1.0
4670,1.0,-0.30765470342594736,1.0
4671,0.0,0.5427289809315867,0.0
4672,1.0,-0.3342614958225911,1.0
4673,0.0,0.3044122246008701,0.0
4674,0.0,0.21898845208271056,0.0
4675,0.0,0.293824252285248,0.0
4676,0.0,0.15412398519733533,0.0
4677,0.0,0.21608391173496175,0.0
4678,0.0,0.13572281260013938,0.0
4679,1.0,-0.2992612007676882,1.0
4680,1.0,-0.23098111083997358,1.0
4681,1.0,-0.32736541029300975,1.0
4682,1.0,-0.22131940982098053,1.0
4683,1.0,-0.510384345715541,1.0
4684,1.0,-0.2769795082828004,1.0
4685,0.0,0.5978534448471157,0.0
4686,1.0,-0.2355626571463405,1.0
4687,1.0,-0.3375207136216073,1.0
4688,1.0,-0.40029173393680967,1.0
4689,1.0,-0.17698535994501413,1.0
4690,1.0,-0.17698535994501413,1.0
4691,1.0,-0.27732679094051277,1.0
4692,1.0,-0.5691268477835677,1.0
4693,1.0,-0.3180227254087652,1.0
4694,1.0,-0.40207082669135824,1.0
4695,1.0,-0.2697615346963283,1.0
4696,1.0,-0.3006500988910788,1.0
4697,1.0,-0.2235988099711818,1.0
4698,1.0,-0.3006500988910788,1.0
4699,1.0,-0.5799168759467315,1.0
4700,1.0,-0.2770556677458395,1.0
4701,1.0,-0.2958429824801493,1.0
4702,1.0,-0.2958429824801493,1.0
4703,1.0,-0.439753117624927,1.0
4704,1.0,-0.4676755993403109,1.0
4705,1.0,-0.2846732987919134,1.0
4706,1.0,-0.33050896433865146,1.0
4707,1.0,-0.27831437757680466,1.0
4708,1.0,-0.2845219901683083,1.0
4709,1.0,-0.2674132562790373,1.0
4710,1.0,-0.49672946353983405,1.0
4711,1.0,-0.1537155386245866,1.0
4712,1.0,-0.7175251986282,1.0
4713,1.0,-0.26674587547024114,1.0
4714,1.0,-0.7175251986282,1.0
4715,1.0,-0.6387351009926355,1.0
4716,1.0,-0.4998534421905579,1.0
4717,1.0,-0.5190677990038557,1.0
4718,1.0,-0.40186541663676534,1.0
4719,1.0,-0.28174492060180983,1.0
4720,1.0,-0.26455476883427687,1.0
4721,1.0,-0.4099186129013483,1.0
4722,1.0,-0.2206821526553298,1.0
4723,1.0,-0.4799076998300636,1.0
4724,1.0,-0.3563804993132617,1.0
4725,1.0,-0.25363870296850416,1.0
4726,1.0,-0.5912859975320252,1.0
4727,1.0,-0.026233903940647677,1.0
4728,0.0,0.12069128671233978,0.0
4729,0.0,0.6344060635438349,0.0
4730,0.0,0.27662437939188006,0.0
4731,0.0,0.4814455164315959,0.0
4732,0.0,0.23234348061303717,0.0
4733,0.0,0.24501606248028884,0.0
4734,0.0,0.32844153250354574,0.0
4735,0.0,0.1741804580355181,0.0
4736,0.0,0.12258691373116588,0.0
4737,0.0,0.12956025048096678,0.0
4738,0.0,0.13738709396347246,0.0
4739,1.0,-0.3640649053672127,1.0
4740,0.0,0.19867961640186432,0.0
4741,0.0,0.09086328620642783,0.0
4742,0.0,0.11746202422176401,0.0
4743,0.0,0.23455945319323918,0.0
4744,0.0,0.1055640092080132,0.0
4745,0.0,0.113032912716847,0.0
4746,0.0,0.11880228400134689,0.0
4747,0.0,0.17662671115470827,0.0
4748,0.0,0.11815601473430316,0.0
4749,1.0,-0.2726069766207008,1.0
4750,1.0,-0.3035232668172623,1.0
4751,0.0,0.1971769095737801,0.0
4752,0.0,0.1841213959022938,0.0
4753,1.0,-0.275399948721597,1.0
4754,0.0,0.08616226233085954,0.0
4755,0.0,0.1171905646144509,0.0
4756,0.0,0.15613673459515495,0.0
4757,0.0,0.09523456542570886,0.0
4758,0.0,0.08981265505550592,0.0
4759,0.0,0.15859704423214765,0.0
4760,0.0,0.14734883659003892,0.0
4761,0.0,0.1211049960830516,0.0
4762,0.0,0.0986461962051307,0.0
4763,0.0,0.45110470574948125,0.0
4764,1.0,-0.38384017450263924,1.0
4765,1.0,0.18025751264234924,1.0
4766,1.0,-0.25532163944276537,1.0
4767,1.0,-0.278048833885856,1.0
4768,0.0,0.2947120774046405,0.0
4769,1.0,-0.030002333919044204,1.0
4770,0.0,0.18393992522869065,0.0
4771,1.0,-0.22926261502774417,1.0
4772,1.0,-0.5425907122258311,1.0
4773,1.0,-0.3447039624983,1.0
4774,1.0,-0.6199089501037119,1.0
4775,1.0,-0.3194486170323464,1.0
4776,1.0,-0.5586084253991557,1.0
4777,1.0,-0.22820067963276863,1.0
4778,1.0,-0.5425907122258311,1.0
4779,1.0,-0.3231484318172352,1.0
4780,1.0,-0.313504270830936,1.0
4781,1.0,-0.4970798154636292,1.0
4782,1.0,-0.4970798154636292,1.0
4783,1.0,-0.5789081822339611,1.0
4784,1.0,-0.5312176601489896,1.0
4785,0.0,0.2071478125307947,0.0
4786,0.0,0.16928731434902683,0.0
4787,1.0,-0.5956927975736569,1.0
4788,1.0,-0.1814966969766169,1.0
4789,0.0,0.17053448823485193,0.0
4790,1.0,-0.439753117624927,1.0
4791,0.0,0.14747874133633646,0.0
4792,1.0,-0.6168331365211323,1.0
4793,0.0,0.12741746666532935,0.0
4794,1.0,-0.27315191506311015,1.0
4795,1.0,-0.2826667226868477,1.0
4796,1.0,-0.23794363402649527,1.0
4797,0.0,0.252083494661115,0.0
4798,0.0,0.24174631187031054,0.0
4799,0.0,0.5275706847795363,0.0
4800,1.0,-0.5561585726820166,1.0
4801,1.0,-0.6749628605527616,1.0
4802,0.0,0.4738572582238081,0.0
4803,1.0,-0.21123742718621247,1.0
4804,1.0,-0.5637353236343441,1.0
4805,1.0,-0.6496711621631993,1.0
4806,1.0,-0.35675948136335167,1.0
4807,1.0,-0.3357674714917049,1.0
4808,1.0,-0.5637500512962779,1.0
4809,1.0,-0.6460203961110181,1.0
4810,1.0,-0.6460203961110181,1.0
4811,1.0,-0.6460203961110181,1.0
4812,1.0,-0.2819948952899908,1.0
4813,1.0,-0.6059458741123518,1.0
4814,1.0,-0.6059458741123518,1.0
4815,1.0,-0.2819948952899908,1.0
4816,1.0,-0.2819948952899908,1.0
4817,1.0,-0.2154275202934286,1.0
4818,1.0,-0.46796845849535873,1.0
4819,1.0,-0.5481771562921361,1.0
4820,1.0,-0.2513480500190571,1.0
4821,1.0,-0.6581285676575261,1.0
4822,1.0,-0.2513480500190571,1.0
4823,1.0,-0.6581285676575261,1.0
4824,1.0,-0.6581285676575261,1.0
4825,1.0,-0.6581285676575261,1.0
4826,1.0,-0.36714773988259786,1.0
4827,1.0,-0.36714773988259786,1.0
4828,1.0,-0.4797512967306299,1.0
4829,1.0,-0.21512149104851794,1.0
4830,1.0,-0.2519509182542544,1.0
4831,1.0,-0.2519509182542544,1.0
4832,1.0,-0.2519509182542544,1.0
4833,1.0,-0.5957974271002048,1.0
4834,0.0,0.20981535228815232,0.0
4835,1.0,-0.2235988099711818,1.0
4836,1.0,-0.6315409989644613,1.0
4837,1.0,-0.17926102720904094,1.0
4838,1.0,-0.21123742718621247,1.0
4839,1.0,-0.6496711621631993,1.0
4840,1.0,-0.6698354186698727,1.0
4841,1.0,-0.19854687954058686,1.0
4842,0.0,0.12117635273026126,0.0
4843,0.0,0.12117635273026126,0.0
4844,0.0,0.12117635273026126,0.0
4845,0.0,0.12117635273026126,0.0
4846,0.0,0.11636514754069187,0.0
4847,1.0,-0.537765207618786,1.0
4848,0.0,0.14926116555124996,0.0
4849,1.0,-0.23784601776601483,1.0
4850,0.0,0.10622094520931055,0.0
4851,0.0,0.10409117734036284,0.0
4852,0.0,0.15725632100952974,0.0
4853,0.0,0.10605999389752882,0.0
4854,0.0,0.3083850262434153,0.0
4855,1.0,-0.7272883605366085,1.0
4856,1.0,-0.3639301816919757,1.0
4857,1.0,-0.3639301816919757,1.0
4858,0.0,0.5735713998712033,0.0
4859,1.0,-0.2661266819328188,1.0
4860,1.0,-0.2661266819328188,1.0
4861,1.0,-0.46959685142733265,1.0
4862,1.0,-0.41496551981527086,1.0
4863,1.0,-0.47104341616854095,1.0
4864,0.0,0.11685809034913555,0.0
4865,0.0,0.14724673722434997,0.0
4866,1.0,-0.2764462393910009,1.0
4867,0.0,0.6728335047894248,0.0
4868,0.0,0.6728335047894248,0.0
4869,0.0,0.09540654491939163,0.0
4870,0.0,0.143603892445968,0.0
4871,0.0,0.2975290317751678,0.0
4872,0.0,0.11461182590256873,0.0
4873,0.0,0.08659393842474757,0.0
4874,0.0,0.5854144177542258,0.0
4875,0.0,0.1246045086073207,0.0
4876,0.0,0.1089177731745302,0.0
4877,1.0,-0.6014549517963785,1.0
4878,1.0,-0.35407402368345414,1.0
4879,1.0,0.47754624601962015,1.0
4880,0.0,0.08418876825064092,0.0
4881,1.0,-0.2354554481657313,1.0
4882,0.0,0.2542710593289883,0.0
4883,1.0,-0.15818120711079262,1.0
4884,1.0,-0.7454698362152612,1.0
4885,0.0,0.1392636992747562,0.0
4886,0.0,0.24629375513608293,0.0
4887,0.0,0.21269749210173777,0.0
4888,1.0,-0.5561585726820166,1.0
4889,1.0,-0.27315191506311015,1.0
4890,1.0,-0.2669443024716065,1.0
4891,1.0,-0.16665591820710363,1.0
4892,1.0,-0.48281575276731975,1.0
4893,0.0,0.18676711426629838,0.0
4894,1.0,-0.5173291280023594,1.0
4895,0.0,0.16871215638099674,0.0
4896,1.0,-0.536269521546226,1.0
4897,1.0,-0.536269521546226,1.0
4898,1.0,-0.536269521546226,1.0
4899,0.0,0.15484757951082007,0.0
4900,0.0,0.10064681568463993,0.0
4901,1.0,-0.5735745036746979,1.0
4902,1.0,-0.37164534912063024,1.0
4903,1.0,-0.27695333054695787,1.0
4904,1.0,-0.5699226964196128,1.0
4905,1.0,-0.27695333054695787,1.0
4906,1.0,-0.5699226964196128,1.0
4907,1.0,-0.5699226964196128,1.0
4908,1.0,-0.536269521546226,1.0
4909,1.0,-0.545347099826629,1.0
4910,1.0,-0.25261600598849365,1.0
4911,1.0,-0.5637353236343441,1.0
4912,1.0,-0.6857447003846545,1.0
4913,1.0,-0.6857447003846545,1.0
4914,1.0,-0.23114152993914922,1.0
4915,0.0,0.5130948406238725,0.0
4916,1.0,-0.2657307930752272,1.0
4917,1.0,-0.6721627804798819,1.0
4918,0.0,0.295009090623307,0.0
4919,1.0,-0.5646446000414378,1.0
4920,0.0,0.14130014034809502,0.0
4921,1.0,-0.20793953305564636,1.0
4922,1.0,-0.24042779157569474,1.0
4923,0.0,0.08523529410714599,0.0
4924,0.0,0.18223799958221623,0.0
4925,0.0,0.18223799958221623,0.0
4926,1.0,-0.2999940311803442,1.0
4927,0.0,0.2050906187261751,0.0
4928,0.0,0.17878711438369171,0.0
4929,0.0,0.27399311468629634,0.0
4930,0.0,0.12257426652266014,0.0
4931,0.0,0.10025576045231038,0.0
4932,0.0,0.1265542728863279,0.0
4933,0.0,0.11887973872281374,0.0
4934,0.0,0.45620574578185535,0.0
4935,1.0,-0.3261422623747017,1.0
4936,1.0,-0.29211698884811044,1.0
4937,1.0,-0.29211698884811044,1.0
4938,1.0,-0.5034955389391215,1.0
4939,1.0,-0.4912220653425096,1.0
4940,1.0,-0.5718017231246323,1.0
4941,1.0,-0.2712813624586689,1.0
4942,1.0,-0.5424980545891814,1.0
4943,1.0,-0.15689917046042506,1.0
4944,0.0,0.38464977580511234,0.0
4945,0.0,0.13997340020503463,0.0
4946,0.0,0.12161189312547004,0.0
4947,0.0,0.08616162188733913,0.0
4948,0.0,0.10983298986966933,0.0
4949,0.0,0.08739464414951105,0.0
4950,0.0,0.10715131598833488,0.0
4951,0.0,0.11112036279306553,0.0
4952,0.0,0.1219368309643344,0.0
4953,0.0,0.17195865371328833,0.0
4954,0.0,0.23485143301389214,0.0
4955,0.0,0.17030155579662964,0.0
4956,0.0,0.1015106604199344,0.0
4957,1.0,-0.5807686057028723,1.0
4958,0.0,0.1471463714181338,0.0
4959,0.0,0.10647211046285089,0.0
4960,1.0,-0.21741677516450383,1.0
4961,0.0,0.09292493247375917,0.0
4962,0.0,0.10797643582550072,0.0
4963,1.0,-0.16569246882256453,1.0
4964,1.0,-0.16569246882256453,1.0
4965,1.0,-0.27878714732510207,1.0
4966,1.0,-0.22404260068197115,1.0
4967,0.0,0.32876737095563213,0.0
4968,0.0,0.4903821906188279,0.0
4969,1.0,-0.4237122241629783,1.0
4970,0.0,0.19664902527566497,0.0
4971,0.0,0.26378824359278763,0.0
4972,1.0,-0.2460143575845872,1.0
4973,1.0,-0.2460143575845872,1.0
4974,1.0,-0.0318619051724988,1.0
4975,1.0,-0.30883389421618257,1.0
4976,1.0,-0.3442790404134688,1.0
4977,0.0,0.24460863312966033,0.0
4978,0.0,0.24460863312966033,0.0
4979,0.0,0.24460863312966033,0.0
4980,0.0,0.13442414510129025,0.0
4981,0.0,0.14479003640906407,0.0
4982,0.0,0.13947001932997646,0.0
4983,1.0,-0.2601930314979755,1.0
4984,1.0,-0.19353645659682897,1.0
4985,1.0,-0.5112347655907246,1.0
4986,1.0,-0.19353645659682897,1.0
4987,1.0,-0.1641912636236104,1.0
4988,1.0,-0.5548500950785247,1.0
4989,1.0,-0.6153383415842212,1.0
4990,1.0,-0.4534342270837937,1.0
4991,1.0,-0.27878714732510207,1.0
4992,1.0,-0.27878714732510207,1.0
4993,0.0,0.29975794371647557,0.0
4994,1.0,-0.6379814395091363,1.0
4995,0.0,0.29058063836016595,0.0
4996,0.0,0.1816332904826049,0.0
4997,0.0,0.27540751338502556,0.0
4998,1.0,-0.07926136641276957,1.0
4999,1.0,-0.2524310374658493,1.0
5000,0.0,0.15693769630083926,0.0
5001,1.0,-0.20393553057413674,1.0
5002,1.0,-0.4808679352608448,1.0
5003,0.0,0.2902192285971605,0.0
5004,1.0,-0.48495480558621257,1.0
5005,1.0,-0.7135035825549589,1.0
5006,1.0,-0.7135035825549589,1.0
5007,1.0,-0.2874984808350614,1.0
5008,1.0,-0.18870915497457486,1.0
5009,1.0,-0.35626409030155254,1.0
5010,1.0,-0.1860262355278616,1.0
5011,1.0,-0.34910534253636455,1.0
5012,0.0,0.08659393842474757,0.0
5013,1.0,-0.27315191506311015,1.0
5014,0.0,0.3062259530425534,0.0
5015,0.0,0.15112844558720123,0.0
5016,0.0,0.28195589776251845,0.0
5017,0.0,0.30085733923437774,0.0
5018,1.0,-0.4476780843981935,1.0
5019,1.0,-0.27382978019117815,1.0
5020,1.0,-0.49481906262471753,1.0
5021,1.0,-0.49481906262471753,1.0
5022,1.0,-0.5438748170170662,1.0
5023,0.0,0.17148880521870197,0.0
5024,1.0,-0.5288070511229785,1.0
5025,0.0,0.1200882813967997,0.0
5026,0.0,0.14552710193117913,0.0
5027,0.0,0.14552710193117913,0.0
5028,0.0,0.07500248569240768,0.0
5029,0.0,0.2778211353053979,0.0
5030,1.0,-0.3664594222529592,1.0
5031,1.0,-0.568099289075158,1.0
5032,0.0,0.33886968331693185,0.0
5033,1.0,-0.2341021826750145,1.0
5034,1.0,-0.12362692948914465,1.0
5035,0.0,0.39855533671698046,0.0
5036,1.0,-0.5181133685591574,1.0
5037,1.0,-0.5405108057839895,1.0
5038,1.0,-0.1537155386245866,1.0
5039,1.0,-0.25185125254503077,1.0
5040,1.0,-0.29618903530717167,1.0
5041,0.0,0.13800406402827287,0.0
5042,0.0,0.2334059447831999,0.0
5043,1.0,-0.2863961684252372,1.0
5044,0.0,0.29568727471198636,0.0
5045,0.0,0.15864141461573975,0.0
5046,0.0,0.08874414869321477,0.0
5047,0.0,0.22625452551501207,0.0
5048,0.0,0.12102412752460762,0.0
5049,0.0,0.12580654821590326,0.0
5050,0.0,0.13045435801563598,0.0
5051,0.0,0.2116094987568846,0.0
5052,0.0,0.13058258830117453,0.0
5053,0.0,0.13058258830117453,0.0
5054,0.0,0.13058258830117453,0.0
5055,0.0,0.13058258830117453,0.0
5056,0.0,0.13058258830117453,0.0
5057,0.0,0.13058258830117453,0.0
5058,1.0,-0.31393078949549,1.0
5059,0.0,0.1374751011065633,0.0
5060,0.0,0.29748346712767487,0.0
5061,1.0,-0.6066994159972203,1.0
5062,1.0,-0.26411884078184183,1.0
5063,1.0,-0.5762144418972572,1.0
5064,0.0,0.10561924085794804,0.0
5065,0.0,0.13555863428853118,0.0
5066,0.0,0.13555863428853118,0.0
5067,1.0,-0.35447984402092636,1.0
5068,0.0,0.35144961135756275,0.0
5069,1.0,-0.349333500775334,1.0
5070,1.0,-0.349333500775334,1.0
5071,0.0,0.3885023946384728,0.0
5072,1.0,-0.5355695063428587,1.0
5073,1.0,-0.703317803708889,1.0
5074,0.0,0.43098466765801,0.0
5075,1.0,-0.29597837925202164,1.0
5076,0.0,0.11221751497080039,0.0
5077,1.0,-0.1977000194341059,1.0
5078,1.0,-0.1977000194341059,1.0
5079,1.0,-0.1977000194341059,1.0
5080,1.0,-0.18524348207552502,1.0
5081,1.0,-0.20274910618171127,1.0
5082,1.0,-0.20274910618171127,1.0
5083,1.0,-0.5647894968766843,1.0
5084,1.0,-0.2268034726598126,1.0
5085,1.0,-0.49927059075354296,1.0
5086,1.0,-0.653763922389968,1.0
5087,0.0,0.4332720824178213,0.0
5088,1.0,-0.18031973619385547,1.0
5089,1.0,-0.41138047526256133,1.0
5090,1.0,-0.3660631938642646,1.0
5091,0.0,0.10805411204285545,0.0
5092,0.0,0.11707145942677617,0.0
5093,1.0,-0.49121112184847393,1.0
5094,0.0,0.1477665493365977,0.0
5095,1.0,-0.18063839342538937,1.0
5096,0.0,0.13307701606213376,0.0
5097,0.0,0.11851706618122546,0.0
5098,0.0,0.15407760599527076,0.0
5099,0.0,0.1986901056396672,0.0
5100,0.0,0.15407760599527076,0.0
5101,0.0,0.15407760599527076,0.0
5102,0.0,0.14800218396629974,0.0
5103,0.0,0.22493553258684726,0.0
5104,0.0,0.11443604939747615,0.0
5105,0.0,0.12836636440958527,0.0
5106,0.0,0.23431494914277914,0.0
5107,0.0,0.15072816263117444,0.0
5108,0.0,0.17629422383824622,0.0
5109,0.0,0.14460388151185954,0.0
5110,0.0,0.12017581913480917,0.0
5111,0.0,0.13812866197843096,0.0
5112,0.0,0.08521051255576462,0.0
5113,0.0,0.31059732685599345,0.0
5114,0.0,0.11660236271777547,0.0
5115,0.0,0.12145703227007826,0.0
5116,0.0,0.13801447991844792,0.0
5117,0.0,0.11383514595921537,0.0
5118,0.0,0.16835080094034394,0.0
5119,0.0,0.1547687635594902,0.0
5120,0.0,0.17321171199310692,0.0
5121,0.0,0.2581514007959671,0.0
5122,0.0,0.21967153105949727,0.0
5123,0.0,0.27812755552857,0.0
5124,0.0,0.1886188258446138,0.0
5125,0.0,0.15338430257249225,0.0
5126,0.0,0.33371617633777845,0.0
5127,0.0,0.11316656482573766,0.0
5128,0.0,0.14084917814339953,0.0
5129,0.0,0.09782268365674451,0.0
5130,0.0,0.2005186741304713,0.0
5131,0.0,0.14437609618501127,0.0
5132,0.0,0.11069861852380794,0.0
5133,0.0,0.1358357558529299,0.0
5134,0.0,0.16081255909996536,0.0
5135,0.0,0.22151770472002336,0.0
5136,0.0,0.20767385178596318,0.0
5137,0.0,0.2314230912376691,0.0
5138,0.0,0.19363970293505858,0.0
5139,0.0,0.12797430638114776,0.0
5140,0.0,0.24910903591083436,0.0
5141,0.0,0.10487237697039974,0.0
5142,0.0,0.10670924277012683,0.0
5143,0.0,0.1236356514416063,0.0
5144,0.0,0.13467447086397302,0.0
5145,0.0,0.12060606872190575,0.0
5146,0.0,0.14779034297832291,0.0
5147,0.0,0.11247212984388905,0.0
5148,0.0,0.10995864623804325,0.0
5149,0.0,0.11591536376640593,0.0
5150,0.0,0.08861977870378666,0.0
5151,0.0,0.22111566660321583,0.0
5152,0.0,0.1943896840065707,0.0
5153,0.0,0.32740659241987385,0.0
5154,0.0,0.21520700848389812,0.0
5155,0.0,0.20595537487125995,0.0
5156,0.0,0.18634128889615667,0.0
5157,0.0,0.14528565107810554,0.0
5158,0.0,0.12222977267946349,0.0
5159,0.0,0.10157260675318203,0.0
5160,0.0,0.16719884999930454,0.0
5161,0.0,0.2557200096232025,0.0
5162,0.0,0.11066834867893396,0.0
5163,0.0,0.1565421460550003,0.0
5164,0.0,0.14246548091034633,0.0
5165,0.0,0.09610437170176778,0.0
5166,0.0,0.17065778004887208,0.0
5167,0.0,0.11747566826216918,0.0
5168,0.0,0.11585702992738975,0.0
5169,0.0,0.10378015631719094,0.0
5170,0.0,0.09610437170176778,0.0
5171,0.0,0.09794274821725588,0.0
5172,0.0,0.08979905611351846,0.0
5173,0.0,0.1516361687374301,0.0
5174,0.0,0.09166756303753158,0.0
5175,0.0,0.11168057756343538,0.0
5176,0.0,0.09503485150303329,0.0
5177,0.0,0.14931294598031702,0.0
5178,0.0,0.1522510765245241,0.0
5179,0.0,0.11808855082642772,0.0
5180,0.0,0.1278011465019435,0.0
5181,0.0,0.19576856190750672,0.0
5182,0.0,0.09001592429610158,0.0
5183,0.0,0.09610437170176778,0.0
5184,0.0,0.1095352310071002,0.0
5185,0.0,0.12523214036987768,0.0
5186,0.0,0.13224185204675204,0.0
5187,0.0,0.11775415677135834,0.0
5188,0.0,0.16277422465955546,0.0
5189,0.0,0.1746526866908372,0.0
5190,0.0,0.13796054184971987,0.0
5191,0.0,0.2321859166871699,0.0
5192,0.0,0.22298519646120993,0.0
5193,0.0,0.2801361503624385,0.0
5194,0.0,0.13796054184971987,0.0
5195,0.0,0.22298519646120993,0.0
5196,0.0,0.209048793084896,0.0
5197,0.0,0.15006259390002044,0.0
5198,0.0,0.209048793084896,0.0
5199,0.0,0.1369275442185317,0.0
5200,0.0,0.24680475956743544,0.0
5201,1.0,0.03662592273260591,1.0
5202,0.0,0.13552540044963124,0.0
5203,0.0,0.10250935143788736,0.0
