row_index,feature_value,shap_value,color_by_self
0,1.4137193,-1.0204794674146807,1.4137193
1,1.4137193,-1.0204794674146807,1.4137193
2,1.4431192,-0.9630902897776965,1.4431192
3,1.4431192,-0.9809309332786285,1.4431192
4,1.4431192,-0.9809309332786285,1.4431192
5,-1.4159157,1.1623042312989627,-1.4159157
6,1.4165168,-0.9641223033578904,1.4165168
7,1.4165168,-0.9641223033578904,1.4165168
8,1.4165168,-0.9641223033578904,1.4165168
9,1.4165168,-0.9641223033578904,1.4165168
10,1.4165168,-0.9641223033578904,1.4165168
11,1.4121481,-0.9042999533772057,1.4121481
12,1.4121481,-0.9042999533772057,1.4121481
13,1.4121481,-0.9042999533772057,1.4121481
14,1.4378985,-1.7377514096145195,1.4378985
15,1.4378985,-1.4856363455724941,1.4378985
16,-1.3649788,0.5969615763266395,-1.3649788
17,-1.4516085,1.6351056784316844,-1.4516085
18,-1.3672938,0.417034428718285,-1.3672938
19,-1.3672938,0.417034428718285,-1.3672938
20,-1.3672938,0.417034428718285,-1.3672938
21,-1.3672938,0.417034428718285,-1.3672938
22,-1.3672938,0.417034428718285,-1.3672938
23,-1.3672938,0.792253405621771,-1.3672938
24,-1.3672938,0.792253405621771,-1.3672938
25,-1.3672938,0.417034428718285,-1.3672938
26,-1.3672938,0.792253405621771,-1.3672938
27,-1.3672938,0.792253405621771,-1.3672938
28,-1.3672938,0.417034428718285,-1.3672938
29,1.3672947,-0.3590572354084111,1.3672947
30,1.3672947,-0.3590572354084111,1.3672947
31,1.3672947,-0.3590572354084111,1.3672947
32,1.3672947,-0.3590572354084111,1.3672947
33,1.3672947,-0.5841473847785528,1.3672947
34,1.3672947,-0.3590572354084111,1.3672947
35,1.3672947,-0.5841473847785528,1.3672947
36,1.3672947,-0.29180844723679533,1.3672947
37,1.3672947,-0.3590572354084111,1.3672947
38,1.3672947,-0.3590572354084111,1.3672947
39,1.3672947,-0.29180844723679533,1.3672947
40,1.3672947,-0.3590572354084111,1.3672947
41,1.4370643,-1.0639423997028992,1.4370643
42,1.4370643,-1.0639423997028992,1.4370643
43,1.4194587,-0.7302992981773424,1.4194587
44,1.4031636,-0.8381697916815665,1.4031636
45,1.4020799,-1.0261079799416282,1.4020799
46,1.4020799,-1.0717035602370613,1.4020799
47,1.4020799,-1.0717035602370613,1.4020799
48,-1.4037893,1.0365688294699613,-1.4037893
49,1.4363039,-1.518123569491936,1.4363039
50,1.3969831,-1.0289980662661735,1.3969831
51,1.3969831,-1.0289980662661735,1.3969831
52,1.3969831,-0.9226769911664573,1.3969831
53,1.4115714,-0.39925490547559433,1.4115714
54,-1.4012891,0.9672409829529219,-1.4012891
55,-1.4012891,0.9672409829529219,-1.4012891
56,-1.4012891,0.9672409829529219,-1.4012891
57,-1.4013546,0.5395530872438471,-1.4013546
58,-1.4013546,0.7626620013049783,-1.4013546
59,1.4013569,-0.6115541497499044,1.4013569
60,1.4013569,-0.6115541497499044,1.4013569
61,1.4013569,-0.6515614211321158,1.4013569
62,1.4480119,-1.1977559067542887,1.4480119
63,1.4480119,-1.1977559067542887,1.4480119
64,1.4480119,-1.1977559067542887,1.4480119
65,1.4480119,-1.1977559067542887,1.4480119
66,1.4480119,-1.1977559067542887,1.4480119
67,1.4480119,-1.1977559067542887,1.4480119
68,1.4480119,-1.1977559067542887,1.4480119
69,1.4480119,-1.1977559067542887,1.4480119
70,-1.3608439,0.20389203994900698,-1.3608439
71,-1.3595845,0.44190424321530525,-1.3595845
72,-1.3595845,0.44190424321530525,-1.3595845
73,-1.3595845,0.44190424321530525,-1.3595845
74,-1.430612,1.4171035951762099,-1.430612
75,-1.430612,1.1031591640909757,-1.430612
76,-1.430612,1.1031591640909757,-1.430612
77,-1.430612,1.1031591640909757,-1.430612
78,-1.4228826,0.8032780764815589,-1.4228826
79,-1.4228826,0.8032780764815589,-1.4228826
80,1.4406246,-1.154433123610612,1.4406246
81,1.4406246,-1.154433123610612,1.4406246
82,-1.3923888,0.7202212729815254,-1.3923888
83,-1.3923888,0.7202212729815254,-1.3923888
84,1.4310412,-0.8702587329509069,1.4310412
85,1.4310412,-0.8702587329509069,1.4310412
86,1.4310412,-0.9761836552207754,1.4310412
87,1.4310412,-0.8702587329509069,1.4310412
88,-1.4039589,0.5264190534932983,-1.4039589
89,-1.3658441,0.3425892577114603,-1.3658441
90,1.4182531,-1.1141550569372636,1.4182531
91,1.4182531,-1.1141550569372636,1.4182531
92,1.4216793,-0.9268050679207275,1.4216793
93,-1.4099029,0.8472507587707857,-1.4099029
94,-1.4099029,0.8472507587707857,-1.4099029
95,-1.40611,1.072555216405992,-1.40611
96,-1.3874245,0.47248437720463177,-1.3874245
97,-1.3874245,0.47248437720463177,-1.3874245
98,1.4399513,-1.4357140767127223,1.4399513
99,1.3804499,-0.47317391807175196,1.3804499
100,1.3804499,-0.8000461162436253,1.3804499
101,-1.3738803,0.44375755638473136,-1.3738803
102,1.4029593,-0.5076179269162007,1.4029593
103,-1.4219005,0.677876866043435,-1.4219005
104,-1.4219005,0.677876866043435,-1.4219005
105,1.395007,-1.329046230831362,1.395007
106,1.395007,-0.8517677109961783,1.395007
107,1.395007,-0.8517677109961783,1.395007
108,1.395007,-0.8517677109961783,1.395007
109,1.4077477,-0.7885206562599621,1.4077477
110,-1.3653659,0.6230012580921431,-1.3653659
111,-1.4181331,0.8472914785925306,-1.4181331
112,-1.4181331,0.8472914785925306,-1.4181331
113,1.4289831,-1.305606979863716,1.4289831
114,1.4651588,-1.3441598365566785,1.4651588
115,1.3877172,-1.0669673339836463,1.3877172
116,1.3877172,-1.0669673339836463,1.3877172
117,1.4198309,-1.1619602941224239,1.4198309
118,1.4198309,-1.1619602941224239,1.4198309
119,1.4198309,-1.1619602941224239,1.4198309
120,1.4198309,-1.1619602941224239,1.4198309
121,1.4198309,-1.1619602941224239,1.4198309
122,-1.3652798,0.3244822705165141,-1.3652798
123,-1.3652798,0.2495226208145844,-1.3652798
124,1.4032556,-0.8300672075586779,1.4032556
125,1.3968236,-0.8047625612045763,1.3968236
126,1.3968236,-1.0767021432022883,1.3968236
127,1.3968236,-1.0767021432022883,1.3968236
128,1.3968236,-1.0767021432022883,1.3968236
129,1.4020475,-1.221677961962755,1.4020475
130,1.4022266,-1.1716097145135929,1.4022266
131,1.4022266,-1.2588953738157926,1.4022266
132,-1.4273643,0.9483926914644238,-1.4273643
133,-1.4479269,1.160865238833669,-1.4479269
134,1.4234487,-0.7796710731840241,1.4234487
135,1.4234487,-0.7796710731840241,1.4234487
136,1.4200326,-1.267674607067292,1.4200326
137,1.4200326,-1.267674607067292,1.4200326
138,1.4098186,-0.5462346070607642,1.4098186
139,-1.442118,1.3299786398672204,-1.442118
140,-1.442118,1.3299786398672204,-1.442118
141,1.414576,-1.3234239632641382,1.414576
142,1.414576,-1.3234239632641382,1.414576
143,-1.4148291,1.1850097469447687,-1.4148291
144,-1.4148291,1.1850097469447687,-1.4148291
145,1.4141991,-1.0165113312975562,1.4141991
146,1.4141991,-1.0165113312975562,1.4141991
147,1.4014562,-1.23208127775833,1.4014562
148,1.4014562,-1.23208127775833,1.4014562
149,1.4748738,-0.8694857220232852,1.4748738
150,1.4748738,-0.8900638877297244,1.4748738
151,1.4748738,-0.8900638877297244,1.4748738
152,1.403598,-1.291733659838809,1.403598
153,-1.3946661,0.7656017580651533,-1.3946661
154,-1.3946661,0.723709070476957,-1.3946661
155,-1.4092083,0.8067766528162599,-1.4092083
156,-1.3637043,0.4223190742136969,-1.3637043
157,1.3642166,0.00421088076150921,1.3642166
158,-1.397005,0.4970134766293278,-1.397005
159,1.3927642,-0.8636226390534312,1.3927642
160,1.3927642,-0.897235457443607,1.3927642
161,1.3927642,-0.897235457443607,1.3927642
162,-1.4016,1.220457764408506,-1.4016
163,-1.3950068,1.195681181513955,-1.3950068
164,1.3896298,-0.5626070307702855,1.3896298
165,1.4199741,-1.1674967081676497,1.4199741
166,-1.387824,0.8833054520382886,-1.387824
167,-1.387824,0.8833054520382886,-1.387824
168,-1.4552621,1.3513681667112543,-1.4552621
169,-1.4552621,1.4835056418899375,-1.4552621
170,-1.4552621,1.4835056418899375,-1.4552621
171,-1.4552621,1.3513681667112543,-1.4552621
172,-1.4552621,1.4835056418899375,-1.4552621
173,-1.4126279,0.7501827555891601,-1.4126279
174,1.4310968,-0.9774720180908704,1.4310968
175,1.4310968,-0.9774720180908704,1.4310968
176,1.4310968,-0.8365832091282972,1.4310968
177,1.4445295,-1.6219703067606626,1.4445295
178,-1.3597356,0.20982173260836395,-1.3597356
179,-1.3597356,0.20982173260836395,-1.3597356
180,1.3972813,-0.4815341724461923,1.3972813
181,1.3946043,-0.8774669693448539,1.3946043
182,-1.3661342,0.6321912284298863,-1.3661342
183,-1.3661342,0.5805965903726164,-1.3661342
184,-1.3661342,0.6321912284298863,-1.3661342
185,-1.4593629,0.8680903750525857,-1.4593629
186,1.36372,-0.008649619322176786,1.36372
187,1.36372,-0.008649619322176786,1.36372
188,1.3921674,-0.7240875467355617,1.3921674
189,1.3921674,-0.7429304118871577,1.3921674
190,1.3921674,-0.7429304118871577,1.3921674
191,1.3921674,-0.7429304118871577,1.3921674
192,1.3978009,-0.6016185262561248,1.3978009
193,-1.3989257,0.5038594516466015,-1.3989257
194,-1.4454492,1.2287756061857436,-1.4454492
195,-1.4454492,1.2287756061857436,-1.4454492
196,-1.4454492,1.2287756061857436,-1.4454492
197,1.4417666,-1.0223492154627996,1.4417666
198,1.4417666,-1.1611749089120424,1.4417666
199,-1.3668975,0.517303092097193,-1.3668975
200,-1.3668975,0.517303092097193,-1.3668975
201,1.3674686,-0.3150897624750731,1.3674686
202,-1.4175469,0.1001798316391446,-1.4175469
203,1.4393188,-0.9785031681638509,1.4393188
204,1.4393188,-1.0305029161391812,1.4393188
205,1.4393188,-0.9569986367839312,1.4393188
206,1.4393188,-0.9725454298500954,1.4393188
207,1.4393188,-0.9569986367839312,1.4393188
208,1.4393188,-0.9569986367839312,1.4393188
209,-1.3970362,0.5636106406315505,-1.3970362
210,-1.3970362,0.5636106406315505,-1.3970362
211,1.4222136,-0.5003680996199602,1.4222136
212,-1.3972235,0.9758522192999417,-1.3972235
213,-1.3972235,0.9758522192999417,-1.3972235
214,-1.3972235,0.9758522192999417,-1.3972235
215,1.3653027,-0.29960935010698225,1.3653027
216,1.3653027,-0.29960935010698225,1.3653027
217,1.3653027,0.0723826680598109,1.3653027
218,-1.3739134,0.32306057619495426,-1.3739134
219,-1.3739134,0.32306057619495426,-1.3739134
220,-1.3739134,0.32306057619495426,-1.3739134
221,-1.3739134,0.32306057619495426,-1.3739134
222,-1.3739134,0.32306057619495426,-1.3739134
223,-1.3739134,0.32306057619495426,-1.3739134
224,1.4477396,-1.1932217671806857,1.4477396
225,1.4477396,-1.1932217671806857,1.4477396
226,1.4477396,-1.1932217671806857,1.4477396
227,1.4328965,-0.8547790330927856,1.4328965
228,-1.4302974,0.6674371186496959,-1.4302974
229,1.4634671,-1.8342986197053988,1.4634671
230,-1.4374771,1.3895619202738367,-1.4374771
231,-1.4374771,1.3895619202738367,-1.4374771
232,-1.4374771,1.3895619202738367,-1.4374771
233,-1.4374771,1.3895619202738367,-1.4374771
234,-1.4374771,1.3895619202738367,-1.4374771
235,-1.4374771,1.3895619202738367,-1.4374771
236,1.4159341,-1.1966982789576759,1.4159341
237,-1.4656161,1.7805202217224392,-1.4656161
238,1.3923286,-0.6403674668851528,1.3923286
239,1.3929046,-0.5917118259770696,1.3929046
240,1.4226731,-0.878207430056099,1.4226731
241,1.3754033,-0.4352942784704228,1.3754033
242,1.3754033,-0.4352942784704228,1.3754033
243,1.3754033,-0.4352942784704228,1.3754033
244,1.3754033,-0.4352942784704228,1.3754033
245,1.3754033,-0.4199338403867447,1.3754033
246,-1.4219308,1.321935502172888,-1.4219308
247,-1.4219308,1.321935502172888,-1.4219308
248,-1.4219308,1.321935502172888,-1.4219308
249,1.3591919,-0.015205097387350238,1.3591919
250,1.3591919,-0.015205097387350238,1.3591919
251,1.3591919,-0.015205097387350238,1.3591919
252,1.3591919,-0.015205097387350238,1.3591919
253,1.3591919,-0.015205097387350238,1.3591919
254,-1.4312904,0.5524369757684333,-1.4312904
255,-1.4312904,0.5524369757684333,-1.4312904
256,1.4118632,-0.6643699905669882,1.4118632
257,1.4118632,-0.6643699905669882,1.4118632
258,1.411534,-0.5061507350418687,1.411534
259,1.4445581,-0.9654342803307975,1.4445581
260,1.4139111,-0.5774263565234484,1.4139111
261,1.4139111,-0.5774263565234484,1.4139111
262,-1.4215078,0.8529430411037107,-1.4215078
263,-1.397354,0.8589744274976228,-1.397354
264,-1.397354,1.167913144420966,-1.397354
265,-1.397354,1.167913144420966,-1.397354
266,-1.397354,1.167913144420966,-1.397354
267,-1.4043695,1.4169536871120991,-1.4043695
268,1.4528686,-1.6919132395586864,1.4528686
269,-1.4242773,0.9442423613864197,-1.4242773
270,-1.4242773,0.9442423613864197,-1.4242773
271,-1.4242773,0.9442423613864197,-1.4242773
272,-1.4242773,0.9442423613864197,-1.4242773
273,-1.4242773,0.9442423613864197,-1.4242773
274,-1.4022267,1.089870721551951,-1.4022267
275,1.4263746,-1.1468306909187078,1.4263746
276,-1.4421471,0.9236738298319878,-1.4421471
277,-1.4421471,1.1607073521801632,-1.4421471
278,-1.3746693,0.3806372973105257,-1.3746693
279,-1.3746693,0.3806372973105257,-1.3746693
280,-1.3746693,0.3806372973105257,-1.3746693
281,-1.3746693,0.3806372973105257,-1.3746693
282,-1.3746693,0.32654877669879256,-1.3746693
283,1.4446745,-0.9120352332507197,1.4446745
284,-1.4460188,0.9690007003332527,-1.4460188
285,1.4113392,-0.8510611795044396,1.4113392
286,1.4510658,-1.312694031256291,1.4510658
287,1.4510658,-1.312694031256291,1.4510658
288,1.3637177,-0.057950974526283686,1.3637177
289,1.3637177,-0.11732157819260633,1.3637177
290,-1.3672096,0.31271463757615303,-1.3672096
291,-1.3672096,0.31271463757615303,-1.3672096
292,-1.3672096,0.31271463757615303,-1.3672096
293,1.4161215,-1.0584896871525828,1.4161215
294,-1.4027439,0.6190209264339844,-1.4027439
295,-1.4644667,1.3150141884666335,-1.4644667
296,1.4624685,-1.1941134622039637,1.4624685
297,1.3921824,-1.0023394148356664,1.3921824
298,1.4221823,-0.5257326922443359,1.4221823
299,1.4221823,-0.5257326922443359,1.4221823
300,1.4221823,-0.5257326922443359,1.4221823
301,-1.4057353,0.14126044051416378,-1.4057353
302,-1.4057353,0.14126044051416378,-1.4057353
303,-1.4057353,0.14126044051416378,-1.4057353
304,-1.4057353,0.14126044051416378,-1.4057353
305,-1.4057353,0.14126044051416378,-1.4057353
306,-1.4319725,0.7964080939111812,-1.4319725
307,-1.4319725,0.7964080939111812,-1.4319725
308,-1.3669522,0.40302873922652344,-1.3669522
309,-1.4550551,0.7772773987207109,-1.4550551
310,-1.4550551,1.0788301470372539,-1.4550551
311,-1.4550551,0.7772773987207109,-1.4550551
312,-1.4550551,1.0788301470372539,-1.4550551
313,1.438008,-0.8912240175329414,1.438008
314,1.438008,-0.8912240175329414,1.438008
315,1.438008,-0.8912240175329414,1.438008
316,-1.4517995,0.9628768087157318,-1.4517995
317,-1.4475472,1.221941625204795,-1.4475472
318,-1.4475472,1.221941625204795,-1.4475472
319,-1.431751,1.5297648841748714,-1.431751
320,-1.431751,1.5297648841748714,-1.431751
321,1.4356921,-1.6165786033734937,1.4356921
322,1.4356921,-1.6165786033734937,1.4356921
323,-1.4341204,1.8011160464633862,-1.4341204
324,1.441766,-1.2880434011243442,1.441766
325,1.441766,-1.2880434011243442,1.441766
326,1.441766,-1.2880434011243442,1.441766
327,1.441766,-1.2880434011243442,1.441766
328,-1.3967371,0.5960360742144051,-1.3967371
329,1.4171948,-0.27168567776776154,1.4171948
330,1.4747151,-1.0641231009976182,1.4747151
331,1.4168255,-0.5616974833225057,1.4168255
332,1.3672088,-0.0743157981297735,1.3672088
333,1.4308186,-1.292503194618291,1.4308186
334,1.4308186,-1.292503194618291,1.4308186
335,-1.4194586,0.8031298765301633,-1.4194586
336,1.4032199,-0.8156145972944195,1.4032199
337,-1.3739126,0.30897310823766105,-1.3739126
338,-1.3739126,0.30897310823766105,-1.3739126
339,-1.3739126,0.30897310823766105,-1.3739126
340,-1.3739126,0.30897310823766105,-1.3739126
341,1.4463959,-0.9894352109916553,1.4463959
342,1.4117568,-0.7595594301297931,1.4117568
343,1.3790035,-0.8876764962630489,1.3790035
344,1.4406267,-0.9087284070823375,1.4406267
345,1.4406267,-0.9087284070823375,1.4406267
346,1.4406267,-0.9087284070823375,1.4406267
347,1.4353306,-0.5357257112679683,1.4353306
348,1.4353306,-0.5357257112679683,1.4353306
349,1.4040799,-0.5947545108590909,1.4040799
350,-1.3767855,0.45693411996943406,-1.3767855
351,-1.4808884,1.29404223372988,-1.4808884
352,-1.4808884,1.29404223372988,-1.4808884
353,-1.4808884,1.212243303441006,-1.4808884
354,1.4660808,-0.8258650448085626,1.4660808
355,-1.4535412,0.673432957755451,-1.4535412
356,1.4363097,-1.3992245675619344,1.4363097
357,1.3926,-0.7694063689974608,1.3926
358,1.3926,-0.7694063689974608,1.3926
359,-1.401518,0.6744488573379951,-1.401518
360,1.4674283,-1.350610472208009,1.4674283
361,1.4858112,-0.5532182417198734,1.4858112
362,1.4142705,-0.7043651545496018,1.4142705
363,1.4142705,-0.7043651545496018,1.4142705
364,-1.4142693,0.30896888332535327,-1.4142693
365,-1.4142693,0.30896888332535327,-1.4142693
366,1.4041089,-1.1402146721562363,1.4041089
367,1.4467286,-0.9059938263225583,1.4467286
368,1.4470365,-0.7765629071843351,1.4470365
369,1.4846507,-0.959889818990101,1.4846507
370,-1.484916,0.7033084689467795,-1.484916
371,1.4777045,-0.6926644022028365,1.4777045
372,1.4777045,-0.6926644022028365,1.4777045
373,-1.4851549,0.6283595107737423,-1.4851549
374,-1.4851549,0.6283595107737423,-1.4851549
375,1.4309207,-1.3348765841552008,1.4309207
376,-1.3871831,0.8911379896283972,-1.3871831
377,1.3657167,-0.05783483095038299,1.3657167
378,1.3657167,-0.05783483095038299,1.3657167
379,-1.3630601,0.7038852185996837,-1.3630601
380,-1.3811796,0.4793550228998612,-1.3811796
381,1.3802518,-0.9473462837345146,1.3802518
382,-1.3519223,0.057386371925159246,-1.3519223
383,-1.3746288,0.41556554112901,-1.3746288
384,-1.3746288,0.41556554112901,-1.3746288
385,-1.3746288,0.41556554112901,-1.3746288
386,1.3981826,-0.27728520231963044,1.3981826
387,1.3981826,-0.27728520231963044,1.3981826
388,1.3981826,-0.27728520231963044,1.3981826
389,-1.4064237,0.6501240110778194,-1.4064237
390,-1.4064237,0.6501240110778194,-1.4064237
391,-1.4064237,0.6501240110778194,-1.4064237
392,-1.4007595,0.7382615958820026,-1.4007595
393,-1.4007595,0.7382615958820026,-1.4007595
394,-1.4007595,0.7382615958820026,-1.4007595
395,-1.3940009,0.7299741867777882,-1.3940009
396,-1.3940009,0.7299741867777882,-1.3940009
397,-1.3940009,0.7299741867777882,-1.3940009
398,1.3951838,-0.4889980181560212,1.3951838
399,1.3951838,-0.4889980181560212,1.3951838
400,1.3951838,-0.4889980181560212,1.3951838
401,1.3841586,-0.47282442436961214,1.3841586
402,1.3841586,-0.47282442436961214,1.3841586
403,1.3841586,-0.47282442436961214,1.3841586
404,1.4084871,-0.49806815090432366,1.4084871
405,1.4084871,-0.49806815090432366,1.4084871
406,1.4084871,-0.49806815090432366,1.4084871
407,1.4331164,-1.132178159627473,1.4331164
408,1.4331164,-1.132178159627473,1.4331164
409,-1.381385,0.534178120981129,-1.381385
410,-1.4383341,1.2599354486453944,-1.4383341
411,-1.4388251,1.001098250361846,-1.4388251
412,-1.4118667,0.5186993928398284,-1.4118667
413,-1.4104716,0.9685813541065389,-1.4104716
414,-1.4477547,1.0993120543594912,-1.4477547
415,-1.4413449,0.7533793333905731,-1.4413449
416,-1.4646194,1.4623232974688154,-1.4646194
417,-1.4562176,1.0218205342145448,-1.4562176
418,-1.4562176,1.0218205342145448,-1.4562176
419,1.461089,-1.2838840400151228,1.461089
420,1.461089,-1.2023592691819098,1.461089
421,1.4624237,-1.1818451069307907,1.4624237
422,-1.4478232,1.7351332570654854,-1.4478232
423,-1.3767302,0.37474422938725827,-1.3767302
424,-1.3767302,0.37474422938725827,-1.3767302
425,-1.3767302,0.37474422938725827,-1.3767302
426,1.3747346,0.0030930968471336536,1.3747346
427,1.3747346,0.0030930968471336536,1.3747346
428,1.3747346,0.0030930968471336536,1.3747346
429,1.4263029,-1.101098802526664,1.4263029
430,-1.3915932,0.8360615592352196,-1.3915932
431,1.4030434,-1.0945508326302609,1.4030434
432,1.4212116,-1.2393997356705158,1.4212116
433,-1.4012338,1.0523059833403605,-1.4012338
434,-1.4277064,0.8668127074343527,-1.4277064
435,-1.4277064,0.8668127074343527,-1.4277064
436,-1.4516103,1.3618955650461113,-1.4516103
437,1.4634666,-1.638838875593136,1.4634666
438,-1.4409617,1.9689320228880398,-1.4409617
439,-1.4409617,1.9689320228880398,-1.4409617
440,1.4124416,-1.1260479851303715,1.4124416
441,1.4124416,-1.1260479851303715,1.4124416
442,-1.434389,1.5349436169917876,-1.434389
443,1.4773744,-1.0460154635002905,1.4773744
444,-1.3625687,0.3328617735361231,-1.3625687
445,-1.4344099,1.8814253373080683,-1.4344099
446,-1.3909802,0.6703391195015284,-1.3909802
447,1.3884381,-0.9511164738014483,1.3884381
448,1.4029686,-0.7361558253048359,1.4029686
449,1.3920336,-0.9378211809974615,1.3920336
450,1.3886194,-1.0041923668700752,1.3886194
451,1.4157917,-1.1271085289845266,1.4157917
452,1.3922985,-0.7954870496986658,1.3922985
453,1.4264956,-1.2585803778497964,1.4264956
454,-1.4454856,1.038962184821478,-1.4454856
455,1.4120446,-0.8085044549923158,1.4120446
456,1.3853776,-0.6227162918207606,1.3853776
457,-1.4633129,0.8790395086790272,-1.4633129
458,1.3969166,-0.7580040534980695,1.3969166
459,1.4175252,-0.6121790206831369,1.4175252
460,-1.3941674,0.23136361001219227,-1.3941674
461,-1.3941674,0.23136361001219227,-1.3941674
462,-1.3667928,0.41306210543588745,-1.3667928
463,-1.3667928,0.41306210543588745,-1.3667928
464,-1.4040475,0.15265430520473128,-1.4040475
465,-1.4040475,0.15265430520473128,-1.4040475
466,-1.4040475,0.15265430520473128,-1.4040475
467,1.414252,-0.9498947197455814,1.414252
468,-1.4593866,0.9397408245244316,-1.4593866
469,1.4505672,-0.4458143220859867,1.4505672
470,-1.4551405,0.8011310758535316,-1.4551405
471,-1.4551405,0.7770371727402816,-1.4551405
472,-1.4507024,0.5626897031815095,-1.4507024
473,-1.4593278,0.7832025365233309,-1.4593278
474,-1.3601195,0.21326943948663246,-1.3601195
475,1.3719907,-0.19416557634066134,1.3719907
476,1.4442465,-1.3181051715109555,1.4442465
477,1.4443566,-1.2296568525266145,1.4443566
478,1.4487027,-1.2064329477344506,1.4487027
479,1.4442855,-1.0489220777047357,1.4442855
480,1.4469543,-1.2107848305386986,1.4469543
481,1.4372603,-0.451051446834479,1.4372603
482,1.4360186,-1.0269546043656792,1.4360186
483,1.4505721,-0.8413717849591352,1.4505721
484,-1.4359435,0.7537685973020741,-1.4359435
485,-1.4359435,0.7537685973020741,-1.4359435
486,-1.462472,0.8415161370945418,-1.462472
487,1.4060829,-0.5388773067904619,1.4060829
488,1.376572,-0.3698642561788122,1.376572
489,-1.4046079,0.2813996576875893,-1.4046079
490,-1.402967,0.17137378341608456,-1.402967
491,-1.4009826,0.42456551274995497,-1.4009826
492,-1.4039103,0.26701072077919663,-1.4039103
493,-1.4055096,0.23640125149555027,-1.4055096
494,-1.4027357,0.25514691422092745,-1.4027357
495,-1.3798641,0.1813495593645475,-1.3798641
496,-1.434554,1.0181083337950598,-1.434554
497,-1.4346629,1.0204244796665232,-1.4346629
498,-1.447371,1.3602725072944024,-1.447371
499,-1.4767038,1.368177476086717,-1.4767038
500,-1.4767038,1.368177476086717,-1.4767038
501,-1.4429568,1.218718636438812,-1.4429568
502,-1.4429568,1.218718636438812,-1.4429568
503,-1.4663777,1.04490406841181,-1.4663777
504,-1.4554256,1.2443375081967112,-1.4554256
505,-1.4601816,1.2059076757557534,-1.4601816
506,-1.4565421,1.4604778244427112,-1.4565421
507,1.4674063,-1.1554349249799167,1.4674063
508,-1.4557021,1.095807255890472,-1.4557021
509,1.4665811,-1.147206979217336,1.4665811
510,1.4664406,-1.1033244460693774,1.4664406
511,1.4664406,-1.1033244460693774,1.4664406
512,1.4624237,-1.1818451069307907,1.4624237
513,1.4536688,-0.9825625704897354,1.4536688
514,-1.467079,0.9399155275693087,-1.467079
515,-1.3876501,0.894863833033231,-1.3876501
516,-1.3876501,0.894863833033231,-1.3876501
517,-1.4672225,1.2031719949739632,-1.4672225
518,-1.4366516,1.2777640728482078,-1.4366516
519,1.4313232,-0.9200799893120406,1.4313232
520,-1.3636023,0.22721177015962782,-1.3636023
521,-1.3636023,0.22721177015962782,-1.3636023
522,1.3820682,-0.565325327964233,1.3820682
523,1.3925924,-0.8989577864179398,1.3925924
524,1.4310099,-1.0806383708773508,1.4310099
525,1.4310099,-1.0806383708773508,1.4310099
526,-1.4417816,0.536102896216302,-1.4417816
527,-1.4394467,1.204752211893348,-1.4394467
528,-1.4427651,1.0012248823058296,-1.4427651
529,-1.423197,1.5135080821930618,-1.423197
530,-1.4158686,0.855352685505497,-1.4158686
531,1.413666,-1.0543571749465956,1.413666
532,1.4392756,-1.45712011873596,1.4392756
533,1.4392756,-1.45712011873596,1.4392756
534,1.4150546,-0.868376268519768,1.4150546
535,-1.4161841,1.3054693129070185,-1.4161841
536,1.4436574,-1.4423952926551937,1.4436574
537,-1.3865262,0.6430187328938607,-1.3865262
538,1.38456,-1.003432301938853,1.38456
539,1.38456,-0.8679977463422378,1.38456
540,-1.4037892,0.6398556308232856,-1.4037892
541,-1.4037892,0.6398556308232856,-1.4037892
542,-1.4558656,1.1679679854934524,-1.4558656
543,-1.4361866,1.6219200480220735,-1.4361866
544,-1.4629968,1.2481142517260833,-1.4629968
545,1.4650142,-1.6780816014919093,1.4650142
546,1.4628483,-1.791542565407964,1.4628483
547,-1.4373789,1.3949716750576386,-1.4373789
548,1.447796,-1.8658835074512476,1.447796
549,-1.4464585,1.8688273469687098,-1.4464585
550,1.4336138,-1.7363224782328606,1.4336138
551,-1.4563233,0.8488667037772947,-1.4563233
552,-1.4323742,0.339520629851225,-1.4323742
553,1.3629266,-0.1733328885659342,1.3629266
554,1.4062124,-1.1014163506989803,1.4062124
555,1.3744915,-0.2527818555145793,1.3744915
556,-1.3687798,0.3304015410287237,-1.3687798
557,1.373856,-0.3861324449800535,1.373856
558,1.373856,-0.3861324449800535,1.373856
559,-1.3747,0.300468306627197,-1.3747
560,-1.3706391,0.1355546967320093,-1.3706391
561,1.3707343,-0.2582355927097561,1.3707343
562,-1.4192772,0.6276872274039381,-1.4192772
563,1.4144716,-0.6606897841286683,1.4144716
564,-1.4356863,1.2076496312496852,-1.4356863
565,1.4383014,-1.457231056582521,1.4383014
566,-1.4637508,1.56697734891591,-1.4637508
567,1.4351909,-0.9136259772877398,1.4351909
568,-1.4289943,1.1308442621377452,-1.4289943
569,1.4330697,-1.082264381526667,1.4330697
570,-1.471866,1.2030567295105075,-1.471866
571,1.4213676,-1.1696566744675596,1.4213676
572,-1.436637,1.2108171807730583,-1.436637
573,1.4378344,-1.4936523116590579,1.4378344
574,-1.4328476,1.4278116040140894,-1.4328476
575,1.4298073,-1.2834475474931388,1.4298073
576,-1.4316785,1.3452796233488635,-1.4316785
577,1.4641309,-1.1509289620108882,1.4641309
578,-1.4315436,1.2056110324974125,-1.4315436
579,1.4339285,-1.1500265651896648,1.4339285
580,-1.4310027,1.3784216365465487,-1.4310027
581,1.4353646,-1.6972234729379967,1.4353646
582,1.4005617,-0.6563874291511608,1.4005617
583,-1.4344153,1.257840568617134,-1.4344153
584,1.4121648,-1.068596787136856,1.4121648
585,1.4361868,-1.0473669735774906,1.4361868
586,1.4333472,-0.9192494813700306,1.4333472
587,-1.6557022,0.9233009633451692,-1.6557022
588,-1.4102772,0.6930595073995098,-1.4102772
589,1.4301574,-1.4059907756489929,1.4301574
590,1.383361,-0.4960712350601026,1.383361
591,1.383361,-0.4960712350601026,1.383361
592,-1.4388198,1.023589424533337,-1.4388198
593,1.4660348,-0.7593850500822596,1.4660348
594,-1.4347955,1.040894546630669,-1.4347955
595,1.4327867,-1.1004031833460102,1.4327867
596,1.4780151,-0.5132123869763424,1.4780151
597,-1.4831917,1.192196338196436,-1.4831917
598,-1.3584036,0.22848322170315333,-1.3584036
599,-1.3584036,0.22848322170315333,-1.3584036
600,1.365336,-0.5604884314858241,1.365336
601,-1.4482342,0.6694086528370929,-1.4482342
602,1.4390513,-1.1305459840537317,1.4390513
603,1.3618257,-0.02330233694569199,1.3618257
604,1.3651073,-0.2801156863816027,1.3651073
605,1.3651073,-0.2801156863816027,1.3651073
606,-1.431561,1.4425095407419424,-1.431561
607,1.395549,-0.7385608123972736,1.395549
608,1.414549,-0.9131314826692976,1.414549
609,-1.4188321,1.0385597350694682,-1.4188321
610,1.4142278,-0.7692122617165819,1.4142278
611,-1.4071243,1.068854800132261,-1.4071243
612,-1.4285272,0.7306073960731172,-1.4285272
613,1.4193137,-1.0069983480476539,1.4193137
614,1.4193137,-1.0069983480476539,1.4193137
615,1.3922753,-1.2267943461543693,1.3922753
616,-1.3952854,0.30433857400079184,-1.3952854
617,-1.3952854,0.17639160545117466,-1.3952854
618,-1.3906108,0.40553397617836834,-1.3906108
619,-1.3906108,0.40553397617836834,-1.3906108
620,1.4381135,-0.7937996108237573,1.4381135
621,1.4381135,-0.7937996108237573,1.4381135
622,-1.3817255,0.4188514264125479,-1.3817255
623,1.3803202,-0.32425555629354685,1.3803202
624,1.3804592,-0.2607361831877171,1.3804592
625,-1.4350127,1.259191307417989,-1.4350127
626,1.3981384,-1.0013195082810697,1.3981384
627,-1.4347136,0.7147422840179931,-1.4347136
628,-1.4347136,0.7147422840179931,-1.4347136
629,-1.4391897,0.7546043085061765,-1.4391897
630,1.401018,-0.7785516973514119,1.401018
631,-1.4077704,0.7360174638114358,-1.4077704
632,1.4394102,-1.0863215424862762,1.4394102
633,-1.3784935,0.4676624953760229,-1.3784935
634,1.4409041,-1.081003853514787,1.4409041
635,-1.6742333,0.9988761892764616,-1.6742333
636,1.671346,-0.7832968892122896,1.671346
637,-1.4156647,1.0367886455747826,-1.4156647
638,-1.3541701,0.2888178690132205,-1.3541701
639,-1.3621298,0.12426397203660702,-1.3621298
640,1.4238693,-0.6562502474122414,1.4238693
641,-1.4373935,0.8443380342318628,-1.4373935
642,-1.4505701,0.5093909431650585,-1.4505701
643,-1.4505701,0.5093909431650585,-1.4505701
644,-1.4547204,0.6857542323084458,-1.4547204
645,-1.4547204,0.6857542323084458,-1.4547204
646,-1.450743,0.958531255365918,-1.450743
647,1.4511812,-0.5100387658297673,1.4511812
648,1.4371252,-0.3661277299065164,1.4371252
649,1.4543314,-0.745448331787831,1.4543314
650,1.4543314,-0.745448331787831,1.4543314
651,1.4495542,-1.5585967156220442,1.4495542
652,-1.4469628,1.3061024537799533,-1.4469628
653,-1.484791,0.9060303342417931,-1.484791
654,-1.4596497,1.4690849636850893,-1.4596497
655,1.3749517,-0.36910637582822947,1.3749517
656,1.3671056,0.03950017949665051,1.3671056
657,1.3671056,0.03950017949665051,1.3671056
658,1.4493637,-0.41778798434357606,1.4493637
659,1.4493637,-0.41778798434357606,1.4493637
660,1.3074123,0.18960966832872483,1.3074123
661,1.3075274,0.28898147050613016,1.3075274
662,1.303698,0.161650831596611,1.303698
663,1.3053778,0.39850190304883937,1.3053778
664,1.3053353,0.0446884989807485,1.3053353
665,1.3055784,0.21498878696739954,1.3055784
666,1.305293,0.27415537827220704,1.305293
667,1.3052266,0.3147563899298034,1.3052266
668,1.3056065,0.3520230842758535,1.3056065
669,-1.4389442,0.9845797232546973,-1.4389442
670,-1.4494206,0.9991117993729904,-1.4494206
671,1.449423,-0.6873298102576312,1.449423
672,-1.4510237,0.7197426902511141,-1.4510237
673,-1.376919,0.17384262414538038,-1.376919
674,-1.3950506,0.416506928478325,-1.3950506
675,-1.3768053,0.31151048542746,-1.3768053
676,-1.3766952,0.5245594675964883,-1.3766952
677,-1.3764552,0.25771423749400635,-1.3764552
678,-1.3767043,0.480590200607177,-1.3767043
679,1.3764945,-0.4013206047898679,1.3764945
680,1.3739351,-0.4533594870195483,1.3739351
681,-1.3651856,0.31707816485257845,-1.3651856
682,-1.376626,0.09514105850521802,-1.376626
683,-1.3775803,0.38971668312052016,-1.3775803
684,-1.3750226,0.3230754468594774,-1.3750226
685,-1.3652394,0.281020031042456,-1.3652394
686,-1.3821214,0.22784218667331899,-1.3821214
687,-1.4026988,0.3918262189579735,-1.4026988
688,-1.4034077,0.24603576822452164,-1.4034077
689,-1.4041927,0.4339508211914937,-1.4041927
690,-1.3765403,0.19379127103348456,-1.3765403
691,-1.4068776,0.37344207753068004,-1.4068776
692,-1.3996843,0.4634313269357663,-1.3996843
693,-1.3757434,0.1462499160690996,-1.3757434
694,-1.4034685,0.4038150076959385,-1.4034685
695,-1.4022061,0.17508955799024825,-1.4022061
696,1.3739146,-0.05567321371464796,1.3739146
697,-1.3673024,0.10320828283223187,-1.3673024
698,1.458743,-0.8968994593251706,1.458743
699,-1.4478368,0.8972909353277232,-1.4478368
700,-1.4584568,0.8615984278910586,-1.4584568
701,1.45132,-1.4428656058865357,1.45132
702,-1.4744157,1.1020905365189255,-1.4744157
703,1.4633907,-0.956949855340773,1.4633907
704,1.4597859,-0.9778805152333154,1.4597859
705,1.4741346,-0.8274817888721807,1.4741346
706,1.4627,-0.9728944187932407,1.4627
707,1.4731325,-0.9043403763850978,1.4731325
708,-1.4582033,0.546916936151915,-1.4582033
709,-1.4581932,0.7993854342121386,-1.4581932
710,1.4597605,-1.15301279903184,1.4597605
711,1.3628713,-0.2590441204300016,1.3628713
712,1.3669721,-0.566031331410498,1.3669721
713,-1.3671055,0.349181521662674,-1.3671055
714,-1.4053754,0.7711567386138289,-1.4053754
715,-1.4504193,1.1633614884860553,-1.4504193
716,-1.3991629,1.119967379044614,-1.3991629
717,1.4609199,-1.1734241378300687,1.4609199
718,1.4646031,-0.8507946781286418,1.4646031
719,-1.4765106,1.0649249558044322,-1.4765106
720,1.3621756,0.14243016026029037,1.3621756
721,1.3663728,-0.1375942743858494,1.3663728
722,-1.4754167,1.3437168206891241,-1.4754167
723,-1.4754167,1.3437168206891241,-1.4754167
724,-1.4657395,0.879140827527969,-1.4657395
725,-1.4367082,0.9426016327167133,-1.4367082
726,-1.4326203,1.1054013001233776,-1.4326203
727,-1.4594655,1.4128749585242242,-1.4594655
728,-1.4471778,0.9770424688636218,-1.4471778
729,-1.4017819,1.4493881509254238,-1.4017819
730,1.4479493,-1.723302796938527,1.4479493
731,1.4401329,-0.9622550950088613,1.4401329
732,1.4306167,-0.8711945079867582,1.4306167
733,1.3915983,-0.7016460151136441,1.3915983
734,1.4195569,-1.0758796126175425,1.4195569
735,1.4029084,-0.9006727337697611,1.4029084
736,-1.4480019,1.0013410082953924,-1.4480019
737,-1.4341165,1.5997109055189,-1.4341165
738,1.435344,-1.6557525383097242,1.435344
739,1.4202965,-0.3395484759214003,1.4202965
740,-1.428499,0.5686387669574282,-1.428499
741,1.4815601,-1.4343569843418684,1.4815601
742,1.4586059,-1.1707331359563118,1.4586059
743,1.4764558,-0.7510647080416692,1.4764558
744,-1.4423064,1.2377950892451632,-1.4423064
745,-1.4400615,1.4069179890909187,-1.4400615
746,-1.4648223,1.1797552809747747,-1.4648223
747,-1.4264699,1.085422315259883,-1.4264699
748,-1.4155165,0.7267252046919358,-1.4155165
749,1.4093119,-0.580032331610344,1.4093119
750,-1.4119195,0.8633528718904736,-1.4119195
751,-1.4205067,0.9378967389649416,-1.4205067
752,1.4205302,-0.7930165065716002,1.4205302
753,-1.391882,0.8185545690342639,-1.391882
754,-1.4419498,1.6324528573457462,-1.4419498
755,1.4396017,-1.2973997000794562,1.4396017
756,1.4399923,-1.233239398255866,1.4399923
757,1.4139642,-0.9431745871923869,1.4139642
758,1.4082966,-1.1124930675117524,1.4082966
759,1.3918694,-0.5839731752532603,1.3918694
760,-1.4037888,1.0789352432763961,-1.4037888
761,-1.4037888,1.0372269484446328,-1.4037888
762,1.3812264,-0.9656197637110318,1.3812264
763,1.3812264,-0.5592967282919987,1.3812264
764,1.4444406,-1.2067779639380587,1.4444406
765,-1.4435402,1.2732942145062625,-1.4435402
766,-1.4435381,1.216379268122924,-1.4435381
767,1.4020768,-0.9007782897780015,1.4020768
768,-1.463539,1.4924666502800716,-1.463539
769,1.4635391,-1.5329982099001347,1.4635391
770,-1.4486923,1.4403548410963316,-1.4486923
771,1.4532869,-1.655287562861908,1.4532869
772,-1.4479686,1.4575335304492298,-1.4479686
773,1.4634949,-1.6896097455211474,1.4634949
774,1.436185,-1.389758159482038,1.436185
775,-1.4343873,1.8683088764951372,-1.4343873
776,1.4381346,-1.5666820925192733,1.4381346
777,-1.4328847,1.4562072827702868,-1.4328847
778,1.4671634,-1.4533239039540669,1.4671634
779,1.3625174,-0.2377046327717696,1.3625174
780,-1.421931,1.3388221401058151,-1.421931
781,-1.388021,0.8850661902352821,-1.388021
782,1.402324,-1.2646797394439495,1.402324
783,-1.4743546,1.7669130409798808,-1.4743546
784,1.4353998,-1.8378757001536261,1.4353998
785,-1.4300736,1.515528102132956,-1.4300736
786,1.448141,-1.4476641826545962,1.448141
787,-1.4354634,1.8137401401233473,-1.4354634
788,1.4361156,-1.8616699044728646,1.4361156
789,-1.4201236,1.177126117780736,-1.4201236
790,-1.4455091,1.9776756189663183,-1.4455091
791,1.4625467,-1.467997085977668,1.4625467
792,1.4608783,-1.1014922734206538,1.4608783
793,-1.4363872,0.5624010714660584,-1.4363872
794,-1.396931,0.5296669851376636,-1.396931
795,-1.441367,1.5976381225297922,-1.441367
796,-1.4383106,1.1779103903052508,-1.4383106
797,-1.4294105,1.3154408317764814,-1.4294105
798,1.4482791,-1.7105883248344231,1.4482791
799,-1.4106505,1.1204442995615567,-1.4106505
800,-1.4142047,1.1006433170452763,-1.4142047
801,1.4060814,-0.9697963863604453,1.4060814
802,-1.4360756,1.4440473373631222,-1.4360756
803,1.426219,-1.238645245499938,1.426219
804,-1.4081253,1.1494500986097416,-1.4081253
805,1.416492,-1.0637234111951828,1.416492
806,-1.4041166,1.0569812754339876,-1.4041166
807,1.4037682,-1.3765906519742204,1.4037682
808,-1.4298329,1.2673335412559201,-1.4298329
809,1.4389108,-1.4583843993318906,1.4389108
810,-1.4310333,1.447960492983078,-1.4310333
811,-1.4331228,1.3072594394839554,-1.4331228
812,1.4438863,-1.6208415857243137,1.4438863
813,-1.4338562,1.7550043606173975,-1.4338562
814,1.4378778,-1.4118564292466003,1.4378778
815,-1.4337696,1.5156703240137097,-1.4337696
816,1.4389977,-1.2254809712705481,1.4389977
817,-1.4315021,1.5276174050118636,-1.4315021
818,1.4370153,-1.6973255844926265,1.4370153
819,-1.4232185,1.3532910573884116,-1.4232185
820,1.4316326,-1.355696238410539,1.4316326
821,-1.3868929,0.49769603864357614,-1.3868929
822,1.3654388,-0.055269282336899025,1.3654388
823,-1.4111133,0.9432575859613521,-1.4111133
824,-1.4370776,0.7257940036818129,-1.4370776
825,-1.3930044,0.8230406722315761,-1.3930044
826,-1.4384836,1.0974898505704773,-1.4384836
827,-1.438087,1.4247873289179056,-1.438087
828,-1.4232031,0.9137738140183788,-1.4232031
829,-1.432072,1.3300224873572992,-1.432072
830,-1.431998,1.3375022744498841,-1.431998
831,1.4373541,-0.9778267684822022,1.4373541
832,-1.4194996,0.9046154660517215,-1.4194996
833,-1.4444218,1.1615258603697731,-1.4444218
834,-1.4343563,0.6595234874553296,-1.4343563
835,-1.4491774,1.325166840161626,-1.4491774
836,-1.4303803,0.9554561992423802,-1.4303803
837,-1.4204484,1.2616181844036598,-1.4204484
838,-1.4494003,1.2225658497381344,-1.4494003
839,-1.4209925,0.5304604499614421,-1.4209925
840,1.4313086,-0.7563213859486115,1.4313086
841,1.4119523,-0.627389268376671,1.4119523
842,1.408118,-0.7079325321396159,1.408118
843,1.4340504,-0.8747175758586089,1.4340504
844,1.4458861,-1.2198917865784034,1.4458861
845,-1.4480382,1.2536644552626663,-1.4480382
846,-1.4728998,0.9537529482092924,-1.4728998
847,-1.4855766,1.0227163079011026,-1.4855766
848,-1.4524752,1.1691271590796086,-1.4524752
849,1.4442995,-0.7753750962317482,1.4442995
850,-1.4444789,1.0226596060146689,-1.4444789
851,1.4358104,-1.0801366790393976,1.4358104
852,-1.424979,0.4595011201667423,-1.424979
853,-1.4427346,0.08888350154343888,-1.4427346
854,1.436476,-0.9949813643223075,1.436476
855,-1.372439,0.12215329251586053,-1.372439
856,1.3710217,-0.06488627137444049,1.3710217
857,-1.451296,1.1082670364170433,-1.451296
858,1.4727635,-1.087355355672981,1.4727635
859,-1.4349673,1.6743926958357356,-1.4349673
860,1.4297296,-1.1320379509661131,1.4297296
861,-1.472194,0.9711735787487848,-1.472194
862,-1.4303776,1.416690590977789,-1.4303776
863,-1.435106,1.3710279092172553,-1.435106
864,1.4350249,-1.0337742998082937,1.4350249
865,-1.4348993,1.1758611079776082,-1.4348993
866,-1.4777997,1.5673742636046841,-1.4777997
867,-1.4420905,1.8401412522313325,-1.4420905
868,-1.4355196,1.2115763661963077,-1.4355196
869,1.4327877,-1.3860733152190734,1.4327877
870,-1.4413352,1.334889694371517,-1.4413352
871,1.413584,-0.9480666065110378,1.413584
872,1.4080646,-0.9308815421668006,1.4080646
873,1.4094796,-0.822442663152878,1.4094796
874,1.4062701,-0.759785967352868,1.4062701
875,1.4031584,-0.9040041991529034,1.4031584
876,1.4163419,-0.6662008646936988,1.4163419
877,-1.4174638,0.6454943045574084,-1.4174638
878,1.4107001,-0.7932686623427373,1.4107001
879,1.400591,-0.5862611542267087,1.400591
880,-1.3982614,0.6946591076641856,-1.3982614
881,1.408339,-0.8105327586988316,1.408339
882,-1.3977599,1.0772635128028534,-1.3977599
883,-1.4227465,1.1658583443731512,-1.4227465
884,1.3903811,-0.9164297694822336,1.3903811
885,1.4134926,-0.7075109891012566,1.4134926
886,-1.4011415,0.910368210053198,-1.4011415
887,1.4381022,-1.2383309990666675,1.4381022
888,-1.3922563,0.9783167069849192,-1.3922563
889,1.3891227,-0.8346129651398878,1.3891227
890,1.3762891,-0.2362978249075384,1.3762891
891,1.392841,-0.5683871272670828,1.392841
892,1.3992053,-1.0443585536361404,1.3992053
893,1.4356283,-1.3708778767509227,1.4356283
894,1.4031422,-0.9686496562319514,1.4031422
895,1.4114935,-0.7981748535435269,1.4114935
896,-1.4369124,1.51616794040084,-1.4369124
897,1.43331,-0.906838388730746,1.43331
898,-1.4349023,1.6936003113042846,-1.4349023
899,1.3871622,-0.6083504057775262,1.3871622
900,1.4004518,-1.012467055761768,1.4004518
901,-1.4316411,1.113737393668012,-1.4316411
902,-1.4125395,1.2054717601547467,-1.4125395
903,-1.3995395,1.055807779172198,-1.3995395
904,1.395409,-0.8556066629250553,1.395409
905,1.3912013,-0.8873168991996477,1.3912013
906,-1.4020122,0.867659555256993,-1.4020122
907,1.3966835,-0.974972664863178,1.3966835
908,-1.4012088,1.1477724649249568,-1.4012088
909,1.4341391,-0.9102177493695502,1.4341391
910,1.3877944,-0.5071116630220645,1.3877944
911,1.3846347,-0.45177107105437875,1.3846347
912,1.3877635,-1.089934806715099,1.3877635
913,1.3883598,-0.9970186392557457,1.3883598
914,1.4227588,-1.0063703920063096,1.4227588
915,-1.4111058,0.5939403886922581,-1.4111058
916,-1.4094763,1.0881166237915236,-1.4094763
917,-1.3981907,1.5839068279791795,-1.3981907
918,1.3626813,-0.4807166603656402,1.3626813
919,-1.4089332,0.6880152160765839,-1.4089332
920,1.3634952,-0.2585907779010293,1.3634952
921,-1.4012984,1.4455583914842376,-1.4012984
922,-1.4081893,0.9379224327245064,-1.4081893
923,1.3710878,-0.38594717245567733,1.3710878
924,1.3687605,-0.5318441608093122,1.3687605
925,1.3685933,-0.7836604106225848,1.3685933
926,1.3708849,-0.324719873209947,1.3708849
927,-1.3995768,0.7819924456244128,-1.3995768
928,-1.4002391,0.5484630438399424,-1.4002391
929,-1.3881733,0.40379392160683497,-1.3881733
930,-1.3905455,0.4060226491364287,-1.3905455
931,-1.4008267,0.7053942287729899,-1.4008267
932,1.4150962,-0.9796906758439116,1.4150962
933,1.4135553,-0.9609138857318582,1.4135553
934,1.4694278,-0.8969391830887737,1.4694278
935,1.4366678,-1.2490035334068006,1.4366678
936,-1.4680927,1.2820944824490579,-1.4680927
937,1.43908,-0.7513567579855677,1.43908
938,-1.4056057,0.500141229969844,-1.4056057
939,1.3965725,-0.6357035916711262,1.3965725
940,-1.4293907,0.8377429331627755,-1.4293907
941,1.4213736,-1.1763913423894934,1.4213736
942,-1.4354725,0.4612447203661345,-1.4354725
943,-1.4354644,0.4876858055957501,-1.4354644
944,1.4357536,-1.639495099435952,1.4357536
945,-1.4355274,0.38152406656502524,-1.4355274
946,-1.4642305,0.85753748822635,-1.4642305
947,-1.4385692,0.7259807258707409,-1.4385692
948,1.397682,-1.0715671943777048,1.397682
949,1.3877629,-0.6938384237725189,1.3877629
950,-1.3862448,0.40356634597004026,-1.3862448
951,-1.3853776,0.5661697592200678,-1.3853776
952,-1.3762261,0.5753925131281432,-1.3762261
953,1.4213951,-0.36067447420640675,1.4213951
954,1.445461,-1.1109061035863912,1.445461
955,1.4416915,-0.40482644645288723,1.4416915
956,-1.4052916,0.44134208429536687,-1.4052916
957,1.4816283,-0.4861508944245434,1.4816283
958,-1.4756993,0.5508654374441403,-1.4756993
959,1.4342355,-0.574303211234754,1.4342355
960,-1.4341286,0.6586821092445612,-1.4341286
961,1.477705,-0.486200118424947,1.477705
962,1.406093,-0.5428687678127738,1.406093
963,-1.360276,0.3804511757325442,-1.360276
964,1.3845885,-0.5609112854993292,1.3845885
965,1.3845885,-0.5609112854993292,1.3845885
966,-1.4020816,0.8047213286901411,-1.4020816
967,-1.411871,0.3310548840238612,-1.411871
968,-1.401892,0.8302229622786699,-1.401892
969,-1.375598,0.3276331726850356,-1.375598
970,-1.3624638,0.2083109393557762,-1.3624638
971,-1.3648306,0.3905728732661569,-1.3648306
972,1.3954171,-0.12756284472324544,1.3954171
973,1.3754467,-0.18395725478446656,1.3754467
974,-1.3628134,0.20523739030287158,-1.3628134
975,-1.3653585,0.3581887134519344,-1.3653585
976,-1.4304628,0.8762517442107668,-1.4304628
977,-1.4351925,0.6909468083961597,-1.4351925
978,1.4354783,-0.9261131952194165,1.4354783
979,-1.4402248,0.6948182202441959,-1.4402248
980,-1.4381125,0.84891247202218,-1.4381125
981,-1.4565738,1.0843197544835743,-1.4565738
982,-1.4477016,0.9883874326485304,-1.4477016
983,-1.3984128,0.7887037035343609,-1.3984128
984,1.4521726,-1.3580011028455632,1.4521726
985,1.414549,-1.0656948113980171,1.414549
986,-1.4151762,0.9795085591661797,-1.4151762
987,-1.4145856,0.8084565854212701,-1.4145856
988,-1.3970873,0.3687104760256717,-1.3970873
989,-1.4138571,0.5041098062072183,-1.4138571
990,-1.4165244,0.8463388755115738,-1.4165244
991,-1.3963121,0.4181553542324111,-1.3963121
992,1.3963808,-0.7712299942829748,1.3963808
993,1.3965703,-1.0337676155452555,1.3965703
994,1.4064906,-0.9408630745193183,1.4064906
995,1.3973573,-0.7831480418930896,1.3973573
996,-1.4052194,0.7381302124848806,-1.4052194
997,1.401089,-0.760130710001088,1.401089
998,-1.4056867,0.9292324477034261,-1.4056867
999,1.3617162,-0.05694540861436315,1.3617162
1000,-1.3641536,0.34778370804840575,-1.3641536
1001,1.361704,-0.11859128419855465,1.361704
1002,1.3781587,-0.4025978577306469,1.3781587
1003,1.368624,-0.5110718734495775,1.368624
1004,1.3788286,-0.7497548732111645,1.3788286
1005,1.3869168,-0.8854966332689423,1.3869168
1006,1.3869171,-0.8669377241464812,1.3869171
1007,1.3687794,-0.47889855055608227,1.3687794
1008,1.3734066,-0.2668222783863596,1.3734066
1009,1.3894836,-0.6694737047368465,1.3894836
1010,-1.4210728,0.2795748383580296,-1.4210728
1011,-1.4428872,0.88541505097625,-1.4428872
1012,-1.4629906,0.9819117495914874,-1.4629906
1013,1.3933603,-0.2837934396119617,1.3933603
1014,1.3956412,-0.3545476782260758,1.3956412
1015,-1.3943734,0.5751223435253248,-1.3943734
1016,-1.3938845,0.28721376605717786,-1.3938845
1017,-1.3921859,0.7286042135184444,-1.3921859
1018,-1.3956585,0.5107557590153214,-1.3956585
1019,-1.394408,0.35311211880194787,-1.394408
1020,-1.3929616,0.7370683268659737,-1.3929616
1021,-1.3952554,0.6136730041607054,-1.3952554
1022,-1.3946902,0.36612941382000874,-1.3946902
1023,-1.3948542,0.6623917446301035,-1.3948542
1024,-1.394893,0.6004320186495959,-1.394893
1025,1.4406213,-0.6318767354918758,1.4406213
1026,1.444719,-0.9170653398491654,1.444719
1027,-1.4495863,1.0492871821321794,-1.4495863
1028,-1.4481026,1.1219586791391856,-1.4481026
1029,-1.3909891,1.1031776468668066,-1.3909891
1030,-1.427039,0.759986845267976,-1.427039
1031,1.378949,-1.2714858010241656,1.378949
1032,-1.4534181,1.0566966450622528,-1.4534181
1033,-1.3787823,0.48991242755078757,-1.3787823
1034,1.3798476,-0.5483777561832887,1.3798476
1035,1.3804773,-0.7654398266883053,1.3804773
1036,1.4344242,-0.8703344204821842,1.4344242
1037,-1.392187,0.7280934902656528,-1.392187
1038,1.3937225,-0.9384373625136868,1.3937225
1039,1.4608055,-0.9828225498280593,1.4608055
1040,1.4696957,-1.6129150595259611,1.4696957
1041,1.4317304,-1.310591360746824,1.4317304
1042,-1.3918107,0.5811499721089508,-1.3918107
1043,-1.4044155,0.12854335827351393,-1.4044155
1044,-1.416429,0.16192592002887424,-1.416429
1045,-1.4002273,0.6126751018698751,-1.4002273
1046,-1.4155838,0.9256424617871862,-1.4155838
1047,1.4404448,-1.1017300711400282,1.4404448
1048,-1.4115943,1.0205928712105259,-1.4115943
1049,1.4355263,-1.1714836532835977,1.4355263
1050,1.4173155,-0.8979437523339907,1.4173155
1051,-1.411409,1.182728076494531,-1.411409
1052,-1.3988693,1.3513868452871687,-1.3988693
1053,1.414252,-0.8139166896365974,1.414252
1054,-1.3988693,0.7089286585813684,-1.3988693
1055,1.4386079,-0.7453358765676595,1.4386079
1056,-1.4385098,0.7724664734060173,-1.4385098
1057,1.437845,-0.8778835094131506,1.437845
1058,-1.4386914,0.6232623964860006,-1.4386914
1059,1.4382447,-0.9365784078459318,1.4382447
1060,1.4377229,-0.7030734553649641,1.4377229
1061,1.4381266,-0.933997226233597,1.4381266
1062,1.438886,-0.8562448716589641,1.438886
1063,-1.4428762,0.37428359593790766,-1.4428762
1064,1.4392726,-1.1465057904246678,1.4392726
1065,-1.4389645,0.7067102024923986,-1.4389645
1066,-1.4382399,0.882103776157953,-1.4382399
1067,1.4374785,-0.945310485085695,1.4374785
1068,1.439523,-0.9388141436500496,1.439523
1069,-1.4418777,1.1520466280841961,-1.4418777
1070,1.4658133,-1.171490740549256,1.4658133
1071,1.4454933,-1.5393048418445219,1.4454933
1072,-1.3900298,0.4412494159795308,-1.3900298
1073,1.4580464,-0.38331052615307354,1.4580464
1074,1.4247468,-1.114045324559351,1.4247468
1075,1.4683528,-0.6601463622238337,1.4683528
1076,-1.4527718,0.959525011992694,-1.4527718
1077,1.4561399,-0.83158054251066,1.4561399
1078,1.389221,-0.8101507999439487,1.389221
1079,1.4159594,-1.0891240179193022,1.4159594
1080,-1.4040594,0.998928603562673,-1.4040594
1081,-1.4026005,0.8149041358933596,-1.4026005
1082,-1.4506158,0.44288624018816225,-1.4506158
1083,1.43732,-0.8714646037495067,1.43732
1084,-1.4506974,0.7449382043819297,-1.4506974
1085,1.4507108,-0.7227610210313069,1.4507108
1086,-1.3853401,0.7520487230316916,-1.3853401
1087,-1.3854119,0.46435125476750244,-1.3854119
1088,-1.3655564,0.5940219851063887,-1.3655564
1089,1.3932992,-0.4853061327466063,1.3932992
1090,1.3933226,-0.5013321330281575,1.3933226
1091,-1.3868572,0.3883010443716133,-1.3868572
1092,-1.391533,0.4260087186564178,-1.391533
1093,1.3586295,0.04738555744355835,1.3586295
1094,-1.8862498,0.6249482325200858,-1.8862498
1095,1.9018149,-0.979523893910801,1.9018149
1096,-1.3819833,0.3091232539646201,-1.3819833
1097,-1.3772073,0.4159902536831495,-1.3772073
1098,1.3817308,-0.664135006457056,1.3817308
1099,-1.3716413,0.271889226406557,-1.3716413
1100,-1.3676376,0.4836211029798234,-1.3676376
1101,-1.377317,0.4951316418907098,-1.377317
1102,-1.3734497,0.23859677863505385,-1.3734497
1103,-1.3736558,0.35986995221727053,-1.3736558
1104,-1.3726224,0.3298948968581481,-1.3726224
1105,-1.3925773,0.47303301439205775,-1.3925773
1106,1.4554733,-0.9860742821062484,1.4554733
1107,1.4318321,-1.065322819387021,1.4318321
1108,1.4281982,-0.8061965185645008,1.4281982
1109,1.4281496,-0.5647190957479009,1.4281496
1110,1.4279321,-0.7062290616517947,1.4279321
1111,1.4280735,-0.7795049137642933,1.4280735
1112,1.4265414,-1.2450240038190867,1.4265414
1113,-1.4166638,0.6414024264859228,-1.4166638
1114,1.4172537,-0.45530796660451883,1.4172537
1115,1.417155,-0.44223962857509996,1.417155
1116,1.4282694,-0.7298450952532801,1.4282694
1117,1.4500278,-0.44579434729263395,1.4500278
1118,-1.4512569,0.5974107018022664,-1.4512569
1119,1.4530498,-0.2157440721462895,1.4530498
1120,1.4506861,-0.6282557273746839,1.4506861
1121,1.4382008,-0.6751601102571527,1.4382008
1122,-1.4505116,0.7278907290277187,-1.4505116
1123,1.3893263,-0.5530394842235418,1.3893263
1124,-1.3928909,0.6658597219392823,-1.3928909
1125,1.4037569,-0.8882263164599807,1.4037569
1126,-1.4095109,1.0328548492018004,-1.4095109
1127,1.4039313,-1.0463736818875262,1.4039313
1128,-1.4058697,1.087817265606437,-1.4058697
1129,1.4251816,-0.8691284826564986,1.4251816
1130,1.4059916,-1.0060181437548494,1.4059916
1131,1.3572913,0.23843117836382308,1.3572913
1132,1.4578902,-0.9046388063109754,1.4578902
1133,1.4568683,-1.28701467628934,1.4568683
1134,1.4585097,-0.7331132843334407,1.4585097
1135,1.4418292,-0.7529258043864157,1.4418292
1136,1.4420034,-0.9587372297736168,1.4420034
1137,1.4385526,-0.9410112329239558,1.4385526
1138,1.4420631,-0.9595078385121014,1.4420631
1139,-1.3543658,0.2618786667220399,-1.3543658
1140,-1.5215162,0.6807244735807721,-1.5215162
1141,-1.382837,0.5138509352239642,-1.382837
1142,-1.3805798,0.7713606891479767,-1.3805798
1143,-1.3805562,0.3788839606887175,-1.3805562
1144,-1.4544144,0.6930818184815251,-1.4544144
1145,1.4080126,-0.8469503265392041,1.4080126
1146,1.4360218,-0.7327860638790792,1.4360218
1147,1.4844457,-1.1578272539837164,1.4844457
1148,1.4603767,-0.8387862436396734,1.4603767
1149,-1.430364,0.8272575278032958,-1.430364
1150,1.4321424,-0.7298756669483075,1.4321424
1151,-1.445582,1.2284236655041114,-1.445582
1152,-1.4859746,1.1236774506660365,-1.4859746
1153,-1.4486566,1.24048313706735,-1.4486566
1154,-1.4682877,1.2698704977345294,-1.4682877
1155,-1.4477067,1.1565151920639236,-1.4477067
1156,-1.4477538,1.0361624343015619,-1.4477538
1157,1.395467,-0.3437620990278961,1.395467
1158,-1.3899378,0.27681713624366844,-1.3899378
1159,-1.3891468,0.3492560071220456,-1.3891468
1160,-1.4478816,1.748196326625235,-1.4478816
1161,-1.4445468,1.172379385454426,-1.4445468
1162,-1.4851253,1.1613245137115202,-1.4851253
1163,-1.4478258,0.9183359691336663,-1.4478258
1164,-1.4475625,1.2598115163197856,-1.4475625
1165,-1.4478498,1.317106859387644,-1.4478498
1166,-1.4478695,1.2031562679484264,-1.4478695
1167,-1.447654,0.8725108225409934,-1.447654
1168,-1.4474372,1.3136886575446776,-1.4474372
1169,-1.4463998,1.229653364101252,-1.4463998
1170,-1.4528404,1.2888710221217243,-1.4528404
1171,-1.4842919,1.2479794487449376,-1.4842919
1172,-1.398948,1.1251661122202135,-1.398948
1173,-1.3719832,0.28100100773317166,-1.3719832
1174,1.371706,-0.30344405732557383,1.371706
1175,-1.4315847,0.7649918025027627,-1.4315847
1176,1.4061468,-0.4909855652016851,1.4061468
1177,1.3054672,0.18648757272066083,1.3054672
1178,1.3041497,0.2556762733201077,1.3041497
1179,1.3021837,0.09533984501404227,1.3021837
1180,1.3053515,0.30998827566830384,1.3053515
1181,1.3054228,0.19261182846250885,1.3054228
1182,-1.398918,0.3912745673883415,-1.398918
1183,-1.4338679,0.6800440298887367,-1.4338679
1184,1.4508244,-1.146161151598047,1.4508244
1185,1.3585719,0.15991689885604343,1.3585719
1186,1.3511966,0.00010473788930020003,1.3511966
1187,1.4485013,-0.9933620761705256,1.4485013
1188,-1.4058217,1.0323035633368978,-1.4058217
1189,1.4427139,-1.071350328709585,1.4427139
1190,-1.679937,1.5052635217904848,-1.679937
1191,-1.6444075,1.6467323777545384,-1.6444075
1192,-1.6738485,1.555048474279698,-1.6738485
1193,-1.6718487,1.2884278771598756,-1.6718487
1194,-1.6798387,1.61351869979862,-1.6798387
1195,-1.6724696,1.2090116589834834,-1.6724696
1196,-1.6709872,1.4222463144965247,-1.6709872
1197,-1.6448092,1.0957954300012644,-1.6448092
1198,-1.6441618,1.027237245187054,-1.6441618
1199,-1.6708794,0.9953580840047516,-1.6708794
1200,-1.6536266,1.2800681060868415,-1.6536266
1201,-1.6638939,1.0215312064803632,-1.6638939
1202,-1.6573149,1.223222644444832,-1.6573149
1203,1.6753974,-0.9386455948498315,1.6753974
1204,-1.6703281,1.2146162112651653,-1.6703281
1205,-1.671247,1.0439826376945205,-1.671247
1206,-1.6703815,1.1348600175180532,-1.6703815
1207,-1.6719632,1.1121057069357632,-1.6719632
1208,-1.6562704,0.873383631318711,-1.6562704
1209,-1.6559554,1.15444634944271,-1.6559554
1210,1.400161,-1.3751369394682276,1.400161
1211,1.4199803,-0.8175403224591639,1.4199803
1212,-1.4199795,1.142753257518752,-1.4199795
1213,-1.3669798,0.3131281446535083,-1.3669798
1214,-1.4730501,1.451498155682171,-1.4730501
1215,-1.4332824,0.519674647478803,-1.4332824
1216,-1.4419276,1.0063478370354608,-1.4419276
1217,1.4374284,-0.4347044029951457,1.4374284
1218,1.4077477,-0.7885206562599621,1.4077477
1219,-1.4033314,0.6932338035616142,-1.4033314
1220,-1.4033314,0.46637822504725596,-1.4033314
1221,-1.4033314,0.6932338035616142,-1.4033314
1222,-1.4033314,0.46637822504725596,-1.4033314
1223,-1.4033314,0.7199373991675174,-1.4033314
1224,1.4033312,-0.5786780126820356,1.4033312
1225,1.4033312,-0.7991927459154793,1.4033312
1226,1.4033312,-0.6890964159343901,1.4033312
1227,1.4033312,-0.7991927459154793,1.4033312
1228,1.4033312,-0.7693458550815736,1.4033312
1229,1.4033312,-0.5786780126820356,1.4033312
1230,1.4033312,-0.7991927459154793,1.4033312
1231,1.4033312,-0.5786780126820356,1.4033312
1232,1.4033312,-0.6890964159343901,1.4033312
1233,1.4033312,-0.5786780126820356,1.4033312
1234,1.4033312,-0.7991927459154793,1.4033312
1235,-1.3907231,0.25626718493519907,-1.3907231
1236,-1.3907231,0.25626718493519907,-1.3907231
1237,1.3897619,-0.6733989901707387,1.3897619
1238,1.3897619,-0.6733989901707387,1.3897619
1239,1.3897619,-0.6733989901707387,1.3897619
1240,-1.3696549,0.43747221278646736,-1.3696549
1241,1.3860682,-0.5248714307592464,1.3860682
1242,1.3357944,0.13394516431614548,1.3357944
1243,-1.3357956,0.12896761488891245,-1.3357956
1244,1.3736713,-0.12253441918662328,1.3736713
1245,1.3638695,0.21897730701162837,1.3638695
1246,1.3638695,0.21897730701162837,1.3638695
1247,1.3638695,0.21897730701162837,1.3638695
1248,-1.4151537,0.8089715553016477,-1.4151537
1249,-1.4151537,0.5652101991033522,-1.4151537
1250,1.4108112,-0.8830804141672602,1.4108112
1251,1.4108112,-0.7484177011929086,1.4108112
1252,1.4108112,-0.8830804141672602,1.4108112
1253,1.4108112,-0.8830804141672602,1.4108112
1254,1.4108112,-0.8787203990020453,1.4108112
1255,1.4108112,-0.8933582976327828,1.4108112
1256,1.4108112,-0.8933582976327828,1.4108112
1257,-1.379952,0.6113730156274012,-1.379952
1258,1.4134679,-0.5543204681750196,1.4134679
1259,1.4134679,-0.6461788700941423,1.4134679
1260,-1.4208548,0.6063347951607015,-1.4208548
1261,-1.3760129,0.6850390342513379,-1.3760129
1262,-1.3760129,0.6850390342513379,-1.3760129
1263,1.3792217,-0.6272382420929448,1.3792217
1264,1.3792217,-0.6272382420929448,1.3792217
1265,1.3792217,-0.5633783618770819,1.3792217
1266,1.3792217,-0.5633783618770819,1.3792217
1267,1.3792217,-0.5633783618770819,1.3792217
1268,1.3792217,-0.5633783618770819,1.3792217
1269,1.3792217,-0.5633783618770819,1.3792217
1270,1.3792217,-0.5633783618770819,1.3792217
1271,1.3792217,-0.5633783618770819,1.3792217
1272,-1.4083185,0.18290722780503424,-1.4083185
1273,1.3856268,-0.4945074724708575,1.3856268
1274,1.3783405,-0.5531689811964536,1.3783405
1275,-1.3939743,0.6420337729232574,-1.3939743
1276,1.3775154,-0.681830602920845,1.3775154
1277,1.3775154,-0.42451409412075286,1.3775154
1278,1.3775154,-0.42451409412075286,1.3775154
1279,1.3775154,-0.42451409412075286,1.3775154
1280,1.3775154,-0.42451409412075286,1.3775154
1281,1.3775154,-0.42451409412075286,1.3775154
1282,1.3775154,-0.42451409412075286,1.3775154
1283,1.3775154,-0.42451409412075286,1.3775154
1284,1.3775154,-0.42451409412075286,1.3775154
1285,1.3775154,-0.42451409412075286,1.3775154
1286,1.3775154,-0.42451409412075286,1.3775154
1287,1.3775154,-0.3624571491261749,1.3775154
1288,1.3775154,-0.3624571491261749,1.3775154
1289,1.3775154,-0.3624571491261749,1.3775154
1290,-1.3703425,0.6386840795852388,-1.3703425
1291,-1.3703425,0.4363957380061467,-1.3703425
1292,-1.3703425,0.4363957380061467,-1.3703425
1293,-1.3703425,0.4363957380061467,-1.3703425
1294,-1.3703425,0.4363957380061467,-1.3703425
1295,-1.3703425,0.4363957380061467,-1.3703425
1296,-1.3703425,0.6386840795852388,-1.3703425
1297,-1.3703425,0.4363957380061467,-1.3703425
1298,-1.3703425,0.4363957380061467,-1.3703425
1299,-1.3703425,0.4363957380061467,-1.3703425
1300,-1.3703425,0.4363957380061467,-1.3703425
1301,-1.3780237,0.30155414069674946,-1.3780237
1302,1.373536,-0.42880746935560377,1.373536
1303,1.3828715,-0.907946428209285,1.3828715
1304,-1.382351,0.7582007343134227,-1.382351
1305,-1.3747503,0.6253193119521664,-1.3747503
1306,-1.3747503,0.6189215777217366,-1.3747503
1307,-1.3773144,0.4468305368850385,-1.3773144
1308,1.3687023,-0.27899291434180834,1.3687023
1309,1.3672669,-0.20736499540336079,1.3672669
1310,1.3672669,-0.2099437080841779,1.3672669
1311,1.3827591,-0.8436158700115148,1.3827591
1312,-1.3642722,0.28070643277776136,-1.3642722
1313,-1.4031835,0.6068441081652107,-1.4031835
1314,1.3994381,-0.7315759175715052,1.3994381
1315,1.3994381,-0.7185738438269059,1.3994381
1316,1.3994381,-0.7185738438269059,1.3994381
1317,1.3994381,-0.7185738438269059,1.3994381
1318,1.3994381,-0.7185738438269059,1.3994381
1319,1.4333295,-1.010094454962328,1.4333295
1320,1.4333295,-0.7895176461343215,1.4333295
1321,1.4333295,-0.7895176461343215,1.4333295
1322,-1.4175442,0.8879245184699128,-1.4175442
1323,-1.4175442,0.7633629067905702,-1.4175442
1324,1.4132692,-0.8294272806303402,1.4132692
1325,1.4132692,-0.8256452878416257,1.4132692
1326,1.4062812,-0.2312863385592186,1.4062812
1327,1.4062812,-0.1988327602648131,1.4062812
1328,-1.3582023,0.1789348213590739,-1.3582023
1329,-1.3582023,0.1789348213590739,-1.3582023
1330,1.4046358,-0.2931979319151049,1.4046358
1331,-1.4148403,0.24628655015654716,-1.4148403
1332,-1.4001143,0.6971797673807748,-1.4001143
1333,-1.4122287,0.4117166594157421,-1.4122287
1334,1.357738,0.04856529828562743,1.357738
1335,1.357738,0.04856529828562743,1.357738
1336,-1.3684598,0.18920028230318336,-1.3684598
1337,-1.3684598,0.18920028230318336,-1.3684598
1338,1.382263,-0.858425893626188,1.382263
1339,1.382263,-0.858425893626188,1.382263
1340,-1.3737034,0.6783793947058082,-1.3737034
1341,-1.3737034,0.6783793947058082,-1.3737034
1342,-1.3616426,0.09933816109556365,-1.3616426
1343,-1.3616426,0.09933816109556365,-1.3616426
1344,-1.3616426,0.09933816109556365,-1.3616426
1345,-1.3616426,0.09933816109556365,-1.3616426
1346,-1.3616426,-0.08183702168322475,-1.3616426
1347,-1.3616426,0.09933816109556365,-1.3616426
1348,1.3611202,0.15237225606915628,1.3611202
1349,1.3611202,0.15237225606915628,1.3611202
1350,1.3611202,0.15237225606915628,1.3611202
1351,1.3611202,0.15237225606915628,1.3611202
1352,1.3611202,0.15237225606915628,1.3611202
1353,1.3611202,0.04973817450245131,1.3611202
1354,1.3611202,0.15237225606915628,1.3611202
1355,1.373273,-0.634642510341242,1.373273
1356,1.3601487,0.0303927086356978,1.3601487
1357,1.3601487,0.0303927086356978,1.3601487
1358,-1.3739693,0.22973274053553874,-1.3739693
1359,1.3762295,-0.289296647522723,1.3762295
1360,-1.3678539,0.4549932985717222,-1.3678539
1361,-1.413851,0.5418002257983316,-1.413851
1362,-1.3812165,0.5449952925617593,-1.3812165
1363,-1.3812165,0.5997283413983743,-1.3812165
1364,-1.3812165,0.5997283413983743,-1.3812165
1365,1.3559645,0.1346309378799331,1.3559645
1366,1.3559645,0.1346309378799331,1.3559645
1367,-1.3999491,0.5460803686589978,-1.3999491
1368,1.4035374,-0.5376101420299257,1.4035374
1369,-1.3994037,0.6035071487964471,-1.3994037
1370,1.3755219,-0.27617499757865477,1.3755219
1371,1.3755219,-0.27617499757865477,1.3755219
1372,1.3673031,-0.16298126511822067,1.3673031
1373,1.3771181,-0.47324739588915693,1.3771181
1374,1.3771181,-0.47324739588915693,1.3771181
1375,1.367255,-0.022075184488396467,1.367255
1376,1.367255,-0.022075184488396467,1.367255
1377,-1.3773656,0.6292685975335494,-1.3773656
1378,-1.3777163,0.6469542571798311,-1.3777163
1379,1.3693317,-0.38093281258678985,1.3693317
1380,1.3693317,-0.15089235654801736,1.3693317
1381,1.3911738,-0.38456558855230677,1.3911738
1382,1.3911738,-0.38456558855230677,1.3911738
1383,1.3911738,-0.38456558855230677,1.3911738
1384,1.3911738,-0.38456558855230677,1.3911738
1385,1.3911738,-0.38456558855230677,1.3911738
1386,1.3911738,-0.38456558855230677,1.3911738
1387,1.3911738,-0.38456558855230677,1.3911738
1388,1.3911738,-0.38456558855230677,1.3911738
1389,1.3911738,-0.38456558855230677,1.3911738
1390,1.3911738,-0.38456558855230677,1.3911738
1391,-1.3911746,0.499401082406261,-1.3911746
1392,-1.3911746,0.499401082406261,-1.3911746
1393,-1.3911746,0.499401082406261,-1.3911746
1394,1.3947825,-0.7316917381146324,1.3947825
1395,-1.4221573,0.4626104169381097,-1.4221573
1396,-1.4178975,0.42344162252640066,-1.4178975
1397,-1.4392711,0.9814324688420665,-1.4392711
1398,1.4392656,-0.5471856294760937,1.4392656
1399,1.4392656,-0.5471856294760937,1.4392656
1400,1.4221551,-0.6551807129867138,1.4221551
1401,1.4221551,-0.6551807129867138,1.4221551
1402,1.4221551,-0.6551807129867138,1.4221551
1403,-1.4067552,0.6918828095118634,-1.4067552
1404,1.4149987,-0.5736069605676953,1.4149987
1405,1.4149987,-0.6962883699984768,1.4149987
1406,1.4149987,-0.6962883699984768,1.4149987
1407,1.4149987,-0.6962883699984768,1.4149987
1408,1.4178984,-0.8702651568178498,1.4178984
1409,1.4178984,-0.8702651568178498,1.4178984
1410,1.4178984,-0.8702651568178498,1.4178984
1411,1.4178984,-0.8702651568178498,1.4178984
1412,-1.4221573,0.5712463618233189,-1.4221573
1413,-1.4178975,0.7056039867817745,-1.4178975
1414,-1.3758556,0.6665552927892139,-1.3758556
1415,1.3714942,-0.5245643995413612,1.3714942
1416,1.425175,-0.2733843124545999,1.425175
1417,1.425175,-0.2733843124545999,1.425175
1418,-1.3809198,0.6383964329752569,-1.3809198
1419,1.373509,-0.11545180786611539,1.373509
1420,1.3762008,-0.4835486704746697,1.3762008
1421,-1.3837069,0.6262946635081386,-1.3837069
1422,-1.4128668,0.4593844303135762,-1.4128668
1423,1.3658767,0.04258911222678979,1.3658767
1424,-1.3771799,0.41560261242805246,-1.3771799
1425,-1.3643098,0.15144078485815113,-1.3643098
1426,-1.3643098,0.15144078485815113,-1.3643098
1427,-1.3643098,0.15144078485815113,-1.3643098
1428,1.3643104,0.1863114312706701,1.3643104
1429,1.3643104,0.1863114312706701,1.3643104
1430,1.3643104,0.1863114312706701,1.3643104
1431,1.3643104,0.1863114312706701,1.3643104
1432,1.3643104,0.1863114312706701,1.3643104
1433,1.3643104,0.1863114312706701,1.3643104
1434,-1.3702675,0.4582153014490016,-1.3702675
1435,-1.3746921,0.5963308116079631,-1.3746921
1436,-1.3746921,0.5963308116079631,-1.3746921
1437,-1.3483503,0.08812275131763957,-1.3483503
1438,-1.3483503,0.08812275131763957,-1.3483503
1439,1.3614496,0.05942782302217642,1.3614496
1440,1.3614496,0.05942782302217642,1.3614496
1441,1.3703266,-0.12814190943223203,1.3703266
1442,1.3703266,-0.5016916310555505,1.3703266
1443,-1.3772924,0.37905779430736125,-1.3772924
1444,-1.3769124,0.6805765859967315,-1.3769124
1445,1.3772924,-0.8262224018315146,1.3772924
1446,-1.3642443,0.28214925299627136,-1.3642443
1447,1.3371433,0.22349091716414457,1.3371433
1448,1.3801473,-0.4881034235360687,1.3801473
1449,-1.3801471,0.2556417173401583,-1.3801471
1450,1.3348796,0.35463671257042806,1.3348796
1451,1.3849771,-0.4538842914483369,1.3849771
1452,1.3849771,-0.4538842914483369,1.3849771
1453,1.3849771,-0.7544167941190819,1.3849771
1454,1.3849771,-0.4538842914483369,1.3849771
1455,1.3849771,-0.4538842914483369,1.3849771
1456,1.3849771,-0.4538842914483369,1.3849771
1457,1.3849771,-0.4538842914483369,1.3849771
1458,1.3884206,-0.774050169650148,1.3884206
1459,1.3884206,-0.774050169650148,1.3884206
1460,1.3673275,-0.3801224166672519,1.3673275
1461,1.3673275,-0.22688211617936907,1.3673275
1462,1.3673275,-0.22688211617936907,1.3673275
1463,1.381256,-0.3949478023381749,1.381256
1464,1.381256,-0.3949478023381749,1.381256
1465,1.381256,-0.2909859166422441,1.381256
1466,1.381256,-0.2909859166422441,1.381256
1467,1.381256,-0.2909859166422441,1.381256
1468,-1.3812779,0.5952339986102742,-1.3812779
1469,-1.4020358,0.44846641188456526,-1.4020358
1470,1.4013755,-0.6960112431652279,1.4013755
1471,1.3919632,-0.7318767318634334,1.3919632
1472,1.3919632,-0.7318767318634334,1.3919632
1473,1.3919632,-0.7318767318634334,1.3919632
1474,1.3919632,-0.7318767318634334,1.3919632
1475,1.3919632,-0.7318767318634334,1.3919632
1476,1.3919632,-0.7318767318634334,1.3919632
1477,1.3919632,-0.7318767318634334,1.3919632
1478,1.4119129,-0.33893096792436994,1.4119129
1479,-1.4161559,0.34528198070110244,-1.4161559
1480,-1.4162606,0.6724828371479995,-1.4162606
1481,-1.4126248,0.6672050008678804,-1.4126248
1482,1.4178846,-0.6139377243862127,1.4178846
1483,1.4131513,-0.8148366669004204,1.4131513
1484,-1.3654271,0.46682076285850505,-1.3654271
1485,-1.386511,0.445503105259168,-1.386511
1486,1.4059439,-0.38716014573626917,1.4059439
1487,1.3976966,-0.24745690278429416,1.3976966
1488,-1.4164742,0.3544284970111351,-1.4164742
1489,-1.3740195,0.3185810600391235,-1.3740195
1490,-1.3740195,0.3185810600391235,-1.3740195
1491,-1.3740195,0.3185810600391235,-1.3740195
1492,-1.3740195,0.3185810600391235,-1.3740195
1493,-1.3740195,0.3185810600391235,-1.3740195
1494,1.3743575,-0.2023159334002275,1.3743575
1495,1.3743575,-0.2023159334002275,1.3743575
1496,1.3743575,-0.2023159334002275,1.3743575
1497,1.3743575,-0.2023159334002275,1.3743575
1498,1.3743575,-0.2023159334002275,1.3743575
1499,1.3770314,-0.4816395367390651,1.3770314
1500,1.3642185,0.05754085607573665,1.3642185
1501,1.3985761,-0.26247277950115877,1.3985761
1502,-1.4017471,0.29695190953829576,-1.4017471
1503,-1.3674744,0.33503271297324544,-1.3674744
1504,1.3766648,-0.5725047418603872,1.3766648
1505,1.3767473,-0.20645506071353104,1.3767473
1506,1.3767473,-0.20645506071353104,1.3767473
1507,1.3767473,-0.31316742440692974,1.3767473
1508,-1.3767419,0.47076802475184704,-1.3767419
1509,1.3650824,0.2209794385573911,1.3650824
1510,1.3916681,-0.6292248518296757,1.3916681
1511,-1.3964728,0.8117827734050864,-1.3964728
1512,1.4038697,-0.5624159369761638,1.4038697
1513,1.4156741,-0.5085427993439482,1.4156741
1514,1.4156741,-0.5085427993439482,1.4156741
1515,1.4156741,-0.5085427993439482,1.4156741
1516,-1.4122804,0.9402638099221493,-1.4122804
1517,-1.4161073,0.8412472673203203,-1.4161073
1518,1.414567,-0.9504193521820797,1.414567
1519,-1.4118927,0.5055152385913707,-1.4118927
1520,1.4179081,-0.43304218228889685,1.4179081
1521,-1.3923163,0.10301791751738115,-1.3923163
1522,1.4052112,-0.2533989656461483,1.4052112
1523,-1.3678544,0.21773842098247187,-1.3678544
1524,1.3544692,0.21833499119047411,1.3544692
1525,1.4105465,-0.4929245276574051,1.4105465
1526,1.4105465,-0.4929245276574051,1.4105465
1527,1.4105465,-0.6320139350308133,1.4105465
1528,1.4105465,-0.30881444173179307,1.4105465
1529,1.4105465,-0.4929245276574051,1.4105465
1530,1.4105465,-0.4929245276574051,1.4105465
1531,1.4105465,-0.30881444173179307,1.4105465
1532,-1.4216172,0.5222123016920673,-1.4216172
1533,-1.4216172,0.5607259587270875,-1.4216172
1534,-1.4084979,0.3440568693248818,-1.4084979
1535,1.409358,-0.04436064399912584,1.409358
1536,1.409358,-0.04436064399912584,1.409358
1537,1.3501073,0.16503331524068401,1.3501073
1538,1.3635979,0.14827333105855142,1.3635979
1539,-1.3757819,0.49081978814541427,-1.3757819
1540,1.3785667,-0.3345760944659592,1.3785667
1541,1.3785667,-0.3345760944659592,1.3785667
1542,-1.3838142,0.51673053536042,-1.3838142
1543,-1.3838142,0.51673053536042,-1.3838142
1544,1.377927,-0.2767753548450105,1.377927
1545,1.377927,-0.2767753548450105,1.377927
1546,-1.4137195,0.45779257494599124,-1.4137195
1547,1.424664,-0.3463687523772535,1.424664
1548,1.3641508,-0.04557108432158248,1.3641508
1549,1.3549298,0.246312131221422,1.3549298
1550,1.3890601,-0.629260500907537,1.3890601
1551,-1.368321,0.2500166503652002,-1.368321
1552,-1.4202187,0.5196524915640638,-1.4202187
1553,1.4111902,-0.5943915989137935,1.4111902
1554,1.4111902,-0.5215944932548838,1.4111902
1555,1.4111902,-0.5852223249017019,1.4111902
1556,1.4111902,-0.7031999190883056,1.4111902
1557,1.4111902,-0.5943915989137935,1.4111902
1558,1.4173043,-0.5895324522791247,1.4173043
1559,1.4173043,-0.5895324522791247,1.4173043
1560,1.4171097,-0.5913394966984664,1.4171097
1561,1.422418,-0.48554488407924457,1.422418
1562,-1.4170367,0.4410416415688883,-1.4170367
1563,-1.3663629,0.13306713070354995,-1.3663629
1564,1.3754491,-0.5008790828747403,1.3754491
1565,1.3784549,-0.4327323910156689,1.3784549
1566,1.3784549,-0.4327323910156689,1.3784549
1567,1.3784549,-0.4327323910156689,1.3784549
1568,1.3784549,-0.4327323910156689,1.3784549
1569,1.3784549,-0.4327323910156689,1.3784549
1570,1.3812058,-0.3894784778677008,1.3812058
1571,1.3812058,-0.3894784778677008,1.3812058
1572,-1.3783882,0.577531306744203,-1.3783882
1573,1.3783872,-0.4616284840355439,1.3783872
1574,-1.3758415,0.5606085989981927,-1.3758415
1575,-1.4118013,0.7495077194016732,-1.4118013
1576,1.364055,0.09451147304164866,1.364055
1577,-1.360459,0.14639463985168483,-1.360459
1578,-1.360459,0.14639463985168483,-1.360459
1579,-1.360459,0.14639463985168483,-1.360459
1580,1.3611563,0.1323426663699179,1.3611563
1581,1.3611563,0.1323426663699179,1.3611563
1582,1.3611563,0.1323426663699179,1.3611563
1583,1.3923289,-0.5849896311113117,1.3923289
1584,-1.3817651,0.4803144350191619,-1.3817651
1585,1.3541487,0.20131005222577392,1.3541487
1586,1.3870955,-0.4696479756972121,1.3870955
1587,-1.3792913,0.34234812134055803,-1.3792913
1588,1.3527591,0.07781549442208742,1.3527591
1589,1.3939182,-0.5611567808587548,1.3939182
1590,1.4122394,-0.4429803417365723,1.4122394
1591,1.4122394,-0.4429803417365723,1.4122394
1592,1.4149176,-0.505509232211323,1.4149176
1593,1.3644855,0.11720496648859985,1.3644855
1594,-1.4169881,0.2716610660885638,-1.4169881
1595,1.4221954,-0.4257528557290434,1.4221954
1596,1.4221954,-0.4257528557290434,1.4221954
1597,-1.4170127,0.14267192600077047,-1.4170127
1598,1.4218389,-0.434737511672777,1.4218389
1599,1.4229274,-0.6430267374703201,1.4229274
1600,1.3862745,-0.6299528714918841,1.3862745
1601,1.3786343,-0.27938357029474387,1.3786343
1602,1.3786343,-0.27938357029474387,1.3786343
1603,1.3772038,-0.38215774779271156,1.3772038
1604,-1.377246,0.4193479655842997,-1.377246
1605,-1.3778744,0.6322799737772015,-1.3778744
1606,1.3704487,-0.3663038189313444,1.3704487
1607,-1.4167461,0.3926039701570785,-1.4167461
1608,-1.3795929,0.6386871135621696,-1.3795929
1609,-1.4165921,0.4494654198968141,-1.4165921
1610,1.3559438,0.08760875289836811,1.3559438
1611,1.3609773,0.2525433142594112,1.3609773
1612,1.3952625,-0.3831353631544684,1.3952625
1613,-1.4235392,0.4865642715795182,-1.4235392
1614,1.42245,-0.5760825428413187,1.42245
1615,1.4117497,-0.554978239493113,1.4117497
1616,1.4123574,-0.41065275350133934,1.4123574
1617,-1.4178255,0.4788256765798593,-1.4178255
1618,1.4170498,-0.4097883159526415,1.4170498
1619,-1.3804119,0.33276021694187286,-1.3804119
1620,-1.3807714,0.40243156144740144,-1.3807714
1621,-1.3668164,0.40059003263151227,-1.3668164
1622,1.3797326,-0.34284738693250194,1.3797326
1623,1.3785341,-0.3852487879259229,1.3785341
1624,-1.3795056,0.6792709833301421,-1.3795056
1625,-1.4137737,0.26953287356604966,-1.4137737
1626,-1.4099615,0.3412634626909183,-1.4099615
1627,-1.4045203,0.29750208036318276,-1.4045203
1628,1.3838633,-0.19674166842923782,1.3838633
1629,1.3757595,-0.4223331559492188,1.3757595
1630,1.3499874,0.09707939459821649,1.3499874
1631,1.3548489,0.13378122581254703,1.3548489
1632,1.3651451,-0.01829741439903032,1.3651451
1633,1.3796294,-0.2680016876798627,1.3796294
1634,-1.4223588,0.5606222098937154,-1.4223588
1635,-1.4167055,0.14212249681716704,-1.4167055
1636,-1.3834358,0.4016171615081915,-1.3834358
1637,-1.4105809,0.19360532157673335,-1.4105809
1638,1.4165959,-0.5424206760096885,1.4165959
1639,-1.4188027,0.25377273376005516,-1.4188027
1640,1.3636796,0.0376795513107993,1.3636796
1641,-1.3734826,0.4446048171019568,-1.3734826
1642,-1.3751614,0.477043436861571,-1.3751614
1643,1.3668249,-0.21990043252209618,1.3668249
1644,1.3729849,-0.46286364773756306,1.3729849
1645,1.3729849,-0.46286364773756306,1.3729849
1646,1.3729239,-0.1304871449219602,1.3729239
1647,1.3729239,-0.1304871449219602,1.3729239
1648,1.3729239,-0.1304871449219602,1.3729239
1649,1.3729239,-0.1304871449219602,1.3729239
1650,1.3729239,-0.1304871449219602,1.3729239
1651,1.3729239,-0.1304871449219602,1.3729239
1652,1.3729239,-0.1304871449219602,1.3729239
1653,1.3729239,-0.1304871449219602,1.3729239
1654,-1.3815236,0.6214595921932932,-1.3815236
1655,1.3941805,-0.5451992553601459,1.3941805
1656,-1.381236,0.3492082351351804,-1.381236
1657,-1.3816168,0.32023596414716426,-1.3816168
1658,1.3838829,-0.40382473252866247,1.3838829
1659,1.4064559,-0.5795667523377024,1.4064559
1660,1.3909825,-0.44895852931756525,1.3909825
1661,1.4255038,-0.5127987865300637,1.4255038
1662,1.4360566,-0.9287497285824656,1.4360566
1663,1.4362693,-0.5338086895077442,1.4362693
1664,-1.402923,0.4818950199893288,-1.402923
1665,1.4168121,-0.5149223158496744,1.4168121
1666,1.3894676,-0.6717544650022823,1.3894676
1667,-1.3857393,0.5156359848141672,-1.3857393
1668,1.3801025,-0.41632430913761637,1.3801025
1669,-1.3675824,0.3176325670828194,-1.3675824
1670,-1.37966,0.5386432193111853,-1.37966
1671,1.3795507,-0.17524247642657723,1.3795507
1672,1.3886274,-0.2094550383425397,1.3886274
1673,-1.4107814,0.4115130337103572,-1.4107814
1674,1.3641047,0.0003450034678542201,1.3641047
1675,1.4015886,-0.5539432976622751,1.4015886
1676,1.391875,-0.8434027425857117,1.391875
1677,1.3735671,-0.05440138725722303,1.3735671
1678,-1.3705666,0.2854133057020304,-1.3705666
1679,1.4074898,-0.28234048471520995,1.4074898
1680,-1.3959452,0.40287242922258026,-1.3959452
1681,-1.3752279,0.5482379342785431,-1.3752279
1682,-1.3759733,0.6522056623388696,-1.3759733
1683,1.3827773,-0.9151172572234314,1.3827773
1684,-1.3825483,0.24697322045069,-1.3825483
1685,-1.4371532,0.665672794839562,-1.4371532
1686,-1.4143485,0.43487820624149215,-1.4143485
1687,-1.3762397,0.4782064906029295,-1.3762397
1688,1.3833636,-0.6740878304290989,1.3833636
1689,-1.3747742,0.5195769407222569,-1.3747742
1690,-1.3791858,0.5424373520421837,-1.3791858
1691,-1.4214885,0.4071239833795599,-1.4214885
1692,1.4224882,-0.5580071843043493,1.4224882
1693,-1.390023,0.22152949503493882,-1.390023
1694,-1.4009489,0.6722581469912746,-1.4009489
1695,1.4232429,-0.4443121440617364,1.4232429
1696,1.4080913,-0.45257145086085354,1.4080913
1697,-1.3898444,0.6715239833283743,-1.3898444
1698,1.3815776,-1.0452310823920274,1.3815776
1699,1.4146715,-0.21264656924911962,1.4146715
1700,1.3792183,-0.30063349274676865,1.3792183
1701,1.3812081,-0.38565844151342854,1.3812081
1702,1.3811452,-0.8359364458207538,1.3811452
1703,-1.366379,0.40765703450640073,-1.366379
1704,-1.3797073,0.5610518359339525,-1.3797073
1705,1.3648434,0.21180385374776264,1.3648434
1706,-1.3772953,0.658362082069483,-1.3772953
1707,-1.3895293,0.2794598197229689,-1.3895293
1708,1.3472779,0.1427837046780602,1.3472779
1709,1.3683823,0.03364285375489357,1.3683823
1710,-1.4167587,0.13089963619288011,-1.4167587
1711,-1.3886429,0.2737874703994336,-1.3886429
1712,1.346504,0.09478519369174543,1.346504
1713,-1.3850642,0.3380220188673853,-1.3850642
1714,1.3786868,-0.7074275752435445,1.3786868
1715,1.3635397,0.08980635029259021,1.3635397
1716,-1.3791037,0.4379308359520708,-1.3791037
1717,-1.3691528,0.2460297970217402,-1.3691528
1718,1.3783363,-0.2134740049966339,1.3783363
1719,-1.3780894,0.3243635695550126,-1.3780894
1720,1.3777965,-0.4693927673402029,1.3777965
1721,1.3815024,-0.653055270352752,1.3815024
1722,1.3815024,-0.653055270352752,1.3815024
1723,1.3815024,-0.653055270352752,1.3815024
1724,1.3815024,-0.653055270352752,1.3815024
1725,1.3815024,-0.653055270352752,1.3815024
1726,1.6658968,-0.2054757385294487,1.6658968
1727,-1.665898,0.3023441866281032,-1.665898
1728,1.6683532,-0.20077384530112108,1.6683532
1729,-1.65145,0.43490187369875044,-1.65145
1730,-1.3907331,0.7449752999844429,-1.3907331
1731,1.3756146,-0.5069758491094628,1.3756146
1732,1.4278322,-0.4048313765281039,1.4278322
1733,1.3482141,-0.06014289021303923,1.3482141
1734,1.3482141,-0.06014289021303923,1.3482141
1735,1.3482141,-0.06014289021303923,1.3482141
1736,1.3482141,-0.06014289021303923,1.3482141
1737,-1.4031979,0.44840653132900893,-1.4031979
1738,1.4117025,-0.15411927058069694,1.4117025
1739,1.3795706,-0.30366467977001815,1.3795706
1740,-1.418034,0.5563444726333969,-1.418034
1741,1.4132699,-0.532197439923864,1.4132699
1742,1.4170752,-0.6912231489405622,1.4170752
1743,1.3803526,-0.769841215821434,1.3803526
1744,-1.404762,0.2509326928384959,-1.404762
1745,1.4051499,-0.36377844288700134,1.4051499
1746,-1.443621,0.5043535304266623,-1.443621
1747,-1.443621,0.19616210510434476,-1.443621
1748,1.3930224,-0.4813317949355702,1.3930224
1749,1.3813771,-0.3855141234164505,1.3813771
1750,1.6661518,-0.162729424071525,1.6661518
1751,1.6661518,-0.162729424071525,1.6661518
1752,-1.6532514,0.37078364527242297,-1.6532514
1753,-1.6532514,0.37078364527242297,-1.6532514
1754,1.3756933,-0.0761017250683602,1.3756933
1755,-1.3759036,0.3304941222513215,-1.3759036
1756,-1.4159396,0.002990380692856322,-1.4159396
1757,-1.3764801,0.5636403360286786,-1.3764801
1758,-1.3764801,0.5636403360286786,-1.3764801
1759,-1.4303836,0.49065280173027787,-1.4303836
1760,-1.3754225,0.6758254590916554,-1.3754225
1761,1.3828738,-0.5080663052114314,1.3828738
1762,-1.3665872,0.296864404306461,-1.3665872
1763,1.3600585,0.16359625128610028,1.3600585
1764,1.3600585,0.16359625128610028,1.3600585
1765,1.3600585,0.16359625128610028,1.3600585
1766,1.3785902,-0.5292928415347374,1.3785902
1767,1.4255769,-0.4570572943680522,1.4255769
1768,-1.394828,0.6851197949339362,-1.394828
1769,1.4047478,-1.052905910949364,1.4047478
1770,1.3888013,-0.9271028527040467,1.3888013
1771,1.3756862,-0.17796218286790333,1.3756862
1772,-1.4129274,0.141751330372644,-1.4129274
1773,1.6696656,-0.424691732263229,1.6696656
1774,-1.6637399,0.6191763025907259,-1.6637399
1775,1.4428549,-0.7380206235700038,1.4428549
1776,1.3703824,0.018816420639710483,1.3703824
1777,1.3820648,-0.7764346053120156,1.3820648
1778,1.3720529,-0.29841490212364147,1.3720529
1779,-1.4121933,0.4093133148762017,-1.4121933
1780,-1.3551617,0.08078190184291727,-1.3551617
1781,-1.3664793,0.2530247954657118,-1.3664793
1782,-1.3619502,0.08615464427293916,-1.3619502
1783,1.4165478,-0.7412393774014169,1.4165478
1784,-1.3797026,0.5987934910657572,-1.3797026
1785,1.3856096,-0.8615270131025745,1.3856096
1786,1.3879395,-0.610606741227759,1.3879395
1787,-1.4119487,0.4057258146562983,-1.4119487
1788,-1.4120585,0.2848630220707294,-1.4120585
1789,-1.4221585,0.5259327012824581,-1.4221585
1790,-1.4221585,0.593642039972365,-1.4221585
1791,-1.3834527,0.5199415597562203,-1.3834527
1792,1.3833153,-0.522832236436684,1.3833153
1793,-1.3880506,0.5508456340605764,-1.3880506
1794,-1.376879,0.488697739110365,-1.376879
1795,1.4202981,-0.7303261086626199,1.4202981
1796,-1.3993225,0.31637952044515927,-1.3993225
1797,1.3768625,-0.1967419470814694,1.3768625
1798,-1.3654556,0.23027912423646374,-1.3654556
1799,-1.3657221,0.1792561216350916,-1.3657221
1800,1.4205527,-0.29333017080630197,1.4205527
1801,-1.4168156,0.6542571047275973,-1.4168156
1802,-1.4101808,0.3990579145428171,-1.4101808
1803,1.364532,-0.0959728920956962,1.364532
1804,1.3804775,-0.14821791189015956,1.3804775
1805,1.3793988,-0.7211691787051391,1.3793988
1806,1.4243273,-0.4730822840494082,1.4243273
1807,1.3895938,-0.47940733881722847,1.3895938
1808,1.3786345,-0.4363977200503528,1.3786345
1809,-1.3858193,0.540340610191304,-1.3858193
1810,1.3858248,-0.6983845659151339,1.3858248
1811,-1.3758352,0.4010785541259609,-1.3758352
1812,-1.4000399,0.8009626742281624,-1.4000399
1813,1.3931175,-0.6094826958818452,1.3931175
1814,1.3792359,-0.5314265428599246,1.3792359
1815,-1.3753537,0.35033886215709664,-1.3753537
1816,1.3762463,-0.5873576264203298,1.3762463
1817,-1.3767713,0.4855739994997929,-1.3767713
1818,1.3742913,-0.2193067590935799,1.3742913
1819,1.3749433,-0.4360651876072956,1.3749433
1820,-1.3741227,0.3209156996061969,-1.3741227
1821,-1.3524534,0.17447133056221087,-1.3524534
1822,1.4263567,-0.3056781590857586,1.4263567
1823,-1.3946177,0.7143512699125623,-1.3946177
1824,1.3990549,-0.7594617754601947,1.3990549
1825,-1.3995742,0.6806002964613287,-1.3995742
1826,-1.37598,0.5718122876466867,-1.37598
1827,1.3777572,-0.2695497387129628,1.3777572
1828,-1.377741,0.4007534198501359,-1.377741
1829,-1.377741,0.4007534198501359,-1.377741
1830,1.3825009,-0.6302920414363488,1.3825009
1831,1.352389,-0.023826866754696155,1.352389
1832,1.3709271,-0.2503984473400902,1.3709271
1833,1.3719324,-0.18870299063914198,1.3719324
1834,-1.4098754,0.5213009028719586,-1.4098754
1835,1.3793436,-0.4803474232181332,1.3793436
1836,-1.3971878,0.3842335261908814,-1.3971878
1837,1.3808614,-0.8033782592289002,1.3808614
1838,1.3868619,-0.4921036677514683,1.3868619
1839,-1.4118551,0.25808707280123333,-1.4118551
1840,1.4135457,-0.43413973055865074,1.4135457
1841,1.3902895,-0.41652885481663965,1.3902895
1842,-1.395757,0.7031733665614676,-1.395757
1843,1.4062593,-0.6331509820235541,1.4062593
1844,1.3725036,-0.2410101033156334,1.3725036
1845,1.3732522,-0.17791070090641908,1.3732522
1846,-1.378873,0.7101559296277831,-1.378873
1847,1.3903911,-0.6915495666365263,1.3903911
1848,1.3647547,0.053794750008338735,1.3647547
1849,1.3727735,-0.10436408372782556,1.3727735
1850,1.3727735,-0.10436408372782556,1.3727735
1851,1.3727735,0.0008371569671682189,1.3727735
1852,-1.3652009,0.20944895189913507,-1.3652009
1853,-1.3652009,0.20944895189913507,-1.3652009
1854,1.3868226,-0.8257738436183625,1.3868226
1855,-1.3456022,0.10623167233137945,-1.3456022
1856,-1.3592986,0.032939042609078484,-1.3592986
1857,-1.3640069,0.06650124263925661,-1.3640069
1858,-1.3935703,0.6844522018385508,-1.3935703
1859,1.4002502,-0.993683080709356,1.4002502
1860,1.3748703,-0.45986731362700906,1.3748703
1861,-1.3710107,0.4199657962144301,-1.3710107
1862,1.3720028,-0.2190618955875164,1.3720028
1863,1.3750986,-0.17521776059296934,1.3750986
1864,-1.3685975,0.20030876020259658,-1.3685975
1865,1.3616962,-0.19861010107531113,1.3616962
1866,1.3616962,-0.19861010107531113,1.3616962
1867,1.3837432,-0.7877621850560641,1.3837432
1868,-1.3575225,0.0808302954385785,-1.3575225
1869,1.6660222,-0.047440656832325595,1.6660222
1870,1.6660222,-0.047440656832325595,1.6660222
1871,-1.6610649,0.337618618060726,-1.6610649
1872,-1.6610649,0.337618618060726,-1.6610649
1873,-1.3881226,0.6584642459791741,-1.3881226
1874,1.3832823,-0.6542540508136285,1.3832823
1875,1.3766094,-0.09047686987348978,1.3766094
1876,1.3792365,-0.7173364079508199,1.3792365
1877,1.3741597,-0.571530660819494,1.3741597
1878,-1.3861747,0.6275065078314167,-1.3861747
1879,1.375074,-0.3537505352570835,1.375074
1880,1.3750776,-0.32013801961427074,1.3750776
1881,1.3832353,-0.44898260270131063,1.3832353
1882,-1.3810146,0.3434255712127725,-1.3810146
1883,1.3858056,-0.24318013980471576,1.3858056
1884,1.3780382,-0.25231219127978255,1.3780382
1885,1.3956362,-0.4854134488943984,1.3956362
1886,-1.404268,0.697816411273412,-1.404268
1887,-1.404268,0.697816411273412,-1.404268
1888,1.3993753,-0.7118641590129824,1.3993753
1889,-1.3994017,0.5245525071299261,-1.3994017
1890,-1.4004221,0.9238774717836441,-1.4004221
1891,1.3984107,-0.7923035581557872,1.3984107
1892,1.384328,-0.5554694792254563,1.384328
1893,-1.3875604,0.6987973189740989,-1.3875604
1894,-1.3891741,0.4682866629847924,-1.3891741
1895,-1.3891741,0.46666957416120336,-1.3891741
1896,1.3816586,-0.6487142674963872,1.3816586
1897,-1.3796015,0.5523078722750299,-1.3796015
1898,-1.3755494,0.33961337228390676,-1.3755494
1899,1.3791451,-0.4237121260877098,1.3791451
1900,1.3756397,-0.593011242349029,1.3756397
1901,1.3801666,-0.5985990344924894,1.3801666
1902,-1.3744144,0.29826686396294394,-1.3744144
1903,-1.3964789,0.7717144720263028,-1.3964789
1904,1.4006143,-0.5624011427529068,1.4006143
1905,1.3879205,-0.477139181823225,1.3879205
1906,1.3946549,-0.47624106199278554,1.3946549
1907,1.3721682,-0.3204837499246912,1.3721682
1908,1.4122642,-0.49588124002403033,1.4122642
1909,-1.3667403,0.1309155719136698,-1.3667403
1910,1.383114,-0.8542851572339456,1.383114
1911,-1.38409,0.7023845265314166,-1.38409
1912,-1.4282422,0.88215624580652,-1.4282422
1913,-1.4362925,0.7466822000609269,-1.4362925
1914,-1.3996804,0.5359166087542226,-1.3996804
1915,1.4011848,-0.6446087719439022,1.4011848
1916,-1.38473,0.4026581986517117,-1.38473
1917,1.6629297,0.030450491429996902,1.6629297
1918,1.6629297,0.030450491429996902,1.6629297
1919,-1.6532964,0.45364799143972145,-1.6532964
1920,1.3847293,-0.5498578978653778,1.3847293
1921,-1.3861321,0.5421191691173758,-1.3861321
1922,1.3766903,-0.5541118988458132,1.3766903
1923,-1.3834071,0.6370616700568192,-1.3834071
1924,1.3768101,-0.3242417336902112,1.3768101
1925,-1.4046187,0.9009131132239696,-1.4046187
1926,1.3942895,-0.534515105714598,1.3942895
1927,1.3765836,-0.10837219313715718,1.3765836
1928,1.3730766,-0.2242787267432719,1.3730766
1929,-1.3888477,0.6367822442186044,-1.3888477
1930,1.383314,-0.5372745251802475,1.383314
1931,-1.3626179,0.05113325697292988,-1.3626179
1932,1.3782864,-0.3015154270093271,1.3782864
1933,-1.3938456,0.8616157053209708,-1.3938456
1934,1.3792611,-0.27493868913896813,1.3792611
1935,1.3643049,-0.15789411611080595,1.3643049
1936,1.3643049,-0.15789411611080595,1.3643049
1937,1.3666891,-0.17597286855333066,1.3666891
1938,1.3666891,-0.17597286855333066,1.3666891
1939,1.3716829,-0.3506881791825352,1.3716829
1940,1.3716829,-0.3506881791825352,1.3716829
1941,-1.3958193,0.828554510598575,-1.3958193
1942,1.401104,-0.955542417799847,1.401104
1943,-1.3927387,0.8764336101470369,-1.3927387
1944,1.4017264,-0.5974285515228872,1.4017264
1945,-1.3931541,0.6827056930980734,-1.3931541
1946,1.3929732,-0.5514057364211798,1.3929732
1947,-1.3898422,0.37786980483605503,-1.3898422
1948,1.378363,-0.2408856910289884,1.378363
1949,1.3616147,-0.08784062603214841,1.3616147
1950,1.3616147,-0.08784062603214841,1.3616147
1951,1.3394935,0.09222034394938791,1.3394935
1952,1.3394935,0.09222034394938791,1.3394935
1953,1.3774353,-0.7080797311958009,1.3774353
1954,1.3996037,-1.0221617718777272,1.3996037
1955,1.4173586,0.2329784308172561,1.4173586
1956,1.4173586,0.2329784308172561,1.4173586
1957,1.3853484,-0.4752152390097271,1.3853484
1958,1.3790911,-0.2822132333613443,1.3790911
1959,1.385508,-0.5447508248508538,1.385508
1960,-1.3644592,0.033670965273754065,-1.3644592
1961,1.3951478,-0.7724432198499084,1.3951478
1962,-1.3999333,0.4711764407936437,-1.3999333
1963,-1.3772373,0.3309961732416323,-1.3772373
1964,1.374194,-0.1676209782850202,1.374194
1965,1.3735975,-0.36926910596789037,1.3735975
1966,-1.3958446,0.8254142880676965,-1.3958446
1967,1.4032853,-0.8654896363047604,1.4032853
1968,-1.3922037,0.6513285940742463,-1.3922037
1969,1.3944019,-0.7482792676944215,1.3944019
1970,-1.3848395,0.521469402613305,-1.3848395
1971,1.385087,-0.4635477377700384,1.385087
1972,-1.3779494,0.5296225477026371,-1.3779494
1973,1.3779292,-0.2834468000172394,1.3779292
1974,1.3785828,-0.6752186049773886,1.3785828
1975,-1.3706154,0.7348778332282189,-1.3706154
1976,-1.3994356,0.5237019555191526,-1.3994356
1977,-1.4003117,0.9251146088595038,-1.4003117
1978,1.4116168,-1.0047043746468367,1.4116168
1979,-1.3826039,0.32304266881834587,-1.3826039
1980,1.3779802,-0.6020996685131054,1.3779802
1981,-1.4051261,0.7887845089693967,-1.4051261
1982,1.37132,-0.3617019881580129,1.37132
1983,-1.4079511,0.7373346585961633,-1.4079511
1984,1.3947814,-0.6037249936568517,1.3947814
1985,-1.4228485,0.4715549810452382,-1.4228485
1986,-1.4144033,0.5331229821160143,-1.4144033
1987,1.3614043,-0.0619730434042081,1.3614043
1988,1.3614043,-0.0619730434042081,1.3614043
1989,-1.4005188,0.7610628733207595,-1.4005188
1990,1.3916287,-0.8288005126877954,1.3916287
1991,1.4224162,0.09930358286295948,1.4224162
1992,1.4224162,0.09930358286295948,1.4224162
1993,-1.4135253,-0.15106265899866558,-1.4135253
1994,-1.4135253,-0.15106265899866558,-1.4135253
1995,1.3879944,-0.5820668658755882,1.3879944
1996,-1.3818846,0.31372227759639126,-1.3818846
1997,-1.3660555,0.264830912793672,-1.3660555
1998,-1.4044689,0.8697318010444892,-1.4044689
1999,1.3904415,-0.7310410431759061,1.3904415
2000,1.4216146,0.03988594188057353,1.4216146
2001,1.4216146,0.03988594188057353,1.4216146
2002,1.3770527,-0.6355609957677899,1.3770527
2003,1.3642625,-0.1970675222454044,1.3642625
2004,1.3642625,-0.1970675222454044,1.3642625
2005,-1.3956445,0.4935227660546217,-1.3956445
2006,1.4002576,-0.8043650015482176,1.4002576
2007,1.3958105,-0.21036018404208648,1.3958105
2008,1.3814622,-0.7995866486143216,1.3814622
2009,1.3480471,0.18143239209828557,1.3480471
2010,1.3781171,-0.46169911811335274,1.3781171
2011,-1.3735806,0.2892807188347921,-1.3735806
2012,1.3798016,-0.6421455261902004,1.3798016
2013,-1.3998547,0.8528414764032435,-1.3998547
2014,1.393115,-0.7931538789547541,1.393115
2015,-1.3773109,0.6086787451341281,-1.3773109
2016,1.3773504,-0.24147348162166027,1.3773504
2017,-1.3740137,0.29057356374186477,-1.3740137
2018,-1.395131,0.5305580432960627,-1.395131
2019,1.4005178,-0.8846213125926061,1.4005178
2020,1.4175606,-0.5564402489629725,1.4175606
2021,1.382528,-0.3633323697655762,1.382528
2022,1.3762746,-0.501213270924119,1.3762746
2023,1.366722,-0.06053859500675456,1.366722
2024,1.376417,-0.4311340209641878,1.376417
2025,1.3931059,-0.7796371815881347,1.3931059
2026,-1.3915647,0.6258957471835145,-1.3915647
2027,-1.3918766,0.6593234944031634,-1.3918766
2028,1.394711,-0.7103730390624583,1.394711
2029,-1.3808564,0.7281546716988722,-1.3808564
2030,1.3772545,-0.240030497802627,1.3772545
2031,-1.4031664,0.6251049677423764,-1.4031664
2032,-1.4031664,0.6251049677423764,-1.4031664
2033,1.3757144,-0.611735812564792,1.3757144
2034,-1.3822184,0.9015537607915355,-1.3822184
2035,1.3994815,-0.6084905590560321,1.3994815
2036,-1.3918277,0.7424894390455928,-1.3918277
2037,-1.4066113,0.9265861516406848,-1.4066113
2038,1.3990711,-0.6448925813605789,1.3990711
2039,-1.3997204,0.9448823936116956,-1.3997204
2040,1.4015303,-0.9230956639526593,1.4015303
2041,-1.4002773,0.8870818274725685,-1.4002773
2042,1.4044367,-0.6985004918624109,1.4044367
2043,-1.3913633,0.3677877929539738,-1.3913633
2044,-1.3453451,0.009168569630072738,-1.3453451
2045,-1.3663862,0.24305045598945194,-1.3663862
2046,-1.3639637,0.16375273900110976,-1.3639637
2047,-1.4333842,0.98029224321006,-1.4333842
2048,1.4055042,-0.17228560300038975,1.4055042
2049,1.4055042,-0.17228560300038975,1.4055042
2050,-1.4056457,-0.026582846839357976,-1.4056457
2051,-1.4056457,-0.026582846839357976,-1.4056457
2052,-1.4386598,0.5340038482988672,-1.4386598
2053,-1.4386598,0.707134194121104,-1.4386598
2054,1.3858554,-0.42375674221894916,1.3858554
2055,-1.439886,0.5370592286797309,-1.439886
2056,1.378084,-0.27350833248815776,1.378084
2057,1.3767471,-0.3715252367903463,1.3767471
2058,1.382322,-0.758133713581113,1.382322
2059,1.4027574,-0.807578674442115,1.4027574
2060,-1.3947077,0.6702912687201145,-1.3947077
2061,-1.3890307,0.574372998817691,-1.3890307
2062,1.3898802,-0.6782692300895975,1.3898802
2063,-1.395711,0.8788043914114715,-1.395711
2064,1.406095,-0.8971357801248244,1.406095
2065,-1.3929511,0.6881106164741373,-1.3929511
2066,1.4002681,-0.9075101050380304,1.4002681
2067,-1.3531966,0.20016456945429106,-1.3531966
2068,-1.3736585,-0.0324845549451703,-1.3736585
2069,-1.3945333,0.6366850024995073,-1.3945333
2070,1.3977488,-0.5039731651651371,1.3977488
2071,-1.3938249,0.788745521663178,-1.3938249
2072,1.4050032,-0.9259312746199893,1.4050032
2073,-1.3942252,0.7886630845140565,-1.3942252
2074,1.3936588,-0.7092916412658138,1.3936588
2075,-1.364492,0.0931523229990469,-1.364492
2076,1.3795829,-0.7221578995934528,1.3795829
2077,-1.3773062,0.49615696865118364,-1.3773062
2078,1.3758643,-0.5557578697063282,1.3758643
2079,1.3782808,-0.7011694106251211,1.3782808
2080,-1.3782678,1.0874682070420527,-1.3782678
2081,1.3816411,-0.7610802145073868,1.3816411
2082,-1.3785254,0.5214408161740411,-1.3785254
2083,-1.3647578,0.18968747545684853,-1.3647578
2084,1.3728179,-0.2174982197854958,1.3728179
2085,-1.3956226,0.6348882007937064,-1.3956226
2086,1.4055679,-1.0007816214159369,1.4055679
2087,-1.3771507,0.33936966348923914,-1.3771507
2088,1.3780131,-0.6930164466376904,1.3780131
2089,1.414747,-0.019229627909486225,1.414747
2090,1.414747,-0.019229627909486225,1.414747
2091,1.4201794,-0.5040732734534876,1.4201794
2092,1.4149907,0.059370285833839756,1.4149907
2093,1.4149907,0.059370285833839756,1.4149907
2094,-1.3931897,0.8045107397830317,-1.3931897
2095,1.4005529,-0.9097587363143496,1.4005529
2096,1.3730508,-0.05871214002461897,1.3730508
2097,1.4587137,-0.04879375165594171,1.4587137
2098,1.4587137,-0.04879375165594171,1.4587137
2099,-1.3859813,0.4437885970508374,-1.3859813
2100,1.3406088,0.2955934358935725,1.3406088
2101,1.3406088,0.2955934358935725,1.3406088
2102,1.3640941,-0.09776015784430027,1.3640941
2103,1.3640941,-0.09776015784430027,1.3640941
2104,-1.3635359,0.07374297649783224,-1.3635359
2105,1.45905,0.1909110275725759,1.45905
2106,1.45905,0.1909110275725759,1.45905
2107,1.3744738,-0.3415483742754001,1.3744738
2108,1.378845,-0.45073262099288713,1.378845
2109,-1.3991731,0.7704129587781958,-1.3991731
2110,1.3950539,-0.5833764973035969,1.3950539
2111,-1.3965765,0.778610957628913,-1.3965765
2112,1.400916,-0.8755799339946575,1.400916
2113,1.4070913,-0.5680687783249891,1.4070913
2114,1.4109489,-0.4569150975678049,1.4109489
2115,1.3717849,-0.0840300109878519,1.3717849
2116,-1.3591236,0.20932887202972525,-1.3591236
2117,-1.369133,0.21409628015548526,-1.369133
2118,1.4034983,-0.6184960881002036,1.4034983
2119,-1.3941447,0.6728034469185338,-1.3941447
2120,1.412437,-0.40612764248365396,1.412437
2121,-1.4056642,0.6359958572096095,-1.4056642
2122,-1.4021785,0.37093929230351264,-1.4021785
2123,1.4231653,-0.3246354043851926,1.4231653
2124,-1.373747,0.20125821359182894,-1.373747
2125,1.383953,-0.6735759284456692,1.383953
2126,-1.3898733,0.4433845959973117,-1.3898733
2127,1.3780773,-0.40712705760552476,1.3780773
2128,-1.3795888,0.563000421437706,-1.3795888
2129,1.3594117,-0.05880817315267572,1.3594117
2130,1.3594117,-0.05880817315267572,1.3594117
2131,-1.3758552,0.39547298596645664,-1.3758552
2132,1.381049,-0.6260081791838986,1.381049
2133,1.3855277,-0.7725136172404128,1.3855277
2134,-1.3780876,0.3978741059360489,-1.3780876
2135,1.3790802,-0.9004380507329283,1.3790802
2136,-1.3710234,0.44677049632791155,-1.3710234
2137,1.3633816,0.058469555522408435,1.3633816
2138,-1.3721118,0.31770725098249786,-1.3721118
2139,-1.396525,0.5299606165934523,-1.396525
2140,1.396456,-0.9360324214461087,1.396456
2141,1.3589911,0.11990934071059699,1.3589911
2142,-1.3623949,0.16693104963223837,-1.3623949
2143,-1.3424299,0.1247718780737922,-1.3424299
2144,-1.3635443,0.2101847710645703,-1.3635443
2145,1.3675601,-0.18680135120416275,1.3675601
2146,1.3675601,-0.18680135120416275,1.3675601
2147,-1.3995444,0.7278165189096412,-1.3995444
2148,1.3933716,-0.5138156142990659,1.3933716
2149,-1.4057912,0.8224272178665216,-1.4057912
2150,1.3953385,-0.8425182796542616,1.3953385
2151,-1.4032894,0.6499949046496163,-1.4032894
2152,1.39965,-0.8531775395075586,1.39965
2153,1.4000762,-0.7471514697257177,1.4000762
2154,-1.3475404,0.132877742371443,-1.3475404
2155,-1.3678493,0.20854393591574233,-1.3678493
2156,-1.3584068,-0.0260869541618163,-1.3584068
2157,-1.3658564,0.051331499614432737,-1.3658564
2158,-1.3683995,0.07012240485865628,-1.3683995
2159,1.3642851,-0.16517603827800387,1.3642851
2160,1.3642851,-0.16517603827800387,1.3642851
2161,-1.3842481,0.36348730082888525,-1.3842481
2162,1.3758403,-0.4401074408902254,1.3758403
2163,-1.369548,0.1455946181594016,-1.369548
2164,-1.3675591,0.17712855893009768,-1.3675591
2165,-1.3686163,0.024860815198974127,-1.3686163
2166,-1.3780925,0.6892102456712462,-1.3780925
2167,-1.3950183,0.5551088423021231,-1.3950183
2168,1.3992797,-0.8298797760578313,1.3992797
2169,1.3823961,-0.31051216103836926,1.3823961
2170,-1.3775682,0.6692945954509143,-1.3775682
2171,-1.3069443,0.16300137124900754,-1.3069443
2172,1.4058809,-0.6787532624127992,1.4058809
2173,-1.3795595,0.44709615896794525,-1.3795595
2174,-1.3911011,0.38946072263392706,-1.3911011
2175,-1.3691763,0.1310170723591315,-1.3691763
2176,-1.3708508,0.3110926597734982,-1.3708508
2177,-1.3815386,0.5401286683693982,-1.3815386
2178,1.3812041,-0.5402306064930081,1.3812041
2179,-1.3694284,0.11713365297906515,-1.3694284
2180,-1.3675694,0.207345627532821,-1.3675694
2181,-1.366843,-0.012911695417557763,-1.366843
2182,-1.3927047,0.5372165509129487,-1.3927047
2183,1.4146179,0.19766898161998622,1.4146179
2184,1.4146179,0.19766898161998622,1.4146179
2185,-1.4229454,-0.2010756423167416,-1.4229454
2186,-1.4229454,-0.2010756423167416,-1.4229454
2187,-1.4341925,0.7414301678750509,-1.4341925
2188,1.4316282,-0.308080802752428,1.4316282
2189,-1.3642263,0.17293423652162043,-1.3642263
2190,-1.3743402,0.5701590560174273,-1.3743402
2191,-1.3780432,0.5259977534210278,-1.3780432
2192,1.3774835,-0.2726243747124937,1.3774835
2193,-1.3613367,0.14501155978136587,-1.3613367
2194,-1.3609061,0.2523588639776362,-1.3609061
2195,1.3729492,-0.1619431180628484,1.3729492
2196,-1.4135412,0.39704562996520054,-1.4135412
2197,1.3747226,-0.22392716428290077,1.3747226
2198,-1.3774261,0.17617779824054294,-1.3774261
2199,1.3768644,-0.08824377669318058,1.3768644
2200,-1.4076914,0.5144471849122518,-1.4076914
2201,1.4077507,-0.42720402817891595,1.4077507
2202,-1.3807662,0.32795653425345744,-1.3807662
2203,1.3737613,-0.2336191373991083,1.3737613
2204,-1.3810369,0.41936641376611855,-1.3810369
2205,1.377319,-0.6060999592199083,1.377319
2206,-1.4122285,0.6931559675250701,-1.4122285
2207,-1.3712643,0.36713994816866025,-1.3712643
2208,-1.3739896,0.23278434652345045,-1.3739896
2209,1.3608826,-0.011533214204225935,1.3608826
2210,1.4389921,-0.26793552673763377,1.4389921
2211,1.3757921,-0.29070845376151516,1.3757921
2212,-1.3774142,0.7523930783494915,-1.3774142
2213,1.3808103,-0.5162244518531192,1.3808103
2214,1.387557,-0.3990100996712498,1.387557
2215,-1.3468671,0.19632111730677657,-1.3468671
2216,-1.3693012,0.12320062719785146,-1.3693012
2217,-1.3668559,0.1998899380370152,-1.3668559
2218,1.3703444,-0.17624406831134876,1.3703444
2219,-1.3573391,0.053509616216756345,-1.3573391
2220,-1.3647817,-0.036026859283207,-1.3647817
2221,-1.395609,0.6755214604608187,-1.395609
2222,-1.3975893,0.5167545652740486,-1.3975893
2223,-1.3975893,0.5167545652740486,-1.3975893
2224,-1.3930179,0.5319844765389933,-1.3930179
2225,-1.4226152,0.6298293645930139,-1.4226152
2226,-1.4226152,0.6298293645930139,-1.4226152
2227,1.4190265,-0.525531043713279,1.4190265
2228,-1.3799598,0.48549541188580175,-1.3799598
2229,-1.3799598,0.48549541188580175,-1.3799598
2230,1.3692143,-0.0875919675355354,1.3692143
2231,-1.377542,0.25688334336816837,-1.377542
2232,1.3839035,-0.486365977657101,1.3839035
2233,1.4093487,-0.8914860779712859,1.4093487
2234,-1.3908604,0.6661935021748111,-1.3908604
2235,1.3790921,-0.48517983516319807,1.3790921
2236,-1.3789902,0.5079125279330069,-1.3789902
2237,-1.4413661,0.8093773149829475,-1.4413661
2238,-1.4413661,1.3118692544931119,-1.4413661
2239,-1.4413661,1.3118692544931119,-1.4413661
2240,1.441368,-1.0426124645876391,1.441368
2241,1.441368,-1.0426124645876391,1.441368
2242,1.441368,-1.0426124645876391,1.441368
2243,1.404322,-0.1234788044316692,1.404322
2244,1.404322,-0.1234788044316692,1.404322
2245,-1.3809391,0.11813012554861597,-1.3809391
2246,-1.3809391,0.11813012554861597,-1.3809391
2247,-1.3809391,0.11813012554861597,-1.3809391
2248,-1.3809391,0.11813012554861597,-1.3809391
2249,-1.3809391,0.11813012554861597,-1.3809391
2250,-1.3809391,0.11813012554861597,-1.3809391
2251,-1.3809391,0.11813012554861597,-1.3809391
2252,-1.3809391,-0.03687619370605234,-1.3809391
2253,-1.3809391,0.11813012554861597,-1.3809391
2254,-1.3809391,0.11813012554861597,-1.3809391
2255,-1.3809391,0.11813012554861597,-1.3809391
2256,-1.3809391,0.11813012554861597,-1.3809391
2257,-1.3809391,0.11813012554861597,-1.3809391
2258,-1.3809391,0.11813012554861597,-1.3809391
2259,-1.3809391,0.11813012554861597,-1.3809391
2260,-1.3809391,0.11813012554861597,-1.3809391
2261,-1.3809391,0.11813012554861597,-1.3809391
2262,-1.3809391,0.11813012554861597,-1.3809391
2263,-1.3809391,0.11813012554861597,-1.3809391
2264,-1.3809391,0.11813012554861597,-1.3809391
2265,-1.3809391,0.14566296150429817,-1.3809391
2266,-1.3809391,0.14566296150429817,-1.3809391
2267,1.3713709,-0.020479209741936864,1.3713709
2268,1.3713709,-0.020479209741936864,1.3713709
2269,1.3713709,-0.020479209741936864,1.3713709
2270,1.3713709,-0.020479209741936864,1.3713709
2271,1.3713709,-0.020479209741936864,1.3713709
2272,1.3713709,-0.020479209741936864,1.3713709
2273,1.3713709,-0.020479209741936864,1.3713709
2274,1.3713709,-0.020479209741936864,1.3713709
2275,1.3713709,-0.020479209741936864,1.3713709
2276,1.3713709,-0.020479209741936864,1.3713709
2277,1.3713709,-0.020479209741936864,1.3713709
2278,1.3713709,-0.020479209741936864,1.3713709
2279,1.3713709,0.06532582015192714,1.3713709
2280,1.3713709,-0.020479209741936864,1.3713709
2281,1.3713709,-0.020479209741936864,1.3713709
2282,1.3713709,-0.020479209741936864,1.3713709
2283,1.3713709,-0.020479209741936864,1.3713709
2284,1.3713709,-0.020479209741936864,1.3713709
2285,1.3713709,-0.020479209741936864,1.3713709
2286,-1.4081172,0.4527687581115617,-1.4081172
2287,-1.4081172,0.4527687581115617,-1.4081172
2288,-1.4081172,0.4527687581115617,-1.4081172
2289,-1.4081172,0.03751187332495594,-1.4081172
2290,-1.441646,0.7513119629964614,-1.441646
2291,-1.441646,0.7513119629964614,-1.441646
2292,1.441646,-0.9731197381069903,1.441646
2293,1.4317666,-0.5936896139076251,1.4317666
2294,1.4317666,-0.5936896139076251,1.4317666
2295,1.4317666,-0.5936896139076251,1.4317666
2296,-1.3677602,-0.011165443817560072,-1.3677602
2297,-1.4317671,0.4949369127898596,-1.4317671
2298,-1.3677602,-0.05231440188379475,-1.3677602
2299,-1.3677602,-0.05231440188379475,-1.3677602
2300,1.3520427,0.3400857823717107,1.3520427
2301,1.3520427,0.3400857823717107,1.3520427
2302,-1.3996469,0.09407479661133147,-1.3996469
2303,-1.3996469,0.09407479661133147,-1.3996469
2304,-1.3996469,0.09407479661133147,-1.3996469
2305,-1.3996469,0.09407479661133147,-1.3996469
2306,-1.3996469,0.09407479661133147,-1.3996469
2307,-1.3996469,0.09407479661133147,-1.3996469
2308,-1.3996469,0.09407479661133147,-1.3996469
2309,-1.3996469,0.09407479661133147,-1.3996469
2310,-1.3996469,0.09407479661133147,-1.3996469
2311,-1.3996469,0.0695693208304396,-1.3996469
2312,1.3996497,-0.02027954817230101,1.3996497
2313,1.3996497,-0.02027954817230101,1.3996497
2314,1.3996497,-0.1278665377458534,1.3996497
2315,1.3996497,-0.02027954817230101,1.3996497
2316,1.3996497,-0.02027954817230101,1.3996497
2317,1.3996497,-0.1278665377458534,1.3996497
2318,-1.3855972,-0.13390399895099991,-1.3855972
2319,-1.3855972,-0.13390399895099991,-1.3855972
2320,-1.3855972,-0.13390399895099991,-1.3855972
2321,-1.3855972,-0.13390399895099991,-1.3855972
2322,-1.3855972,-0.13390399895099991,-1.3855972
2323,-1.3855972,-0.036718116839893955,-1.3855972
2324,-1.3855972,-0.036718116839893955,-1.3855972
2325,-1.3855972,-0.036718116839893955,-1.3855972
2326,1.3745108,0.05976307876688003,1.3745108
2327,1.3745108,0.05976307876688003,1.3745108
2328,1.3745108,0.05976307876688003,1.3745108
2329,1.3745108,0.05976307876688003,1.3745108
2330,1.3745108,0.05976307876688003,1.3745108
2331,-1.3855972,-0.036718116839893955,-1.3855972
2332,-1.3855972,-0.036718116839893955,-1.3855972
2333,-1.3687173,-0.014412134418170795,-1.3687173
2334,-1.3775822,0.044094441977659035,-1.3775822
2335,1.4301594,-0.6650516280313422,1.4301594
2336,1.4301594,-0.5849605167765008,1.4301594
2337,1.4301594,-0.5849605167765008,1.4301594
2338,-1.4301594,0.7819583411276986,-1.4301594
2339,-1.4301594,0.7819583411276986,-1.4301594
2340,-1.4301594,0.7819583411276986,-1.4301594
2341,1.4355867,-0.6466013433522292,1.4355867
2342,1.3763835,0.013302374690637045,1.3763835
2343,1.3763835,0.013302374690637045,1.3763835
2344,1.3763835,0.013302374690637045,1.3763835
2345,1.3763835,0.013302374690637045,1.3763835
2346,1.3763835,0.013302374690637045,1.3763835
2347,-1.376383,0.062039383519414626,-1.376383
2348,-1.376383,0.062039383519414626,-1.376383
2349,-1.376383,0.062039383519414626,-1.376383
2350,-1.376383,0.062039383519414626,-1.376383
2351,-1.3724977,0.18797337706745226,-1.3724977
2352,-1.3724977,0.17151273440409323,-1.3724977
2353,-1.3724977,0.18797337706745226,-1.3724977
2354,-1.3724977,0.18797337706745226,-1.3724977
2355,1.3724992,-0.14198445971148319,1.3724992
2356,1.3724992,-0.14198445971148319,1.3724992
2357,-1.3621143,-0.020214189025462733,-1.3621143
2358,-1.3621143,-0.020214189025462733,-1.3621143
2359,1.384833,-0.04270596121298127,1.384833
2360,1.384833,-0.04270596121298127,1.384833
2361,1.384833,-0.04270596121298127,1.384833
2362,1.384833,-0.04270596121298127,1.384833
2363,1.384833,-0.04270596121298127,1.384833
2364,-1.3715096,0.19354243396335896,-1.3715096
2365,-1.3715096,0.19354243396335896,-1.3715096
2366,-1.3807945,-0.12219063961702199,-1.3807945
2367,-1.3807945,-0.12219063961702199,-1.3807945
2368,-1.3807945,-0.12219063961702199,-1.3807945
2369,-1.3807945,-0.12219063961702199,-1.3807945
2370,-1.3807945,-0.12219063961702199,-1.3807945
2371,-1.3807945,-0.12219063961702199,-1.3807945
2372,-1.3807945,-0.12219063961702199,-1.3807945
2373,1.3809754,-0.1010453366224702,1.3809754
2374,1.3809754,-0.1010453366224702,1.3809754
2375,1.3809754,-0.1010453366224702,1.3809754
2376,1.3807937,0.08647951327410754,1.3807937
2377,1.3807937,0.08647951327410754,1.3807937
2378,1.3807937,0.08647951327410754,1.3807937
2379,1.3807937,0.08647951327410754,1.3807937
2380,1.3807937,0.08647951327410754,1.3807937
2381,1.3713365,0.0165633791307454,1.3713365
2382,-1.3808544,0.07748043961190164,-1.3808544
2383,1.4299483,-0.43152433824147973,1.4299483
2384,1.4414867,-0.7909814430466601,1.4414867
2385,1.3655698,-0.10108293955876459,1.3655698
2386,1.3655698,-0.10108293955876459,1.3655698
2387,1.3655698,-0.10108293955876459,1.3655698
2388,1.3655698,-0.06913997210478658,1.3655698
2389,1.3655698,-0.10108293955876459,1.3655698
2390,1.3655698,-0.10108293955876459,1.3655698
2391,1.3655698,-0.10108293955876459,1.3655698
2392,1.3655698,-0.06913997210478658,1.3655698
2393,1.3655698,-0.10108293955876459,1.3655698
2394,1.3655698,-0.10108293955876459,1.3655698
2395,1.3655698,-0.10108293955876459,1.3655698
2396,1.3655698,-0.10108293955876459,1.3655698
2397,1.3655698,-0.10108293955876459,1.3655698
2398,1.3655698,-0.10108293955876459,1.3655698
2399,1.3655698,-0.10108293955876459,1.3655698
2400,-1.3655688,0.3179675960796566,-1.3655688
2401,-1.3655688,0.3179675960796566,-1.3655688
2402,-1.3655688,0.3950458969709184,-1.3655688
2403,-1.3655688,0.3950458969709184,-1.3655688
2404,-1.3655688,0.3950458969709184,-1.3655688
2405,-1.3655688,0.3950458969709184,-1.3655688
2406,-1.3655688,0.3950458969709184,-1.3655688
2407,-1.3655688,0.3179675960796566,-1.3655688
2408,-1.3655688,0.3179675960796566,-1.3655688
2409,-1.3655688,0.3179675960796566,-1.3655688
2410,-1.3655688,0.3950458969709184,-1.3655688
2411,-1.3655688,0.3950458969709184,-1.3655688
2412,-1.3655688,0.3950458969709184,-1.3655688
2413,-1.3655688,0.3950458969709184,-1.3655688
2414,-1.3655688,0.3950458969709184,-1.3655688
2415,1.3679531,-0.02785191956424397,1.3679531
2416,-1.3698,0.006428250055605371,-1.3698
2417,-1.3698,-0.04118471262712847,-1.3698
2418,-1.3698,-0.04118471262712847,-1.3698
2419,-1.3698,-0.04118471262712847,-1.3698
2420,-1.3698,-0.04118471262712847,-1.3698
2421,-1.4173192,0.10409888820405741,-1.4173192
2422,-1.4173192,0.10409888820405741,-1.4173192
2423,1.4173164,-0.03917256215270038,1.4173164
2424,1.4173164,-0.03917256215270038,1.4173164
2425,1.4173164,-0.03917256215270038,1.4173164
2426,-1.4251617,0.25264849735234984,-1.4251617
2427,1.3881832,-0.46101112456699156,1.3881832
2428,1.3881832,-0.13687088476384113,1.3881832
2429,-1.3881822,0.30372059945449914,-1.3881822
2430,-1.3881822,0.30372059945449914,-1.3881822
2431,1.2974023,0.20849294095623605,1.2974023
2432,1.2974023,0.35778743853275163,1.2974023
2433,1.2974023,0.18711049687570117,1.2974023
2434,1.2974023,0.18711049687570117,1.2974023
2435,1.367681,0.42471151334692564,1.367681
2436,1.4284917,-0.551449535978263,1.4284917
2437,1.3709505,0.09095703328365168,1.3709505
2438,-1.3720442,0.026507723288095766,-1.3720442
2439,-1.3805296,0.08052030913349141,-1.3805296
2440,-1.3805296,0.08052030913349141,-1.3805296
2441,-1.3805296,0.08052030913349141,-1.3805296
2442,-1.3805296,0.08052030913349141,-1.3805296
2443,-1.3805296,0.08052030913349141,-1.3805296
2444,-1.3805296,0.08052030913349141,-1.3805296
2445,-1.3805296,0.08052030913349141,-1.3805296
2446,-1.3805296,0.08052030913349141,-1.3805296
2447,1.3805302,-0.04520976487896199,1.3805302
2448,1.3805302,-0.04520976487896199,1.3805302
2449,1.3805302,-0.04520976487896199,1.3805302
2450,1.3805302,-0.04520976487896199,1.3805302
2451,1.3805302,-0.04520976487896199,1.3805302
2452,1.3805302,-0.04520976487896199,1.3805302
2453,1.3442434,0.20088708813278192,1.3442434
2454,-1.3854408,-0.014949934934334231,-1.3854408
2455,-1.3854408,-0.014949934934334231,-1.3854408
2456,-1.3854408,-0.014949934934334231,-1.3854408
2457,1.3802625,0.1703520821477125,1.3802625
2458,1.385413,0.035317161094723507,1.385413
2459,1.385413,0.035317161094723507,1.385413
2460,1.385413,0.035317161094723507,1.385413
2461,1.3855991,0.09836231320932975,1.3855991
2462,-1.3744657,0.029508924140360132,-1.3744657
2463,-1.3854408,-0.014949934934334231,-1.3854408
2464,-1.3744657,0.029508924140360132,-1.3744657
2465,-1.373139,0.10410587682857796,-1.373139
2466,-1.3493494,0.20427473204759014,-1.3493494
2467,-1.3494521,0.11318029264662319,-1.3494521
2468,-1.4316245,0.782815833212628,-1.4316245
2469,1.6140195,-0.970716850560208,1.6140195
2470,-1.3704442,0.04941215357434352,-1.3704442
2471,-1.3704442,0.04941215357434352,-1.3704442
2472,-1.3704442,0.04941215357434352,-1.3704442
2473,-1.4378867,0.8328522348876028,-1.4378867
2474,1.4405537,-0.5667579236781023,1.4405537
2475,-1.3818153,-0.11612204446935939,-1.3818153
2476,-1.3818153,-0.11612204446935939,-1.3818153
2477,-1.3818153,-0.0241740167159294,-1.3818153
2478,-1.3818153,-0.11612204446935939,-1.3818153
2479,1.3813362,-0.41310615373951604,1.3813362
2480,1.3813362,-0.41310615373951604,1.3813362
2481,1.3813362,-0.41310615373951604,1.3813362
2482,1.381815,-0.03621179471583503,1.381815
2483,1.381815,-0.03621179471583503,1.381815
2484,1.381815,-0.03621179471583503,1.381815
2485,1.381815,-0.03621179471583503,1.381815
2486,1.4313886,-0.9463421647533441,1.4313886
2487,1.4426355,-0.6608203855650167,1.4426355
2488,-1.3813372,0.16075189639671947,-1.3813372
2489,-1.3813372,0.16075189639671947,-1.3813372
2490,1.3670859,-0.09803145555485183,1.3670859
2491,1.3670859,-0.09803145555485183,1.3670859
2492,1.3663087,0.12022367696019388,1.3663087
2493,1.431824,-0.7462088072870328,1.431824
2494,-1.4312197,0.7805367730803742,-1.4312197
2495,1.426856,-0.5059566930365269,1.426856
2496,-1.4007428,-0.08833263075133993,-1.4007428
2497,-1.4007428,-0.08833263075133993,-1.4007428
2498,-1.4007428,-0.08833263075133993,-1.4007428
2499,1.4007444,-0.06805921712459433,1.4007444
2500,1.4007444,-0.06805921712459433,1.4007444
2501,-1.3992718,-0.09026330266086256,-1.3992718
2502,-1.3992718,-0.09026330266086256,-1.3992718
2503,-1.4000912,0.17263405769798817,-1.4000912
2504,-1.3866507,-0.04774335229976591,-1.3866507
2505,-1.3866507,-0.04774335229976591,-1.3866507
2506,-1.3866507,-0.04774335229976591,-1.3866507
2507,1.38665,0.052907901409092836,1.38665
2508,1.38665,0.052907901409092836,1.38665
2509,1.3862107,0.1304335570817371,1.3862107
2510,1.3855623,0.25422847345545097,1.3855623
2511,1.3855623,0.25422847345545097,1.3855623
2512,-1.3866507,-0.04774335229976591,-1.3866507
2513,-1.3748784,0.15375876368593958,-1.3748784
2514,-1.3693609,0.035781897539843274,-1.3693609
2515,-1.3683684,0.050094857526564396,-1.3683684
2516,-1.3608967,0.15687702921236646,-1.3608967
2517,1.3680731,0.16314083598910908,1.3680731
2518,1.3724519,0.017597740452332963,1.3724519
2519,-1.377452,0.1695775433671044,-1.377452
2520,-1.3808734,-0.10715277321289074,-1.3808734
2521,-1.4354345,0.47577917161564637,-1.4354345
2522,1.376003,-0.07737435656167607,1.376003
2523,-1.3762066,0.10965978867731928,-1.3762066
2524,-1.3802105,0.12148854186185837,-1.3802105
2525,-1.3620585,0.06130539846272305,-1.3620585
2526,1.3734183,-0.21889205903384326,1.3734183
2527,-1.3723439,0.09306604650726293,-1.3723439
2528,-1.3723439,0.0418185803874907,-1.3723439
2529,-1.3725421,0.03669902737488555,-1.3725421
2530,-1.3725421,0.05334615749818229,-1.3725421
2531,1.3724622,0.01211451523171541,1.3724622
2532,1.3724622,-0.15698861602174624,1.3724622
2533,-1.3723812,0.06018156364980263,-1.3723812
2534,-1.3723812,0.12509830221370535,-1.3723812
2535,-1.3846742,-0.08798344098889574,-1.3846742
2536,-1.3846742,-0.08798344098889574,-1.3846742
2537,-1.4417418,0.7842130401211741,-1.4417418
2538,1.4417462,-0.7489077347511244,1.4417462
2539,-1.3714827,0.07452472767777817,-1.3714827
2540,-1.380767,0.12484914853562863,-1.380767
2541,1.3808084,-0.10472694766999416,1.3808084
2542,1.3808084,-0.10472694766999416,1.3808084
2543,1.3810562,0.10806750930029858,1.3810562
2544,1.3675157,0.07029714649804318,1.3675157
2545,-1.3657596,0.15838418902132162,-1.3657596
2546,1.3696831,0.0886858217146063,1.3696831
2547,-1.3681017,0.21856218409774028,-1.3681017
2548,-1.3681017,0.21856218409774028,-1.3681017
2549,-1.3681017,0.21856218409774028,-1.3681017
2550,1.3654424,0.14681448163195407,1.3654424
2551,1.3654424,0.14681448163195407,1.3654424
2552,1.3654424,0.14681448163195407,1.3654424
2553,1.3654424,0.07961644611241209,1.3654424
2554,1.365519,0.11686861450364204,1.365519
2555,1.365519,0.11686861450364204,1.365519
2556,-1.3654959,0.13874929128741598,-1.3654959
2557,1.3656799,0.16124294144390033,1.3656799
2558,1.3656799,0.16124294144390033,1.3656799
2559,1.3656799,0.18038155347798543,1.3656799
2560,-1.3654395,0.14670347437779638,-1.3654395
2561,-1.3654395,0.17937579329076989,-1.3654395
2562,1.3647214,0.13423484611875108,1.3647214
2563,-1.3687134,0.07046015987550945,-1.3687134
2564,1.365494,0.15681908446965925,1.365494
2565,-1.3656813,0.03895595701669277,-1.3656813
2566,-1.3656813,0.03895595701669277,-1.3656813
2567,1.4114243,-0.13734560778520347,1.4114243
2568,1.4114243,-0.13734560778520347,1.4114243
2569,-1.3064439,0.18162697768776848,-1.3064439
2570,-1.3880484,0.17747516337002806,-1.3880484
2571,-1.3880484,0.17747516337002806,-1.3880484
2572,-1.3815081,0.10196629757682987,-1.3815081
2573,-1.3815081,0.10196629757682987,-1.3815081
2574,1.3814998,-0.41581478795296867,1.3814998
2575,1.3814998,-0.41581478795296867,1.3814998
2576,1.3814998,-0.41581478795296867,1.3814998
2577,1.3882364,-0.33319405622471343,1.3882364
2578,1.3882364,-0.23658674490182724,1.3882364
2579,1.388046,-0.639688796233168,1.388046
2580,-1.4316491,0.70487031634696,-1.4316491
2581,1.4316107,-0.4184758234565758,1.4316107
2582,1.4295566,-0.510675319390106,1.4295566
2583,-1.3995154,0.01418907526707267,-1.3995154
2584,-1.3995154,0.01418907526707267,-1.3995154
2585,-1.3805904,0.18269708410962324,-1.3805904
2586,-1.3805904,0.18269708410962324,-1.3805904
2587,-1.3805904,0.18269708410962324,-1.3805904
2588,-1.3805904,0.18269708410962324,-1.3805904
2589,1.3805912,-0.12420911388006575,1.3805912
2590,1.3803881,0.018587122265547023,1.3803881
2591,1.3803881,0.018587122265547023,1.3803881
2592,1.3803881,0.018587122265547023,1.3803881
2593,-1.380492,0.059269690509914784,-1.380492
2594,-1.380492,0.059269690509914784,-1.380492
2595,-1.380492,0.059269690509914784,-1.380492
2596,-1.380492,0.059269690509914784,-1.380492
2597,-1.3340507,0.09466003718052729,-1.3340507
2598,-1.3803598,0.2645660878075216,-1.3803598
2599,-1.3803598,0.2645660878075216,-1.3803598
2600,-1.3803598,0.2645660878075216,-1.3803598
2601,-1.3803598,0.2645660878075216,-1.3803598
2602,-1.3803598,0.2645660878075216,-1.3803598
2603,1.3803093,-0.16839770884986663,1.3803093
2604,1.3803093,-0.16839770884986663,1.3803093
2605,1.3803093,-0.16839770884986663,1.3803093
2606,1.3803093,-0.16839770884986663,1.3803093
2607,1.3769622,-0.01285300260309429,1.3769622
2608,-1.3769616,-0.1944653417688546,-1.3769616
2609,1.3684933,0.1604176570639308,1.3684933
2610,-1.3814514,0.03842732604504636,-1.3814514
2611,1.3807421,-0.1900592517781777,1.3807421
2612,-1.3804879,0.2759192300910644,-1.3804879
2613,-1.3837906,0.19567567795818805,-1.3837906
2614,-1.3791071,0.27617579387951974,-1.3791071
2615,-1.3791071,0.27617579387951974,-1.3791071
2616,-1.3791071,0.27617579387951974,-1.3791071
2617,-1.3891404,-0.047884772557055096,-1.3891404
2618,1.404996,-0.19182149501740828,1.404996
2619,1.404996,-0.3112993105350689,1.404996
2620,-1.3811361,-0.1290044740544374,-1.3811361
2621,-1.3811361,-0.1290044740544374,-1.3811361
2622,-1.3811361,0.04185172470206503,-1.3811361
2623,-1.3811361,-0.1290044740544374,-1.3811361
2624,-1.3811361,-0.1290044740544374,-1.3811361
2625,-1.3811361,-0.1290044740544374,-1.3811361
2626,-1.3811361,-0.1290044740544374,-1.3811361
2627,-1.3811361,0.04185172470206503,-1.3811361
2628,-1.3811361,-0.1290044740544374,-1.3811361
2629,-1.3811361,-0.1290044740544374,-1.3811361
2630,-1.3811361,-0.1290044740544374,-1.3811361
2631,-1.3811361,-0.1290044740544374,-1.3811361
2632,-1.3811361,-0.1290044740544374,-1.3811361
2633,-1.3811361,-0.1290044740544374,-1.3811361
2634,1.3805712,0.12318355132311563,1.3805712
2635,1.3805712,0.12318355132311563,1.3805712
2636,1.3805712,0.12318355132311563,1.3805712
2637,1.3805712,0.12318355132311563,1.3805712
2638,1.3805712,0.12318355132311563,1.3805712
2639,1.3805712,0.12318355132311563,1.3805712
2640,-1.4412652,0.8736933109899655,-1.4412652
2641,1.4304588,-0.8753441615703526,1.4304588
2642,-1.3713409,0.03482208123224494,-1.3713409
2643,-1.3713409,0.03482208123224494,-1.3713409
2644,-1.3713409,0.03482208123224494,-1.3713409
2645,-1.3713409,0.03482208123224494,-1.3713409
2646,1.3795485,0.11283184768094065,1.3795485
2647,1.3795485,0.11283184768094065,1.3795485
2648,1.3795485,0.11283184768094065,1.3795485
2649,1.3795485,0.11283184768094065,1.3795485
2650,-1.3884708,0.01976496970111572,-1.3884708
2651,1.3884722,0.09062602196996251,1.3884722
2652,1.3884722,0.09062602196996251,1.3884722
2653,1.3884722,0.09062602196996251,1.3884722
2654,-1.396083,0.48797994929033145,-1.396083
2655,-1.3853636,-0.06263805997461455,-1.3853636
2656,1.4311725,-0.4561020406391567,1.4311725
2657,1.3807628,-0.10973190574333995,1.3807628
2658,1.3807628,-0.10973190574333995,1.3807628
2659,-1.3717117,-0.10766971894742433,-1.3717117
2660,-1.3717117,-0.10766971894742433,-1.3717117
2661,-1.4376973,0.6093741868415117,-1.4376973
2662,-1.3655552,0.24486374078996778,-1.3655552
2663,1.365556,-0.11383991660067974,1.365556
2664,1.365556,-0.1406805650669712,1.365556
2665,1.365556,-0.11383991660067974,1.365556
2666,1.365556,-0.1406805650669712,1.365556
2667,1.3655837,0.024023336155311735,1.3655837
2668,1.4310107,-0.6079212549983781,1.4310107
2669,1.4299434,-0.7061971459870637,1.4299434
2670,-1.4316838,0.6110110332884133,-1.4316838
2671,1.4317756,-0.711621780274994,1.4317756
2672,1.4317756,-0.711621780274994,1.4317756
2673,1.4317756,-0.711621780274994,1.4317756
2674,1.4346251,-0.776349646274209,1.4346251
2675,1.351282,-0.001309792963710294,1.351282
2676,1.3677295,-0.17629648195511022,1.3677295
2677,-1.3688604,0.07640218558966472,-1.3688604
2678,1.431752,-0.7626043884908063,1.431752
2679,-1.3893943,0.08688311499303432,-1.3893943
2680,-1.3992963,0.22253883030637148,-1.3992963
2681,-1.3992963,0.22253883030637148,-1.3992963
2682,-1.3992963,0.22253883030637148,-1.3992963
2683,-1.3992963,0.22253883030637148,-1.3992963
2684,-1.3992963,0.22253883030637148,-1.3992963
2685,-1.3992963,0.22253883030637148,-1.3992963
2686,1.4000027,-0.09987649708168449,1.4000027
2687,1.4000027,-0.09987649708168449,1.4000027
2688,1.4000027,-0.2383633094583944,1.4000027
2689,-1.3981141,0.02389382807743591,-1.3981141
2690,1.3873571,-0.31876871136935203,1.3873571
2691,-1.399505,-0.006901217214787362,-1.399505
2692,1.4000002,-0.21820690500634943,1.4000002
2693,-1.639133,0.36175880634556923,-1.639133
2694,1.6391311,-0.6251618728656292,1.6391311
2695,1.3773386,0.03945671382763444,1.3773386
2696,1.3678403,0.14739099814063625,1.3678403
2697,-1.3733968,0.1604885766440303,-1.3733968
2698,-1.3733968,0.16630810754177114,-1.3733968
2699,-1.3726584,0.14336167647183917,-1.3726584
2700,-1.3726584,0.07801601109934764,-1.3726584
2701,-1.3724529,0.34425962612075517,-1.3724529
2702,-1.3852644,-0.0788892008064113,-1.3852644
2703,-1.3852644,-0.0788892008064113,-1.3852644
2704,-1.3852644,-0.0788892008064113,-1.3852644
2705,-1.3857244,0.07321776325572694,-1.3857244
2706,1.3841648,0.19384467019500987,1.3841648
2707,1.3841648,0.19384467019500987,1.3841648
2708,1.374955,-0.04566312074577354,1.374955
2709,1.374955,-0.04566312074577354,1.374955
2710,1.374955,-0.04566312074577354,1.374955
2711,-1.3852644,-0.0721054287175842,-1.3852644
2712,-1.3857244,0.07321776325572694,-1.3857244
2713,-1.3811585,0.0735372006220973,-1.3811585
2714,1.3811584,-0.01078846248561119,1.3811584
2715,-1.6374518,0.3771401255580929,-1.6374518
2716,1.385761,-0.4050358754080739,1.385761
2717,-1.3889592,-0.15861521855907762,-1.3889592
2718,1.3661635,-0.005936098172824989,1.3661635
2719,-1.3470912,0.07352161646326195,-1.3470912
2720,-1.3661604,0.2755509740256873,-1.3661604
2721,-1.3661604,0.2755509740256873,-1.3661604
2722,-1.3641977,0.1588251060370729,-1.3641977
2723,-1.3649025,0.1508967171314455,-1.3649025
2724,-1.3649025,0.24125135145212512,-1.3649025
2725,-1.3776416,0.09698556652708572,-1.3776416
2726,1.298448,0.3329946200248661,1.298448
2727,1.298448,0.3329946200248661,1.298448
2728,-1.3890613,0.06623267414882132,-1.3890613
2729,-1.3890613,0.06623267414882132,-1.3890613
2730,1.4319782,-0.5969813548497437,1.4319782
2731,1.4319782,-0.5969813548497437,1.4319782
2732,1.4319782,-0.5571171117859913,1.4319782
2733,1.4319782,-0.5969813548497437,1.4319782
2734,1.4319782,-0.5969813548497437,1.4319782
2735,1.4319782,-0.5969813548497437,1.4319782
2736,1.4319782,-0.5969813548497437,1.4319782
2737,1.4319782,-0.5969813548497437,1.4319782
2738,1.4319782,-0.5969813548497437,1.4319782
2739,1.4319782,-0.5571171117859913,1.4319782
2740,1.4319782,-0.5571171117859913,1.4319782
2741,1.4319782,-0.5969813548497437,1.4319782
2742,1.4319782,-0.5969813548497437,1.4319782
2743,1.4319782,-0.5969813548497437,1.4319782
2744,1.4319782,-0.5969813548497437,1.4319782
2745,-1.3676671,0.05595692860044146,-1.3676671
2746,-1.3676671,0.05595692860044146,-1.3676671
2747,1.3676679,0.0927842433665445,1.3676679
2748,-1.4318534,0.5741867795629737,-1.4318534
2749,-1.3683794,0.056030648021326616,-1.3683794
2750,-1.3675494,-0.06238372539739671,-1.3675494
2751,-1.356776,0.17443811075946536,-1.356776
2752,1.4316527,-0.846000556604824,1.4316527
2753,1.4310508,-0.5409360017091698,1.4310508
2754,1.3818192,-0.04538348496371612,1.3818192
2755,1.3818192,-0.04538348496371612,1.3818192
2756,1.3818192,-0.04538348496371612,1.3818192
2757,1.3818192,-0.04538348496371612,1.3818192
2758,1.3802861,-0.18904327588064188,1.3802861
2759,1.3802861,-0.18904327588064188,1.3802861
2760,-1.3818194,0.09227354565201473,-1.3818194
2761,-1.3818194,0.09227354565201473,-1.3818194
2762,-1.3818194,0.09227354565201473,-1.3818194
2763,-1.3818194,0.09227354565201473,-1.3818194
2764,-1.3806281,0.008723640274172141,-1.3806281
2765,-1.3806281,0.008723640274172141,-1.3806281
2766,-1.3806281,0.008723640274172141,-1.3806281
2767,-1.3856263,-0.1758663512460269,-1.3856263
2768,1.3812758,-0.27384463693803723,1.3812758
2769,1.3812758,-0.27384463693803723,1.3812758
2770,1.3812758,-0.27384463693803723,1.3812758
2771,1.3812758,-0.27384463693803723,1.3812758
2772,-1.3817261,0.11257499252632522,-1.3817261
2773,-1.3817261,0.11257499252632522,-1.3817261
2774,-1.3817261,0.11257499252632522,-1.3817261
2775,-1.3817261,0.11257499252632522,-1.3817261
2776,-1.3817261,0.11257499252632522,-1.3817261
2777,-1.3817261,0.11257499252632522,-1.3817261
2778,-1.3817261,0.11257499252632522,-1.3817261
2779,-1.3817261,0.11257499252632522,-1.3817261
2780,-1.3817261,0.11257499252632522,-1.3817261
2781,1.3817266,0.05157838375631058,1.3817266
2782,1.3817266,0.05157838375631058,1.3817266
2783,1.3817266,0.05157838375631058,1.3817266
2784,1.3817266,0.05157838375631058,1.3817266
2785,1.3817266,0.05157838375631058,1.3817266
2786,1.3809168,-0.08092957993293443,1.3809168
2787,1.3809168,-0.08092957993293443,1.3809168
2788,1.3809168,-0.08092957993293443,1.3809168
2789,-1.3812767,0.07707007309141801,-1.3812767
2790,-1.3812767,0.07707007309141801,-1.3812767
2791,-1.3812767,0.07707007309141801,-1.3812767
2792,1.37825,0.008693715717991409,1.37825
2793,1.3811585,0.13682558857088198,1.3811585
2794,1.4425386,-0.7431105170255642,1.4425386
2795,-1.441443,1.1917423052221217,-1.441443
2796,1.3678323,0.3593935591420347,1.3678323
2797,1.4317325,-0.4282474570670308,1.4317325
2798,-1.4315525,0.6802550998637074,-1.4315525
2799,-1.3878441,0.3154938798311663,-1.3878441
2800,1.3996967,-0.16052482017982103,1.3996967
2801,1.3996967,-0.16052482017982103,1.3996967
2802,-1.3996228,-0.025243077713233184,-1.3996228
2803,-1.3996228,-0.025243077713233184,-1.3996228
2804,-1.3996228,-0.025243077713233184,-1.3996228
2805,-1.3996228,-0.025243077713233184,-1.3996228
2806,1.4415767,-0.67452017049087,1.4415767
2807,1.4338473,-0.5387338594616542,1.4338473
2808,-1.3901397,0.09728377210561005,-1.3901397
2809,-1.3865736,-0.2197688862725359,-1.3865736
2810,-1.3865736,-0.2197688862725359,-1.3865736
2811,1.3865737,0.15953662618337222,1.3865737
2812,1.3865737,0.15953662618337222,1.3865737
2813,1.3856097,0.3473402307819367,1.3856097
2814,1.3856097,0.3473402307819367,1.3856097
2815,1.3856097,0.3473402307819367,1.3856097
2816,1.3857456,0.19610365987177095,1.3857456
2817,-1.3746992,-0.042061520759750004,-1.3746992
2818,1.3752503,-0.06754632616341791,1.3752503
2819,1.3858044,0.11958672379638631,1.3858044
2820,-1.3865736,-0.2197688862725359,-1.3865736
2821,1.4149646,-0.37792219783139547,1.4149646
2822,-1.3999125,0.1839734375724906,-1.3999125
2823,-1.3469893,0.04065961190449814,-1.3469893
2824,-1.3469893,0.04065961190449814,-1.3469893
2825,-1.3692499,0.0402976487360028,-1.3692499
2826,1.3692473,0.18776088125179324,1.3692473
2827,-1.3868831,-0.1998617216931935,-1.3868831
2828,-1.3858095,0.12942082618441067,-1.3858095
2829,-1.4311916,0.8801980961065173,-1.4311916
2830,1.3661988,0.12023457253743587,1.3661988
2831,-1.3661968,0.1338758064645822,-1.3661968
2832,-1.2987268,0.19446159365319585,-1.2987268
2833,1.3893008,-0.2482172273532317,1.3893008
2834,-1.3878381,0.1288072687284491,-1.3878381
2835,1.38068,0.22086033971483215,1.38068
2836,-1.3458052,-0.03804684149685316,-1.3458052
2837,1.3459353,0.14270809539355228,1.3459353
2838,-1.3959888,0.1356588474152558,-1.3959888
2839,1.3654578,0.07120902956297803,1.3654578
2840,1.3654578,0.07120902956297803,1.3654578
2841,1.3598977,0.05943908572725694,1.3598977
2842,-1.4300765,0.626909339531977,-1.4300765
2843,-1.4300765,0.626909339531977,-1.4300765
2844,-1.4319304,0.4542062642768012,-1.4319304
2845,-1.4308295,0.4155124154688261,-1.4308295
2846,1.4189644,-0.2897803691647525,1.4189644
2847,1.4361956,-0.7233052370309255,1.4361956
2848,-1.4387989,0.39213912133284945,-1.4387989
2849,-1.4361936,0.5235635963827477,-1.4361936
2850,-1.4355414,0.27858589523623045,-1.4355414
2851,1.3701292,0.0454767701141116,1.3701292
2852,-1.3458709,0.14037107545353036,-1.3458709
2853,1.3459011,0.20262444343480174,1.3459011
2854,-1.3696808,0.025126169220008515,-1.3696808
2855,1.4284493,-0.4792901833298646,1.4284493
2856,1.438799,-0.3267989439800358,1.438799
2857,1.4181415,-0.580818090267546,1.4181415
2858,1.4319314,-0.5159771074426959,1.4319314
2859,1.3883126,-0.2571344209034032,1.3883126
2860,1.3883126,-0.21758943378059925,1.3883126
2861,-1.3811302,0.5531428796841557,-1.3811302
2862,-1.3811302,0.5531428796841557,-1.3811302
2863,1.3768566,0.056081492836651634,1.3768566
2864,1.3768566,0.056081492836651634,1.3768566
2865,1.3768566,0.05995600383571474,1.3768566
2866,1.3993531,-0.26831484049174764,1.3993531
2867,1.3797077,0.17458347481866082,1.3797077
2868,-1.3702354,0.10512125872242974,-1.3702354
2869,1.3723187,0.10577908914914819,1.3723187
2870,1.3723187,-0.012669654570391105,1.3723187
2871,1.3723187,0.10577908914914819,1.3723187
2872,1.3803304,-0.05605558384644507,1.3803304
2873,1.3803304,-0.05605558384644507,1.3803304
2874,1.3803304,-0.05605558384644507,1.3803304
2875,1.3803304,-0.05605558384644507,1.3803304
2876,-1.3807514,0.31699167466832984,-1.3807514
2877,-1.3803037,0.1669074360289878,-1.3803037
2878,-1.370004,-0.05689368648833826,-1.370004
2879,-1.370004,-0.0706832345873561,-1.370004
2880,-1.370004,-0.05689368648833826,-1.370004
2881,1.3712981,-0.09873049686058927,1.3712981
2882,-1.3770998,-0.1419526268287987,-1.3770998
2883,-1.3770998,-0.1419526268287987,-1.3770998
2884,1.3631012,0.02668743897261972,1.3631012
2885,-1.3805982,0.2858936506453121,-1.3805982
2886,-1.4464815,0.7292314871119143,-1.4464815
2887,-1.3652815,0.1294847710428849,-1.3652815
2888,-1.3652815,0.10826479065375012,-1.3652815
2889,-1.3652815,0.07826453237168111,-1.3652815
2890,-1.3655205,0.03658095737598857,-1.3655205
2891,1.3678752,-0.18741435941271578,1.3678752
2892,-1.3577524,-0.0070090171708571325,-1.3577524
2893,1.3460604,0.13658297963745344,1.3460604
2894,1.3460604,0.13658297963745344,1.3460604
2895,1.3655205,0.02253165379470539,1.3655205
2896,1.3655205,0.02253165379470539,1.3655205
2897,1.3655205,0.057541216475777014,1.3655205
2898,1.3667734,0.02816938428992625,1.3667734
2899,-1.3653654,0.33161704042153994,-1.3653654
2900,-1.3653654,0.1483351950421517,-1.3653654
2901,-1.3718581,0.15156861232792512,-1.3718581
2902,-1.4173815,0.01155321989102591,-1.4173815
2903,-1.4173815,0.01155321989102591,-1.4173815
2904,1.3655955,0.09530832581764709,1.3655955
2905,1.3645204,0.1950771855837205,1.3645204
2906,1.3645204,0.11001113050940094,1.3645204
2907,1.4173071,-0.2619900914120459,1.4173071
2908,1.3879675,-0.23476122757462747,1.3879675
2909,-1.2970707,0.21587627748634827,-1.2970707
2910,-1.2970707,0.16282479872838282,-1.2970707
2911,-1.3048233,0.29798051156113103,-1.3048233
2912,-1.2980072,0.0951195392757661,-1.2980072
2913,-1.3825964,0.01865502089206159,-1.3825964
2914,-1.2970707,0.16282479872838282,-1.2970707
2915,-1.3048233,0.29798051156113103,-1.3048233
2916,1.3880476,-0.20012913889845552,1.3880476
2917,1.3880476,-0.21424092376959006,1.3880476
2918,-1.4410698,1.00242837468808,-1.4410698
2919,1.4314381,-0.7681967218817507,1.4314381
2920,1.6389828,-0.8729035097586263,1.6389828
2921,1.5999879,-0.788001318775942,1.5999879
2922,-1.6389878,0.6889964434524511,-1.6389878
2923,-1.6187366,0.9115155683005431,-1.6187366
2924,-1.6389458,0.3882296323459267,-1.6389458
2925,-1.6391194,0.6314188283442546,-1.6391194
2926,-1.6034534,0.3140328587336901,-1.6034534
2927,1.3808875,-0.09463471540646794,1.3808875
2928,1.3808875,-0.09463471540646794,1.3808875
2929,1.3808875,-0.09463471540646794,1.3808875
2930,1.3808875,-0.09463471540646794,1.3808875
2931,1.3808875,-0.09463471540646794,1.3808875
2932,-1.3802236,0.44046673385566343,-1.3802236
2933,-1.3802236,0.44046673385566343,-1.3802236
2934,-1.3802236,0.44046673385566343,-1.3802236
2935,-1.3802236,0.44046673385566343,-1.3802236
2936,1.3885086,-0.22059170724230315,1.3885086
2937,1.3885086,-0.22059170724230315,1.3885086
2938,1.3885086,-0.22059170724230315,1.3885086
2939,-1.3713428,0.03896792232648366,-1.3713428
2940,-1.3805394,0.18021779325378848,-1.3805394
2941,1.3806286,-0.17155146866538143,1.3806286
2942,1.4016851,-0.2641483463014729,1.4016851
2943,1.4016851,-0.1423371420184414,1.4016851
2944,1.4012346,-0.27325280840563376,1.4012346
2945,-1.6491693,0.41638750475411085,-1.6491693
2946,-1.3855096,0.12007490614358217,-1.3855096
2947,-1.380999,-0.1291541773561161,-1.380999
2948,-1.3890568,-0.016597480689877223,-1.3890568
2949,1.3608927,0.016391968085662175,1.3608927
2950,1.3608927,-0.023852719486756983,1.3608927
2951,1.3608927,0.016391968085662175,1.3608927
2952,1.3608927,-0.02547379597876672,1.3608927
2953,1.3608927,0.016391968085662175,1.3608927
2954,1.3608927,-0.023852719486756983,1.3608927
2955,1.3608927,0.016391968085662175,1.3608927
2956,1.3608927,0.016391968085662175,1.3608927
2957,1.3608927,0.016391968085662175,1.3608927
2958,1.3608927,0.016391968085662175,1.3608927
2959,1.3608927,0.016391968085662175,1.3608927
2960,1.3608927,-0.023852719486756983,1.3608927
2961,1.3608927,0.016391968085662175,1.3608927
2962,1.3608927,0.016391968085662175,1.3608927
2963,1.3608927,-0.023852719486756983,1.3608927
2964,1.3608927,0.016391968085662175,1.3608927
2965,1.3608927,0.016391968085662175,1.3608927
2966,1.3608927,0.016391968085662175,1.3608927
2967,1.3608927,0.016391968085662175,1.3608927
2968,-1.3650869,0.16557817107990694,-1.3650869
2969,-1.3650869,0.16557817107990694,-1.3650869
2970,1.365578,-0.08412836121321908,1.365578
2971,1.365578,-0.08412836121321908,1.365578
2972,1.365578,-0.08412836121321908,1.365578
2973,1.365578,-0.08412836121321908,1.365578
2974,1.365578,-0.08412836121321908,1.365578
2975,1.365578,-0.08412836121321908,1.365578
2976,1.365578,-0.08412836121321908,1.365578
2977,-1.3666464,0.14709617685515497,-1.3666464
2978,-1.3666464,0.35010098889396174,-1.3666464
2979,1.3463771,0.007214913928106345,1.3463771
2980,1.4174329,-0.3112852200927479,1.4174329
2981,1.3688463,-0.14149230346737116,1.3688463
2982,1.38756,0.18092063456267266,1.38756
2983,-1.3661113,0.09099741555794655,-1.3661113
2984,1.3660868,0.17342638759163154,1.3660868
2985,-1.3655565,0.06840749525630847,-1.3655565
2986,1.3655566,0.0870115850996383,1.3655566
2987,1.37642,-0.26611043831683673,1.37642
2988,1.37642,-0.26471651066397167,1.37642
2989,-1.3824539,0.3682007840221262,-1.3824539
2990,1.3491166,0.03793522075007432,1.3491166
2991,1.3491166,0.03793522075007432,1.3491166
2992,1.3491166,0.0019424877392392307,1.3491166
2993,-1.3672007,-0.004786326625924282,-1.3672007
2994,-1.3672007,-0.004786326625924282,-1.3672007
2995,-1.3526679,0.0135282397828183,-1.3526679
2996,-1.3526679,0.0135282397828183,-1.3526679
2997,-1.3654497,0.02106781328672151,-1.3654497
2998,-1.3654497,0.015703007423601256,-1.3654497
2999,1.3658127,0.1991096272085636,1.3658127
3000,1.3658127,0.05850001560593636,1.3658127
3001,-1.3530397,0.0473052228903595,-1.3530397
3002,1.3679785,-0.11925756762904922,1.3679785
3003,-1.3713464,0.020331550904871664,-1.3713464
3004,1.4309154,-0.5248108693077574,1.4309154
3005,1.426173,-0.7100246764673642,1.426173
3006,1.4360795,-0.6153883545907227,1.4360795
3007,1.4363452,-0.331323414158472,1.4363452
3008,-1.4363446,0.627279070869926,-1.4363446
3009,-1.3818746,0.24620130386196157,-1.3818746
3010,1.3780015,-0.1785798262475226,1.3780015
3011,1.3772506,0.1110535099887108,1.3772506
3012,1.3764415,0.30082732617549324,1.3764415
3013,1.3810662,-0.03311368088290367,1.3810662
3014,-1.3763404,-0.06257291270067399,-1.3763404
3015,-1.3727146,0.1076851293607426,-1.3727146
3016,-1.3725919,0.10007683654141096,-1.3725919
3017,-1.3725919,0.20825290327895574,-1.3725919
3018,-1.3477334,0.15819954172182632,-1.3477334
3019,-1.3702261,0.06695968661790001,-1.3702261
3020,1.4296763,-0.5390744638293105,1.4296763
3021,1.4296763,-0.7382672208914364,1.4296763
3022,-1.3677548,-0.04656044731410336,-1.3677548
3023,-1.3684387,-0.010490703084247835,-1.3684387
3024,1.6038626,-0.8697105928451583,1.6038626
3025,1.6393721,-0.6520187287423131,1.6393721
3026,1.639414,-0.5535492434478507,1.639414
3027,1.6372896,-0.4122516649491222,1.6372896
3028,1.6401558,-0.8636162566192793,1.6401558
3029,-1.3387566,0.13429250155130634,-1.3387566
3030,1.3387579,0.08743882797584274,1.3387579
3031,-1.5236522,0.4884385260863199,-1.5236522
3032,-1.3471708,0.007772034528156597,-1.3471708
3033,-1.3471708,0.24726403883253253,-1.3471708
3034,1.366048,-0.027520876254803983,1.366048
3035,1.3653525,0.001442797604156617,1.3653525
3036,1.3697957,-0.03871727027492129,1.3697957
3037,-1.3702646,0.03094334675776394,-1.3702646
3038,-1.3702646,0.03094334675776394,-1.3702646
3039,-1.3697962,0.15047614428892564,-1.3697962
3040,-1.3742164,0.0858704644609803,-1.3742164
3041,1.288146,0.205143237901892,1.288146
3042,-1.388969,0.2368675303739496,-1.388969
3043,-1.388969,0.10732385049364854,-1.388969
3044,1.288146,0.205143237901892,1.288146
3045,1.2975678,0.23113819111418143,1.2975678
3046,1.4315629,-0.7675791010654406,1.4315629
3047,1.4291295,-0.5895042787203485,1.4291295
3048,-1.3527236,0.24529031692138206,-1.3527236
3049,-1.3926266,0.41503967286875676,-1.3926266
3050,1.3954601,-0.24176351511529834,1.3954601
3051,1.3954601,-0.24176351511529834,1.3954601
3052,1.341149,0.08353916400610911,1.341149
3053,1.3808099,-0.2984221723267297,1.3808099
3054,1.3808099,-0.2984221723267297,1.3808099
3055,1.3808099,-0.2984221723267297,1.3808099
3056,1.3808099,-0.2984221723267297,1.3808099
3057,1.3808099,-0.2984221723267297,1.3808099
3058,1.3808099,-0.2984221723267297,1.3808099
3059,1.3808099,-0.2984221723267297,1.3808099
3060,1.3808099,-0.2984221723267297,1.3808099
3061,1.3808099,-0.2984221723267297,1.3808099
3062,1.3808099,-0.2984221723267297,1.3808099
3063,-1.435553,0.2805613163113112,-1.435553
3064,-1.4418004,0.728802250246273,-1.4418004
3065,-1.4418004,0.6858885804397177,-1.4418004
3066,-1.3808105,0.12718396431484882,-1.3808105
3067,-1.3808105,0.12718396431484882,-1.3808105
3068,1.3864928,-0.44583187797542284,1.3864928
3069,1.3864928,-0.44583187797542284,1.3864928
3070,1.3864928,-0.44583187797542284,1.3864928
3071,1.3864928,-0.44583187797542284,1.3864928
3072,-1.3864934,0.14918418905136643,-1.3864934
3073,-1.3808135,0.04053797250060713,-1.3808135
3074,-1.3808135,0.04053797250060713,-1.3808135
3075,-1.3808135,0.04053797250060713,-1.3808135
3076,-1.3808135,0.04053797250060713,-1.3808135
3077,1.3808116,-0.06627474380846356,1.3808116
3078,1.3808116,-0.06627474380846356,1.3808116
3079,1.3808116,-0.06627474380846356,1.3808116
3080,1.3808116,-0.06627474380846356,1.3808116
3081,1.3808116,-0.06627474380846356,1.3808116
3082,1.3808116,-0.06627474380846356,1.3808116
3083,1.3817564,0.028987935981614935,1.3817564
3084,1.3817564,0.028987935981614935,1.3817564
3085,1.3817564,0.028987935981614935,1.3817564
3086,-1.3817585,-0.03046426848791065,-1.3817585
3087,-1.3817585,-0.03046426848791065,-1.3817585
3088,-1.3817585,-0.03046426848791065,-1.3817585
3089,-1.3817585,-0.03046426848791065,-1.3817585
3090,1.3447374,0.3153217484356799,1.3447374
3091,1.3795469,0.03900584212444141,1.3795469
3092,1.3807144,-0.09870690185136903,1.3807144
3093,-1.386494,0.0403314692462886,-1.386494
3094,1.3663132,0.06424603651697566,1.3663132
3095,-1.3663124,0.36244747942419003,-1.3663124
3096,-1.3522067,0.004947552691127563,-1.3522067
3097,1.3647318,0.041790301669948925,1.3647318
3098,1.4319057,-0.4943434489943158,1.4319057
3099,1.4319057,-0.4943434489943158,1.4319057
3100,1.3996042,-0.18963733812400044,1.3996042
3101,1.3996042,-0.18963733812400044,1.3996042
3102,1.3996042,-0.18963733812400044,1.3996042
3103,1.3996042,-0.18963733812400044,1.3996042
3104,1.3996042,-0.18963733812400044,1.3996042
3105,-1.3994074,0.18101064684733462,-1.3994074
3106,-1.3743277,0.14727695387730966,-1.3743277
3107,-1.3743277,0.14727695387730966,-1.3743277
3108,-1.3912348,-0.12292604325789183,-1.3912348
3109,-1.3743277,0.14727695387730966,-1.3743277
3110,-1.441486,0.9677062382566299,-1.441486
3111,-1.4417968,0.8934899912479747,-1.4417968
3112,1.3687019,-0.046281920169275445,1.3687019
3113,-1.3388417,0.011050265245873825,-1.3388417
3114,-1.3806989,-0.04433317372515608,-1.3806989
3115,1.3791939,-0.03289482595307636,1.3791939
3116,-1.3813148,-0.0887852227875389,-1.3813148
3117,-1.3810202,-0.11169964355190883,-1.3810202
3118,-1.3868834,-0.13908584865826762,-1.3868834
3119,1.3452238,-0.06664271159108154,1.3452238
3120,-1.4308312,0.831121688349548,-1.4308312
3121,1.3739524,-0.035794863232627684,1.3739524
3122,1.3739524,-0.05907626893552774,1.3739524
3123,-1.38247,0.061957671224581484,-1.38247
3124,-1.3785292,0.21896456716078733,-1.3785292
3125,1.3583788,0.13985840585574408,1.3583788
3126,1.3583788,0.048962522127363656,1.3583788
3127,1.3824075,-0.5073575445885171,1.3824075
3128,1.3823327,-0.2353636252460236,1.3823327
3129,-1.4304537,0.6693448152065834,-1.4304537
3130,1.3803153,0.09810015112968552,1.3803153
3131,1.3803153,0.09810015112968552,1.3803153
3132,1.3803153,0.09810015112968552,1.3803153
3133,-1.3803093,-0.11083469983080346,-1.3803093
3134,-1.3803093,-0.11083469983080346,-1.3803093
3135,-1.3668731,0.06640058608771848,-1.3668731
3136,-1.3589971,0.18400755343958194,-1.3589971
3137,-1.3536583,0.008813678217805647,-1.3536583
3138,-1.3607315,0.046603140901836294,-1.3607315
3139,1.4215257,-0.47436801227689523,1.4215257
3140,1.418088,-0.4474707928725412,1.418088
3141,1.4194064,-0.4515303364555316,1.4194064
3142,-1.4180876,0.6859324361636235,-1.4180876
3143,1.4481537,-0.8606698911555429,1.4481537
3144,1.3719155,-0.03408353107651519,1.3719155
3145,-1.3751527,0.1606594473414196,-1.3751527
3146,1.3751549,0.2121283162709605,1.3751549
3147,1.392279,-0.32228723096475737,1.392279
3148,1.392279,-0.32228723096475737,1.392279
3149,-1.3815192,0.15324656215951724,-1.3815192
3150,1.3822862,-0.32204927574950465,1.3822862
3151,1.3854502,0.09741706999798742,1.3854502
3152,1.3781717,0.10375304061018904,1.3781717
3153,-1.3654956,-0.15679544910198157,-1.3654956
3154,-1.3724508,0.1293764076071002,-1.3724508
3155,1.3683931,0.10006842127477349,1.3683931
3156,1.3653783,0.0722568014680911,1.3653783
3157,-1.3856931,0.22327330800679782,-1.3856931
3158,1.3745872,-0.2802049374390878,1.3745872
3159,1.3908191,-0.11792395836303086,1.3908191
3160,1.3908191,-0.11792395836303086,1.3908191
3161,1.3828163,-0.17553564593352944,1.3828163
3162,1.3828163,-0.17553564593352944,1.3828163
3163,-1.3828174,0.49099805074156594,-1.3828174
3164,-1.37039,0.20007676213408815,-1.37039
3165,-1.349087,0.035036314617876006,-1.349087
3166,1.3994358,-0.19537614626014765,1.3994358
3167,-1.3877802,0.16991670831206215,-1.3877802
3168,1.3991545,-0.20600842600435482,1.3991545
3169,1.6011658,-0.7921024529947862,1.6011658
3170,-1.6392045,0.5491623961323824,-1.6392045
3171,1.2993436,0.13641881483683063,1.2993436
3172,1.4122783,-0.4076588663751447,1.4122783
3173,-1.3714471,0.052534212694394414,-1.3714471
3174,1.3714474,-0.0009348559963272521,1.3714474
3175,1.3794835,-0.1667167512999194,1.3794835
3176,1.3814734,0.07280213291315495,1.3814734
3177,1.3793352,-0.10926232803992855,1.3793352
3178,1.3793352,-0.10926232803992855,1.3793352
3179,-1.3630607,0.05113717574153062,-1.3630607
3180,-1.3655593,-0.04019230886035986,-1.3655593
3181,-1.3650631,-0.03319884829297745,-1.3650631
3182,-1.3650631,-0.009210873730113617,-1.3650631
3183,-1.3650631,-0.03632405171474157,-1.3650631
3184,-1.3650631,-0.03632405171474157,-1.3650631
3185,-1.3650631,-0.03632405171474157,-1.3650631
3186,-1.3650631,-0.03632405171474157,-1.3650631
3187,-1.3650631,-0.03632405171474157,-1.3650631
3188,-1.3650631,-0.03632405171474157,-1.3650631
3189,-1.3650631,-0.03632405171474157,-1.3650631
3190,-1.3650631,-0.03632405171474157,-1.3650631
3191,-1.3650631,-0.03632405171474157,-1.3650631
3192,-1.3650631,-0.03632405171474157,-1.3650631
3193,-1.3650631,-0.03632405171474157,-1.3650631
3194,1.3468165,0.032700342452335045,1.3468165
3195,1.3468165,-0.10871776020763237,1.3468165
3196,1.3468165,-0.10871776020763237,1.3468165
3197,1.3468165,-0.10871776020763237,1.3468165
3198,-1.3655212,-0.007804488238118601,-1.3655212
3199,-1.3655212,-0.007804488238118601,-1.3655212
3200,1.3650628,0.15857833959402928,1.3650628
3201,1.3650628,0.15857833959402928,1.3650628
3202,-1.3700411,0.024653733505962873,-1.3700411
3203,-1.3664727,0.029392617975364528,-1.3664727
3204,-1.3649424,-0.042259490700782734,-1.3649424
3205,-1.3590515,-0.06195108237901714,-1.3590515
3206,1.4171375,-0.32481845707371815,1.4171375
3207,1.4199607,-0.06909480007014744,1.4199607
3208,1.4199778,-0.2983491900334093,1.4199778
3209,-1.4298782,0.5922738317534717,-1.4298782
3210,-1.4300658,0.7287276815662034,-1.4300658
3211,1.431432,-0.6891072129193649,1.431432
3212,1.431432,-0.6891072129193649,1.431432
3213,1.431432,-0.6891072129193649,1.431432
3214,1.431432,-0.6891072129193649,1.431432
3215,1.431432,-0.5858179669048617,1.431432
3216,1.431432,-0.5858179669048617,1.431432
3217,1.3661332,-0.014630102460292942,1.3661332
3218,-1.4283998,0.5633332928675703,-1.4283998
3219,-1.3492054,0.039468948130467356,-1.3492054
3220,-1.4315209,0.5089950804817697,-1.4315209
3221,-1.4324781,0.5649352713040592,-1.4324781
3222,1.4343003,-0.6070305349735292,1.4343003
3223,-1.4283605,0.3707216850640699,-1.4283605
3224,1.4284642,-0.34469128043046693,1.4284642
3225,-1.3656735,0.025401494548322613,-1.3656735
3226,1.3659332,0.08358752726421402,1.3659332
3227,-1.3673414,0.048348830082657016,-1.3673414
3228,1.6387583,-0.7673718322341957,1.6387583
3229,-1.6390215,0.5798096415539596,-1.6390215
3230,1.3859094,0.00793320855905658,1.3859094
3231,-1.3641685,0.14766851051206695,-1.3641685
3232,-1.3776828,0.08561465809161314,-1.3776828
3233,1.3770937,-0.14209217678192534,1.3770937
3234,1.3650771,0.02633759248311083,1.3650771
3235,1.3650771,-0.017364532791342046,1.3650771
3236,1.3650771,0.02633759248311083,1.3650771
3237,1.3650771,-0.017364532791342046,1.3650771
3238,1.3650771,-0.017364532791342046,1.3650771
3239,1.3650771,-0.0034695119967412405,1.3650771
3240,1.3650771,-0.0034695119967412405,1.3650771
3241,1.3650771,0.0023338075160452484,1.3650771
3242,1.3650771,0.0023338075160452484,1.3650771
3243,1.3650771,0.0023338075160452484,1.3650771
3244,1.3650771,-0.0034695119967412405,1.3650771
3245,1.3650771,-0.0034695119967412405,1.3650771
3246,1.3650771,0.0023338075160452484,1.3650771
3247,1.3650771,0.0023338075160452484,1.3650771
3248,1.3650771,0.0023338075160452484,1.3650771
3249,1.3650771,-0.0034695119967412405,1.3650771
3250,-1.3480722,0.12151682825794026,-1.3480722
3251,-1.3480722,0.10254888703437999,-1.3480722
3252,-1.3480722,0.05837269424367963,-1.3480722
3253,-1.3480722,0.10254888703437999,-1.3480722
3254,-1.3480722,0.10254888703437999,-1.3480722
3255,-1.3480722,0.10254888703437999,-1.3480722
3256,1.3656027,-0.026970013207906277,1.3656027
3257,1.3656027,-0.0026531938909519362,1.3656027
3258,1.3656027,-0.0026531938909519362,1.3656027
3259,1.3656027,-0.0026531938909519362,1.3656027
3260,1.3656027,-0.0026531938909519362,1.3656027
3261,1.3656027,-0.0026531938909519362,1.3656027
3262,1.3656027,-0.0026531938909519362,1.3656027
3263,1.3656027,-0.0026531938909519362,1.3656027
3264,-1.3466547,0.14538056215715106,-1.3466547
3265,1.369277,0.11546891095141917,1.369277
3266,-1.3661335,0.0004290136253667382,-1.3661335
3267,1.3661335,-0.10819737577217842,1.3661335
3268,-1.3471634,0.015683398426965086,-1.3471634
3269,1.3654159,0.15638009541381373,1.3654159
3270,1.4294447,-0.42101522837705346,1.4294447
3271,1.4294447,-0.42101522837705346,1.4294447
3272,1.4294447,-0.42101522837705346,1.4294447
3273,1.4294447,-0.42101522837705346,1.4294447
3274,1.4294447,-0.42101522837705346,1.4294447
3275,-1.3654318,-0.01734042230157179,-1.3654318
3276,-1.4312764,0.40834854170121915,-1.4312764
3277,-1.4312764,0.26614353962227716,-1.4312764
3278,-1.4312764,0.40834854170121915,-1.4312764
3279,-1.4312764,0.40834854170121915,-1.4312764
3280,-1.3518736,-0.005438452955408038,-1.3518736
3281,-1.352926,-0.030998622579092822,-1.352926
3282,-1.352926,-0.030998622579092822,-1.352926
3283,1.4350542,-0.6077375395205632,1.4350542
3284,1.3659372,-0.03822573729103222,1.3659372
3285,-1.4271854,0.2828905835477557,-1.4271854
3286,-1.351323,0.13177408563676984,-1.351323
3287,-1.3713417,0.27631739028430125,-1.3713417
3288,-1.3713417,0.026384979912720364,-1.3713417
3289,1.4188279,-0.5546565178573118,1.4188279
3290,1.425537,-0.48363565281808313,1.425537
3291,1.4392039,-0.8164126844893862,1.4392039
3292,1.3386014,0.11726181644640989,1.3386014
3293,1.3655081,0.19046848559000706,1.3655081
3294,-1.3655072,0.07780830925110466,-1.3655072
3295,1.3831745,-0.43464004924581945,1.3831745
3296,1.4005314,-0.2711355227655583,1.4005314
3297,1.3762895,0.20545484459378577,1.3762895
3298,-1.372488,0.053405513244774494,-1.372488
3299,-1.3525398,0.1512149586489583,-1.3525398
3300,1.4102528,-0.3533637248356558,1.4102528
3301,1.4102528,-0.3533637248356558,1.4102528
3302,-1.3950034,0.26702226265251644,-1.3950034
3303,-1.3965518,0.16728490407869948,-1.3965518
3304,-1.395438,0.30619749593102136,-1.395438
3305,1.3964173,-0.18108930355518632,1.3964173
3306,1.3992769,-0.24746439573782084,1.3992769
3307,-1.3926629,0.2644630342178524,-1.3926629
3308,1.3875332,-0.14299275777828724,1.3875332
3309,1.3815598,-0.31068106474098056,1.3815598
3310,1.365738,-0.08216144379639882,1.365738
3311,-1.3686302,0.11307518257471981,-1.3686302
3312,-1.3456162,0.1368199407576369,-1.3456162
3313,-1.3456162,0.11517111714105753,-1.3456162
3314,-1.3456162,0.11517111714105753,-1.3456162
3315,1.3654152,-0.018362762955489633,1.3654152
3316,1.3654152,0.013561252393107506,1.3654152
3317,-1.365382,0.25966862930640755,-1.365382
3318,-1.365382,0.25966862930640755,-1.365382
3319,-1.3728693,0.40700610368995094,-1.3728693
3320,-1.3728693,0.2065685714197363,-1.3728693
3321,1.3480346,0.01010113350603501,1.3480346
3322,1.3480346,0.0852270359155966,1.3480346
3323,1.3480346,0.07710245983170452,1.3480346
3324,-1.3629234,0.19338972808135882,-1.3629234
3325,-1.3879651,0.23788526864656637,-1.3879651
3326,1.2971393,0.28164763615527544,1.2971393
3327,1.2986715,0.12126586365535114,1.2986715
3328,-1.3880583,0.10453777195359489,-1.3880583
3329,-1.3930414,0.43216782693566047,-1.3930414
3330,1.5106518,-0.8451384023852703,1.5106518
3331,1.6392905,-0.572565130418709,1.6392905
3332,1.3803809,-0.15002841262078068,1.3803809
3333,-1.3765137,-0.006854252561118236,-1.3765137
3334,-1.4421551,0.9994057943183258,-1.4421551
3335,-1.3388507,-0.018850922526766616,-1.3388507
3336,-1.3426752,-0.0533327178019046,-1.3426752
3337,-1.3815745,-0.08532058351266103,-1.3815745
3338,-1.3815745,-0.08667194810205898,-1.3815745
3339,-1.3815745,-0.08667194810205898,-1.3815745
3340,-1.3815745,-0.08667194810205898,-1.3815745
3341,-1.3815745,-0.08667194810205898,-1.3815745
3342,1.3720105,-0.020858705630818868,1.3720105
3343,-1.3814973,0.027770855868401313,-1.3814973
3344,1.3817996,-0.08495062992046154,1.3817996
3345,-1.3813068,0.07913413852249301,-1.3813068
3346,1.442332,-0.7295496458296465,1.442332
3347,1.3853157,0.16310352704339653,1.3853157
3348,-1.3936846,0.6792133404464136,-1.3936846
3349,1.3936856,-0.27166547957784826,1.3936856
3350,1.3921372,-0.3079416909409074,1.3921372
3351,1.3882147,-0.34508655489984164,1.3882147
3352,1.3953208,-0.1992830421353107,1.3953208
3353,1.3999718,-0.22930154230422647,1.3999718
3354,1.382144,-0.29731709097428066,1.382144
3355,-1.4004823,0.18129603278579629,-1.4004823
3356,-1.4004823,0.004630854560755981,-1.4004823
3357,-1.4004823,0.18129603278579629,-1.4004823
3358,-1.4004823,0.18129603278579629,-1.4004823
3359,-1.3999755,-0.05008421414513618,-1.3999755
3360,1.399711,-0.2288250554290082,1.399711
3361,-1.3890729,-0.08165255081383416,-1.3890729
3362,-1.353817,0.03863617128257064,-1.353817
3363,-1.353817,0.03863617128257064,-1.353817
3364,-1.3998989,-0.02820461426606866,-1.3998989
3365,-1.3998989,-0.02820461426606866,-1.3998989
3366,-1.3998989,-0.02820461426606866,-1.3998989
3367,-1.4005142,-0.1287148482474181,-1.4005142
3368,-1.4005142,-0.1287148482474181,-1.4005142
3369,1.3998982,-0.0156776234154666,1.3998982
3370,1.3864001,0.12937087750403245,1.3864001
3371,-1.3784503,0.35026625183843135,-1.3784503
3372,-1.3718934,0.026206602516576697,-1.3718934
3373,-1.3718934,0.04974699010090333,-1.3718934
3374,-1.3807725,0.17029603424559642,-1.3807725
3375,-1.3864619,-0.3469512744696176,-1.3864619
3376,1.3867372,0.08036683180117869,1.3867372
3377,-1.3864619,-0.3469512744696176,-1.3864619
3378,-1.3868039,-0.11572722080106491,-1.3868039
3379,-1.3691158,0.0355268516268153,-1.3691158
3380,1.4462348,-0.8755932731623364,1.4462348
3381,-1.3442429,-0.12071460387922807,-1.3442429
3382,-1.3383161,0.06053102468231095,-1.3383161
3383,-1.4308875,0.471312277780265,-1.4308875
3384,1.3649796,0.1874789135452312,1.3649796
3385,-1.3751199,0.08765297286585577,-1.3751199
3386,1.3875822,-0.23866151501661892,1.3875822
3387,-1.3688217,-0.00906664707129071,-1.3688217
3388,1.4000646,-0.2337721526276297,1.4000646
3389,1.3804731,-0.11981084282884043,1.3804731
3390,1.3804731,-0.11981084282884043,1.3804731
3391,1.381516,-0.04769897120097945,1.381516
3392,-1.372426,0.09055220715627899,-1.372426
3393,-1.3805934,-0.11086025712733878,-1.3805934
3394,1.3594118,0.0028527013509516393,1.3594118
3395,1.3649133,0.10491106710327529,1.3649133
3396,1.3658566,0.019486396979199117,1.3658566
3397,-1.4181468,0.22083561943741156,-1.4181468
3398,1.4058747,-0.14731519281281913,1.4058747
3399,-1.4178112,0.09139747597999294,-1.4178112
3400,-1.4284822,0.40932253343544484,-1.4284822
3401,-1.3718258,0.2926943664468561,-1.3718258
3402,-1.3582454,0.04601512317655059,-1.3582454
3403,1.4234706,-0.48553209574880424,1.4234706
3404,1.4198201,-0.45980283009014683,1.4198201
3405,1.4271624,-0.44681475111737196,1.4271624
3406,1.4302377,-0.6142833400690412,1.4302377
3407,1.4301178,-0.4951787952401409,1.4301178
3408,-1.417403,0.3962551347202052,-1.417403
3409,-1.4182571,0.6399969292339153,-1.4182571
3410,-1.3996296,0.1262143250320376,-1.3996296
3411,1.3999528,-0.018497985501016355,1.3999528
3412,-1.3589118,0.13178816554298853,-1.3589118
3413,-1.3728505,0.1354561065292909,-1.3728505
3414,-1.3721864,0.19526271320729383,-1.3721864
3415,1.3988587,-0.37439283974354326,1.3988587
3416,1.4139477,-0.4793808588027023,1.4139477
3417,-1.363024,-0.006711345623758262,-1.363024
3418,-1.363024,-0.024661747799397893,-1.363024
3419,-1.3606639,0.17944318003719098,-1.3606639
3420,1.3630251,0.0065683170474830745,1.3630251
3421,1.3490478,0.07692544187800267,1.3490478
3422,1.4072831,-0.1165187256187841,1.4072831
3423,1.3641587,-0.03625294886004992,1.3641587
3424,-1.3597854,-0.08154048261236618,-1.3597854
3425,1.3616028,-0.11516698013571329,1.3616028
3426,-1.3623035,-0.03339769835471745,-1.3623035
3427,1.362886,0.11259997469381884,1.362886
3428,-1.3654377,-0.00031550225076590853,-1.3654377
3429,1.3388226,0.2271393596900409,1.3388226
3430,1.3388226,0.20967749653953585,1.3388226
3431,-1.4175806,-0.09523923168897364,-1.4175806
3432,1.3620789,0.13131873081778306,1.3620789
3433,-1.3658413,-0.020163425385352596,-1.3658413
3434,1.4173523,-0.4258375481144394,1.4173523
3435,-1.4171209,0.08928589213579627,-1.4171209
3436,1.4239287,-0.22531570748594082,1.4239287
3437,1.424472,-0.14210147348667035,1.424472
3438,-1.3743845,0.3338159167614156,-1.3743845
3439,1.4446597,-0.7915301842431058,1.4446597
3440,1.3662205,-0.04945810678649956,1.3662205
3441,-1.3934233,0.394043654416021,-1.3934233
3442,-1.3712437,0.14643698206955683,-1.3712437
3443,-1.3712437,0.14643698206955683,-1.3712437
3444,-1.3712437,0.14643698206955683,-1.3712437
3445,-1.3712437,0.14643698206955683,-1.3712437
3446,-1.3712437,0.14643698206955683,-1.3712437
3447,-1.3712437,0.14643698206955683,-1.3712437
3448,-1.4415864,1.0858518632137615,-1.4415864
3449,-1.3808599,0.005832198152389892,-1.3808599
3450,-1.3637707,-0.04102642966373424,-1.3637707
3451,-1.3693604,0.1544810811955495,-1.3693604
3452,-1.340053,-0.039295451878868334,-1.340053
3453,-1.340053,-0.020956545728527516,-1.340053
3454,-1.340053,-0.020956545728527516,-1.340053
3455,-1.3467789,-0.04384517856978281,-1.3467789
3456,-1.3467789,-0.04384517856978281,-1.3467789
3457,-1.3467789,-0.00425049372712394,-1.3467789
3458,-1.3467789,-0.04384517856978281,-1.3467789
3459,-1.3467789,-0.04384517856978281,-1.3467789
3460,-1.3467789,-0.04384517856978281,-1.3467789
3461,-1.3467789,-0.00425049372712394,-1.3467789
3462,-1.3467789,-0.04384517856978281,-1.3467789
3463,-1.3467789,-0.04384517856978281,-1.3467789
3464,-1.3467789,-0.00425049372712394,-1.3467789
3465,-1.3467789,-0.00425049372712394,-1.3467789
3466,-1.3467789,-0.04384517856978281,-1.3467789
3467,-1.3467789,-0.04384517856978281,-1.3467789
3468,-1.3686997,0.012527099428453387,-1.3686997
3469,-1.3645884,0.07470736483120295,-1.3645884
3470,1.3688744,-0.011353374286421806,1.3688744
3471,1.3644588,0.0003943666535534277,1.3644588
3472,1.359852,0.04483498339446335,1.359852
3473,-1.3694012,0.048481383763582256,-1.3694012
3474,-1.3648523,0.043774357082113115,-1.3648523
3475,-1.366549,-0.09309946312664995,-1.366549
3476,1.413309,-0.39584156786193087,1.413309
3477,-1.3676692,0.008442480150178655,-1.3676692
3478,1.3627088,0.0899617356792145,1.3627088
3479,-1.4301825,0.1624181189477503,-1.4301825
3480,-1.4301825,0.287475097711768,-1.4301825
3481,-1.4301825,0.287475097711768,-1.4301825
3482,-1.4346931,0.4407425080421993,-1.4346931
3483,-1.4346931,0.5560269163296243,-1.4346931
3484,-1.4346931,0.5560269163296243,-1.4346931
3485,1.4267323,-0.40640291953624624,1.4267323
3486,1.4267323,-0.40640291953624624,1.4267323
3487,1.4282944,-0.42293649715167336,1.4282944
3488,1.4282944,-0.3329025373320304,1.4282944
3489,-1.361325,-0.18993829753887323,-1.361325
3490,-1.361325,0.04085794441922025,-1.361325
3491,-1.3622062,0.01192823460298491,-1.3622062
3492,1.3457841,-0.09683908575686416,1.3457841
3493,-1.3629264,-0.09949830135217565,-1.3629264
3494,-1.349763,-0.10740890427050305,-1.349763
3495,-1.3488858,-0.033148709004601935,-1.3488858
3496,-1.3525,0.09150334099233158,-1.3525
3497,-1.3658218,-0.1847616195221439,-1.3658218
3498,-1.3622428,-0.035285289829284174,-1.3622428
3499,-1.3631343,0.07281489148927607,-1.3631343
3500,1.3500813,-0.06894818813975072,1.3500813
3501,-1.3677168,0.08368073856238344,-1.3677168
3502,-1.3680484,-0.02909430256747172,-1.3680484
3503,-1.367338,0.04402573718069919,-1.367338
3504,-1.3642585,-0.03820692103317608,-1.3642585
3505,-1.373758,0.2663590134865195,-1.373758
3506,-1.399598,0.34334546209198163,-1.399598
3507,-1.3605882,-0.05487622159345172,-1.3605882
3508,1.4171903,-0.4831256364288818,1.4171903
3509,1.4154766,-0.4222778158461374,1.4154766
3510,1.4199443,-0.563378854650919,1.4199443
3511,1.4199376,-0.6757598732424359,1.4199376
3512,-1.3855428,0.055701497236640266,-1.3855428
3513,-1.3855428,0.055701497236640266,-1.3855428
3514,-1.3855428,0.055701497236640266,-1.3855428
3515,1.3855431,-0.004823276173925766,1.3855431
3516,1.3855431,-0.004823276173925766,1.3855431
3517,1.3855431,-0.004823276173925766,1.3855431
3518,-1.3855428,0.055701497236640266,-1.3855428
3519,1.3628738,0.09499160193312785,1.3628738
3520,1.3626463,0.12481007569499038,1.3626463
3521,-1.4162064,0.46129240331520555,-1.4162064
3522,-1.4162064,0.46129240331520555,-1.4162064
3523,1.3727192,-0.1394123521897265,1.3727192
3524,-1.3809686,-0.033749682672014884,-1.3809686
3525,-1.3809686,-0.033749682672014884,-1.3809686
3526,-1.3809686,-0.033749682672014884,-1.3809686
3527,-1.3809686,-0.033749682672014884,-1.3809686
3528,-1.3815581,0.10321874590554385,-1.3815581
3529,-1.3815581,0.10321874590554385,-1.3815581
3530,-1.3815581,0.10321874590554385,-1.3815581
3531,-1.3815581,0.10321874590554385,-1.3815581
3532,1.3815576,0.10574247071316015,1.3815576
3533,1.3815576,0.10574247071316015,1.3815576
3534,1.3815576,0.10574247071316015,1.3815576
3535,-1.3811686,0.22400790175556612,-1.3811686
3536,-1.3811686,0.22400790175556612,-1.3811686
3537,-1.3811686,0.22400790175556612,-1.3811686
3538,1.4423459,-0.8075921289169387,1.4423459
3539,1.3811684,-0.24114305739141734,1.3811684
3540,1.3811684,-0.24114305739141734,1.3811684
3541,1.3811684,-0.24114305739141734,1.3811684
3542,-1.3810759,0.19523414770717923,-1.3810759
3543,-1.3810759,0.19523414770717923,-1.3810759
3544,-1.3810759,0.19523414770717923,-1.3810759
3545,1.3810765,0.034304309635457754,1.3810765
3546,1.3810765,0.034304309635457754,1.3810765
3547,1.366116,-0.1616069773024608,1.366116
3548,1.366116,-0.11042946997001704,1.366116
3549,1.366116,-0.09866771646280006,1.366116
3550,1.366116,-0.09866771646280006,1.366116
3551,1.366116,-0.09866771646280006,1.366116
3552,1.366116,-0.09866771646280006,1.366116
3553,1.366116,-0.09866771646280006,1.366116
3554,1.3706514,-0.10496394003429298,1.3706514
3555,1.3706514,-0.10496394003429298,1.3706514
3556,1.3570869,-0.0896519860361741,1.3570869
3557,1.3570869,-0.0896519860361741,1.3570869
3558,1.3651655,-0.11800730238065166,1.3651655
3559,1.3656038,0.0006296260243959934,1.3656038
3560,-1.4279141,0.5209072702728759,-1.4279141
3561,-1.4263505,0.5096396140047007,-1.4263505
3562,1.3678305,-0.03761592976791286,1.3678305
3563,1.3389698,0.013573358349115652,1.3389698
3564,1.3389698,0.013573358349115652,1.3389698
3565,-1.3386842,0.07867068293886069,-1.3386842
3566,-1.3685657,-0.06252813606061129,-1.3685657
3567,1.3387668,0.05353048368241754,1.3387668
3568,1.2984904,0.09495654016525831,1.2984904
3569,1.2939898,0.06749204538161213,1.2939898
3570,-1.3641695,0.13422532577646462,-1.3641695
3571,-1.3641695,0.13422532577646462,-1.3641695
3572,1.4051096,-0.23172067842916214,1.4051096
3573,-1.3448339,0.1635597080502476,-1.3448339
3574,-1.3655276,0.07044633341717248,-1.3655276
3575,-1.3652896,0.10883593395417707,-1.3652896
3576,-1.368043,-0.05750600504227738,-1.368043
3577,1.3680444,0.340212802773348,1.3680444
3578,-1.3603733,-0.09348834950316823,-1.3603733
3579,1.431697,-0.431541694711121,1.431697
3580,1.3996406,-0.02426488718451469,1.3996406
3581,1.3996406,-0.02426488718451469,1.3996406
3582,-1.4004457,0.10607763112689421,-1.4004457
3583,-1.4004457,0.10607763112689421,-1.4004457
3584,-1.4004457,0.10607763112689421,-1.4004457
3585,-1.4004457,0.10607763112689421,-1.4004457
3586,-1.4004457,0.10607763112689421,-1.4004457
3587,-1.3997003,0.05516895908501765,-1.3997003
3588,-1.3997003,0.05516895908501765,-1.3997003
3589,-1.3997003,0.05516895908501765,-1.3997003
3590,1.3999425,-0.2518497923699707,1.3999425
3591,1.3999425,-0.09476657354146886,1.3999425
3592,-1.3877264,-0.019065926135865767,-1.3877264
3593,-1.3877264,-0.019065926135865767,-1.3877264
3594,1.3480002,0.19938297921154063,1.3480002
3595,-1.3950026,0.27258221931612764,-1.3950026
3596,-1.392771,0.4708460713012966,-1.392771
3597,-1.3747911,0.02835711309546031,-1.3747911
3598,-1.3747911,0.02835711309546031,-1.3747911
3599,-1.3747911,0.030327948731074254,-1.3747911
3600,1.3856767,0.1909408816785971,1.3856767
3601,1.3856767,0.1909408816785971,1.3856767
3602,1.3856767,0.1909408816785971,1.3856767
3603,-1.3863673,-0.19321799342150975,-1.3863673
3604,-1.3863673,-0.19321799342150975,-1.3863673
3605,1.3863672,0.1696278541928375,1.3863672
3606,1.3863672,0.1696278541928375,1.3863672
3607,1.3863672,0.1696278541928375,1.3863672
3608,-1.3863673,-0.19321799342150975,-1.3863673
3609,1.4307605,-0.7573418050003432,1.4307605
3610,1.4396417,-0.8218551723645977,1.4396417
3611,-1.4276438,0.5327952783086077,-1.4276438
3612,-1.3632655,0.2994816182413757,-1.3632655
3613,1.6234796,-0.7609314485874992,1.6234796
3614,1.6388763,-0.6429518429356627,1.6388763
3615,-1.8658918,0.6693108920647034,-1.8658918
3616,1.8665956,-0.8972299449650343,1.8665956
3617,1.3808136,-0.03718426071643435,1.3808136
3618,1.3691349,0.15849129438667772,1.3691349
3619,-1.3691362,0.04742931514551624,-1.3691362
3620,-1.3815151,0.11267539721147019,-1.3815151
3621,-1.3806604,0.16920635205893636,-1.3806604
3622,-1.3806604,0.16920635205893636,-1.3806604
3623,1.3659371,-0.05666467917511358,1.3659371
3624,-1.353385,-0.04637886824401297,-1.353385
3625,-1.3387419,0.07082403935713545,-1.3387419
3626,-1.3466226,0.021432283931041896,-1.3466226
3627,1.3395333,0.1485453420549058,1.3395333
3628,-1.3890412,0.3084900683097154,-1.3890412
3629,-1.3997121,0.16231968046631667,-1.3997121
3630,1.405012,-0.09710920993982293,1.405012
3631,1.3988096,-0.26606186784630853,1.3988096
3632,-1.3538635,0.13338804331696358,-1.3538635
3633,-1.3936157,0.3368975787941698,-1.3936157
3634,-1.3642827,0.017343478040473082,-1.3642827
3635,1.4553945,-0.6118937129365352,1.4553945
3636,1.4553945,-0.6118937129365352,1.4553945
3637,-1.3587399,0.02413619234499171,-1.3587399
3638,1.3562961,0.014901026316227962,1.3562961
3639,-1.4308877,0.7180281694926796,-1.4308877
3640,1.4303147,-0.5665163906003576,1.4303147
3641,1.430289,-0.4894057592687647,1.430289
3642,-1.4302914,0.4417303820132383,-1.4302914
3643,-1.4300023,0.39870815909088814,-1.4300023
3644,-1.3613863,-0.008197318253058129,-1.3613863
3645,-1.4464164,0.9674233710907829,-1.4464164
3646,-1.4463055,1.1766275409756513,-1.4463055
3647,1.3586477,-0.01376929090390164,1.3586477
3648,1.3890514,-0.3090335857007061,1.3890514
3649,-1.3496642,-0.09772170612927067,-1.3496642
3650,-1.4411852,1.0137008280537614,-1.4411852
3651,-1.3459009,-0.026669934039522166,-1.3459009
3652,-1.3385296,0.013869530287917237,-1.3385296
3653,-1.3441557,-0.01002389020955401,-1.3441557
3654,-1.4010516,0.14079244727302326,-1.4010516
3655,-1.4399757,0.7857897326052734,-1.4399757
3656,1.3621399,-0.0010044626785999907,1.3621399
3657,-1.3587736,-0.005045648291508522,-1.3587736
3658,-1.3659049,0.021081182541643286,-1.3659049
3659,-1.3653307,0.06895621590398696,-1.3653307
3660,1.3584085,-0.08062529154933311,1.3584085
3661,1.3574725,0.040802380320839715,1.3574725
3662,1.3590853,-0.0768630120003932,1.3590853
3663,-1.4489781,0.4311048253774454,-1.4489781
3664,-1.4489781,0.4311048253774454,-1.4489781
3665,-1.3434329,-0.035517405941190114,-1.3434329
3666,-1.3533384,0.05400399785181845,-1.3533384
3667,1.3562901,0.019142260960069567,1.3562901
3668,1.43548,-0.6249872263121196,1.43548
3669,1.43548,-0.6249872263121196,1.43548
3670,-1.4264251,0.3458141115865037,-1.4264251
3671,-1.4264251,0.3458141115865037,-1.4264251
3672,1.3891548,-0.2720808000274542,1.3891548
3673,1.3891548,-0.44158568992524866,1.3891548
3674,1.4118546,-0.2502262206934208,1.4118546
3675,-1.3316419,0.18093175615638107,-1.3316419
3676,-1.3316419,0.18093175615638107,-1.3316419
3677,-1.3807672,-0.05330315857123598,-1.3807672
3678,-1.3588321,-0.013515228384952229,-1.3588321
3679,1.3806436,0.055142703401253546,1.3806436
3680,1.3671153,-0.23794605498810478,1.3671153
3681,-1.3413973,0.0089061616469061,-1.3413973
3682,1.342345,0.08505272849775124,1.342345
3683,1.342345,0.13054176076757001,1.342345
3684,1.342345,0.13054176076757001,1.342345
3685,-1.3626565,-0.03771219853029237,-1.3626565
3686,1.3618206,-0.0844279920900074,1.3618206
3687,1.3618206,-0.0844279920900074,1.3618206
3688,1.3446021,-0.0923536707887649,1.3446021
3689,-1.340665,-0.046045612783093444,-1.340665
3690,-1.340665,-0.09035838890241127,-1.340665
3691,1.3646222,0.003403662333337845,1.3646222
3692,-1.3642832,0.13492783718821222,-1.3642832
3693,-1.3657349,0.028370881163792543,-1.3657349
3694,-1.365783,0.029754193228187224,-1.365783
3695,1.4189966,-0.22944320131768295,1.4189966
3696,1.4189966,-0.22944320131768295,1.4189966
3697,1.3610784,0.04969612275693838,1.3610784
3698,1.4349422,-0.7325847211512486,1.4349422
3699,-1.3453732,-0.02100788728718982,-1.3453732
3700,-1.3579389,0.1211420809636112,-1.3579389
3701,1.3488417,-0.05060168292030567,1.3488417
3702,-1.3652196,0.03305424568808327,-1.3652196
3703,1.3624635,0.05100537941393882,1.3624635
3704,-1.3573512,0.024741807707971922,-1.3573512
3705,1.3671556,-0.054277311747282744,1.3671556
3706,1.4325113,-0.4003125791850644,1.4325113
3707,1.3679724,0.07561752012767442,1.3679724
3708,-1.3527069,-0.023392346186857222,-1.3527069
3709,-1.3613567,0.033875033503676655,-1.3613567
3710,1.4347702,-0.4747220992879441,1.4347702
3711,-1.4326496,0.31555866213805944,-1.4326496
3712,-1.3478817,-0.0749782116373173,-1.3478817
3713,-1.3689203,-0.00021777520962948035,-1.3689203
3714,1.3496177,-0.032820055295920886,1.3496177
3715,-1.3654128,0.1738553801075228,-1.3654128
3716,1.3653917,-0.03822845402484671,1.3653917
3717,-1.405685,0.13876702036053265,-1.405685
3718,1.4056873,-0.137778969907517,1.4056873
3719,1.6409357,-0.6880642870940601,1.6409357
3720,-1.3932316,0.452084091261438,-1.3932316
3721,-1.3932316,0.452084091261438,-1.3932316
3722,1.3629766,-0.002835517725120901,1.3629766
3723,1.3704144,-0.11387091310948343,1.3704144
3724,1.3625042,0.12246814979655843,1.3625042
3725,1.351301,0.09293156130629242,1.351301
3726,-1.3699318,0.0631249615075341,-1.3699318
3727,1.3770651,0.02751854605591751,1.3770651
3728,-1.3629513,-0.028527992893990176,-1.3629513
3729,1.3764741,-0.1639234870747644,1.3764741
3730,1.3670257,0.10366599280410939,1.3670257
3731,-1.3725348,0.08680126567444325,-1.3725348
3732,1.3717742,-0.029679917604649983,1.3717742
3733,-1.3598722,0.07441266587022483,-1.3598722
3734,-1.3598722,0.07441266587022483,-1.3598722
3735,-1.3598722,-0.01849111398935279,-1.3598722
3736,-1.3615671,-0.06181561243048717,-1.3615671
3737,1.3614496,0.2047170271057767,1.3614496
3738,1.3614496,0.2047170271057767,1.3614496
3739,1.4091611,-0.3583146870390485,1.4091611
3740,1.4091611,-0.3583146870390485,1.4091611
3741,-1.4144567,0.2078598612163262,-1.4144567
3742,-1.4144567,0.2078598612163262,-1.4144567
3743,-1.414477,0.4590195224803364,-1.414477
3744,1.4030026,-0.2541117635998196,1.4030026
3745,-1.3637693,-0.02656121270669835,-1.3637693
3746,1.3610052,-0.022993424937061767,1.3610052
3747,-1.3501282,-0.12873515377009434,-1.3501282
3748,-1.3632246,-0.03771855459368402,-1.3632246
3749,-1.360609,-0.07141854065355792,-1.360609
3750,1.3684669,-0.08695924132553126,1.3684669
3751,1.3587699,0.05934218463993098,1.3587699
3752,1.3708237,0.1089248954351748,1.3708237
3753,1.3561698,0.08856041215755056,1.3561698
3754,-1.4259702,0.6079431486760871,-1.4259702
3755,-1.4259702,0.2727434205701161,-1.4259702
3756,-1.4259702,0.6008804753443576,-1.4259702
3757,-1.4305934,0.4393376870314188,-1.4305934
3758,1.4262601,-0.553213659981948,1.4262601
3759,1.4262601,-0.33568785408368984,1.4262601
3760,-1.3650556,-0.046466228160418274,-1.3650556
3761,-1.3650556,-0.046466228160418274,-1.3650556
3762,-1.4328834,0.5388875920489322,-1.4328834
3763,1.4238693,-0.42987434790840595,1.4238693
3764,-1.3516269,-0.06476718934346694,-1.3516269
3765,-1.3532777,-0.019019254367938478,-1.3532777
3766,-1.365662,0.061421729103085326,-1.365662
3767,1.3699646,-0.045698255305655536,1.3699646
3768,-1.3667825,-0.12034458082149976,-1.3667825
3769,-1.4361472,0.6681893453530308,-1.4361472
3770,-1.3621604,0.06953715548108119,-1.3621604
3771,-1.3535897,-0.1511096014037078,-1.3535897
3772,-1.3385621,0.10346135648026838,-1.3385621
3773,-1.3387818,0.05745164360891036,-1.3387818
3774,1.3384327,0.06835155737407053,1.3384327
3775,1.3384327,0.06835155737407053,1.3384327
3776,1.3384427,0.03171479356579375,1.3384427
3777,-1.4195539,0.5221259452626082,-1.4195539
3778,1.3615059,0.11022908780286574,1.3615059
3779,1.4243884,-0.43372351023288874,1.4243884
3780,1.4185473,-0.613343930976695,1.4185473
3781,1.4140325,-0.548751768836834,1.4140325
3782,-1.3706053,0.317375403773749,-1.3706053
3783,-1.3706053,0.317375403773749,-1.3706053
3784,-1.3746113,0.2291060017621248,-1.3746113
3785,-1.3642142,0.2519982775440427,-1.3642142
3786,-1.3642142,0.2519982775440427,-1.3642142
3787,-1.3640062,0.09575437810831748,-1.3640062
3788,1.3723793,-0.08325116609619314,1.3723793
3789,1.365505,0.04767860741768705,1.365505
3790,1.365505,0.04767860741768705,1.365505
3791,-1.3659424,0.24691835690177208,-1.3659424
3792,-1.3659424,0.24691835690177208,-1.3659424
3793,1.3659437,0.015394591234310952,1.3659437
3794,-1.3652756,0.32415112914912597,-1.3652756
3795,1.3654522,0.07670801323129292,1.3654522
3796,1.3699474,-0.09521552738896812,1.3699474
3797,-1.3887941,0.13039855126265062,-1.3887941
3798,1.4071797,-0.26430195185628774,1.4071797
3799,-1.3988625,0.4263741899466606,-1.3988625
3800,-1.3815013,0.08696748095429828,-1.3815013
3801,-1.3815013,0.08696748095429828,-1.3815013
3802,-1.3815013,0.08696748095429828,-1.3815013
3803,-1.3815013,0.08696748095429828,-1.3815013
3804,-1.3815013,0.08696748095429828,-1.3815013
3805,1.3814995,0.06049097284689673,1.3814995
3806,1.3814995,0.06049097284689673,1.3814995
3807,1.3814995,0.06049097284689673,1.3814995
3808,1.3446068,0.18604365327031105,1.3446068
3809,1.3446068,0.18604365327031105,1.3446068
3810,1.43126,-0.8044761229305613,1.43126
3811,1.3663138,-0.11886579154461314,1.3663138
3812,-1.4310412,0.45716859277819777,-1.4310412
3813,-1.3567125,0.024427742051378702,-1.3567125
3814,-1.4169356,0.1655899344325781,-1.4169356
3815,1.4238924,-0.4589848793485406,1.4238924
3816,1.387835,-0.366106306924827,1.387835
3817,-1.3746953,0.0027490371823626204,-1.3746953
3818,1.3820608,-0.042849992396152725,1.3820608
3819,-1.3898481,0.019390964630294,-1.3898481
3820,-1.3898481,0.019390964630294,-1.3898481
3821,1.3392318,0.07003751930417386,1.3392318
3822,-1.3652698,0.09556875716675119,-1.3652698
3823,-1.3652698,0.09556875716675119,-1.3652698
3824,-1.3626589,0.18951790272044944,-1.3626589
3825,-1.3626589,0.18951790272044944,-1.3626589
3826,-1.3692024,0.12960666539852492,-1.3692024
3827,-1.3692024,0.12960666539852492,-1.3692024
3828,-1.3440694,0.059144400924536,-1.3440694
3829,-1.4396147,0.9497128574108458,-1.4396147
3830,-1.3778181,0.4213208210547219,-1.3778181
3831,1.3814262,-0.3052646135405041,1.3814262
3832,1.4235106,-0.4993821434742837,1.4235106
3833,-1.4556571,0.7082846127794674,-1.4556571
3834,1.6392844,-0.7634705600656552,1.6392844
3835,1.6398348,-0.806595297147895,1.6398348
3836,-1.377337,0.25514925357549745,-1.377337
3837,-1.3648044,-0.01411776630835999,-1.3648044
3838,-1.3587886,0.25514009079495753,-1.3587886
3839,1.3545641,0.11167399784150496,1.3545641
3840,-1.3888342,0.2382098577445285,-1.3888342
3841,-1.3888342,0.3477154601288966,-1.3888342
3842,-1.4002486,-0.15659398234395155,-1.4002486
3843,1.3856128,-0.5079766835788175,1.3856128
3844,-1.3812612,0.1583376536378495,-1.3812612
3845,-1.4416381,0.9465314669961845,-1.4416381
3846,-1.365637,0.11075703351616464,-1.365637
3847,-1.3378632,-0.04726589509316409,-1.3378632
3848,1.4482235,-1.046978997296813,1.4482235
3849,1.4482235,-1.046978997296813,1.4482235
3850,1.4390417,-0.6214305604015905,1.4390417
3851,-1.3526001,-0.026066189867334652,-1.3526001
3852,-1.3526001,-0.020438146902480643,-1.3526001
3853,-1.3650695,-0.023155557281566944,-1.3650695
3854,-1.3650695,-0.023155557281566944,-1.3650695
3855,-1.3650695,-0.017185550951604987,-1.3650695
3856,1.3676758,0.14499340697958837,1.3676758
3857,-1.400328,0.3707468695783705,-1.400328
3858,1.3875655,-0.09337837381211628,1.3875655
3859,1.3875655,-0.083218831729682,1.3875655
3860,-1.400982,0.4357090836511943,-1.400982
3861,-1.4068393,0.3675734731054224,-1.4068393
3862,1.3584857,0.05691556673229388,1.3584857
3863,-1.3596816,-0.08098216262513268,-1.3596816
3864,-1.3448902,-0.0903997063967938,-1.3448902
3865,1.3649827,0.11082911257608066,1.3649827
3866,1.3662045,-0.00037641477315733963,1.3662045
3867,-1.3660806,0.07150874603080448,-1.3660806
3868,1.3582611,0.202807683269192,1.3582611
3869,1.428904,-0.5483060699904264,1.428904
3870,1.3520471,-0.020381632700170026,1.3520471
3871,1.4204531,-0.5250548361836952,1.4204531
3872,-1.3384929,-0.10012204460470259,-1.3384929
3873,1.4601872,-1.1084652762207574,1.4601872
3874,1.3734288,-0.20352294838372234,1.3734288
3875,-1.373565,0.07519039861126006,-1.373565
3876,-1.3774874,-0.03714064621557353,-1.3774874
3877,1.3796569,-0.33283921990000515,1.3796569
3878,1.3954768,-0.2689933961740501,1.3954768
3879,1.3772478,-0.062050399153143955,1.3772478
3880,1.3815538,-0.45159797594671935,1.3815538
3881,1.3581107,-0.007900225695268145,1.3581107
3882,1.3392507,0.04079786847997828,1.3392507
3883,-1.3613403,0.1007041483815073,-1.3613403
3884,-1.3477955,0.03316962164191468,-1.3477955
3885,-1.3477955,0.03316962164191468,-1.3477955
3886,1.360865,-0.002891451303617842,1.360865
3887,1.360865,-0.002891451303617842,1.360865
3888,1.361509,0.01951890021110288,1.361509
3889,1.3690012,-0.05230018634990201,1.3690012
3890,1.3638976,-0.03006459974512792,1.3638976
3891,-1.3594863,0.03257334929427701,-1.3594863
3892,-1.3594863,-0.05029845260057478,-1.3594863
3893,-1.3594863,-0.054341172545361034,-1.3594863
3894,-1.3624337,0.031945973244458664,-1.3624337
3895,1.4176161,-0.31061055107772045,1.4176161
3896,-1.4048362,-0.12848933431341603,-1.4048362
3897,-1.4157597,0.27066733373478097,-1.4157597
3898,-1.4168319,-0.14225807291145087,-1.4168319
3899,1.4044821,-0.29237538293232296,1.4044821
3900,1.4233879,-0.3348860499314994,1.4233879
3901,1.4248654,-0.1567862073358449,1.4248654
3902,1.4242966,-0.056819996295302065,1.4242966
3903,-1.3619559,-0.061260910742052,-1.3619559
3904,-1.4157583,0.49842502127426275,-1.4157583
3905,-1.4157583,0.17770919835061047,-1.4157583
3906,-1.4395896,0.5204840748682802,-1.4395896
3907,1.4305263,-0.4837716664739212,1.4305263
3908,-1.3816198,0.31362237256264447,-1.3816198
3909,-1.3816198,0.31362237256264447,-1.3816198
3910,1.3748543,-0.3196933281488617,1.3748543
3911,1.3748543,-0.3196933281488617,1.3748543
3912,-1.386846,0.29514220881112346,-1.386846
3913,1.3639896,-0.029636750469977914,1.3639896
3914,-1.3644673,0.04326228878941056,-1.3644673
3915,-1.452035,0.48788682859041227,-1.452035
3916,-1.452035,0.48788682859041227,-1.452035
3917,-1.3856059,0.25767142483140804,-1.3856059
3918,1.3285643,0.06342088769363408,1.3285643
3919,-1.3818811,0.2995099058062222,-1.3818811
3920,1.3666127,-0.09249863707242897,1.3666127
3921,-1.3637053,-0.023861534680466732,-1.3637053
3922,1.3421764,-0.03793716289642982,1.3421764
3923,1.364289,-0.08017995147870433,1.364289
3924,1.364289,-0.08017995147870433,1.364289
3925,-1.3592772,-0.05056544774488429,-1.3592772
3926,1.3465225,-0.10541635731254452,1.3465225
3927,-1.367498,-0.04227720866099865,-1.367498
3928,-1.3674638,0.07346861369330264,-1.3674638
3929,-1.3603308,0.013589467474806282,-1.3603308
3930,-1.3657705,0.010464177646475161,-1.3657705
3931,1.3554114,-0.07250709909523236,1.3554114
3932,-1.4171338,0.22515628662565404,-1.4171338
3933,1.4179704,-0.16584834633227868,1.4179704
3934,-1.3592821,-0.0033782020921429537,-1.3592821
3935,1.3653066,-0.01518647233551128,1.3653066
3936,-1.3591546,-0.0437727044434974,-1.3591546
3937,1.3693367,0.019637990085534355,1.3693367
3938,1.4289522,-0.2970821273368525,1.4289522
3939,-1.4316645,0.5354399324899597,-1.4316645
3940,-1.4269296,0.5524408962298039,-1.4269296
3941,-1.3670026,0.006792881064741507,-1.3670026
3942,-1.3649399,0.06318060505032257,-1.3649399
3943,-1.4349389,0.8682079203938118,-1.4349389
3944,-1.3520803,0.08389670621795972,-1.3520803
3945,1.3721398,-0.41673160146068655,1.3721398
3946,-1.3634356,-0.056089923328011285,-1.3634356
3947,1.4333647,-0.3504577874178999,1.4333647
3948,1.3615931,0.11656827847265845,1.3615931
3949,1.3636414,-0.10458632687670891,1.3636414
3950,1.4318393,-0.5581387295364177,1.4318393
3951,1.3365102,0.09803889334884293,1.3365102
3952,-1.3527347,0.0082941387367212,-1.3527347
3953,1.3828512,-0.5385532490109077,1.3828512
3954,1.3828512,-0.5565389982507483,1.3828512
3955,-1.3775952,0.22980597522313434,-1.3775952
3956,1.3875409,-0.2677416345027319,1.3875409
3957,1.4003159,-0.4000393190568597,1.4003159
3958,1.4135699,-0.38539967450980234,1.4135699
3959,-1.3647245,-0.052953630650214,-1.3647245
3960,1.3852742,0.30412515468408546,1.3852742
3961,1.3628075,0.07521576391734362,1.3628075
3962,1.3619866,0.10432753363879065,1.3619866
3963,1.3632255,0.10371367743310421,1.3632255
3964,1.3625194,0.07267222217669862,1.3625194
3965,1.3612067,0.09314104114247627,1.3612067
3966,1.3617141,-0.05001627839524193,1.3617141
3967,1.3813804,-0.38986670897565756,1.3813804
3968,1.3670282,-0.18400641994886954,1.3670282
3969,-1.3643109,0.025049350468077484,-1.3643109
3970,1.3631134,-0.05318575640652047,1.3631134
3971,-1.4097313,0.5333856768566445,-1.4097313
3972,1.3636404,0.02297454518788991,1.3636404
3973,1.4262238,-0.43418299188764564,1.4262238
3974,-1.4313189,0.3999013377199831,-1.4313189
3975,1.4260731,-0.40397734545598174,1.4260731
3976,1.3373846,0.10014745130953319,1.3373846
3977,1.3617206,0.013368491595764715,1.3617206
3978,1.3617206,0.013368491595764715,1.3617206
3979,1.3389399,0.10059456818527669,1.3389399
3980,1.3389399,0.10059456818527669,1.3389399
3981,1.3386883,0.17044102368463507,1.3386883
3982,1.3386883,0.17044102368463507,1.3386883
3983,1.3607867,0.04772691263638962,1.3607867
3984,1.3702309,-0.02928576074417761,1.3702309
3985,1.3702309,-0.02928576074417761,1.3702309
3986,1.6391982,-0.8485670221733274,1.6391982
3987,1.6398431,-0.5892312459148537,1.6398431
3988,-1.4305369,0.8450031853617114,-1.4305369
3989,-1.4406756,0.8697241018962559,-1.4406756
3990,-1.4374356,0.7953945105883824,-1.4374356
3991,-1.3885463,0.12085608115122956,-1.3885463
3992,1.3632606,0.11129708881169069,1.3632606
3993,-1.3624119,0.01358702747700083,-1.3624119
3994,-1.3624119,0.00723659060345767,-1.3624119
3995,-1.3624119,0.01358702747700083,-1.3624119
3996,-1.3472835,0.0030817741754839713,-1.3472835
3997,-1.3653477,-0.03255412746062506,-1.3653477
3998,-1.439649,0.9966463774778505,-1.439649
3999,-1.3643072,0.12801034490064023,-1.3643072
4000,-1.3632255,-0.0006442310948765734,-1.3632255
4001,1.3586215,0.218326904760884,1.3586215
4002,-1.3394653,0.0681472821633644,-1.3394653
4003,1.3393923,0.05849304904325078,1.3393923
4004,1.3390481,0.07086835041411642,1.3390481
4005,-1.297189,0.08021257385111269,-1.297189
4006,-1.3736533,0.21643267226696514,-1.3736533
4007,-1.3736533,0.21643267226696514,-1.3736533
4008,-1.3726298,0.12215595739702859,-1.3726298
4009,-1.3726298,0.12215595739702859,-1.3726298
4010,-1.297189,0.08021257385111269,-1.297189
4011,-1.3886098,0.09386606090783221,-1.3886098
4012,1.3453759,-0.020906070241782267,1.3453759
4013,-1.3631655,0.12161155357434134,-1.3631655
4014,-1.3631744,-0.03762749672261068,-1.3631744
4015,-1.3438536,-0.10287949131129469,-1.3438536
4016,-1.3438536,-0.06438708500621838,-1.3438536
4017,-1.365253,0.052850695532127415,-1.365253
4018,1.4273645,-0.4177362435519195,1.4273645
4019,-1.3659561,-0.1284171066024529,-1.3659561
4020,1.4272598,-0.6145153509448762,1.4272598
4021,-1.3434113,-0.09348693037212023,-1.3434113
4022,1.3684758,-0.21392971133717098,1.3684758
4023,1.3654671,0.007549170296409859,1.3654671
4024,1.4501325,-1.0151863451071679,1.4501325
4025,-1.3865948,0.0010774664670166459,-1.3865948
4026,-1.3865948,0.0010774664670166459,-1.3865948
4027,-1.3818682,0.40940412983880264,-1.3818682
4028,-1.3643125,0.0222461840818508,-1.3643125
4029,1.4289557,-0.534771734572894,1.4289557
4030,-1.4304432,0.5499261169800486,-1.4304432
4031,-1.4346858,0.4239837706740022,-1.4346858
4032,1.4192222,-0.45570808509502697,1.4192222
4033,-1.4266096,0.44354873708868536,-1.4266096
4034,-1.4279078,0.48662090473439285,-1.4279078
4035,-1.4279078,0.48662090473439285,-1.4279078
4036,1.4270664,-0.43775992047502266,1.4270664
4037,1.3542389,0.030313329442452866,1.3542389
4038,1.4247986,-0.4099949348436026,1.4247986
4039,-1.4462132,0.9641683654645823,-1.4462132
4040,-1.4282033,0.46541980121734555,-1.4282033
4041,-1.3601109,0.1279598819346652,-1.3601109
4042,1.3762065,-0.2891331770846697,1.3762065
4043,1.3599485,-0.09617005135657243,1.3599485
4044,1.355349,-0.0033962700053007896,1.355349
4045,1.378181,-0.4050873876030962,1.378181
4046,1.3759882,-0.1791620598719905,1.3759882
4047,-1.3898994,0.18017113060157486,-1.3898994
4048,-1.3461918,-0.0817239908946264,-1.3461918
4049,-1.4156555,0.5420945555635139,-1.4156555
4050,1.4056245,-0.0819158358337968,1.4056245
4051,-1.3685607,0.17252468081173927,-1.3685607
4052,1.3580129,0.07653789508420242,1.3580129
4053,-1.3560764,-0.013990447081694515,-1.3560764
4054,-1.3611568,0.02582361497570623,-1.3611568
4055,-1.3611568,0.02582361497570623,-1.3611568
4056,-1.4187728,0.4425683969052947,-1.4187728
4057,1.4018477,-0.4592509275798969,1.4018477
4058,-1.4038274,0.1554191346494085,-1.4038274
4059,1.4028592,-0.20692790974088934,1.4028592
4060,-1.4018486,0.2219684858652301,-1.4018486
4061,1.3771534,-0.3950260737467367,1.3771534
4062,1.3778096,-0.37454106675997784,1.3778096
4063,1.3770398,-0.40967763920342565,1.3770398
4064,1.3830739,-0.30857335846613504,1.3830739
4065,1.3830739,-0.30857335846613504,1.3830739
4066,-1.3747369,0.3591682741474813,-1.3747369
4067,1.3818284,-0.3914687593460717,1.3818284
4068,1.3584234,0.11786831011400797,1.3584234
4069,-1.3589934,0.17600607966502752,-1.3589934
4070,-1.3576971,0.12074931096902117,-1.3576971
4071,1.4463251,-0.7352833396993042,1.4463251
4072,1.4469167,-0.8431516914897504,1.4469167
4073,-1.3654988,0.05657194046448856,-1.3654988
4074,-1.3677423,-0.023536759041576167,-1.3677423
4075,-1.36515,0.07640613200841216,-1.36515
4076,1.4178615,-0.1996508931791236,1.4178615
4077,1.3707355,-0.08480228618967754,1.3707355
4078,-1.366238,0.06302396677868438,-1.366238
4079,-1.366238,0.06542417121423023,-1.366238
4080,-1.364736,-0.01937481622501356,-1.364736
4081,1.4166263,0.014879245255931827,1.4166263
4082,-1.3993767,0.26518230023820044,-1.3993767
4083,-1.3558484,0.021008023431865277,-1.3558484
4084,-1.3604934,0.07488152619781688,-1.3604934
4085,-1.3611599,-0.01733122917124741,-1.3611599
4086,-1.3548338,-0.0162013727952639,-1.3548338
4087,1.4290277,-0.5249879485836185,1.4290277
4088,-1.4346871,0.709857979088543,-1.4346871
4089,1.4283905,-0.5870309101108394,1.4283905
4090,1.3664458,-0.035801530749728284,1.3664458
4091,-1.333959,-0.10509839238364475,-1.333959
4092,-1.3326082,-0.09663788827607553,-1.3326082
4093,-1.3883362,0.22775032766092226,-1.3883362
4094,1.387475,-0.41393000191323054,1.387475
4095,-1.3755394,0.24980848355577903,-1.3755394
4096,-1.3879901,0.12911664767913694,-1.3879901
4097,1.3878798,-0.28149897151169184,1.3878798
4098,1.3799322,0.06381952413698026,1.3799322
4099,1.3983308,-0.2661227252412071,1.3983308
4100,1.3781711,-0.06198080882500949,1.3781711
4101,1.3634449,0.04961522745835616,1.3634449
4102,-1.4176778,0.28741345451286565,-1.4176778
4103,-1.3599824,0.03000687734525403,-1.3599824
4104,-1.3649596,0.08475916839407473,-1.3649596
4105,-1.4002115,0.3329924719988928,-1.4002115
4106,-1.432016,0.4202552875637215,-1.432016
4107,-1.3678261,-0.005499303444975734,-1.3678261
4108,-1.3678261,-0.005499303444975734,-1.3678261
4109,1.3672428,-0.147316406577499,1.3672428
4110,1.3672428,-0.147316406577499,1.3672428
4111,1.4254904,-0.47812827044492784,1.4254904
4112,-1.4253007,0.4579239189137507,-1.4253007
4113,1.3383279,0.13869997028671857,1.3383279
4114,-1.3749784,0.09321005493033337,-1.3749784
4115,-1.3697913,0.12782580918722664,-1.3697913
4116,1.3782701,-0.2987600311533161,1.3782701
4117,-1.3842629,0.18599815190104038,-1.3842629
4118,-1.3842629,0.18599815190104038,-1.3842629
4119,1.3740155,-0.3343772382245324,1.3740155
4120,-1.3388056,0.03274469706188208,-1.3388056
4121,-1.4036566,0.18674066978535986,-1.4036566
4122,-1.364865,0.16209158371947036,-1.364865
4123,1.3641546,-0.19373966513263752,1.3641546
4124,1.3648502,-0.06022794286951179,1.3648502
4125,-1.4467225,1.0592424660461284,-1.4467225
4126,-1.3611912,0.01605043942968228,-1.3611912
4127,1.356809,-0.005212448789343713,1.356809
4128,1.356809,0.003583342695310021,1.356809
4129,-1.433843,0.6852098748059364,-1.433843
4130,-1.4344648,0.6614372839452776,-1.4344648
4131,-1.4265018,0.9115212378458752,-1.4265018
4132,-1.3681426,-0.07256397825540357,-1.3681426
4133,-1.441557,0.7492809601164654,-1.441557
4134,-1.3931781,0.13651410197815403,-1.3931781
4135,1.428946,-0.8008241347452848,1.428946
4136,-1.3656309,-0.05460561598880032,-1.3656309
4137,-1.3445616,-0.039743862340056904,-1.3445616
4138,1.359786,0.026503304266559946,1.359786
4139,-1.358794,-0.025228931731952446,-1.358794
4140,1.3649457,-0.11413470143226984,1.3649457
4141,-1.3649676,-0.061641768566947225,-1.3649676
4142,1.3654743,0.01422087086994933,1.3654743
4143,-1.3437158,-0.17567878065566048,-1.3437158
4144,-1.4288285,0.37167228435443944,-1.4288285
4145,-1.3626589,-0.01697304148541002,-1.3626589
4146,-1.3626589,-0.06329345918268527,-1.3626589
4147,1.3593777,0.013872184213142189,1.3593777
4148,1.3654733,0.06580183414108468,1.3654733
4149,1.3654733,0.04176948572879838,1.3654733
4150,1.3654733,0.06580183414108468,1.3654733
4151,1.339834,-0.012025025309867985,1.339834
4152,-1.3414317,-0.0392066837877183,-1.3414317
4153,-1.3654314,0.18846710117520385,-1.3654314
4154,-1.3654314,0.07590979832628571,-1.3654314
4155,-1.3594816,-0.023155657199714286,-1.3594816
4156,-1.3764467,0.061234538406620145,-1.3764467
4157,1.3764226,0.026540857349232377,1.3764226
4158,-1.3713295,0.06712086052243242,-1.3713295
4159,-1.3680762,0.09577170716088838,-1.3680762
4160,-1.3680762,0.09577170716088838,-1.3680762
4161,-1.3502376,0.1181487372338646,-1.3502376
4162,-1.3630302,-0.06101259995323862,-1.3630302
4163,-1.4461279,0.8283233870736573,-1.4461279
4164,1.4116855,-0.4048489813446876,1.4116855
4165,-1.4175504,0.22395996225679532,-1.4175504
4166,-1.3625902,-0.041205878466422076,-1.3625902
4167,-1.3625902,-0.05385847362438358,-1.3625902
4168,-1.3625902,-0.041205878466422076,-1.3625902
4169,-1.3625902,-0.041205878466422076,-1.3625902
4170,-1.3625902,-0.05385847362438358,-1.3625902
4171,-1.3625902,-0.05385847362438358,-1.3625902
4172,-1.3483347,-0.11132366221449916,-1.3483347
4173,1.3625219,0.07183998627215185,1.3625219
4174,-1.3541553,-0.015238178514660469,-1.3541553
4175,-1.366769,-0.029634872478170118,-1.366769
4176,-1.366769,-0.029634872478170118,-1.366769
4177,-1.366769,-0.029634872478170118,-1.366769
4178,-1.366769,-0.029634872478170118,-1.366769
4179,-1.3655627,0.012163425480480253,-1.3655627
4180,-1.3632827,0.06950029027316103,-1.3632827
4181,-1.3600315,-0.0405246074691004,-1.3600315
4182,1.4488347,-0.6652267576218932,1.4488347
4183,1.4488347,-0.6652267576218932,1.4488347
4184,1.4283093,-0.24970037733897904,1.4283093
4185,-1.3631165,-0.035919583416069184,-1.3631165
4186,-1.3462538,0.01106003326471762,-1.3462538
4187,-1.3466235,0.1442717772021109,-1.3466235
4188,-1.3467195,0.044369563211495655,-1.3467195
4189,-1.3631077,0.11433850864013442,-1.3631077
4190,-1.3667351,0.15086657463012595,-1.3667351
4191,-1.3451978,-0.03893807892218301,-1.3451978
4192,1.4215755,-0.6193403293986005,1.4215755
4193,1.4061217,0.10272562595086805,1.4061217
4194,-1.4058726,0.15222794119382416,-1.4058726
4195,-1.3624525,0.016601440758231886,-1.3624525
4196,1.4267918,-0.4796206816065973,1.4267918
4197,1.4279004,-0.31730108686219655,1.4279004
4198,-1.3470426,-0.13731137475264302,-1.3470426
4199,-1.4268807,0.38254618455823786,-1.4268807
4200,-1.4268807,0.38254618455823786,-1.4268807
4201,1.3706974,-0.05677662524863609,1.3706974
4202,1.3462887,0.017442735391470073,1.3462887
4203,-1.4225004,0.3032576012173569,-1.4225004
4204,-1.3687401,0.14245590153587212,-1.3687401
4205,1.367945,-0.19061310974110185,1.367945
4206,1.4180322,-0.5645592271487049,1.4180322
4207,-1.3440133,0.021099462343244387,-1.3440133
4208,-1.4055778,0.36486296889945474,-1.4055778
4209,-1.366528,0.14228902188753162,-1.366528
4210,-1.3596777,0.062243204388031895,-1.3596777
4211,-1.4068481,0.5566765049241642,-1.4068481
4212,-1.3576306,-0.04392765505528313,-1.3576306
4213,-1.4303392,0.7177282211103962,-1.4303392
4214,-1.3656303,0.188440813394008,-1.3656303
4215,-1.364641,-0.1559187710326063,-1.364641
4216,1.3435035,-0.06626258117847368,1.3435035
4217,1.3405012,-0.07545238673748583,1.3405012
4218,-1.3888266,0.3279627313459122,-1.3888266
4219,1.3975288,-0.27470802064810723,1.3975288
4220,-1.3637494,-0.02249398964382531,-1.3637494
4221,1.3807662,-0.3591024161458433,1.3807662
4222,1.3776443,-0.26150744484460153,1.3776443
4223,1.3938812,-0.2512197675034381,1.3938812
4224,1.3798909,-0.4130756251486769,1.3798909
4225,-1.3587486,0.17336937806627234,-1.3587486
4226,-1.3583063,0.15728793150985204,-1.3583063
4227,-1.4280449,0.5201429618521648,-1.4280449
4228,-1.3615832,-0.0534402948478001,-1.3615832
4229,1.3611529,0.03361234498778465,1.3611529
4230,1.4183967,-0.21027943957977493,1.4183967
4231,-1.4160308,0.33829708706859657,-1.4160308
4232,-1.357712,-0.04195004105441952,-1.357712
4233,1.3535448,0.04984417644991086,1.3535448
4234,-1.4172248,0.3960198962200762,-1.4172248
4235,-1.4290401,0.6999344775424575,-1.4290401
4236,1.4058328,-0.27012868950864777,1.4058328
4237,1.4601513,-1.1292362294187241,1.4601513
4238,-1.4433492,0.9844984011948582,-1.4433492
4239,-1.3727027,-0.02568841530605036,-1.3727027
4240,-1.4196439,0.5784167219809732,-1.4196439
4241,1.383652,-0.3831623329543948,1.383652
4242,1.3979766,-0.32888773862294235,1.3979766
4243,-1.4131159,0.2979433200564742,-1.4131159
4244,-1.3637793,-0.04934039503386989,-1.3637793
4245,1.4196061,-0.21618949247314573,1.4196061
4246,-1.3626249,-0.059365279445557875,-1.3626249
4247,-1.4032416,0.15445476006989234,-1.4032416
4248,1.3452065,-0.09247638389659618,1.3452065
4249,1.4347073,-0.4763844825922107,1.4347073
4250,1.4295665,-0.4546588098332904,1.4295665
4251,-1.4337796,0.5749267228921164,-1.4337796
4252,-1.3486788,0.06721077499177704,-1.3486788
4253,1.3735046,-0.2210357469253437,1.3735046
4254,-1.3879601,0.061153666662915274,-1.3879601
4255,1.3761379,0.07956730688925949,1.3761379
4256,1.3829964,-0.3411976879194101,1.3829964
4257,1.3821627,-0.41977077343973446,1.3821627
4258,1.3640743,0.0554213026127796,1.3640743
4259,1.3779504,-0.24309746945905034,1.3779504
4260,1.3811969,-0.23355847252792997,1.3811969
4261,1.3821398,-0.33762382783049427,1.3821398
4262,1.4467975,-0.8573940713961125,1.4467975
4263,1.4265957,-0.15820624077992823,1.4265957
4264,-1.3644322,0.0023877409912900806,-1.3644322
4265,-1.3613275,-0.050710055766306716,-1.3613275
4266,-1.3597243,-0.02220974586339015,-1.3597243
4267,1.3539053,-0.03056340241996883,1.3539053
4268,1.3539053,-0.010149876684916403,1.3539053
4269,1.3539053,-0.07959149082755679,1.3539053
4270,1.3616546,-0.16494704811596062,1.3616546
4271,1.4143444,-0.2551279059560718,1.4143444
4272,-1.4426076,1.325411410900253,-1.4426076
4273,1.3781087,-0.27492219113237504,1.3781087
4274,1.3746803,-0.04969902362706153,1.3746803
4275,1.3652459,-0.0134886156562936,1.3652459
4276,-1.3707561,0.43803917548297716,-1.3707561
4277,-1.4419681,0.5301528166878767,-1.4419681
4278,1.3477545,-0.002088150349728139,1.3477545
4279,1.3477545,-0.002088150349728139,1.3477545
4280,-1.3443121,0.02258634583424873,-1.3443121
4281,-1.433883,0.780534322442004,-1.433883
4282,-1.4306161,0.5851794533172254,-1.4306161
4283,1.4303656,-0.255719176618892,1.4303656
4284,1.3565906,0.03293562552405119,1.3565906
4285,-1.3702425,0.2905750301268683,-1.3702425
4286,-1.3386762,-0.07567376275982386,-1.3386762
4287,-1.3651235,-0.05747015255253856,-1.3651235
4288,-1.4293659,0.5425202337791095,-1.4293659
4289,1.4243398,-0.37364898475041464,1.4243398
4290,1.2987882,0.14297426887130127,1.2987882
4291,1.3634017,-0.034225075319777414,1.3634017
4292,-1.3719292,0.10255332127734514,-1.3719292
4293,1.4088624,-0.3177516141145846,1.4088624
4294,1.4077059,-0.3718272202160743,1.4077059
4295,-1.4019791,0.6924666703990274,-1.4019791
4296,1.3803284,-0.2641016219707217,1.3803284
4297,1.3641423,-0.0038776866054966354,1.3641423
4298,1.3932675,-0.5415790600499512,1.3932675
4299,-1.3607385,-0.06764170596499897,-1.3607385
4300,1.346412,-0.11320015560419029,1.346412
4301,-1.3443261,-0.051512906597687196,-1.3443261
4302,-1.3647875,-0.06534370350585421,-1.3647875
4303,-1.4276688,0.4980820731474742,-1.4276688
4304,-1.4081824,0.1274146612619138,-1.4081824
4305,-1.4166679,0.3227703430019727,-1.4166679
4306,-1.3428152,-0.0590336459557579,-1.3428152
4307,1.3603711,-0.08984950535251854,1.3603711
4308,1.3617651,0.04365815173709822,1.3617651
4309,-1.3618233,-0.06613486384616847,-1.3618233
4310,1.3592744,-0.06759732593554506,1.3592744
4311,-1.3623183,0.048875071055249915,-1.3623183
4312,1.3569373,0.059913940832947,1.3569373
4313,1.3569373,0.059913940832947,1.3569373
4314,-1.3647475,-0.047224683207943846,-1.3647475
4315,-1.3650907,-0.013173713590641152,-1.3650907
4316,1.4056456,-0.19496127433643665,1.4056456
4317,-1.4312322,0.47178315087888034,-1.4312322
4318,-1.346561,-0.0003274290739154643,-1.346561
4319,1.3461162,0.031042867465715537,1.3461162
4320,-1.3465619,-0.08036262482873957,-1.3465619
4321,-1.415096,0.3014819495749835,-1.415096
4322,1.3659347,-0.15017766215779216,1.3659347
4323,-1.3484367,0.04784403646471605,-1.3484367
4324,1.3427383,0.008712363789351932,1.3427383
4325,1.3611827,0.08220848272107181,1.3611827
4326,-1.4288434,0.4644030619415383,-1.4288434
4327,-1.4288434,0.4644030619415383,-1.4288434
4328,1.4244714,-0.34720829459267405,1.4244714
4329,1.4244714,-0.34720829459267405,1.4244714
4330,-1.354179,-0.1738848616635797,-1.354179
4331,-1.3768096,0.1123910559328841,-1.3768096
4332,1.376015,-0.09139898388506545,1.376015
4333,-1.3508751,0.13865767835324116,-1.3508751
4334,-1.3652407,0.11122426922667614,-1.3652407
4335,-1.3652407,-0.02217903449054483,-1.3652407
4336,-1.366469,0.10469086568894746,-1.366469
4337,-1.3734016,0.1502466074227586,-1.3734016
4338,-1.3661784,0.022791956323896995,-1.3661784
4339,-1.3614886,-0.014883763365879933,-1.3614886
4340,-1.3462183,-0.012380671148066933,-1.3462183
4341,-1.3456439,-0.09494621241144613,-1.3456439
4342,-1.3456439,-0.09494621241144613,-1.3456439
4343,-1.3456439,-0.09494621241144613,-1.3456439
4344,1.3395329,-0.04918006400418068,1.3395329
4345,1.4126127,-0.1197337605559029,1.4126127
4346,-1.3652158,-0.07097473311791559,-1.3652158
4347,1.4009755,-0.11998436670166279,1.4009755
4348,-1.3649993,-0.06517568258698,-1.3649993
4349,-1.425431,0.31533083178371796,-1.425431
4350,-1.3419455,-0.13878293223689292,-1.3419455
4351,-1.4278926,0.2889135204170757,-1.4278926
4352,1.4334061,-0.6517339719223283,1.4334061
4353,-1.4252434,0.48209831850675516,-1.4252434
4354,-1.4277573,0.35179293611756257,-1.4277573
4355,1.3665625,-0.1498074210164379,1.3665625
4356,-1.3691945,0.2840480352582878,-1.3691945
4357,-1.3680038,0.20177308389017296,-1.3680038
4358,1.4009092,-0.4168491965488825,1.4009092
4359,-1.3807503,0.4109893180772969,-1.3807503
4360,-1.3807503,0.4109893180772969,-1.3807503
4361,-1.3807503,0.4109893180772969,-1.3807503
4362,1.3769125,-0.24031131651939674,1.3769125
4363,-1.400748,0.012039510827222485,-1.400748
4364,-1.3641638,0.17188219991928763,-1.3641638
4365,1.3651725,-0.06389153768443734,1.3651725
4366,-1.3636885,-0.02444137159764645,-1.3636885
4367,1.3410853,0.04447985344718594,1.3410853
4368,-1.3608485,-0.16137255307537596,-1.3608485
4369,-1.3619761,-0.005168457626030319,-1.3619761
4370,1.3783784,-0.39337247181191487,1.3783784
4371,1.4182626,-0.5268138468074465,1.4182626
4372,-1.3981673,0.4798646897878479,-1.3981673
4373,-1.3622599,-0.024916289621945344,-1.3622599
4374,-1.3618551,0.01774236267997235,-1.3618551
4375,-1.360661,0.04148825580967663,-1.360661
4376,1.4252754,-0.31477710483126636,1.4252754
4377,1.4010832,-0.572069979735104,1.4010832
4378,1.3638963,-0.06100705122633919,1.3638963
4379,1.4207811,-0.328527919334086,1.4207811
4380,1.3317488,-0.05792695609864744,1.3317488
4381,1.3642467,-0.09056832221179581,1.3642467
4382,-1.3640233,0.018452138256944493,-1.3640233
4383,1.4051136,-0.1941497894697621,1.4051136
4384,1.3810589,-0.41957102742029645,1.3810589
4385,1.3625869,0.1581177854039125,1.3625869
4386,-1.4292017,0.5182451707052353,-1.4292017
4387,-1.3998619,0.40046894163375085,-1.3998619
4388,-1.3493283,0.12138354499486373,-1.3493283
4389,-1.3636318,-0.05756556271707796,-1.3636318
4390,-1.3615819,0.018275439255992326,-1.3615819
4391,1.4407355,-0.5541348966520675,1.4407355
4392,1.3348007,0.1025364271336829,1.3348007
4393,-1.3707573,0.3885767007869798,-1.3707573
4394,1.3633682,0.08121087707987261,1.3633682
4395,1.4335054,-0.5323170683748046,1.4335054
4396,-1.358628,-0.11393786919402749,-1.358628
4397,-1.3653326,-0.0979250720621811,-1.3653326
4398,-1.3616867,0.016673423061385417,-1.3616867
4399,1.3391283,0.09331157212694703,1.3391283
4400,1.3391283,0.09331157212694703,1.3391283
4401,-1.3733672,0.22451058916158168,-1.3733672
4402,-1.3733672,0.22451058916158168,-1.3733672
4403,-1.3697721,0.20235147025594674,-1.3697721
4404,-1.3716863,0.3178618275385994,-1.3716863
4405,-1.3666065,0.0744992958763911,-1.3666065
4406,1.3554465,-0.20824307857348728,1.3554465
4407,1.4072127,-0.5590319490429612,1.4072127
4408,1.3607843,0.029013699991242613,1.3607843
4409,-1.3581862,-0.007346053612539605,-1.3581862
4410,-1.3615727,0.119615668167315,-1.3615727
4411,-1.3482151,-0.1605907838263178,-1.3482151
4412,-1.3428836,-0.06761287092517203,-1.3428836
4413,1.4150832,-0.15464485973300068,1.4150832
4414,1.4118671,-0.3888478439734391,1.4118671
4415,1.364014,-0.05141336772510978,1.364014
4416,-1.3395103,0.0574162768933978,-1.3395103
4417,-1.3585756,-0.02747670942606962,-1.3585756
4418,-1.4266225,0.6328766822227562,-1.4266225
4419,-1.4266225,0.6328766822227562,-1.4266225
4420,-1.4273267,0.5724312438378784,-1.4273267
4421,-1.4267054,0.7836861958329264,-1.4267054
4422,1.4157269,-0.11565226074595208,1.4157269
4423,1.3723017,-0.03809820815062668,1.3723017
4424,1.3723017,-0.03809820815062668,1.3723017
4425,-1.4295074,0.20374594279154398,-1.4295074
4426,-1.4295074,0.20374594279154398,-1.4295074
4427,1.4245634,-0.2540271447759482,1.4245634
4428,1.4245634,-0.2540271447759482,1.4245634
4429,-1.3914869,0.3245975575292907,-1.3914869
4430,-1.3914869,0.3245975575292907,-1.3914869
4431,1.4088178,-0.43728231615826,1.4088178
4432,1.4086347,-0.6127619831279777,1.4086347
4433,1.4098866,-0.20389574745389002,1.4098866
4434,-1.3942137,0.14258507956038874,-1.3942137
4435,-1.3934287,0.3227969649379372,-1.3934287
4436,-1.3840849,0.25073258149404726,-1.3840849
4437,1.3509454,-0.026188080752003646,1.3509454
4438,1.3508658,0.05699057603997582,1.3508658
4439,-1.4152752,0.2381005861340051,-1.4152752
4440,-1.4156541,0.1585887777658511,-1.4156541
4441,1.366176,-0.026665163248515526,1.366176
4442,1.3597215,-0.08730935112558194,1.3597215
4443,-1.3564311,0.11662567919170704,-1.3564311
4444,-1.3404864,0.0460877103277009,-1.3404864
4445,1.4601688,-0.2864412548180803,1.4601688
4446,-1.3572881,-0.1503783457492362,-1.3572881
4447,-1.3572881,-0.1503783457492362,-1.3572881
4448,-1.3611073,-0.10926225537582214,-1.3611073
4449,-1.3697277,0.11412179496640933,-1.3697277
4450,1.3477211,0.019567791666065332,1.3477211
4451,-1.4151678,0.24771680236290367,-1.4151678
4452,1.3335259,0.0546976478790183,1.3335259
4453,-1.360872,0.010698134481271753,-1.360872
4454,1.3473463,-0.025683127074990174,1.3473463
4455,-1.4254172,0.5639743907596495,-1.4254172
4456,-1.4279603,0.4383701840565967,-1.4279603
4457,-1.4256448,0.5743280572428487,-1.4256448
4458,-1.4327788,0.43857763041535636,-1.4327788
4459,-1.4300623,0.2620489846437994,-1.4300623
4460,1.4305702,-0.470822075969115,1.4305702
4461,-1.3465555,-0.21432699989127577,-1.3465555
4462,-1.428306,0.448790491840909,-1.428306
4463,1.3658581,-0.02839647033244786,1.3658581
4464,-1.3980824,0.3203868424151104,-1.3980824
4465,-1.3980824,0.3203868424151104,-1.3980824
4466,1.3763478,-0.3513380803635068,1.3763478
4467,-1.3817712,0.21600571389871404,-1.3817712
4468,1.3740472,-0.11719614438725723,1.3740472
4469,1.3763478,-0.3513380803635068,1.3763478
4470,1.3740472,-0.11719614438725723,1.3740472
4471,1.389523,-0.4715490902124406,1.389523
4472,-1.3889636,0.2457140597012485,-1.3889636
4473,1.3392656,-0.0005227086828290702,1.3392656
4474,-1.3617342,-0.1266329159877036,-1.3617342
4475,-1.3663943,-0.002093358212232003,-1.3663943
4476,-1.3460143,0.006249811730375813,-1.3460143
4477,1.3460162,-0.10121113394959855,1.3460162
4478,1.3580312,0.12585923298921997,1.3580312
4479,-1.4314808,0.5983711961527112,-1.4314808
4480,1.3639413,0.14544107075542714,1.3639413
4481,-1.360009,-0.07478457556325808,-1.360009
4482,1.446217,-0.6691398373656349,1.446217
4483,-1.446144,0.7298955637597906,-1.446144
4484,-1.3736061,0.1477986041911062,-1.3736061
4485,-1.3736061,0.1477986041911062,-1.3736061
4486,1.3575892,0.04974327461394683,1.3575892
4487,1.378138,-0.18776436757086545,1.378138
4488,1.3930966,-0.3832277125452073,1.3930966
4489,-1.3914129,0.4060928764190678,-1.3914129
4490,1.4008511,-0.39174241534750387,1.4008511
4491,-1.4120423,0.27672485917987083,-1.4120423
4492,-1.3608342,-0.022402191162937367,-1.3608342
4493,-1.3591607,-0.03625734712995293,-1.3591607
4494,-1.3473237,0.012849680354361136,-1.3473237
4495,-1.3473237,-0.06587717650502793,-1.3473237
4496,1.3589094,0.01401035589746685,1.3589094
4497,-1.3431015,-0.14462532551101567,-1.3431015
4498,-1.3580794,-0.046648387707586246,-1.3580794
4499,1.3580779,0.13311025262202755,1.3580779
4500,-1.3629805,-0.07548352794767144,-1.3629805
4501,-1.3734647,0.1956450144716133,-1.3734647
4502,-1.3734647,0.1956450144716133,-1.3734647
4503,1.3766669,-0.22700085764124764,1.3766669
4504,-1.4030997,0.3668020546112605,-1.4030997
4505,-1.3707142,0.0881015122713564,-1.3707142
4506,-1.3649461,-0.06636867994537123,-1.3649461
4507,1.4295135,-0.36977412198760234,1.4295135
4508,1.3675687,-0.009741231988153073,1.3675687
4509,-1.3676165,0.03258479961170934,-1.3676165
4510,-1.3455192,-0.09305211023333805,-1.3455192
4511,1.4355515,-0.5341621482944212,1.4355515
4512,-1.4355785,0.7352096176296434,-1.4355785
4513,1.3950257,-0.6341451716334892,1.3950257
4514,1.3950257,-0.39685988237509284,1.3950257
4515,1.3618125,-0.06864514116606918,1.3618125
4516,1.3467326,-0.07846545589340563,1.3467326
4517,1.3645016,-0.11629837974907759,1.3645016
4518,1.3462933,0.05845199111505904,1.3462933
4519,1.3468897,-0.12153499668927649,1.3468897
4520,-1.3983233,0.3350234850285488,-1.3983233
4521,-1.3373336,0.07352265025083793,-1.3373336
4522,-1.380678,0.14007351667881773,-1.380678
4523,-1.4424077,1.373257789888869,-1.4424077
4524,-1.3611624,-0.06901189460133884,-1.3611624
4525,-1.362291,-0.020435263328091934,-1.362291
4526,1.4319549,-0.45433703948162285,1.4319549
4527,-1.3619498,0.1706956462922958,-1.3619498
4528,1.4095858,-0.09281826129523832,1.4095858
4529,-1.4229263,0.265346816885044,-1.4229263
4530,-1.3650361,0.09832901603503787,-1.3650361
4531,1.4303575,-0.5636466918960927,1.4303575
4532,1.3548468,-0.012686200078914366,1.3548468
4533,-1.3644091,0.08602367236957031,-1.3644091
4534,1.6427025,-0.7688876318186495,1.6427025
4535,-1.3660424,-0.0048083954532526455,-1.3660424
4536,-1.364234,-0.03664884655469833,-1.364234
4537,-1.4346639,0.9166866819473676,-1.4346639
4538,-1.3567549,-0.04525381746682809,-1.3567549
4539,-1.3432482,0.1856507212187795,-1.3432482
4540,-1.4245603,0.18363697208408583,-1.4245603
4541,-1.4245603,0.18363697208408583,-1.4245603
4542,1.4286666,-0.4159819281704844,1.4286666
4543,1.4286666,-0.4159819281704844,1.4286666
4544,1.3282167,0.07792373467830424,1.3282167
4545,1.3558359,0.006052858031595678,1.3558359
4546,-1.4228721,0.3764607711526991,-1.4228721
4547,1.4134922,-0.3776764868892097,1.4134922
4548,1.4118227,-0.28482834893515424,1.4118227
4549,-1.4110291,0.02445644414076246,-1.4110291
4550,-1.4148942,0.23121316445347978,-1.4148942
4551,-1.3624847,-0.13863524127585625,-1.3624847
4552,1.3924437,-0.2080905409416604,1.3924437
4553,-1.4300437,0.24247308759722816,-1.4300437
4554,-1.3619373,0.01269084102775193,-1.3619373
4555,-1.3380361,0.04143674438662981,-1.3380361
4556,1.3769449,-0.06831146474898458,1.3769449
4557,-1.3828709,0.15295972858893905,-1.3828709
4558,1.3965437,-0.430915071670227,1.3965437
4559,1.3644397,0.04615384206402539,1.3644397
4560,1.4208119,-0.6004884771457878,1.4208119
4561,-1.3886738,0.29059051764728716,-1.3886738
4562,1.4310857,-0.429190567398328,1.4310857
4563,1.3688213,0.03385863269867037,1.3688213
4564,-1.3670503,-0.03162151792069253,-1.3670503
4565,-1.3630474,-0.12453952052964246,-1.3630474
4566,-1.3481827,-0.019580881240110072,-1.3481827
4567,-1.3400921,0.0035900019573073746,-1.3400921
4568,-1.4337662,0.5003200506444636,-1.4337662
4569,-1.4306713,0.5102158099591775,-1.4306713
4570,-1.3659165,0.13938049849142106,-1.3659165
4571,-1.3883245,0.40985331297683614,-1.3883245
4572,1.3964292,-0.20730038714437615,1.3964292
4573,-1.3898121,0.2881256375880503,-1.3898121
4574,1.4164225,-0.5931634438401622,1.4164225
4575,-1.4221021,0.40469770820847645,-1.4221021
4576,1.356656,-0.05871311759776966,1.356656
4577,-1.3564967,0.07294791704921165,-1.3564967
4578,-1.3609201,-0.04335318695852681,-1.3609201
4579,-1.3573658,0.013772702546162932,-1.3573658
4580,-1.4059329,0.34098682197133456,-1.4059329
4581,-1.3635697,-0.033639783129829445,-1.3635697
4582,1.4043555,-0.4640423326157484,1.4043555
4583,1.3671634,-0.12053461467944579,1.3671634
4584,1.3884859,-0.638416858548762,1.3884859
4585,-1.3950602,0.15793194180554018,-1.3950602
4586,-1.3653194,-0.10675549816750025,-1.3653194
4587,-1.3722581,-0.05455302284710953,-1.3722581
4588,-1.3509463,0.023542196016022948,-1.3509463
4589,-1.3515817,0.03739784426619712,-1.3515817
4590,-1.3647437,-0.05909289636758456,-1.3647437
4591,-1.3678061,0.04724658127288556,-1.3678061
4592,-1.3612163,-0.056927717111488474,-1.3612163
4593,-1.3628945,0.06992753541906761,-1.3628945
4594,-1.3613166,-0.1285977636617523,-1.3613166
4595,-1.3443792,-0.0028031667676201443,-1.3443792
4596,1.3585998,0.10630932727768963,1.3585998
4597,-1.3406656,-0.048683340993721166,-1.3406656
4598,-1.4434183,0.7344274394726141,-1.4434183
4599,-1.3432447,0.0865301751849731,-1.3432447
4600,1.4233209,-0.31444872411839014,1.4233209
4601,-1.3878385,0.13708077319745451,-1.3878385
4602,1.3872589,-0.40269273620439927,1.3872589
4603,-1.378112,0.43363543590049497,-1.378112
4604,-1.378112,0.43363543590049497,-1.378112
4605,1.3918543,-0.28843699457752214,1.3918543
4606,1.3793979,-0.2860139280667468,1.3793979
4607,1.4028947,-0.32856015097971597,1.4028947
4608,1.3810803,-0.3564127630345176,1.3810803
4609,1.3820053,-0.4897398816768045,1.3820053
4610,-1.3559906,0.004650941560521593,-1.3559906
4611,1.3781399,-0.3757214348643397,1.3781399
4612,-1.3442332,-0.06792374054229859,-1.3442332
4613,-1.3442332,-0.07951533531429572,-1.3442332
4614,-1.3442332,-0.07951533531429572,-1.3442332
4615,1.3612057,-0.021751502747459905,1.3612057
4616,-1.3425756,-0.045991887693578704,-1.3425756
4617,-1.3425756,-0.11506282004175467,-1.3425756
4618,-1.3425756,-0.1506562256042086,-1.3425756
4619,-1.4303153,0.7890277030909466,-1.4303153
4620,-1.3618035,-0.06159084614313727,-1.3618035
4621,-1.3618035,-0.06159084614313727,-1.3618035
4622,1.363353,-0.06303572406022431,1.363353
4623,-1.3454115,-0.19735384066380837,-1.3454115
4624,1.428034,-0.4710611992830794,1.428034
4625,-1.3641558,0.07305225455943452,-1.3641558
4626,-1.4285301,0.7738467065502032,-1.4285301
4627,1.3599447,-0.02514781493274461,1.3599447
4628,-1.3626297,0.029257525022920318,-1.3626297
4629,1.4255995,-0.6074852670732865,1.4255995
4630,1.3513838,0.04692318857421446,1.3513838
4631,-1.3623405,0.036353453991666305,-1.3623405
4632,-1.3515623,0.21656517633391054,-1.3515623
4633,-1.3515623,0.21656517633391054,-1.3515623
4634,-1.3515623,0.21656517633391054,-1.3515623
4635,-1.4231447,0.24017789290650218,-1.4231447
4636,-1.4231447,0.24017789290650218,-1.4231447
4637,-1.4269689,0.4975352775047757,-1.4269689
4638,1.4280115,-0.3899040658692944,1.4280115
4639,-1.4241092,0.4338703447351935,-1.4241092
4640,1.4237043,-0.5168878124554452,1.4237043
4641,1.3629057,-0.1717366557241427,1.3629057
4642,-1.365315,0.08140716075021406,-1.365315
4643,1.4066612,-0.2775294310953982,1.4066612
4644,1.3659902,-0.06462215278941322,1.3659902
4645,-1.3725632,0.4675967197283395,-1.3725632
4646,-1.4295771,0.29607838514232665,-1.4295771
4647,-1.4295771,0.29607838514232665,-1.4295771
4648,1.429505,-0.24273395159387204,1.429505
4649,1.429505,-0.24273395159387204,1.429505
4650,-1.4290224,0.8433563361817604,-1.4290224
4651,-1.3391644,-0.1029202725513342,-1.3391644
4652,-1.3578635,-0.08147851395513758,-1.3578635
4653,-1.4324878,0.4883780131946606,-1.4324878
4654,-1.4064717,0.43645381985332926,-1.4064717
4655,-1.3693411,0.39064760545953425,-1.3693411
4656,1.3637853,-0.051014159349179716,1.3637853
4657,1.3624116,-0.026167738587860815,1.3624116
4658,-1.3638904,0.012825846217244325,-1.3638904
4659,1.3612653,-0.018629372663480536,1.3612653
4660,-1.3889277,0.5470537296212902,-1.3889277
4661,1.3691275,0.11054284898088283,1.3691275
4662,-1.3349512,0.05359088257636136,-1.3349512
4663,-1.439695,0.5762743861811327,-1.439695
4664,-1.3674058,0.11817287876219297,-1.3674058
4665,1.3784195,-0.3966842535841769,1.3784195
4666,1.3784195,-0.3966842535841769,1.3784195
4667,1.344788,0.04170257775200762,1.344788
4668,1.3423007,-0.004317545538427171,1.3423007
4669,1.3580793,-0.022033886743802435,1.3580793
4670,-1.3632613,0.029900120461111658,-1.3632613
4671,-1.3362174,0.042072119757047916,-1.3362174
4672,1.3365235,-0.04049766590379985,1.3365235
4673,-1.3509568,-0.019483197010636704,-1.3509568
4674,-1.3463858,0.04537951600927531,-1.3463858
4675,-1.3441141,0.06119656960498225,-1.3441141
4676,-1.3747276,0.2887238975767269,-1.3747276
4677,1.3885518,-0.5415459010359006,1.3885518
4678,1.3836644,-0.04525851297151316,1.3836644
4679,-1.3645877,0.04835364828698686,-1.3645877
4680,1.3647329,-0.029887485894636925,1.3647329
4681,-1.343514,-0.01615391644995264,-1.343514
4682,-1.3614858,-0.08326797904655045,-1.3614858
4683,-1.3583596,-0.013048668713782558,-1.3583596
4684,-1.3588516,-0.03963136088635205,-1.3588516
4685,1.3417838,-0.027903547712946314,1.3417838
4686,1.3457197,-0.0847466283954566,1.3457197
4687,-1.3633904,0.021641879278542383,-1.3633904
4688,-1.3621451,0.05207411039028606,-1.3621451
4689,-1.3609542,0.024922458419360548,-1.3609542
4690,-1.3609542,0.024922458419360548,-1.3609542
4691,-1.3623343,-0.11019690768475905,-1.3623343
4692,-1.3649172,-0.020680053066628526,-1.3649172
4693,-1.3616406,0.03252238458628443,-1.3616406
4694,-1.3459243,-0.07930708373649198,-1.3459243
4695,-1.3455355,-0.07076264092207277,-1.3455355
4696,1.3645521,0.05613724990471135,1.3645521
4697,1.3645521,-0.0726085848098003,1.3645521
4698,1.3645521,0.05613724990471135,1.3645521
4699,1.3645521,-0.14014594277157877,1.3645521
4700,-1.3571464,0.05415974924686412,-1.3571464
4701,1.3411924,0.011517378900802575,1.3411924
4702,1.3411924,0.011517378900802575,1.3411924
4703,1.3411924,-0.05631049747096217,1.3411924
4704,-1.3648146,-0.04800792015276972,-1.3648146
4705,-1.3653917,0.10627225018628629,-1.3653917
4706,-1.3656423,-0.04684156778877025,-1.3656423
4707,-1.361236,-0.07488393117728319,-1.361236
4708,-1.361236,-0.14159688386845307,-1.361236
4709,-1.3538454,-0.05396138571117122,-1.3538454
4710,-1.3553348,-0.05151300006223844,-1.3553348
4711,-1.3433726,-0.10948632069543184,-1.3433726
4712,-1.3339739,-0.11654320126521601,-1.3339739
4713,-1.3339739,-0.11778005563218029,-1.3339739
4714,-1.3339739,-0.11654320126521601,-1.3339739
4715,-1.363056,-0.14323690571317294,-1.363056
4716,-1.3460575,0.010159046177901435,-1.3460575
4717,-1.330185,-0.14761521442124614,-1.330185
4718,-1.3437101,-0.1404071013711543,-1.3437101
4719,-1.3640479,0.16797137635734954,-1.3640479
4720,-1.3641188,0.03185015314582534,-1.3641188
4721,-1.3636086,0.15326645820612467,-1.3636086
4722,-1.3629229,-0.07071225083012753,-1.3629229
4723,-1.3632393,0.008962496047989285,-1.3632393
4724,-1.3619732,-0.017071645175334885,-1.3619732
4725,-1.3654245,0.10388081836433945,-1.3654245
4726,-1.3409911,-0.0970203809734113,-1.3409911
4727,-1.3639255,0.09764347634159558,-1.3639255
4728,-1.4156975,0.14143018206623098,-1.4156975
4729,1.3399558,-0.04760468325820098,1.3399558
4730,-1.4321091,0.648720608767111,-1.4321091
4731,-1.3431268,0.004645479341668053,-1.3431268
4732,-1.3421998,0.03666755417330865,-1.3421998
4733,-1.346549,-0.10478588689672381,-1.346549
4734,-1.3501892,-0.016558471553762236,-1.3501892
4735,-1.4414266,0.8604009918432465,-1.4414266
4736,1.3534126,0.17918720698626456,1.3534126
4737,-1.4035168,0.5093062183097568,-1.4035168
4738,1.3902442,-0.27282700528462694,1.3902442
4739,-1.3630375,0.10145926145229948,-1.3630375
4740,-1.4173931,0.39783950208552377,-1.4173931
4741,-1.4190897,0.22392782547221746,-1.4190897
4742,-1.3599169,-0.0793212336676384,-1.3599169
4743,1.3761945,-0.13420740022524227,1.3761945
4744,-1.4247961,0.5308450556504244,-1.4247961
4745,1.4227443,-0.27812625518928363,1.4227443
4746,-1.4346623,0.6824861048183402,-1.4346623
4747,1.4346821,-0.36495039836634596,1.4346821
4748,1.4230709,-0.3594946650655428,1.4230709
4749,1.365703,0.043809464731859135,1.365703
4750,1.3611879,-0.09789779427007211,1.3611879
4751,-1.33655,-0.12650520772828905,-1.33655
4752,1.3841408,-0.27812372520281287,1.3841408
4753,-1.3729551,0.1447139353377092,-1.3729551
4754,1.4094424,-0.3368701282143408,1.4094424
4755,1.393934,-0.5669235764740683,1.393934
4756,-1.4222796,0.6062771011923392,-1.4222796
4757,1.622754,-0.6461919418235945,1.622754
4758,1.6351624,-0.8404902533403742,1.6351624
4759,-1.4147716,0.22701347099639949,-1.4147716
4760,1.3755813,-0.2874251572828892,1.3755813
4761,1.3962839,-0.2924552961290031,1.3962839
4762,1.4005115,-0.2862796378762157,1.4005115
4763,-1.338518,0.0776780523156753,-1.338518
4764,-1.3662825,-0.04616369859757863,-1.3662825
4765,-1.3646601,0.07133136706090538,-1.3646601
4766,-1.361083,-0.07441354942292996,-1.361083
4767,-1.3614867,-0.061891282752218724,-1.3614867
4768,-1.3568836,-0.008973313117913821,-1.3568836
4769,1.3572283,0.07893697571118842,1.3572283
4770,1.6281654,-0.924955393131241,1.6281654
4771,-1.3595471,0.049865918247949136,-1.3595471
4772,-1.3599678,-0.09820432903448797,-1.3599678
4773,-1.3336453,-0.0066499372206981055,-1.3336453
4774,-1.355955,-0.00456888327251744,-1.355955
4775,1.3644681,-0.05880089076262583,1.3644681
4776,1.3570623,-0.0525197284436755,1.3570623
4777,-1.3430059,0.04561102733465272,-1.3430059
4778,-1.3600684,-0.04719476651858756,-1.3600684
4779,-1.3418452,0.03322354940996696,-1.3418452
4780,-1.3683883,0.23243910849870497,-1.3683883
4781,-1.3480802,-0.029422679561874908,-1.3480802
4782,-1.3480802,-0.029422679561874908,-1.3480802
4783,-1.3577738,-0.15313917760540754,-1.3577738
4784,-1.3597239,-0.006377227030988708,-1.3597239
4785,-1.4157373,0.29786053628442904,-1.4157373
4786,-1.4112628,0.4358521471297397,-1.4112628
4787,-1.3640791,-0.14006661580776875,-1.3640791
4788,-1.345156,-0.038698472219436446,-1.345156
4789,-1.4084772,0.34580342668320996,-1.4084772
4790,-1.3344489,-0.09064196046019797,-1.3344489
4791,-1.4335772,0.7168820941367237,-1.4335772
4792,-1.3707983,0.1693491318496378,-1.3707983
4793,1.4278078,-0.5994400175785275,1.4278078
4794,-1.3620871,0.04226947880624772,-1.3620871
4795,-1.3424631,-0.05754227695063795,-1.3424631
4796,-1.3612568,-0.09949909167037653,-1.3612568
4797,-1.4299209,0.5032315150186265,-1.4299209
4798,1.4318112,-0.5782426902811303,1.4318112
4799,1.3706201,0.04234805712022306,1.3706201
4800,-1.3439239,-0.008653488162779697,-1.3439239
4801,1.3635417,-0.05137141150954394,1.3635417
4802,1.3442504,0.008766693784490786,1.3442504
4803,-1.3463314,-0.04678047844562274,-1.3463314
4804,-1.3708432,0.09372575059000156,-1.3708432
4805,1.3601754,-0.10829081869329849,1.3601754
4806,-1.3674419,0.13072328171725003,-1.3674419
4807,-1.3674419,0.05193268151503425,-1.3674419
4808,-1.353623,-0.047228343968459124,-1.353623
4809,1.3437089,-0.0958988680913727,1.3437089
4810,1.3437089,-0.09695706319463047,1.3437089
4811,1.3437089,-0.09695706319463047,1.3437089
4812,1.3644369,-0.09623372507568591,1.3644369
4813,1.3644369,0.028923845291008866,1.3644369
4814,1.3644369,0.028923845291008866,1.3644369
4815,1.3644369,-0.09623372507568591,1.3644369
4816,1.3644369,-0.09623372507568591,1.3644369
4817,-1.3625375,0.15548926700594556,-1.3625375
4818,-1.3625375,-0.13153685072132723,-1.3625375
4819,1.364648,-0.0808537449857344,1.364648
4820,-1.3213747,-0.07230776476551672,-1.3213747
4821,-1.3213747,-0.10002663748854496,-1.3213747
4822,-1.3213747,-0.07230776476551672,-1.3213747
4823,-1.3213747,-0.10002663748854496,-1.3213747
4824,-1.3213747,-0.10002663748854496,-1.3213747
4825,-1.3213747,-0.10002663748854496,-1.3213747
4826,-1.3655815,0.018257218080420898,-1.3655815
4827,-1.3655815,0.018257218080420898,-1.3655815
4828,1.364202,0.04348870510158503,1.364202
4829,-1.3628861,0.020238676834632634,-1.3628861
4830,-1.3689563,0.06401786194689749,-1.3689563
4831,-1.3689563,0.06401786194689749,-1.3689563
4832,-1.3689563,0.06401786194689749,-1.3689563
4833,-1.362762,-0.15994150306524382,-1.362762
4834,1.4137968,-0.23008864150669459,1.4137968
4835,1.3647853,-0.054139553426602365,1.3647853
4836,-1.3707548,0.08691779565949072,-1.3707548
4837,1.3440918,-0.04733914527040342,1.3440918
4838,-1.3463314,-0.04678047844562274,-1.3463314
4839,1.3601754,-0.10829081869329849,1.3601754
4840,-1.3670603,-0.0030683733187127256,-1.3670603
4841,-1.3422887,-0.08955352542286285,-1.3422887
4842,-1.4315201,0.6872096955377216,-1.4315201
4843,-1.4315201,0.6872096955377216,-1.4315201
4844,-1.4315201,0.6872096955377216,-1.4315201
4845,-1.4315201,0.6872096955377216,-1.4315201
4846,1.4339559,-0.5639449614279864,1.4339559
4847,-1.3641208,0.08959356525318461,-1.3641208
4848,-1.4232396,0.6585579081739948,-1.4232396
4849,1.3652934,-0.12287558665622819,1.3652934
4850,1.4109353,-0.29236805300078933,1.4109353
4851,-1.4034809,0.39792799315024574,-1.4034809
4852,-1.3759184,0.2340555557292282,-1.3759184
4853,1.3940036,-0.42009595102608627,1.3940036
4854,-1.339635,0.10564284791600471,-1.339635
4855,-1.3765413,0.160296624190378,-1.3765413
4856,-1.3519909,-0.03937446708280972,-1.3519909
4857,-1.3519909,-0.03937446708280972,-1.3519909
4858,1.3507885,-0.07991382240073149,1.3507885
4859,-1.3607117,-0.1338984601715738,-1.3607117
4860,-1.3607117,-0.1338984601715738,-1.3607117
4861,-1.3648938,-0.02458189260677899,-1.3648938
4862,-1.3446436,-0.11387396007982208,-1.3446436
4863,-1.3415954,-0.05715481300954106,-1.3415954
4864,1.394901,-0.3202510594578582,1.394901
4865,-1.4034475,0.505460666084177,-1.4034475
4866,-1.3628787,-0.017763175828760032,-1.3628787
4867,1.3676957,-0.07637257781687462,1.3676957
4868,1.3676957,-0.07637257781687462,1.3676957
4869,1.379414,-0.38769485852282715,1.379414
4870,1.3734705,-0.19656936902388308,1.3734705
4871,-1.4044888,0.6181924766274789,-1.4044888
4872,1.4068182,-0.5652153434812328,1.4068182
4873,1.4107507,-0.44333927312620963,1.4107507
4874,1.3483973,0.07136043655078918,1.3483973
4875,-1.3494701,-0.03609014193417302,-1.3494701
4876,1.3806156,-0.32027215138081855,1.3806156
4877,1.3657495,-0.06642105990868105,1.3657495
4878,-1.3497175,-0.019923603896768338,-1.3497175
4879,-1.3708724,0.3743084173161705,-1.3708724
4880,-1.3978232,0.21413477774936188,-1.3978232
4881,-1.3456237,-0.06538930027410213,-1.3456237
4882,1.3737358,-0.1818078793689799,1.3737358
4883,1.3729893,-0.10099448477689826,1.3729893
4884,-1.3639848,-0.008888206302045003,-1.3639848
4885,1.4101894,-0.256252572709466,1.4101894
4886,-1.341126,0.029386169215608635,-1.341126
4887,-1.3400049,-0.032121146992190375,-1.3400049
4888,-1.3416755,-0.1931157931147356,-1.3416755
4889,-1.3613207,-0.06876765556752583,-1.3613207
4890,-1.3626764,0.05339799291541218,-1.3626764
4891,-1.344064,-0.009465546455864123,-1.344064
4892,1.3512348,-0.015045116475190586,1.3512348
4893,1.4148281,-0.10454055468450746,1.4148281
4894,-1.3640575,-0.052783557627327386,-1.3640575
4895,-1.3999664,0.2919837329810457,-1.3999664
4896,-1.3523799,0.0006147507363779238,-1.3523799
4897,-1.3523799,0.0006147507363779238,-1.3523799
4898,-1.3523799,0.0006147507363779238,-1.3523799
4899,-1.407784,0.2648346242074148,-1.407784
4900,-1.4088424,0.18643678495524443,-1.4088424
4901,-1.3648721,-0.10065875087220337,-1.3648721
4902,-1.3644916,0.02663424494568084,-1.3644916
4903,-1.335263,-0.1473706020270185,-1.335263
4904,-1.335263,-0.07912648556728484,-1.335263
4905,-1.335263,-0.1473706020270185,-1.335263
4906,-1.335263,-0.07912648556728484,-1.335263
4907,-1.335263,-0.07912648556728484,-1.335263
4908,-1.3523799,0.0006147507363779238,-1.3523799
4909,-1.3670189,0.013274769833616272,-1.3670189
4910,-1.3458048,-0.09198887239317244,-1.3458048
4911,-1.365779,-0.09372035284159236,-1.365779
4912,-1.3686231,-0.054367482001831315,-1.3686231
4913,-1.3686231,-0.054367482001831315,-1.3686231
4914,-1.3632358,-0.023269417529455716,-1.3632358
4915,-1.3540933,0.0658061098524054,-1.3540933
4916,-1.3651432,-0.017031394998072245,-1.3651432
4917,-1.3605556,-0.07724633855745085,-1.3605556
4918,-1.4257783,0.43177915839412706,-1.4257783
4919,-1.4231093,0.45768981504442213,-1.4231093
4920,-1.394187,0.29941748169330723,-1.394187
4921,-1.339598,-0.12079504330926462,-1.339598
4922,1.3643769,-0.08003945333623405,1.3643769
4923,1.4044613,-0.03977120288455527,1.4044613
4924,1.4164172,-0.24442905098692302,1.4164172
4925,1.4164172,-0.24442905098692302,1.4164172
4926,-1.3604677,-0.10186101830313657,-1.3604677
4927,-1.4258598,0.6782836024512457,-1.4258598
4928,-1.4304178,0.5108518959161805,-1.4304178
4929,-1.3501872,0.06569419944278618,-1.3501872
4930,1.4036777,-0.47882096260023704,1.4036777
4931,-1.4232465,0.5501406588086297,-1.4232465
4932,1.390346,-0.07169005012179049,1.390346
4933,-1.4069867,0.15239324516863528,-1.4069867
4934,1.3509609,0.05255554393526854,1.3509609
4935,-1.365799,0.036432315840695194,-1.365799
4936,-1.3454293,-0.05126914781669649,-1.3454293
4937,-1.3454293,-0.05126914781669649,-1.3454293
4938,-1.3571472,-0.005539797375934895,-1.3571472
4939,-1.3704668,0.2974351145589044,-1.3704668
4940,1.3569396,-0.17467688597186848,1.3569396
4941,1.3615158,-0.2074954710437373,1.3615158
4942,-1.3614823,0.030119497546582864,-1.3614823
4943,1.3677734,-0.020245606661653596,1.3677734
4944,-1.367512,0.015951735559618766,-1.367512
4945,1.4342592,-0.5379322107511475,1.4342592
4946,-1.3725739,0.19017550661076546,-1.3725739
4947,-1.3932114,0.5044575896678111,-1.3932114
4948,1.3915508,-0.4264509674858623,1.3915508
4949,1.400845,-0.10775018383745069,1.400845
4950,1.3888551,-0.2882002253776771,1.3888551
4951,-1.4305059,0.492151761352654,-1.4305059
4952,1.4195124,-0.5573276801644168,1.4195124
4953,-1.4141518,0.5345262706639538,-1.4141518
4954,1.4230564,-0.6630422817454534,1.4230564
4955,-1.3576516,0.10085062442814441,-1.3576516
4956,-1.3673548,-0.01805264497197307,-1.3673548
4957,-1.3620383,-0.024883770574592387,-1.3620383
4958,1.3677282,-0.15927460745169592,1.3677282
4959,1.3972225,-0.25882870887056714,1.3972225
4960,-1.3615346,-0.15618771458158962,-1.3615346
4961,1.4100531,-0.27556120161671144,1.4100531
4962,1.3987706,-0.5608144394733777,1.3987706
4963,-1.3546147,0.028539918289818555,-1.3546147
4964,-1.3546147,0.028539918289818555,-1.3546147
4965,-1.3643842,-0.029453938305387912,-1.3643842
4966,-1.3520873,-0.03916927735568375,-1.3520873
4967,-1.412084,0.4037315779417694,-1.412084
4968,1.3428305,0.05973264279212402,1.3428305
4969,-1.3608785,-0.10092827960446592,-1.3608785
4970,-1.4254723,0.34882631787214446,-1.4254723
4971,-1.3421983,0.01335776345134619,-1.3421983
4972,-1.3647437,0.06449881805373071,-1.3647437
4973,-1.3644748,0.05103898654295129,-1.3644748
4974,-1.3651844,-0.07848256484125503,-1.3651844
4975,-1.3653674,-0.010548533530720142,-1.3653674
4976,1.365205,-0.1815027147333972,1.365205
4977,1.3195995,-0.008852083595883749,1.3195995
4978,1.3195995,-0.008852083595883749,1.3195995
4979,1.3195995,-0.008852083595883749,1.3195995
4980,1.3838097,-0.2360976961504471,1.3838097
4981,-1.3822654,0.10366213268022338,-1.3822654
4982,1.3898038,-0.5423607932582619,1.3898038
4983,-1.3441772,-0.0458476528388833,-1.3441772
4984,-1.3615034,0.04202804502040922,-1.3615034
4985,-1.3475547,-0.10759045336603093,-1.3475547
4986,-1.3615034,0.04202804502040922,-1.3615034
4987,1.363442,0.03798088787943732,1.363442
4988,-1.3432109,0.057252759605395526,-1.3432109
4989,-1.3647009,0.04589991122050474,-1.3647009
4990,1.3641174,0.040050504988315166,1.3641174
4991,-1.3630759,-0.009395645750497542,-1.3630759
4992,-1.3459907,-0.07951261030168463,-1.3459907
4993,1.3593451,-0.09430009052926504,1.3593451
4994,-1.3657717,-0.052151433818037024,-1.3657717
4995,-1.3949236,0.6707585901950786,-1.3949236
4996,1.3976725,-0.4187166018837824,1.3976725
4997,-1.3459628,0.021720373133327853,-1.3459628
4998,1.3658742,-0.044777977514846294,1.3658742
4999,-1.3733492,0.08151232168183672,-1.3733492
5000,1.4127717,-0.23679947974771515,1.4127717
5001,-1.3637471,0.06589573052521383,-1.3637471
5002,-1.359248,-0.056448347019765074,-1.359248
5003,-1.4161421,0.6484567707729083,-1.4161421
5004,1.3444856,-0.0440451328485936,1.3444856
5005,-1.3646793,-0.026061604682099896,-1.3646793
5006,-1.3646793,-0.026061604682099896,-1.3646793
5007,1.3323287,-0.06378739513089243,1.3323287
5008,-1.3585811,-0.010078386361451223,-1.3585811
5009,-1.3394979,-0.019311652093980863,-1.3394979
5010,-1.3628583,0.046574177035264626,-1.3628583
5011,-1.3298784,0.040511184519031844,-1.3298784
5012,1.4011431,-0.36450150512684126,1.4011431
5013,-1.3615038,-0.05473269119122424,-1.3615038
5014,1.3632078,0.04394637426691952,1.3632078
5015,1.3973366,-0.2673504700663681,1.3973366
5016,-1.3464013,-0.04381972226361554,-1.3464013
5017,-1.3515241,-0.015239509804710692,-1.3515241
5018,1.3612857,-0.09427599856171023,1.3612857
5019,1.3606746,-0.24765895533738733,1.3606746
5020,-1.3653789,-0.00278939068760177,-1.3653789
5021,-1.3653789,-0.00278939068760177,-1.3653789
5022,-1.3646072,-0.03780958001522793,-1.3646072
5023,-1.3403285,0.05549196847208761,-1.3403285
5024,1.3645467,0.056488794234347835,1.3645467
5025,1.4160113,-0.011685204197624404,1.4160113
5026,1.4175948,-0.2471212950657984,1.4175948
5027,1.4175948,-0.2471212950657984,1.4175948
5028,-1.4330635,0.6553610725222512,-1.4330635
5029,-1.4240713,0.7432156504011136,-1.4240713
5030,-1.3676447,0.10470632072938837,-1.3676447
5031,-1.36587,-0.06593911054178682,-1.36587
5032,-1.3568349,0.036563508339294934,-1.3568349
5033,1.3568956,-0.016749093740895015,1.3568956
5034,-1.353283,-0.05331632639519285,-1.353283
5035,1.3646126,-0.01839598119957447,1.3646126
5036,-1.343053,-0.05439551407304479,-1.343053
5037,-1.344838,-0.13524069028274205,-1.344838
5038,-1.3391925,-0.16253441171215532,-1.3391925
5039,-1.3350227,-0.0652446363867064,-1.3350227
5040,-1.3621182,0.05947002461886714,-1.3621182
5041,-1.3738034,0.1570593776383777,-1.3738034
5042,1.430177,-0.8421714071695654,1.430177
5043,-1.3429052,-0.06667835150132564,-1.3429052
5044,-1.4042134,0.6465020114484771,-1.4042134
5045,-1.4042794,0.4879363115387449,-1.4042794
5046,1.4287419,-0.47069978382030264,1.4287419
5047,-1.4317446,0.49029192708248825,-1.4317446
5048,1.3970757,-0.2610771673809431,1.3970757
5049,1.4160447,-0.2212352378230855,1.4160447
5050,1.4328227,-0.5088490342897634,1.4328227
5051,-1.3391874,-0.034509820452598705,-1.3391874
5052,1.3783873,-0.1524138559676353,1.3783873
5053,1.3783873,-0.1524138559676353,1.3783873
5054,1.3783873,-0.1524138559676353,1.3783873
5055,1.3783873,-0.1524138559676353,1.3783873
5056,1.3783873,-0.1524138559676353,1.3783873
5057,1.3783873,-0.1524138559676353,1.3783873
5058,-1.3652588,-0.07609681053217597,-1.3652588
5059,1.3906856,-0.4343274823946137,1.3906856
5060,-1.3869413,0.5130165489300567,-1.3869413
5061,-1.3636692,0.0373129260148318,-1.3636692
5062,-1.3625873,0.012440972068194035,-1.3625873
5063,-1.361627,-0.12384720866212003,-1.361627
5064,-1.3821664,0.15690969906609342,-1.3821664
5065,1.3824596,-0.20070900127973293,1.3824596
5066,1.3824596,-0.20070900127973293,1.3824596
5067,-1.3602601,0.10308397588359022,-1.3602601
5068,1.3623602,-0.041542987783121745,1.3623602
5069,1.3415684,-0.12518959704285945,1.3415684
5070,1.3415684,-0.12518959704285945,1.3415684
5071,-1.3367292,0.0738382669115397,-1.3367292
5072,1.3568109,-0.14530884085502904,1.3568109
5073,-1.3567904,-0.045993348195898995,-1.3567904
5074,1.3326464,0.03133300291618061,1.3326464
5075,-1.3705337,0.2620355594153011,-1.3705337
5076,-1.4094758,0.6036806086985155,-1.4094758
5077,-1.3640144,0.023860618325515018,-1.3640144
5078,-1.3640144,0.023860618325515018,-1.3640144
5079,-1.3640144,0.023860618325515018,-1.3640144
5080,-1.3491491,-0.039123723349514805,-1.3491491
5081,-1.3491491,0.13802241719940098,-1.3491491
5082,-1.3491491,0.13802241719940098,-1.3491491
5083,-1.3613448,-0.13875275613951207,-1.3613448
5084,-1.3695877,0.1801903173538761,-1.3695877
5085,-1.3682402,0.15379508508689604,-1.3682402
5086,-1.3543545,-0.20745609336768953,-1.3543545
5087,1.3702018,-0.2632098800401193,1.3702018
5088,1.3614526,-0.041750599980668296,1.3614526
5089,-1.3576972,-0.009091621629155534,-1.3576972
5090,1.3657504,-0.06284338042798063,1.3657504
5091,1.4125682,-0.5077234102969479,1.4125682
5092,1.39226,-0.47289438583314586,1.39226
5093,-1.3658952,0.00874609885021788,-1.3658952
5094,-1.42957,0.5326361593152399,-1.42957
5095,-1.3429985,-0.07323409700644021,-1.3429985
5096,1.3804669,-0.384675729621783,1.3804669
5097,-1.404104,0.2707908500527679,-1.404104
5098,1.3811319,-0.2403815383629655,1.3811319
5099,1.3811319,-0.791269433504542,1.3811319
5100,1.3811319,-0.2403815383629655,1.3811319
5101,1.3811319,-0.2403815383629655,1.3811319
5102,1.3712935,0.001361395886182519,1.3712935
5103,-1.3841088,0.49531360757082527,-1.3841088
5104,1.445303,-0.30853224841441,1.445303
5105,-1.3820418,0.17649038846636608,-1.3820418
5106,-1.3983892,0.649108863001676,-1.3983892
5107,1.3692384,-0.3730425816534367,1.3692384
5108,1.4465907,-0.44162688376863385,1.4465907
5109,-1.4441769,0.7660220156530554,-1.4441769
5110,1.3745289,-0.30887561358539767,1.3745289
5111,-1.4245846,0.7578350815262775,-1.4245846
5112,1.3969995,-0.8028722017878509,1.3969995
5113,-1.4128203,0.7727144338398322,-1.4128203
5114,-1.3765867,0.14795119900036804,-1.3765867
5115,1.3890202,-0.4705295506392515,1.3890202
5116,-1.3886853,0.44958748185196856,-1.3886853
5117,1.3819448,-0.6370298480685349,1.3819448
5118,-1.4643323,0.6411679017448672,-1.4643323
5119,1.4607587,-0.6630333532877072,1.4607587
5120,-1.3895242,0.32629619675876265,-1.3895242
5121,-1.381231,0.3284333459242328,-1.381231
5122,1.3818276,-0.4006390192711971,1.3818276
5123,-1.383495,0.5382059607331825,-1.383495
5124,-1.383495,0.3759041687398968,-1.383495
5125,1.3817573,-0.5659591256743723,1.3817573
5126,-1.3847144,0.3458610993614369,-1.3847144
5127,1.3845631,-0.4231250297212362,1.3845631
5128,-1.3855926,0.22616536902099507,-1.3855926
5129,1.4190584,-0.3052272116214422,1.4190584
5130,-1.433081,0.6193074419305271,-1.433081
5131,-1.4084841,0.7542147014354285,-1.4084841
5132,1.4091647,-0.8410657660284264,1.4091647
5133,1.4102736,-1.1247762611617016,1.4102736
5134,-1.3730831,0.23104967513512878,-1.3730831
5135,1.3858006,-0.618411606891862,1.3858006
5136,1.3823497,-0.5217200497534339,1.3823497
5137,1.3830585,-0.5666754017370411,1.3830585
5138,1.3990856,-0.5941128357034784,1.3990856
5139,1.3591479,-0.045742747130642795,1.3591479
5140,1.3805765,-0.42345853032139014,1.3805765
5141,1.4001305,-0.4691450045819207,1.4001305
5142,-1.446481,0.7489617435865995,-1.446481
5143,-1.4426228,0.9217538541164185,-1.4426228
5144,-1.3720828,0.2504764502873151,-1.3720828
5145,-1.4013642,0.7472033435363535,-1.4013642
5146,1.4183015,-0.6215262399271446,1.4183015
5147,-1.4516519,1.2864546255926297,-1.4516519
5148,-1.4586749,0.7841101733384239,-1.4586749
5149,-1.4895364,0.7143320989273187,-1.4895364
5150,1.4953635,-0.5484013834714256,1.4953635
5151,-1.371465,0.22317367285986942,-1.371465
5152,1.3714645,-0.21744169165746952,1.3714645
5153,-1.3705255,0.22171994085271834,-1.3705255
5154,1.36904,-0.4665029729233164,1.36904
5155,-1.3705636,0.6114050260046052,-1.3705636
5156,1.3706408,-0.24440277799217977,1.3706408
5157,1.3857944,-0.26743224064189813,1.3857944
5158,1.4172151,-0.2508422845541431,1.4172151
5159,1.4220164,-0.41884254061418347,1.4220164
5160,-1.3798493,0.42066829853057947,-1.3798493
5161,-1.3794693,0.4442651261136654,-1.3794693
5162,-1.4104635,0.748606903122657,-1.4104635
5163,-1.4197543,0.9356699158388854,-1.4197543
5164,-1.4272571,0.828197957033005,-1.4272571
5165,1.4484285,-0.9949865331907852,1.4484285
5166,1.4482696,-0.7310698936356239,1.4482696
5167,1.4483728,-0.5147980903451662,1.4483728
5168,1.4483874,-0.7364290894786645,1.4483874
5169,1.4474132,-1.2625195817500907,1.4474132
5170,1.4484571,-0.837148298778498,1.4484571
5171,1.4484733,-0.8778957114710169,1.4484733
5172,1.448483,-0.9877477622656116,1.448483
5173,1.4484599,-0.862924868293526,1.4484599
5174,1.4447765,-0.7434434601917,1.4447765
5175,1.4616838,-0.7831982969655723,1.4616838
5176,1.4516991,-0.6055107812434086,1.4516991
5177,-1.4635073,0.6007103712166804,-1.4635073
5178,-1.440632,0.6745074565583121,-1.440632
5179,1.4404552,-0.6469766460630719,1.4404552
5180,-1.4416244,0.6477311707715966,-1.4416244
5181,1.4214138,-0.5099010256143801,1.4214138
5182,1.4493345,-0.5310597203413697,1.4493345
5183,1.4624915,-0.8115954416535883,1.4624915
5184,1.4647611,-0.8244273239775046,1.4647611
5185,-1.4508471,0.6273836890379477,-1.4508471
5186,-1.4416325,0.445255229575834,-1.4416325
5187,1.4414586,-0.48450151788274826,1.4414586
5188,1.4279395,-0.8175464114461485,1.4279395
5189,1.4453971,-0.9322639281831197,1.4453971
5190,-1.3817934,0.33590385649435317,-1.3817934
5191,-1.3874949,0.2150417162243621,-1.3874949
5192,-1.3698561,0.24672444067636662,-1.3698561
5193,-1.3708369,0.10205508328933297,-1.3708369
5194,-1.3821368,0.3180091561864022,-1.3821368
5195,-1.3727113,0.288677874132489,-1.3727113
5196,-1.3823006,0.56088148126472,-1.3823006
5197,-1.3715153,0.1405180247051237,-1.3715153
5198,-1.3822383,0.5517611923655984,-1.3822383
5199,1.4330804,-0.6530333821772024,1.4330804
5200,1.404226,-0.47747914584914747,1.404226
5201,1.8670046,-0.27648537116359756,1.8670046
5202,-1.3923395,0.2390338049767101,-1.3923395
5203,-1.3935442,0.588266248651447,-1.3935442
