row_index,feature_value,shap_value,color_by_self
0,127.900406,-0.35638607401530653,127.900406
1,127.900406,-0.35638607401530653,127.900406
2,124.84505,-0.1854483308810535,124.84505
3,124.84505,-0.19219881085535745,124.84505
4,124.84505,-0.19219881085535745,124.84505
5,-129.01715,0.3936045828398083,-129.01715
6,122.75385,-0.3622106196967758,122.75385
7,122.75385,-0.3622106196967758,122.75385
8,122.75385,-0.3622106196967758,122.75385
9,122.75385,-0.3622106196967758,122.75385
10,122.75385,-0.3622106196967758,122.75385
11,123.29645,-0.3588932412177931,123.29645
12,123.29645,-0.3588932412177931,123.29645
13,123.29645,-0.3588932412177931,123.29645
14,123.48729,-0.3712913434091638,123.48729
15,123.48729,-0.2665835828615329,123.48729
16,120.4828,-0.08235485569538997,120.4828
17,-128.87689,0.40739756852607223,-128.87689
18,-120.135506,0.17153184594102677,-120.135506
19,-120.135506,0.17153184594102677,-120.135506
20,-120.135506,0.17153184594102677,-120.135506
21,-120.135506,0.17153184594102677,-120.135506
22,-120.135506,0.17153184594102677,-120.135506
23,-120.135506,0.06722499392391276,-120.135506
24,-120.135506,0.06722499392391276,-120.135506
25,-120.135506,0.17153184594102677,-120.135506
26,-120.135506,0.06722499392391276,-120.135506
27,-120.135506,0.06722499392391276,-120.135506
28,-120.135506,0.17153184594102677,-120.135506
29,120.13537,-0.1800328760809784,120.13537
30,120.13537,-0.1800328760809784,120.13537
31,120.13537,-0.1800328760809784,120.13537
32,120.13537,-0.1800328760809784,120.13537
33,120.13537,-0.11560648805975982,120.13537
34,120.13537,-0.1800328760809784,120.13537
35,120.13537,-0.11560648805975982,120.13537
36,120.13537,-0.007487068926830154,120.13537
37,120.13537,-0.1800328760809784,120.13537
38,120.13537,-0.1800328760809784,120.13537
39,120.13537,-0.007487068926830154,120.13537
40,120.13537,-0.1800328760809784,120.13537
41,126.13149,-0.31699105781255305,126.13149
42,126.13149,-0.31699105781255305,126.13149
43,121.84259,-0.2523108117838171,121.84259
44,122.80698,-0.4012658243748538,122.80698
45,124.68714,-0.24855068123807117,124.68714
46,124.68714,-0.2447695386274762,124.68714
47,124.68714,-0.2447695386274762,124.68714
48,-121.96312,0.19511996295098785,-121.96312
49,-125.13927,0.3628306763292047,-125.13927
50,122.96392,-0.22007882456622718,122.96392
51,122.96392,-0.22007882456622718,122.96392
52,122.96392,-0.2034044971647383,122.96392
53,125.62172,-0.15725924372775274,125.62172
54,122.59263,-0.4691836596486204,122.59263
55,122.59263,-0.4691836596486204,122.59263
56,122.59263,-0.4691836596486204,122.59263
57,123.80182,-0.09395987551097434,123.80182
58,123.80182,-0.07794832742889019,123.80182
59,-123.80173,0.09031693355192617,-123.80173
60,-123.80173,0.09031693355192617,-123.80173
61,-123.80173,0.05296855030787629,-123.80173
62,125.39331,-0.37958755960210144,125.39331
63,125.39331,-0.37958755960210144,125.39331
64,125.39331,-0.37958755960210144,125.39331
65,125.39331,-0.37958755960210144,125.39331
66,125.39331,-0.37958755960210144,125.39331
67,125.39331,-0.37958755960210144,125.39331
68,125.39331,-0.37958755960210144,125.39331
69,125.39331,-0.37958755960210144,125.39331
70,119.85435,-0.008442681711365186,119.85435
71,123.16033,-0.23424527691577673,123.16033
72,123.16033,-0.23424527691577673,123.16033
73,123.16033,-0.23424527691577673,123.16033
74,-121.73013,0.3322718535781576,-121.73013
75,-121.73013,0.35983048917680244,-121.73013
76,-121.73013,0.35983048917680244,-121.73013
77,-121.73013,0.35983048917680244,-121.73013
78,-120.91684,0.11421538488568549,-120.91684
79,-120.91684,0.11421538488568549,-120.91684
80,123.44623,-0.13128436683360012,123.44623
81,123.44623,-0.13128436683360012,123.44623
82,-124.34285,0.4017442079191454,-124.34285
83,-124.34285,0.4017442079191454,-124.34285
84,122.10193,-0.24035018573292674,122.10193
85,122.10193,-0.24035018573292674,122.10193
86,122.10193,-0.35940627533961117,122.10193
87,122.10193,-0.24035018573292674,122.10193
88,121.948715,-0.06775105454049202,121.948715
89,-121.493706,0.2213716886225773,-121.493706
90,124.57902,-0.3467019554535232,124.57902
91,124.57902,-0.3467019554535232,124.57902
92,120.226395,-0.12129609638332817,120.226395
93,-123.64934,0.49111525068959133,-123.64934
94,-123.64934,0.49111525068959133,-123.64934
95,-131.65776,0.32639488554418594,-131.65776
96,130.92241,-0.3663674298831524,130.92241
97,130.92241,-0.3663674298831524,130.92241
98,120.536,-0.20625325720882257,120.536
99,121.07737,-0.27200265873311746,121.07737
100,121.07737,-0.13736089057192638,121.07737
101,-119.75756,0.11888387575304687,-119.75756
102,123.365036,0.0005855397258812539,123.365036
103,121.220436,0.017102014675950548,121.220436
104,121.220436,0.017102014675950548,121.220436
105,-122.79766,0.40691181787397784,-122.79766
106,-122.79766,0.2837682835102453,-122.79766
107,-122.79766,0.2837682835102453,-122.79766
108,-122.79766,0.2837682835102453,-122.79766
109,128.84993,-0.2864072644156673,128.84993
110,-122.12564,0.27776374810420135,-122.12564
111,122.55789,-0.3207486022673846,122.55789
112,122.55789,-0.3207486022673846,122.55789
113,123.771545,-0.2772577597460637,123.771545
114,123.302216,-0.4777047614369617,123.302216
115,124.70058,-0.3207600150098102,124.70058
116,124.70058,-0.3207600150098102,124.70058
117,-122.00659,0.29293448678013745,-122.00659
118,-122.00659,0.29293448678013745,-122.00659
119,-122.00659,0.29293448678013745,-122.00659
120,-122.00659,0.29293448678013745,-122.00659
121,-122.00659,0.29293448678013745,-122.00659
122,-121.535286,0.13507907877583877,-121.535286
123,-121.535286,0.10219757484101398,-121.535286
124,122.36491,-0.32122632535886353,122.36491
125,128.50523,-0.3308335089508182,128.50523
126,128.50523,-0.427914227101728,128.50523
127,128.50523,-0.427914227101728,128.50523
128,128.50523,-0.427914227101728,128.50523
129,130.04028,-0.5342460456903458,130.04028
130,-121.90251,0.39908570564790635,-121.90251
131,-121.90251,0.2839607154307644,-121.90251
132,126.04158,-0.4887406916327304,126.04158
133,-125.55587,0.501319489351421,-125.55587
134,-121.6866,0.2287501040827229,-121.6866
135,-121.6866,0.2287501040827229,-121.6866
136,-122.62731,0.24142086022989542,-122.62731
137,-122.62731,0.24142086022989542,-122.62731
138,-125.037315,0.22022163330010555,-125.037315
139,-128.51953,0.5268129166165618,-128.51953
140,-128.51953,0.5268129166165618,-128.51953
141,128.1102,-0.5132959067248952,128.1102
142,128.1102,-0.5132959067248952,128.1102
143,-125.94264,0.4589855960922253,-125.94264
144,-125.94264,0.4589855960922253,-125.94264
145,125.99143,-0.2683473365359013,125.99143
146,125.99143,-0.2683473365359013,125.99143
147,128.28447,-0.516630595976054,128.28447
148,128.28447,-0.516630595976054,128.28447
149,-124.83574,0.4463782120812355,-124.83574
150,-124.83574,0.2833355792864718,-124.83574
151,-124.83574,0.2833355792864718,-124.83574
152,122.815636,-0.2582886048569016,122.815636
153,122.80204,-0.3030306213322526,122.80204
154,122.80204,-0.29559294743600567,122.80204
155,-126.164185,0.4856389516100099,-126.164185
156,119.960884,-0.061368609418265684,119.960884
157,-119.73136,-0.1043388292637454,-119.73136
158,122.5171,-0.16653003502330566,122.5171
159,-124.41481,0.31005969636313,-124.41481
160,-124.41481,0.18868875066574262,-124.41481
161,-124.41481,0.18868875066574262,-124.41481
162,-124.50379,0.41539953023169607,-124.50379
163,122.789536,-0.3599971040418984,122.789536
164,-124.41938,0.3776873681392429,-124.41938
165,122.66148,-0.3040827328021829,122.66148
166,-132.19534,0.3385741893528613,-132.19534
167,-132.19534,0.3385741893528613,-132.19534
168,-124.86743,0.18727363571120387,-124.86743
169,-124.86743,0.5116611958877492,-124.86743
170,-124.86743,0.5116611958877492,-124.86743
171,-124.86743,0.18727363571120387,-124.86743
172,-124.86743,0.5116611958877492,-124.86743
173,-123.3718,0.4064911888236343,-123.3718
174,-122.566696,0.3381373906233812,-122.566696
175,-122.566696,0.3381373906233812,-122.566696
176,-122.566696,0.3005169379413923,-122.566696
177,124.09493,-0.40850952961820486,124.09493
178,123.4002,-0.3472803333673611,123.4002
179,123.4002,-0.3472803333673611,123.4002
180,122.790245,-0.32698601292536905,122.790245
181,122.79634,-0.4079619952262465,122.79634
182,121.196236,-0.048147169139396956,121.196236
183,121.196236,-0.19354902430590504,121.196236
184,121.196236,-0.048147169139396956,121.196236
185,-121.55711,0.1807180191140301,-121.55711
186,-119.95941,0.0691567355292887,-119.95941
187,-119.95941,0.0691567355292887,-119.95941
188,124.538,-0.2457033458755943,124.538
189,124.538,-0.2122088861045702,124.538
190,124.538,-0.2122088861045702,124.538
191,124.538,-0.2122088861045702,124.538
192,123.66651,-0.15193025445093045,123.66651
193,-122.9676,0.10401429237872947,-122.9676
194,-127.90172,0.3302986618369049,-127.90172
195,-127.90172,0.3302986618369049,-127.90172
196,-127.90172,0.3302986618369049,-127.90172
197,122.74144,-0.11477520374107114,122.74144
198,122.74144,-0.15361771840042368,122.74144
199,-120.745224,0.061362505663906254,-120.745224
200,-120.745224,0.061362505663906254,-120.745224
201,120.009285,0.015602684623005052,120.009285
202,-121.78107,0.04321763571658014,-121.78107
203,123.215164,-0.24925811128415892,123.215164
204,123.215164,-0.35229850265052237,123.215164
205,123.215164,-0.3191913008994276,123.215164
206,123.215164,-0.24833166313439764,123.215164
207,123.215164,-0.3191913008994276,123.215164
208,123.215164,-0.3191913008994276,123.215164
209,128.64632,-0.4791586046837721,128.64632
210,128.64632,-0.4791586046837721,128.64632
211,122.95179,-0.10279435628259624,122.95179
212,123.00493,-0.43885220404735936,123.00493
213,123.00493,-0.43885220404735936,123.00493
214,123.00493,-0.43885220404735936,123.00493
215,-122.54043,0.15562531578752795,-122.54043
216,-122.54043,0.15562531578752795,-122.54043
217,-122.54043,0.19679066632626635,-122.54043
218,121.78758,0.0026966245138837675,121.78758
219,121.78758,0.0026966245138837675,121.78758
220,121.78758,0.0026966245138837675,121.78758
221,121.78758,0.0026966245138837675,121.78758
222,121.78758,0.0026966245138837675,121.78758
223,121.78758,0.0026966245138837675,121.78758
224,127.932014,-0.4147523416144734,127.932014
225,127.932014,-0.4147523416144734,127.932014
226,127.932014,-0.4147523416144734,127.932014
227,124.72226,-0.21876480149765076,124.72226
228,-124.563576,0.22627407594281881,-124.563576
229,122.436165,-0.2936521833943586,122.436165
230,-121.016945,0.10336732788357236,-121.016945
231,-121.016945,0.10336732788357236,-121.016945
232,-121.016945,0.10336732788357236,-121.016945
233,-121.016945,0.10336732788357236,-121.016945
234,-121.016945,0.10336732788357236,-121.016945
235,-121.016945,0.10336732788357236,-121.016945
236,125.73638,-0.42959261953789085,125.73638
237,-121.46228,0.4100489176353854,-121.46228
238,-123.535576,0.19863630700789564,-123.535576
239,123.38251,-0.14217740424733227,123.38251
240,120.91103,-0.0574268695067221,120.91103
241,121.34983,0.04510492058237591,121.34983
242,121.34983,0.04510492058237591,121.34983
243,121.34983,0.04510492058237591,121.34983
244,121.34983,0.04510492058237591,121.34983
245,121.34983,0.011032208394911903,121.34983
246,-122.24919,0.07781104485203932,-122.24919
247,-122.24919,0.07781104485203932,-122.24919
248,-122.24919,0.07781104485203932,-122.24919
249,-121.409195,0.09925781868219195,-121.409195
250,-121.409195,0.09925781868219195,-121.409195
251,-121.409195,0.09925781868219195,-121.409195
252,-121.409195,0.09925781868219195,-121.409195
253,-121.409195,0.09925781868219195,-121.409195
254,-122.271706,0.09787167424364672,-122.271706
255,-122.271706,0.09787167424364672,-122.271706
256,125.54954,-0.24076092362871818,125.54954
257,125.54954,-0.24076092362871818,125.54954
258,125.61726,-0.26339834569878584,125.61726
259,-127.14913,0.415908683715442,-127.14913
260,125.20267,-0.23143067535898093,125.20267
261,125.20267,-0.23143067535898093,125.20267
262,122.33697,-0.25109873091041246,122.33697
263,-129.01187,0.47260801776660555,-129.01187
264,-129.01187,0.37977858410823506,-129.01187
265,-129.01187,0.37977858410823506,-129.01187
266,-129.01187,0.37977858410823506,-129.01187
267,-131.30293,0.6461906662926274,-131.30293
268,124.86602,-0.5979009332887836,124.86602
269,-126.11725,0.34355135841505396,-126.11725
270,-126.11725,0.34355135841505396,-126.11725
271,-126.11725,0.34355135841505396,-126.11725
272,-126.11725,0.34355135841505396,-126.11725
273,-126.11725,0.34355135841505396,-126.11725
274,121.90278,-0.30003492102670415,121.90278
275,127.10251,-0.3890171404586778,127.10251
276,-123.49465,0.49323632311399573,-123.49465
277,-123.49465,0.19982818317199946,-123.49465
278,-121.11103,0.2188322358193129,-121.11103
279,-121.11103,0.2188322358193129,-121.11103
280,-121.11103,0.2188322358193129,-121.11103
281,-121.11103,0.2188322358193129,-121.11103
282,-121.11103,0.025482259200964266,-121.11103
283,122.63493,-0.18507063296205883,122.63493
284,126.28694,-0.4443208024050573,126.28694
285,128.42177,-0.3848786400613956,128.42177
286,128.74207,-0.387191634101022,128.74207
287,128.74207,-0.387191634101022,128.74207
288,-121.26361,0.21505055116150437,-121.26361
289,-121.26361,0.27277067534625943,-121.26361
290,120.7153,-0.25371938944292,120.7153
291,120.7153,-0.25371938944292,120.7153
292,120.7153,-0.25371938944292,120.7153
293,125.56647,-0.2369377882712823,125.56647
294,122.821014,-0.30221212545016723,122.821014
295,-121.975914,0.34187857237927977,-121.975914
296,122.502785,-0.25755038292599847,122.502785
297,122.98138,-0.08984001003341228,122.98138
298,-125.56714,0.47039458763224196,-125.56714
299,-125.56714,0.47039458763224196,-125.56714
300,-125.56714,0.47039458763224196,-125.56714
301,119.3806,0.004169484380716546,119.3806
302,119.3806,0.004169484380716546,119.3806
303,119.3806,0.004169484380716546,119.3806
304,119.3806,0.004169484380716546,119.3806
305,119.3806,0.004169484380716546,119.3806
306,123.43705,-0.09729919554440042,123.43705
307,123.43705,-0.09729919554440042,123.43705
308,-120.68179,0.25124711329776145,-120.68179
309,125.32201,-0.29323273763706936,125.32201
310,125.32201,-0.3233961646289847,125.32201
311,125.32201,-0.29323273763706936,125.32201
312,125.32201,-0.3233961646289847,125.32201
313,-130.65517,0.2094969955101386,-130.65517
314,-130.65517,0.2094969955101386,-130.65517
315,-130.65517,0.2094969955101386,-130.65517
316,126.91134,-0.28967774574579347,126.91134
317,-127.68831,0.5608551170717662,-127.68831
318,-127.68831,0.5608551170717662,-127.68831
319,-129.27623,0.3304471983087512,-129.27623
320,-129.27623,0.3304471983087512,-129.27623
321,125.06361,-0.5010492977002023,125.06361
322,125.06361,-0.5010492977002023,125.06361
323,-126.745995,0.7969086682025871,-126.745995
324,120.786224,-0.20305995887056996,120.786224
325,120.786224,-0.20305995887056996,120.786224
326,120.786224,-0.20305995887056996,120.786224
327,120.786224,-0.20305995887056996,120.786224
328,-123.01383,0.28895329062354225,-123.01383
329,125.681015,-0.09408283103361312,125.681015
330,126.23316,-0.24740838948004218,126.23316
331,-125.095146,0.21135345767142452,-125.095146
332,-120.71526,0.10400720950003339,-120.71526
333,-121.735306,0.33983054343866986,-121.735306
334,-121.735306,0.33983054343866986,-121.735306
335,-121.84261,0.2769837593584233,-121.84261
336,122.808846,-0.251665582821046,122.808846
337,121.78669,0.09680609885866157,121.78669
338,121.78669,0.09680609885866157,121.78669
339,121.78669,0.09680609885866157,121.78669
340,121.78669,0.09680609885866157,121.78669
341,122.98545,-0.3156725492832297,122.98545
342,129.30258,-0.5757754738339765,129.30258
343,-120.40548,-0.00907332723632175,-120.40548
344,129.27335,-0.34023007040303527,129.27335
345,129.27335,-0.34023007040303527,129.27335
346,129.27335,-0.34023007040303527,129.27335
347,124.51098,-0.2051334311732328,124.51098
348,124.51098,-0.2051334311732328,124.51098
349,121.12125,-0.033776986318287155,121.12125
350,-121.15244,0.11119907239499197,-121.15244
351,126.85057,-0.21575002811565236,126.85057
352,126.85057,-0.21575002811565236,126.85057
353,126.85057,-0.586533619704071,126.85057
354,-122.71431,0.2843515341891027,-122.71431
355,126.40102,-0.3002928912503097,126.40102
356,124.46465,-0.3377973725822266,124.46465
357,-124.45834,0.33048291540108926,-124.45834
358,-124.45834,0.33048291540108926,-124.45834
359,-124.22068,0.40251151672482255,-124.22068
360,120.97049,-0.06406338757408608,120.97049
361,-124.14239,0.3757603731260946,-124.14239
362,-123.342094,0.1517770453777843,-123.342094
363,-123.342094,0.1517770453777843,-123.342094
364,123.34231,-0.13427703702586005,123.34231
365,123.34231,-0.13427703702586005,123.34231
366,132.0036,-0.420411798166397,132.0036
367,123.61589,-0.4226683236620313,123.61589
368,-127.725815,0.8851330320233708,-127.725815
369,-132.123,0.7836670862894243,-132.123
370,127.724915,-0.3368544109347967,127.724915
371,-128.09778,0.6148974214868218,-128.09778
372,-128.09778,0.6148974214868218,-128.09778
373,126.94952,-0.6954749919571592,126.94952
374,126.94952,-0.6954749919571592,126.94952
375,122.14583,-0.22419822723286323,122.14583
376,-119.82782,0.12412036287732534,-119.82782
377,-121.53305,0.29490765203181496,-121.53305
378,-121.53305,0.29490765203181496,-121.53305
379,122.97187,-0.0856056267423474,122.97187
380,118.34395,-0.1839331660183883,118.34395
381,-118.321144,0.2421258461187168,-118.321144
382,122.82549,-0.17601541066141563,122.82549
383,121.03841,-0.0020701594009464473,121.03841
384,121.03841,-0.0020701594009464473,121.03841
385,121.03841,-0.0020701594009464473,121.03841
386,128.03642,-0.3461906802729873,128.03642
387,128.03642,-0.3461906802729873,128.03642
388,128.03642,-0.3461906802729873,128.03642
389,126.85596,-0.2744795382722419,126.85596
390,126.85596,-0.2744795382722419,126.85596
391,126.85596,-0.2744795382722419,126.85596
392,118.68751,0.06474201350165168,118.68751
393,118.68751,0.06474201350165168,118.68751
394,118.68751,0.06474201350165168,118.68751
395,124.66674,-0.17607008603860755,124.66674
396,124.66674,-0.17607008603860755,124.66674
397,124.66674,-0.17607008603860755,124.66674
398,-130.35754,0.18736581500281613,-130.35754
399,-130.35754,0.18736581500281613,-130.35754
400,-130.35754,0.18736581500281613,-130.35754
401,-126.30383,0.3350383577840224,-126.30383
402,-126.30383,0.3350383577840224,-126.30383
403,-126.30383,0.3350383577840224,-126.30383
404,-123.76312,0.3034288805402665,-123.76312
405,-123.76312,0.3034288805402665,-123.76312
406,-123.76312,0.3034288805402665,-123.76312
407,-121.85337,0.17765232567053713,-121.85337
408,-121.85337,0.17765232567053713,-121.85337
409,129.97906,-0.23539779635183528,129.97906
410,-125.486984,0.1299929851336195,-125.486984
411,-123.35016,0.457887287452879,-123.35016
412,-125.49729,0.28407147603500127,-125.49729
413,-129.05267,0.3536583721824401,-129.05267
414,-122.71061,0.31170222109565454,-122.71061
415,-125.12146,0.3193574058994318,-125.12146
416,-127.97876,0.417682562063797,-127.97876
417,129.74626,-0.2825827736545827,129.74626
418,129.74626,-0.2825827736545827,129.74626
419,129.76402,-0.31723214579476916,129.76402
420,129.76402,-0.4002990492372431,129.76402
421,-126.577995,0.5392860675745542,-126.577995
422,-126.73496,0.5784247589511826,-126.73496
423,-118.23322,0.18292885162067207,-118.23322
424,-118.23322,0.18292885162067207,-118.23322
425,-118.23322,0.18292885162067207,-118.23322
426,119.39744,-0.017471409423072418,119.39744
427,119.39744,-0.017471409423072418,119.39744
428,119.39744,-0.017471409423072418,119.39744
429,122.7779,-0.3027998047783855,122.7779
430,-132.8238,0.433922645900147,-132.8238
431,126.35242,-0.4560827898604216,126.35242
432,127.46018,-0.37234278289902656,127.46018
433,123.583206,-0.39024272297330015,123.583206
434,125.37837,-0.3526593497840294,125.37837
435,125.37837,-0.3526593497840294,125.37837
436,-128.87695,0.4866611287409026,-128.87695
437,122.436195,-0.3775594631939795,122.436195
438,-125.1183,0.5415788624547718,-125.1183
439,-125.1183,0.5415788624547718,-125.1183
440,129.29337,-0.43129609338594865,129.29337
441,129.29337,-0.43129609338594865,129.29337
442,-126.79513,0.4324249042977954,-126.79513
443,-124.94242,0.6753025620117027,-124.94242
444,121.37366,-0.1355645253739132,121.37366
445,-130.9081,0.5096630441229839,-130.9081
446,-123.83849,0.6313009432295692,-123.83849
447,129.63286,-0.4213049995852419,129.63286
448,126.097496,-0.39648166618157454,126.097496
449,-130.04117,0.5172619522623918,-130.04117
450,132.92938,-0.38224840363124196,132.92938
451,129.40096,-0.5661930836580944,129.40096
452,132.9422,-0.5188435519661104,132.9422
453,129.85196,-0.38602001216678217,129.85196
454,124.9436,-0.3803964216782602,124.9436
455,128.6736,-0.5238250717914132,128.6736
456,120.041306,0.09014325582631681,120.041306
457,-123.81946,0.3191188190123252,-123.81946
458,122.95788,-0.22904546495739056,122.95788
459,120.60608,-0.34827466694343934,120.60608
460,-123.31147,0.1246768067788299,-123.31147
461,-123.31147,0.1246768067788299,-123.31147
462,120.73043,-0.11986574746238537,120.73043
463,120.73043,-0.11986574746238537,120.73043
464,125.46535,-0.18670946868595517,125.46535
465,125.46535,-0.18670946868595517,125.46535
466,125.46535,-0.18670946868595517,125.46535
467,123.50273,-0.4614304032357688,123.50273
468,-127.25112,0.13692381424638453,-127.25112
469,-123.116104,0.30424005524543096,-123.116104
470,122.504005,-0.13496462633884768,122.504005
471,122.504005,-0.14083591145170268,122.504005
472,-123.06494,0.33715957703005867,-123.06494
473,-121.56927,0.17893485860009994,-121.56927
474,120.54293,0.020247595467711838,120.54293
475,120.87642,-0.13065130115246126,120.87642
476,125.81305,-0.3854972693038929,125.81305
477,129.7842,-0.3306348352576378,129.7842
478,125.14493,-0.17009465181559974,125.14493
479,130.15894,-0.4242714114740169,130.15894
480,-128.54308,0.42082450886234885,-128.54308
481,-127.08437,0.5461713968994251,-127.08437
482,-122.50605,0.21633954128670285,-122.50605
483,122.11136,-0.14277513289302002,122.11136
484,-127.03434,0.26076490884093556,-127.03434
485,-127.03434,0.26076490884093556,-127.03434
486,-122.11287,0.06723039328334286,-122.11287
487,119.74487,0.10170081728768335,119.74487
488,-121.05935,0.048192246597549004,-121.05935
489,-120.91859,0.021122312274471044,-120.91859
490,-120.57019,0.07703288657546617,-120.57019
491,-120.771965,-0.016567941463009366,-120.771965
492,121.899345,0.09424368882553706,121.899345
493,-121.58978,0.007583609403700637,-121.58978
494,-121.05665,0.11552709487410309,-121.05665
495,-131.36264,-0.1625693419187882,-131.36264
496,-121.88623,0.37762089321305947,-121.88623
497,-130.91844,-0.03090693317522472,-130.91844
498,-128.17175,0.3757399081139119,-128.17175
499,124.30769,-0.27210470329510866,124.30769
500,124.30769,-0.27210470329510866,124.30769
501,-125.77166,0.4423181656266408,-125.77166
502,-125.77166,0.4423181656266408,-125.77166
503,130.28177,-0.2279042757340811,130.28177
504,132.05177,-0.591376846214479,132.05177
505,127.02666,-0.2202544682383108,127.02666
506,130.22536,-0.49599568247789877,130.22536
507,122.72338,-0.2197411311561885,122.72338
508,124.74434,-0.31906755487623145,124.74434
509,123.61181,-0.2517001755445436,123.61181
510,-123.00941,0.2659392363142773,-123.00941
511,-123.00941,0.2659392363142773,-123.00941
512,-126.577995,0.5392860675745542,-126.577995
513,-126.04807,0.4452116724066152,-126.04807
514,-122.76897,0.3652803258135564,-122.76897
515,-119.758865,0.03434290008771084,-119.758865
516,-119.758865,0.03434290008771084,-119.758865
517,-122.69883,0.3971815568144352,-122.69883
518,130.69778,-0.3828867798045051,130.69778
519,-129.74548,0.5242497387356303,-129.74548
520,121.2775,0.07552521304490413,121.2775
521,121.2775,0.07552521304490413,121.2775
522,119.076675,0.10090244336721858,119.076675
523,133.86046,-0.6014598546587451,133.86046
524,-122.56961,0.418599856143718,-122.56961
525,-122.56961,0.418599856143718,-122.56961
526,-122.6944,0.16678780226057335,-122.6944
527,-125.45353,0.2060012959426175,-125.45353
528,-127.551956,0.5236031729680831,-127.551956
529,-126.119484,0.5143903631885649,-126.119484
530,122.47307,-0.16946024585243263,122.47307
531,-123.98999,0.3791899743321259,-123.98999
532,-121.65694,0.4209577210290913,-121.65694
533,-121.65694,0.4209577210290913,-121.65694
534,125.22394,-0.3760689591381726,125.22394
535,-128.64792,0.6805688916218009,-128.64792
536,124.51279,-0.542527098845891,124.51279
537,-119.78417,0.2549522886598067,-119.78417
538,119.81714,-0.0732538720069466,119.81714
539,119.81714,-0.06723728593520102,119.81714
540,-121.96304,0.3736307348706305,-121.96304
541,-121.96304,0.3736307348706305,-121.96304
542,-128.75813,0.3920717556973853,-128.75813
543,-125.09748,0.5538845448077129,-125.09748
544,-122.258965,0.3083852695844426,-122.258965
545,120.96855,-0.18390149051934887,120.96855
546,121.32174,-0.22043424044770552,121.32174
547,-130.99492,0.43326680264253076,-130.99492
548,126.205864,-0.4393082712632984,126.205864
549,-127.63651,0.5648891488026878,-127.63651
550,126.99902,-0.5301687706330372,126.99902
551,-122.8267,0.6923417007703525,-122.8267
552,-122.26278,0.0949285200482278,-122.26278
553,123.5312,-0.4218810148503959,123.5312
554,130.4572,-0.5025872840608447,130.4572
555,-118.12824,0.06150416115785924,-118.12824
556,117.75578,-0.012031710072380044,117.75578
557,119.63014,0.15784587541110032,119.63014
558,119.63014,0.15784587541110032,119.63014
559,-118.552536,0.14771306315858262,-118.552536
560,118.05961,-0.05593097501180721,118.05961
561,-120.84382,0.10025479710392977,-120.84382
562,-122.61663,0.1991969555034504,-122.61663
563,128.43852,-0.3535236654792363,128.43852
564,-124.85398,0.49343671208557943,-124.85398
565,130.48065,-0.4575854080853994,130.48065
566,-121.50239,0.3647652351350144,-121.50239
567,124.83599,-0.23969137814224267,124.83599
568,-129.10173,0.438381415227567,-129.10173
569,129.78528,-0.5120233789291955,129.78528
570,-125.734436,0.34099257599188754,-125.734436
571,130.45596,-0.6055337286176891,130.45596
572,-125.07846,0.44337881301412835,-125.07846
573,123.688446,-0.3329883119552444,123.688446
574,-124.97528,0.34379412046631963,-124.97528
575,126.13885,-0.44757679604164674,126.13885
576,-126.1472,0.4785831771559289,-126.1472
577,123.80559,-0.33477434965258984,123.80559
578,-125.56088,0.45095114292667443,-125.56088
579,124.71468,-0.5101940474997076,124.71468
580,-126.425224,0.4724862756918612,-126.425224
581,126.975136,-0.40291539863751574,126.975136
582,-124.36647,0.24023172348068675,-124.36647
583,-124.145706,0.5662798072760412,-124.145706
584,123.48777,-0.3645290147043011,123.48777
585,122.96418,-0.38158458107132365,122.96418
586,-126.82972,0.4487842167680136,-126.82972
587,-131.31642,0.5137582619519284,-131.31642
588,128.8538,-0.4208837290891554,128.8538
589,130.95609,-0.5292524194438213,130.95609
590,124.02877,-0.08219272323146945,124.02877
591,124.02877,-0.08219272323146945,124.02877
592,-126.82831,0.5069839164001193,-126.82831
593,123.14201,-0.24406208338133573,123.14201
594,-124.45551,0.2892154815430759,-124.45551
595,126.71985,-0.28775850613510995,126.71985
596,-131.47594,0.6258082791268859,-131.47594
597,129.7896,-0.6718664924529882,129.7896
598,121.56402,-0.11559253935898835,121.56402
599,121.56402,-0.11559253935898835,121.56402
600,-119.757286,0.15752281769920157,-119.757286
601,123.03518,-0.257888766451662,123.03518
602,124.44616,-0.43753173849070537,124.44616
603,-119.94158,0.07668374840227134,-119.94158
604,-120.04866,0.15808449067034824,-120.04866
605,-120.04866,0.15808449067034824,-120.04866
606,-126.96212,0.41766138801313535,-126.96212
607,135.11435,-0.44128196373815237,135.11435
608,123.46438,-0.4041485811993135,123.46438
609,-125.45938,0.4767417781141648,-125.45938
610,129.35336,-0.33242606369917077,129.35336
611,-126.16755,0.38515088179384105,-126.16755
612,-125.38436,0.43638550141370314,-125.38436
613,-120.87969,0.12639265743006145,-120.87969
614,-120.87969,0.12639265743006145,-120.87969
615,124.45206,-0.3744448364357219,124.45206
616,-123.23912,0.01143005763785302,-123.23912
617,-123.23912,0.23783240671040018,-123.23912
618,-122.79164,0.0652490387732614,-122.79164
619,-122.79164,0.0652490387732614,-122.79164
620,-122.48627,0.16359088764747304,-122.48627
621,-122.48627,0.16359088764747304,-122.48627
622,118.41745,-0.029231471423682986,118.41745
623,121.00587,-0.09407099357792482,121.00587
624,120.0178,-0.09911219630466453,120.0178
625,122.34245,-0.4037113525412113,122.34245
626,-121.573494,0.23968795767339923,-121.573494
627,-121.96066,0.12545222063443526,-121.96066
628,-121.96066,0.12545222063443526,-121.96066
629,123.245735,-0.15911934887827447,123.245735
630,122.30089,-0.05092923222217955,122.30089
631,129.5578,-0.1972193030907821,129.5578
632,128.6077,-0.42122424280035176,128.6077
633,118.35518,0.1510342645502312,118.35518
634,-123.435165,0.12708231099249603,-123.435165
635,-126.10027,0.133604246602677,-126.10027
636,123.1936,-0.09833502996974659,123.1936
637,-120.256874,-0.02033162962205497,-120.256874
638,122.81478,-0.1402652894765281,122.81478
639,120.5257,0.06849177498762953,120.5257
640,127.87979,-0.2827438945030078,127.87979
641,127.099,-0.5272234546099279,127.099
642,-123.10238,0.339953241299162,-123.10238
643,-123.10238,0.339953241299162,-123.10238
644,-122.55596,0.2060388023761383,-122.55596
645,-122.55596,0.2060388023761383,-122.55596
646,-123.051025,0.3467992341410614,-123.051025
647,121.54005,-0.06845906135862413,121.54005
648,-127.16132,0.32909535822155367,-127.16132
649,124.01106,-0.4247862513419952,124.01106
650,124.01106,-0.4247862513419952,124.01106
651,128.99248,-0.4505994304434723,128.99248
652,122.833664,-0.23995974365502498,122.833664
653,-127.57697,0.6145326719510821,-127.57697
654,-126.087074,0.805061978811248,-126.087074
655,-118.30663,0.1664268344050898,-118.30663
656,120.06559,-0.06570976928313062,120.06559
657,120.06559,-0.06570976928313062,120.06559
658,121.632454,-0.02090258916005994,121.632454
659,121.632454,-0.02090258916005994,121.632454
660,119.56729,0.1394446421034304,119.56729
661,-119.807655,0.08165356939387282,-119.807655
662,120.18488,0.03782687174172983,120.18488
663,-120.53341,0.12424499215138339,-120.53341
664,120.39949,0.22382951618025201,120.39949
665,-120.39016,0.09935401362512947,-120.39016
666,-120.462326,0.19576076058126868,-120.462326
667,-120.43842,0.08461520352520473,-120.43842
668,-120.326675,0.15095706891817667,-120.326675
669,-127.378006,0.36621685369646706,-127.378006
670,-121.630035,0.31664055510878736,-121.630035
671,121.640434,-0.35528643978231167,121.640434
672,121.58129,-0.18299335699768926,121.58129
673,-121.11581,-0.004661717687859486,-121.11581
674,-119.07318,-0.044376861638484616,-119.07318
675,-121.10755,-0.02027754906942205,-121.10755
676,-121.11013,0.06906250094291469,-121.11013
677,-121.04966,0.11681279674735402,-121.04966
678,-121.20863,0.039969109965650146,-121.20863
679,-121.154205,0.014201953855024667,-121.154205
680,-118.581726,0.16987496509023575,-118.581726
681,-121.51223,0.11497476722848853,-121.51223
682,-121.142334,0.19466214562564366,-121.142334
683,121.85242,0.11251647893477633,121.85242
684,118.70443,0.043525583850969864,118.70443
685,-121.50748,-0.04412642316004163,-121.50748
686,-131.16365,0.01223597198549519,-131.16365
687,-120.56974,0.09188281233610747,-120.56974
688,-120.79126,0.0010376878326733053,-120.79126
689,-120.525116,0.07548510971516502,-120.525116
690,-132.15315,0.05951188904845418,-132.15315
691,-120.83584,0.12655591288869716,-120.83584
692,-120.973564,0.10578799784642483,-120.973564
693,-129.97884,0.022776610619524924,-129.97884
694,-121.11046,0.22975373684283176,-121.11046
695,121.81477,-0.019650302721590414,121.81477
696,-129.85802,0.07355454265326004,-129.85802
697,-120.12483,0.08722848849506554,-120.12483
698,122.863716,-0.37545571109802645,122.863716
699,126.53433,-0.6223998102249293,126.53433
700,121.758415,-0.13829096666368104,121.758415
701,124.72944,-0.511052408020268,124.72944
702,124.30115,-0.3077297167926843,124.30115
703,122.56987,-0.25545263221900744,122.56987
704,124.60207,-0.34024988659228467,124.60207
705,124.39671,-0.31612256984256526,124.39671
706,121.65442,-0.17622154606904525,121.65442
707,124.349495,-0.32994398875249076,124.349495
708,124.613205,-0.6463802957551408,124.613205
709,122.68816,-0.23669271726077953,122.68816
710,124.63007,-0.5662534554852016,124.63007
711,-123.36992,0.28995541066752706,-123.36992
712,-120.73782,0.20485976028821856,-120.73782
713,-120.06553,0.025715585531720143,-120.06553
714,-122.31235,0.4337971412605833,-122.31235
715,124.880486,-0.5285759764220131,124.880486
716,-124.27737,0.4223012266007183,-124.27737
717,125.353615,-0.46342796856386015,125.353615
718,128.76845,-0.42069768348506037,128.76845
719,127.06817,-0.44254747649191334,127.06817
720,-121.665184,-0.03126924815532452,-121.665184
721,-118.48347,0.18745616889676928,-118.48347
722,126.54754,-0.31680797018658,126.54754
723,126.54754,-0.31680797018658,126.54754
724,126.75834,-0.22408427488141952,126.75834
725,-128.73781,0.3175305753895461,-128.73781
726,-130.94666,0.43330397091692113,-130.94666
727,130.2471,-0.5739296482541513,130.2471
728,-125.09573,0.43683264372639274,-125.09573
729,134.4809,-0.46564029743500196,134.4809
730,-123.406685,0.7225216607539098,-123.406685
731,122.701904,-0.14334766678016844,122.701904
732,-122.34089,0.20998437773383494,-122.34089
733,-122.69913,0.11295574284289511,-122.69913
734,-121.9959,0.29725209796956115,-121.9959
735,-121.87844,0.3186776121895705,-121.87844
736,123.49495,-0.2477430302470388,123.49495
737,-126.27905,0.5323275925818136,-126.27905
738,125.0245,-0.2883600669096474,125.0245
739,-123.19978,0.15723245116457563,-123.19978
740,121.76607,-0.1145812477768465,121.76607
741,-128.46971,0.20132362980201376,-128.46971
742,-125.29614,0.4695484661791636,-125.29614
743,-130.7411,0.4002228864145093,-130.7411
744,-127.675156,0.2917611218533698,-127.675156
745,-125.68266,0.437149501486758,-125.68266
746,128.66763,-0.4049521684031665,128.66763
747,-130.92085,0.3758135622885086,-130.92085
748,-123.14993,0.3139883206904186,-123.14993
749,122.498726,-0.09228563116745092,122.498726
750,-128.97241,0.34912333525653655,-128.97241
751,-128.21823,0.40022272791051416,-128.21823
752,125.70885,-0.4009741204204304,125.70885
753,124.59735,-0.4703821627967073,124.59735
754,-127.00663,0.5466292858635682,-127.00663
755,126.00562,-0.3895491634880388,126.00562
756,123.079475,-0.42123164947377584,123.079475
757,128.82074,-0.47093611585691864,128.82074
758,128.49109,-0.5022172885968686,128.49109
759,135.02957,-0.47465064174357735,135.02957
760,-121.963104,0.23703729880772678,-121.963104
761,-121.963104,0.34394828113578846,-121.963104
762,118.111046,-0.13623829949548846,118.111046
763,118.111046,-0.018135595277676962,118.111046
764,120.76067,-0.15223501660005997,120.76067
765,-122.32139,0.32180730301770616,-122.32139
766,-122.32135,0.3407305844171592,-122.32135
767,124.6873,-0.37721020592317883,124.6873
768,-122.3575,0.09832751872198905,-122.3575
769,122.357414,-0.28356336446549707,122.357414
770,127.36678,-0.5835080783037381,127.36678
771,-127.010475,0.5727802204018466,-127.010475
772,-128.8936,0.35984619405381435,-128.8936
773,123.97517,-0.5290523155532351,123.97517
774,125.09742,-0.3274795153150711,125.09742
775,-128.08127,0.5951165719198036,-128.08127
776,131.13646,-0.6207872691905417,131.13646
777,-126.67887,0.4498816823383493,-126.67887
778,124.19069,-0.5779318414806933,124.19069
779,-123.416046,0.2858595137380264,-123.416046
780,-122.249275,0.3386843086889609,-122.249275
781,124.60695,-0.2505710975137054,124.60695
782,-123.77918,0.4151775057158017,-123.77918
783,125.32466,-0.23592093597945246,125.32466
784,-126.92236,0.36155558104066543,-126.92236
785,-125.546265,0.644408827874991,-125.546265
786,126.09735,-0.25891850928075955,126.09735
787,-125.12278,0.6353606090186215,-125.12278
788,127.04188,-0.5082228535129008,127.04188
789,122.62943,-0.27537168824361286,122.62943
790,-128.22148,0.4136369380291402,-128.22148
791,122.250946,-0.09447558171323163,122.250946
792,122.754715,-0.3753664422362731,122.754715
793,127.27832,-0.3631355965720922,127.27832
794,-122.824,0.4042669216309269,-122.824
795,-120.62854,0.12952820719313848,-120.62854
796,-121.90675,0.2254005232271457,-121.90675
797,-128.25266,0.37681662669034105,-128.25266
798,125.9141,-0.5267384769342923,125.9141
799,-127.286026,0.44381857342067343,-127.286026
800,-128.80453,0.38755317436550335,-128.80453
801,131.57718,-0.4025701789066908,131.57718
802,-123.91045,0.2500085912508018,-123.91045
803,127.95217,-0.4599202025066184,127.95217
804,-130.74242,0.48815957301412344,-130.74242
805,125.49964,-0.4292990944714927,125.49964
806,-127.52386,0.3683169304410848,-127.52386
807,131.06563,-0.5744486320488097,131.06563
808,-124.0954,0.548814526975892,-124.0954
809,129.2731,-0.4228289473542197,129.2731
810,-122.746315,0.5232802242522782,-122.746315
811,-126.54491,0.37541324227260875,-126.54491
812,127.73351,-0.5845323592514097,127.73351
813,-125.19275,0.6882705111408639,-125.19275
814,130.59366,-0.4247830150803661,130.59366
815,-125.16729,0.48725293962357497,-125.16729
816,130.1418,-0.5241638802211552,130.1418
817,-122.52341,0.24367975666235403,-122.52341
818,121.930305,-0.262032140655713,121.930305
819,-126.04484,0.6175711940307669,-126.04484
820,122.78418,-0.35122615541213553,122.78418
821,-119.69786,0.13094926977482454,-119.69786
822,121.52388,-0.046735022913668677,121.52388
823,-129.04233,0.4560209144050774,-129.04233
824,-122.64133,0.12632805418490672,-122.64133
825,-136.49167,0.41116099754336566,-136.49167
826,-123.252365,0.41632887134249663,-123.252365
827,-126.40461,0.3764335249853118,-126.40461
828,-127.598595,0.5211150561142651,-127.598595
829,-122.80548,0.4656748139596881,-122.80548
830,-120.60895,0.11000337489999248,-120.60895
831,-121.80843,0.3409371773788674,-121.80843
832,126.64717,-0.307516195359244,126.64717
833,-128.14964,0.482769398118824,-128.14964
834,120.711624,-0.23340936257397132,120.711624
835,-126.41479,0.77380263359574,-126.41479
836,-124.064415,0.34970492052675634,-124.064415
837,126.40452,-0.4312940412925946,126.40452
838,-129.82721,0.2339562757105422,-129.82721
839,-127.85628,0.28552535052464123,-127.85628
840,121.348015,-0.03453581596058663,121.348015
841,127.233345,-0.09039445495111736,127.233345
842,125.084045,-0.29841859967308043,125.084045
843,-122.310974,0.23118591507971714,-122.310974
844,130.6434,-0.38144321706543544,130.6434
845,-125.194336,0.26997967701803705,-125.194336
846,128.52403,-0.36845540802488536,128.52403
847,-124.38714,0.41849255968105126,-124.38714
848,-123.35593,0.6092561172721737,-123.35593
849,122.915726,-0.33084677528647105,122.915726
850,-122.915955,0.4269778922021413,-122.915955
851,125.88944,-0.2760428264048631,125.88944
852,-121.202446,0.11589741096909667,-121.202446
853,-120.95418,0.04961898067032907,-120.95418
854,123.411255,-0.15534493346533026,123.411255
855,120.687256,-0.07729305701003185,120.687256
856,-118.3213,0.2740353133237112,-118.3213
857,-128.1482,0.4065076616293694,-128.1482
858,126.05486,-0.4625685123742378,126.05486
859,-125.87498,0.7141953861631017,-125.87498
860,126.95768,-0.565308954657568,126.95768
861,-126.1094,0.4798437332629437,-126.1094
862,-126.88615,0.6874381353087734,-126.88615
863,-126.80266,0.49854417466356976,-126.80266
864,-127.80277,0.5453514648966356,-127.80277
865,-126.79555,0.42220284401742975,-126.79555
866,-125.06677,0.6616596096051762,-125.06677
867,-131.64713,0.5943658577100717,-131.64713
868,-125.02559,0.49857004203171434,-125.02559
869,127.020164,-0.5449429048592759,127.020164
870,-123.038795,0.3648072333035458,-123.038795
871,128.41101,-0.27982651637882855,128.41101
872,-132.4926,-0.05896349971754002,-132.4926
873,-128.70633,0.15403110791544558,-128.70633
874,-127.1178,0.11676795237936127,-127.1178
875,-133.02287,0.07721485733797136,-133.02287
876,-130.98305,0.011383566001521121,-130.98305
877,122.117386,-0.05996541039839655,122.117386
878,124.34782,-0.2063575477381114,124.34782
879,-123.804146,0.09889645253398882,-123.804146
880,-133.23808,0.4042944350518389,-133.23808
881,121.2509,0.004201146649854159,121.2509
882,-132.94765,0.3772378386376006,-132.94765
883,-128.99416,0.5491567283818322,-128.99416
884,131.76045,-0.4269294964500589,131.76045
885,121.26253,-0.13433193632454635,121.26253
886,-132.73775,0.3740208132532588,-132.73775
887,123.19008,-0.3713994967989969,123.19008
888,-132.89828,0.5110070823304576,-132.89828
889,132.70581,-0.5088392657104858,132.70581
890,-134.61925,0.22604547129094776,-134.61925
891,123.70108,-0.11752363402465021,123.70108
892,132.84099,-0.48349911842328075,132.84099
893,125.571014,-0.41077405400220734,125.571014
894,129.25151,-0.442989358476205,129.25151
895,119.99763,0.0051567468837360915,119.99763
896,-124.80735,0.35425044540335515,-124.80735
897,125.021164,-0.4461248137649751,125.021164
898,-122.31968,0.5593707531366141,-122.31968
899,134.83745,-0.4859065371598207,134.83745
900,124.80879,-0.28933925817324935,124.80879
901,-125.08751,0.5059087033511943,-125.08751
902,-128.48685,0.5922611930853076,-128.48685
903,-126.06549,0.4067601555192641,-126.06549
904,130.40907,-0.6022483531105667,130.40907
905,132.95903,-0.5896035376183749,132.95903
906,-126.42987,0.24744815408628482,-126.42987
907,127.60251,-0.3559864560154049,127.60251
908,133.57054,-0.3677898222984742,133.57054
909,-122.58783,0.29127830294106916,-122.58783
910,-123.95947,0.08580131627300366,-123.95947
911,-124.0045,0.1151525867146121,-124.0045
912,-124.705475,0.3789504946740969,-124.705475
913,-124.49118,0.19823494032237238,-124.49118
914,-120.98037,0.12976514519078292,-120.98037
915,-119.64688,0.0026925062106320768,-119.64688
916,118.88913,0.05873754656645086,118.88913
917,124.91343,-0.23696755787976545,124.91343
918,-122.743355,0.3019215409903879,-122.743355
919,118.9035,-0.22252794020118388,118.9035
920,-121.661674,0.22827568214440436,-121.661674
921,121.494385,-0.2470791332817186,121.494385
922,120.67165,-0.10209394416464652,120.67165
923,118.460045,-0.1025827811317824,118.460045
924,-119.87396,0.07343826020763153,-119.87396
925,-120.43709,0.1442703280623873,-120.43709
926,-119.61434,-0.014588759509298756,-119.61434
927,124.40508,-0.06821001764863689,124.40508
928,123.78284,-0.08892333671699834,123.78284
929,123.312805,-0.06778954611804618,123.312805
930,122.811,-0.06786907034892538,122.811
931,122.54115,-0.1825239650853317,122.54115
932,123.43179,-0.38946731838653903,123.43179
933,125.27226,-0.4499490106300081,125.27226
934,122.82314,-0.22011505779534346,122.82314
935,125.54799,-0.40284648707448345,125.54799
936,-122.28572,0.1824271765327693,-122.28572
937,128.16527,-0.5702542007825085,128.16527
938,129.47125,-0.38489102909603523,129.47125
939,131.32433,-0.40289020679926085,131.32433
940,-120.930084,0.07741142692235174,-120.930084
941,120.99857,-0.1985384454091418,120.99857
942,-128.0945,0.14945093906256776,-128.0945
943,129.95605,-0.26432725334537843,129.95605
944,125.17379,-0.4575781790722193,125.17379
945,129.94319,-0.3478406964405564,129.94319
946,-122.07094,0.07500125504940262,-122.07094
947,127.38577,-0.03111587625948245,127.38577
948,-121.795525,0.16486514934285548,-121.795525
949,-123.621735,0.36083568455506876,-123.621735
950,118.78136,0.05147880265480522,118.78136
951,120.87537,-0.10944177095064131,120.87537
952,122.59545,-0.0071546222047694326,122.59545
953,-120.78626,0.11980650501676006,-120.78626
954,-125.478714,0.38316223541715483,-125.478714
955,-121.453514,0.35290889566359696,-121.453514
956,132.7776,-0.1631680238427392,132.7776
957,-125.4585,0.5362239790559453,-125.4585
958,125.2947,-0.42992532108428805,125.2947
959,-122.54812,0.2289530614715115,-122.54812
960,122.62644,0.06595559583418305,122.62644
961,-128.0977,0.6873473558948952,-128.0977
962,-119.09816,0.005559808472955346,-119.09816
963,123.20602,-0.18977174975180497,123.20602
964,121.58547,-0.14298219352228586,121.58547
965,121.58547,-0.14298219352228586,121.58547
966,124.75156,-0.20518718437345645,124.75156
967,120.51025,-0.09760689434703278,120.51025
968,119.39424,0.011973925018562322,119.39424
969,121.21172,-0.00704888222686642,121.21172
970,120.92032,0.005917872909507119,120.92032
971,120.768135,-0.01769638006371744,120.768135
972,-125.08674,0.010016432847890732,-125.08674
973,121.33432,0.05204969349730949,121.33432
974,119.899414,0.05630015701811071,119.899414
975,-120.08505,0.14424641805681965,-120.08505
976,-120.814804,0.08362785918880264,-120.814804
977,-125.07791,0.26719300338863955,-125.07791
978,125.18799,-0.16418200000388022,125.18799
979,-123.51024,0.13718332065464617,-123.51024
980,-121.41857,0.33941027770335347,-121.41857
981,-123.815704,0.32425052752591976,-123.815704
982,-125.19624,0.36910961694315536,-125.19624
983,-128.60995,0.2775095840853565,-128.60995
984,129.63135,-0.3291448467941719,129.63135
985,123.46499,-0.41535687515678,123.46499
986,-122.80809,0.2674849186195969,-122.80809
987,-120.23327,0.10651253153323166,-120.23327
988,-129.01978,0.46286983160881934,-129.01978
989,-120.17001,0.13298753659754567,-120.17001
990,-122.93065,0.22673926343421807,-122.93065
991,-123.088806,0.3802283928804981,-123.088806
992,-122.58718,0.0886228729887862,-122.58718
993,122.785835,-0.36427762534426605,122.785835
994,-123.77505,0.21672197297413687,-123.77505
995,-122.44202,0.12431962206840949,-122.44202
996,122.28537,-0.27619448470067437,122.28537
997,121.54256,-0.11751318480476783,121.54256
998,120.61516,-0.11747184718340613,120.61516
999,122.245415,-0.13519433867421626,122.245415
1000,-120.48178,0.09196364592293102,-120.48178
1001,122.247604,-0.14560347262414022,122.247604
1002,121.050026,0.04439661759589333,121.050026
1003,125.34198,-0.4163742578498729,125.34198
1004,119.883934,0.04906262619773675,119.883934
1005,125.250656,-0.32901717089045757,125.250656
1006,125.2506,-0.15152967572861523,125.2506
1007,125.34283,-0.3789301021501309,125.34283
1008,121.35406,-0.17062002224811976,121.35406
1009,122.894745,-0.28469686832049335,122.894745
1010,-125.03152,0.24533743887331907,-125.03152
1011,-127.620804,0.023603798658544686,-127.620804
1012,-126.75728,0.29596835069225597,-126.75728
1013,-122.38686,0.14052096205411074,-122.38686
1014,-122.52047,-0.0048670004194858695,-122.52047
1015,-123.2607,0.008710741794464254,-123.2607
1016,-123.36133,0.07662714097001255,-123.36133
1017,-123.01117,0.20472274719037412,-123.01117
1018,-122.58933,0.0078116218581522285,-122.58933
1019,-123.25501,0.14248845563129503,-123.25501
1020,123.99808,-0.04238790015541986,123.99808
1021,122.69149,-0.021734927188731677,122.69149
1022,-123.125,0.11951615204020287,-123.125
1023,-122.81128,0.09572997641230294,-122.81128
1024,-123.1636,0.1069721198387146,-123.1636
1025,-121.9752,0.1436103214404811,-121.9752
1026,-122.7448,0.04352702425567562,-122.7448
1027,126.11099,-0.21125977007682237,126.11099
1028,123.17244,-0.03038259277717819,123.17244
1029,-123.90391,0.35831030912237877,-123.90391
1030,122.80532,-0.3110901974920499,122.80532
1031,122.27261,-0.26640695504165673,122.27261
1032,122.26519,-0.24059312567010663,122.26519
1033,122.07405,-0.12669845213456343,122.07405
1034,-121.61075,0.1276296739712501,-121.61075
1035,120.016815,0.03037944345591354,120.016815
1036,-122.493576,0.2884287668292309,-122.493576
1037,-122.82692,0.11226605312050013,-122.82692
1038,123.48486,-0.15032977773244618,123.48486
1039,122.720535,-0.5066806287518757,122.720535
1040,125.53223,-0.35311077654728573,125.53223
1041,127.23978,-0.3554883334520835,127.23978
1042,-123.28818,0.22004757968988078,-123.28818
1043,125.48503,-0.03329316940007995,125.48503
1044,-121.57531,0.10057246302927451,-121.57531
1045,124.0714,-0.33362139245796035,124.0714
1046,-128.90762,0.31328731853970665,-128.90762
1047,123.62685,-0.23477213698503807,123.62685
1048,-129.10693,0.48124891194526787,-129.10693
1049,126.26367,-0.5854609927152601,126.26367
1050,128.95251,-0.3074458660079811,128.95251
1051,-127.44112,0.3828842296884339,-127.44112
1052,-128.32803,0.6043315824259758,-128.32803
1053,123.50277,-0.30412799696020076,123.50277
1054,-128.32805,0.3718907531612689,-128.32805
1055,122.365715,-0.20891706688211648,122.365715
1056,122.36355,-0.11932995799743822,122.36355
1057,123.0996,-0.4045854848870887,123.0996
1058,122.37587,-0.21585542339178154,122.37587
1059,-122.64039,0.1487306814903682,-122.64039
1060,123.09966,-0.22202483649653237,123.09966
1061,123.43139,-0.1976620966958914,123.43139
1062,122.38395,-0.17245555241010482,122.38395
1063,123.3188,-0.3193779718580456,123.3188
1064,-122.50181,0.1654558637534317,-122.50181
1065,123.36461,-0.46524179186769593,123.36461
1066,122.37296,-0.22034824736115338,122.37296
1067,123.580124,-0.20209851116587932,123.580124
1068,122.22688,-0.16896969859552308,122.22688
1069,-124.29661,0.48299911732034373,-124.29661
1070,120.87171,-0.07673009852813796,120.87171
1071,127.85347,-0.5089998320225868,127.85347
1072,123.63637,-0.06241977594063407,123.63637
1073,124.335846,-0.20382674486372956,124.335846
1074,125.37965,-0.27989824911801336,125.37965
1075,121.15326,-0.17589906090572333,121.15326
1076,-124.991325,0.6894529903826734,-124.991325
1077,-123.81394,0.282570731358615,-123.81394
1078,134.44855,-0.3737094483811074,134.44855
1079,128.61116,-0.5363920893011379,128.61116
1080,-125.98059,0.3204347082138084,-125.98059
1081,-128.78221,0.3310372903004811,-128.78221
1082,-123.08613,0.42275593322006855,-123.08613
1083,127.03693,-0.37413364819117567,127.03693
1084,-123.0595,0.2806251993206014,-123.0595
1085,123.067535,-0.251610097112563,123.067535
1086,121.50109,0.03027976056132077,121.50109
1087,-121.86436,0.15323930077824255,-121.86436
1088,121.20924,-0.09258630278761082,121.20924
1089,123.288635,-0.14204512869655883,123.288635
1090,-122.873566,0.025703387734584027,-122.873566
1091,122.907425,-0.039097257279195885,122.907425
1092,122.849335,0.024743896805456102,122.849335
1093,-121.690186,0.18026402333920313,-121.690186
1094,124.47868,-0.2065268543252805,124.47868
1095,-120.84546,0.07973771972196075,-120.84546
1096,119.18579,-0.05653130787184251,119.18579
1097,118.26626,0.1627528873375711,118.26626
1098,-120.81568,0.10910502906631395,-120.81568
1099,120.16113,0.067952617953274,120.16113
1100,121.631004,0.015344087471357641,121.631004
1101,120.03126,0.12497908889632581,120.03126
1102,118.42093,-0.04102794579866824,118.42093
1103,118.53987,0.07824075306069682,118.53987
1104,117.895645,0.04574027462905842,117.895645
1105,128.46477,-0.3917992008022381,128.46477
1106,-123.31901,0.24462173830495726,-123.31901
1107,124.65026,-0.42186059701576767,124.65026
1108,119.26465,0.10945615098001434,119.26465
1109,119.265015,0.08459536770961236,119.265015
1110,119.28934,0.0904388948734411,119.28934
1111,119.28552,-0.034239399182321766,119.28552
1112,119.091774,0.04876937634309905,119.091774
1113,119.99952,-0.12376199874589869,119.99952
1114,-121.61123,0.09548834316966374,-121.61123
1115,120.01252,0.022157320264807524,120.01252
1116,119.27468,0.11543535282278079,119.27468
1117,-123.171745,0.38968505688859423,-123.171745
1118,121.555954,-0.3309870798961818,121.555954
1119,-123.92328,0.23145234846362425,-123.92328
1120,121.4736,-0.17503334487248104,121.4736
1121,127.296616,-0.26563124746941663,127.296616
1122,123.08876,-0.22491570467864969,123.08876
1123,-124.6649,0.07578680701200738,-124.6649
1124,123.33605,-0.13586172312536204,123.33605
1125,126.18259,-0.381380609782153,126.18259
1126,-125.85432,0.5273877866166082,-125.85432
1127,126.187675,-0.44526566910255494,126.187675
1128,-124.105095,0.48473265109212954,-124.105095
1129,128.11932,-0.3707028994564392,128.11932
1130,126.71727,-0.4479987614518717,126.71727
1131,-119.75456,0.1264236745320843,-119.75456
1132,122.10432,-0.17448552333291684,122.10432
1133,124.36378,-0.39441973077219394,124.36378
1134,123.76601,-0.4202831660616366,123.76601
1135,122.742714,-0.11831465765050071,122.742714
1136,122.75133,-0.15879535656950267,122.75133
1137,125.49073,-0.22580012915099806,125.49073
1138,-122.76003,0.17031297934173012,-122.76003
1139,123.23101,-0.09151857179398504,123.23101
1140,123.36615,-0.2712065337818293,123.36615
1141,-118.408714,0.035552115334725735,-118.408714
1142,-120.42395,0.2507807521772709,-120.42395
1143,-120.31968,0.1685969960872418,-120.31968
1144,122.58521,-0.11761827850320153,122.58521
1145,130.06993,-0.34391449304943444,130.06993
1146,127.0668,-0.46711178161849304,127.0668
1147,126.76798,-0.5144848934073273,126.76798
1148,120.655914,-0.08291498904418801,120.655914
1149,121.32365,-0.008233953734604567,121.32365
1150,-124.76878,0.2020852981447122,-124.76878
1151,-125.0049,0.47846989095750475,-125.0049
1152,-127.49374,0.34858142773830264,-127.49374
1153,-122.65513,0.06262940956547908,-122.65513
1154,-126.4351,0.5084021652983093,-126.4351
1155,122.89516,-0.3232143431786377,122.89516
1156,-122.71218,0.10221386675491395,-122.71218
1157,122.6092,-0.09294853257522272,122.6092
1158,-123.09366,0.05861498428481549,-123.09366
1159,123.59751,-0.12116491272185075,123.59751
1160,-122.62525,0.47091771465724636,-122.62525
1161,-124.990425,0.20896342402779003,-124.990425
1162,-127.47137,0.21473418483691115,-127.47137
1163,-122.61947,0.41680295414588564,-122.61947
1164,-122.62682,0.13276084860367043,-122.62682
1165,-122.62294,0.2747319875601678,-122.62294
1166,-122.62093,0.34894810679024113,-122.62093
1167,-122.63194,0.3659342846794399,-122.63194
1168,-122.62492,0.3485289377782457,-122.62492
1169,-124.78213,0.6233896316385369,-124.78213
1170,-129.09087,0.365353026459727,-129.09087
1171,-127.92844,0.4893761684871385,-127.92844
1172,-128.54097,0.5830066892655851,-128.54097
1173,-120.87195,0.11002794463987224,-120.87195
1174,118.61161,0.15310313911415047,118.61161
1175,126.95028,-0.32584554467704324,126.95028
1176,-124.40278,0.19733059320059784,-124.40278
1177,120.381294,0.06394827252762264,120.381294
1178,120.110855,0.13412970758538156,120.110855
1179,119.98216,0.11372266661829594,119.98216
1180,-120.45516,0.07518415865587547,-120.45516
1181,-120.44695,0.11443050000723787,-120.44695
1182,124.115234,-0.09808663940747134,124.115234
1183,-127.02953,0.3437551910525184,-127.02953
1184,128.98306,-0.5496590756312036,128.98306
1185,-119.673805,0.06997332820933223,-119.673805
1186,-122.5102,0.2869485929579583,-122.5102
1187,-122.671745,0.38617122352869976,-122.671745
1188,-125.631165,0.49429609738026303,-125.631165
1189,-122.32689,0.3880675622464131,-122.32689
1190,-123.096504,0.18334324273604155,-123.096504
1191,-133.1233,0.4175981015148328,-133.1233
1192,-120.35561,0.07378933204791789,-120.35561
1193,-120.764854,0.14221121556814445,-120.764854
1194,-124.97959,0.27838438544681116,-124.97959
1195,-120.552055,0.25053962690205167,-120.552055
1196,-123.218956,0.2672786237854593,-123.218956
1197,-127.82296,0.33338761382846405,-127.82296
1198,-126.74683,0.3886315051855112,-126.74683
1199,-124.09001,0.49247976241362457,-124.09001
1200,-126.87003,0.2682130980345996,-126.87003
1201,-125.26607,0.5114893123395631,-125.26607
1202,-124.903625,0.4696511263876541,-124.903625
1203,122.60801,-0.2166489876049405,122.60801
1204,-125.8394,0.4650140630885331,-125.8394
1205,-120.76399,0.01015267405468048,-120.76399
1206,-123.73891,0.4936807537721992,-123.73891
1207,-122.2043,0.14059704688573846,-122.2043
1208,-126.41901,0.5803866350297394,-126.41901
1209,-126.5043,0.38647951169597544,-126.5043
1210,124.7688,-0.42531684659135255,124.7688
1211,122.66128,-0.2606181884061219,122.66128
1212,-122.66132,0.3452103660367458,-122.66132
1213,119.85898,-0.164701687834784,119.85898
1214,-123.898766,0.5458681403097115,-123.898766
1215,-125.79248,0.0222321531709009,-125.79248
1216,-122.74849,0.08895328630650103,-122.74849
1217,-127.19022,0.26898411384810916,-127.19022
1218,128.84993,-0.2864072644156673,128.84993
1219,-121.41258,0.010885942112471014,-121.41258
1220,-121.41258,0.14256051808159892,-121.41258
1221,-121.41258,0.010885942112471014,-121.41258
1222,-121.41258,0.14256051808159892,-121.41258
1223,-121.41258,0.10330002507563321,-121.41258
1224,121.41211,-0.021785750294446682,121.41211
1225,121.41211,-0.07171625737100848,121.41211
1226,121.41211,0.06112034861069219,121.41211
1227,121.41211,-0.07171625737100848,121.41211
1228,121.41211,-0.06321674123021134,121.41211
1229,121.41211,-0.021785750294446682,121.41211
1230,121.41211,-0.07171625737100848,121.41211
1231,121.41211,-0.021785750294446682,121.41211
1232,121.41211,0.06112034861069219,121.41211
1233,121.41211,-0.021785750294446682,121.41211
1234,121.41211,-0.07171625737100848,121.41211
1235,-120.88947,0.011427563210388585,-120.88947
1236,-120.88947,0.011427563210388585,-120.88947
1237,122.218475,0.10195193915533739,122.218475
1238,122.218475,0.10195193915533739,122.218475
1239,122.218475,0.10195193915533739,122.218475
1240,-119.27862,0.079543415867702,-119.27862
1241,122.10312,0.12145091775904647,122.10312
1242,120.98297,0.06564158554909115,120.98297
1243,-120.98315,0.06802864982307695,-120.98315
1244,120.684425,0.006560081416368816,120.684425
1245,122.32969,0.1445972291231004,122.32969
1246,122.32969,0.1445972291231004,122.32969
1247,122.32969,0.1445972291231004,122.32969
1248,-121.21399,-0.0422870701910193,-121.21399
1249,-121.21399,0.2743090038962242,-121.21399
1250,123.119415,0.05288553781644682,123.119415
1251,123.119415,-0.04722979523249187,123.119415
1252,123.119415,0.05288553781644682,123.119415
1253,123.119415,0.05288553781644682,123.119415
1254,123.119415,-0.061817746997838596,123.119415
1255,123.119415,0.043038068213819586,123.119415
1256,123.119415,0.043038068213819586,123.119415
1257,-118.82576,0.14467116773990585,-118.82576
1258,122.639465,-0.10419915781612957,122.639465
1259,122.639465,-0.05129911615213958,122.639465
1260,-120.53788,0.0660520848787069,-120.53788
1261,-124.37556,0.1039116680360407,-124.37556
1262,-124.37556,0.1039116680360407,-124.37556
1263,122.610275,-0.06628043410186625,122.610275
1264,122.610275,-0.06628043410186625,122.610275
1265,122.610275,-0.05705454828993812,122.610275
1266,122.610275,-0.05705454828993812,122.610275
1267,122.610275,-0.05705454828993812,122.610275
1268,122.610275,-0.05705454828993812,122.610275
1269,122.610275,-0.05705454828993812,122.610275
1270,122.610275,-0.05705454828993812,122.610275
1271,122.610275,-0.05705454828993812,122.610275
1272,-120.11041,0.09688604086016392,-120.11041
1273,121.30671,0.07960174995861065,121.30671
1274,125.72388,0.051736299855217806,125.72388
1275,-120.341484,0.1076897489862151,-120.341484
1276,119.23424,0.044713777655626445,119.23424
1277,119.23424,0.011069637693427318,119.23424
1278,119.23424,0.011069637693427318,119.23424
1279,119.23424,0.011069637693427318,119.23424
1280,119.23424,0.011069637693427318,119.23424
1281,119.23424,0.011069637693427318,119.23424
1282,119.23424,0.011069637693427318,119.23424
1283,119.23424,0.011069637693427318,119.23424
1284,119.23424,0.011069637693427318,119.23424
1285,119.23424,0.011069637693427318,119.23424
1286,119.23424,0.011069637693427318,119.23424
1287,119.23424,-0.006656051321761298,119.23424
1288,119.23424,-0.006656051321761298,119.23424
1289,119.23424,-0.006656051321761298,119.23424
1290,-123.52572,0.21058622308884203,-123.52572
1291,-123.52572,0.22261605709163276,-123.52572
1292,-123.52572,0.22261605709163276,-123.52572
1293,-123.52572,0.22261605709163276,-123.52572
1294,-123.52572,0.22261605709163276,-123.52572
1295,-123.52572,0.22261605709163276,-123.52572
1296,-123.52572,0.21058622308884203,-123.52572
1297,-123.52572,0.22261605709163276,-123.52572
1298,-123.52572,0.22261605709163276,-123.52572
1299,-123.52572,0.22261605709163276,-123.52572
1300,-123.52572,0.22261605709163276,-123.52572
1301,-122.34673,0.14397085134075924,-122.34673
1302,124.63157,-0.1672702043644101,124.63157
1303,121.201965,0.032050488369475355,121.201965
1304,-121.257355,0.11258457073168197,-121.257355
1305,-118.42943,0.04234528226030903,-118.42943
1306,-118.42943,0.05147783328928165,-118.42943
1307,-119.67814,0.14054632145914817,-119.67814
1308,124.676735,-0.003888308916893918,124.676735
1309,123.776855,-0.11551234175646541,123.776855
1310,123.776855,-0.04400494618159238,123.776855
1311,121.20182,0.03207370649448586,121.20182
1312,-124.89799,0.04116644193189279,-124.89799
1313,122.32354,-0.16748358765320887,122.32354
1314,-124.69597,-0.013243299177225585,-124.69597
1315,-124.69597,-0.012674190326304449,-124.69597
1316,-124.69597,-0.012674190326304449,-124.69597
1317,-124.69597,-0.012674190326304449,-124.69597
1318,-124.69597,-0.012674190326304449,-124.69597
1319,122.14296,0.06488990104258582,122.14296
1320,122.14296,-0.150371644341833,122.14296
1321,122.14296,-0.150371644341833,122.14296
1322,-121.748856,0.2082641321427528,-121.748856
1323,-121.748856,0.2585059397625586,-121.748856
1324,123.66653,-0.21481459208489437,123.66653
1325,123.66653,-0.19205049279249561,123.66653
1326,122.59465,0.17831150680108118,122.59465
1327,122.59465,0.01692614173091932,122.59465
1328,-127.54117,-0.032045041067308246,-127.54117
1329,-127.54117,-0.032045041067308246,-127.54117
1330,122.337616,0.07275266117046579,122.337616
1331,121.81714,-0.08958270307001662,121.81714
1332,123.346985,0.001585949937736861,123.346985
1333,-123.41401,0.1537330964540795,-123.41401
1334,128.50478,-0.019725629662739743,128.50478
1335,128.50478,-0.019725629662739743,128.50478
1336,-120.90309,-0.17682256463051782,-120.90309
1337,-120.90309,-0.17682256463051782,-120.90309
1338,-118.56792,0.057963246483755775,-118.56792
1339,-118.56792,0.057963246483755775,-118.56792
1340,125.08678,-0.14481505730242156,125.08678
1341,125.08678,-0.14481505730242156,125.08678
1342,-120.93739,-0.22485511083758924,-120.93739
1343,-120.93739,-0.22485511083758924,-120.93739
1344,-120.93739,-0.22485511083758924,-120.93739
1345,-120.93739,-0.22485511083758924,-120.93739
1346,-120.93739,-0.0801820907811224,-120.93739
1347,-120.93739,-0.22485511083758924,-120.93739
1348,120.60366,0.1081351049443822,120.60366
1349,120.60366,0.1081351049443822,120.60366
1350,120.60366,0.1081351049443822,120.60366
1351,120.60366,0.1081351049443822,120.60366
1352,120.60366,0.1081351049443822,120.60366
1353,120.60366,0.055948733672383365,120.60366
1354,120.60366,0.1081351049443822,120.60366
1355,-121.77015,0.0386173092422203,-121.77015
1356,-130.14699,-0.07845451335668492,-130.14699
1357,-130.14699,-0.07845451335668492,-130.14699
1358,123.79089,-0.09452933218695059,123.79089
1359,-119.51186,0.08050027974790351,-119.51186
1360,125.57288,-0.014262042751868214,125.57288
1361,-122.66911,0.08375953664563619,-122.66911
1362,-117.73621,-0.035495730958695904,-117.73621
1363,-117.73621,0.044282578376785973,-117.73621
1364,-117.73621,0.044282578376785973,-117.73621
1365,128.1445,-0.21158226230036464,128.1445
1366,128.1445,-0.21158226230036464,128.1445
1367,-123.31013,-0.01053143914457916,-123.31013
1368,121.4396,0.008303559079884011,121.4396
1369,-122.996254,-0.04634103709676383,-122.996254
1370,120.764465,0.07646936937983169,120.764465
1371,120.764465,0.07646936937983169,120.764465
1372,124.8436,-0.1735272697073485,124.8436
1373,118.71386,0.08089326871602512,118.71386
1374,118.71386,0.08089326871602512,118.71386
1375,124.84705,-0.20094448949388546,124.84705
1376,124.84705,-0.20094448949388546,124.84705
1377,-118.71039,0.06875809396176079,-118.71039
1378,-118.73477,0.16810519522785733,-118.73477
1379,122.860886,-0.13062368772614544,122.860886
1380,122.860886,-0.08991447826124521,122.860886
1381,120.930046,-0.01059477646376413,120.930046
1382,120.930046,-0.01059477646376413,120.930046
1383,120.930046,-0.01059477646376413,120.930046
1384,120.930046,-0.01059477646376413,120.930046
1385,120.930046,-0.01059477646376413,120.930046
1386,120.930046,-0.01059477646376413,120.930046
1387,120.930046,-0.01059477646376413,120.930046
1388,120.930046,-0.01059477646376413,120.930046
1389,120.930046,-0.01059477646376413,120.930046
1390,120.930046,-0.01059477646376413,120.930046
1391,-120.93011,-0.0394576608619452,-120.93011
1392,-120.93011,-0.0394576608619452,-120.93011
1393,-120.93011,-0.0394576608619452,-120.93011
1394,127.976616,-0.17140824260353457,127.976616
1395,-121.349205,0.09232295753435926,-121.349205
1396,-121.756516,0.17595714163446088,-121.756516
1397,-124.890274,0.045957985616929854,-124.890274
1398,124.89045,-0.09329037243100959,124.89045
1399,124.89045,-0.09329037243100959,124.89045
1400,121.34876,0.06518330224658866,121.34876
1401,121.34876,0.06518330224658866,121.34876
1402,121.34876,0.06518330224658866,121.34876
1403,-124.1468,0.09841662040838148,-124.1468
1404,121.2066,-0.02678504370063867,121.2066
1405,121.2066,-0.0031584354171834725,121.2066
1406,121.2066,-0.0031584354171834725,121.2066
1407,121.2066,-0.0031584354171834725,121.2066
1408,121.75663,-0.23155327187329758,121.75663
1409,121.75663,-0.23155327187329758,121.75663
1410,121.75663,-0.23155327187329758,121.75663
1411,121.75663,-0.23155327187329758,121.75663
1412,-121.349205,0.09296978074788471,-121.349205
1413,-121.756516,0.11904398830369094,-121.756516
1414,-123.83148,0.2709378350981034,-123.83148
1415,124.04949,-0.06022814716885197,124.04949
1416,124.13568,0.06006438769390252,124.13568
1417,124.13568,0.06006438769390252,124.13568
1418,-118.80699,0.04609622728548217,-118.80699
1419,121.26625,-0.06824208694245393,121.26625
1420,121.59407,-0.1350290319831448,121.59407
1421,-119.08151,0.18263604284350718,-119.08151
1422,-123.39826,0.08463385376207448,-123.39826
1423,-128.3839,0.04564665638514506,-128.3839
1424,118.71677,-0.037114308042234756,118.71677
1425,-120.95922,-0.0769417490475631,-120.95922
1426,-120.95922,-0.0769417490475631,-120.95922
1427,-120.95922,-0.0769417490475631,-120.95922
1428,120.95906,0.013157754820902407,120.95906
1429,120.95906,0.013157754820902407,120.95906
1430,120.95906,0.013157754820902407,120.95906
1431,120.95906,0.013157754820902407,120.95906
1432,120.95906,0.013157754820902407,120.95906
1433,120.95906,0.013157754820902407,120.95906
1434,123.521736,-0.14492096397919715,123.521736
1435,118.52369,0.055233718624818885,118.52369
1436,118.52369,0.055233718624818885,118.52369
1437,-128.99983,-0.05365694884504335,-128.99983
1438,-128.99983,-0.05365694884504335,-128.99983
1439,120.52886,0.17937307439723152,120.52886
1440,120.52886,0.17937307439723152,120.52886
1441,-125.49407,0.03964428303723454,-125.49407
1442,-125.49407,-0.07137193883777197,-125.49407
1443,118.69007,-0.05739619091462426,118.69007
1444,120.91019,0.017350452067104224,120.91019
1445,-118.69005,0.07906209369516423,-118.69005
1446,-118.44382,0.2002382244701873,-118.44382
1447,132.05486,-0.02075878163225265,132.05486
1448,120.210304,0.023083824114359077,120.210304
1449,-120.21028,0.09021170118765216,-120.21028
1450,120.22501,-0.03715432376448641,120.22501
1451,119.360214,0.02660386593051311,119.360214
1452,119.360214,0.02660386593051311,119.360214
1453,119.360214,0.005819214575786464,119.360214
1454,119.360214,0.02660386593051311,119.360214
1455,119.360214,0.02660386593051311,119.360214
1456,119.360214,0.02660386593051311,119.360214
1457,119.360214,0.02660386593051311,119.360214
1458,118.97376,0.024443350342705523,118.97376
1459,118.97376,0.024443350342705523,118.97376
1460,124.835396,-0.11751594231788465,124.835396
1461,124.835396,-0.06420232331855544,124.835396
1462,124.835396,-0.06420232331855544,124.835396
1463,119.0533,0.014545066837357736,119.0533
1464,119.0533,0.014545066837357736,119.0533
1465,119.0533,-0.055514833425749296,119.0533
1466,119.0533,-0.055514833425749296,119.0533
1467,119.0533,-0.055514833425749296,119.0533
1468,-119.04388,0.09992850299139366,-119.04388
1469,-122.18966,0.20063403647612363,-122.18966
1470,122.63274,0.05311462161809637,122.63274
1471,123.56289,0.004006936981628971,123.56289
1472,123.56289,0.004006936981628971,123.56289
1473,123.56289,0.004006936981628971,123.56289
1474,123.56289,0.004006936981628971,123.56289
1475,123.56289,0.004006936981628971,123.56289
1476,123.56289,0.004006936981628971,123.56289
1477,123.56289,0.004006936981628971,123.56289
1478,125.26796,0.08115456842032011,125.26796
1479,-121.33534,0.09035098318242543,-121.33534
1480,-121.18529,0.18677968614450144,-121.18529
1481,-123.67127,0.4084807548549193,-123.67127
1482,121.75494,-0.015003972507630378,121.75494
1483,123.65501,-0.12107551895661936,123.65501
1484,126.19877,-0.01809393789775028,126.19877
1485,-118.62029,0.14237786538049377,-118.62029
1486,120.199974,0.012377130329301041,120.199974
1487,122.939316,-0.20228127202581747,122.939316
1488,-121.34157,-0.01971512637132855,-121.34157
1489,-120.79884,-0.017612359453739464,-120.79884
1490,-120.79884,-0.017612359453739464,-120.79884
1491,-120.79884,-0.017612359453739464,-120.79884
1492,-120.79884,-0.017612359453739464,-120.79884
1493,-120.79884,-0.017612359453739464,-120.79884
1494,121.23257,0.02787678413214359,121.23257
1495,121.23257,0.02787678413214359,121.23257
1496,121.23257,0.02787678413214359,121.23257
1497,121.23257,0.02787678413214359,121.23257
1498,121.23257,0.02787678413214359,121.23257
1499,119.87025,-0.009931888623894602,119.87025
1500,120.97231,0.24174398738482458,120.97231
1501,127.70673,-0.15342353076049633,127.70673
1502,-125.35044,0.08769678256642427,-125.35044
1503,124.81203,0.01470432386071703,124.81203
1504,-119.62692,0.04748265924102761,-119.62692
1505,-121.91728,0.06924100557239371,-121.91728
1506,-121.91728,0.06924100557239371,-121.91728
1507,-121.91728,0.04807694836327681,-121.91728
1508,121.91856,-0.03016881736873679,121.91856
1509,121.31859,0.14342926750312163,121.31859
1510,119.91834,-0.028663143575331052,119.91834
1511,128.59746,0.14458829260631725,128.59746
1512,121.46758,0.009766465268907643,121.46758
1513,120.97614,-0.01637090155915727,120.97614
1514,120.97614,-0.01637090155915727,120.97614
1515,120.97614,-0.01637090155915727,120.97614
1516,-123.67786,0.2833411483840757,-123.67786
1517,-121.17861,0.27613586043654886,-121.17861
1518,123.653206,-0.18964901340444906,123.653206
1519,-124.09816,0.06081865376320071,-124.09816
1520,122.48225,0.049230233113993715,122.48225
1521,-125.765564,-0.1927807108335679,-125.765564
1522,121.03443,0.16218492441651164,121.03443
1523,-121.25927,0.11956203017897996,-121.25927
1524,127.55402,0.08877862832014502,127.55402
1525,126.18642,0.016055503502568704,126.18642
1526,126.18642,0.016055503502568704,126.18642
1527,126.18642,-0.19645764802075286,126.18642
1528,126.18642,-0.17414308150547506,126.18642
1529,126.18642,0.016055503502568704,126.18642
1530,126.18642,0.016055503502568704,126.18642
1531,126.18642,-0.17414308150547506,126.18642
1532,-121.89079,0.18070715290479397,-121.89079
1533,-121.89079,0.14873070725495363,-121.89079
1534,-121.41366,-0.010355355428372183,-121.41366
1535,120.730934,-0.08956517749146657,120.730934
1536,120.730934,-0.08956517749146657,120.730934
1537,129.66432,0.10938980050915424,129.66432
1538,123.70288,-0.09569429403930674,123.70288
1539,-118.37146,0.09962230541284108,-118.37146
1540,-124.31719,0.37500579208303164,-124.31719
1541,-124.31719,0.37500579208303164,-124.31719
1542,124.76622,-0.22970456728747973,124.76622
1543,124.76622,-0.22970456728747973,124.76622
1544,119.32375,-0.05296290122619559,119.32375
1545,119.32375,-0.05296290122619559,119.32375
1546,123.55949,-0.22279143479162014,123.55949
1547,-120.65784,0.16917793530371866,-120.65784
1548,119.06735,0.01706881743428265,119.06735
1549,127.45207,0.15094847943712547,127.45207
1550,120.61922,-0.08167489997710563,120.61922
1551,-121.52567,-0.17863265497888556,-121.52567
1552,-121.35411,0.32270006674351326,-121.35411
1553,123.11886,-0.16034538680480684,123.11886
1554,123.11886,-0.15193545079543533,123.11886
1555,123.11886,-0.15969410016906824,123.11886
1556,123.11886,-0.15513945310836982,123.11886
1557,123.11886,-0.16034538680480684,123.11886
1558,123.90243,0.035394113828995113,123.90243
1559,123.90243,0.035394113828995113,123.90243
1560,123.09633,0.1023731009112281,123.09633
1561,121.26956,-0.06894322101541475,121.26956
1562,-121.55378,-0.07586683605661972,-121.55378
1563,-124.70675,0.11607341981852354,-124.70675
1564,120.42023,-0.15920991624867775,120.42023
1565,120.84642,0.030696687069266978,120.84642
1566,120.84642,0.030696687069266978,120.84642
1567,120.84642,0.030696687069266978,120.84642
1568,120.84642,0.030696687069266978,120.84642
1569,120.84642,0.030696687069266978,120.84642
1570,119.04103,0.02959238611233751,119.04103
1571,119.04103,0.02959238611233751,119.04103
1572,-119.386185,0.21525970602679534,-119.386185
1573,119.38619,0.0071926778917547445,119.38619
1574,-119.117424,0.11617163236395872,-119.117424
1575,-123.18906,0.23184297071562632,-123.18906
1576,-126.24886,0.2847255665109862,-126.24886
1577,-126.29892,0.4164437313340179,-126.29892
1578,-126.29892,0.4164437313340179,-126.29892
1579,-126.29892,0.4164437313340179,-126.29892
1580,126.54599,-0.13165957762827393,126.54599
1581,126.54599,-0.13165957762827393,126.54599
1582,126.54599,-0.13165957762827393,126.54599
1583,124.16575,-0.014641108315825347,124.16575
1584,119.20185,-0.0650153453709243,119.20185
1585,127.6557,0.043832081879339964,127.6557
1586,121.12447,-0.06272640301187227,121.12447
1587,-129.96463,-0.21444043479220876,-129.96463
1588,124.15752,0.07583748056316356,124.15752
1589,127.7039,-0.06885923104630917,127.7039
1590,123.76263,-0.09609063824485167,123.76263
1591,123.76263,-0.09609063824485167,123.76263
1592,123.24315,-0.0958389242906851,123.24315
1593,-126.24092,0.14838387657171673,-126.24092
1594,-122.18788,0.10866255307576847,-122.18788
1595,121.30636,0.0527304735776956,121.30636
1596,121.30636,0.0527304735776956,121.30636
1597,-121.55618,0.053568479542267455,-121.55618
1598,121.95192,0.10805098372413201,121.95192
1599,121.16592,0.04210260953014155,121.16592
1600,119.04857,-0.04961566822073262,119.04857
1601,119.678024,0.00033004996169338184,119.678024
1602,119.678024,0.00033004996169338184,119.678024
1603,119.62828,0.02731368868258535,119.62828
1604,-119.623116,0.1391781191074424,-119.623116
1605,-119.72947,0.035349835479024,-119.72947
1606,124.53543,0.02454655730906943,124.53543
1607,-122.224655,-0.10576868664083576,-122.224655
1608,-119.152855,0.045110512447141475,-119.152855
1609,-128.97913,0.2006405894700047,-128.97913
1610,127.21047,0.26518569537205733,127.21047
1611,120.429665,-0.042417454107136675,120.429665
1612,125.68474,-0.06451997311557478,125.68474
1613,-122.10297,0.1639349857947636,-122.10297
1614,122.403465,-0.03376676933418819,122.403465
1615,122.83469,-0.23044949972058817,122.83469
1616,-124.453224,0.1342901879390393,-124.453224
1617,122.548584,0.12873139811069817,122.548584
1618,121.83998,-0.13225809258362867,121.83998
1619,118.50402,0.06445067209467055,118.50402
1620,119.21516,0.03516091188837228,119.21516
1621,125.19876,-0.0886239827659707,125.19876
1622,119.751915,-0.002834435062240001,119.751915
1623,-121.55631,0.00046736571916185243,-121.55631
1624,119.56173,0.02460542494468152,119.56173
1625,-123.48182,0.09364799093915306,-123.48182
1626,-124.40174,-0.08174573296377825,-124.40174
1627,-127.79598,0.050803950397300235,-127.79598
1628,122.04268,-0.07001338944456131,122.04268
1629,-126.83064,-0.013543990652969375,-126.83064
1630,129.66637,-0.0034968960680728254,129.66637
1631,127.495384,0.2125324879345564,127.495384
1632,126.1024,-0.10562523637866414,126.1024
1633,119.3217,0.01809607954282457,119.3217
1634,121.48234,-0.021916269572826986,121.48234
1635,-122.230545,-0.03211910830345961,-122.230545
1636,-118.281944,0.17605488572059141,-118.281944
1637,-123.192345,0.11629695939114365,-123.192345
1638,120.98878,-0.028238594136388098,120.98878
1639,-122.17483,0.08108284573041427,-122.17483
1640,124.705864,-0.28912121944106894,124.705864
1641,-119.400154,0.09786228672736447,-119.400154
1642,-119.78386,0.09083530126113071,-119.78386
1643,124.67765,0.006447021497451122,124.67765
1644,124.282074,-0.2008837538362639,124.282074
1645,124.282074,-0.2008837538362639,124.282074
1646,124.28216,-0.11845217481477727,124.28216
1647,124.28216,-0.11845217481477727,124.28216
1648,124.28216,-0.11845217481477727,124.28216
1649,124.28216,-0.11845217481477727,124.28216
1650,124.28216,-0.11845217481477727,124.28216
1651,124.28216,-0.11845217481477727,124.28216
1652,124.28216,-0.11845217481477727,124.28216
1653,124.28216,-0.11845217481477727,124.28216
1654,-118.2544,0.03138127158443148,-118.2544
1655,119.04393,-0.06361345901994227,119.04393
1656,-124.78871,-0.05511857354937805,-124.78871
1657,118.60759,0.11573361928527957,118.60759
1658,118.55085,0.17510903484473678,118.55085
1659,124.27081,-0.15401603147059176,124.27081
1660,122.97249,-0.11824612628701092,122.97249
1661,124.861465,-0.043072105942787826,124.861465
1662,121.34081,-0.10680789321361157,121.34081
1663,121.30142,0.06149975150171985,121.30142
1664,125.53868,-0.2229739540457474,125.53868
1665,121.86601,-0.21212725700851923,121.86601
1666,-120.4964,0.07932657577037971,-120.4964
1667,-119.74351,0.23684656829557513,-119.74351
1668,124.31547,-0.2055654920934754,124.31547
1669,125.20146,-0.18572342877647546,125.20146
1670,118.38343,-0.04006464419051578,118.38343
1671,-123.26676,0.06371401890619986,-123.26676
1672,118.851715,-0.030750329979365425,118.851715
1673,123.18646,-0.11808231412713965,123.18646
1674,126.42376,-0.14317852829182803,126.42376
1675,121.44074,-0.0637314455961033,121.44074
1676,119.82523,-0.07281251817028643,119.82523
1677,-124.66167,0.2640522806497311,-124.66167
1678,126.730545,-0.06763814128775784,126.730545
1679,124.7965,-0.07911140105496323,124.7965
1680,117.52135,-0.06417186740433455,117.52135
1681,125.2124,-0.1521522718175511,125.2124
1682,124.63898,-0.1492417347517768,124.63898
1683,-120.11507,0.08529102166672177,-120.11507
1684,-120.0464,0.1280237493036785,-120.0464
1685,120.69929,-0.013149771801627918,120.69929
1686,-124.510765,0.17128327222366693,-124.510765
1687,-124.171555,0.2143185295287422,-124.171555
1688,121.16087,-0.23513810292828702,121.16087
1689,119.03875,-0.007343759540901789,119.03875
1690,120.94328,-0.03827669379173816,120.94328
1691,-122.846596,-0.034454709882592215,-122.846596
1692,122.400566,-0.032746063821450934,122.400566
1693,120.90015,-0.01989843714717229,120.90015
1694,-126.554184,0.2719938249172273,-126.554184
1695,120.984604,0.07747633973171207,120.984604
1696,123.14834,0.08550887902223535,123.14834
1697,-118.78338,0.017670897378860594,-118.78338
1698,124.79042,-0.149412895118459,124.79042
1699,127.379745,-0.1525936611112024,127.379745
1700,123.83068,-0.3079746004810465,123.83068
1701,119.036125,0.12510586557787975,119.036125
1702,-118.93685,0.07743074539322858,-118.93685
1703,124.12311,-0.2833372542283711,124.12311
1704,119.97305,0.0739836066778152,119.97305
1705,-126.67416,0.2690214225304188,-126.67416
1706,120.96714,-0.10208590689189447,120.96714
1707,124.44529,-0.1307865908391858,124.44529
1708,-133.48738,-0.11347485516775167,-133.48738
1709,123.31625,-0.08797574394405994,123.31625
1710,121.65344,-0.023641983278434017,121.65344
1711,124.30797,-0.08523633561590602,124.30797
1712,-137.29079,0.17678958560871413,-137.29079
1713,-119.30654,0.14236919845646936,-119.30654
1714,123.97439,-0.18945110341540386,123.97439
1715,124.90739,-0.01861535875879312,124.90739
1716,119.07253,0.05802008579174767,119.07253
1717,-124.56821,0.10729658513723492,-124.56821
1718,119.67384,0.06293707540335132,119.67384
1719,-120.91982,0.0405943495261501,-120.91982
1720,119.616974,0.03999997016305222,119.616974
1721,119.087715,-0.021888152702713017,119.087715
1722,119.087715,-0.021888152702713017,119.087715
1723,119.087715,-0.021888152702713017,119.087715
1724,119.087715,-0.021888152702713017,119.087715
1725,119.087715,-0.021888152702713017,119.087715
1726,122.30241,-0.09751039704162877,122.30241
1727,-122.30237,-0.15016251508097575,-122.30237
1728,119.02096,-0.06872629068303039,119.02096
1729,-125.57758,0.16672768036999136,-125.57758
1730,-119.83334,0.2886319660433961,-119.83334
1731,124.38996,-0.1530529608352537,124.38996
1732,130.5687,-0.16366335676774388,130.5687
1733,128.683,-0.03003200907003015,128.683
1734,128.683,-0.03003200907003015,128.683
1735,128.683,-0.03003200907003015,128.683
1736,128.683,-0.03003200907003015,128.683
1737,-122.77662,-0.060131094306152544,-122.77662
1738,121.58482,0.06582052436313049,121.58482
1739,123.342125,-0.1182563538999693,123.342125
1740,-119.79692,0.08028894514985704,-119.79692
1741,122.89757,0.025115062214327254,122.89757
1742,123.332695,-0.0174895535885301,123.332695
1743,118.755684,0.024095489767314474,118.755684
1744,-122.62167,-0.12257458744797313,-122.62167
1745,122.516594,-0.003977210299515945,122.516594
1746,-126.949,-0.09304666613314888,-126.949
1747,-126.949,0.08627980401447007,-126.949
1748,119.53206,-0.15546219038921638,119.53206
1749,123.62581,-0.29817484429426666,123.62581
1750,120.7196,-0.0654911640223554,120.7196
1751,120.7196,-0.0654911640223554,120.7196
1752,-124.82709,0.09260534571219428,-124.82709
1753,-124.82709,0.09260534571219428,-124.82709
1754,121.52791,0.04474682845900795,121.52791
1755,-120.793724,0.0209731330151629,-120.793724
1756,-121.57006,0.05826009278325075,-121.57006
1757,118.757866,0.048088593619483554,118.757866
1758,118.757866,0.048088593619483554,118.757866
1759,-122.80595,-0.07568273494254167,-122.80595
1760,-124.19789,0.3672899370508279,-124.19789
1761,124.60119,-0.23909298650201616,124.60119
1762,-124.64205,0.15953080915059756,-124.64205
1763,127.38138,-0.12571180455581163,127.38138
1764,127.38138,-0.12571180455581163,127.38138
1765,127.38138,-0.12571180455581163,127.38138
1766,121.15832,-0.14962479454002878,121.15832
1767,121.18894,0.1528376183326188,121.18894
1768,-122.08579,0.3063949543137142,-122.08579
1769,121.789085,-0.3136820234050548,121.789085
1770,118.74763,0.07772434906147317,118.74763
1771,119.46974,0.03617967406684812,119.46974
1772,-125.220894,0.02421225881920509,-125.220894
1773,119.695694,-0.05226355227407825,119.695694
1774,-122.181076,0.09347835443999614,-122.181076
1775,121.30841,0.012685832291936,121.30841
1776,123.76446,0.10214513868088211,123.76446
1777,121.59228,-0.13404204460620348,121.59228
1778,121.054245,0.06390408973092256,121.054245
1779,-122.6823,-0.1373383712062049,-122.6823
1780,-123.57397,0.00793237078572994,-123.57397
1781,-117.53293,0.07522266675136534,-117.53293
1782,-117.716446,0.05040342540734736,-117.716446
1783,-124.58601,0.19044811409385778,-124.58601
1784,-123.043045,0.3607851989417172,-123.043045
1785,119.18909,0.016133473834003226,119.18909
1786,118.82976,-0.13230959084046454,118.82976
1787,123.42086,0.1559166798176324,123.42086
1788,-122.732025,-0.04459532300003454,-122.732025
1789,-125.21343,0.004803064101602819,-125.21343
1790,-125.21343,0.14942446390140474,-125.21343
1791,-121.109924,0.1692179675740655,-121.109924
1792,121.05609,-0.1566494337784812,121.05609
1793,120.92843,0.13175150327187363,120.92843
1794,-121.40621,0.10410537204141682,-121.40621
1795,124.93358,-0.27046276548401166,124.93358
1796,-126.6741,0.23470892111022662,-126.6741
1797,124.180145,-0.3708003987460825,124.180145
1798,-121.74049,-0.04252001545732677,-121.74049
1799,-118.37703,0.04493487977709284,-118.37703
1800,-125.46513,0.16929660939399674,-125.46513
1801,123.34346,-0.04959436001034786,123.34346
1802,-127.56088,0.15389227623734453,-127.56088
1803,126.17297,-0.21494980981574902,126.17297
1804,119.680664,-0.05233135070276927,119.680664
1805,119.31183,0.0980093090603858,119.31183
1806,126.665436,-0.1581674182422793,126.665436
1807,124.38092,-0.1355711137158242,124.38092
1808,-124.00637,0.4417794311880274,-124.00637
1809,124.38849,-0.36411833248163056,124.38849
1810,-119.125305,0.23178323458606914,-119.125305
1811,124.22098,-0.27172563352453466,124.22098
1812,-121.48255,0.2230328702527889,-121.48255
1813,123.196,-0.25162442938415885,123.196
1814,119.18863,0.06476566402354723,119.18863
1815,-119.76996,-0.0028625915646293865,-119.76996
1816,119.52671,0.08761324061007666,119.52671
1817,-119.82625,0.16291625374594507,-119.82625
1818,118.9761,-0.06603826934130126,118.9761
1819,119.5099,0.06653631166601474,119.5099
1820,-119.73415,0.1275248476320205,-119.73415
1821,133.97684,-0.07181402026021548,133.97684
1822,-122.56047,0.12767126483072036,-122.56047
1823,-122.05816,0.2913871151238621,-122.05816
1824,121.80355,-0.22598618386062913,121.80355
1825,-126.14985,0.2614136123981501,-126.14985
1826,-124.566246,0.33995747441116086,-124.566246
1827,124.00638,-0.2237546092993252,124.00638
1828,124.150856,-0.23504617029603844,124.150856
1829,124.150856,-0.23504617029603844,124.150856
1830,121.59946,-0.2598252977398596,121.59946
1831,128.9148,-0.18061645057243328,128.9148
1832,122.23647,-0.013396632115602368,122.23647
1833,121.08375,0.042260736914910224,121.08375
1834,-118.258736,0.004928897521879571,-118.258736
1835,123.94264,-0.4141572323461221,123.94264
1836,125.180565,-0.03150113496839347,125.180565
1837,122.79237,-0.1711597183925164,122.79237
1838,119.2105,-0.24724361397141484,119.2105
1839,-122.64737,-0.022383535303861776,-122.64737
1840,121.09043,-0.17032680387103982,121.09043
1841,123.41772,0.030514685569843575,123.41772
1842,-121.6579,0.3219537727088276,-121.6579
1843,121.25819,-0.04306384746817387,121.25819
1844,122.34855,-0.039628523830828294,122.34855
1845,122.326126,-0.03099611349067218,122.326126
1846,-124.409615,0.43603513721379483,-124.409615
1847,118.783905,-0.19849472185924172,118.783905
1848,120.32998,-0.016623780166425597,120.32998
1849,121.030205,-0.17952165077193402,121.030205
1850,121.030205,-0.17952165077193402,121.030205
1851,121.030205,-0.12008980447003699,121.030205
1852,-127.64086,0.10805791254926841,-127.64086
1853,-127.64086,0.10805791254926841,-127.64086
1854,119.070244,0.06685545407086013,119.070244
1855,-125.1506,0.08124257819868036,-125.1506
1856,-120.13737,-0.001232242656521694,-120.13737
1857,-118.00524,-0.034128148832356646,-118.00524
1858,-121.97503,0.31411814573824026,-121.97503
1859,121.432304,-0.2525718260561853,121.432304
1860,-121.908134,0.09548417023853074,-121.908134
1861,121.74707,-0.003983633974532095,121.74707
1862,-122.44801,0.2214996848683902,-122.44801
1863,-119.11451,0.18019233035526427,-119.11451
1864,123.87543,-0.03605352572575654,123.87543
1865,122.54677,-0.00571059523150834,122.54677
1866,122.54677,-0.00571059523150834,122.54677
1867,117.13393,0.0682209455959493,117.13393
1868,-128.02837,-0.11515600581324348,-128.02837
1869,120.745255,0.02959858781630221,120.745255
1870,120.745255,0.02959858781630221,120.745255
1871,-121.65676,-0.22267286009062584,-121.65676
1872,-121.65676,-0.22267286009062584,-121.65676
1873,-119.308846,0.025920273677250555,-119.308846
1874,121.16024,-0.22033393538845908,121.16024
1875,118.90542,0.044967531544888424,118.90542
1876,123.81803,-0.23248479217445797,123.81803
1877,124.12877,-0.2957966203012798,124.12877
1878,-119.081154,0.19977485337466225,-119.081154
1879,119.770485,0.06209912707314566,119.770485
1880,119.75832,-0.0476558996579536,119.75832
1881,121.24206,-0.22647712660627156,121.24206
1882,-122.803894,0.4572430504106396,-122.803894
1883,124.194824,-0.03164436833216632,124.194824
1884,122.89837,-0.31122680168121986,122.89837
1885,121.66262,-0.1322236120977482,121.66262
1886,-122.03271,0.1356117640505301,-122.03271
1887,-122.03271,0.1356117640505301,-122.03271
1888,121.80306,0.041047949670081865,121.80306
1889,-122.0022,0.14574896685457484,-122.0022
1890,-121.43303,0.373203215529211,-121.43303
1891,121.60152,-0.21399085555475095,121.60152
1892,119.408005,-0.04448335219721349,119.408005
1893,-118.94558,-0.01693826668088648,-118.94558
1894,-125.31348,0.036287695015625725,-125.31348
1895,-125.31348,0.06964194573445433,-125.31348
1896,123.99747,-0.26415581520289805,123.99747
1897,-123.3389,0.2105511859255319,-123.3389
1898,-124.3455,0.5061911463525147,-124.3455
1899,124.54335,-0.23357322027554803,124.54335
1900,124.24315,-0.21458026374000538,124.24315
1901,124.3965,-0.13607402161888937,124.3965
1902,119.262566,0.058393917171469516,119.262566
1903,-121.67679,0.16351658768432,-121.67679
1904,121.431786,-0.07195261213214413,121.431786
1905,119.01723,-0.2160161669623491,119.01723
1906,-126.0886,0.006240663394786078,-126.0886
1907,121.10739,0.01915314963358933,121.10739
1908,124.75561,-0.18954039728404293,124.75561
1909,-124.30574,0.22046762023340388,-124.30574
1910,119.10663,0.05117499865322477,119.10663
1911,-121.64491,0.2886391001540937,-121.64491
1912,-135.93294,0.13566285038842477,-135.93294
1913,-129.2484,0.22188465900513277,-129.2484
1914,-127.08644,0.23854855778715126,-127.08644
1915,123.83695,-0.132167903502834,123.83695
1916,-116.8431,-0.038105284636690565,-116.8431
1917,121.92261,-2.9817358709750938e-05,121.92261
1918,121.92261,-2.9817358709750938e-05,121.92261
1919,-124.838066,0.1017115259499649,-124.838066
1920,116.84311,0.1575805078744328,116.84311
1921,-119.135414,0.18857666366997355,-119.135414
1922,124.25907,-0.1282089360706114,124.25907
1923,-121.063324,0.2906453474082059,-121.063324
1924,124.1386,-0.24102747989800308,124.1386
1925,-121.77241,0.4360231613900429,-121.77241
1926,122.175354,-0.27198436698790823,122.175354
1927,121.38392,-0.04941121335833052,121.38392
1928,122.34155,-0.01059849142120136,122.34155
1929,-120.08955,0.22373372283231796,-120.08955
1930,121.18154,-0.08078577477085368,121.18154
1931,-129.14326,0.25129432641497923,-129.14326
1932,124.07867,-0.21626492041784676,124.07867
1933,-119.33626,0.12203730823349591,-119.33626
1934,123.31394,-0.21860721530093255,123.31394
1935,121.588234,0.03573208575840349,121.588234
1936,121.588234,0.03573208575840349,121.588234
1937,117.53595,0.030959059031107176,117.53595
1938,117.53595,0.030959059031107176,117.53595
1939,122.214485,-0.08469410695402393,122.214485
1940,122.214485,-0.08469410695402393,122.214485
1941,-121.666115,0.3146746976845639,-121.666115
1942,125.6503,-0.30266131639233623,125.6503
1943,-125.993454,0.3112334738681344,-125.993454
1944,121.13514,-0.12005215085506966,121.13514
1945,-123.20074,0.4547987357784464,-123.20074
1946,123.18604,-0.3613821450679897,123.18604
1947,-119.895676,-0.018506457219548748,-119.895676
1948,124.09989,-0.27330101160430204,124.09989
1949,122.500534,-0.07209760799755426,122.500534
1950,122.500534,-0.07209760799755426,122.500534
1951,126.76576,0.09732295366337039,126.76576
1952,126.76576,0.09732295366337039,126.76576
1953,124.240036,-0.21934154972663233,124.240036
1954,121.94841,-0.18131552483432506,121.94841
1955,-120.923386,0.024444375020235543,-120.923386
1956,-120.923386,0.024444375020235543,-120.923386
1957,134.60938,-0.2928439724208193,134.60938
1958,-126.504974,0.21964956366888738,-126.504974
1959,119.369896,-0.09745689692135205,119.369896
1960,-121.60162,0.034330476905262794,-121.60162
1961,-121.67025,0.28337385992930875,-121.67025
1962,121.46112,-0.16188356977350657,121.46112
1963,-120.96059,0.06182735541981171,-120.96059
1964,123.97007,-0.10406804009487566,123.97007
1965,123.98988,-0.10108669514783504,123.98988
1966,-121.51394,0.3712487812316758,-121.51394
1967,121.32231,-0.1231540115414054,121.32231
1968,-123.69582,0.10812852917804605,-123.69582
1969,121.93703,-0.08780043181887043,121.93703
1970,-119.048744,0.2059717015962595,-119.048744
1971,118.812904,-0.20674590754959482,118.812904
1972,-119.574936,0.10026220196126802,-119.574936
1973,119.58359,-0.04071150559586598,119.58359
1974,121.01018,-0.051835145396784424,121.01018
1975,-124.42652,0.09005390967039321,-124.42652
1976,125.38555,0.17622165624508898,125.38555
1977,-121.5207,0.4166408665612856,-121.5207
1978,121.49268,-0.2773187139263726,121.49268
1979,-123.79349,0.49423811778700394,-123.79349
1980,123.98793,-0.2188666745146737,123.98793
1981,120.94183,-0.02541479647195178,120.94183
1982,124.22483,-0.2334383641439874,124.22483
1983,-121.66811,0.34921300626340696,-121.66811
1984,124.14216,-0.3767439164422416,124.14216
1985,-126.97108,0.032960825593514334,-126.97108
1986,-123.27975,0.06979021981126263,-123.27975
1987,122.55248,-0.05053086991267066,122.55248
1988,122.55248,-0.05053086991267066,122.55248
1989,-121.344124,0.15164955747058462,-121.344124
1990,123.56543,-0.2643826517096393,123.56543
1991,-120.01129,0.045851337043017776,-120.01129
1992,-120.01129,0.045851337043017776,-120.01129
1993,122.43295,0.04563536968191342,122.43295
1994,122.43295,0.04563536968191342,122.43295
1995,118.883766,-0.12175984745991685,118.883766
1996,-130.84541,0.03729497387679444,-130.84541
1997,-117.54514,0.07159202481007783,-117.54514
1998,-121.72409,0.42386218445963475,-121.72409
1999,122.55472,-0.18797498335155216,122.55472
2000,123.27125,-0.0711724744216342,123.27125
2001,123.27125,-0.0711724744216342,123.27125
2002,123.34534,-0.1763910127915884,123.34534
2003,121.54971,0.008424823181717663,121.54971
2004,121.54971,0.008424823181717663,121.54971
2005,-121.63785,0.19796783722409916,-121.63785
2006,121.51079,-0.17768382261387144,121.51079
2007,124.37072,-0.10815504419975325,124.37072
2008,124.62321,-0.28119599187936434,124.62321
2009,131.61403,0.20781889570530301,131.61403
2010,121.79771,-0.055006130804647134,121.79771
2011,-124.49567,0.3367530690449577,-124.49567
2012,125.10623,-0.3061388573552023,125.10623
2013,-121.812584,0.3216393553680703,-121.812584
2014,123.19547,-0.273159831560411,123.19547
2015,-119.50425,0.06055283112532122,-119.50425
2016,120.970695,0.03050678420093146,120.970695
2017,118.313194,-0.03408282543039964,118.313194
2018,-121.67208,0.23970473760470584,-121.67208
2019,121.42638,-0.16981764873227345,121.42638
2020,123.652596,-0.10079156946311883,123.652596
2021,121.24837,-0.1598199913693923,121.24837
2022,124.574165,-0.19452862288521514,124.574165
2023,128.74933,-0.2109835121843694,128.74933
2024,123.66327,-0.1379950826032407,123.66327
2025,123.17494,-0.2481863698062395,123.17494
2026,-123.27184,0.3633758905114186,-123.27184
2027,-123.48245,0.20125653899765952,-123.48245
2028,124.3148,-0.22780267568428744,124.3148
2029,-119.229385,0.03400140279542366,-119.229385
2030,121.03669,-0.025239165328029434,121.03669
2031,121.41247,-0.15004989169822733,121.41247
2032,121.41247,-0.15004989169822733,121.41247
2033,123.84996,0.03733892435724421,123.84996
2034,-119.36822,0.07649101927003715,-119.36822
2035,121.98255,-0.25309023258245567,121.98255
2036,-126.194305,0.40191754218026393,-126.194305
2037,-121.280556,0.22650688071137007,-121.280556
2038,122.07431,-0.2475961456100655,122.07431
2039,-121.87803,0.46291202314880725,-121.87803
2040,121.4374,-0.19494763659103184,121.4374
2041,-121.43364,0.2763486685813185,-121.43364
2042,122.08049,-0.10664956332991347,122.08049
2043,-129.02165,0.047985084914395786,-129.02165
2044,-125.16565,-0.030833704379055995,-125.16565
2045,-121.816345,0.010050702179112001,-121.816345
2046,-118.00273,0.09706300273540726,-118.00273
2047,-135.03555,0.007577003520432543,-135.03555
2048,125.98307,-0.05227805259523226,125.98307
2049,125.98307,-0.05227805259523226,125.98307
2050,-125.99545,0.012248275544948834,-125.99545
2051,-125.99545,0.012248275544948834,-125.99545
2052,-127.48848,-0.15890663916902703,-127.48848
2053,-127.48848,-0.10868474579659677,-127.48848
2054,128.46028,-0.1441273702682665,128.46028
2055,-122.653885,0.21310878658086385,-122.653885
2056,121.73058,0.07933293130264071,121.73058
2057,120.8954,-0.12074465181073075,120.8954
2058,123.87918,-0.2508698649920411,123.87918
2059,121.29902,-0.23281950590756811,121.29902
2060,-122.502754,0.3316383713848549,-122.502754
2061,-121.2493,0.2807254156920835,-121.2493
2062,121.05041,-0.21823218487838003,121.05041
2063,-121.63224,0.38086739337644127,-121.63224
2064,121.255104,-0.13946668550181526,121.255104
2065,-123.190384,0.2935699275723776,-123.190384
2066,121.43417,-0.10288927370529548,121.43417
2067,-123.934616,0.11678508286379206,-123.934616
2068,-120.671104,-0.02655312971602007,-120.671104
2069,-122.33775,0.2983920834059949,-122.33775
2070,124.36718,-0.2512986278874594,124.36718
2071,-125.076546,0.46417259711338577,-125.076546
2072,120.930534,-0.18725976973157055,120.930534
2073,-121.87066,0.4975805786381095,-121.87066
2074,123.21345,-0.27562509631634985,123.21345
2075,-121.01408,-0.0029759269132019948,-121.01408
2076,123.32507,-0.33779438319259153,123.32507
2077,-123.49411,0.016113001581120508,-123.49411
2078,123.44185,-0.10098162714637274,123.44185
2079,123.22597,0.028514046842519673,123.22597
2080,-123.23038,0.14046542059637138,-123.23038
2081,119.356476,0.08733471499172256,119.356476
2082,-124.32439,0.014790842472371007,-124.32439
2083,117.53036,-0.0525021685627916,117.53036
2084,122.338745,0.017575088384967005,122.338745
2085,-121.58417,0.2308154178813715,-121.58417
2086,120.95589,-0.0216986191958635,120.95589
2087,-119.564964,0.13938621070480853,-119.564964
2088,119.57562,0.05992569897946968,119.57562
2089,-123.435776,0.3481958630211145,-123.435776
2090,-123.435776,0.3481958630211145,-123.435776
2091,124.35718,-0.0728006277009895,124.35718
2092,-123.44285,0.2727258234683706,-123.44285
2093,-123.44285,0.2727258234683706,-123.44285
2094,-123.47005,0.24038393359599283,-123.47005
2095,121.47485,-0.320530177760868,121.47485
2096,122.34806,-0.20529281952622155,122.34806
2097,-125.26339,0.1254810599899075,-125.26339
2098,-125.26339,0.1254810599899075,-125.26339
2099,-128.22495,0.08540873307433289,-128.22495
2100,126.710365,0.056714988275035634,126.710365
2101,126.710365,0.056714988275035634,126.710365
2102,118.13698,0.02058849641645499,118.13698
2103,118.13698,0.02058849641645499,118.13698
2104,118.01637,-0.09169377114872479,118.01637
2105,-124.521614,0.15091775255582623,-124.521614
2106,-124.521614,0.15091775255582623,-124.521614
2107,-119.99131,0.18383367924293104,-119.99131
2108,119.540695,-0.041928997426787164,119.540695
2109,-121.46326,0.343792144364187,-121.46326
2110,121.62091,-0.05869783775777655,121.62091
2111,-121.61587,0.38250274126646555,-121.61587
2112,121.11549,-0.3503094328124187,121.11549
2113,130.63329,-0.23379033020951462,130.63329
2114,124.10048,-0.23353230681644144,124.10048
2115,-119.33066,0.17053520632330071,-119.33066
2116,126.74265,-0.1943624026077425,126.74265
2117,-120.754234,0.009344231902791225,-120.754234
2118,120.98464,-0.12259501921211775,120.98464
2119,-121.57326,0.33533865303924904,-121.57326
2120,124.51225,-0.11292133745246762,124.51225
2121,-123.240265,0.33045741724176136,-123.240265
2122,122.624916,-0.011861694718937003,122.624916
2123,-124.992424,0.026370417731822565,-124.992424
2124,-125.10204,0.03886396131191094,-125.10204
2125,118.39584,0.03420776845059525,118.39584
2126,126.76651,0.33875466268177234,126.76651
2127,121.52604,0.05529644634735172,121.52604
2128,-123.322044,0.07550812676771297,-123.322044
2129,120.18738,-0.020841413122909533,120.18738
2130,120.18738,-0.020841413122909533,120.18738
2131,-123.46463,0.08721040251013927,-123.46463
2132,120.351166,-0.009257421093825892,120.351166
2133,118.68084,0.0473828091239252,118.68084
2134,-121.53926,0.08318596122399091,-121.53926
2135,119.73848,0.03846360974836936,119.73848
2136,-124.39139,0.042687075629950506,-124.39139
2137,121.79021,-0.15824976620894746,121.79021
2138,-123.82724,0.31782528515349345,-123.82724
2139,-124.2758,0.22731508933921382,-124.2758
2140,124.31228,-0.32785507169035555,124.31228
2141,128.5126,-0.010103550628695723,128.5126
2142,118.20164,-0.0536814132098481,118.20164
2143,130.2113,0.017344123702687696,130.2113
2144,118.01617,-0.042980245168319574,118.01617
2145,117.57079,0.03202050531632591,117.57079
2146,117.57079,0.03202050531632591,117.57079
2147,-121.926445,0.295186189826055,-121.926445
2148,123.29536,-0.2705289590591429,123.29536
2149,-121.97261,0.30506770109385434,-121.97261
2150,124.13799,-0.26469402433233674,124.13799
2151,-121.32545,0.23621907427382857,-121.32545
2152,121.52996,-0.12352659896120671,121.52996
2153,121.5661,-0.1776159023886347,121.5661
2154,-129.00427,-0.10262956288166818,-129.00427
2155,-120.641754,0.04097133678571931,-120.641754
2156,-127.900925,0.029842280567414076,-127.900925
2157,-120.84257,-0.19118703213295696,-120.84257
2158,-120.54395,-0.2055313309147536,-120.54395
2159,121.54866,0.006235613350470529,121.54866
2160,121.54866,0.006235613350470529,121.54866
2161,-118.551926,0.10582147661611249,-118.551926
2162,123.4709,-0.10671217124621354,123.4709
2163,-120.782585,0.015688107814881388,-120.782585
2164,-120.66655,-0.07976199552057216,-120.66655
2165,-120.67596,-0.07827582402356088,-120.67596
2166,118.998,0.06201003513816312,118.998
2167,-121.66665,0.19185087070463439,-121.66665
2168,121.9104,-0.23332246186363184,121.9104
2169,120.473,-0.031542151204546676,120.473
2170,-122.47576,0.01330241275258876,-122.47576
2171,117.75153,-0.039740809601809896,117.75153
2172,-117.761406,0.2557022018818241,-117.761406
2173,-118.998375,-0.0024428037774509876,-118.998375
2174,122.76331,-0.021659147761367525,122.76331
2175,-120.672264,0.02650925508024217,-120.672264
2176,-119.09005,-0.0777299330112577,-119.09005
2177,-119.13046,0.23304071096271164,-119.13046
2178,119.2361,-0.07922868751534391,119.2361
2179,-120.784294,-0.10304439339135903,-120.784294
2180,-120.65995,0.009310309464430053,-120.65995
2181,-120.419106,0.019895041169670544,-120.419106
2182,123.31707,-0.034622612902028935,123.31707
2183,-122.57601,0.13106992030644357,-122.57601
2184,-122.57601,0.13106992030644357,-122.57601
2185,119.87125,0.04215154305465153,119.87125
2186,119.87125,0.04215154305465153,119.87125
2187,-122.878365,0.1956392370694175,-122.878365
2188,122.96181,-0.21449548780560598,122.96181
2189,121.61123,-0.0076761998173099704,121.61123
2190,-119.51965,0.22890642656173296,-119.51965
2191,-119.587074,0.10485635112604572,-119.587074
2192,119.47425,0.028185543642886352,119.47425
2193,-124.89899,0.06432036717407374,-124.89899
2194,-124.779396,0.5688708494672708,-124.779396
2195,119.46463,0.04553904924595677,119.46463
2196,-124.59326,0.0951128026671713,-124.59326
2197,-123.869095,0.2740600918067034,-123.869095
2198,120.92152,-0.06826019475271264,120.92152
2199,-121.77062,0.05229717104582566,-121.77062
2200,-123.1325,0.053430536496574636,-123.1325
2201,123.11851,-0.026814831496433888,123.11851
2202,-119.34788,0.05588140070563075,-119.34788
2203,125.09559,-0.06668348309968487,125.09559
2204,119.05742,0.047032318079983884,119.05742
2205,-120.91688,-0.04082342906999611,-120.91688
2206,122.61606,0.16752840078646125,122.61606
2207,-119.35279,0.1817742650172762,-119.35279
2208,-121.06642,-0.007243423987328669,-121.06642
2209,126.63951,0.03564843487246327,126.63951
2210,-123.2056,0.20213873733941431,-123.2056
2211,121.20875,-0.13367673162594207,121.20875
2212,-123.51563,0.17997315489404989,-123.51563
2213,119.35235,0.06775025760710827,119.35235
2214,120.04321,-0.2356678005370449,120.04321
2215,-131.04689,-0.10413617993771804,-131.04689
2216,-120.77009,-0.21481168037670895,-120.77009
2217,-120.64468,0.0167290536215714,-120.64468
2218,129.369,-0.09626592971101626,129.369
2219,-123.120476,-0.05187746873337728,-123.120476
2220,-120.70237,-0.044276808893120224,-120.70237
2221,-121.30198,0.02448450065754481,-121.30198
2222,-125.66189,0.05617849305799,-125.66189
2223,-125.66189,0.05617849305799,-125.66189
2224,-121.75527,0.1090382028569859,-121.75527
2225,-118.20214,0.0697149787674448,-118.20214
2226,-118.20214,0.0697149787674448,-118.20214
2227,130.1126,-0.27975916679769747,130.1126
2228,-131.52875,0.06619022109499728,-131.52875
2229,-131.52875,0.06619022109499728,-131.52875
2230,-124.49876,0.27944710279527285,-124.49876
2231,121.00242,-0.05939861742146576,121.00242
2232,119.2399,0.010677929164453497,119.2399
2233,121.66124,-0.24070952944575505,121.66124
2234,-127.33232,0.43316010413450967,-127.33232
2235,-126.50545,0.42259596129112076,-126.50545
2236,126.6398,-0.47720997059062475,126.6398
2237,-124.840096,0.6461713686893673,-124.840096
2238,-124.840096,0.2790685332966299,-124.840096
2239,-124.840096,0.2790685332966299,-124.840096
2240,124.840324,-0.40846329594562875,124.840324
2241,124.840324,-0.40846329594562875,124.840324
2242,124.840324,-0.40846329594562875,124.840324
2243,123.55205,-0.10132159581269934,123.55205
2244,123.55205,-0.10132159581269934,123.55205
2245,-122.08961,-0.13408859080556373,-122.08961
2246,-122.08961,-0.13408859080556373,-122.08961
2247,-122.08961,-0.13408859080556373,-122.08961
2248,-122.08961,-0.13408859080556373,-122.08961
2249,-122.08961,-0.13408859080556373,-122.08961
2250,-122.08961,-0.13408859080556373,-122.08961
2251,-122.08961,-0.13408859080556373,-122.08961
2252,-122.08961,-0.23768016385386098,-122.08961
2253,-122.08961,-0.13408859080556373,-122.08961
2254,-122.08961,-0.13408859080556373,-122.08961
2255,-122.08961,-0.13408859080556373,-122.08961
2256,-122.08961,-0.13408859080556373,-122.08961
2257,-122.08961,-0.13408859080556373,-122.08961
2258,-122.08961,-0.13408859080556373,-122.08961
2259,-122.08961,-0.13408859080556373,-122.08961
2260,-122.08961,-0.13408859080556373,-122.08961
2261,-122.08961,-0.13408859080556373,-122.08961
2262,-122.08961,-0.13408859080556373,-122.08961
2263,-122.08961,-0.13408859080556373,-122.08961
2264,-122.08961,-0.13408859080556373,-122.08961
2265,-122.08961,-0.13375502546192872,-122.08961
2266,-122.08961,-0.13375502546192872,-122.08961
2267,127.707794,-0.14504656181927153,127.707794
2268,127.707794,-0.14504656181927153,127.707794
2269,127.707794,-0.14504656181927153,127.707794
2270,127.707794,-0.14504656181927153,127.707794
2271,127.707794,-0.14504656181927153,127.707794
2272,127.707794,-0.14504656181927153,127.707794
2273,127.707794,-0.14504656181927153,127.707794
2274,127.707794,-0.14504656181927153,127.707794
2275,127.707794,-0.14504656181927153,127.707794
2276,127.707794,-0.14504656181927153,127.707794
2277,127.707794,-0.14504656181927153,127.707794
2278,127.707794,-0.14504656181927153,127.707794
2279,127.707794,0.2221457037179223,127.707794
2280,127.707794,-0.14504656181927153,127.707794
2281,127.707794,-0.14504656181927153,127.707794
2282,127.707794,-0.14504656181927153,127.707794
2283,127.707794,-0.14504656181927153,127.707794
2284,127.707794,-0.14504656181927153,127.707794
2285,127.707794,-0.14504656181927153,127.707794
2286,-124.561424,0.21142802396745733,-124.561424
2287,-124.561424,0.21142802396745733,-124.561424
2288,-124.561424,0.21142802396745733,-124.561424
2289,-124.561424,0.20580568984108172,-124.561424
2290,-125.13309,0.24882383399920724,-125.13309
2291,-125.13309,0.24882383399920724,-125.13309
2292,125.134254,-0.3033973768958262,125.134254
2293,124.93678,-0.27884832598213194,124.93678
2294,124.93678,-0.27884832598213194,124.93678
2295,124.93678,-0.27884832598213194,124.93678
2296,-121.10013,-0.06089671970432445,-121.10013
2297,-124.937195,0.4508140623257297,-124.937195
2298,-121.10013,-0.10480542556037854,-121.10013
2299,-121.10013,-0.10480542556037854,-121.10013
2300,130.45984,-0.0039765092155994415,130.45984
2301,130.45984,-0.0039765092155994415,130.45984
2302,-122.789894,0.013928576662829798,-122.789894
2303,-122.789894,0.013928576662829798,-122.789894
2304,-122.789894,0.013928576662829798,-122.789894
2305,-122.789894,0.013928576662829798,-122.789894
2306,-122.789894,0.013928576662829798,-122.789894
2307,-122.789894,0.013928576662829798,-122.789894
2308,-122.789894,0.013928576662829798,-122.789894
2309,-122.789894,0.013928576662829798,-122.789894
2310,-122.789894,0.013928576662829798,-122.789894
2311,-122.789894,0.030973829364968446,-122.789894
2312,122.79026,0.1985418219316685,122.79026
2313,122.79026,0.1985418219316685,122.79026
2314,122.79026,0.09354307276561111,122.79026
2315,122.79026,0.1985418219316685,122.79026
2316,122.79026,0.1985418219316685,122.79026
2317,122.79026,0.09354307276561111,122.79026
2318,-122.12462,-0.1546229549485905,-122.12462
2319,-122.12462,-0.1546229549485905,-122.12462
2320,-122.12462,-0.1546229549485905,-122.12462
2321,-122.12462,-0.1546229549485905,-122.12462
2322,-122.12462,-0.1546229549485905,-122.12462
2323,-122.12462,-0.16726795621479923,-122.12462
2324,-122.12462,-0.16726795621479923,-122.12462
2325,-122.12462,-0.16726795621479923,-122.12462
2326,126.30536,0.22142597043479653,126.30536
2327,126.30536,0.22142597043479653,126.30536
2328,126.30536,0.22142597043479653,126.30536
2329,126.30536,0.22142597043479653,126.30536
2330,126.30536,0.22142597043479653,126.30536
2331,-122.12462,-0.16726795621479923,-122.12462
2332,-122.12462,-0.16726795621479923,-122.12462
2333,-121.2946,0.01714859679364795,-121.2946
2334,127.404976,0.11319584456331576,127.404976
2335,124.48045,-0.027040208251970958,124.48045
2336,124.48045,-0.020691837339472715,124.48045
2337,124.48045,-0.020691837339472715,124.48045
2338,-124.48056,0.133204906241789,-124.48056
2339,-124.48056,0.133204906241789,-124.48056
2340,-124.48056,0.133204906241789,-124.48056
2341,-124.87154,0.0356243365536658,-124.87154
2342,-122.208824,-0.020306248840834405,-122.208824
2343,-122.208824,-0.020306248840834405,-122.208824
2344,-122.208824,-0.020306248840834405,-122.208824
2345,-122.208824,-0.020306248840834405,-122.208824
2346,-122.208824,-0.020306248840834405,-122.208824
2347,122.208855,0.09856710733757443,122.208855
2348,122.208855,0.09856710733757443,122.208855
2349,122.208855,0.09856710733757443,122.208855
2350,122.208855,0.09856710733757443,122.208855
2351,125.41411,-0.03753490596595938,125.41411
2352,125.41411,-0.18227937360908497,125.41411
2353,125.41411,-0.03753490596595938,125.41411
2354,125.41411,-0.03753490596595938,125.41411
2355,-125.414085,0.1159620169562725,-125.414085
2356,-125.414085,0.1159620169562725,-125.414085
2357,-132.58525,0.028950110819514086,-132.58525
2358,-132.58525,0.028950110819514086,-132.58525
2359,122.13449,0.13276715479198717,122.13449
2360,122.13449,0.13276715479198717,122.13449
2361,122.13449,0.13276715479198717,122.13449
2362,122.13449,0.13276715479198717,122.13449
2363,122.13449,0.13276715479198717,122.13449
2364,-127.723946,-0.30030200595903606,-127.723946
2365,-127.723946,-0.30030200595903606,-127.723946
2366,-122.10148,-0.29594926781949266,-122.10148
2367,-122.10148,-0.29594926781949266,-122.10148
2368,-122.10148,-0.29594926781949266,-122.10148
2369,-122.10148,-0.29594926781949266,-122.10148
2370,-122.10148,-0.29594926781949266,-122.10148
2371,-122.10148,-0.29594926781949266,-122.10148
2372,-122.10148,-0.29594926781949266,-122.10148
2373,122.10053,0.2834566614879629,122.10053
2374,122.10053,0.2834566614879629,122.10053
2375,122.10053,0.2834566614879629,122.10053
2376,122.10149,0.1570234059824331,122.10149
2377,122.10149,0.1570234059824331,122.10149
2378,122.10149,0.1570234059824331,122.10149
2379,122.10149,0.1570234059824331,122.10149
2380,122.10149,0.1570234059824331,122.10149
2381,-127.6893,-0.30931276072099084,-127.6893
2382,123.31555,0.09904899503836798,123.31555
2383,129.30803,-0.4141109248426361,129.30803
2384,125.138916,-0.1299125891520098,125.138916
2385,-120.90062,-0.10374800947838257,-120.90062
2386,-120.90062,-0.10374800947838257,-120.90062
2387,-120.90062,-0.10374800947838257,-120.90062
2388,-120.90062,0.005282426289987298,-120.90062
2389,-120.90062,-0.10374800947838257,-120.90062
2390,-120.90062,-0.10374800947838257,-120.90062
2391,-120.90062,-0.10374800947838257,-120.90062
2392,-120.90062,0.005282426289987298,-120.90062
2393,-120.90062,-0.10374800947838257,-120.90062
2394,-120.90062,-0.10374800947838257,-120.90062
2395,-120.90062,-0.10374800947838257,-120.90062
2396,-120.90062,-0.10374800947838257,-120.90062
2397,-120.90062,-0.10374800947838257,-120.90062
2398,-120.90062,-0.10374800947838257,-120.90062
2399,-120.90062,-0.10374800947838257,-120.90062
2400,120.90068,0.13756760481736582,120.90068
2401,120.90068,0.13756760481736582,120.90068
2402,120.90068,0.0882461854831864,120.90068
2403,120.90068,0.0882461854831864,120.90068
2404,120.90068,0.0882461854831864,120.90068
2405,120.90068,0.0882461854831864,120.90068
2406,120.90068,0.0882461854831864,120.90068
2407,120.90068,0.13756760481736582,120.90068
2408,120.90068,0.13756760481736582,120.90068
2409,120.90068,0.13756760481736582,120.90068
2410,120.90068,0.0882461854831864,120.90068
2411,120.90068,0.0882461854831864,120.90068
2412,120.90068,0.0882461854831864,120.90068
2413,120.90068,0.0882461854831864,120.90068
2414,120.90068,0.0882461854831864,120.90068
2415,-126.80982,-0.03327992736176925,-126.80982
2416,122.20061,-0.22753126114118105,122.20061
2417,122.20061,-0.16896147796552988,122.20061
2418,122.20061,-0.16896147796552988,122.20061
2419,122.20061,-0.16896147796552988,122.20061
2420,122.20061,-0.16896147796552988,122.20061
2421,-123.70867,-0.022293714888786658,-123.70867
2422,-123.70867,-0.022293714888786658,-123.70867
2423,123.70917,-0.005000427301268522,123.70917
2424,123.70917,-0.005000427301268522,123.70917
2425,123.70917,-0.005000427301268522,123.70917
2426,-124.55273,0.0920008968875345,-124.55273
2427,124.94565,0.13614148742930735,124.94565
2428,124.94565,0.1020382356446317,124.94565
2429,-124.94561,-0.05136013595647251,-124.94561
2430,-124.94561,-0.05136013595647251,-124.94561
2431,-122.19982,0.10935604618890978,-122.19982
2432,-122.19982,0.1753755967845681,-122.19982
2433,-122.19982,-0.023226866056317207,-122.19982
2434,-122.19982,-0.023226866056317207,-122.19982
2435,-121.11078,0.07762289137848052,-121.11078
2436,129.13524,-0.2728218157984122,129.13524
2437,127.67298,0.31187105380792685,127.67298
2438,-131.59528,-0.10503074607029522,-131.59528
2439,-124.17262,-0.21988041316395304,-124.17262
2440,-124.17262,-0.21988041316395304,-124.17262
2441,-124.17262,-0.21988041316395304,-124.17262
2442,-124.17262,-0.21988041316395304,-124.17262
2443,-124.17262,-0.21988041316395304,-124.17262
2444,-124.17262,-0.21988041316395304,-124.17262
2445,-124.17262,-0.21988041316395304,-124.17262
2446,-124.17262,-0.21988041316395304,-124.17262
2447,124.17316,0.21817452783131674,124.17316
2448,124.17316,0.21817452783131674,124.17316
2449,124.17316,0.21817452783131674,124.17316
2450,124.17316,0.21817452783131674,124.17316
2451,124.17316,0.21817452783131674,124.17316
2452,124.17316,0.21817452783131674,124.17316
2453,127.77504,0.2021026075604081,127.77504
2454,-122.137566,-0.11127783503557415,-122.137566
2455,-122.137566,-0.11127783503557415,-122.137566
2456,-122.137566,-0.11127783503557415,-122.137566
2457,122.09928,0.3865289141349793,122.09928
2458,122.12712,0.25562468796516397,122.12712
2459,122.12712,0.25562468796516397,122.12712
2460,122.12712,0.25562468796516397,122.12712
2461,122.12998,0.2782559617996121,122.12998
2462,129.46638,0.0414153135635447,129.46638
2463,-122.137566,-0.11127783503557415,-122.137566
2464,129.46638,0.0414153135635447,129.46638
2465,-121.33744,-0.05743977817546742,-121.33744
2466,-128.24542,-0.3009751666268326,-128.24542
2467,-128.24388,-0.21176778721632492,-128.24388
2468,124.93952,-0.20196824056383345,124.93952
2469,132.11635,-0.05845050352632381,132.11635
2470,-124.377846,-0.2450935650611098,-124.377846
2471,-124.377846,-0.2450935650611098,-124.377846
2472,-124.377846,-0.2450935650611098,-124.377846
2473,-125.71384,0.18850950021832952,-125.71384
2474,125.04753,-0.3345011522861864,125.04753
2475,-121.94868,-0.28438852475188553,-121.94868
2476,-121.94868,-0.28438852475188553,-121.94868
2477,-121.94868,-0.20727597663685354,-121.94868
2478,-121.94868,-0.28438852475188553,-121.94868
2479,-122.08868,-0.13463644515380993,-122.08868
2480,-122.08868,-0.13463644515380993,-122.08868
2481,-122.08868,-0.13463644515380993,-122.08868
2482,121.9486,0.27707783474486847,121.9486
2483,121.9486,0.27707783474486847,121.9486
2484,121.9486,0.27707783474486847,121.9486
2485,121.9486,0.27707783474486847,121.9486
2486,128.957,-0.21913092630202122,128.957
2487,125.15488,-0.1545267614953646,125.15488
2488,122.088684,0.13324636340353307,122.088684
2489,122.088684,0.13324636340353307,122.088684
2490,130.21921,0.0007507012134984675,130.21921
2491,130.21921,0.0007507012134984675,130.21921
2492,121.20208,0.06240367664698059,121.20208
2493,-125.59726,0.22665658633806918,-125.59726
2494,124.90102,-0.26176093990864313,124.90102
2495,128.06352,-0.09034692570260033,128.06352
2496,-122.650955,-0.08456840734789355,-122.650955
2497,-122.650955,-0.08456840734789355,-122.650955
2498,-122.650955,-0.08456840734789355,-122.650955
2499,122.65079,0.06385197168694243,122.65079
2500,122.65079,0.06385197168694243,122.65079
2501,-122.66963,-0.09742957370204403,-122.66963
2502,-122.66963,-0.09742957370204403,-122.66963
2503,-122.86213,-0.04265979938800516,-122.86213
2504,-121.99409,-0.1761991402036001,-121.99409
2505,-121.99409,-0.1761991402036001,-121.99409
2506,-121.99409,-0.1761991402036001,-121.99409
2507,121.99429,0.36446586101533635,121.99429
2508,121.99429,0.36446586101533635,121.99429
2509,122.13293,0.15651572348345466,122.13293
2510,121.95081,0.2488466252378966,121.95081
2511,121.95081,0.2488466252378966,121.95081
2512,-121.99409,-0.1761991402036001,-121.99409
2513,-124.54832,-0.08040279556057948,-124.54832
2514,-121.14286,-0.028145688030297537,-121.14286
2515,-121.07617,0.0007998749340475467,-121.07617
2516,-122.02309,0.013373343484830639,-122.02309
2517,121.13067,0.12610886059155071,121.13067
2518,127.473755,0.22651019184756288,127.473755
2519,127.42189,0.20061024366079772,127.42189
2520,-122.03434,-0.17404229904052732,-122.03434
2521,-124.85639,-0.08905488627657296,-124.85639
2522,129.10129,-0.08006697271190716,129.10129
2523,-122.210045,0.007934149945956166,-122.210045
2524,-122.26266,-0.010561562818303746,-122.26266
2525,-127.1625,-0.08154778823879151,-127.1625
2526,131.77415,-0.25275222816185455,131.77415
2527,-124.92869,0.06251024939900615,-124.92869
2528,-124.92869,0.12369404198373292,-124.92869
2529,-124.92979,0.10550348664662482,-124.92979
2530,-124.92979,0.10147893552448957,-124.92979
2531,-124.914696,0.02624358665990236,-124.914696
2532,-124.914696,0.05207361587244445,-124.914696
2533,125.41396,-0.10625973245853976,125.41396
2534,125.41396,-0.09263450961029865,125.41396
2535,-122.13543,-0.12764289499538176,-122.13543
2536,-122.13543,-0.12764289499538176,-122.13543
2537,-125.13988,0.17787849089114466,-125.13988
2538,125.14014,-0.2719668063729186,125.14014
2539,-127.74576,-0.16003721642286856,-127.74576
2540,-122.08951,-0.08548792037028236,-122.08951
2541,122.11955,0.07611123161169014,122.11955
2542,122.11955,0.07611123161169014,122.11955
2543,122.11072,0.33893969634387033,122.11072
2544,-121.12059,0.021534311985738894,-121.12059
2545,122.3975,-0.08515790418821506,122.3975
2546,121.53237,0.04228502763401007,121.53237
2547,-121.73805,0.16683813845848547,-121.73805
2548,-121.73805,0.16683813845848547,-121.73805
2549,-121.73805,0.16683813845848547,-121.73805
2550,120.918015,0.08470355518829012,120.918015
2551,120.918015,0.08470355518829012,120.918015
2552,120.918015,0.08470355518829012,120.918015
2553,120.918015,0.05727272306903908,120.918015
2554,-121.84589,0.1257178708213882,-121.84589
2555,-121.84589,0.1257178708213882,-121.84589
2556,121.85257,-0.014017219737803774,121.85257
2557,120.93766,0.09636154885008938,120.93766
2558,120.93766,0.09636154885008938,120.93766
2559,120.93766,0.14128339102030102,120.93766
2560,120.902,0.13963883205979913,120.902
2561,120.902,0.0833412852464657,120.902
2562,123.63617,-0.018883440243079745,123.63617
2563,-124.07955,0.0979843346371498,-124.07955
2564,-120.89179,-0.0068018210728686,-120.89179
2565,-120.9375,-0.03946356797871566,-120.9375
2566,-120.9375,-0.03946356797871566,-120.9375
2567,129.39844,-0.14746809794526028,129.39844
2568,129.39844,-0.14746809794526028,129.39844
2569,-125.508286,0.06568678459677463,-125.508286
2570,-126.36767,-0.1348659702888289,-126.36767
2571,-126.36767,-0.1348659702888289,-126.36767
2572,124.39884,0.25100315121486155,124.39884
2573,124.39884,0.25100315121486155,124.39884
2574,-124.39953,-0.06941517564227698,-124.39953
2575,-124.39953,-0.06941517564227698,-124.39953
2576,-124.39953,-0.06941517564227698,-124.39953
2577,126.36103,-0.020931100330112303,126.36103
2578,126.36103,-0.07834705552025945,126.36103
2579,126.36768,0.14714618940475235,126.36768
2580,124.94448,-0.16324641862542813,124.94448
2581,124.97282,-0.2998703792201762,124.97282
2582,124.85731,-0.17581733228372795,124.85731
2583,123.8733,-0.009453776389044152,123.8733
2584,123.8733,-0.009453776389044152,123.8733
2585,124.15821,0.15256631710162194,124.15821
2586,124.15821,0.15256631710162194,124.15821
2587,124.15821,0.15256631710162194,124.15821
2588,124.15821,0.15256631710162194,124.15821
2589,-124.1586,-0.06522059530636193,-124.1586
2590,-126.6367,0.09664411205065233,-126.6367
2591,-126.6367,0.09664411205065233,-126.6367
2592,-126.6367,0.09664411205065233,-126.6367
2593,126.63306,0.13518538760983767,126.63306
2594,126.63306,0.13518538760983767,126.63306
2595,126.63306,0.13518538760983767,126.63306
2596,126.63306,0.13518538760983767,126.63306
2597,129.48647,0.20918921921752007,129.48647
2598,-126.65429,-0.03290328892849894,-126.65429
2599,-126.65429,-0.03290328892849894,-126.65429
2600,-126.65429,-0.03290328892849894,-126.65429
2601,-126.65429,-0.03290328892849894,-126.65429
2602,-126.65429,-0.03290328892849894,-126.65429
2603,126.66754,0.08144170926539693,126.66754
2604,126.66754,0.08144170926539693,126.66754
2605,126.66754,0.08144170926539693,126.66754
2606,126.66754,0.08144170926539693,126.66754
2607,-122.08014,-0.019757173279558195,-122.08014
2608,122.08009,0.040439142175848104,122.08009
2609,-125.39634,-0.015176710990009515,-125.39634
2610,122.29764,-0.07060209785930054,122.29764
2611,128.04375,-0.1783319360186136,128.04375
2612,-126.65754,-0.10763054946206178,-126.65754
2613,-126.29244,-0.15258462667471065,-126.29244
2614,124.1029,0.2689111394321445,124.1029
2615,124.1029,0.2689111394321445,124.1029
2616,124.1029,0.2689111394321445,124.1029
2617,122.093346,0.07267314999278408,122.093346
2618,124.38303,-0.1305773014070483,124.38303
2619,124.38303,-0.14862837094920764,124.38303
2620,-121.98115,-0.2685067579088794,-121.98115
2621,-121.98115,-0.2685067579088794,-121.98115
2622,-121.98115,-0.1193768781439858,-121.98115
2623,-121.98115,-0.2685067579088794,-121.98115
2624,-121.98115,-0.2685067579088794,-121.98115
2625,-121.98115,-0.2685067579088794,-121.98115
2626,-121.98115,-0.2685067579088794,-121.98115
2627,-121.98115,-0.1193768781439858,-121.98115
2628,-121.98115,-0.2685067579088794,-121.98115
2629,-121.98115,-0.2685067579088794,-121.98115
2630,-121.98115,-0.2685067579088794,-121.98115
2631,-121.98115,-0.2685067579088794,-121.98115
2632,-121.98115,-0.2685067579088794,-121.98115
2633,-121.98115,-0.2685067579088794,-121.98115
2634,122.08534,0.1686456104995388,122.08534
2635,122.08534,0.1686456104995388,122.08534
2636,122.08534,0.1686456104995388,122.08534
2637,122.08534,0.1686456104995388,122.08534
2638,122.08534,0.1686456104995388,122.08534
2639,122.08534,0.1686456104995388,122.08534
2640,-125.14621,0.16748887499194112,-125.14621
2641,129.16307,-0.382160981674788,129.16307
2642,-127.56837,-0.13444301827310026,-127.56837
2643,-127.56837,-0.13444301827310026,-127.56837
2644,-127.56837,-0.13444301827310026,-127.56837
2645,-127.56837,-0.13444301827310026,-127.56837
2646,122.23526,0.15905897241111253,122.23526
2647,122.23526,0.15905897241111253,122.23526
2648,122.23526,0.15905897241111253,122.23526
2649,122.23526,0.15905897241111253,122.23526
2650,-122.19867,-0.22840135382529442,-122.19867
2651,122.1987,0.09403709882189727,122.1987
2652,122.1987,0.09403709882189727,122.1987
2653,122.1987,0.09403709882189727,122.1987
2654,-127.20088,0.2890166197145162,-127.20088
2655,-122.13204,-0.03160196875733971,-122.13204
2656,129.82948,-0.29995623599004734,129.82948
2657,-122.09322,0.0075180656365216696,-122.09322
2658,-122.09322,0.0075180656365216696,-122.09322
2659,127.69245,0.1594935693901231,127.69245
2660,127.69245,0.1594935693901231,127.69245
2661,-127.575935,-0.058967657332667595,-127.575935
2662,120.95972,0.03766493744408002,120.95972
2663,-120.95977,-0.0434474151459961,-120.95977
2664,-120.95977,-0.04427027626401535,-120.95977
2665,-120.95977,-0.0434474151459961,-120.95977
2666,-120.95977,-0.04427027626401535,-120.95977
2667,-120.9245,0.0034208268757190768,-120.9245
2668,124.528755,-0.002351278501004736,124.528755
2669,124.476456,-0.014332629856388881,124.476456
2670,-124.94985,0.16008983763409518,-124.94985
2671,124.92242,-0.14035582978929936,124.92242
2672,124.92242,-0.14035582978929936,124.92242
2673,124.92242,-0.14035582978929936,124.92242
2674,124.54051,-0.006227894494050324,124.54051
2675,-130.52979,-0.1821382462119412,-130.52979
2676,-122.076355,-0.0533156069629738,-122.076355
2677,-121.31557,-0.03502210672804031,-121.31557
2678,124.872986,-0.416377991759418,124.872986
2679,-126.011795,-0.1675169370934706,-126.011795
2680,-122.78594,-0.17754869916946142,-122.78594
2681,-122.78594,-0.17754869916946142,-122.78594
2682,-122.78594,-0.17754869916946142,-122.78594
2683,-122.78594,-0.17754869916946142,-122.78594
2684,-122.78594,-0.17754869916946142,-122.78594
2685,-122.78594,-0.17754869916946142,-122.78594
2686,122.68495,0.03417529581940323,122.68495
2687,122.68495,0.03417529581940323,122.68495
2688,122.68495,0.062389732452036335,122.68495
2689,-122.92188,-0.024936698813561572,-122.92188
2690,126.72616,-0.03953964843352345,126.72616
2691,123.85285,-0.14025413072385642,123.85285
2692,-122.7997,-0.14718071851346026,-122.7997
2693,123.58628,-0.07484872742856277,123.58628
2694,-123.586555,0.006410940812739111,-123.586555
2695,-122.09855,-0.012312831088872558,-122.09855
2696,-124.15249,0.02890947620514641,-124.15249
2697,125.37857,-0.027774104514371248,125.37857
2698,125.37857,-0.08644629746975527,125.37857
2699,125.413994,-0.02466132913101824,125.413994
2700,125.413994,-0.11968750186379032,125.413994
2701,125.49039,-0.1653029094117336,125.49039
2702,-122.126366,-0.1445061375306974,-122.126366
2703,-122.126366,-0.1445061375306974,-122.126366
2704,-122.126366,-0.1445061375306974,-122.126366
2705,-121.98956,-0.11583070730603334,-121.98956
2706,122.25783,0.17989793324889564,122.25783
2707,122.25783,0.17989793324889564,122.25783
2708,126.15859,0.052197244869820233,126.15859
2709,126.15859,0.052197244869820233,126.15859
2710,126.15859,0.052197244869820233,126.15859
2711,-122.126366,-0.14049780353128286,-122.126366
2712,-121.98956,-0.11583070730603334,-121.98956
2713,-122.09284,-0.09688391378294511,-122.09284
2714,122.09286,0.09423289990661507,122.09286
2715,-126.19658,0.0488962597619727,-126.19658
2716,123.279884,-0.01986297986315296,123.279884
2717,-121.41149,0.05547438747907454,-121.41149
2718,-120.74979,-0.06459654467418696,-120.74979
2719,128.99213,0.09074040607943328,128.99213
2720,120.75233,0.09523214858598879,120.75233
2721,120.75233,0.09523214858598879,120.75233
2722,120.86329,0.00578129500508396,120.86329
2723,120.75478,0.11095759258831597,120.75478
2724,120.75478,0.0806454309094793,120.75478
2725,-126.1567,-0.16268033370701532,-126.1567
2726,-121.99858,0.09303608653257422,-121.99858
2727,-121.99858,0.09303608653257422,-121.99858
2728,-124.73321,-0.11414833891485872,-124.73321
2729,-124.73321,-0.11414833891485872,-124.73321
2730,124.88584,-0.15162129937314203,124.88584
2731,124.88584,-0.15162129937314203,124.88584
2732,124.88584,-0.2811761639147679,124.88584
2733,124.88584,-0.15162129937314203,124.88584
2734,124.88584,-0.15162129937314203,124.88584
2735,124.88584,-0.15162129937314203,124.88584
2736,124.88584,-0.15162129937314203,124.88584
2737,124.88584,-0.15162129937314203,124.88584
2738,124.88584,-0.15162129937314203,124.88584
2739,124.88584,-0.2811761639147679,124.88584
2740,124.88584,-0.2811761639147679,124.88584
2741,124.88584,-0.15162129937314203,124.88584
2742,124.88584,-0.15162129937314203,124.88584
2743,124.88584,-0.15162129937314203,124.88584
2744,124.88584,-0.15162129937314203,124.88584
2745,-120.95656,0.01366740760960129,-120.95656
2746,-120.95656,0.01366740760960129,-120.95656
2747,120.95658,0.12171582762856717,120.95658
2748,-124.962006,0.15347803793694287,-124.962006
2749,-121.23543,-0.02248627395004689,-121.23543
2750,-121.21919,-0.25481248061744766,-121.21919
2751,-127.927246,-0.12192442955793256,-127.927246
2752,124.920685,-0.2507947627155651,124.920685
2753,124.889084,-0.12903466846950154,124.889084
2754,124.02836,0.2691886518777713,124.02836
2755,124.02836,0.2691886518777713,124.02836
2756,124.02836,0.2691886518777713,124.02836
2757,124.02836,0.2691886518777713,124.02836
2758,124.14801,0.135447356587868,124.14801
2759,124.14801,0.135447356587868,124.14801
2760,-124.02811,-0.18605899360492212,-124.02811
2761,-124.02811,-0.18605899360492212,-124.02811
2762,-124.02811,-0.18605899360492212,-124.02811
2763,-124.02811,-0.18605899360492212,-124.02811
2764,-123.947754,-0.2359413244259523,-123.947754
2765,-123.947754,-0.2359413244259523,-123.947754
2766,-123.947754,-0.2359413244259523,-123.947754
2767,-122.1289,-0.07703474276627573,-122.1289
2768,-122.08717,-0.042517759078963116,-122.08717
2769,-122.08717,-0.042517759078963116,-122.08717
2770,-122.08717,-0.042517759078963116,-122.08717
2771,-122.08717,-0.042517759078963116,-122.08717
2772,-121.93807,-0.1853957757967126,-121.93807
2773,-121.93807,-0.1853957757967126,-121.93807
2774,-121.93807,-0.1853957757967126,-121.93807
2775,-121.93807,-0.1853957757967126,-121.93807
2776,-121.93807,-0.1853957757967126,-121.93807
2777,-121.93807,-0.1853957757967126,-121.93807
2778,-121.93807,-0.1853957757967126,-121.93807
2779,-121.93807,-0.1853957757967126,-121.93807
2780,-121.93807,-0.1853957757967126,-121.93807
2781,121.93807,0.18190251104711294,121.93807
2782,121.93807,0.18190251104711294,121.93807
2783,121.93807,0.18190251104711294,121.93807
2784,121.93807,0.18190251104711294,121.93807
2785,121.93807,0.18190251104711294,121.93807
2786,121.925,0.2712993997568994,121.925
2787,121.925,0.2712993997568994,121.925
2788,121.925,0.2712993997568994,121.925
2789,122.08708,0.07191187790711384,122.08708
2790,122.08708,0.07191187790711384,122.08708
2791,122.08708,0.07191187790711384,122.08708
2792,-121.904,-0.002208524702260022,-121.904
2793,-123.33971,0.03590887666862291,-123.33971
2794,125.15381,-0.10256477145722641,125.15381
2795,125.45804,-0.42011866492101535,125.45804
2796,-121.09959,0.04288975557578363,-121.09959
2797,-125.59943,0.2437439758280139,-125.59943
2798,124.916466,-0.19265942957250823,124.916466
2799,129.6514,0.16222221103793216,129.6514
2800,-122.79722,0.018170031483346838,-122.79722
2801,-122.79722,0.018170031483346838,-122.79722
2802,-122.641685,-0.02166091849930774,-122.641685
2803,-122.641685,-0.02166091849930774,-122.641685
2804,-122.641685,-0.02166091849930774,-122.641685
2805,-122.641685,-0.02166091849930774,-122.641685
2806,125.058334,-0.2753502859803059,125.058334
2807,130.21712,-0.26716816506888036,130.21712
2808,-121.29507,-0.03821399895173871,-121.29507
2809,-121.98502,-0.11810411205661797,-121.98502
2810,-121.98502,-0.11810411205661797,-121.98502
2811,121.984764,0.15929625359165484,121.984764
2812,121.984764,0.15929625359165484,121.984764
2813,121.99446,0.1409081140936613,121.99446
2814,121.99446,0.1409081140936613,121.99446
2815,121.99446,0.1409081140936613,121.99446
2816,-122.12495,-0.09380196008564459,-122.12495
2817,129.7141,-0.09680574363784045,129.7141
2818,125.98121,0.06308626255694696,125.98121
2819,-123.47927,-0.024447960433468124,-123.47927
2820,-121.98502,-0.11810411205661797,-121.98502
2821,121.814064,-0.030771742123717572,121.814064
2822,123.94627,0.07493537604751327,123.94627
2823,-126.69178,0.06058750489117247,-126.69178
2824,-126.69178,0.06058750489117247,-126.69178
2825,-121.13151,-0.04101000475124289,-121.13151
2826,121.13091,0.07030457329560647,121.13091
2827,-122.00515,-0.09004907283214884,-122.00515
2828,122.11351,0.16534755622343705,122.11351
2829,-126.53184,0.0559700366772439,-126.53184
2830,120.693924,0.11101108801854534,120.693924
2831,-120.69459,0.021861286948727108,-120.69459
2832,-121.91751,-0.02916701140462508,-121.91751
2833,126.00974,0.073325077472475,126.00974
2834,122.22856,0.10540667031387956,122.22856
2835,122.0949,0.3867731978779643,122.0949
2836,-129.23279,-0.05924893726573938,-129.23279
2837,129.19684,0.062155480353460996,129.19684
2838,-134.32797,-0.22753402945140164,-134.32797
2839,120.91454,0.0554571512023085,120.91454
2840,120.91454,0.0554571512023085,120.91454
2841,-121.535,-0.009161119284517148,-121.535
2842,-126.66317,0.15185757998360552,-126.66317
2843,-126.66317,0.15185757998360552,-126.66317
2844,-127.12555,-0.013890533897512691,-127.12555
2845,-126.6836,0.001517634391414778,-126.6836
2846,-129.56143,0.06828076324967108,-129.56143
2847,124.9073,-0.09026225805635049,124.9073
2848,-124.70671,0.362675619727997,-124.70671
2849,-124.90645,0.34718269453592304,-124.90645
2850,-124.90589,0.2529189396138839,-124.90589
2851,120.91842,0.056141223786705705,120.91842
2852,129.2073,0.07626462287093878,129.2073
2853,129.1864,0.0953618929576955,129.1864
2854,-120.188576,0.09573875610942255,-120.188576
2855,128.69984,-0.12163694739800034,128.69984
2856,124.70694,-0.12149753505203773,124.70694
2857,129.59082,-0.26585879716620164,129.59082
2858,127.12572,0.017827984560936545,127.12572
2859,126.37141,0.1568400435544729,126.37141
2860,126.37141,0.004747542755776589,126.37141
2861,-126.62199,-0.05333343662305606,-126.62199
2862,-126.62199,-0.05333343662305606,-126.62199
2863,127.08056,0.23302461924752343,127.08056
2864,127.08056,0.23302461924752343,127.08056
2865,127.08056,0.22237005358414536,127.08056
2866,122.79721,0.06589633232815133,122.79721
2867,122.08284,0.41489855172270496,122.08284
2868,-127.66938,-0.1238007325118591,-127.66938
2869,-124.91866,0.05965001528482524,-124.91866
2870,-124.91866,0.03165222814541236,-124.91866
2871,-124.91866,0.05965001528482524,-124.91866
2872,126.6765,0.030023006759906084,126.6765
2873,126.6765,0.030023006759906084,126.6765
2874,126.6765,0.030023006759906084,126.6765
2875,126.6765,0.030023006759906084,126.6765
2876,-122.06685,-0.12448776112407699,-122.06685
2877,-126.6761,-0.021713794567983266,-126.6761
2878,-128.46533,-0.1564471014750345,-128.46533
2879,-128.46533,-0.0269138078440919,-128.46533
2880,-128.46533,-0.1564471014750345,-128.46533
2881,127.71123,0.015826484700813877,127.71123
2882,-122.070076,-0.06709002733476413,-122.070076
2883,-122.070076,-0.06709002733476413,-122.070076
2884,128.64977,-0.14717552887282984,128.64977
2885,128.05159,-0.06812380381836729,128.05159
2886,-127.16505,0.6878925027592399,-127.16505
2887,-120.87623,-0.03837708946485846,-120.87623
2888,-120.87623,-0.09462474044422424,-120.87623
2889,-120.87623,-0.031499316491060546,-120.87623
2890,121.86859,-0.01959177409351121,121.86859
2891,-121.10071,0.00931328575770015,-121.10071
2892,-126.93702,0.02709082213022691,-126.93702
2893,129.14433,0.05588601223705855,129.14433
2894,129.14433,0.05588601223705855,129.14433
2895,-121.86905,0.008159564314242607,-121.86905
2896,-121.86905,0.008159564314242607,-121.86905
2897,-121.86905,0.06013203050453881,-121.86905
2898,121.73785,0.08622606145279019,121.73785
2899,120.91293,0.07296339774199952,120.91293
2900,120.91293,0.12257678404566479,120.91293
2901,-121.3109,-0.08588318092960931,-121.3109
2902,-126.08405,0.07120131159865405,-126.08405
2903,-126.08405,0.07120131159865405,-126.08405
2904,120.945854,0.10475896803020453,120.945854
2905,120.84534,0.05648918576583869,120.84534
2906,120.84534,0.10297304345419885,120.84534
2907,-126.18192,0.08171036867383631,-126.18192
2908,126.35245,-0.048538080301305304,126.35245
2909,-122.229614,0.020353254831915232,-122.229614
2910,-122.229614,-0.003282255724430792,-122.229614
2911,-121.32421,0.0006006959365037201,-121.32421
2912,-121.91634,0.11239565343914293,-121.91634
2913,-121.845604,-0.23190074970915464,-121.845604
2914,-122.229614,-0.003282255724430792,-122.229614
2915,-121.32421,0.0006006959365037201,-121.32421
2916,126.38757,0.14147246950508052,126.38757
2917,126.38757,-0.029004440721274168,126.38757
2918,-124.83249,0.36051577090579007,-124.83249
2919,-125.59205,0.13017417439085976,-125.59205
2920,-123.578064,-0.09129219409135902,-123.578064
2921,-131.80833,0.06399370261366885,-131.80833
2922,124.81516,0.02255433753771943,124.81516
2923,132.12671,-0.12362931705258388,132.12671
2924,-123.5967,0.011005442632882074,-123.5967
2925,-123.62845,0.1630159983929368,-123.62845
2926,-133.13474,0.04200852557029064,-133.13474
2927,126.56579,0.019687640410572884,126.56579
2928,126.56579,0.019687640410572884,126.56579
2929,126.56579,0.019687640410572884,126.56579
2930,126.56579,0.019687640410572884,126.56579
2931,126.56579,0.019687640410572884,126.56579
2932,-126.61743,0.02028238931037071,-126.61743
2933,-126.61743,0.02028238931037071,-126.61743
2934,-126.61743,0.02028238931037071,-126.61743
2935,-126.61743,0.02028238931037071,-126.61743
2936,125.781265,0.3028250590710597,125.781265
2937,125.781265,0.3028250590710597,125.781265
2938,125.781265,0.3028250590710597,125.781265
2939,-129.13695,-0.38434579197431873,-129.13695
2940,-126.57159,-0.06551231116953612,-126.57159
2941,-126.65085,-0.03308349753044455,-126.65085
2942,122.5476,0.08146241304885198,122.5476
2943,122.5476,-0.10597648891015302,122.5476
2944,122.5027,0.1601899295745118,122.5027
2945,124.03407,-0.0010260493289235876,124.03407
2946,-126.42085,0.07912482488282567,-126.42085
2947,-122.021805,-0.2586047184936605,-122.021805
2948,122.083435,0.1000755059565381,122.083435
2949,-120.63327,0.014474615210761975,-120.63327
2950,-120.63327,0.06524992424732207,-120.63327
2951,-120.63327,0.014474615210761975,-120.63327
2952,-120.63327,0.02331649911353802,-120.63327
2953,-120.63327,0.014474615210761975,-120.63327
2954,-120.63327,0.06524992424732207,-120.63327
2955,-120.63327,0.014474615210761975,-120.63327
2956,-120.63327,0.014474615210761975,-120.63327
2957,-120.63327,0.014474615210761975,-120.63327
2958,-120.63327,0.014474615210761975,-120.63327
2959,-120.63327,0.014474615210761975,-120.63327
2960,-120.63327,0.06524992424732207,-120.63327
2961,-120.63327,0.014474615210761975,-120.63327
2962,-120.63327,0.014474615210761975,-120.63327
2963,-120.63327,0.06524992424732207,-120.63327
2964,-120.63327,0.014474615210761975,-120.63327
2965,-120.63327,0.014474615210761975,-120.63327
2966,-120.63327,0.014474615210761975,-120.63327
2967,-120.63327,0.014474615210761975,-120.63327
2968,120.83447,0.028081964984016692,120.83447
2969,120.83447,0.028081964984016692,120.83447
2970,-120.812874,-0.0021969796949314188,-120.812874
2971,-120.812874,-0.0021969796949314188,-120.812874
2972,-120.812874,-0.0021969796949314188,-120.812874
2973,-120.812874,-0.0021969796949314188,-120.812874
2974,-120.812874,-0.0021969796949314188,-120.812874
2975,-120.812874,-0.0021969796949314188,-120.812874
2976,-120.812874,-0.0021969796949314188,-120.812874
2977,126.82078,0.006746333728746468,126.82078
2978,126.82078,0.0729334615132865,126.82078
2979,-129.04793,-0.11522773222525999,-129.04793
2980,123.7046,0.09157678052213111,123.7046
2981,-122.175835,-0.03511514835303983,-122.175835
2982,121.90181,0.23364962491813737,121.90181
2983,121.826645,0.01633737206589708,121.826645
2984,-121.83297,0.07418161032136031,-121.83297
2985,-120.93283,-0.010032817674810283,-120.93283
2986,120.93287,0.07026001272517945,120.93287
2987,-125.65868,-0.1982693474969723,-125.65868
2988,-125.65868,-0.1740035173280124,-125.65868
2989,124.08541,0.2690454152993253,124.08541
2990,-130.5605,-0.023821425991245572,-130.5605
2991,-130.5605,-0.023821425991245572,-130.5605
2992,-130.5605,0.06102774134020667,-130.5605
2993,-121.06499,-0.00452653634782909,-121.06499
2994,-121.06499,-0.00452653634782909,-121.06499
2995,130.57828,-0.18636994860649078,130.57828
2996,130.57828,-0.18636994860649078,130.57828
2997,121.835785,0.036761718725005346,121.835785
2998,121.835785,-0.014110983044535438,121.835785
2999,-121.83717,0.10247547807270366,-121.83717
3000,-121.83717,0.015266698969213675,-121.83717
3001,130.55579,-0.07357518533593464,130.55579
3002,-121.996735,0.032520112247150075,-121.996735
3003,121.933044,-0.0032077768642306322,121.933044
3004,124.529106,0.10844460268392458,124.529106
3005,-129.57059,0.08245352506368908,-129.57059
3006,-124.87239,0.026011292900992945,-124.87239
3007,-124.916084,-0.08913692156375437,-124.916084
3008,124.91654,-0.12214696020300543,124.91654
3009,124.01292,0.1558881499160933,124.01292
3010,-122.94254,0.07922036666081143,-122.94254
3011,-122.090996,0.15318525222587662,-122.090996
3012,-122.05414,-0.009581562381135122,-122.05414
3013,-122.16384,0.057353433712986006,-122.16384
3014,122.10409,0.04120677284125561,122.10409
3015,125.33063,-0.18223506140791895,125.33063
3016,125.40955,-0.01830804096643871,125.40955
3017,125.40955,-0.1610971041549814,125.40955
3018,128.98593,0.0641225667653156,128.98593
3019,-120.32212,0.06345562724466296,-120.32212
3020,124.842804,-0.2482871373618874,124.842804
3021,124.842804,-0.3230666696979445,124.842804
3022,-120.9293,-0.04470462376756373,-120.9293
3023,-121.15667,-0.004566362659044844,-121.15667
3024,-132.87077,-0.21974817724074228,-132.87077
3025,-123.42613,0.09325433514440094,-123.42613
3026,-123.584335,0.15019803018916764,-123.584335
3027,-123.580086,0.07935863582067859,-123.580086
3028,-123.46578,-0.06883536206238534,-123.46578
3029,-130.7957,0.0892819429103104,-130.7957
3030,130.79582,-0.11528824756136595,130.79582
3031,-134.54546,-0.19767863756492843,-134.54546
3032,128.95175,-0.09798578773374862,128.95175
3033,128.95175,-0.011085711408725801,128.95175
3034,-120.74223,-0.010853602029438856,-120.74223
3035,-120.65459,0.005992094339541656,-120.65459
3036,-120.77011,-0.005790623352092494,-120.77011
3037,122.20382,-0.23692339117060887,122.20382
3038,122.20382,-0.23692339117060887,122.20382
3039,120.77006,0.11257147197550871,120.77006
3040,122.08794,-0.0990589272411326,122.08794
3041,-125.481064,0.12000927830526817,-125.481064
3042,-124.72192,-0.174329160969877,-124.72192
3043,-124.72192,-0.014213462103854295,-124.72192
3044,-125.481064,0.12000927830526817,-125.481064
3045,-122.182976,0.08800655649528477,-122.182976
3046,124.918655,-0.14497881928400766,124.918655
3047,124.82847,-0.19180439021747514,124.82847
3048,128.25124,0.08423675707352608,128.25124
3049,126.925995,0.02411596578240919,126.925995
3050,-124.051575,0.032529143313312255,-124.051575
3051,-124.051575,0.032529143313312255,-124.051575
3052,-132.00726,-0.09881912383884411,-132.00726
3053,-122.02635,-0.1534281766095223,-122.02635
3054,-122.02635,-0.1534281766095223,-122.02635
3055,-122.02635,-0.1534281766095223,-122.02635
3056,-122.02635,-0.1534281766095223,-122.02635
3057,-122.02635,-0.1534281766095223,-122.02635
3058,-122.02635,-0.1534281766095223,-122.02635
3059,-122.02635,-0.1534281766095223,-122.02635
3060,-122.02635,-0.1534281766095223,-122.02635
3061,-122.02635,-0.1534281766095223,-122.02635
3062,-122.02635,-0.1534281766095223,-122.02635
3063,132.08644,-0.26152404125983336,132.08644
3064,125.33839,-0.4057512617047079,125.33839
3065,125.33839,-0.11774832118937106,125.33839
3066,122.03679,0.1188803651298034,122.03679
3067,122.03679,0.1188803651298034,122.03679
3068,-122.614235,-0.13408850463094393,-122.614235
3069,-122.614235,-0.13408850463094393,-122.614235
3070,-122.614235,-0.13408850463094393,-122.614235
3071,-122.614235,-0.13408850463094393,-122.614235
3072,122.6142,0.2946003259717119,122.6142
3073,-124.169014,-0.08151314980075224,-124.169014
3074,-124.169014,-0.08151314980075224,-124.169014
3075,-124.169014,-0.08151314980075224,-124.169014
3076,-124.169014,-0.08151314980075224,-124.169014
3077,124.16884,0.16005320453082528,124.16884
3078,124.16884,0.16005320453082528,124.16884
3079,124.16884,0.16005320453082528,124.16884
3080,124.16884,0.16005320453082528,124.16884
3081,124.16884,0.16005320453082528,124.16884
3082,124.16884,0.16005320453082528,124.16884
3083,124.018265,0.19203506618034077,124.018265
3084,124.018265,0.19203506618034077,124.018265
3085,124.018265,0.19203506618034077,124.018265
3086,-124.01867,-0.07036846102025199,-124.01867
3087,-124.01867,-0.07036846102025199,-124.01867
3088,-124.01867,-0.07036846102025199,-124.01867
3089,-124.01867,-0.07036846102025199,-124.01867
3090,127.24375,0.01088052963580622,127.24375
3091,124.06546,0.06865344131134465,124.06546
3092,124.1662,0.16144407913407718,124.1662
3093,123.38717,0.1668648523782416,123.38717
3094,-120.77442,-0.017807176458173098,-120.77442
3095,120.77469,0.0172995922568178,120.77469
3096,-130.41246,-0.2710847917265932,-130.41246
3097,120.75719,0.09412288008328508,120.75719
3098,-125.62365,0.18508315756206337,-125.62365
3099,-125.62365,0.18508315756206337,-125.62365
3100,-122.73457,0.06280038158001021,-122.73457
3101,-122.73457,0.06280038158001021,-122.73457
3102,-122.73457,0.06280038158001021,-122.73457
3103,-122.73457,0.06280038158001021,-122.73457
3104,-122.73457,0.06280038158001021,-122.73457
3105,-122.77492,-0.16054545813811152,-122.77492
3106,129.55325,0.20110725530908435,129.55325
3107,129.55325,0.20110725530908435,129.55325
3108,122.82149,0.09400226247963345,122.82149
3109,129.55325,0.20110725530908435,129.55325
3110,125.476746,-0.42053586241849733,125.476746
3111,125.4896,-0.24391339503215217,125.4896
3112,-121.27157,0.00883111753331452,-121.27157
3113,-130.1191,-0.20709376762596488,-130.1191
3114,-121.63894,-0.045679219234192346,-121.63894
3115,128.83386,-0.15573553791426203,128.83386
3116,-121.94374,-0.17247664020272405,-121.94374
3117,-122.05363,-0.24652893531791917,-122.05363
3118,-122.003876,-0.11070203797603004,-122.003876
3119,-129.06741,-0.02129211673876338,-129.06741
3120,-126.49654,0.11236862102751774,-126.49654
3121,-125.84131,-0.19706728047340194,-125.84131
3122,-125.84131,-0.1829273784550931,-125.84131
3123,124.051186,0.19349989362260803,124.051186
3124,-130.21086,0.09545512638599381,-130.21086
3125,136.82999,-0.14663059597679837,136.82999
3126,136.82999,-0.1523057231501396,136.82999
3127,127.90463,0.012905297740339598,127.90463
3128,130.74658,-0.21119490406716268,130.74658
3129,129.47044,-0.29895707382547876,129.47044
3130,122.08862,0.16426435261846395,122.08862
3131,122.08862,0.16426435261846395,122.08862
3132,122.08862,0.16426435261846395,122.08862
3133,-122.09093,-0.2513377025548707,-122.09093
3134,-122.09093,-0.2513377025548707,-122.09093
3135,-120.72172,0.03278427491700082,-120.72172
3136,-123.34948,0.03764076017336176,-123.34948
3137,-129.07536,-0.04240152475917825,-129.07536
3138,-124.82161,0.051030767607362075,-124.82161
3139,129.61668,-0.21622908875576352,129.61668
3140,129.61864,-0.013032154047211045,129.61864
3141,129.5334,-0.05273501960723212,129.5334
3142,-129.61876,0.12387318222506265,-129.61876
3143,132.6631,-0.2748315645549578,132.6631
3144,127.48788,0.08238647383128245,127.48788
3145,-122.193954,0.07385321794035953,-122.193954
3146,122.19379,0.020619509947786368,122.19379
3147,-128.56906,0.012889901527466292,-128.56906
3148,-128.56906,0.012889901527466292,-128.56906
3149,-121.98359,-0.19677349255143708,-121.98359
3150,127.736984,-0.007205030581599939,127.736984
3151,-123.45213,0.041654225151074184,-123.45213
3152,-122.02794,0.022692962148880988,-122.02794
3153,127.96347,-0.22094526371417605,127.96347
3154,125.39201,-0.1641137730064315,125.39201
3155,-121.84022,0.017187408036712162,-121.84022
3156,-121.865265,0.026464196369367178,-121.865265
3157,123.86239,0.18675196095008276,123.86239
3158,-126.08315,-0.3450671883312942,-126.08315
3159,125.67699,0.2429738713058914,125.67699
3160,125.67699,0.2429738713058914,125.67699
3161,126.53131,0.22230982525947002,126.53131
3162,126.53131,0.22230982525947002,126.53131
3163,-126.531006,-0.03803577740384159,-126.531006
3164,-129.9338,-0.37433393514687535,-129.9338
3165,-128.19167,-0.04536101032730283,-128.19167
3166,122.78651,0.04624161394344095,122.78651
3167,-126.74258,0.05893863572544757,-126.74258
3168,122.77855,0.05729204909724643,122.77855
3169,-132.91364,-0.2396769112825561,-132.91364
3170,-123.63645,-0.021497716923278024,-123.63645
3171,-121.84744,-0.0008069245506412527,-121.84744
3172,-125.02996,0.18981907595194564,-125.02996
3173,-127.6687,-0.04049185452531509,-127.6687
3174,127.6687,0.24074279464085951,127.6687
3175,127.41511,0.1240619390599248,127.41511
3176,121.91912,0.1839272555273703,121.91912
3177,122.230965,0.2426095102605648,122.230965
3178,122.230965,0.2426095102605648,122.230965
3179,121.64185,0.03191139669537413,121.64185
3180,-120.8931,0.0018897520432345472,-120.8931
3181,121.84534,-0.005011048772455894,121.84534
3182,121.84534,-0.09097143483178477,121.84534
3183,121.84534,-0.022022701161136693,121.84534
3184,121.84534,-0.022022701161136693,121.84534
3185,121.84534,-0.022022701161136693,121.84534
3186,121.84534,-0.022022701161136693,121.84534
3187,121.84534,-0.022022701161136693,121.84534
3188,121.84534,-0.022022701161136693,121.84534
3189,121.84534,-0.022022701161136693,121.84534
3190,121.84534,-0.022022701161136693,121.84534
3191,121.84534,-0.022022701161136693,121.84534
3192,121.84534,-0.022022701161136693,121.84534
3193,121.84534,-0.022022701161136693,121.84534
3194,-128.81511,0.015273990032635939,-128.81511
3195,-128.81511,-0.007973348568730946,-128.81511
3196,-128.81511,-0.007973348568730946,-128.81511
3197,-128.81511,-0.007973348568730946,-128.81511
3198,121.89609,-0.014807916670606717,121.89609
3199,121.89609,-0.014807916670606717,121.89609
3200,-121.84523,0.12136606131041214,-121.84523
3201,-121.84523,0.12136606131041214,-121.84523
3202,-121.22809,0.057335890570007444,-121.22809
3203,-120.66439,-0.028561123572139004,-120.66439
3204,-120.83486,0.002848468362183138,-120.83486
3205,-123.146416,0.08909835018098396,-123.146416
3206,129.60379,-0.07414755081742397,129.60379
3207,129.49231,0.01545894226105,129.49231
3208,129.48712,-0.05844863710078221,129.48712
3209,-126.64202,0.1518908280767931,-126.64202
3210,-126.67103,0.1391029980163313,-126.67103
3211,124.94575,-0.1510989190625204,124.94575
3212,124.94575,-0.1510989190625204,124.94575
3213,124.94575,-0.1510989190625204,124.94575
3214,124.94575,-0.1510989190625204,124.94575
3215,124.94575,-0.11356514227109962,124.94575
3216,124.94575,-0.11356514227109962,124.94575
3217,-121.00481,-0.027985049034966722,-121.00481
3218,127.40469,0.10530838723525757,127.40469
3219,130.78085,0.031841236388892746,130.78085
3220,-124.93068,0.011980389939927548,-124.93068
3221,-125.04687,0.19571246009393053,-125.04687
3222,-124.540726,0.11075890783823221,-124.540726
3223,-127.41169,0.0397419252362813,-127.41169
3224,127.42415,0.1100477344251912,127.42415
3225,121.82649,0.04479879404633987,121.82649
3226,-121.99365,0.1007549013616296,-121.99365
3227,-121.0683,-0.0809304320271299,-121.0683
3228,-123.58887,0.06284403594198977,-123.58887
3229,-123.5504,0.13748352412175505,-123.5504
3230,122.02389,0.21599401850726974,122.02389
3231,-130.02266,-0.18699659155620463,-130.02266
3232,127.3367,0.007659552302151346,127.3367
3233,128.73251,-0.09769898786828016,128.73251
3234,-120.91179,0.055194291141218516,-120.91179
3235,-120.91179,-0.010928131937567235,-120.91179
3236,-120.91179,0.055194291141218516,-120.91179
3237,-120.91179,-0.010928131937567235,-120.91179
3238,-120.91179,-0.010928131937567235,-120.91179
3239,-120.91179,0.042337706859710424,-120.91179
3240,-120.91179,0.042337706859710424,-120.91179
3241,-120.91179,-0.006253002088071773,-120.91179
3242,-120.91179,-0.006253002088071773,-120.91179
3243,-120.91179,-0.006253002088071773,-120.91179
3244,-120.91179,0.042337706859710424,-120.91179
3245,-120.91179,0.042337706859710424,-120.91179
3246,-120.91179,-0.006253002088071773,-120.91179
3247,-120.91179,-0.006253002088071773,-120.91179
3248,-120.91179,-0.006253002088071773,-120.91179
3249,-120.91179,0.042337706859710424,-120.91179
3250,128.8064,0.1171373480685313,128.8064
3251,128.8064,0.0010113305731665728,128.8064
3252,128.8064,0.08007870727309623,128.8064
3253,128.8064,0.0010113305731665728,128.8064
3254,128.8064,0.0010113305731665728,128.8064
3255,128.8064,0.0010113305731665728,128.8064
3256,-120.787346,-0.059734012820028964,-120.787346
3257,-120.787346,-0.055058882970533525,-120.787346
3258,-120.787346,-0.055058882970533525,-120.787346
3259,-120.787346,-0.055058882970533525,-120.787346
3260,-120.787346,-0.055058882970533525,-120.787346
3261,-120.787346,-0.055058882970533525,-120.787346
3262,-120.787346,-0.055058882970533525,-120.787346
3263,-120.787346,-0.055058882970533525,-120.787346
3264,129.08636,0.037182960826029406,129.08636
3265,-121.19639,0.06588008917806744,-121.19639
3266,121.85038,-0.026732129629491782,121.85038
3267,-121.85041,0.001791551285044604,-121.85041
3268,-128.92993,-0.0756756342708202,-128.92993
3269,120.88403,0.02664596870953455,120.88403
3270,129.67201,-0.10150543585963037,129.67201
3271,129.67201,-0.10150543585963037,129.67201
3272,129.67201,-0.10150543585963037,129.67201
3273,129.67201,-0.10150543585963037,129.67201
3274,129.67201,-0.10150543585963037,129.67201
3275,122.05298,-0.03561859479949907,122.05298
3276,-125.25589,0.01490049779988182,-125.25589
3277,-125.25589,0.10111322222636474,-125.25589
3278,-125.25589,0.01490049779988182,-125.25589
3279,-125.25589,0.01490049779988182,-125.25589
3280,130.59058,-0.15508008000731863,130.59058
3281,-130.23215,-0.015050763424643914,-130.23215
3282,-130.23215,-0.015050763424643914,-130.23215
3283,124.54412,-0.14242975102560274,124.54412
3284,-120.79889,-0.04065073533593766,-120.79889
3285,126.88968,0.03978262784029825,126.88968
3286,130.77197,0.021716265835291435,130.77197
3287,121.928474,0.01827860681904401,121.928474
3288,121.928474,-0.06380145547880976,121.928474
3289,128.45625,-0.07186094416954585,128.45625
3290,128.62802,0.08360623416143627,128.62802
3291,-127.554665,0.21946866388217792,-127.554665
3292,130.83524,-0.1061131249440359,130.83524
3293,-120.90618,-0.01975013912613833,-120.90618
3294,120.90613,0.16026681563747966,120.90613
3295,-124.18644,-0.0860116634486009,-124.18644
3296,-123.819885,0.058684723639755014,-123.819885
3297,-122.14995,0.07920500660170324,-122.14995
3298,125.373474,-0.08290139290826075,125.373474
3299,-128.2996,0.16579421780036804,-128.2996
3300,122.34986,0.019438295088498873,122.34986
3301,122.34986,0.019438295088498873,122.34986
3302,-123.398705,-0.07326966902254753,-123.398705
3303,-127.07036,0.0028433359156356287,-127.07036
3304,124.05403,0.07240836816502813,124.05403
3305,123.63627,0.008606201697437333,123.63627
3306,126.13573,-0.0691332208104309,126.13573
3307,127.08952,0.167062663036203,127.08952
3308,132.6833,-0.04357711801570369,132.6833
3309,127.8193,-0.13730036047358654,127.8193
3310,-120.69444,0.08681703018231843,-120.69444
3311,124.99009,-0.014826498843564174,124.99009
3312,129.1848,-0.1336570085813231,129.1848
3313,129.1848,-0.04395142740027217,129.1848
3314,129.1848,-0.04395142740027217,129.1848
3315,-120.849594,-0.0356391904327833,-120.849594
3316,-120.849594,-0.04187145395780466,-120.849594
3317,120.87923,0.052568161734511815,120.87923
3318,120.87923,0.052568161734511815,120.87923
3319,121.50597,0.073356414212958,121.50597
3320,121.50597,0.07282205185373823,121.50597
3321,-132.37706,-0.07875965067648155,-132.37706
3322,-132.37706,0.024809755575188358,-132.37706
3323,-132.37706,0.032447620612493414,-132.37706
3324,120.556206,0.06784720389946812,120.556206
3325,-124.853615,-1.1297603460963881e-05,-124.853615
3326,-122.10396,0.021053473966866618,-122.10396
3327,-121.90098,-0.039679335296484125,-121.90098
3328,-124.91338,0.07976124008582718,-124.91338
3329,-125.73783,-0.05792599980273321,-125.73783
3330,135.35098,-0.06652773942317981,135.35098
3331,-123.58091,-0.006495638238651912,-123.58091
3332,124.158745,0.08760280354977756,124.158745
3333,-126.02958,-0.03978550733231299,-126.02958
3334,122.61904,-0.061596195999572306,122.61904
3335,-130.13475,-0.19533629201313873,-130.13475
3336,124.89751,-0.05114870475774868,124.89751
3337,-121.974365,-0.36954043160736033,-121.974365
3338,-121.974365,-0.25630705790532765,-121.974365
3339,-121.974365,-0.25630705790532765,-121.974365
3340,-121.974365,-0.25630705790532765,-121.974365
3341,-121.974365,-0.25630705790532765,-121.974365
3342,127.575584,0.4085736117395332,127.575584
3343,-121.99383,-0.2722599663310471,-121.99383
3344,121.841415,0.23539049112807375,121.841415
3345,123.35557,-0.03467760812212056,123.35557
3346,125.16306,-0.10754377927233717,125.16306
3347,121.7065,0.2815231102360436,121.7065
3348,126.87375,-0.03878994558456483,126.87375
3349,-126.87376,-0.021614636105624876,-126.87376
3350,-126.98237,0.05310404857059889,-126.98237
3351,-127.53336,-0.09200496593313168,-127.53336
3352,125.369316,-0.12773370411854093,125.369316
3353,121.86988,-0.06216761076236856,121.86988
3354,124.03544,0.10944833010448926,124.03544
3355,-122.6832,-0.20276644620393502,-122.6832
3356,-122.6832,-0.029703403977589565,-122.6832
3357,-122.6832,-0.20276644620393502,-122.6832
3358,-122.6832,-0.20276644620393502,-122.6832
3359,123.93203,0.055093418147561767,123.93203
3360,-122.80403,-0.20320274123428664,-122.80403
3361,-126.508896,0.06035859216392821,-126.508896
3362,-130.24303,0.18504710670313054,-130.24303
3363,-130.24303,0.18504710670313054,-130.24303
3364,123.957054,0.08811784929347438,123.957054
3365,123.957054,0.08811784929347438,123.957054
3366,123.957054,0.08811784929347438,123.957054
3367,-122.4943,-0.035578801770189655,-122.4943
3368,-122.4943,-0.035578801770189655,-122.4943
3369,-123.95669,0.009678180486385078,-123.95669
3370,122.02793,0.19163825222757624,122.02793
3371,-130.19043,0.07999544788513502,-130.19043
3372,-124.919754,0.031699312645318334,-124.919754
3373,-124.919754,0.02475750376648953,-124.919754
3374,-122.096664,-0.06883017842130805,-122.096664
3375,-121.85754,-0.11007386108738432,-121.85754
3376,121.805016,0.26461291285304495,121.805016
3377,-121.85754,-0.11007386108738432,-121.85754
3378,-121.99498,-0.11064208483089025,-121.99498
3379,-121.16579,-0.05058314295272615,-121.16579
3380,-127.12809,0.4980298717910165,-127.12809
3381,-126.839165,0.04552608593686155,-126.839165
3382,-129.84343,-0.09530626613350782,-129.84343
3383,-126.55503,0.09167791036493894,-126.55503
3384,120.90372,0.0875446577140079,120.90372
3385,-121.36695,-0.013583607008309836,-121.36695
3386,126.36019,-0.04265258350719361,126.36019
3387,122.41148,0.022977654187169082,122.41148
3388,122.388794,-0.11717759338769189,122.388794
3389,-126.63168,0.00258887649329428,-126.63168
3390,-126.63168,0.00258887649329428,-126.63168
3391,121.98349,0.27569430425713887,121.98349
3392,124.936295,0.07530317213126377,124.936295
3393,-122.11237,-0.2590752874485397,-122.11237
3394,-120.60087,0.025302120809624098,-120.60087
3395,120.67158,0.027347997025323107,120.67158
3396,-121.77926,0.08073721219296799,-121.77926
3397,-126.09309,0.05036420061486716,-126.09309
3398,-127.157616,0.13528603781220352,-127.157616
3399,-126.96829,-0.09762700122449805,-126.96829
3400,-128.7304,0.22944771563233543,-128.7304
3401,-120.40568,0.028021578606099905,-120.40568
3402,-124.4097,0.08542352209266088,-124.4097
3403,129.52042,-0.05068161295995946,129.52042
3404,129.46944,-0.04525973294070822,129.46944
3405,126.519165,-0.03243555460615795,126.519165
3406,126.64776,-0.1154500887818083,126.64776
3407,126.68952,-0.047447297798890786,126.68952
3408,-128.63286,0.06668574395429819,-128.63286
3409,-129.54652,0.22866729617614784,-129.54652
3410,123.88186,-0.2119022482844938,123.88186
3411,-122.80886,0.0755765899194814,-122.80886
3412,-136.87944,0.14471803803831787,-136.87944
3413,-124.87203,-0.0019120011808008066,-124.87203
3414,125.38687,-0.15444161957900993,125.38687
3415,-132.0267,0.22531347788288258,-132.0267
3416,-125.2843,0.2294373145007741,-125.2843
3417,121.82263,-0.059422746058159566,121.82263
3418,121.82263,-0.0201983757577137,121.82263
3419,121.251686,0.041579244749782064,121.251686
3420,-121.822624,0.11640683361561306,-121.822624
3421,-128.47142,0.0851755426334466,-128.47142
3422,127.01655,-0.0973523618982718,127.01655
3423,-120.81439,0.032499037669498215,-120.81439
3424,121.57701,-0.08103606473780992,121.57701
3425,-120.55083,0.0472266636708336,-120.55083
3426,-121.21568,0.0518357824878599,-121.21568
3427,-121.63237,0.0688115127073666,-121.63237
3428,121.881035,-0.02197330340876229,121.881035
3429,-133.26736,-0.5001565047996163,-133.26736
3430,-133.26736,-0.4043770226037848,-133.26736
3431,-126.66756,-0.1629965445649907,-126.66756
3432,121.174934,0.08144413568386813,121.174934
3433,-120.80302,-0.008588585748988294,-120.80302
3434,-126.197105,0.15992904652024834,-126.197105
3435,-126.074905,-0.0019859307094554518,-126.074905
3436,127.92916,0.15047934705681235,127.92916
3437,127.78999,0.015010227380517605,127.78999
3438,-120.09126,0.06804722438823206,-120.09126
3439,-126.964615,0.22376071742995196,-126.964615
3440,-120.882195,-0.05868767030762873,-120.882195
3441,-130.52072,-0.140261281769995,-130.52072
3442,-127.64332,-0.2276210097949544,-127.64332
3443,-127.64332,-0.2276210097949544,-127.64332
3444,-127.64332,-0.2276210097949544,-127.64332
3445,-127.64332,-0.2276210097949544,-127.64332
3446,-127.64332,-0.2276210097949544,-127.64332
3447,-127.64332,-0.2276210097949544,-127.64332
3448,-125.12263,0.18809861580554738,-125.12263
3449,123.31603,-0.008324369623288069,123.31603
3450,121.52176,0.03798054262211649,121.52176
3451,-121.55993,0.09080247399092829,-121.55993
3452,-128.96568,-0.0518732747788388,-128.96568
3453,-128.96568,-0.20730551445721412,-128.96568
3454,-128.96568,-0.20730551445721412,-128.96568
3455,133.02788,-0.12229671798542,133.02788
3456,133.02788,-0.12229671798542,133.02788
3457,133.02788,0.05162017881580609,133.02788
3458,133.02788,-0.12229671798542,133.02788
3459,133.02788,-0.12229671798542,133.02788
3460,133.02788,-0.12229671798542,133.02788
3461,133.02788,0.05162017881580609,133.02788
3462,133.02788,-0.12229671798542,133.02788
3463,133.02788,-0.12229671798542,133.02788
3464,133.02788,0.05162017881580609,133.02788
3465,133.02788,0.05162017881580609,133.02788
3466,133.02788,-0.12229671798542,133.02788
3467,133.02788,-0.12229671798542,133.02788
3468,121.79875,-0.03200628089416983,121.79875
3469,120.872665,0.24909458535239482,120.872665
3470,121.563225,0.12056825572970985,121.563225
3471,-120.776955,0.017817640739036085,-120.776955
3472,-120.44335,0.04584989481731734,-120.44335
3473,-121.52163,-0.08531823210111864,-121.52163
3474,122.001816,-0.0016102206741359349,122.001816
3475,121.629265,0.0330360584967646,121.629265
3476,-125.88453,0.09763362939030681,-125.88453
3477,121.84889,0.0023718712276630943,121.84889
3478,-121.83411,0.22763682833794296,-121.83411
3479,-124.62111,0.07625059789752758,-124.62111
3480,-124.62111,0.006859831352874509,-124.62111
3481,-124.62111,0.006859831352874509,-124.62111
3482,-124.54034,0.11191197488130734,-124.54034
3483,-124.54034,-0.08907482104963815,-124.54034
3484,-124.54034,-0.08907482104963815,-124.54034
3485,126.828316,-0.03798954952580607,126.828316
3486,126.828316,-0.03798954952580607,126.828316
3487,127.38817,0.035392783967355984,127.38817
3488,127.38817,0.15420757406585897,127.38817
3489,-121.22707,-0.015872785750586586,-121.22707
3490,-121.22707,0.047834011234700574,-121.22707
3491,-121.16663,-0.10041598013483685,-121.16663
3492,-130.6173,-0.04745688722581256,-130.6173
3493,121.617096,-0.061981866394969276,121.617096
3494,-130.29372,-0.15214411835900402,-130.29372
3495,-130.54346,0.010444851116439089,-130.54346
3496,130.58318,0.05875741268618489,130.58318
3497,122.00275,0.014036996280073695,122.00275
3498,-120.499664,-0.05655105804256906,-120.499664
3499,120.54097,0.09524430170725941,120.54097
3500,-130.76013,-0.3747006630419373,-130.76013
3501,-121.04084,-0.017801452665798835,-121.04084
3502,121.699646,-0.0044917741811534495,121.699646
3503,122.14212,-0.025756205980425186,122.14212
3504,122.16361,0.018439780540136414,122.16361
3505,-120.9364,-0.014578038606649947,-120.9364
3506,-122.74248,-0.023258030250409616,-122.74248
3507,-124.66297,0.09534621727889547,-124.66297
3508,129.62367,-0.06148655019624015,129.62367
3509,129.4493,-0.08496591935972399,129.4493
3510,129.47382,-0.23333526011285458,129.47382
3511,129.4762,-0.12544880784584778,129.4762
3512,-122.08198,-0.16185975860775437,-122.08198
3513,-122.08198,-0.16185975860775437,-122.08198
3514,-122.08198,-0.16185975860775437,-122.08198
3515,122.0908,0.20148695413501772,122.0908
3516,122.0908,0.20148695413501772,122.0908
3517,122.0908,0.20148695413501772,122.0908
3518,-122.08198,-0.16185975860775437,-122.08198
3519,127.721436,-0.08035326018878317,127.721436
3520,-125.18397,0.09085801813048254,-125.18397
3521,-123.56988,0.07508356071072865,-123.56988
3522,-123.56988,0.07508356071072865,-123.56988
3523,-121.00043,-0.10904079491232878,-121.00043
3524,-121.96094,-0.17449823461878575,-121.96094
3525,-121.96094,-0.17449823461878575,-121.96094
3526,-121.96094,-0.17449823461878575,-121.96094
3527,-121.96094,-0.17449823461878575,-121.96094
3528,-121.96825,-0.21491029515328905,-121.96825
3529,-121.96825,-0.21491029515328905,-121.96825
3530,-121.96825,-0.21491029515328905,-121.96825
3531,-121.96825,-0.21491029515328905,-121.96825
3532,121.96825,0.13404437741815767,121.96825
3533,121.96825,0.13404437741815767,121.96825
3534,121.96825,0.13404437741815767,121.96825
3535,122.08594,0.16930298821157744,122.08594
3536,122.08594,0.16930298821157744,122.08594
3537,122.08594,0.16930298821157744,122.08594
3538,125.14952,-0.18321821266225502,125.14952
3539,-122.0861,-0.036915772859820305,-122.0861
3540,-122.0861,-0.036915772859820305,-122.0861
3541,-122.0861,-0.036915772859820305,-122.0861
3542,123.333755,0.308354231954802,123.333755
3543,123.333755,0.308354231954802,123.333755
3544,123.333755,0.308354231954802,123.333755
3545,-123.33382,0.024037672894521127,-123.33382
3546,-123.33382,0.024037672894521127,-123.33382
3547,-120.685936,0.014134235552480253,-120.685936
3548,-120.685936,0.044868043839201684,-120.685936
3549,-120.685936,0.017347299683919046,-120.685936
3550,-120.685936,0.017347299683919046,-120.685936
3551,-120.685936,0.017347299683919046,-120.685936
3552,-120.685936,0.017347299683919046,-120.685936
3553,-120.685936,0.017347299683919046,-120.685936
3554,-121.585594,0.09610634446752545,-121.585594
3555,-121.585594,0.09610634446752545,-121.585594
3556,-122.353134,0.03210944147648056,-122.353134
3557,-122.353134,0.03210944147648056,-122.353134
3558,-120.73546,0.10820491647864112,-120.73546
3559,-120.760445,-0.002658917706945007,-120.760445
3560,-126.906555,-0.06462787097050567,-126.906555
3561,-126.61539,0.013877813740641835,-126.61539
3562,-120.86533,0.004208812118380849,-120.86533
3563,130.57648,-0.15670668278657784,130.57648
3564,130.57648,-0.15670668278657784,130.57648
3565,-128.20056,0.14794844806526103,-128.20056
3566,-121.2532,0.05362179448844677,-121.2532
3567,130.38193,-0.20575178326397262,130.38193
3568,-121.911606,-0.013401462295674257,-121.911606
3569,-121.52231,-0.010419757956386184,-121.52231
3570,-127.23632,0.1031852580046904,-127.23632
3571,-127.23632,0.1031852580046904,-127.23632
3572,-123.30124,0.06166639651369581,-123.30124
3573,-129.44987,-0.2220110678276942,-129.44987
3574,-120.8239,0.02679689946173628,-120.8239
3575,121.914375,0.035761080968481955,121.914375
3576,-120.94427,-0.04123639530707331,-120.94427
3577,120.94437,0.15190778671106012,120.94437
3578,-124.659676,0.08635644491358675,-124.659676
3579,-125.595856,0.29294498769464555,-125.595856
3580,-122.79272,-0.014887306729780432,-122.79272
3581,-122.79272,-0.014887306729780432,-122.79272
3582,-122.67052,-0.1743828893410126,-122.67052
3583,-122.67052,-0.1743828893410126,-122.67052
3584,-122.67052,-0.1743828893410126,-122.67052
3585,-122.67052,-0.1743828893410126,-122.67052
3586,-122.67052,-0.1743828893410126,-122.67052
3587,-122.66377,0.05707627743863416,-122.66377
3588,-122.66377,0.05707627743863416,-122.66377
3589,-122.66377,0.05707627743863416,-122.66377
3590,122.65407,0.15429347864625992,122.65407
3591,122.65407,-0.047016179245974565,122.65407
3592,129.63843,-0.20773031070589038,129.63843
3593,129.63843,-0.20773031070589038,129.63843
3594,130.69055,-0.13926404849904686,130.69055
3595,-123.373856,0.007813179228497046,-123.373856
3596,127.13882,-0.11029593608507911,127.13882
3597,-126.100746,-0.04304234650390192,-126.100746
3598,-126.100746,-0.04304234650390192,-126.100746
3599,-126.100746,-0.005306969229880716,-126.100746
3600,122.01415,0.15110705091066068,122.01415
3601,122.01415,0.15110705091066068,122.01415
3602,122.01415,0.15110705091066068,122.01415
3603,-122.012726,-0.20453006248104155,-122.012726
3604,-122.012726,-0.20453006248104155,-122.012726
3605,122.012764,0.1621672125422472,122.012764
3606,122.012764,0.1621672125422472,122.012764
3607,122.012764,0.1621672125422472,122.012764
3608,-122.012726,-0.20453006248104155,-122.012726
3609,124.53612,-0.005384858064714994,124.53612
3610,-124.676865,0.2916130151033301,-124.676865
3611,131.44527,-0.07800911595104709,131.44527
3612,120.46849,0.01377312325059298,120.46849
3613,-129.19884,0.08115242673922941,-129.19884
3614,-123.566444,0.09716317393395005,-123.566444
3615,-124.49422,0.24963362056256594,-124.49422
3616,124.4886,-0.20883182852741627,124.4886
3617,122.077995,0.0888266984522993,122.077995
3618,121.164024,0.07627465320617936,121.164024
3619,-121.16412,-0.033196259590743384,-121.16412
3620,123.200066,0.007763979978662475,123.200066
3621,122.093094,0.17864782576387905,122.093094
3622,122.093094,0.17864782576387905,122.093094
3623,-120.77776,0.038182028834670485,-120.77776
3624,123.77828,0.022208578617239835,123.77828
3625,-129.88086,-0.17657013091923085,-129.88086
3626,123.40184,0.14153421310273578,123.40184
3627,130.60277,-0.045019401803494154,130.60277
3628,-124.757484,-0.07491151691990926,-124.757484
3629,-122.811165,-0.23522183337208613,-122.811165
3630,120.95027,-0.05399527538946446,120.95027
3631,122.5722,-0.07437556422030496,122.5722
3632,127.73923,-0.17437310314227278,127.73923
3633,126.865746,-0.004386423059994615,126.865746
3634,121.64746,-0.067277741032537,121.64746
3635,127.70948,-0.36498466375577937,127.70948
3636,127.70948,-0.36498466375577937,127.70948
3637,120.59633,0.21478134546802805,120.59633
3638,-121.61076,0.0447514969877381,-121.61076
3639,-126.5552,0.1506786008992291,-126.5552
3640,126.329865,-0.14245445040434349,126.329865
3641,126.654274,-0.09556884359188153,126.654274
3642,-126.6539,-0.008415427844884745,-126.6539
3643,-126.77422,0.08159178933215444,-126.77422
3644,-124.9856,0.1302023278008112,-124.9856
3645,-127.15628,0.2350337020596566,-127.15628
3646,-127.08955,0.18126478943507188,-127.08955
3647,-120.58927,0.045657633550525926,-120.58927
3648,126.06832,-0.02744736409282134,126.06832
3649,-129.13974,-0.10501844402845366,-129.13974
3650,125.74999,-0.6212892659118566,125.74999
3651,-126.92629,0.12728947508738545,-126.92629
3652,-129.8334,0.06257970572526636,-129.8334
3653,-126.80794,0.06637461342340473,-126.80794
3654,-122.685936,-0.27580983924569175,-122.685936
3655,-124.68887,0.39941965847929656,-124.68887
3656,-120.34959,0.07920970884075168,-120.34959
3657,126.1475,0.01390720402259403,126.1475
3658,126.43689,0.020850547384417842,126.43689
3659,-120.518524,0.052858407143150814,-120.518524
3660,-120.57652,0.18760611751549122,-120.57652
3661,-119.955605,0.07721967020956781,-119.955605
3662,-120.43582,0.01625613444426608,-120.43582
3663,130.35606,-0.5116893548883242,130.35606
3664,130.35606,-0.5116893548883242,130.35606
3665,133.01385,-0.08896423678325326,133.01385
3666,130.525,-0.04698653057160741,130.525
3667,-125.86094,0.06766356843148486,-125.86094
3668,-124.87698,0.1760855826119388,-124.87698
3669,-124.87698,0.1760855826119388,-124.87698
3670,131.46805,-0.14092600246147807,131.46805
3671,131.46805,-0.14092600246147807,131.46805
3672,125.98856,-0.011887965623894988,125.98856
3673,125.98856,-0.009366975210647341,125.98856
3674,-125.73552,0.06103021063079865,-125.73552
3675,-144.37921,-0.2151104154297266,-144.37921
3676,-144.37921,-0.2151104154297266,-144.37921
3677,123.2882,0.0345186381883494,123.2882
3678,-136.87032,0.08689413757385245,-136.87032
3679,122.087944,0.04018769039293485,122.087944
3680,-121.23587,-0.003733027594351612,-121.23587
3681,-128.74173,-0.349522254269527,-128.74173
3682,-128.90099,-0.4654418445893328,-128.90099
3683,-128.90099,-0.515638855392668,-128.90099
3684,-128.90099,-0.515638855392668,-128.90099
3685,121.85887,-0.07244191875163201,121.85887
3686,-120.95685,0.015458121182227077,-120.95685
3687,-120.95685,0.015458121182227077,-120.95685
3688,-131.5766,-0.20062399060522254,-131.5766
3689,-128.94212,-0.13772133748397877,-128.94212
3690,-128.94212,0.021537032585473702,-128.94212
3691,-120.71384,-0.05468738435631803,-120.71384
3692,120.77269,0.09201201110274247,120.77269
3693,121.76805,0.054220803727753966,121.76805
3694,-120.86108,0.027777776169915766,-120.86108
3695,126.73162,0.05952127741054032,126.73162
3696,126.73162,0.05952127741054032,126.73162
3697,-120.50063,0.09275910067111187,-120.50063
3698,-124.95492,0.2675531490283799,-124.95492
3699,132.64903,-0.057705977512125396,132.64903
3700,120.19188,0.054957511536251925,120.19188
3701,-131.59138,-0.013037804915949146,-131.59138
3702,121.91707,-0.04799979887023504,121.91707
3703,-121.12569,-0.033678519170116474,-121.12569
3704,120.008545,0.03142269859322106,120.008545
3705,120.70585,0.03460243317098345,120.70585
3706,124.962654,-0.1791635540606228,124.962654
3707,121.61236,0.05313733474071213,121.61236
3708,-129.07864,-0.054889961505934046,-129.07864
3709,-125.100174,0.012289203158583643,-125.100174
3710,-124.55451,0.03580186303469333,-124.55451
3711,129.82288,0.1337719710303528,129.82288
3712,130.91553,-0.15594179264099833,130.91553
3713,-121.18918,0.1018200626907362,-121.18918
3714,-130.39839,0.00785493068457741,-130.39839
3715,120.85857,0.07964403388185337,120.85857
3716,-120.847694,0.01793495201637023,-120.847694
3717,123.25937,0.05048617752764157,123.25937
3718,-123.259125,0.2548302290515637,-123.259125
3719,129.80585,-0.08213747449214022,129.80585
3720,-129.84668,0.028360519199748763,-129.84668
3721,-129.84668,0.028360519199748763,-129.84668
3722,127.70571,-0.06580046944446345,127.70571
3723,127.41246,0.015923345845772433,127.41246
3724,-125.19837,-0.10136515194097183,-125.19837
3725,-124.13359,0.07490286066470725,-124.13359
3726,125.45217,-0.1371723706041281,125.45217
3727,-122.11462,-0.030852751490879866,-122.11462
3728,126.96642,-0.10826620548518674,126.96642
3729,-122.087776,0.12733526564886757,-122.087776
3730,-126.25468,0.019157135275443084,-126.25468
3731,125.40724,-0.0784437050511531,125.40724
3732,127.66694,-0.07219259943710542,127.66694
3733,-120.55022,0.11555344035681785,-120.55022
3734,-120.55022,0.11555344035681785,-120.55022
3735,-120.55022,0.07016284906370225,-120.55022
3736,-120.620735,0.0029457918107685414,-120.620735
3737,126.498276,0.03911429254911648,126.498276
3738,126.498276,0.03911429254911648,126.498276
3739,128.2194,0.1351102337215117,128.2194
3740,128.2194,0.1351102337215117,128.2194
3741,-126.3144,-0.011099842455825962,-126.3144
3742,-126.3144,-0.011099842455825962,-126.3144
3743,126.8358,0.005323843035855223,126.8358
3744,-127.06044,-0.10537387643985352,-127.06044
3745,121.76737,0.03259618001904245,121.76737
3746,-120.63405,0.08395280964874892,-120.63405
3747,131.75917,-0.2763107897925266,131.75917
3748,-121.18515,0.012729912686447346,-121.18515
3749,121.74438,0.05966465640317327,121.74438
3750,121.33344,0.007395802547250855,121.33344
3751,-126.06926,0.08068254539072472,-126.06926
3752,-121.934654,0.022358666635802316,-121.934654
3753,-122.56291,0.08875790224355684,-122.56291
3754,-126.8603,-0.17785701451078167,-126.8603
3755,-126.8603,0.024787059693467988,-126.8603
3756,-126.8603,-0.1093686490918227,-126.8603
3757,-124.70796,0.03602253943456347,-124.70796
3758,124.98989,-0.25193941369124473,124.98989
3759,124.98989,-0.09470288916328418,124.98989
3760,-120.83499,-0.042550286988218736,-120.83499
3761,-120.83499,-0.042550286988218736,-120.83499
3762,-124.95833,0.10246513751522246,-124.95833
3763,127.41632,0.08834860303284713,127.41632
3764,-130.37566,0.015903279790276687,-130.37566
3765,130.53311,0.003296688675713594,130.53311
3766,122.11461,0.03679258834876077,122.11461
3767,-121.78578,0.10713697137635277,-121.78578
3768,121.76631,-0.04088562646395197,121.76631
3769,-124.635475,0.03865928142850786,-124.635475
3770,-120.27969,0.04006449797388575,-120.27969
3771,-130.14746,-0.17917122879980427,-130.14746
3772,-128.20747,0.09882076615668621,-128.20747
3773,-128.22446,-0.1417577899438481,-128.22446
3774,130.91776,-0.0016469485001081715,130.91776
3775,130.91776,-0.0016469485001081715,130.91776
3776,130.96736,-0.07867273666491686,130.96736
3777,127.993996,-0.2299737351432295,127.993996
3778,126.65948,-0.06983120811496948,126.65948
3779,130.12712,-0.26540191920161227,130.12712
3780,129.6029,0.025406080510029478,129.6029
3781,130.0715,-0.08500832459432082,130.0715
3782,-127.61487,-0.1321191380904276,-127.61487
3783,-127.61487,-0.1321191380904276,-127.61487
3784,-126.98212,0.2230283981671592,-126.98212
3785,-127.24796,0.06684074881232156,-127.24796
3786,-127.24796,0.06684074881232156,-127.24796
3787,-127.25712,0.07492693400264316,-127.25712
3788,124.22835,-0.08109763810062154,124.22835
3789,-120.90229,0.02265340447095926,-120.90229
3790,-120.90229,0.02265340447095926,-120.90229
3791,120.77425,0.034555198351491095,120.77425
3792,120.77425,0.034555198351491095,120.77425
3793,-120.7738,0.01853473065317123,-120.7738
3794,120.75013,0.07406431422447561,120.75013
3795,-120.7148,-0.05737428377999619,-120.7148
3796,-120.77619,0.00522458626368516,-120.77619
3797,-124.76917,-0.06347109240241437,-124.76917
3798,-123.295494,0.2694055628065157,-123.295494
3799,126.63079,-0.1092794559525858,126.63079
3800,-124.048874,-0.09850421764061802,-124.048874
3801,-124.048874,-0.09850421764061802,-124.048874
3802,-124.048874,-0.09850421764061802,-124.048874
3803,-124.048874,-0.09850421764061802,-124.048874
3804,-124.048874,-0.09850421764061802,-124.048874
3805,124.04875,0.17878096008642994,124.04875
3806,124.04875,0.17878096008642994,124.04875
3807,124.04875,0.17878096008642994,124.04875
3808,127.366135,0.25086351049087646,127.366135
3809,127.366135,0.25086351049087646,127.366135
3810,120.76805,-0.15833493491469838,120.76805
3811,-125.089005,0.0275987530694171,-125.089005
3812,-124.52448,0.046389247141214875,-124.52448
3813,-120.36694,0.23111615704447525,-120.36694
3814,-127.12406,0.007458642908362253,-127.12406
3815,128.2993,-0.23757975170961837,128.2993
3816,126.32828,-0.04763246553909526,126.32828
3817,129.63158,0.016488732984240667,129.63158
3818,121.951485,0.14161166124614935,121.951485
3819,-121.31036,-0.045377375795225126,-121.31036
3820,-121.31036,-0.045377375795225126,-121.31036
3821,131.20587,-0.14372424532632566,131.20587
3822,-127.03879,0.01998519355405132,-127.03879
3823,-127.03879,0.01998519355405132,-127.03879
3824,-126.64031,0.01943346121893695,-126.64031
3825,-126.64031,0.01943346121893695,-126.64031
3826,-127.49316,0.02691534913354566,-127.49316
3827,-127.49316,0.02691534913354566,-127.49316
3828,133.14026,-0.1310727581817975,133.14026
3829,122.206116,-0.06432999645048816,122.206116
3830,125.54754,0.2468157173263769,125.54754
3831,-121.98592,-0.18294720636399187,-121.98592
3832,-125.07092,0.08321411986594408,-125.07092
3833,-129.37103,0.10708187061032068,-129.37103
3834,-123.59689,0.08115827958740421,-123.59689
3835,-123.48691,-0.0659913575177962,-123.48691
3836,121.46687,0.11840415825823326,121.46687
3837,121.93161,-0.05092085460335123,121.93161
3838,120.59383,0.08568072888934307,120.59383
3839,-125.699455,-0.12576239726041916,-125.699455
3840,-124.6968,0.0975612037378673,-124.6968
3841,-124.6968,0.046334687810225476,-124.6968
3842,-122.71505,0.022351321478279073,-122.71505
3843,129.2826,-0.3695765519206762,129.2826
3844,-122.01561,-0.21872437112415796,-122.01561
3845,-124.86548,0.27861728671957847,-124.86548
3846,121.798195,0.05227723496574211,121.798195
3847,128.83527,-0.10487657752614378,128.83527
3848,130.29498,-0.45068138952834075,130.29498
3849,130.29498,-0.45068138952834075,130.29498
3850,130.224,-0.16519492630929866,130.224
3851,-130.33623,0.054034275444226815,-130.33623
3852,-130.33623,0.07795323305397056,-130.33623
3853,121.834076,-0.05570143735350685,121.834076
3854,121.834076,-0.05570143735350685,121.834076
3855,121.834076,-0.08814885481265426,121.834076
3856,120.981316,0.06046514609647554,120.981316
3857,-128.18962,-0.19598931144098525,-128.18962
3858,128.02585,0.010789200841685454,128.02585
3859,128.02585,-0.018582217739230543,128.02585
3860,-122.55959,-0.07365841064310194,-122.55959
3861,-127.92376,0.30801538730391276,-127.92376
3862,-120.84291,-0.0625581434211752,-120.84291
3863,122.06983,-0.03290586061407812,122.06983
3864,132.65427,-0.24479481970344621,132.65427
3865,120.67112,0.13060214773974277,120.67112
3866,120.77888,0.07539233535872439,120.77888
3867,-120.64591,0.05055335181570537,-120.64591
3868,-121.259544,0.08084458175137657,-121.259544
3869,127.63724,-0.028197987164900257,127.63724
3870,-129.09834,-0.17779468041649446,-129.09834
3871,129.5665,-0.01158481862514839,129.5665
3872,-130.04604,-0.06846060436833154,-130.04604
3873,127.75308,-0.2846437397002846,127.75308
3874,-124.85736,0.06287308372090696,-124.85736
3875,-124.70911,0.05593712088983732,-124.70911
3876,-122.029915,-0.10156817438646318,-122.029915
3877,-129.22917,0.10748869735152451,-129.22917
3878,125.84266,-0.07808036121120511,125.84266
3879,129.1665,-0.10313764955654646,129.1665
3880,126.69012,-0.12239597294588853,126.69012
3881,-119.9614,0.14665010103722284,-119.9614
3882,-128.77435,0.016337224092533364,-128.77435
3883,-120.52737,0.06796548247923231,-120.52737
3884,132.3603,-0.0806849951505284,132.3603
3885,132.3603,-0.0806849951505284,132.3603
3886,-120.581985,0.009088832887451848,-120.581985
3887,-120.581985,0.009088832887451848,-120.581985
3888,-120.70672,0.025458894086645215,-120.70672
3889,121.04691,0.19248878837639627,121.04691
3890,120.78606,0.16355207416254058,120.78606
3891,-120.44169,0.16666666784227935,-120.44169
3892,-120.44169,-0.006134826331127647,-120.44169
3893,-120.44169,-0.009418310270367516,-120.44169
3894,120.5717,0.22418986707914157,120.5717
3895,-124.01931,-0.05591656219417222,-124.01931
3896,-131.3297,-0.4437998356070459,-131.3297
3897,-126.995285,-0.31516073223323504,-126.995285
3898,-126.96996,-0.0028662528581099257,-126.96996
3899,131.65825,0.011889702399703541,131.65825
3900,128.13277,0.09774222445265146,128.13277
3901,127.106834,0.007954422693369032,127.106834
3902,127.803116,-0.18255857657216498,127.803116
3903,121.68882,-0.00407315816893972,121.68882
3904,-126.01661,0.04303103296506727,-126.01661
3905,-126.01661,-0.1240540471758798,-126.01661
3906,125.65096,-0.48142108386477345,125.65096
3907,124.590935,-0.0765685686000414,124.590935
3908,124.10049,0.16182750081389882,124.10049
3909,124.10049,0.16182750081389882,124.10049
3910,-125.948456,-0.04135717590684349,-125.948456
3911,-125.948456,-0.04135717590684349,-125.948456
3912,123.42075,0.19031089855594416,123.42075
3913,120.18619,0.04559823341147836,120.18619
3914,-120.305916,0.09768595255045193,-120.305916
3915,127.64521,-0.2615926669728075,127.64521
3916,127.64521,-0.2615926669728075,127.64521
3917,-131.08577,-0.011890403749614809,-131.08577
3918,143.94974,-0.2788677122634592,143.94974
3919,-127.93563,-0.0339053625078786,-127.93563
3920,-121.12424,0.03470876223833847,-121.12424
3921,126.4389,0.007934761995045362,126.4389
3922,-128.7842,-0.15788233016895334,-128.7842
3923,-120.71395,0.15037674599282627,-120.71395
3924,-120.71395,0.15037674599282627,-120.71395
3925,124.6442,0.1150556991614443,124.6442
3926,-131.36292,-0.22024095861470383,-131.36292
3927,121.79674,-0.022747709965948108,121.79674
3928,121.62938,0.011082233601910914,121.62938
3929,-120.3284,0.028947116532577758,-120.3284
3930,121.72606,-0.0032533863938138423,121.72606
3931,-120.4863,0.026044841499968798,-120.4863
3932,126.463875,-0.20456331006316247,126.463875
3933,126.81185,-0.03492849259882522,126.81185
3934,-120.33453,0.25698301542716023,-120.33453
3935,-120.65815,0.055605185255995795,-120.65815
3936,-120.521126,-0.011311195583658463,-120.521126
3937,121.521545,0.07308936591093314,121.521545
3938,-129.5914,0.09301717527373668,-129.5914
3939,124.48769,-0.003267120813464328,124.48769
3940,-127.35673,0.03386349872388843,-127.35673
3941,121.829636,0.07946662380771785,121.829636
3942,-120.705894,0.059365658372550735,-120.705894
3943,-124.73282,0.13099275912384317,-124.73282
3944,-130.39761,-0.2277831445051967,-130.39761
3945,-121.78967,0.14378965959643225,-121.78967
3946,-120.498924,0.03008332838596965,-120.498924
3947,124.45308,-0.06552182090730706,124.45308
3948,120.49638,0.08029105791316442,120.49638
3949,120.407715,0.11992100966565572,120.407715
3950,124.92423,-0.14373754226778376,124.92423
3951,131.51794,-0.06967385036487835,131.51794
3952,-129.06769,-0.0033286462281136935,-129.06769
3953,-124.225334,-0.11900044377142352,-124.225334
3954,-124.225334,-0.11992448267284457,-124.225334
3955,125.6294,0.0831159178033276,125.6294
3956,-129.53009,-0.06166912088521704,-129.53009
3957,-123.828896,0.02170266699109081,-123.828896
3958,-123.79451,-0.0036933091685926174,-123.79451
3959,-120.96609,0.0561710607828545,-120.96609
3960,122.12462,0.24707422926393516,122.12462
3961,127.68277,0.006419080775771539,127.68277
3962,127.92235,0.09657320581293308,127.92235
3963,127.714355,-0.025900284477945207,127.714355
3964,127.823616,-0.05032777989118148,127.823616
3965,127.98479,-0.12520301711428244,127.98479
3966,-126.976715,-0.005130651833392022,-126.976715
3967,127.86432,-0.022245626979603587,127.86432
3968,-121.18203,0.03700884849408653,-121.18203
3969,-120.45378,0.051888594319976306,-120.45378
3970,-120.718864,0.04397202832843052,-120.718864
3971,-128.16087,-0.14794913878195495,-128.16087
3972,122.25682,0.09736641293724374,122.25682
3973,-127.53711,0.008533595800983132,-127.53711
3974,124.523994,0.015412363939077378,124.523994
3975,-127.63215,0.1861866584613023,-127.63215
3976,131.14182,-0.013400962098021562,131.14182
3977,126.67289,0.025027423292478857,126.67289
3978,126.67289,0.025027423292478857,126.67289
3979,130.44783,-0.0008686980750379287,130.44783
3980,130.44783,-0.0008686980750379287,130.44783
3981,130.61609,-0.024088053180058324,130.61609
3982,130.61609,-0.024088053180058324,130.61609
3983,126.88582,-0.1106643724826083,126.88582
3984,126.559456,-0.1378188359290474,126.559456
3985,126.559456,-0.1378188359290474,126.559456
3986,-123.578316,-0.07154080287693933,-123.578316
3987,-123.48095,0.01980613941874705,-123.48095
3988,122.99912,-0.06831255470955844,122.99912
3989,122.41309,0.002045156748115746,122.41309
3990,122.56844,-0.05660512500182627,122.56844
3991,125.8403,0.08634272748669466,125.8403
3992,127.68572,0.09701155748116488,127.68572
3993,121.62095,-0.055147783541817846,121.62095
3994,121.62095,-0.030067631038785382,121.62095
3995,121.62095,-0.055147783541817846,121.62095
3996,133.04874,-0.1601414781433824,133.04874
3997,121.94117,-0.04536672865478503,121.94117
3998,122.294106,-0.05680248622929556,122.294106
3999,120.84031,0.09911231378869567,120.84031
4000,121.72867,-0.02196834527673347,121.72867
4001,120.60911,0.017368188887102513,120.60911
4002,-127.94557,-0.07083787192088842,-127.94557
4003,131.23799,0.030493916062533426,131.23799
4004,130.71857,-0.06071546163203171,130.71857
4005,123.69333,-0.19376695130517047,123.69333
4006,-124.052956,0.056493449782885556,-124.052956
4007,-124.052956,0.056493449782885556,-124.052956
4008,-124.25299,-0.006012493129880782,-124.25299
4009,-124.25299,-0.006012493129880782,-124.25299
4010,123.69333,-0.19376695130517047,123.69333
4011,-124.763535,-0.07370026273187161,-124.763535
4012,-128.89357,-0.2923231454050081,-128.89357
4013,121.710335,0.04820882615844797,121.710335
4014,121.70139,-0.0370243948576298,121.70139
4015,133.00327,-0.31299632859840815,133.00327
4016,133.00327,0.034107772038331916,133.00327
4017,121.819916,-0.012738840600190968,121.819916
4018,-129.49594,-0.003768681608179971,-129.49594
4019,121.796265,0.10321209501512157,121.796265
4020,-126.85056,-0.08471723924470051,-126.85056
4021,133.05554,-0.14995769183232843,133.05554
4022,-121.73312,0.14077227370287201,-121.73312
4023,-120.93268,0.030959250292798005,-120.93268
4024,132.6876,-0.3584860261297142,132.6876
4025,123.43097,0.16709129988869442,123.43097
4026,123.43097,0.16709129988869442,123.43097
4027,130.72261,-0.12828194781124153,130.72261
4028,121.7558,-0.010804098102433556,121.7558
4029,129.13573,-0.13149165735773843,129.13573
4030,-126.69246,0.07085931401511648,-126.69246
4031,-124.57103,0.013591027595309307,-124.57103
4032,129.58415,0.08182505035228527,129.58415
4033,127.67371,-0.24527869132544386,127.67371
4034,-126.83601,0.00015548304734926523,-126.83601
4035,-126.83601,0.00015548304734926523,-126.83601
4036,-126.85801,-0.1457869105329105,-126.85801
4037,130.14296,-0.1213838273514604,130.14296
4038,-126.781425,0.028813180244278088,-126.781425
4039,125.53651,-0.4446955925474126,125.53651
4040,124.56057,0.05773953085127404,124.56057
4041,121.12547,-0.07366968090827557,121.12547
4042,-120.932724,-0.0488917356816968,-120.932724
4043,134.602,-0.23539256035421544,134.602
4044,135.18147,-0.1712393040394207,135.18147
4045,126.95058,0.02337082843240909,126.95058
4046,126.94078,-0.11538185436890343,126.94078
4047,-124.569565,0.051320740794614635,-124.569565
4048,131.90675,-0.11560193752317985,131.90675
4049,124.29518,-0.11870206346310265,124.29518
4050,-126.7745,-0.05733571593916526,-126.7745
4051,-121.11056,0.002394484018179824,-121.11056
4052,-120.35041,0.15910474291802945,-120.35041
4053,-120.38695,0.14976767871561156,-120.38695
4054,126.137886,-0.01667435991731615,126.137886
4055,126.137886,-0.01667435991731615,126.137886
4056,-128.42021,0.1615339065474908,-128.42021
4057,122.62712,0.08550195145009754,122.62712
4058,-123.36723,0.3084511536618766,-123.36723
4059,123.25181,-0.13743148873976652,123.25181
4060,-124.28237,0.11698994272053655,-124.28237
4061,129.58691,-0.1547974602826149,129.58691
4062,129.1734,-0.16948473525273783,129.1734
4063,129.6111,-0.12538964872645292,129.6111
4064,125.95864,-0.19177632996760946,125.95864
4065,125.95864,-0.19177632996760946,125.95864
4066,135.60548,0.039504908459610966,135.60548
4067,-127.9476,-0.07429150466683547,-127.9476
4068,-120.32468,0.0671925370145469,-120.32468
4069,120.231026,-0.027276168179039422,120.231026
4070,121.707,0.002955849655206194,121.707
4071,-127.15623,0.25356137170140014,-127.15623
4072,-124.836365,0.3600983466653201,-124.836365
4073,121.82341,0.15423145402025593,121.82341
4074,-121.52001,0.003820197341274317,-121.52001
4075,-120.87577,0.0016420351252054966,-120.87577
4076,126.80833,0.034154044190137345,126.80833
4077,-121.71889,0.039775347473152714,-121.71889
4078,121.77614,-0.06290832893224033,121.77614
4079,121.77614,0.07062014420633786,121.77614
4080,-120.38555,0.16180203796000742,-120.38555
4081,126.811104,-0.11697839323164692,126.811104
4082,-131.37898,-0.16021905817685442,-131.37898
4083,-122.449165,0.01969556855379278,-122.449165
4084,-120.1227,0.1412002941035852,-120.1227
4085,-120.11573,0.08119834205846448,-120.11573
4086,-130.11566,0.07340915997612682,-130.11566
4087,129.36932,-0.18626729785427038,129.36932
4088,124.55144,0.03007221667640103,124.55144
4089,-127.42134,-0.005802972914637734,-127.42134
4090,121.363716,-0.016936693100497505,121.363716
4091,-132.49855,-0.0532632400529748,-132.49855
4092,-133.52824,-0.0535224307193397,-133.52824
4093,-124.62599,-0.02968792526353335,-124.62599
4094,126.32893,-0.05524365024210982,126.32893
4095,-126.66739,0.1977206374618134,-126.66739
4096,126.1103,0.07388381858903972,126.1103
4097,-127.66741,-0.07604091069090715,-127.66741
4098,122.077156,0.11972125081735156,122.077156
4099,127.17023,-0.0907802546439408,127.17023
4100,121.98114,0.08577100408243277,121.98114
4101,-121.25965,0.008683709966239562,-121.25965
4102,-126.85243,-0.05242250647334083,-126.85243
4103,-120.52328,0.06342234141049032,-120.52328
4104,-120.75036,0.05488346119994993,-120.75036
4105,-131.22215,-0.18013677526395358,-131.22215
4106,-124.64465,-0.03771573563473385,-124.64465
4107,-121.051834,0.013646313882984214,-121.051834
4108,-121.051834,0.013646313882984214,-121.051834
4109,121.07029,0.08932606335940223,121.07029
4110,121.07029,0.08932606335940223,121.07029
4111,126.90397,-0.1345012039571835,126.90397
4112,-127.51468,0.10510064210358461,-127.51468
4113,130.8335,-0.012232085844643078,130.8335
4114,-123.896675,-0.018498643240844985,-123.896675
4115,-127.30557,-0.02668918264768718,-127.30557
4116,129.50804,-0.42891447399904453,129.50804
4117,-129.7164,0.033533543680723185,-129.7164
4118,-129.7164,0.033533543680723185,-129.7164
4119,-122.206566,-0.014769641663469772,-122.206566
4120,-128.2364,0.20830761682002485,-128.2364
4121,-125.01084,-0.3087730976211947,-125.01084
4122,120.68221,0.06511854772198825,120.68221
4123,-120.98745,-0.002239164827325119,-120.98745
4124,-121.89514,0.0546947192583944,-121.89514
4125,-127.20133,0.2491009315254668,-127.20133
4126,121.51428,0.045113646622923026,121.51428
4127,-120.13106,0.09678212799409244,-120.13106
4128,-120.13106,0.10932929906688121,-120.13106
4129,124.88559,0.028140601773733318,124.88559
4130,124.82925,0.05544541173721376,124.82925
4131,127.812386,-0.19340797551792108,127.812386
4132,127.59748,0.1318103922891111,127.59748
4133,-124.905106,0.4601512634556201,-124.905106
4134,122.69584,0.11912160743465205,122.69584
4135,124.836685,-0.10781210076029628,124.836685
4136,121.78002,-0.09211258390495851,121.78002
4137,132.87434,-0.027123572766346613,132.87434
4138,-122.63804,0.03856540114431051,-122.63804
4139,124.69996,0.07959304778917867,124.69996
4140,-120.48503,0.12295586970727491,-120.48503
4141,121.743866,-0.03120832990691612,121.743866
4142,-120.90003,0.05381863617174936,-120.90003
4143,133.02086,-0.10186744846130583,133.02086
4144,-124.39977,-0.10666720108764938,-124.39977
4145,121.64594,-0.021654758761862496,121.64594
4146,121.64594,-0.02045326549370166,121.64594
4147,-126.120865,-0.26102834742106745,-126.120865
4148,-120.82771,-0.04815769961181073,-120.82771
4149,-120.82771,0.011519638480951005,-120.82771
4150,-120.82771,-0.04815769961181073,-120.82771
4151,-128.91681,0.057060290839688194,-128.91681
4152,-129.1247,0.06463964308692763,-129.1247
4153,120.82565,0.013599952093289704,120.82565
4154,120.82565,0.12399784476713632,120.82565
4155,125.70904,0.037585164063679,125.70904
4156,122.16469,0.09388373846623718,122.16469
4157,-122.17543,0.16345327289372716,-122.17543
4158,-127.3372,0.007680427304939143,-127.3372
4159,-127.875,0.2044705936026402,-127.875
4160,-127.875,0.2044705936026402,-127.875
4161,-134.4458,-0.1289277472926951,-134.4458
4162,121.81619,-0.05609571678519876,121.81619
4163,128.11832,-0.2840697450475086,128.11832
4164,127.53425,-0.1761614440162197,127.53425
4165,-126.29851,0.22006563404566834,-126.29851
4166,121.70927,-0.031667214868539934,121.70927
4167,121.70927,-0.004269886499109087,121.70927
4168,121.70927,-0.031667214868539934,121.70927
4169,121.70927,-0.031667214868539934,121.70927
4170,121.70927,-0.004269886499109087,121.70927
4171,121.70927,-0.004269886499109087,121.70927
4172,-128.7951,-0.06408963786528937,-128.7951
4173,-121.665764,0.2304257826804251,-121.665764
4174,124.256096,-0.06805627051988924,124.256096
4175,121.6407,-0.06804855262751439,121.6407
4176,121.6407,-0.06804855262751439,121.6407
4177,121.6407,-0.06804855262751439,121.6407
4178,121.6407,-0.06804855262751439,121.6407
4179,121.89269,-0.018039687113930038,121.89269
4180,121.825554,0.008649302953445672,121.825554
4181,121.31346,0.06885251822695938,121.31346
4182,130.2551,-0.47993798501796936,130.2551
4183,130.2551,-0.47993798501796936,130.2551
4184,-125.17268,0.10923419096994962,-125.17268
4185,121.851685,0.0587719116109601,121.851685
4186,133.24571,-0.3836679274980318,133.24571
4187,133.22104,-0.0908596530752638,133.22104
4188,133.17903,0.03919917132383687,133.17903
4189,121.730606,-0.030318549031632645,121.730606
4190,121.631676,0.03372862395603902,121.631676
4191,132.91951,0.1237167345007989,132.91951
4192,-127.35458,0.08041659630212526,-127.35458
4193,-123.407524,0.2668619676315869,-123.407524
4194,123.43588,0.001286127710009988,123.43588
4195,121.62329,0.022877785137605848,121.62329
4196,-126.86256,-0.008775570381704336,-126.86256
4197,126.84783,-0.007024130802411205,126.84783
4198,-130.49211,-0.1350112592319454,-130.49211
4199,-126.85271,0.014821013195874583,-126.85271
4200,-126.85271,0.014821013195874583,-126.85271
4201,-120.37707,0.031069768553053094,-120.37707
4202,-129.04224,-0.17134931123491515,-129.04224
4203,-127.83167,0.11453814765243567,-127.83167
4204,-120.855606,0.016897214651057868,-120.855606
4205,120.868904,0.13142897081657107,120.868904
4206,125.236374,-0.08034905105996744,125.236374
4207,-126.88364,0.07393077208448989,-126.88364
4208,-125.25935,0.09764683447691537,-125.25935
4209,-134.67021,0.158287696801368,-134.67021
4210,-121.376625,-0.041640866123469664,-121.376625
4211,130.31052,0.002559089820514085,130.31052
4212,-120.3501,0.056657326652749106,-120.3501
4213,-126.66219,0.2125484569755518,-126.66219
4214,121.95233,0.033819943927712676,121.95233
4215,121.99601,0.007957699435873334,121.99601
4216,-128.7995,0.0372848600014833,-128.7995
4217,-128.7958,0.15241016389583917,-128.7958
4218,-124.66525,0.050544553172770394,-124.66525
4219,130.10687,-0.3168005101887111,130.10687
4220,-133.15033,0.03395077234384771,-133.15033
4221,126.28014,0.0840848968466704,126.28014
4222,129.17053,-0.1098628264588218,129.17053
4223,129.39998,-0.26447537686645856,129.39998
4224,130.10753,-0.12008303173234842,130.10753
4225,-136.85794,-0.08409989986697082,-136.85794
4226,-136.84258,0.19999025098972265,-136.84258
4227,126.80883,0.1037561141865398,126.80883
4228,121.73426,-0.04582458103793075,121.73426
4229,-120.512115,0.20229806412034082,-120.512115
4230,-124.28452,-0.015511533801464774,-124.28452
4231,125.93749,-0.13961001226758363,125.93749
4232,124.86419,-0.17799009539336896,124.86419
4233,121.84612,-0.00624842182338649,121.84612
4234,-126.24511,0.08415794665767558,-126.24511
4235,124.3945,-0.17635731132436425,124.3945
4236,-123.400856,0.21942860710113493,-123.400856
4237,127.773796,-0.2572411702132286,127.773796
4238,-125.223885,0.2770540770789767,-125.223885
4239,-127.53654,0.03586484825527714,-127.53654
4240,-129.28897,-0.04560830268419944,-129.28897
4241,130.56079,-0.14774672768576783,130.56079
4242,124.58222,0.054259231683358396,124.58222
4243,-128.29529,0.12961548541788387,-128.29529
4244,121.74505,0.01751055300117183,121.74505
4245,-126.83495,0.06758042432644368,-126.83495
4246,-121.13299,-0.024035373169472338,-121.13299
4247,-131.0201,-0.05954170639030698,-131.0201
4248,-128.83018,-0.241861910271722,-128.83018
4249,-124.46384,0.10050092108955291,-124.46384
4250,124.80496,-0.24409595112817908,124.80496
4251,-124.49688,0.10243725274038863,-124.49688
4252,130.77733,0.08340313360694887,130.77733
4253,124.407074,0.04092349195153209,124.407074
4254,-128.11752,-0.14774776433901862,-128.11752
4255,-126.269646,-0.09675649121778813,-126.269646
4256,128.3829,-0.08108171321157381,128.3829
4257,126.60534,-0.10520846474054228,126.60534
4258,131.7749,-0.05260853542999472,131.7749
4259,126.64977,-0.15819266488835168,126.64977
4260,127.64909,-0.17908514845274717,127.64909
4261,126.613235,-0.14638369049184558,126.613235
4262,-127.169945,0.4417444765072358,-127.169945
4263,-126.72798,-0.21095696472427267,-126.72798
4264,121.63828,0.04590458184005343,121.63828
4265,121.61836,0.10184897020223499,121.61836
4266,121.38327,0.06066862170366313,121.38327
4267,-129.01329,-0.11361072832235085,-129.01329
4268,-129.01329,-0.017313802666063888,-129.01329
4269,-129.01329,-0.11649620501149088,-129.01329
4270,-123.750404,0.13236535535638216,-123.750404
4271,-126.06198,0.1246619000534951,-126.06198
4272,-124.92373,0.36597690551753365,-124.92373
4273,129.40118,-0.4060289915445347,129.40118
4274,129.55997,-0.23765967572475624,129.55997
4275,131.40065,-0.14416644561083994,131.40065
4276,120.97832,0.18662298373520536,120.97832
4277,-125.11606,0.10950410395427382,-125.11606
4278,-128.78983,0.070955492005919,-128.78983
4279,-128.78983,0.070955492005919,-128.78983
4280,-128.76003,-0.2678024196574097,-128.76003
4281,124.79333,0.05731659576408692,124.79333
4282,124.358505,0.1313665065571047,124.358505
4283,-124.48266,0.038991221458856654,-124.48266
4284,120.16607,0.09023027330066449,120.16607
4285,120.54704,0.09954852788961893,120.54704
4286,132.93967,0.04349400762813809,132.93967
4287,-120.819275,-0.0008834269717158787,-120.819275
4288,-124.38663,0.12039330333274331,-124.38663
4289,127.87517,-0.020028532606636337,127.87517
4290,-121.90269,-0.02483947350074921,-121.90269
4291,-120.21478,0.07582468473277107,-120.21478
4292,128.08531,0.24735430277535458,128.08531
4293,126.649345,0.009741875161065483,126.649345
4294,127.85442,-0.1346152778624756,127.85442
4295,-132.15144,-0.188697171566552,-132.15144
4296,128.7524,-0.02481433345533775,128.7524
4297,-120.68905,0.1017622089686864,-120.68905
4298,122.644966,0.038463950520495074,122.644966
4299,-120.73426,0.03475300483038293,-120.73426
4300,-128.71802,0.10059097426538047,-128.71802
4301,132.79593,0.013179429354866356,132.79593
4302,121.8498,0.021895035528973882,121.8498
4303,-125.23571,0.11401645122225036,-125.23571
4304,-128.07376,-0.06311532347554995,-128.07376
4305,123.529335,0.1103569055735789,123.529335
4306,133.00404,-0.15074638742285063,133.00404
4307,-120.35085,0.07179911556533447,-120.35085
4308,-120.50773,0.13030616223830163,-120.50773
4309,121.62059,-0.0578008577223547,121.62059
4310,-121.50342,0.14664593415762256,-121.50342
4311,-120.63131,0.04681421081672133,-120.63131
4312,-120.25389,0.1046934660729902,-120.25389
4313,-120.25389,0.1046934660729902,-120.25389
4314,-120.86612,-0.08769131385015791,-120.86612
4315,-121.0453,-0.006689261516917496,-121.0453
4316,126.92825,-0.050700798102043025,126.92825
4317,125.67471,-0.06534581635066185,125.67471
4318,133.18492,0.0022559762048155753,133.18492
4319,-129.03476,0.01135463198144707,-129.03476
4320,133.176,-0.28928584552334397,133.176
4321,123.68536,-0.0286031839847771,123.68536
4322,-120.7476,0.047221233409431976,-120.7476
4323,-132.17938,-0.14405710308854733,-132.17938
4324,132.07753,-0.15260169570760418,132.07753
4325,-120.473,0.09231582020690136,-120.473
4326,-125.22719,0.06629183993271796,-125.22719
4327,-125.22719,0.06629183993271796,-125.22719
4328,126.75071,0.27292764601709857,126.75071
4329,126.75071,0.27292764601709857,126.75071
4330,-129.10573,-0.15112858005474214,-129.10573
4331,-128.98564,-0.05924055033625472,-128.98564
4332,130.82854,-0.5488766962433757,130.82854
4333,-128.92953,0.08133770465564144,-128.92953
4334,-120.930885,-0.04410368422949591,-120.930885
4335,-120.930885,-0.00749873207523885,-120.930885
4336,-121.36989,0.07947969891745496,-121.36989
4337,-124.1075,0.05084785856478518,-124.1075
4338,-120.989586,0.036953655402157025,-120.989586
4339,121.74907,-0.037521131810713246,121.74907
4340,-128.85526,0.06691239166701773,-128.85526
4341,131.85951,-0.18084815524123743,131.85951
4342,131.85951,-0.18084815524123743,131.85951
4343,131.85951,-0.18084815524123743,131.85951
4344,-128.94461,-0.23542922807564962,-128.94461
4345,127.24195,-0.05500952750350885,127.24195
4346,121.9109,0.004106843195186862,121.9109
4347,130.49236,-0.1966930406711509,130.49236
4348,-120.76015,0.08983227716578646,-120.76015
4349,127.72994,-0.001465269575409823,127.72994
4350,131.62671,-0.4236932250117821,131.62671
4351,-126.8964,-0.25826349275411575,-126.8964
4352,124.56127,-0.10895848569733756,124.56127
4353,-132.7044,-0.11203991135162115,-132.7044
4354,-124.380486,0.062324880469299654,-124.380486
4355,-121.840096,0.10737071150469434,-121.840096
4356,121.80439,-0.04142371357653898,121.80439
4357,-127.016754,0.13247509279462966,-127.016754
4358,131.44539,-0.11007980965269659,131.44539
4359,128.19215,-0.10246241950910455,128.19215
4360,128.19215,-0.10246241950910455,128.19215
4361,128.19215,-0.10246241950910455,128.19215
4362,129.58507,-0.4041235988876008,129.58507
4363,123.91939,0.07610194454878853,123.91939
4364,120.78977,0.14479002777148314,120.78977
4365,-120.64933,0.10514637971831375,-120.64933
4366,121.76393,-0.05468761869499498,121.76393
4367,-133.54846,-0.16560920605207136,-133.54846
4368,-120.22552,0.0500163917528395,-120.22552
4369,121.55703,0.056837285260022005,121.55703
4370,126.75404,-0.1343473270029624,126.75404
4371,129.56653,-0.11374000558260776,129.56653
4372,129.81735,-0.041743329264195904,129.81735
4373,-121.18914,0.0002426962444256101,-121.18914
4374,-120.38344,0.10672943896178634,-120.38344
4375,-120.03186,0.18670198170640243,-120.03186
4376,-127.545296,-0.04136716222568193,-127.545296
4377,122.59203,-0.007052286852360164,122.59203
4378,-120.56062,0.008454905219860462,-120.56062
4379,127.29538,-0.041474562497782155,127.29538
4380,-131.4052,-0.04034087321034319,-131.4052
4381,-120.83804,0.04884950299160225,-120.83804
4382,-123.676254,-0.052064563730432674,-123.676254
4383,-124.01669,0.1486299696434146,-124.01669
4384,126.58465,-0.2227295802406123,126.58465
4385,-125.13562,-0.0528318139955584,-125.13562
4386,126.86041,-0.2725609845071815,126.86041
4387,126.27325,-0.4369192310836658,126.27325
4388,128.54828,-0.02932395731100904,128.54828
4389,121.51815,0.045747358427488165,121.51815
4390,-121.834435,0.07514241383379609,-121.834435
4391,-124.84422,0.20065690173399878,-124.84422
4392,141.76468,-0.22357215867024924,141.76468
4393,120.981926,0.07264150544436485,120.981926
4394,-125.013336,0.17052462844450386,-125.013336
4395,124.78805,-0.013655967740461869,124.78805
4396,126.07403,-0.06971111455084872,126.07403
4397,-120.74931,0.03524615274114189,-120.74931
4398,-121.73652,0.10519570385525753,-121.73652
4399,131.17772,-0.1440889582415674,131.17772
4400,131.17772,-0.1440889582415674,131.17772
4401,-124.08939,0.06187504710270888,-124.08939
4402,-124.08939,0.06187504710270888,-124.08939
4403,-127.478874,0.2627708026225572,-127.478874
4404,-127.53698,-0.15732268793084023,-127.53698
4405,-127.93287,0.09947736523635962,-127.93287
4406,-121.80223,0.03826227646352021,-121.80223
4407,127.860016,-0.16718176951585967,127.860016
4408,-120.25378,0.08831198337045483,-120.25378
4409,-120.10857,0.09093116304546497,-120.10857
4410,121.659164,0.023615827688709103,121.659164
4411,-131.66656,-0.24262562478753652,-131.66656
4412,132.86436,-0.036598641352197786,132.86436
4413,126.438896,0.00114227731136771,126.438896
4414,-127.032524,-0.08071540177151655,-127.032524
4415,-120.83159,-0.0012907698509957918,-120.83159
4416,133.38023,-0.07749379589686234,133.38023
4417,121.45258,0.0398468545639479,121.45258
4418,-128.35707,-0.09287200260285947,-128.35707
4419,-128.35707,-0.09287200260285947,-128.35707
4420,127.456375,0.11538164301421754,127.456375
4421,127.3304,-0.0019125253601640245,127.3304
4422,126.81899,-0.008746151729092268,126.81899
4423,123.875694,0.021549015911412173,123.875694
4424,123.875694,0.021549015911412173,123.875694
4425,-124.41019,-0.12253713772017494,-124.41019
4426,-124.41019,-0.12253713772017494,-124.41019
4427,126.77159,0.5129883173705216,126.77159
4428,126.77159,0.5129883173705216,126.77159
4429,-128.48854,-0.22154589851163972,-128.48854
4430,-128.48854,-0.22154589851163972,-128.48854
4431,126.5146,-0.11966473213469167,126.5146
4432,126.46112,0.0916707237320422,126.46112
4433,129.04749,0.04863503835346439,129.04749
4434,-124.838844,0.01813616259134672,-124.838844
4435,-125.07284,-0.07375627978160423,-125.07284
4436,-126.80874,-0.011513148117405884,-126.80874
4437,124.747345,-0.24266820822291904,124.747345
4438,124.79273,-0.12638271067297294,124.79273
4439,-126.49493,-0.07737323788771501,-126.49493
4440,-126.94903,0.033444511045232925,-126.94903
4441,-121.58342,0.16406091048240928,-121.58342
4442,-120.36619,0.04400456359895599,-120.36619
4443,119.58096,-0.1036624655939173,119.58096
4444,128.66727,-0.061380189509681375,128.66727
4445,127.749855,-0.32002920360238474,127.749855
4446,-120.209435,0.056152408514128074,-120.209435
4447,-120.209435,0.056152408514128074,-120.209435
4448,120.474075,0.08829695174646478,120.474075
4449,-119.91718,0.13468962696597123,-119.91718
4450,-128.48291,0.12877498561106954,-128.48291
4451,123.65572,-0.0006736914100808837,123.65572
4452,130.94772,0.057849065743180494,130.94772
4453,-120.421715,0.10014911671070277,-120.421715
4454,-128.94388,-0.06750951347853225,-128.94388
4455,130.84836,-0.24117024464281517,130.84836
4456,-127.18109,0.21672536410196286,-127.18109
4457,128.12701,-0.16672822661207942,128.12701
4458,-124.48174,0.17570442827232408,-124.48174
4459,-127.353676,-0.23935822367068654,-127.353676
4460,125.12822,0.060144702503333966,125.12822
4461,-130.42595,0.0011330296668129883,-130.42595
4462,-124.413345,0.10557314173761892,-124.413345
4463,-120.86745,-0.006338618015678782,-120.86745
4464,-127.40731,0.02218532741828678,-127.40731
4465,-127.40731,0.02218532741828678,-127.40731
4466,130.8883,0.003087607415239264,130.8883
4467,127.990746,0.06961450571131826,127.990746
4468,130.83669,-0.04152919711072928,130.83669
4469,130.8883,0.003087607415239264,130.8883
4470,130.83669,-0.04152919711072928,130.83669
4471,124.465,0.010249564897312893,124.465
4472,-124.504616,0.09880123481139183,-124.504616
4473,131.03307,-0.2814242429131448,131.03307
4474,121.911644,-0.12438492272011745,121.911644
4475,-120.98579,-0.009385713527271253,-120.98579
4476,128.80629,-0.041235454688223754,128.80629
4477,-128.80615,0.010427341154998784,-128.80615
4478,-120.239296,0.3686654205204954,-120.239296
4479,124.40539,-0.056951288790579986,124.40539
4480,-120.64952,-0.018693908490571096,-120.64952
4481,-125.12211,-0.0044832465820353745,-125.12211
4482,-127.13106,0.2609507090892502,-127.13106
4483,128.11516,-0.19269123516214157,128.11516
4484,-123.05612,0.01662538833359744,-123.05612
4485,-123.05612,0.01662538833359744,-123.05612
4486,-121.25422,0.033799650766946014,-121.25422
4487,-128.34457,0.1769485406710551,-128.34457
4488,-130.11678,0.0018881575290669523,-130.11678
4489,-132.69456,0.16328800672895163,-132.69456
4490,131.41402,-0.15618569432413926,131.41402
4491,126.72002,-0.09805385420377094,126.72002
4492,121.59495,-0.1248218367734465,121.59495
4493,-120.445595,0.008946736632942877,-120.445595
4494,131.67754,-0.09668939646353092,131.67754
4495,131.67754,-0.16900896447603597,131.67754
4496,-125.79809,-0.0734146811099823,-125.79809
4497,132.64305,0.0004673684201930503,132.64305
4498,126.139465,0.2355093067341288,126.139465
4499,-126.13959,-0.03484701525708524,-126.13959
4500,121.640396,0.026900013531927322,121.640396
4501,130.69456,-0.17352070241779782,130.69456
4502,130.69456,-0.17352070241779782,130.69456
4503,129.54327,-0.05046702300168077,129.54327
4504,-124.28985,0.19327694186337713,-124.28985
4505,-121.60411,0.07329928380453703,-121.60411
4506,-120.51491,0.046722218501930285,-120.51491
4507,124.558754,-0.029198958444482954,124.558754
4508,120.985664,-0.042241697687769385,120.985664
4509,-121.0318,0.007756546728430664,-121.0318
4510,-129.10832,0.06530706714156857,-129.10832
4511,-124.890564,-0.04935482483126853,-124.890564
4512,124.87759,-0.13587829006860275,124.87759
4513,130.00073,-0.13361458650648597,130.00073
4514,130.00073,-0.1805066127971589,130.00073
4515,-121.048164,0.022654007545355296,-121.048164
4516,-128.63393,-0.35700291907970333,-128.63393
4517,-120.75431,0.03391232026947949,-120.75431
4518,-128.79651,-0.03826993740443581,-128.79651
4519,-128.83253,-0.0137434374207482,-128.83253
4520,-133.6267,0.17104541514902089,-133.6267
4521,133.68687,-0.2200084070382765,133.68687
4522,-124.142334,-0.06599976664423884,-124.142334
4523,-124.92142,0.3819693198352593,-124.92142
4524,121.67356,-0.04295536621146133,121.67356
4525,121.65356,-0.030082781350338293,121.65356
4526,-124.48984,-0.02558020706664345,-124.48984
4527,120.52023,0.1156296889570476,120.52023
4528,127.58442,0.07441067169258228,127.58442
4529,-126.05371,0.2170084555878363,-126.05371
4530,-120.814705,-0.0865832549411919,-120.814705
4531,126.60047,-0.05183540700898262,126.60047
4532,135.2427,-0.31642723254094673,135.2427
4533,-123.503525,-0.04702351856897786,-123.503525
4534,-124.642204,0.10210814608229338,-124.642204
4535,-120.97144,0.08726634330522329,-120.97144
4536,125.93915,-0.11425945823196504,125.93915
4537,124.49492,-0.05938513435639974,124.49492
4538,-120.198105,0.045080298107113594,-120.198105
4539,128.35474,-0.33636939416349493,128.35474
4540,-126.760376,-0.00983116502935407,-126.760376
4541,-126.760376,-0.00983116502935407,-126.760376
4542,125.24084,0.004185566084617251,125.24084
4543,125.24084,0.004185566084617251,125.24084
4544,143.98628,-0.3605383681093509,143.98628
4545,-123.989174,0.021900735647883616,-123.989174
4546,127.916275,-0.08776166448891709,127.916275
4547,126.34538,-0.048848065986130465,126.34538
4548,-126.339424,0.011596707326131526,-126.339424
4549,-128.22409,-0.18639839305759842,-128.22409
4550,-126.339775,-0.03905910736501604,-126.339775
4551,-120.53168,0.04220018944254346,-120.53168
4552,132.66954,-0.03980414187744869,132.66954
4553,-125.84708,-0.046310160531181914,-125.84708
4554,121.63907,-0.036117482345006224,121.63907
4555,127.310356,-0.03407899806406743,127.310356
4556,121.92662,0.017935096437653456,121.92662
4557,-127.27173,-0.27488143441499285,-127.27173
4558,124.68223,0.045373614560919644,124.68223
4559,135.68542,-0.16832960298433072,135.68542
4560,125.348114,-0.25171609407615153,125.348114
4561,135.48451,-0.10508639715600523,135.48451
4562,-124.019356,0.31743061271707734,-124.019356
4563,121.316,0.21890179604166266,121.316
4564,-121.23504,0.011674684431127149,-121.23504
4565,-120.59967,0.01810546623226678,-120.59967
4566,-128.67868,0.08717653975910288,-128.67868
4567,133.2921,0.1999309608483584,133.2921
4568,-124.50827,-0.10505213236997132,-124.50827
4569,-126.839905,0.07543540674188963,-126.839905
4570,129.18298,-0.0909848568932643,129.18298
4571,127.63152,-0.05134211953548769,127.63152
4572,125.87838,0.0025413401413271423,125.87838
4573,125.76735,-0.15062616675714374,125.76735
4574,-126.86015,0.271968911949718,-126.86015
4575,127.263855,-0.12398902492471271,127.263855
4576,-120.40433,-0.023549213192849545,-120.40433
4577,119.57937,0.19397021681378485,119.57937
4578,121.561775,-0.012346373543947648,121.561775
4579,121.356804,-0.03599386965425954,121.356804
4580,123.36337,-0.2116564584111786,123.36337
4581,-119.93903,-0.08969453833530769,-119.93903
4582,132.7011,-0.16516883875619234,132.7011
4583,135.64117,-0.25340457878045236,135.64117
4584,135.5139,-0.027482278379354706,135.5139
4585,-124.828,-0.038302020511410365,-124.828
4586,-130.33073,-0.0759964866835286,-130.33073
4587,-130.50241,-0.08985086281554597,-130.50241
4588,-128.87804,-0.0014906524042196216,-128.87804
4589,-128.62125,0.24496986069132784,-128.62125
4590,-120.66374,0.07336572293794011,-120.66374
4591,-120.96727,-0.04858178816979825,-120.96727
4592,121.56562,0.00046153216369073345,121.56562
4593,-120.44313,0.053394481203035964,-120.44313
4594,121.603455,0.09839929956045405,121.603455
4595,133.21754,-0.27704612685859364,133.21754
4596,-126.04228,-0.10785291213738123,-126.04228
4597,-129.282,0.07694078219543961,-129.282
4598,130.38628,-0.06093110701456492,130.38628
4599,127.991745,-0.19594131926422292,127.991745
4600,122.66979,0.05289429565314784,122.66979
4601,-132.8945,-0.029099483387026958,-132.8945
4602,128.9994,-0.18215331439346535,128.9994
4603,130.7244,0.04511807573839742,130.7244
4604,130.7244,0.04511807573839742,130.7244
4605,-128.1421,0.1240772495070425,-128.1421
4606,-129.06926,0.14731379553033963,-129.06926
4607,-124.34642,0.22512396557780398,-124.34642
4608,127.69618,-0.1743994495538476,127.69618
4609,126.62595,-0.15202430379567647,126.62595
4610,-127.217224,-0.01877597785075606,-127.217224
4611,126.50108,-0.06048109820671177,126.50108
4612,-128.95895,-0.13731957637955802,-128.95895
4613,-128.95895,-0.1166872907750706,-128.95895
4614,-128.95895,-0.1166872907750706,-128.95895
4615,-120.58345,0.09954186483303507,-120.58345
4616,133.27823,-0.31750476920576287,133.27823
4617,133.27823,-0.06281421625842673,133.27823
4618,133.27823,-0.3819925464173016,133.27823
4619,-124.395294,0.1750537330342741,-124.395294
4620,121.60018,-0.03145886195448118,121.60018
4621,121.60018,-0.03145886195448118,121.60018
4622,120.54153,0.13054753492647422,120.54153
4623,-129.12553,0.24218615904199012,-129.12553
4624,-124.57896,0.16173014576087377,-124.57896
4625,121.69244,-0.1298183301981694,121.69244
4626,-124.769714,0.14969566267489415,-124.769714
4627,120.51527,0.21361871127120774,120.51527
4628,-123.77425,0.18325204651791244,-123.77425
4629,125.39122,-0.04934220063303536,125.39122
4630,125.92068,0.12274182473706091,125.92068
4631,126.341156,-0.07202307146934303,126.341156
4632,-129.40047,-0.16790029530872144,-129.40047
4633,-129.40047,-0.16790029530872144,-129.40047
4634,-129.40047,-0.16790029530872144,-129.40047
4635,-126.97497,0.1226273034059053,-126.97497
4636,-126.97497,0.1226273034059053,-126.97497
4637,-126.750725,0.038395922394507835,-126.750725
4638,-126.86157,-0.06837215534295638,-126.86157
4639,-126.70055,-0.028010541304732687,-126.70055
4640,-126.809074,0.19052774969704778,-126.809074
4641,125.16341,-0.2562576998169228,125.16341
4642,-120.74778,-0.06572373380844906,-120.74778
4643,130.45961,-0.2822176697342421,130.45961
4644,-120.412704,0.043460782813104004,-120.412704
4645,121.48791,0.08426852716150594,121.48791
4646,-124.40448,-0.14082734544642686,-124.40448
4647,-124.40448,-0.14082734544642686,-124.40448
4648,124.41242,0.3923470685892437,124.41242
4649,124.41242,0.3923470685892437,124.41242
4650,127.604004,0.08788439785358752,127.604004
4651,-131.28177,-0.04774870246968716,-131.28177
4652,-120.146126,0.054258288540496025,-120.146126
4653,-124.45069,0.16699523763636454,-124.45069
4654,-130.66812,0.03136718126886302,-130.66812
4655,120.50791,0.10763389252751164,120.50791
4656,-123.92344,-0.14702506662158218,-123.92344
4657,-120.52808,-0.025334805725087606,-120.52808
4658,121.61056,0.08470487239211155,121.61056
4659,-120.71734,0.04219577884770222,-120.71734
4660,126.24127,0.07822126190532624,126.24127
4661,-123.87587,0.3459050098644754,-123.87587
4662,127.78166,-0.11938471992360192,127.78166
4663,120.42263,0.06618650942687375,120.42263
4664,-127.57618,0.03855877725423748,-127.57618
4665,121.74969,0.014011650008956112,121.74969
4666,121.74969,0.014011650008956112,121.74969
4667,-133.76056,-0.34100404749672963,-133.76056
4668,-132.13577,-0.09458507559848525,-132.13577
4669,-120.0474,0.018781631056490368,-120.0474
4670,-120.47405,0.08548474711857973,-120.47405
4671,128.95345,-0.14310521791604894,128.95345
4672,-128.86702,-0.2196758977101661,-128.86702
4673,-128.85445,0.2737346746513282,-128.85445
4674,128.29646,-0.10108480964277315,128.29646
4675,-132.03172,0.06659822925936837,-132.03172
4676,-135.53482,0.16160967619763184,-135.53482
4677,127.47913,-0.04143966759958579,127.47913
4678,121.967834,0.17451071633532364,121.967834
4679,-120.56929,0.083155023666537,-120.56929
4680,-120.80023,0.02529928191651957,-120.80023
4681,131.71626,-0.23612569285779178,131.71626
4682,121.666306,-0.012571375469087848,121.666306
4683,-120.71249,0.04117570685000184,-120.71249
4684,-122.65292,-0.12779498518403187,-122.65292
4685,-131.75903,0.10515319188157622,-131.75903
4686,-128.84215,0.13099845089613096,-128.84215
4687,-121.12625,0.06037667433263491,-121.12625
4688,-120.22385,0.1793593085506364,-120.22385
4689,121.61902,0.11603933563330995,121.61902
4690,121.61902,0.11603933563330995,121.61902
4691,121.668304,-0.08955136501580263,121.668304
4692,-120.74439,0.0663959029516189,-120.74439
4693,-120.29965,0.10518356650046891,-120.29965
4694,-128.78465,0.13770903400831888,-128.78465
4695,131.82625,-0.07273913669797043,131.82625
4696,-120.7029,0.08268677819209756,-120.7029
4697,-120.7029,0.08255549247151737,-120.7029
4698,-120.7029,0.08268677819209756,-120.7029
4699,-120.7029,0.1079915119458078,-120.7029
4700,125.62378,0.05579156782343055,125.62378
4701,-128.87234,0.04443681628424105,-128.87234
4702,-128.87234,0.04443681628424105,-128.87234
4703,-128.87234,-0.36037672480553196,-128.87234
4704,-120.910126,0.1215768465626513,-120.910126
4705,-120.96582,0.11614793277447405,-120.96582
4706,-120.68591,-0.051820093747272214,-120.68591
4707,121.62239,-0.08094782744607866,121.62239
4708,121.62239,-0.13665566394416165,121.62239
4709,-121.89934,0.13684312357204928,-121.89934
4710,-122.28814,0.12034895742084643,-122.28814
4711,132.31429,-0.4083904468452094,132.31429
4712,-130.17276,-0.025278971483295123,-130.17276
4713,-130.17276,-0.013746177900478503,-130.17276
4714,-130.17276,-0.025278971483295123,-130.17276
4715,-121.15826,0.053900562328272894,-121.15826
4716,132.09055,-0.37042864032931666,132.09055
4717,136.67534,0.05760995831134179,136.67534
4718,133.3718,-0.20475297227875544,133.3718
4719,121.71026,-0.10590053810599058,121.71026
4720,121.70202,-0.13615720894040445,121.70202
4721,121.655655,-0.05149370497707517,121.655655
4722,121.7247,-0.10539895925886282,121.7247
4723,121.74212,-0.21611514465554946,121.74212
4724,121.8538,-0.11196701963513235,121.8538
4725,121.94551,-0.031431812734822526,121.94551
4726,133.4583,-0.15409068107025226,133.4583
4727,121.75959,-0.1045319660424042,121.75959
4728,-125.71901,0.03985140343813384,-125.71901
4729,-133.3848,-0.2316576201844882,-133.3848
4730,-124.43752,0.02333929093196943,-124.43752
4731,128.66498,-0.06262633856675064,128.66498
4732,128.9516,-0.12006371630825403,128.9516
4733,127.78032,-0.18872785706630557,127.78032
4734,121.975204,-0.06771772592561333,121.975204
4735,-124.8861,0.3470038997534158,-124.8861
4736,-135.86032,0.18228157864405753,-135.86032
4737,-130.03418,0.2107192493942388,-130.03418
4738,134.33723,-0.32164565375170207,134.33723
4739,121.600266,0.02667184162741498,121.600266
4740,-126.626,-0.031979800392201996,-126.626
4741,-126.67528,0.07248371590065404,-126.67528
4742,127.39292,0.015125271429291364,127.39292
4743,-122.29321,-0.05724242228021611,-122.29321
4744,-126.7143,0.12013174270150702,-126.7143
4745,-132.89702,0.08823409805044521,-132.89702
4746,-124.49032,-0.012627504755129682,-124.49032
4747,-129.78943,-0.2379337306502895,-129.78943
4748,-128.33751,0.08393447426306769,-128.33751
4749,-120.76917,-0.0798620511504067,-120.76917
4750,-121.14114,0.04587185712327596,-121.14114
4751,-130.32092,-0.07033396012413068,-130.32092
4752,127.487206,-0.06286359372929655,127.487206
4753,121.97381,-0.04405379487260373,121.97381
4754,127.61206,-0.02331749840135994,127.61206
4755,-123.8739,-0.02832848376666025,-123.8739
4756,-125.4906,0.3859350885995433,-125.4906
4757,-129.03915,-0.006716207506622342,-129.03915
4758,-129.12996,0.09077347392339191,-129.12996
4759,-122.24649,0.10408846222983395,-122.24649
4760,-130.7614,0.19747287412793857,-130.7614
4761,125.851944,-0.07815506132960234,125.851944
4762,131.47327,-0.2744934629299758,131.47327
4763,-128.18826,0.0007581444678579829,-128.18826
4764,121.80765,-0.07445471074527513,121.80765
4765,123.785225,-0.0010885672174036137,123.785225
4766,-120.57663,0.003412628747225155,-120.57663
4767,-120.588745,0.08754319406235865,-120.588745
4768,120.15775,0.007516295975300834,120.15775
4769,-120.007164,0.09409841703847048,-120.007164
4770,129.42355,-0.18940369391372402,129.42355
4771,123.21491,-0.048744502166609666,123.21491
4772,121.73614,-0.004701829229889695,121.73614
4773,136.38503,-0.08016076228989281,136.38503
4774,125.10588,-0.10552038768784783,125.10588
4775,-120.83232,0.07156300699383479,-120.83232
4776,-120.165276,0.03575847982547466,-120.165276
4777,132.88101,0.06539277208942498,132.88101
4778,121.8411,-0.01380915704441864,121.8411
4779,-128.90111,-0.06333937711065132,-128.90111
4780,121.19467,-0.07824667831128904,121.19467
4781,-128.8225,-0.07183989260605347,-128.8225
4782,-128.8225,-0.07183989260605347,-128.8225
4783,121.58025,-0.05353493548986875,121.58025
4784,120.753426,-0.021998681261395873,120.753426
4785,-125.68041,0.10959812416939367,-125.68041
4786,-128.28452,-0.032412434609341484,-128.28452
4787,-120.69433,0.09885484368257719,-120.69433
4788,-129.19708,-0.055619235540272975,-129.19708
4789,-127.426575,0.042150714484182845,-127.426575
4790,-129.0233,-0.1403968903975142,-129.0233
4791,127.073814,-0.0582499921532298,127.073814
4792,-121.998085,0.009748755794061854,-121.998085
4793,124.6161,-0.002250096613055696,124.6161
4794,121.671585,-0.07185897653773252,121.671585
4795,133.39972,-0.07181397719320665,133.39972
4796,-120.55675,0.09228013633098597,-120.55675
4797,-124.63106,-0.10721699287508127,-124.63106
4798,124.920944,-0.14604971779411077,124.920944
4799,118.14736,-0.00212057081418296,118.14736
4800,-131.79979,-0.049694893380959206,-131.79979
4801,-120.678444,0.0033844717229163297,-120.678444
4802,128.89594,0.12259104179406587,128.89594
4803,131.89146,-0.26090377395939574,131.89146
4804,-121.03135,0.04797325386120718,-121.03135
4805,-122.547775,0.05658997707073506,-122.547775
4806,-121.208984,-0.00122335994446191,-121.208984
4807,-121.208984,-0.03325257446314911,-121.208984
4808,-121.954865,0.15106086356796342,-121.954865
4809,-131.59506,0.036063174234975855,-131.59506
4810,-131.59506,0.05405497902351678,-131.59506
4811,-131.59506,0.05405497902351678,-131.59506
4812,-120.64348,0.03937621038379951,-120.64348
4813,-120.64348,0.12943515296711142,-120.64348
4814,-120.64348,0.12943515296711142,-120.64348
4815,-120.64348,0.03937621038379951,-120.64348
4816,-120.64348,0.03937621038379951,-120.64348
4817,-123.66276,0.3369858560002564,-123.66276
4818,-123.66276,0.21562365388767324,-123.66276
4819,-120.533875,-0.014232052087390826,-120.533875
4820,-131.91698,-0.02474475629446654,-131.91698
4821,-131.91698,-0.10513380925014532,-131.91698
4822,-131.91698,-0.02474475629446654,-131.91698
4823,-131.91698,-0.10513380925014532,-131.91698
4824,-131.91698,-0.10513380925014532,-131.91698
4825,-131.91698,-0.10513380925014532,-131.91698
4826,-120.80547,0.05484821659499387,-120.80547
4827,-120.80547,0.05484821659499387,-120.80547
4828,-120.897896,0.12799857117524072,-120.897896
4829,-121.16622,0.04676535808650872,-121.16622
4830,-121.25338,0.11512252225382545,-121.25338
4831,-121.25338,0.11512252225382545,-121.25338
4832,-121.25338,0.11512252225382545,-121.25338
4833,121.61038,-0.1565421478109495,121.61038
4834,126.29079,0.007257525783760843,126.29079
4835,-120.72012,0.11118657613647721,-120.72012
4836,-121.321106,0.002283454377750495,-121.321106
4837,-131.84439,-0.05827569909282963,-131.84439
4838,131.89146,-0.26090377395939574,131.89146
4839,-122.547775,0.05658997707073506,-122.547775
4840,-121.063675,-0.051159552396368935,-121.063675
4841,-131.23112,0.013160126665333605,-131.23112
4842,127.03279,-0.3245766351138054,127.03279
4843,127.03279,-0.3245766351138054,127.03279
4844,127.03279,-0.3245766351138054,127.03279
4845,127.03279,-0.3245766351138054,127.03279
4846,-124.27599,0.2768398740011527,-124.27599
4847,124.78585,-0.024326800274403156,124.78585
4848,-126.55724,0.19856278018522885,-126.55724
4849,-121.06505,0.08111577952868844,-121.06505
4850,127.46485,-0.15034882601352298,127.46485
4851,-130.04291,0.1654570316079332,-130.04291
4852,-135.80602,0.14687515059036385,-135.80602
4853,127.54046,-0.17533348386217334,127.54046
4854,128.4273,-0.14365643650812046,128.4273
4855,-121.73437,0.32760048143447207,-121.73437
4856,130.83696,0.04533437208996706,130.83696
4857,130.83696,0.04533437208996706,130.83696
4858,-130.23215,0.06704211492357336,-130.23215
4859,121.01823,-0.08000738624474722,121.01823
4860,121.01823,-0.08000738624474722,121.01823
4861,-120.70492,0.12482407179289917,-120.70492
4862,133.18207,-0.23404550585783643,133.18207
4863,132.99388,-0.22355443225897575,132.99388
4864,129.96982,-0.30559768723794234,129.96982
4865,-130.07198,0.19535180867862142,-130.07198
4866,-120.40207,-0.01787454119775548,-120.40207
4867,121.36413,0.13442797370303322,121.36413
4868,121.36413,0.13442797370303322,121.36413
4869,-127.51206,0.09287744553185405,-127.51206
4870,130.89178,-0.06874438335023707,130.89178
4871,-129.89522,0.08346558784663277,-129.89522
4872,128.18483,-0.1364972596022875,128.18483
4873,127.41419,-0.18446366351733182,127.41419
4874,128.67682,0.020229326041188794,128.67682
4875,-128.54565,-0.25794933568538914,-128.54565
4876,-129.71236,-0.3500160069414649,-129.71236
4877,-120.732796,-0.008466208305343491,-120.732796
4878,130.71382,-0.16130298116525477,130.71382
4879,121.02688,0.011375917415833553,121.02688
4880,-125.084305,0.06430399603861701,-125.084305
4881,-128.29478,-0.025558943240806972,-128.29478
4882,-130.04958,-0.010191991003568547,-130.04958
4883,-121.81531,0.028332810409948714,-121.81531
4884,-120.975845,0.07686219350409648,-120.975845
4885,127.31557,-0.09123186383566634,127.31557
4886,-129.9723,0.051242699577240314,-129.9723
4887,-130.21198,-0.0076627543153551065,-130.21198
4888,-128.69247,0.06601505316333145,-128.69247
4889,-120.49038,0.0939324129203188,-120.49038
4890,-120.21696,0.11879520396791016,-120.21696
4891,133.00197,0.044734294770223025,133.00197
4892,-131.4924,0.03704747073781831,-131.4924
4893,-125.37995,0.11689600080807852,-125.37995
4894,-120.88124,0.04090787218819135,-120.88124
4895,-130.51453,0.3048254015753214,-130.51453
4896,124.627106,-0.1327076001011115,124.627106
4897,124.627106,-0.1327076001011115,124.627106
4898,124.627106,-0.1327076001011115,124.627106
4899,-127.868866,0.12370338072270462,-127.868866
4900,-127.51049,0.3989020892644003,-127.51049
4901,-120.90435,0.005876636761604328,-120.90435
4902,-120.857605,0.04937671426492478,-120.857605
4903,-130.00177,-0.09629597733885104,-130.00177
4904,-130.00177,-0.11752345102859675,-130.00177
4905,-130.00177,-0.09629597733885104,-130.00177
4906,-130.00177,-0.11752345102859675,-130.00177
4907,-130.00177,-0.11752345102859675,-130.00177
4908,124.627106,-0.1327076001011115,124.627106
4909,-119.587,0.1006257085358445,-119.587
4910,-128.7815,0.08194890303307047,-128.7815
4911,-121.16084,0.061931753770371745,-121.16084
4912,-121.26139,0.23223181235937046,-121.26139
4913,-121.26139,0.23223181235937046,-121.26139
4914,-122.744995,-0.077369904837363,-122.744995
4915,121.938934,-0.04024456643252015,121.938934
4916,-121.01272,0.0591879216443902,-121.01272
4917,-122.066124,0.01754970958785941,-122.066124
4918,128.10991,-0.17011478423971466,128.10991
4919,128.12424,-0.2373065862100215,128.12424
4920,-129.7759,0.04850767789767879,-129.7759
4921,131.55035,-0.10766766299326593,131.55035
4922,-120.71251,0.10004112088665586,-120.71251
4923,131.26959,-0.3221966865350934,131.26959
4924,126.75053,-0.2314542744639526,126.75053
4925,126.75053,-0.2314542744639526,126.75053
4926,-121.49243,0.10885613341477016,-121.49243
4927,130.59454,0.21070680148182078,130.59454
4928,-125.28916,-0.059671918628376924,-125.28916
4929,124.585075,-0.12445921685351348,124.585075
4930,127.47821,-0.11221623092674397,127.47821
4931,-122.91695,0.08438943700111284,-122.91695
4932,127.39193,-0.08249901854996526,127.39193
4933,-123.82911,0.17388206644196902,-123.82911
4934,-133.1604,0.04331097709325185,-133.1604
4935,121.66529,0.03925688996992509,121.66529
4936,131.81583,-0.1411866639005394,131.81583
4937,131.81583,-0.1411866639005394,131.81583
4938,124.377464,-0.2504307825233452,124.377464
4939,-120.69863,0.1844576326257088,-120.69863
4940,-120.580414,0.05767889753152869,-120.580414
4941,-121.14105,0.23181452805962335,-121.14105
4942,-122.700386,0.3177702057909883,-122.700386
4943,-121.11939,-0.019236414375698074,-121.11939
4944,121.292694,0.059749606950048155,121.292694
4945,-124.53644,0.08527439423357389,-124.53644
4946,-124.51322,0.2273008742308517,-124.51322
4947,-129.61148,0.1547721812852534,-129.61148
4948,134.79105,-0.25308068331507033,134.79105
4949,131.6629,-0.10823629886207248,131.6629
4950,-124.208496,0.3690369114006949,-124.208496
4951,124.34941,-0.205346764495331,124.34941
4952,124.852394,-0.07752738872861979,124.852394
4953,-123.62781,0.19805150840505967,-123.62781
4954,121.28344,-0.05652215696138528,121.28344
4955,-144.00395,0.1627906297624236,-144.00395
4956,-123.81498,0.04999364914664764,-123.81498
4957,121.52463,0.11579264154403121,121.52463
4958,-130.3048,0.044354225071324846,-130.3048
4959,124.67426,-0.07162579150007681,124.67426
4960,-120.54126,0.07524742380216753,-120.54126
4961,126.91104,0.02640328016567297,126.91104
4962,130.31406,-0.015421092767082053,130.31406
4963,123.828545,0.09610504717497001,123.828545
4964,123.828545,0.09610504717497001,123.828545
4965,-120.863716,0.1187398566806917,-120.863716
4966,123.91608,0.12530355327392545,123.91608
4967,-126.32494,0.09866027263400631,-126.32494
4968,131.8766,0.06404514787590071,131.8766
4969,-124.08647,0.03446318177096385,-124.08647
4970,-127.42052,-0.0331465120737342,-127.42052
4971,128.94728,-0.1259672289055037,128.94728
4972,-120.635864,0.07878344074649517,-120.635864
4973,-120.528046,0.06914278157284137,-120.528046
4974,-120.84916,0.08261310008234204,-120.84916
4975,-120.78691,0.03435406839013385,-120.78691
4976,-120.90575,0.1201265912195714,-120.90575
4977,-127.79273,0.04411621767192217,-127.79273
4978,-127.79273,0.04411621767192217,-127.79273
4979,-127.79273,0.04411621767192217,-127.79273
4980,-121.90205,0.013427917564567354,-121.90205
4981,121.99667,0.0816336529740472,121.99667
4982,134.38194,-0.08675700325199891,134.38194
4983,132.95497,-0.363915935878846,132.95497
4984,120.814804,-0.041108414497781874,120.814804
4985,131.90765,-0.2641687575892066,131.90765
4986,120.814804,-0.041108414497781874,120.814804
4987,-120.89256,-0.12684263179885005,-120.89256
4988,131.55719,-0.40393689583298953,131.55719
4989,-120.8795,0.10393338019466963,-120.8795
4990,-120.77444,0.1994852839138895,-120.77444
4991,-120.743095,0.13244761124696003,-120.743095
4992,-128.80798,0.2518074270911402,-128.80798
4993,-122.69697,0.18655806728039104,-122.69697
4994,121.0779,0.013490941963396036,121.0779
4995,-129.6404,-0.059407514600627376,-129.6404
4996,-124.19176,0.2508977507645063,-124.19176
4997,124.90809,-0.14624359365046008,124.90809
4998,-120.74787,0.051369178836299996,-120.74787
4999,-123.917076,0.07395327271291274,-123.917076
5000,129.0927,-0.10682085406794048,129.0927
5001,-120.53045,0.07067543435139936,-120.53045
5002,121.55195,-0.12323950091301875,121.55195
5003,-129.68611,0.09235591087266237,-129.68611
5004,-130.46552,-0.15948658700889223,-130.46552
5005,125.590866,-0.09293053471593882,125.590866
5006,125.590866,-0.09293053471593882,125.590866
5007,-129.51268,0.009903302369409171,-129.51268
5008,-120.191414,0.07983574197933677,-120.191414
5009,-128.31645,0.0029526144337969616,-128.31645
5010,-120.76787,0.050061175534489875,-120.76787
5011,-130.97493,-0.5275476692071669,-130.97493
5012,131.76497,-0.5376708173451491,131.76497
5013,-120.22841,0.07522178507680113,-120.22841
5014,120.70702,0.011891905503378009,120.70702
5015,-122.83648,0.07754077299859914,-122.83648
5016,125.012184,-0.04409266233460222,125.012184
5017,122.88164,-0.0641350860888477,122.88164
5018,-120.376526,0.12399273984501001,-120.376526
5019,-120.16933,0.15001454765719266,-120.16933
5020,-120.6135,0.12863349351352624,-120.6135
5021,-120.6135,0.12863349351352624,-120.6135
5022,-120.603134,0.11193374749763453,-120.603134
5023,128.5342,-0.2578031496435227,128.5342
5024,-120.53383,0.22864830755149548,-120.53383
5025,127.10964,-0.02180520607586817,127.10964
5026,126.56877,0.07345123506512939,126.56877
5027,126.56877,0.07345123506512939,126.56877
5028,131.4516,-0.11696682743143254,131.4516
5029,-127.508156,0.008712188632980056,-127.508156
5030,-120.94352,-0.07790025965688163,-120.94352
5031,-120.8885,0.0435210499956625,-120.8885
5032,120.137985,-0.07598633720097203,120.137985
5033,-120.135635,0.12647050455315953,-120.135635
5034,-129.71864,0.10432106373251536,-129.71864
5035,124.26286,0.0051188113223543845,124.26286
5036,-129.27792,0.07453158773476003,-129.27792
5037,133.19623,-0.13833396546135737,133.19623
5038,-129.70721,0.14048554699226823,-129.70721
5039,-130.1971,0.010390539430810922,-130.1971
5040,121.99569,-0.17667620904085476,121.99569
5041,124.96919,-0.023779579279839157,124.96919
5042,124.91735,-0.1939276397701183,124.91735
5043,133.14711,-0.1425697458080437,133.14711
5044,-129.91667,0.06535437794906948,-129.91667
5045,-129.7734,0.22262616250512335,-129.7734
5046,127.15491,0.08008300552346365,127.15491
5047,-124.34696,0.028651230213168823,-124.34696
5048,124.70534,0.05499350218662593,124.70534
5049,126.42144,0.04270906137594414,126.42144
5050,-124.93279,0.10518143346473978,-124.93279
5051,127.24118,-0.05968606203493224,127.24118
5052,121.8911,0.1628623192303978,121.8911
5053,121.8911,0.1628623192303978,121.8911
5054,121.8911,0.1628623192303978,121.8911
5055,121.8911,0.1628623192303978,121.8911
5056,121.8911,0.1628623192303978,121.8911
5057,121.8911,0.1628623192303978,121.8911
5058,-120.86107,0.25158772193715045,-120.86107
5059,-127.97078,0.11730645225905699,-127.97078
5060,128.65518,-0.17984947312378302,128.65518
5061,-120.76041,0.12586705640647275,-120.76041
5062,-121.10872,0.018310965506944596,-121.10872
5063,-121.045586,0.13120177483191278,-121.045586
5064,-121.96305,-0.011381347788845475,-121.96305
5065,121.96213,0.07373272483883249,121.96213
5066,121.96213,0.07373272483883249,121.96213
5067,-126.891136,0.10086631555890413,-126.891136
5068,124.76119,-0.15647975061246663,124.76119
5069,-130.62779,-0.04605252976809448,-130.62779
5070,-130.62779,-0.04605252976809448,-130.62779
5071,128.82729,-0.3492475797964398,128.82729
5072,-120.146965,0.14018917932331654,-120.146965
5073,-122.22983,0.04784757310233282,-122.22983
5074,130.1513,0.2925580006903623,130.1513
5075,-121.11132,0.15572540988197436,-121.11132
5076,-132.14201,0.1028970355270559,-132.14201
5077,121.72386,0.08048497886514866,121.72386
5078,121.72386,0.08048497886514866,121.72386
5079,121.72386,0.08048497886514866,121.72386
5080,-129.4331,0.17540855468517214,-129.4331
5081,-129.4331,0.11898686512330836,-129.4331
5082,-129.4331,0.11898686512330836,-129.4331
5083,-120.352165,0.033050861509550875,-120.352165
5084,-120.765076,0.13774289446874524,-120.765076
5085,-120.4998,0.1302965340258656,-120.4998
5086,-121.87877,0.2563628736031771,-121.87877
5087,121.31664,-0.041954342556735275,121.31664
5088,-122.568565,0.1269401224690249,-122.568565
5089,121.24638,-0.04335474092052874,121.24638
5090,-120.752464,-0.0646208374388459,-120.752464
5091,126.90869,-0.10111807030833432,126.90869
5092,134.63992,-0.232434713772876,134.63992
5093,121.849976,0.001024220019704134,121.849976
5094,-124.86397,0.033713421799167705,-124.86397
5095,-128.6322,0.039323012780418325,-128.6322
5096,-126.942505,-0.02711431979329048,-126.942505
5097,-129.8872,0.08869377659015382,-129.8872
5098,-120.882935,0.09831722126605187,-120.882935
5099,-120.882935,0.09121769734276083,-120.882935
5100,-120.882935,0.09831722126605187,-120.882935
5101,-120.882935,0.09831722126605187,-120.882935
5102,-121.286224,0.09306022677173344,-121.286224
5103,120.67415,-0.10498535284507748,120.67415
5104,-122.53064,0.05633499303634536,-122.53064
5105,125.86044,-0.3308492952525955,125.86044
5106,-123.95153,0.18573386727250876,-123.95153
5107,-120.99061,0.175996337228488,-120.99061
5108,-123.55497,0.371463727766928,-123.55497
5109,123.46337,-0.2181531891518268,123.46337
5110,-118.77525,0.11627680930027873,-118.77525
5111,126.17958,-0.3719640350878535,126.17958
5112,124.52065,-0.253653769640892,124.52065
5113,119.79821,-0.008240308746628336,119.79821
5114,128.842,-0.5060462862827843,128.842
5115,-120.96251,0.04258482689177044,-120.96251
5116,-120.37186,0.10390474042523964,-120.37186
5117,-120.52756,0.18326566100606978,-120.52756
5118,-121.53644,0.05292442561841631,-121.53644
5119,124.50813,-0.26200240656947943,124.50813
5120,-117.22447,-0.034518966788163,-117.22447
5121,-119.09848,-0.055658948500736063,-119.09848
5122,-120.50327,-0.040802747063180336,-120.50327
5123,121.49429,0.0036433577008627496,121.49429
5124,121.49429,-0.2182506167755661,121.49429
5125,-119.19073,0.027888196587188767,-119.19073
5126,-121.01764,0.17371886276451468,-121.01764
5127,-121.238464,0.19983500989498706,-121.238464
5128,-119.30241,-0.06420403558821106,-119.30241
5129,-121.915825,0.19769352092070724,-121.915825
5130,-123.547646,0.049749043640909665,-123.547646
5131,-123.931015,0.2268897271082669,-123.931015
5132,123.251335,-0.2845024513380846,123.251335
5133,129.58444,-0.35143562632068126,129.58444
5134,123.37901,-0.28151108513807493,123.37901
5135,-119.13001,0.03775869388444636,-119.13001
5136,-121.14057,0.11042657112983002,-121.14057
5137,-118.939606,-0.05918339948722808,-118.939606
5138,-130.00583,-0.09517229943215953,-130.00583
5139,-127.168274,0.2998528435008547,-127.168274
5140,-118.72995,0.025057851845261006,-118.72995
5141,-128.8724,0.23945765483698495,-128.8724
5142,123.87449,-0.16162410729480522,123.87449
5143,125.22711,-0.10010357298960437,125.22711
5144,-123.92422,0.13099918132775457,-123.92422
5145,-131.1486,0.4760411649870695,-131.1486
5146,128.2766,-0.3278204104820299,128.2766
5147,-123.93221,0.29748883477290955,-123.93221
5148,-127.79606,0.344072259012985,-127.79606
5149,-124.023865,0.2578637313840797,-124.023865
5150,122.56471,-0.14255686398185868,122.56471
5151,-120.681786,0.21827949235290084,-120.681786
5152,120.68173,-0.0986482293646606,120.68173
5153,-121.221085,0.2959914166389394,-121.221085
5154,122.71965,-0.22635671141666977,122.71965
5155,121.03356,-0.10578506088974626,121.03356
5156,-120.81574,0.08231958361269881,-120.81574
5157,119.17274,-0.08768163369127534,119.17274
5158,-125.03278,0.20652263343348937,-125.03278
5159,-123.82212,0.2283261251031486,-123.82212
5160,119.2739,-0.0752134495067093,119.2739
5161,121.72169,0.06032743003993426,121.72169
5162,119.94633,-0.10274119618111026,119.94633
5163,125.65123,-0.13269598173505684,125.65123
5164,123.054825,-0.22463881966106944,123.054825
5165,123.09231,-0.1118292878281031,123.09231
5166,-123.21117,0.13741720135300314,-123.21117
5167,-124.894424,0.1913398462995007,-124.894424
5168,-124.89224,0.17296063418051164,-124.89224
5169,-123.39085,0.03483723387281353,-123.39085
5170,123.09247,-0.06075211366817876,123.09247
5171,123.093315,-0.10145253310110114,123.093315
5172,123.093864,-0.16099859683284068,123.093864
5173,123.09342,-0.2658136070538308,123.09342
5174,-124.85955,0.09547860928865419,-124.85955
5175,124.576675,-0.1796315738907459,124.576675
5176,126.94415,-0.4488653515816356,126.94415
5177,122.04326,-0.17090902068143352,122.04326
5178,125.10509,-0.1354583673489346,125.10509
5179,125.08914,-0.1839188406613027,125.08914
5180,125.197586,-0.11618063798036593,125.197586
5181,124.70677,-0.11755864325013023,124.70677
5182,123.09135,-0.14876271979177982,123.09135
5183,122.6036,-0.1546292839643856,122.6036
5184,124.4127,-0.22361673255108483,124.4127
5185,127.55256,-0.19121246461058022,127.55256
5186,125.13492,-0.2669858147766857,125.13492
5187,125.119125,-0.12583641308334115,125.119125
5188,120.409546,0.08211709386059626,120.409546
5189,122.94036,-0.07080266800640908,122.94036
5190,-118.920364,0.13701170702869628,-118.920364
5191,-121.15286,0.10610918714501502,-121.15286
5192,-124.32818,0.03942773610686001,-124.32818
5193,-126.04214,0.272048579265816,-126.04214
5194,-119.028595,0.1346760796143903,-119.028595
5195,-124.01861,0.1973431792293313,-124.01861
5196,-119.041695,0.042028856183696485,-119.041695
5197,-123.99372,0.19746631847299911,-123.99372
5198,-119.0171,-0.028730635943799036,-119.0171
5199,123.54756,-0.17197007058411742,123.54756
5200,117.312485,0.045968105257201845,117.312485
5201,114.96051,0.08467092703464442,114.96051
5202,-119.2558,0.008866483992031264,-119.2558
5203,118.63565,-0.03216455637591374,118.63565
