row_index,feature_value,shap_value,color_by_self
0,127.900406,-0.15302493990842087,127.900406
1,127.900406,-0.15302493990842087,127.900406
2,31.06071,-0.026504504313994752,31.06071
3,31.06071,-0.04210124336395393,31.06071
4,31.06071,-0.04210124336395393,31.06071
5,-129.01715,0.1642722403779274,-129.01715
6,122.75385,0.01680261659530432,122.75385
7,122.75385,0.01680261659530432,122.75385
8,122.75385,0.01680261659530432,122.75385
9,122.75385,0.01680261659530432,122.75385
10,122.75385,0.01680261659530432,122.75385
11,123.29645,-0.1737634636838386,123.29645
12,123.29645,-0.1737634636838386,123.29645
13,123.29645,-0.1737634636838386,123.29645
14,123.48729,-0.19323143364696,123.48729
15,123.48729,-0.19811590647426514,123.48729
16,140.0806,0.21245291571010863,140.0806
17,-128.87689,0.22628336762967843,-128.87689
18,0.0,-0.06392130322849962,0.0
19,0.0,-0.06392130322849962,0.0
20,0.0,-0.06392130322849962,0.0
21,0.0,-0.06392130322849962,0.0
22,0.0,-0.06392130322849962,0.0
23,0.0,-0.05016853960396374,0.0
24,0.0,-0.05016853960396374,0.0
25,0.0,-0.06392130322849962,0.0
26,0.0,-0.05016853960396374,0.0
27,0.0,-0.05016853960396374,0.0
28,0.0,-0.06392130322849962,0.0
29,0.0,-0.03894769143072889,0.0
30,0.0,-0.03894769143072889,0.0
31,0.0,-0.03894769143072889,0.0
32,0.0,-0.03894769143072889,0.0
33,0.0,-0.040144164271756884,0.0
34,0.0,-0.03894769143072889,0.0
35,0.0,-0.040144164271756884,0.0
36,0.0,0.030786929746938998,0.0
37,0.0,-0.03894769143072889,0.0
38,0.0,-0.03894769143072889,0.0
39,0.0,0.030786929746938998,0.0
40,0.0,-0.03894769143072889,0.0
41,126.13149,-0.14891235783193615,126.13149
42,126.13149,-0.14891235783193615,126.13149
43,121.84259,-0.15289248337498426,121.84259
44,122.80698,0.005074708980525446,122.80698
45,124.68714,-0.0967206188641973,124.68714
46,124.68714,-0.09455316518544302,124.68714
47,124.68714,-0.09455316518544302,124.68714
48,-121.96312,-0.005792794911789835,-121.96312
49,-125.13927,0.02611938226242888,-125.13927
50,122.96392,0.06222823788455829,122.96392
51,122.96392,0.06222823788455829,122.96392
52,122.96392,0.06131128307670032,122.96392
53,125.62172,-0.022597616936149017,125.62172
54,122.59263,-0.09798280509260407,122.59263
55,122.59263,-0.09798280509260407,122.59263
56,122.59263,-0.09798280509260407,122.59263
57,123.80182,0.24108204862157423,123.80182
58,123.80182,0.08789411050176053,123.80182
59,-123.80173,-0.17298900795724548,-123.80173
60,-123.80173,-0.17298900795724548,-123.80173
61,-123.80173,-0.14131486044586203,-123.80173
62,125.39331,-0.07796129183837192,125.39331
63,125.39331,-0.07796129183837192,125.39331
64,125.39331,-0.07796129183837192,125.39331
65,125.39331,-0.07796129183837192,125.39331
66,125.39331,-0.07796129183837192,125.39331
67,125.39331,-0.07796129183837192,125.39331
68,125.39331,-0.07796129183837192,125.39331
69,125.39331,-0.07796129183837192,125.39331
70,0.0,-0.018400498124680878,0.0
71,-29.776716,-0.05737513557906122,-29.776716
72,-29.776716,-0.05737513557906122,-29.776716
73,-29.776716,-0.05737513557906122,-29.776716
74,0.0,-0.038243773493379776,0.0
75,0.0,-0.023203612600433424,0.0
76,0.0,-0.023203612600433424,0.0
77,0.0,-0.023203612600433424,0.0
78,-120.91684,-0.07631630007580512,-120.91684
79,-120.91684,-0.07631630007580512,-120.91684
80,0.0,-0.09142136594889418,0.0
81,0.0,-0.09142136594889418,0.0
82,-124.34285,0.01720802140170074,-124.34285
83,-124.34285,0.01720802140170074,-124.34285
84,0.0,-0.05158180203102815,0.0
85,0.0,-0.05158180203102815,0.0
86,0.0,0.007920382306791547,0.0
87,0.0,-0.05158180203102815,0.0
88,121.948715,-0.010184556485756825,121.948715
89,0.0,-0.03812441078282347,0.0
90,124.57902,0.0060122393263755645,124.57902
91,124.57902,0.0060122393263755645,124.57902
92,120.226395,0.013165017814633724,120.226395
93,-123.64934,-0.0005249277265207831,-123.64934
94,-123.64934,-0.0005249277265207831,-123.64934
95,-131.65776,0.2373610028121788,-131.65776
96,130.92241,0.15733384625074562,130.92241
97,130.92241,0.15733384625074562,130.92241
98,120.536,-0.03434031145733616,120.536
99,0.0,-0.05519225678761487,0.0
100,0.0,-0.022340401282742887,0.0
101,149.44757,0.4168962988707171,149.44757
102,123.365036,0.7556747569101666,123.365036
103,0.0,0.02280521080340942,0.0
104,0.0,0.02280521080340942,0.0
105,-122.79766,0.006796902179922959,-122.79766
106,-122.79766,0.01876975063414167,-122.79766
107,-122.79766,0.01876975063414167,-122.79766
108,-122.79766,0.01876975063414167,-122.79766
109,128.84993,0.07589820770187428,128.84993
110,0.0,-0.05002344322809957,0.0
111,122.55789,-0.018105319296481313,122.55789
112,122.55789,-0.018105319296481313,122.55789
113,123.771545,-0.0784740604932225,123.771545
114,123.302216,-0.040841446645676655,123.302216
115,124.70058,0.03222943937496582,124.70058
116,124.70058,0.03222943937496582,124.70058
117,-122.00659,-0.0024105623713075106,-122.00659
118,-122.00659,-0.0024105623713075106,-122.00659
119,-122.00659,-0.0024105623713075106,-122.00659
120,-122.00659,-0.0024105623713075106,-122.00659
121,-122.00659,-0.0024105623713075106,-122.00659
122,0.0,-0.0806914319373008,0.0
123,0.0,-0.08707421411622313,0.0
124,122.36491,-0.10021398681025814,122.36491
125,128.50523,0.0047085076284031245,128.50523
126,128.50523,-0.20801744339958272,128.50523
127,128.50523,-0.20801744339958272,128.50523
128,128.50523,-0.20801744339958272,128.50523
129,130.04028,-0.06830784018109214,130.04028
130,-121.90251,0.0022643456537068153,-121.90251
131,-121.90251,-0.04257051903415202,-121.90251
132,0.0,-0.06940306086434918,0.0
133,0.0,-0.017628443250460365,0.0
134,0.0,-0.03277094688296715,0.0
135,0.0,-0.03277094688296715,0.0
136,-122.62731,-0.08089256767327418,-122.62731
137,-122.62731,-0.08089256767327418,-122.62731
138,-125.037315,0.15523863969778495,-125.037315
139,-128.51953,0.21284695736837927,-128.51953
140,-128.51953,0.21284695736837927,-128.51953
141,128.1102,-0.24624527510180838,128.1102
142,128.1102,-0.24624527510180838,128.1102
143,-125.94264,0.116085463595533,-125.94264
144,-125.94264,0.116085463595533,-125.94264
145,125.99143,-0.1260481267928952,125.99143
146,125.99143,-0.1260481267928952,125.99143
147,128.28447,-0.06163873121076969,128.28447
148,128.28447,-0.06163873121076969,128.28447
149,0.0,0.023522769266082256,0.0
150,0.0,0.05221353801822975,0.0
151,0.0,0.05221353801822975,0.0
152,122.815636,0.01845997803043881,122.815636
153,122.80204,0.07143444867260433,122.80204
154,122.80204,0.06914401169624348,122.80204
155,-126.164185,0.17862922354664676,-126.164185
156,142.56999,0.17807455178089135,142.56999
157,-135.8502,-0.06145302774425894,-135.8502
158,122.5171,-0.01767364308775973,122.5171
159,-124.41481,0.0018368354181777901,-124.41481
160,-124.41481,0.0015757585990742908,-124.41481
161,-124.41481,0.0015757585990742908,-124.41481
162,-124.50379,0.017306228261279075,-124.50379
163,122.789536,0.02759860412326323,122.789536
164,-124.41938,-0.05103448103797569,-124.41938
165,122.66148,-0.10179706123027679,122.66148
166,-132.19534,0.2190138273476237,-132.19534
167,-132.19534,0.2190138273476237,-132.19534
168,0.0,0.022803936640014382,0.0
169,0.0,-0.0483813957476676,0.0
170,0.0,-0.0483813957476676,0.0
171,0.0,0.022803936640014382,0.0
172,0.0,-0.0483813957476676,0.0
173,-123.3718,0.0667224422988279,-123.3718
174,0.0,0.011092177107227924,0.0
175,0.0,0.011092177107227924,0.0
176,0.0,-0.003311976560589864,0.0
177,124.09493,-0.1099702051660455,124.09493
178,0.0,-0.0036454111077330992,0.0
179,0.0,-0.0036454111077330992,0.0
180,122.790245,-0.05322523672801901,122.790245
181,122.79634,0.03854609945506284,122.79634
182,0.0,-0.04872116955821659,0.0
183,0.0,0.0018351303421378774,0.0
184,0.0,-0.04872116955821659,0.0
185,-0.9916561,-0.021044437060891825,-0.9916561
186,-142.51842,0.05580449220155724,-142.51842
187,-142.51842,0.05580449220155724,-142.51842
188,124.538,-0.16170551045469905,124.538
189,124.538,-0.16043956491457884,124.538
190,124.538,-0.16043956491457884,124.538
191,124.538,-0.16043956491457884,124.538
192,123.66651,0.007320391518959818,123.66651
193,-122.9676,-0.014068811775616821,-122.9676
194,0.0,-0.04247934780057117,0.0
195,0.0,-0.04247934780057117,0.0
196,0.0,-0.04247934780057117,0.0
197,0.0,0.0133248134237737,0.0
198,0.0,-0.023263941903200476,0.0
199,0.0,-0.03812441078282347,0.0
200,0.0,-0.03812441078282347,0.0
201,0.0,-0.03229383287040918,0.0
202,0.0,-0.07893780082385127,0.0
203,0.0,-0.07931459163004324,0.0
204,0.0,0.007814039599195428,0.0
205,0.0,0.013567686889328377,0.0
206,0.0,-0.07892703049390067,0.0
207,0.0,0.013567686889328377,0.0
208,0.0,0.013567686889328377,0.0
209,128.64632,0.08436399035439882,128.64632
210,128.64632,0.08436399035439882,128.64632
211,122.95179,0.4303040425842629,122.95179
212,123.00493,0.003767694545577482,123.00493
213,123.00493,0.003767694545577482,123.00493
214,123.00493,0.003767694545577482,123.00493
215,0.0,-0.023572792225418363,0.0
216,0.0,-0.023572792225418363,0.0
217,0.0,-0.07187702286937792,0.0
218,-177.10316,0.07970323681989944,-177.10316
219,-177.10316,0.07970323681989944,-177.10316
220,-177.10316,0.07970323681989944,-177.10316
221,-177.10316,0.07970323681989944,-177.10316
222,-177.10316,0.07970323681989944,-177.10316
223,-177.10316,0.07970323681989944,-177.10316
224,108.42069,-0.025643532328311788,108.42069
225,108.42069,-0.025643532328311788,108.42069
226,108.42069,-0.025643532328311788,108.42069
227,92.047806,-0.042933803198571666,92.047806
228,-130.90497,-0.08283106370601777,-130.90497
229,122.436165,-0.19721722142772619,122.436165
230,-121.016945,0.24119001197249876,-121.016945
231,-121.016945,0.24119001197249876,-121.016945
232,-121.016945,0.24119001197249876,-121.016945
233,-121.016945,0.24119001197249876,-121.016945
234,-121.016945,0.24119001197249876,-121.016945
235,-121.016945,0.24119001197249876,-121.016945
236,125.73638,-0.1194693611366128,125.73638
237,-121.46228,0.012128331547181036,-121.46228
238,-123.535576,0.019064748593325513,-123.535576
239,123.38251,0.040429394733960136,123.38251
240,120.91103,0.060938245843453843,120.91103
241,30.076502,-0.05057547483887642,30.076502
242,30.076502,-0.05057547483887642,30.076502
243,30.076502,-0.05057547483887642,30.076502
244,30.076502,-0.05057547483887642,30.076502
245,30.076502,-0.04389411679940354,30.076502
246,-122.24919,0.03908631901755369,-122.24919
247,-122.24919,0.03908631901755369,-122.24919
248,-122.24919,0.03908631901755369,-122.24919
249,170.4097,0.4278443881187522,170.4097
250,170.4097,0.4278443881187522,170.4097
251,170.4097,0.4278443881187522,170.4097
252,170.4097,0.4278443881187522,170.4097
253,170.4097,0.4278443881187522,170.4097
254,-121.382614,-0.1117230155956764,-121.382614
255,-121.382614,-0.1117230155956764,-121.382614
256,125.54954,-0.052933782185365534,125.54954
257,125.54954,-0.052933782185365534,125.54954
258,125.61726,0.00272987513323877,125.61726
259,-117.47248,-0.0516079662361319,-117.47248
260,125.20267,-0.08889511846852534,125.20267
261,125.20267,-0.08889511846852534,125.20267
262,122.33697,0.028953611079737894,122.33697
263,-129.01187,0.07266452212633737,-129.01187
264,-129.01187,0.18438237523222603,-129.01187
265,-129.01187,0.18438237523222603,-129.01187
266,-129.01187,0.18438237523222603,-129.01187
267,-131.30293,0.10840194858339285,-131.30293
268,124.86602,-0.25390854792964934,124.86602
269,-126.11725,0.028122504365859505,-126.11725
270,-126.11725,0.028122504365859505,-126.11725
271,-126.11725,0.028122504365859505,-126.11725
272,-126.11725,0.028122504365859505,-126.11725
273,-126.11725,0.028122504365859505,-126.11725
274,121.90278,-0.0105792943224069,121.90278
275,127.10251,-0.1620527251856653,127.10251
276,0.0,-0.1238678340760627,0.0
277,0.0,-0.07110160387087164,0.0
278,-1.2600178,0.06951926810674645,-1.2600178
279,-1.2600178,0.06951926810674645,-1.2600178
280,-1.2600178,0.06951926810674645,-1.2600178
281,-1.2600178,0.06951926810674645,-1.2600178
282,-1.2600178,-0.06602891137854061,-1.2600178
283,-0.8800488,-0.026660365474097985,-0.8800488
284,-26.170904,-0.10417534822874164,-26.170904
285,128.42177,-0.15075359413706726,128.42177
286,128.74207,-0.2609010049299774,128.74207
287,128.74207,-0.2609010049299774,128.74207
288,0.0,-0.023598718616315354,0.0
289,0.0,0.03154290743368454,0.0
290,0.0,-0.06987799460283045,0.0
291,0.0,-0.06987799460283045,0.0
292,0.0,-0.06987799460283045,0.0
293,125.56647,-0.1664380562303458,125.56647
294,122.821014,0.06729207958671654,122.821014
295,-121.975914,-0.024012668700636335,-121.975914
296,122.502785,-0.05954375389515667,122.502785
297,122.98138,0.04811373690124307,122.98138
298,-125.56714,0.008922076712071805,-125.56714
299,-125.56714,0.008922076712071805,-125.56714
300,-125.56714,0.008922076712071805,-125.56714
301,119.3806,0.0025728527434617705,119.3806
302,119.3806,0.0025728527434617705,119.3806
303,119.3806,0.0025728527434617705,119.3806
304,119.3806,0.0025728527434617705,119.3806
305,119.3806,0.0025728527434617705,119.3806
306,176.41771,0.446200224447552,176.41771
307,176.41771,0.446200224447552,176.41771
308,0.0,-0.01188276542117345,0.0
309,0.0,-0.04902181149827017,0.0
310,0.0,-0.021113894680758548,0.0
311,0.0,-0.04902181149827017,0.0
312,0.0,-0.021113894680758548,0.0
313,0.0,0.0015917352796778403,0.0
314,0.0,0.0015917352796778403,0.0
315,0.0,0.0015917352796778403,0.0
316,0.0,-0.004915174398281331,0.0
317,-127.68831,0.10280610286107751,-127.68831
318,-127.68831,0.10280610286107751,-127.68831
319,-129.27623,0.2895727514091234,-129.27623
320,-129.27623,0.2895727514091234,-129.27623
321,125.06361,-0.03377806576531847,125.06361
322,125.06361,-0.03377806576531847,125.06361
323,-126.745995,0.15585317006553331,-126.745995
324,120.786224,-0.016467768008204115,120.786224
325,120.786224,-0.016467768008204115,120.786224
326,120.786224,-0.016467768008204115,120.786224
327,120.786224,-0.016467768008204115,120.786224
328,-123.01383,-0.1256385228005295,-123.01383
329,0.0,-0.012779659845013733,0.0
330,135.17574,0.13570466969078526,135.17574
331,0.0,-0.010194421630554933,0.0
332,0.0,-0.015658811860411674,0.0
333,0.0,0.008228556374072864,0.0
334,0.0,0.008228556374072864,0.0
335,-121.84261,-0.040297951466823446,-121.84261
336,122.808846,0.03299256325164836,122.808846
337,-177.10092,-0.02139853338673743,-177.10092
338,-177.10092,-0.02139853338673743,-177.10092
339,-177.10092,-0.02139853338673743,-177.10092
340,-177.10092,-0.02139853338673743,-177.10092
341,122.98545,-0.13931725687559499,122.98545
342,129.30258,-0.029254900751328566,129.30258
343,0.0,-0.02268033838810654,0.0
344,129.27335,0.27929327649597135,129.27335
345,129.27335,0.27929327649597135,129.27335
346,129.27335,0.27929327649597135,129.27335
347,124.51098,0.06190213014285038,124.51098
348,124.51098,0.06190213014285038,124.51098
349,121.12125,-0.06114269482167625,121.12125
350,0.0,-0.039690112081834095,0.0
351,0.0,0.10083169269687131,0.0
352,0.0,0.10083169269687131,0.0
353,0.0,-0.07241561888985931,0.0
354,159.69499,0.29747986726241343,159.69499
355,-164.1806,-0.007214073243749768,-164.1806
356,124.46465,-0.09257881826920551,124.46465
357,-124.45834,-0.01960620607235136,-124.45834
358,-124.45834,-0.01960620607235136,-124.45834
359,-124.22068,-0.04468504491894933,-124.22068
360,120.97049,-0.07696217684448559,120.97049
361,59.220085,0.0828123546721489,59.220085
362,-123.342094,0.0693387332080739,-123.342094
363,-123.342094,0.0693387332080739,-123.342094
364,123.34231,-0.09110351420958505,123.34231
365,123.34231,-0.09110351420958505,123.34231
366,132.0036,0.016619733848160363,132.0036
367,123.61589,-0.23230300824631966,123.61589
368,34.56492,0.008676673411598348,34.56492
369,-11.797685,-0.020939273805903554,-11.797685
370,-27.29588,-0.09569737421303447,-27.29588
371,-1.3106045,-0.05773472687872237,-1.3106045
372,-1.3106045,-0.05773472687872237,-1.3106045
373,-1.0389633,0.09208184290013818,-1.0389633
374,-1.0389633,0.09208184290013818,-1.0389633
375,0.0,-0.01570915709221014,0.0
376,0.0,-0.03252312077060206,0.0
377,0.0,0.02196306058675811,0.0
378,0.0,0.02196306058675811,0.0
379,0.0,-0.03488586390085276,0.0
380,0.0,-0.04673478282096823,0.0
381,0.0,-0.023424439059932557,0.0
382,0.0,-0.07288449244046,0.0
383,-178.28981,0.024604446658096742,-178.28981
384,-178.28981,0.024604446658096742,-178.28981
385,-178.28981,0.024604446658096742,-178.28981
386,128.03642,0.2790293462607368,128.03642
387,128.03642,0.2790293462607368,128.03642
388,128.03642,0.2790293462607368,128.03642
389,126.85596,0.0049368581159342385,126.85596
390,126.85596,0.0049368581159342385,126.85596
391,126.85596,0.0049368581159342385,126.85596
392,118.68751,-0.18032025051423414,118.68751
393,118.68751,-0.18032025051423414,118.68751
394,118.68751,-0.18032025051423414,118.68751
395,124.66674,0.08212312878381933,124.66674
396,124.66674,0.08212312878381933,124.66674
397,124.66674,0.08212312878381933,124.66674
398,-130.35754,0.10243201527941669,-130.35754
399,-130.35754,0.10243201527941669,-130.35754
400,-130.35754,0.10243201527941669,-130.35754
401,-126.30383,0.029302724758995875,-126.30383
402,-126.30383,0.029302724758995875,-126.30383
403,-126.30383,0.029302724758995875,-126.30383
404,-123.76312,-0.01140567636502679,-123.76312
405,-123.76312,-0.01140567636502679,-123.76312
406,-123.76312,-0.01140567636502679,-123.76312
407,179.54953,0.5944896041389185,179.54953
408,179.54953,0.5944896041389185,179.54953
409,129.97906,0.1677173313716633,129.97906
410,0.0,0.005530337913806538,0.0
411,-123.35016,0.0646567462350625,-123.35016
412,-125.49729,-0.15557280900604634,-125.49729
413,-129.05267,0.24357698903460567,-129.05267
414,-57.869667,-0.019385559644901924,-57.869667
415,0.0,-0.08796924619879502,0.0
416,0.0,-0.042504194998807365,0.0
417,0.0,0.004003231716968863,0.0
418,0.0,0.004003231716968863,0.0
419,0.0,-0.022911315664844653,0.0
420,0.0,0.01609525247434526,0.0
421,0.0,-0.01841816068019609,0.0
422,-126.73496,0.23946330390185666,-126.73496
423,80.71689,-0.0330294167655126,80.71689
424,80.71689,-0.0330294167655126,80.71689
425,80.71689,-0.0330294167655126,80.71689
426,-158.76927,-0.14782707058566996,-158.76927
427,-158.76927,-0.14782707058566996,-158.76927
428,-158.76927,-0.14782707058566996,-158.76927
429,0.0,0.03971615283047049,0.0
430,-132.8238,0.18218029382151554,-132.8238
431,126.35242,-0.1617502429099609,126.35242
432,127.46018,0.005496554412475951,127.46018
433,123.583206,-0.005843228024431498,123.583206
434,125.37837,0.13006980865042306,125.37837
435,125.37837,0.13006980865042306,125.37837
436,-128.87695,0.1837662628598618,-128.87695
437,122.436195,-0.08953222332587124,122.436195
438,-125.1183,0.3178740134092239,-125.1183
439,-125.1183,0.3178740134092239,-125.1183
440,129.29337,-0.14971516393539075,129.29337
441,129.29337,-0.14971516393539075,129.29337
442,-126.79513,0.23628583338760156,-126.79513
443,-32.136127,0.012091421402266078,-32.136127
444,0.0,-0.05642910929367272,0.0
445,0.0,-0.029506754617060572,0.0
446,-123.83849,0.05173454652941491,-123.83849
447,129.63286,0.006119778008960294,129.63286
448,126.097496,-0.1487898228643208,126.097496
449,-130.04117,-0.08300062894164414,-130.04117
450,132.92938,-0.08303280513289178,132.92938
451,129.40096,0.0974530764087267,129.40096
452,132.9422,-0.15522439346896585,132.9422
453,129.85196,-0.09507979561800024,129.85196
454,0.0,-0.10154879081694097,0.0
455,128.6736,-0.199355601763553,128.6736
456,87.01021,-0.029346987931605305,87.01021
457,175.45303,0.6822415271404328,175.45303
458,122.95788,0.08189721830147317,122.95788
459,120.60608,-0.06429769578439683,120.60608
460,-123.31147,0.02779725926854408,-123.31147
461,-123.31147,0.02779725926854408,-123.31147
462,0.0,-0.048463064059241154,0.0
463,0.0,-0.048463064059241154,0.0
464,125.46535,-0.046123617567977955,125.46535
465,125.46535,-0.046123617567977955,125.46535
466,125.46535,-0.046123617567977955,125.46535
467,123.50273,-0.07778227569538404,123.50273
468,0.0,0.15602024281851856,0.0
469,0.0,-0.021950320219737363,0.0
470,0.0,0.06593372583029777,0.0
471,0.0,0.06441288393838565,0.0
472,0.0,-0.010373859624759335,0.0
473,-0.9712842,-0.04528039653262388,-0.9712842
474,0.0,0.04525295285482884,0.0
475,-138.26088,0.13183990783688446,-138.26088
476,106.071335,-0.017649502567654338,106.071335
477,76.36768,-0.13347242320336342,76.36768
478,109.22479,-0.03281415653198498,109.22479
479,76.39254,-0.06081229481446878,76.39254
480,172.12689,0.6545672240132164,172.12689
481,0.0,-0.03006021370648751,0.0
482,178.50475,0.27965773448154796,178.50475
483,85.23463,0.005108088652868475,85.23463
484,0.0,-0.030844984945975987,0.0
485,0.0,-0.030844984945975987,0.0
486,-122.11287,-0.15697159598645252,-122.11287
487,119.74487,0.1256145954568077,119.74487
488,0.0,0.01877938594526939,0.0
489,-120.91859,-0.1552109195607163,-120.91859
490,-120.57019,-0.11056968639248672,-120.57019
491,-120.771965,-0.09197462206691016,-120.771965
492,121.899345,0.09600998432688025,121.899345
493,-121.58978,-0.053737816171074995,-121.58978
494,-121.05665,-0.07557078422491396,-121.05665
495,-131.36264,-0.22833164641901618,-131.36264
496,0.0,-0.01457631483979039,0.0
497,0.0,-0.022108648550441718,0.0
498,0.0,-0.09017144765364125,0.0
499,0.0,-0.020026233936829937,0.0
500,0.0,-0.020026233936829937,0.0
501,0.0,-0.020433633787551836,0.0
502,0.0,-0.020433633787551836,0.0
503,-72.25118,-0.09655817415502792,-72.25118
504,0.0,-0.043593082251497786,0.0
505,0.0,0.08578532039523926,0.0
506,10.180414,-0.0067234232984999445,10.180414
507,0.0,-0.011254920880870918,0.0
508,0.0,-0.04519585909335089,0.0
509,0.0,-0.02400276723708091,0.0
510,0.0,-0.01618288054000102,0.0
511,0.0,-0.01618288054000102,0.0
512,0.0,-0.01841816068019609,0.0
513,0.0,0.0022829361139516703,0.0
514,0.0,-0.07603689362495154,0.0
515,160.6995,0.6558714401201826,160.6995
516,160.6995,0.6558714401201826,160.6995
517,0.0,-0.037495473358269554,0.0
518,0.0,-0.007905976903509335,0.0
519,0.0,0.0015808865977199674,0.0
520,0.0,-0.04643181013183844,0.0
521,0.0,-0.04643181013183844,0.0
522,0.0,0.009685037741953659,0.0
523,133.86046,-0.23375369639286317,133.86046
524,-122.56961,-0.04034032494494521,-122.56961
525,-122.56961,-0.04034032494494521,-122.56961
526,-134.06657,0.2332783368716037,-134.06657
527,0.0,0.039029670754146865,0.0
528,0.0,-0.0646141333155783,0.0
529,-126.119484,0.2064095109771633,-126.119484
530,122.47307,-0.06499976887622673,122.47307
531,-123.98999,0.15447811292631117,-123.98999
532,-121.65694,-0.06146268478540177,-121.65694
533,-121.65694,-0.06146268478540177,-121.65694
534,125.22394,-0.05295197234500415,125.22394
535,-128.64792,0.14879493284647202,-128.64792
536,124.51279,-0.05840966829215112,124.51279
537,0.0,-0.07780094146460666,0.0
538,0.0,-0.0025377698740717976,0.0
539,0.0,-0.02578697677109489,0.0
540,-121.96304,-0.07197552455113981,-121.96304
541,-121.96304,-0.07197552455113981,-121.96304
542,0.0,-0.04964891879320563,0.0
543,-125.09748,0.15437595705494686,-125.09748
544,-122.258965,0.015369659099661911,-122.258965
545,120.96855,-0.13150947658722353,120.96855
546,121.32174,-0.13859908112729138,121.32174
547,-130.99492,0.17428426429970956,-130.99492
548,126.205864,-0.22875571811000933,126.205864
549,-127.63651,0.18135955673810883,-127.63651
550,126.99902,-0.22876601267625635,126.99902
551,0.0,-0.05325780886852173,0.0
552,0.0,-0.08110537143323665,0.0
553,0.0,-0.04289737877487914,0.0
554,130.4572,-0.2697107812849731,130.4572
555,-179.02084,-0.01216112744021834,-179.02084
556,-172.28401,-0.1348717946542206,-172.28401
557,118.96682,0.08458852714888866,118.96682
558,118.96682,0.08458852714888866,118.96682
559,-106.21016,-0.12343641832350079,-106.21016
560,-143.48752,-0.016800813663739075,-143.48752
561,99.030304,-0.05844205379377846,99.030304
562,-122.61663,-0.005270239748509052,-122.61663
563,128.43852,-0.04965130274824267,128.43852
564,-124.85398,0.02689918590554912,-124.85398
565,130.48065,-0.1678962565495142,130.48065
566,-121.50239,-0.004438443338586656,-121.50239
567,124.83599,-0.2575569944255125,124.83599
568,-129.10173,0.06790232316119112,-129.10173
569,129.78528,-0.3060864504100219,129.78528
570,-125.734436,0.14228449741647886,-125.734436
571,130.45596,-0.1391884019228093,130.45596
572,-125.07846,0.24013675447909044,-125.07846
573,123.688446,-0.15761410236802373,123.688446
574,-124.97528,0.21588030655989987,-124.97528
575,126.13885,-0.20115058128050461,126.13885
576,-126.1472,0.31875483366136526,-126.1472
577,123.80559,-0.09754779901028399,123.80559
578,-125.56088,0.19792176384498034,-125.56088
579,124.71468,-0.06938210136801519,124.71468
580,-126.425224,0.2167303746495372,-126.425224
581,126.975136,-0.14686063807693284,126.975136
582,-124.36647,-0.11013219253471326,-124.36647
583,-124.145706,0.2913084423971196,-124.145706
584,123.48777,0.07867902555122366,123.48777
585,122.96418,-0.06160932895607111,122.96418
586,-26.102537,0.014261131503127517,-26.102537
587,-131.31642,0.09106561151450909,-131.31642
588,128.8538,0.08495934715636126,128.8538
589,130.95609,-0.23424625730902152,130.95609
590,124.02877,0.0077905751513981806,124.02877
591,124.02877,0.0077905751513981806,124.02877
592,-126.82831,0.09484001948055228,-126.82831
593,123.14201,-0.031205918205149796,123.14201
594,-124.45551,0.06887408929350135,-124.45551
595,126.71985,-0.051057259673571206,126.71985
596,-15.401293,0.07805499954009634,-15.401293
597,7.0691404,-0.013988025685442326,7.0691404
598,178.3944,1.1114460066327247,178.3944
599,178.3944,1.1114460066327247,178.3944
600,0.0,-0.04156504495267034,0.0
601,0.0,-0.025407578607218765,0.0
602,124.44616,0.0034822050718473895,124.44616
603,165.26535,0.351406229391919,165.26535
604,78.07161,-0.023502611675170388,78.07161
605,78.07161,-0.023502611675170388,78.07161
606,-126.96212,0.07052306008006973,-126.96212
607,135.11435,-0.06373385364844757,135.11435
608,123.46438,-0.02023011077003595,123.46438
609,-125.45938,0.1803807721052612,-125.45938
610,129.35336,-0.12921993317874553,129.35336
611,-126.16755,0.14123100868374852,-126.16755
612,0.0,0.06893333569548904,0.0
613,-120.87969,-0.008041875660006869,-120.87969
614,-120.87969,-0.008041875660006869,-120.87969
615,124.45206,0.033292767953284896,124.45206
616,-123.23912,-0.23381824319528016,-123.23912
617,-123.23912,-0.04795159556519479,-123.23912
618,-122.79164,-0.22264331481599392,-122.79164
619,-122.79164,-0.22264331481599392,-122.79164
620,0.0,0.0016884369492025353,0.0
621,0.0,0.0016884369492025353,0.0
622,0.0,-0.0030559557132338886,0.0
623,0.0,-0.0353889930186313,0.0
624,0.0,-0.039076071659777147,0.0
625,0.0,-0.026666663959058652,0.0
626,-121.573494,0.07511860407049951,-121.573494
627,-121.890755,0.04608848703315288,-121.890755
628,-121.890755,0.04608848703315288,-121.890755
629,0.0,-0.05137847167738077,0.0
630,122.30089,0.055436062253316196,122.30089
631,129.5578,0.29993458649132626,129.5578
632,0.0,0.04243628599740065,0.0
633,178.44505,0.5491472743718804,178.44505
634,0.0,0.025696578024842,0.0
635,-126.10027,-0.07201567215846692,-126.10027
636,123.1936,0.009422125139434962,123.1936
637,-120.256874,-0.009855111668841317,-120.256874
638,0.0,-0.1153935012772925,0.0
639,177.67754,0.4724652657366926,177.67754
640,127.87979,-0.12818751097181022,127.87979
641,0.0,-0.0065617827196839985,0.0
642,0.0,-0.019305951899502967,0.0
643,0.0,-0.019305951899502967,0.0
644,0.0,-0.013592395919937614,0.0
645,0.0,-0.013592395919937614,0.0
646,0.0,-0.03849799417496286,0.0
647,0.0,-0.03761405345341699,0.0
648,0.0,0.03993231786004502,0.0
649,0.0,0.022415825580213676,0.0
650,0.0,0.022415825580213676,0.0
651,74.54271,-0.03296470329821335,74.54271
652,-169.00514,0.24547793445781446,-169.00514
653,-57.130787,-0.06440632333918073,-57.130787
654,-60.878963,-0.0926565107834821,-60.878963
655,-178.54546,-0.020342915379572245,-178.54546
656,0.0,-0.019367715203350226,0.0
657,0.0,-0.019367715203350226,0.0
658,0.0,0.044544161539729565,0.0
659,0.0,0.044544161539729565,0.0
660,0.0,-0.03635381332387751,0.0
661,0.0,0.008142180759873063,0.0
662,0.0,-0.06638213849305222,0.0
663,74.06157,0.12392899181322807,74.06157
664,0.0,-0.05193744749092642,0.0
665,65.325294,0.07345613187332166,65.325294
666,0.0,-0.030060653077247913,0.0
667,68.01805,0.04466093277917526,68.01805
668,68.29305,0.05176564835634982,68.29305
669,0.0,-0.03813843024601604,0.0
670,0.0,-0.026823876298656395,0.0
671,0.0,0.0009677130871877241,0.0
672,0.0,-0.030568399526974897,0.0
673,-114.67894,-0.07843633241036077,-114.67894
674,0.0,0.0393560419846823,0.0
675,0.0,-0.08576925023538143,0.0
676,0.0,0.03318351211154449,0.0
677,-113.55962,-0.046956178467010494,-113.55962
678,0.0,0.03697626153323276,0.0
679,0.0,0.0001342311062644515,0.0
680,0.0,-0.030938877144862306,0.0
681,0.0,0.03469259182062625,0.0
682,0.0,-0.013610568422997984,0.0
683,0.0,-0.0046834634701816025,0.0
684,0.0,-0.02325302393275328,0.0
685,0.0,-0.005237760779965083,0.0
686,-131.16365,-0.18021215286618267,-131.16365
687,-120.56974,-0.010094186362059086,-120.56974
688,-120.79126,-0.09978838856381739,-120.79126
689,-120.525116,-0.10639826099901141,-120.525116
690,-132.15315,-0.1546212050633913,-132.15315
691,-120.83584,-0.09045111224319302,-120.83584
692,-120.973564,-0.1638131503880574,-120.973564
693,-129.97884,-0.2970167606880557,-129.97884
694,-121.11046,-0.05727607224841703,-121.11046
695,121.81477,0.08662025982014702,121.81477
696,-129.85802,-0.17338627594061992,-129.85802
697,0.0,-0.023268355297568325,0.0
698,-140.39958,-0.1345325531837298,-140.39958
699,-23.31168,0.01031160344158466,-23.31168
700,51.114964,0.06187209417838688,51.114964
701,-129.48409,0.10989853279997026,-129.48409
702,21.229652,0.0014770263362722867,21.229652
703,-176.7625,-0.18792958251861402,-176.7625
704,-159.00865,-0.0584726292775989,-159.00865
705,-70.878525,-0.1272409394082857,-70.878525
706,-78.650795,-0.04337253668682607,-78.650795
707,-58.005993,-0.006303209003465864,-58.005993
708,8.666506,-0.06647618606452983,8.666506
709,47.453247,0.08457749619275981,47.453247
710,-158.78514,-0.08650167404823382,-158.78514
711,0.0,-0.0665475279980555,0.0
712,0.0,-0.05569552912991114,0.0
713,0.0,0.04752161645396276,0.0
714,-122.31235,-0.03354922910991732,-122.31235
715,0.0,-0.10308008780529232,0.0
716,-124.27737,-0.030752423670778118,-124.27737
717,0.0,-0.01234622821357436,0.0
718,0.0,0.010946333413781477,0.0
719,-166.19583,-0.05201801995561698,-166.19583
720,0.0,-0.03181154796885159,0.0
721,-36.004257,-0.09814402462550512,-36.004257
722,0.0,-0.019361880522207046,0.0
723,0.0,-0.019361880522207046,0.0
724,0.0,-0.06827572835315583,0.0
725,0.0,-0.10628926308340864,0.0
726,0.0,-0.060937959640681064,0.0
727,0.0,-0.02153437148707235,0.0
728,0.0,0.006745589891324231,0.0
729,134.4809,-0.16677308920537837,134.4809
730,-123.406685,0.1624646113223365,-123.406685
731,-7.4714775,0.04553182558443875,-7.4714775
732,0.0,0.030664802543340437,0.0
733,-122.69913,-0.021210268686374642,-122.69913
734,-121.9959,-0.023021582352463335,-121.9959
735,-121.87844,0.03726370771063494,-121.87844
736,123.49495,-0.052312060698567406,123.49495
737,-126.27905,0.2860108989612038,-126.27905
738,125.0245,-0.17655363496695434,125.0245
739,9.729618,-0.014136770729090493,9.729618
740,13.516365,-0.011339706340504331,13.516365
741,0.0,0.07136746759544799,0.0
742,0.0,-0.021910295758856623,0.0
743,0.0,-0.022340779173957485,0.0
744,0.0,-0.048423521203281646,0.0
745,0.0,-0.05492375279366861,0.0
746,0.0,-0.05385551468388234,0.0
747,-145.90686,0.061806027368671475,-145.90686
748,-123.14993,-0.04474792171728961,-123.14993
749,122.498726,-0.05124979469056119,122.498726
750,-128.97241,0.0939978314290155,-128.97241
751,-128.21823,0.1463291296969902,-128.21823
752,125.70885,-0.052287769257428014,125.70885
753,124.59735,0.07570017495453456,124.59735
754,0.0,-0.03231504593511156,0.0
755,0.0,0.014421076322952768,0.0
756,123.079475,-0.1805412609316457,123.079475
757,128.82074,-0.21648998717313112,128.82074
758,128.49109,-0.26882736835099996,128.49109
759,135.02957,-0.30124024181812237,135.02957
760,-121.963104,-0.04554205443618266,-121.963104
761,-121.963104,0.012076125895599036,-121.963104
762,0.0,0.003085021938818764,0.0
763,0.0,0.014512318473501973,0.0
764,0.0,-0.07066447329620469,0.0
765,-76.47967,-0.009466057254873294,-76.47967
766,-124.69404,-0.0037588674269949506,-124.69404
767,124.6873,-0.028686928456923527,124.6873
768,-122.3575,-0.01796063408906307,-122.3575
769,122.357414,-0.02839721839882745,122.357414
770,127.36678,0.0293908091155553,127.36678
771,-127.010475,0.03477693231231073,-127.010475
772,-128.8936,0.23022383821954429,-128.8936
773,123.97517,-0.017114105253020453,123.97517
774,125.09742,0.038400794139544586,125.09742
775,-128.08127,0.1975188449788109,-128.08127
776,131.13646,-0.29304821869296116,131.13646
777,-126.67887,0.20309020414668644,-126.67887
778,124.19069,-0.007783435786234452,124.19069
779,0.0,-0.06396388103405375,0.0
780,-122.249275,0.05771458755400469,-122.249275
781,124.60695,-0.018265882054080612,124.60695
782,-123.77918,-0.09123792271013355,-123.77918
783,125.32466,-0.17161313511390552,125.32466
784,-126.92236,0.11003235283085015,-126.92236
785,-125.546265,0.13092508391565766,-125.546265
786,126.09735,-0.18563103014102747,126.09735
787,-125.12278,0.24674236506257574,-125.12278
788,127.04188,-0.10010450919633306,127.04188
789,122.62943,0.08968635107972266,122.62943
790,-128.22148,0.2738165885863528,-128.22148
791,122.250946,-0.0540757526322849,122.250946
792,0.0,0.005487335714654112,0.0
793,127.27832,-0.13518726433613493,127.27832
794,-122.824,-0.10947712853164945,-122.824
795,-120.62854,-0.06785121347367065,-120.62854
796,-121.90675,0.025834053390493005,-121.90675
797,-128.25266,0.13040421160521148,-128.25266
798,125.9141,-0.10250702653659761,125.9141
799,-127.286026,0.1717971421079963,-127.286026
800,-128.80453,0.19647161746339836,-128.80453
801,131.57718,-0.12459179644713676,131.57718
802,-123.91045,0.12469607062097078,-123.91045
803,127.95217,-0.06421312832787271,127.95217
804,-130.74242,0.13434951655274133,-130.74242
805,125.49964,-0.30499042004937144,125.49964
806,-127.52386,0.19885822871439365,-127.52386
807,131.06563,-0.0914873520283709,131.06563
808,-124.0954,0.08994495563364872,-124.0954
809,129.2731,-0.04694391631699289,129.2731
810,-122.746315,0.14222109208167372,-122.746315
811,-126.54491,0.1798496412200215,-126.54491
812,127.73351,0.006318000409350831,127.73351
813,-125.19275,0.2137675205008788,-125.19275
814,130.59366,-0.21422551870700704,130.59366
815,-125.16729,0.19344937999076525,-125.16729
816,130.1418,-0.20658468496592,130.1418
817,-122.52341,0.14494979166738367,-122.52341
818,121.930305,-0.028001695731325393,121.930305
819,-126.04484,0.10210035320739133,-126.04484
820,122.78418,-0.062408537924876106,122.78418
821,0.0,-0.01660408571700449,0.0
822,0.0,0.030311249402296233,0.0
823,-129.04233,0.19952318054712692,-129.04233
824,0.0,-0.03681693038912769,0.0
825,-136.49167,0.050396586543840015,-136.49167
826,-123.252365,0.15345427765450426,-123.252365
827,-126.40461,0.10256864747084538,-126.40461
828,-127.598595,0.08688922259450645,-127.598595
829,-122.80548,-0.041784979684056305,-122.80548
830,-120.60895,-0.1510538980758681,-120.60895
831,-121.80843,0.036899678026555666,-121.80843
832,126.64717,0.12810275324269893,126.64717
833,-128.14964,0.15342188842372997,-128.14964
834,120.711624,-0.07592583369601434,120.711624
835,-126.41479,0.3097300185379423,-126.41479
836,-124.064415,-0.07735628607464914,-124.064415
837,126.40452,0.004943450516449235,126.40452
838,-129.82721,0.252724306008939,-129.82721
839,-127.85628,0.1436606580579273,-127.85628
840,121.348015,0.04301198267862155,121.348015
841,127.233345,0.15885813259978873,127.233345
842,125.084045,0.0633808451106674,125.084045
843,0.0,-0.06108122581996694,0.0
844,0.0,0.06044721661437816,0.0
845,0.0,0.006546648453789754,0.0
846,-70.11317,-0.06953058552803537,-70.11317
847,-96.05766,0.04010235171593025,-96.05766
848,-91.8504,-0.0435510808086825,-91.8504
849,119.73273,-0.026543992177005406,119.73273
850,-119.640976,-0.038305183606282336,-119.640976
851,128.13354,0.10906445600254601,128.13354
852,-121.202446,-0.11837442150026099,-121.202446
853,-120.95418,-0.09679297570894883,-120.95418
854,123.411255,0.07198107244165357,123.411255
855,-91.708115,0.0481229936929711,-91.708115
856,142.5258,0.17521416859488756,142.5258
857,-128.1482,0.22014631270504145,-128.1482
858,126.05486,-0.1642897975806291,126.05486
859,-125.87498,0.155044641970062,-125.87498
860,126.95768,-0.06441443716365074,126.95768
861,-126.1094,0.2597374201935442,-126.1094
862,-126.88615,0.2347249372523833,-126.88615
863,-126.80266,0.19417042638033044,-126.80266
864,-127.80277,0.21315181562860533,-127.80277
865,-126.79555,0.15190337038698137,-126.79555
866,-125.06677,0.21605446904617767,-125.06677
867,-131.64713,0.17465308173909552,-131.64713
868,-125.02559,0.14864500265719977,-125.02559
869,127.020164,-0.21051540344473346,127.020164
870,-123.038795,0.12253574523953971,-123.038795
871,128.41101,-0.1366618935951179,128.41101
872,-132.4926,-0.08653820547548839,-132.4926
873,-128.70633,-0.01800557460016698,-128.70633
874,-127.1178,-0.09475436114911479,-127.1178
875,-133.02287,-0.11863211707126313,-133.02287
876,-130.98305,-0.02602016868897565,-130.98305
877,122.117386,0.03492473054905522,122.117386
878,124.34782,0.011732155236484285,124.34782
879,-123.804146,-0.112663867937709,-123.804146
880,-133.23808,0.2668729207292975,-133.23808
881,121.2509,0.09247517748607222,121.2509
882,-132.94765,0.11644275446578964,-132.94765
883,-128.99416,0.08171910177118613,-128.99416
884,131.76045,0.07147159282100198,131.76045
885,121.26253,-0.03305047917479931,121.26253
886,-132.73775,0.265326451866393,-132.73775
887,123.19008,-0.01875628691789102,123.19008
888,-132.89828,0.10812966522936247,-132.89828
889,132.70581,-0.1306792992572815,132.70581
890,-134.61925,0.16490441824735905,-134.61925
891,123.70108,0.07401428875918237,123.70108
892,132.84099,0.06751210726082921,132.84099
893,125.571014,0.08063224185701272,125.571014
894,129.25151,-0.12207810006622093,129.25151
895,119.99763,-0.10096279089833675,119.99763
896,-124.80735,0.00263315376128871,-124.80735
897,125.021164,-0.12297139646485979,125.021164
898,-122.31968,0.06731038008326978,-122.31968
899,134.83745,-0.13076978305459208,134.83745
900,124.80879,-0.009341506933391062,124.80879
901,-125.08751,0.080360200395976,-125.08751
902,-128.48685,0.004094415512551948,-128.48685
903,-126.06549,0.25213954481679957,-126.06549
904,130.40907,-0.11480826034916473,130.40907
905,132.95903,-0.22606012371886416,132.95903
906,-126.42987,-0.018022936758852477,-126.42987
907,127.60251,0.11858595100401605,127.60251
908,133.57054,0.108975951581472,133.57054
909,-122.58783,-0.17688915790202725,-122.58783
910,-123.95947,-0.12165552215232513,-123.95947
911,-124.0045,0.08912842361188555,-124.0045
912,-124.705475,-0.0056062142666826005,-124.705475
913,-124.49118,-0.006237155273397775,-124.49118
914,-120.98037,-0.13322284432811382,-120.98037
915,-119.64688,-0.16119789349155908,-119.64688
916,118.88913,0.0612480635606818,118.88913
917,124.91343,0.11358955686998176,124.91343
918,0.0,-0.04041113454651258,0.0
919,118.9035,-0.08671984354971184,118.9035
920,0.0,-0.025384012314160282,0.0
921,121.494385,0.016553115664672345,121.494385
922,120.67165,-0.06993208296225303,120.67165
923,-102.24444,-0.014443733324085642,-102.24444
924,-35.198845,-0.023455772771021732,-35.198845
925,-34.56115,-0.07108723873022592,-34.56115
926,-30.066095,-0.0498098789364895,-30.066095
927,124.40508,0.06762504684860604,124.40508
928,123.78284,0.2384650247983684,123.78284
929,123.312805,0.11004508519082273,123.312805
930,122.811,0.0926140987896022,122.811
931,122.54115,0.012469378519000575,122.54115
932,123.43179,-0.25832247149156995,123.43179
933,125.27226,-0.06444208638930919,125.27226
934,122.82314,-0.02809699603021974,122.82314
935,125.54799,-0.17696584563607068,125.54799
936,-122.28572,0.07125540955170265,-122.28572
937,128.16527,-0.07402897994579435,128.16527
938,129.47125,-0.01531689373904645,129.47125
939,131.32433,-0.08477674007091235,131.32433
940,-120.930084,-0.039152047726825345,-120.930084
941,120.99857,0.00042443616483144736,120.99857
942,-128.0945,-0.10454459880960972,-128.0945
943,129.95605,0.1970502211680977,129.95605
944,125.17379,-0.11727464715512954,125.17379
945,129.94319,0.048911252289729444,129.94319
946,-122.07094,-0.055721234316642165,-122.07094
947,127.38577,0.08954183008906597,127.38577
948,-121.795525,-0.12412717947621013,-121.795525
949,-123.621735,0.0283050854692833,-123.621735
950,-146.63463,0.09169518004378507,-146.63463
951,-95.246796,-0.11548948758123445,-95.246796
952,-95.81142,-0.002769869347760646,-95.81142
953,175.52402,0.5472359345045801,175.52402
954,0.0,-0.011958037524986136,0.0
955,-29.070274,0.004572722513860244,-29.070274
956,-27.420689,-0.00925578394382429,-27.420689
957,-5.728471,0.020265543298308174,-5.728471
958,-29.236242,-0.0011360558577421286,-29.236242
959,0.0,0.020109354531702664,0.0
960,0.0,-0.0560623113070032,0.0
961,-1.3102313,0.0341666009327935,-1.3102313
962,-119.09816,-0.06890952129200521,-119.09816
963,0.0,-0.06644426205758003,0.0
964,0.0,-0.08905324935254318,0.0
965,0.0,-0.08905324935254318,0.0
966,124.75156,-0.07367042586349572,124.75156
967,120.51025,-0.016231902604177586,120.51025
968,119.39424,-0.17396775709126042,119.39424
969,-63.771446,0.01866823062511361,-63.771446
970,-179.6461,-0.03591042500477778,-179.6461
971,-163.84068,-0.017524738626572,-163.84068
972,-125.08674,-0.011399537775336326,-125.08674
973,30.074518,-0.05443139230833819,30.074518
974,177.44725,0.5528894281873735,177.44725
975,-163.75603,-0.01828868058857102,-163.75603
976,-120.814804,0.02019245818737799,-120.814804
977,-125.07791,0.12379848576802802,-125.07791
978,125.18799,0.07303199549359181,125.18799
979,-123.51024,0.025348827612168626,-123.51024
980,-121.41857,-0.014573985423561437,-121.41857
981,-123.815704,-0.16389768985416117,-123.815704
982,-125.19624,-0.14144967022436608,-125.19624
983,-128.60995,0.10276422337681101,-128.60995
984,129.63135,-0.11203357477777183,129.63135
985,123.46499,-0.1737369750192133,123.46499
986,-122.80809,-0.27006083380256163,-122.80809
987,-120.23327,-0.10897316912721075,-120.23327
988,-129.01978,-0.1967378221983785,-129.01978
989,-120.17001,-0.07453929733870344,-120.17001
990,-122.93065,-0.07067610117687935,-122.93065
991,-123.088806,-0.02956953991553271,-123.088806
992,-122.58718,-0.013355440351036968,-122.58718
993,122.785835,0.02064422600095078,122.785835
994,-123.77505,-0.04233570498447835,-123.77505
995,-122.44202,-0.03803829762230932,-122.44202
996,122.28537,-0.03685201779975312,122.28537
997,121.54256,0.023816585432973637,121.54256
998,120.61516,0.0065210701470813535,120.61516
999,119.52523,-0.08314475210450285,119.52523
1000,-128.4279,-0.2638585009822583,-128.4279
1001,119.5285,0.058445940736294236,119.5285
1002,117.826256,-0.08152104825238841,117.826256
1003,120.66124,0.06180346345413899,120.66124
1004,117.72349,0.05461490830590494,117.72349
1005,115.86951,0.06853037991460352,115.86951
1006,115.86959,0.03501746521432168,115.86959
1007,120.83548,-0.03073452253783032,120.83548
1008,118.44926,-0.0808061441253436,118.44926
1009,152.75641,0.8964697098194309,152.75641
1010,0.0,-0.06531432436767193,0.0
1011,0.0,-0.040476583732243755,0.0
1012,0.0,-0.07278001940121893,0.0
1013,-122.38686,-0.02945085968757329,-122.38686
1014,-122.52047,-0.02526348796054231,-122.52047
1015,-123.2607,-0.06004390073107057,-123.2607
1016,-123.36133,-0.1150891307121061,-123.36133
1017,-123.01117,0.014556081393720256,-123.01117
1018,-122.58933,-0.04529008213240487,-122.58933
1019,-123.25501,-0.14542152092410968,-123.25501
1020,123.99808,0.1126605387463048,123.99808
1021,122.69149,0.04794499282824115,122.69149
1022,-123.125,0.05016027807283522,-123.125
1023,-122.81128,-0.09042883647901297,-122.81128
1024,-123.1636,-0.1384111231857842,-123.1636
1025,148.47652,0.5083682609659645,148.47652
1026,150.89456,0.39737901576593443,150.89456
1027,-105.12673,-0.04296926329250325,-105.12673
1028,173.42801,0.6534724546717929,173.42801
1029,-123.90391,-0.11753746125376213,-123.90391
1030,0.0,-0.013397894485078823,0.0
1031,0.0,-0.0061732927471207216,0.0
1032,0.0,0.06732820330580096,0.0
1033,0.0,-0.04503385119449761,0.0
1034,0.0,-0.01757193694625472,0.0
1035,0.0,-0.0033880828269486365,0.0
1036,0.0,-0.02229607369056878,0.0
1037,-122.82692,0.031712119818116176,-122.82692
1038,123.48486,0.10653887581794871,123.48486
1039,0.0,0.006350800486827053,0.0
1040,125.53223,-0.1771627706984033,125.53223
1041,127.23978,-0.14044899096778174,127.23978
1042,-123.28818,0.0069964091636823605,-123.28818
1043,125.48503,0.08760090503193076,125.48503
1044,0.0,-0.09142035419858502,0.0
1045,124.0714,-0.1518654224307031,124.0714
1046,-128.90762,0.13515263951804785,-128.90762
1047,123.62685,-0.14980354096824236,123.62685
1048,-129.10693,0.17392560496313933,-129.10693
1049,126.26367,-0.04007573036640597,126.26367
1050,128.95251,-0.17435401717398896,128.95251
1051,-127.44112,-0.013849288264770726,-127.44112
1052,-128.32803,0.06486139110537852,-128.32803
1053,123.50277,-0.05108400891938313,123.50277
1054,-128.32805,0.11501078873878685,-128.32805
1055,0.0,0.015442801984271077,0.0
1056,-161.83038,-0.17896329819306533,-161.83038
1057,0.0,0.03398570362040615,0.0
1058,-163.69621,-0.001225005615500173,-163.69621
1059,0.0,-0.0650526464673687,0.0
1060,0.0,-0.038686341325045656,0.0
1061,0.0,-0.07234294947971102,0.0
1062,0.0,-0.005865344256610718,0.0
1063,0.0,-0.08520154177803042,0.0
1064,0.0,-0.05407811838990927,0.0
1065,0.0,-0.10451881363047835,0.0
1066,0.0,0.03420698551537048,0.0
1067,0.0,0.02449834172748597,0.0
1068,0.0,-0.0391483354590523,0.0
1069,0.0,0.027063752412240648,0.0
1070,120.87171,-0.15723652916283087,120.87171
1071,0.0,-0.017055913131218247,0.0
1072,123.63637,0.0036939276300964933,123.63637
1073,30.95067,0.014550538737674933,30.95067
1074,125.37965,-0.06201166549460319,125.37965
1075,121.15326,-0.004629956138069581,121.15326
1076,0.0,-0.10300758229172506,0.0
1077,0.0,0.005319307192824355,0.0
1078,134.44855,-0.2781724448015709,134.44855
1079,128.61116,0.037141427976212685,128.61116
1080,-125.98059,-0.06378171305732909,-125.98059
1081,-128.78221,0.08040733648548372,-128.78221
1082,0.0,-0.05314082389095733,0.0
1083,0.0,0.0034062737380485463,0.0
1084,0.0,0.046072029356559754,0.0
1085,0.0,-0.06306231355362173,0.0
1086,0.0,0.03830532083204106,0.0
1087,0.0,-0.08180504217489899,0.0
1088,168.03792,0.4470484731378532,168.03792
1089,123.288635,0.0641070407390414,123.288635
1090,-122.873566,-0.09373738401428643,-122.873566
1091,122.907425,0.057175514656060245,122.907425
1092,122.849335,-0.03161281838389001,122.849335
1093,0.0,-0.03550840465278764,0.0
1094,-64.1566,-0.11166242548364548,-64.1566
1095,147.1155,0.37870373317404815,147.1155
1096,-58.165764,-0.052817625956129315,-58.165764
1097,178.35744,0.29041578753150216,178.35744
1098,91.79387,0.005434352122264058,91.79387
1099,-61.589203,0.037671479751261824,-61.589203
1100,-69.95277,0.03146134833355114,-69.95277
1101,-79.41629,-0.14678754193072466,-79.41629
1102,-179.93773,-0.12627992400712648,-179.93773
1103,179.8268,0.3071187870890349,179.8268
1104,179.9892,-0.007174478119813642,179.9892
1105,128.46477,-0.03593684666635153,128.46477
1106,-120.75822,-0.03508893851063757,-120.75822
1107,124.65026,-0.07416172535543722,124.65026
1108,119.26465,-0.005227749834698413,119.26465
1109,119.265015,0.019632781789663274,119.265015
1110,119.28934,0.04687595233902739,119.28934
1111,119.28552,-0.005438406829645242,119.28552
1112,119.091774,-0.008526012424982882,119.091774
1113,119.99952,-0.1357238846430491,119.99952
1114,-121.61123,-0.07228136025480954,-121.61123
1115,120.01252,-0.017260995792987507,120.01252
1116,119.27468,0.04592017348082706,119.27468
1117,0.0,0.027711145011448363,0.0
1118,0.0,-0.032381080872798854,0.0
1119,0.0,-0.013083103414012042,0.0
1120,0.0,0.06630397137737641,0.0
1121,0.0,0.029958351327987066,0.0
1122,0.0,-0.0017874156020277025,0.0
1123,-124.6649,0.07491807660167046,-124.6649
1124,123.33605,0.03362445181348162,123.33605
1125,126.18259,-0.027262577185441336,126.18259
1126,-125.85432,0.05162231194890858,-125.85432
1127,126.187675,-0.002010694946281367,126.187675
1128,-124.105095,0.2438891330026357,-124.105095
1129,128.11932,-0.0864080073843471,128.11932
1130,126.71727,0.004737092974569062,126.71727
1131,0.0,-0.03248082244688688,0.0
1132,0.063683964,-0.023837351518666065,0.063683964
1133,30.573761,-0.06635781433827803,30.573761
1134,-1.9708072,-0.03263813393847173,-1.9708072
1135,0.0,-0.11961840747458498,0.0
1136,0.0,-0.03348864082607722,0.0
1137,0.0,-0.0367845428141866,0.0
1138,0.0,0.03582130214766093,0.0
1139,-74.46252,-0.10573218979340415,-74.46252
1140,-173.13339,-0.21559867813973585,-173.13339
1141,-96.74371,-0.04676109942138736,-96.74371
1142,-89.3149,-0.02343202915261064,-89.3149
1143,-116.252205,-0.1264126399474866,-116.252205
1144,0.0,-2.421330318716692e-05,0.0
1145,130.06993,-0.12543178528140367,130.06993
1146,127.0668,-0.19657715101380027,127.0668
1147,126.76798,-0.02146834435506039,126.76798
1148,120.655914,-0.083335462558138,120.655914
1149,15.320566,-0.0031852779884010973,15.320566
1150,24.711061,-0.016000642737632752,24.711061
1151,-75.02547,-0.06533754732137742,-75.02547
1152,-107.67565,-0.07049384673592132,-107.67565
1153,-99.675476,-0.08522151559365461,-99.675476
1154,-56.808052,-0.07589030630486376,-56.808052
1155,-162.8631,0.016582746284326988,-162.8631
1156,-58.06446,0.011395461524137358,-58.06446
1157,122.6092,0.12076628671103663,122.6092
1158,-123.09366,-0.11724677960431591,-123.09366
1159,123.59751,0.1630252994811874,123.59751
1160,0.0,-0.09648545059519714,0.0
1161,0.0,-0.052814443769114594,0.0
1162,0.0,0.06344393158518906,0.0
1163,0.0,-0.05803834086105461,0.0
1164,0.0,-0.0673933885673538,0.0
1165,0.0,0.028490581973708153,0.0
1166,0.0,-0.028144688808816983,0.0
1167,0.0,-0.06467974818521166,0.0
1168,0.0,0.020722699292639042,0.0
1169,0.0,-0.025762615148306585,0.0
1170,-129.09087,0.09456257562275278,-129.09087
1171,-127.92844,0.08246778517534424,-127.92844
1172,-128.54097,0.014213588660313298,-128.54097
1173,156.43045,0.3228043899408558,156.43045
1174,-82.12457,-0.12462805362921638,-82.12457
1175,0.0,0.027424971777368502,0.0
1176,-124.40278,0.20377585554808292,-124.40278
1177,0.0,-0.06268841965919664,0.0
1178,0.0,0.03832287332727795,0.0
1179,0.0,-0.07837356336066607,0.0
1180,0.0,0.03071411581807174,0.0
1181,0.0,-0.01459383898619244,0.0
1182,124.115234,-0.07252326407604301,124.115234
1183,-127.02953,0.19437853359904267,-127.02953
1184,128.98306,-0.19459156022773788,128.98306
1185,0.0,0.025811942491640424,0.0
1186,0.0,-0.03060805373765732,0.0
1187,143.3753,0.18681983247376857,143.3753
1188,-125.631165,0.1571988094251246,-125.631165
1189,0.0,-0.003735932817723998,0.0
1190,-123.096504,0.16871984837248163,-123.096504
1191,-133.1233,0.109671768481744,-133.1233
1192,-120.35561,0.06629087680513845,-120.35561
1193,-120.764854,-0.01658804677583318,-120.764854
1194,-124.97959,0.12023920465241798,-124.97959
1195,-120.552055,0.15653692025615373,-120.552055
1196,-123.218956,0.010291732752329698,-123.218956
1197,-127.82296,0.07423250700879802,-127.82296
1198,-126.74683,0.09815123717766112,-126.74683
1199,-124.09001,0.09375757714705557,-124.09001
1200,-126.87003,0.1297041783183943,-126.87003
1201,-125.26607,0.10859192146485842,-125.26607
1202,-124.903625,-0.004986600974050874,-124.903625
1203,122.60801,-0.0589531499759378,122.60801
1204,-125.8394,-0.09530157684494836,-125.8394
1205,-120.76399,-0.009939993462186235,-120.76399
1206,-123.73891,-0.055938230979726986,-123.73891
1207,-122.2043,0.019681586885897214,-122.2043
1208,-126.41901,0.0569234265898777,-126.41901
1209,-126.5043,-0.059765218008113984,-126.5043
1210,124.7688,0.09661596896023682,124.7688
1211,122.66128,0.06334017699028598,122.66128
1212,-122.66132,0.04367881372936751,-122.66132
1213,0.0,-0.06856997681643137,0.0
1214,0.0,-0.05560767591234477,0.0
1215,0.0,-0.08616939896859421,0.0
1216,0.0,-0.009052897969371577,0.0
1217,0.0,-0.027336804290793024,0.0
1218,128.84993,0.07589820770187428,128.84993
1219,-122.41646,0.035331563575735324,-122.41646
1220,-122.41646,-0.0678969158031608,-122.41646
1221,-122.41646,0.035331563575735324,-122.41646
1222,-122.41646,-0.0678969158031608,-122.41646
1223,-122.41646,0.1503720625506111,-122.41646
1224,122.416374,-0.027187902537135024,122.416374
1225,122.416374,-0.0218482844863543,122.416374
1226,122.416374,0.034259983597043235,122.416374
1227,122.416374,-0.0218482844863543,122.416374
1228,122.416374,0.010287207413709986,122.416374
1229,122.416374,-0.027187902537135024,122.416374
1230,122.416374,-0.0218482844863543,122.416374
1231,122.416374,-0.027187902537135024,122.416374
1232,122.416374,0.034259983597043235,122.416374
1233,122.416374,-0.027187902537135024,122.416374
1234,122.416374,-0.0218482844863543,122.416374
1235,-120.73517,0.04928654671550197,-120.73517
1236,-120.73517,0.04928654671550197,-120.73517
1237,122.09315,0.12901745098007875,122.09315
1238,122.09315,0.12901745098007875,122.09315
1239,122.09315,0.12901745098007875,122.09315
1240,0.0,-0.03863922084974316,0.0
1241,121.76617,0.13391392394937263,121.76617
1242,-45.7604,-0.008176547888141539,-45.7604
1243,45.786926,0.006228515770342224,45.786926
1244,122.300705,0.169810914414176,122.300705
1245,0.0,-0.009462591840529956,0.0
1246,0.0,-0.009462591840529956,0.0
1247,0.0,-0.009462591840529956,0.0
1248,-122.50069,-0.06188467389906375,-122.50069
1249,-122.50069,0.040102804704822054,-122.50069
1250,123.948494,-0.06597153710414032,123.948494
1251,123.948494,-0.12869783041967509,123.948494
1252,123.948494,-0.06597153710414032,123.948494
1253,123.948494,-0.06597153710414032,123.948494
1254,123.948494,0.002029228311229899,123.948494
1255,123.948494,-0.07383939713766795,123.948494
1256,123.948494,-0.07383939713766795,123.948494
1257,0.0,-0.026095888099770627,0.0
1258,123.216866,0.07395142656569823,123.216866
1259,123.216866,0.02544101358659027,123.216866
1260,-121.82086,-0.11614599584983287,-121.82086
1261,63.750145,-0.046264123591213874,63.750145
1262,63.750145,-0.046264123591213874,63.750145
1263,54.763237,-0.002650895318193882,54.763237
1264,54.763237,-0.002650895318193882,54.763237
1265,54.763237,-0.008001836136267503,54.763237
1266,54.763237,-0.008001836136267503,54.763237
1267,54.763237,-0.008001836136267503,54.763237
1268,54.763237,-0.008001836136267503,54.763237
1269,54.763237,-0.008001836136267503,54.763237
1270,54.763237,-0.008001836136267503,54.763237
1271,54.763237,-0.008001836136267503,54.763237
1272,-120.17908,-0.10531291330228086,-120.17908
1273,-3.0287616,-0.08907381417914234,-3.0287616
1274,126.81309,0.13773494026193808,126.81309
1275,-122.119804,-0.040533516492556314,-122.119804
1276,0.0,-0.05742034153301587,0.0
1277,0.0,-0.03740483918629711,0.0
1278,0.0,-0.03740483918629711,0.0
1279,0.0,-0.03740483918629711,0.0
1280,0.0,-0.03740483918629711,0.0
1281,0.0,-0.03740483918629711,0.0
1282,0.0,-0.03740483918629711,0.0
1283,0.0,-0.03740483918629711,0.0
1284,0.0,-0.03740483918629711,0.0
1285,0.0,-0.03740483918629711,0.0
1286,0.0,-0.03740483918629711,0.0
1287,0.0,-0.03592664245303502,0.0
1288,0.0,-0.03592664245303502,0.0
1289,0.0,-0.03592664245303502,0.0
1290,0.0,-0.0048933902432708575,0.0
1291,0.0,-0.01923453051514797,0.0
1292,0.0,-0.01923453051514797,0.0
1293,0.0,-0.01923453051514797,0.0
1294,0.0,-0.01923453051514797,0.0
1295,0.0,-0.01923453051514797,0.0
1296,0.0,-0.0048933902432708575,0.0
1297,0.0,-0.01923453051514797,0.0
1298,0.0,-0.01923453051514797,0.0
1299,0.0,-0.01923453051514797,0.0
1300,0.0,-0.01923453051514797,0.0
1301,-51.95934,-0.07426000124018496,-51.95934
1302,-63.6756,-0.07516755995056924,-63.6756
1303,65.3595,-0.010496251280982702,65.3595
1304,-58.339943,-0.053101377549873444,-58.339943
1305,-122.494484,-0.1839737514344261,-122.494484
1306,-122.494484,-0.02664860955332049,-122.494484
1307,-57.228756,-0.07772082694311673,-57.228756
1308,59.317886,0.046970827710784605,59.317886
1309,103.188896,0.07517187435038958,103.188896
1310,103.188896,0.05893550326351028,103.188896
1311,-0.67941904,-0.07922883874486919,-0.67941904
1312,-31.638903,-0.12171158314081273,-31.638903
1313,-122.3935,0.018685164320467164,-122.3935
1314,124.28017,-0.026993299051748906,124.28017
1315,124.28017,-0.03814021973159035,124.28017
1316,124.28017,-0.03814021973159035,124.28017
1317,124.28017,-0.03814021973159035,124.28017
1318,124.28017,-0.03814021973159035,124.28017
1319,122.42762,-0.04511886580853762,122.42762
1320,122.42762,0.04283108081057717,122.42762
1321,122.42762,0.04283108081057717,122.42762
1322,-121.82265,-0.09108835698901135,-121.82265
1323,-121.82265,0.018188102756760367,-121.82265
1324,123.70358,-0.07984411241201973,123.70358
1325,123.70358,-0.08317104360202228,123.70358
1326,122.6539,0.06928039793230803,122.6539
1327,122.6539,0.1619959424741139,122.6539
1328,0.0,0.026551091450680634,0.0
1329,0.0,0.026551091450680634,0.0
1330,122.61087,0.18582484893283013,122.61087
1331,-121.984085,-0.08318905844189992,-121.984085
1332,-123.346985,0.03268670380806995,-123.346985
1333,-123.883545,-0.1666883880423016,-123.883545
1334,-62.13059,-0.08042328795597173,-62.13059
1335,-62.13059,-0.08042328795597173,-62.13059
1336,-164.64388,0.08677083504528674,-164.64388
1337,-164.64388,0.08677083504528674,-164.64388
1338,179.42773,0.7631996351615025,179.42773
1339,179.42773,0.7631996351615025,179.42773
1340,-66.71881,-0.09964902589950358,-66.71881
1341,-66.71881,-0.09964902589950358,-66.71881
1342,0.0,-0.04615513362683004,0.0
1343,0.0,-0.04615513362683004,0.0
1344,0.0,-0.04615513362683004,0.0
1345,0.0,-0.04615513362683004,0.0
1346,0.0,-0.039385296113492556,0.0
1347,0.0,-0.04615513362683004,0.0
1348,0.0,-0.03342061536409159,0.0
1349,0.0,-0.03342061536409159,0.0
1350,0.0,-0.03342061536409159,0.0
1351,0.0,-0.03342061536409159,0.0
1352,0.0,-0.03342061536409159,0.0
1353,0.0,-0.02880145156786173,0.0
1354,0.0,-0.03342061536409159,0.0
1355,0.0,-0.032197143302864786,0.0
1356,0.0,-0.09204107895601397,0.0
1357,0.0,-0.09204107895601397,0.0
1358,0.0,-0.0784767487352909,0.0
1359,0.0,-0.03901347412348884,0.0
1360,0.0,-0.06624811090657498,0.0
1361,-123.21501,-0.01173496320560456,-123.21501
1362,12.024139,-0.06321180421143716,12.024139
1363,12.024139,0.04110317177709688,12.024139
1364,12.024139,0.04110317177709688,12.024139
1365,32.6333,0.06636419940711923,32.6333
1366,32.6333,0.06636419940711923,32.6333
1367,-124.2471,0.058990995635909274,-124.2471
1368,122.41723,0.04551953677125366,122.41723
1369,-121.951035,-0.11854466408694876,-121.951035
1370,0.0,-0.03640853097015495,0.0
1371,0.0,-0.03640853097015495,0.0
1372,0.0,-0.03430232484385046,0.0
1373,0.0,-0.018289796569227478,0.0
1374,0.0,-0.018289796569227478,0.0
1375,0.0,-0.008194801497966052,0.0
1376,0.0,-0.008194801497966052,0.0
1377,0.0,-0.015249268693336315,0.0
1378,0.0,-0.055101180295819494,0.0
1379,0.0,-0.018978244517234105,0.0
1380,0.0,-0.019501030546148043,0.0
1381,120.72193,0.050627613370918464,120.72193
1382,120.72193,0.050627613370918464,120.72193
1383,120.72193,0.050627613370918464,120.72193
1384,120.72193,0.050627613370918464,120.72193
1385,120.72193,0.050627613370918464,120.72193
1386,120.72193,0.050627613370918464,120.72193
1387,120.72193,0.050627613370918464,120.72193
1388,120.72193,0.050627613370918464,120.72193
1389,120.72193,0.050627613370918464,120.72193
1390,120.72193,0.050627613370918464,120.72193
1391,-120.72187,-0.0766412758043425,-120.72187
1392,-120.72187,-0.0766412758043425,-120.72187
1393,-120.72187,-0.0766412758043425,-120.72187
1394,128.66414,0.19424668645996643,128.66414
1395,-121.07208,-0.11346303460723065,-121.07208
1396,-121.86047,0.051334461591929954,-121.86047
1397,-124.433235,0.03913669201806006,-124.433235
1398,124.43296,0.04374966137362704,124.43296
1399,124.43296,0.04374966137362704,124.43296
1400,121.07217,0.06453642730196787,121.07217
1401,121.07217,0.06453642730196787,121.07217
1402,121.07217,0.06453642730196787,121.07217
1403,-124.51867,0.06941824025219327,-124.51867
1404,122.479744,0.026055445397727642,122.479744
1405,122.479744,-0.04438944654284008,122.479744
1406,122.479744,-0.04438944654284008,122.479744
1407,122.479744,-0.04438944654284008,122.479744
1408,121.86053,0.04825931348865691,121.86053
1409,121.86053,0.04825931348865691,121.86053
1410,121.86053,0.04825931348865691,121.86053
1411,121.86053,0.04825931348865691,121.86053
1412,-121.07208,-0.08319012976454992,-121.07208
1413,-121.86047,0.131011649559243,-121.86047
1414,165.88544,0.8465579672303513,165.88544
1415,-69.07014,-0.030297192147690045,-69.07014
1416,122.63708,0.1282398324266713,122.63708
1417,122.63708,0.1282398324266713,122.63708
1418,166.63176,0.777015891618403,166.63176
1419,54.307632,-0.08130518124219674,54.307632
1420,55.332268,0.05049391426418978,55.332268
1421,167.49054,1.0466986221178316,167.49054
1422,-123.87123,-0.006749861487995777,-123.87123
1423,0.0,-0.04261880399905925,0.0
1424,0.0,-0.042326426323718705,0.0
1425,0.0,-0.0038562312300407116,0.0
1426,0.0,-0.0038562312300407116,0.0
1427,0.0,-0.0038562312300407116,0.0
1428,0.0,-0.0191324254676871,0.0
1429,0.0,-0.0191324254676871,0.0
1430,0.0,-0.0191324254676871,0.0
1431,0.0,-0.0191324254676871,0.0
1432,0.0,-0.0191324254676871,0.0
1433,0.0,-0.0191324254676871,0.0
1434,0.0,-0.07252915140454823,0.0
1435,0.0,-0.03423057183755017,0.0
1436,0.0,-0.03423057183755017,0.0
1437,0.0,-0.03869347222071952,0.0
1438,0.0,-0.03869347222071952,0.0
1439,0.0,0.0017857580456816452,0.0
1440,0.0,0.0017857580456816452,0.0
1441,0.0,-0.055752207308534925,0.0
1442,0.0,-0.02894019067461088,0.0
1443,0.0,-0.06747890616180349,0.0
1444,0.0,0.007599995559799982,0.0
1445,0.0,-0.018278656013709926,0.0
1446,11.33225,-0.09592635278052325,11.33225
1447,33.74727,0.027769287211478786,33.74727
1448,121.207726,0.027050722095283735,121.207726
1449,-121.207726,-0.2245768533061732,-121.207726
1450,120.22501,0.14629042092960765,120.22501
1451,-67.49715,-0.07607209612268338,-67.49715
1452,-67.49715,-0.07607209612268338,-67.49715
1453,-67.49715,-0.07928188010446205,-67.49715
1454,-67.49715,-0.07607209612268338,-67.49715
1455,-67.49715,-0.07607209612268338,-67.49715
1456,-67.49715,-0.07607209612268338,-67.49715
1457,-67.49715,-0.07607209612268338,-67.49715
1458,-174.95782,-0.09344435096059558,-174.95782
1459,-174.95782,-0.09344435096059558,-174.95782
1460,0.0,-0.0012616232587074245,0.0
1461,0.0,0.013246566403307325,0.0
1462,0.0,0.013246566403307325,0.0
1463,0.0,-0.006334845118431404,0.0
1464,0.0,-0.006334845118431404,0.0
1465,0.0,-0.029428278891466007,0.0
1466,0.0,-0.029428278891466007,0.0
1467,0.0,-0.029428278891466007,0.0
1468,0.0,-0.010236724677941206,0.0
1469,-121.54679,-0.07954597224010293,-121.54679
1470,122.34254,-0.14716684398259,122.34254
1471,69.98635,0.010767089540998158,69.98635
1472,69.98635,0.010767089540998158,69.98635
1473,69.98635,0.010767089540998158,69.98635
1474,69.98635,0.010767089540998158,69.98635
1475,69.98635,0.010767089540998158,69.98635
1476,69.98635,0.010767089540998158,69.98635
1477,69.98635,0.010767089540998158,69.98635
1478,123.46712,0.2941751627842719,123.46712
1479,-121.98978,-0.12880758886247326,-121.98978
1480,-122.49688,-0.09092675111157023,-122.49688
1481,-123.69789,0.10843667289717701,-123.69789
1482,121.85976,0.0276017635702149,121.85976
1483,123.67345,-0.056309563984787134,123.67345
1484,-70.62591,0.04377485812410388,-70.62591
1485,-0.55727744,-0.00010129391036037121,-0.55727744
1486,120.85311,0.04795000370103464,120.85311
1487,122.56057,0.06611376102785514,122.56057
1488,-121.99621,-0.12328225333182787,-121.99621
1489,0.33881727,-0.005370219939644348,0.33881727
1490,0.33881727,-0.005370219939644348,0.33881727
1491,0.33881727,-0.005370219939644348,0.33881727
1492,0.33881727,-0.005370219939644348,0.33881727
1493,0.33881727,-0.005370219939644348,0.33881727
1494,-0.8206975,-0.05469402721420116,-0.8206975
1495,-0.8206975,-0.05469402721420116,-0.8206975
1496,-0.8206975,-0.05469402721420116,-0.8206975
1497,-0.8206975,-0.05469402721420116,-0.8206975
1498,-0.8206975,-0.05469402721420116,-0.8206975
1499,0.0,-0.0022131776232217327,0.0
1500,0.0,0.05809707615841907,0.0
1501,126.834114,0.0462448628976672,126.834114
1502,-124.70738,-0.025079256315422106,-124.70738
1503,-91.623116,-0.05921318309198695,-91.623116
1504,157.99434,0.5724183814672656,157.99434
1505,-178.69456,-0.3581683480448422,-178.69456
1506,-178.69456,-0.3581683480448422,-178.69456
1507,-178.69456,-0.04378918405079896,-178.69456
1508,178.69261,0.9208876480462324,178.69261
1509,0.0,0.05993164821590089,0.0
1510,-166.10281,-0.10578669812043491,-166.10281
1511,-128.59746,-0.08985444412847118,-128.59746
1512,122.41632,0.03333016500631851,122.41632
1513,122.2932,0.04716401383436085,122.2932
1514,122.2932,0.04716401383436085,122.2932
1515,122.2932,0.04716401383436085,122.2932
1516,-123.75113,-0.03871177798591318,-123.75113
1517,-122.47431,0.06619144162486595,-122.47431
1518,123.62028,-0.019559544330912386,123.62028
1519,-124.41745,-0.16935426626132258,-124.41745
1520,122.05132,0.05225564842307481,122.05132
1521,-124.75824,-0.19619971233004901,-124.75824
1522,120.083565,0.11315123893490561,120.083565
1523,91.7578,0.0468470899416953,91.7578
1524,0.0,0.024899792235718685,0.0
1525,125.97941,0.19190547673804753,125.97941
1526,125.97941,0.19190547673804753,125.97941
1527,125.97941,0.08109573752611138,125.97941
1528,125.97941,0.005797490485090194,125.97941
1529,125.97941,0.19190547673804753,125.97941
1530,125.97941,0.19190547673804753,125.97941
1531,125.97941,0.005797490485090194,125.97941
1532,-121.87398,-0.06423670122036071,-121.87398
1533,-121.87398,-0.07776674068376956,-121.87398
1534,-120.22075,-0.11756579355806876,-120.22075
1535,120.63209,0.19138956419650444,120.63209
1536,120.63209,0.19138956419650444,120.63209
1537,0.0,0.03655385468862819,0.0
1538,0.0,-0.02782766662149582,0.0
1539,0.0,-0.022493917372680902,0.0
1540,-27.962103,-0.06212416774926861,-27.962103
1541,-27.962103,-0.06212416774926861,-27.962103
1542,4.195442,0.0013087097231436911,4.195442
1543,4.195442,0.0013087097231436911,4.195442
1544,0.0,-0.038837001136434984,0.0
1545,0.0,-0.038837001136434984,0.0
1546,-121.00707,-0.1299322051649065,-121.00707
1547,119.7163,0.102093613634518,119.7163
1548,16.687187,-0.001962845510612512,16.687187
1549,0.0,0.02262938356644928,0.0
1550,123.10413,0.1264170036501014,123.10413
1551,87.98246,-0.011187219840841821,87.98246
1552,-121.52443,-0.06882915624139639,-121.52443
1553,123.845375,-0.001256445606587445,123.845375
1554,123.845375,0.10815751484468407,123.845375
1555,123.845375,-0.0014609655619815354,123.845375
1556,123.845375,0.012399257853512459,123.845375
1557,123.845375,-0.001256445606587445,123.845375
1558,123.59885,0.04313105005895551,123.59885
1559,123.59885,0.04313105005895551,123.59885
1560,123.58864,0.08239465797451444,123.58864
1561,122.37383,0.06640447824832253,122.37383
1562,-121.96385,-0.18107889443712089,-121.96385
1563,70.167854,0.02698667597693181,70.167854
1564,46.82584,0.01014596442888397,46.82584
1565,61.99384,-0.031597520778747994,61.99384
1566,61.99384,-0.031597520778747994,61.99384
1567,61.99384,-0.031597520778747994,61.99384
1568,61.99384,-0.031597520778747994,61.99384
1569,61.99384,-0.031597520778747994,61.99384
1570,0.0,0.008686285768571115,0.0
1571,0.0,0.008686285768571115,0.0
1572,169.6167,0.7072374155194153,169.6167
1573,-169.61604,-0.015730073114210184,-169.61604
1574,-122.862495,-0.1529053849511321,-122.862495
1575,-121.03508,-0.038437614643880985,-121.03508
1576,0.0,-0.036609197512023794,0.0
1577,-75.145,-0.0960708876202607,-75.145
1578,-75.145,-0.0960708876202607,-75.145
1579,-75.145,-0.0960708876202607,-75.145
1580,77.523735,-0.009622052186324392,77.523735
1581,77.523735,-0.009622052186324392,77.523735
1582,77.523735,-0.009622052186324392,77.523735
1583,123.353806,-0.03812236279537259,123.353806
1584,179.37476,-0.06851263535953109,179.37476
1585,0.0,0.014669139889507226,0.0
1586,123.632675,0.05305772186319972,123.632675
1587,-128.31738,-0.09055575482169256,-128.31738
1588,0.0,0.0024599479106344416,0.0
1589,128.41652,0.3856752798621178,128.41652
1590,123.67313,-0.01784116510366935,123.67313
1591,123.67313,-0.01784116510366935,123.67313
1592,123.201004,-0.018178591533215577,123.201004
1593,-172.82764,-0.4122788035169306,-172.82764
1594,-123.065926,-0.1700787462183223,-123.065926
1595,122.38089,0.1321755702999871,122.38089
1596,122.38089,0.1321755702999871,122.38089
1597,-121.96283,-0.14214215855376142,-121.96283
1598,121.577225,0.05236594152865567,121.577225
1599,122.31079,0.030864941654889972,122.31079
1600,-61.665462,-0.02440138036668077,-61.665462
1601,-0.65168935,-0.020469365468809647,-0.65168935
1602,-0.65168935,-0.020469365468809647,-0.65168935
1603,0.0,-0.0218409894141106,0.0
1604,0.0,-0.03883921010029928,0.0
1605,-57.241062,-0.05779814867357893,-57.241062
1606,59.23932,0.012226323376352785,59.23932
1607,-123.00454,-0.1948051270301584,-123.00454
1608,-127.87754,-0.15883845970090543,-127.87754
1609,-132.76169,0.11099285020342649,-132.76169
1610,0.0,0.048479865179200436,0.0
1611,-0.44226384,0.092295078907909,-0.44226384
1612,125.125206,0.11014469145452298,125.125206
1613,-125.62718,-0.07778133006397552,-125.62718
1614,123.58104,0.06777248340891011,123.58104
1615,123.75757,0.12785060233976078,123.75757
1616,124.453224,0.10578927650593754,124.453224
1617,-123.03087,-0.14134495202937347,-123.03087
1618,121.888115,0.0753125807802448,121.888115
1619,-179.55582,0.07562574670770379,-179.55582
1620,178.41621,0.6628369351975921,178.41621
1621,-68.81477,0.003315424194266412,-68.81477
1622,0.36651167,-0.004766065160534308,0.36651167
1623,151.15237,0.3547722836808008,151.15237
1624,178.3322,0.6022670650451004,178.3322
1625,-123.70845,-0.24299806523226491,-123.70845
1626,-123.8341,-0.22985562937007437,-123.8341
1627,-127.88894,-0.40352278505138806,-127.88894
1628,123.78747,0.1010982004915425,123.78747
1629,-11.061861,-0.06914989664746746,-11.061861
1630,0.0,0.03033431118720274,0.0
1631,0.0,0.08700166449503811,0.0
1632,31.73846,-0.008822451519614215,31.73846
1633,0.6763632,0.019440244261158528,0.6763632
1634,-121.48234,-0.18407572130458927,-121.48234
1635,-123.00763,-0.275032099728867,-123.00763
1636,0.0,-0.003902636752910208,0.0
1637,-121.84053,-0.07445072195222094,-121.84053
1638,122.42806,-0.025311986735996734,122.42806
1639,-123.083015,-0.2777519337569892,-123.083015
1640,-65.98988,0.01015334094880406,-65.98988
1641,31.192684,-0.042666525856865666,31.192684
1642,55.86246,0.07599900916157623,55.86246
1643,-68.36706,-0.11029198725088409,-68.36706
1644,-77.566124,-0.007133084633473959,-77.566124
1645,-77.566124,-0.007133084633473959,-77.566124
1646,-78.0495,-0.10440619505852522,-78.0495
1647,-78.0495,-0.10440619505852522,-78.0495
1648,-78.0495,-0.10440619505852522,-78.0495
1649,-78.0495,-0.10440619505852522,-78.0495
1650,-78.0495,-0.10440619505852522,-78.0495
1651,-78.0495,-0.10440619505852522,-78.0495
1652,-78.0495,-0.10440619505852522,-78.0495
1653,-78.0495,-0.10440619505852522,-78.0495
1654,61.815758,0.041038482608425034,61.815758
1655,123.685585,0.04274075400280682,123.685585
1656,-124.30692,-0.016664458603947406,-124.30692
1657,-179.02893,-0.15630155396448717,-179.02893
1658,0.7981879,-0.014893547603942625,0.7981879
1659,124.71814,0.2572529902492853,124.71814
1660,123.8578,0.0643525141779355,123.8578
1661,128.20346,0.025392181558141484,128.20346
1662,123.41054,0.10488754865238996,123.41054
1663,123.3956,-0.029435954382771752,123.3956
1664,-125.53868,-0.15584837265916254,-125.53868
1665,121.89295,0.08152414927758837,121.89295
1666,-30.059298,-0.03178143723889739,-30.059298
1667,-175.6296,-0.1620126453225706,-175.6296
1668,178.56831,0.7611512730035165,178.56831
1669,-68.1934,-0.08835489206105275,-68.1934
1670,-179.06671,-0.1936461785059796,-179.06671
1671,153.6583,1.0810633778675083,153.6583
1672,121.462326,0.07143988355707191,121.462326
1673,-123.18646,-0.02998079626738794,-123.18646
1674,31.798893,-0.013074275259838692,31.798893
1675,120.96356,-0.0036307470382412293,120.96356
1676,-179.20859,-0.07305517610451888,-179.20859
1677,0.0,-0.04045554540803579,0.0
1678,0.0,-0.03512127570652449,0.0
1679,122.534515,0.2618726660886228,122.534515
1680,-122.526245,0.0776173584364516,-122.526245
1681,-67.02755,0.007961364244589741,-67.02755
1682,0.0,-0.038699439183100176,0.0
1683,0.0,-0.020284129374144835,0.0
1684,-179.19112,-0.23091116709255188,-179.19112
1685,-120.96698,-0.031092482581473384,-120.96698
1686,-121.29406,-0.09866208557386988,-121.29406
1687,62.406395,-0.045047026077877986,62.406395
1688,58.88245,0.04145399882876251,58.88245
1689,179.74864,-0.6960849817902893,179.74864
1690,176.23552,0.7207690645532507,176.23552
1691,-124.22814,-0.0021262999486259394,-124.22814
1692,123.59137,0.0135034018815346,123.59137
1693,-120.90015,-0.27337912241960316,-120.90015
1694,-126.71772,-0.09422768546561665,-126.71772
1695,122.1824,0.03939894235809787,122.1824
1696,121.84582,-0.04751503713662617,121.84582
1697,174.7251,1.2922830838290524,174.7251
1698,-171.37416,-0.13255232866726352,-171.37416
1699,128.31206,-0.027942407998782837,128.31206
1700,44.31775,-0.023767184597826407,44.31775
1701,-2.036834,-0.025245027636969616,-2.036834
1702,0.0,0.009298961760830615,0.0
1703,0.0,-0.005926780030968492,0.0
1704,0.0,-0.03323722131410362,0.0
1705,0.0,-0.004768505666639311,0.0
1706,178.48584,1.1198015977938092,178.48584
1707,-124.050026,-0.023489746463440337,-124.050026
1708,130.34387,0.053224323292337374,130.34387
1709,0.0,-0.0799052264709685,0.0
1710,-121.892334,-0.07331586152271487,-121.892334
1711,-124.20205,-0.047257449367226326,-124.20205
1712,137.29079,0.23564399676552925,137.29079
1713,65.06039,0.03790540998169214,65.06039
1714,-57.178104,-0.037748501653175955,-57.178104
1715,0.0,-0.033051597353086826,0.0
1716,179.38884,0.4949356883478204,179.38884
1717,-71.75463,-0.1182440785516761,-71.75463
1718,94.70623,0.038729992301320494,94.70623
1719,-123.11218,-0.22379885139424022,-123.11218
1720,121.7374,0.07151569144079119,121.7374
1721,-70.70042,0.01096719517471246,-70.70042
1722,-70.70042,0.01096719517471246,-70.70042
1723,-70.70042,0.01096719517471246,-70.70042
1724,-70.70042,0.01096719517471246,-70.70042
1725,-70.70042,0.01096719517471246,-70.70042
1726,119.794014,0.05040375498167425,119.794014
1727,-119.7941,-0.06614384900940394,-119.7941
1728,119.00398,0.060433012641289856,119.00398
1729,-123.25812,-0.3058773631004908,-123.25812
1730,172.547,0.9488396761957211,172.547
1731,-63.403244,-0.012089464616736555,-63.403244
1732,127.11553,-0.022104503439944356,127.11553
1733,32.020035,-0.0170179598209927,32.020035
1734,32.020035,-0.0170179598209927,32.020035
1735,32.020035,-0.0170179598209927,32.020035
1736,32.020035,-0.0170179598209927,32.020035
1737,-120.954895,-0.10304620158700717,-120.954895
1738,123.84056,0.15634414046594816,123.84056
1739,-5.365953,-0.02385269913503716,-5.365953
1740,-123.60432,0.0423415238101886,-123.60432
1741,121.44692,0.07771142414736126,121.44692
1742,121.124084,0.09145389637145648,121.124084
1743,-0.5107264,-0.06030514185850586,-0.5107264
1744,-121.507324,-0.0761786757222464,-121.507324
1745,122.388336,0.0458934740659199,122.388336
1746,-128.20886,-0.1523675727867547,-128.20886
1747,-128.20886,-0.23700926836557537,-128.20886
1748,-175.81789,-0.2942853243871212,-175.81789
1749,49.480343,-0.02212099183072548,49.480343
1750,119.13895,0.11239972838466271,119.13895
1751,119.13895,0.11239972838466271,119.13895
1752,-123.42474,-0.3216083839394027,-123.42474
1753,-123.42474,-0.3216083839394027,-123.42474
1754,56.612717,0.04772024441057402,56.612717
1755,-57.81487,-0.07812907891470723,-57.81487
1756,-121.89138,-0.06205507539003395,-121.89138
1757,178.19191,0.7935840090504754,178.19191
1758,178.19191,0.7935840090504754,178.19191
1759,-121.3192,-0.13781949983572067,-121.3192
1760,66.15386,0.060559521202676006,66.15386
1761,-171.76372,-0.25824051435380724,-171.76372
1762,68.612785,0.020847935303210798,68.612785
1763,91.99472,0.03420312734503207,91.99472
1764,91.99472,0.03420312734503207,91.99472
1765,91.99472,0.03420312734503207,91.99472
1766,60.149315,-0.0033611301458184905,60.149315
1767,120.819176,0.03241574881734826,120.819176
1768,174.64105,0.9163710149633434,174.64105
1769,-175.34492,-0.1972607084990505,-175.34492
1770,-57.58748,-0.1345498486151235,-57.58748
1771,-0.444715,0.03374667302145953,-0.444715
1772,-123.41754,-0.021042927528879,-123.41754
1773,119.60517,0.14039027334064613,119.60517
1774,-121.1131,-0.1938194085103621,-121.1131
1775,123.7043,-0.036599936260057954,123.7043
1776,0.0,-0.006943894166208409,0.0
1777,67.10109,0.05371099615599127,67.10109
1778,-2.7025669,-0.007298459306517807,-2.7025669
1779,-123.288284,-0.21935035706818048,-123.288284
1780,-4.563031,-0.09819694304854448,-4.563031
1781,-1.7500805,-0.029545537307617057,-1.7500805
1782,2.2052076,0.01614800818598533,2.2052076
1783,121.760124,0.08529500179757787,121.760124
1784,-51.53239,-0.03585209779931792,-51.53239
1785,-62.402283,-0.12926259711629168,-62.402283
1786,-58.109467,-0.020875891643703667,-58.109467
1787,-123.42086,-0.05452044722963883,-123.42086
1788,-123.3485,-0.07029686727877549,-123.3485
1789,-124.62501,0.14459690593536928,-124.62501
1790,-124.62501,-0.04363969339864106,-124.62501
1791,-59.15411,-0.06611269571301749,-59.15411
1792,58.502365,0.023035542413089593,58.502365
1793,176.64731,0.988332551055997,176.64731
1794,3.4485736,-0.0038540692015567087,3.4485736
1795,124.22711,-0.030943922766070428,124.22711
1796,-130.48248,-0.12674484200848715,-130.48248
1797,-64.49939,-0.049283837162396454,-64.49939
1798,2.8798766,-0.017927338495305246,2.8798766
1799,-2.7600896,-0.08498363677934279,-2.7600896
1800,125.73932,0.0077235356669768706,125.73932
1801,-121.684525,-0.06945817532157374,-121.684525
1802,-125.837875,0.03290183615490243,-125.837875
1803,31.694986,-0.014340048947148886,31.694986
1804,0.04674319,-0.059536815169469584,0.04674319
1805,0.6337566,-0.014509626834354078,0.6337566
1806,126.54752,0.08348954283298433,126.54752
1807,123.541756,0.03874871245681346,123.541756
1808,-25.094372,-0.04262166168219431,-25.094372
1809,16.851103,-0.07340342982871946,16.851103
1810,-29.305082,-0.013816629855486543,-29.305082
1811,28.295317,-0.06714368664035342,28.295317
1812,64.71244,-0.0011367721990572406,64.71244
1813,64.423485,-0.06786968009767828,64.423485
1814,-176.31406,-0.19218181443944296,-176.31406
1815,70.330986,0.12128543934269699,70.330986
1816,-53.294712,-0.08508062374389419,-53.294712
1817,59.381794,-0.04326592950824834,59.381794
1818,-173.84874,-0.2742896278187894,-173.84874
1819,-52.855595,-0.0834791243487696,-52.855595
1820,56.228462,-0.010825296262484008,56.228462
1821,-129.79286,0.23665180454983198,-129.79286
1822,124.81754,0.09896365936383247,124.81754
1823,175.1121,0.7070800627549388,175.1121
1824,179.5237,0.7326670219385111,179.5237
1825,-125.25909,0.07205076176360527,-125.25909
1826,68.137436,0.05461653139891211,68.137436
1827,-63.449703,-0.07020365332954419,-63.449703
1828,25.506487,-0.053296656335528735,25.506487
1829,25.506487,-0.053296656335528735,25.506487
1830,66.990074,0.03908424142009667,66.990074
1831,32.73754,-0.025834163382074005,32.73754
1832,-2.2974374,-0.044293855955541965,-2.2974374
1833,-2.6051183,-0.09581544909404821,-2.6051183
1834,-121.03774,-0.10351989987525685,-121.03774
1835,43.26217,-0.015445736641129006,43.26217
1836,-125.180565,0.024157969144860608,-125.180565
1837,56.9871,-0.005668933020785342,56.9871
1838,-65.53526,-0.09130308693668901,-65.53526
1839,-123.26331,-0.08825557618357505,-123.26331
1840,122.17444,0.0140304287692,122.17444
1841,70.189766,0.041497395208461504,70.189766
1842,62.21756,0.04709485236631701,62.21756
1843,-79.39834,-0.06991795768134897,-79.39834
1844,-2.086009,-0.11238753079830509,-2.086009
1845,-2.2323072,-0.08732778063656942,-2.2323072
1846,-179.59102,-0.42750389317956444,-179.59102
1847,-174.92818,-0.3656215720065592,-174.92818
1848,-1.5063419,0.00946736904666216,-1.5063419
1849,-83.10326,-0.046400671036221974,-83.10326
1850,-83.10326,-0.046400671036221974,-83.10326
1851,-83.10326,-0.05643056237381154,-83.10326
1852,69.602745,0.12443466210233807,69.602745
1853,69.602745,0.12443466210233807,69.602745
1854,-63.98925,-0.11710336419780452,-63.98925
1855,-31.070621,-0.04590404920960689,-31.070621
1856,0.68066275,-0.06781388832759747,0.68066275
1857,-0.79751813,-0.07276810467082814,-0.79751813
1858,176.98299,0.9065045064559445,176.98299
1859,-63.286446,-0.047494498109656724,-63.286446
1860,-0.42803943,-0.0482477389147858,-0.42803943
1861,-0.7753252,-0.03572408108827272,-0.7753252
1862,21.75755,-0.03551248243018605,21.75755
1863,-3.8137934,-0.08321484071887768,-3.8137934
1864,7.166127,-0.04788355829020531,7.166127
1865,-1.5606449,-0.031611137664201254,-1.5606449
1866,-1.5606449,-0.031611137664201254,-1.5606449
1867,-169.344,-0.026456379097998486,-169.344
1868,55.559185,0.07152590261077137,55.559185
1869,119.199135,0.059437814583173876,119.199135
1870,119.199135,0.059437814583173876,119.199135
1871,-120.84069,-0.16209771785655883,-120.84069
1872,-120.84069,-0.16209771785655883,-120.84069
1873,-176.42265,-0.2887053035833056,-176.42265
1874,58.86832,0.03879366491350392,58.86832
1875,-68.23668,-0.07370219031315399,-68.23668
1876,-59.604195,-0.04124868045210864,-59.604195
1877,-59.398464,-0.046284960820612744,-59.398464
1878,61.8626,0.02336850742356318,61.8626
1879,-70.62079,-0.030458524134974466,-70.62079
1880,-58.71251,-0.04577787092546527,-58.71251
1881,58.786053,-0.04759863340747116,58.786053
1882,-57.77,-0.05949925428361553,-57.77
1883,126.401985,0.09197291535521704,126.401985
1884,77.43019,0.016404810506559772,77.43019
1885,-62.47416,-0.08511501958471296,-62.47416
1886,-177.6616,-0.18593071675580988,-177.6616
1887,-177.6616,-0.18593071675580988,-177.6616
1888,176.33089,0.6726525199475151,176.33089
1889,178.37831,1.111797405494944,178.37831
1890,62.894794,0.03312197826201643,62.894794
1891,178.86024,0.7424262582054939,178.86024
1892,-63.15146,-0.09448225420889993,-63.15146
1893,63.565178,0.049169517744483165,63.565178
1894,-124.52673,0.04392696578323851,-124.52673
1895,-124.52673,0.045046897065995954,-124.52673
1896,-171.2291,-0.33039558777704264,-171.2291
1897,-51.87473,-0.040922477251364914,-51.87473
1898,63.25419,0.061358700167138375,63.25419
1899,177.976,0.8675453768068866,177.976
1900,-65.077515,-0.09927298986066281,-65.077515
1901,178.74086,0.6021687694323276,178.74086
1902,-179.75563,-0.07434633090034594,-179.75563
1903,66.66835,-0.012318516159226146,66.66835
1904,-70.958305,-0.08235817207548927,-70.958305
1905,-60.502495,-0.06256558732826943,-60.502495
1906,126.0886,0.19033889786268002,126.0886
1907,-2.4006555,-0.04704468418821664,-2.4006555
1908,125.22094,0.11673328373403898,125.22094
1909,-124.91982,0.10889070377573601,-124.91982
1910,-62.344704,-0.14826195469980108,-62.344704
1911,-57.55314,-0.05548185499966772,-57.55314
1912,-133.28479,0.06468011607465783,-133.28479
1913,-126.11331,0.03515427025820726,-126.11331
1914,-124.845665,0.372177551877575,-124.845665
1915,124.776695,0.059532588135306576,124.776695
1916,64.25904,-0.006046903145651261,64.25904
1917,119.65755,0.05859068426386404,119.65755
1918,119.65755,0.05859068426386404,119.65755
1919,-123.44095,-0.3502881008076425,-123.44095
1920,-64.25767,-0.13359636035015673,-64.25767
1921,63.25915,-0.009682754604396318,63.25915
1922,-57.047047,-0.03952957329797296,-57.047047
1923,-58.860218,-0.019181142518061255,-58.860218
1924,-60.536915,-0.08955505699388684,-60.536915
1925,175.61203,0.8030134134452159,175.61203
1926,-174.20125,-0.3623908208195902,-174.20125
1927,-5.740596,-0.06706661474821528,-5.740596
1928,-2.1042051,-0.019457304803010587,-2.1042051
1929,179.33351,0.5504590418162567,179.33351
1930,59.519043,0.0908623750720953,59.519043
1931,-57.432327,-0.019386823874270986,-57.432327
1932,-58.003475,-0.10622774522634666,-58.003475
1933,161.28151,0.47358329481542427,161.28151
1934,50.18671,-0.04846419165929979,50.18671
1935,-6.1646256,-0.048702185500233065,-6.1646256
1936,-6.1646256,-0.048702185500233065,-6.1646256
1937,2.0549762,-0.01882321179757479,2.0549762
1938,2.0549762,-0.01882321179757479,2.0549762
1939,8.140088,-0.02334705952372262,8.140088
1940,8.140088,-0.02334705952372262,8.140088
1941,62.016888,0.05396495575871932,62.016888
1942,97.849174,0.0602681229843815,97.849174
1943,-54.918163,-0.06043140285491879,-54.918163
1944,-60.85479,-0.07688298247689701,-60.85479
1945,-64.31167,-0.08666234155491377,-64.31167
1946,64.49648,-0.02759002042987121,64.49648
1947,178.82292,0.6603576194343662,178.82292
1948,-56.787643,-0.09274600056430796,-56.787643
1949,-1.6384209,-0.10366678377188271,-1.6384209
1950,-1.6384209,-0.10366678377188271,-1.6384209
1951,32.750195,0.013077636655909365,32.750195
1952,32.750195,0.013077636655909365,32.750195
1953,-57.41518,-0.017615423923821573,-57.41518
1954,176.36057,0.49059220777429213,176.36057
1955,120.32378,0.1448814424267058,120.32378
1956,120.32378,0.1448814424267058,120.32378
1957,130.16812,-0.09248197622449769,130.16812
1958,-4.7125735,-0.05067420487886171,-4.7125735
1959,-64.929306,-0.06307769436340238,-64.929306
1960,6.0107512,-0.06390920732043615,6.0107512
1961,-29.971346,-0.018608369237498628,-29.971346
1962,30.228697,-0.04573786684813795,30.228697
1963,-98.186104,-0.07927162521148495,-98.186104
1964,70.3546,0.01580949369852871,70.3546
1965,96.838615,0.1497942588912927,96.838615
1966,59.352295,0.04641512811568692,59.352295
1967,-75.59257,-0.21091349516691327,-75.59257
1968,-71.57027,-0.04189877112240512,-71.57027
1969,-177.7893,-0.03042853374109413,-177.7893
1970,68.07331,-0.002045119828207675,68.07331
1971,-60.934586,-0.1102746755703457,-60.934586
1972,0.0,0.01704959178192787,0.0
1973,0.0,0.011268413302469107,0.0
1974,55.866436,0.02483377315843528,55.866436
1975,-59.13804,0.0016913731174051888,-59.13804
1976,-125.38555,0.03797322559986758,-125.38555
1977,64.93134,0.05461371486711296,64.93134
1978,-103.0176,-0.05350753599425391,-103.0176
1979,-49.303104,-0.09943010989066656,-49.303104
1980,-54.93343,-0.041844476793605256,-54.93343
1981,26.538641,-0.017050023735724076,26.538641
1982,-58.51257,-0.07742665941865726,-58.51257
1983,100.8305,0.044410690508472336,100.8305
1984,65.564445,-0.04667820558767707,65.564445
1985,-124.79857,-0.11813383607601895,-124.79857
1986,-122.383446,-0.07223165626299097,-122.383446
1987,-1.3753958,-0.10716513319343132,-1.3753958
1988,-1.3753958,-0.10716513319343132,-1.3753958
1989,63.057095,-0.022255264155707815,63.057095
1990,70.22796,0.0813179649146511,70.22796
1991,119.76673,0.17598261311781088,119.76673
1992,119.76673,0.17598261311781088,119.76673
1993,-121.54434,-0.15985879084137192,-121.54434
1994,-121.54434,-0.15985879084137192,-121.54434
1995,-60.03534,-0.02542588153967233,-60.03534
1996,-129.00194,0.2913703116599715,-129.00194
1997,-1.5619748,-0.04863571629049563,-1.5619748
1998,175.85493,0.8260735696555631,175.85493
1999,-179.52383,-0.21322739716114136,-179.52383
2000,119.82358,0.22040269269945043,119.82358
2001,119.82358,0.22040269269945043,119.82358
2002,-55.326878,-0.012323287465661074,-55.326878
2003,-5.759146,-0.08112984154292663,-5.759146
2004,-5.759146,-0.08112984154292663,-5.759146
2005,60.454216,-0.04709958814673095,60.454216
2006,-69.83005,-0.056728517813716614,-69.83005
2007,123.09832,0.047864523634559134,123.09832
2008,-174.89545,-0.16485987229205018,-174.89545
2009,33.876427,0.06336513921105523,33.876427
2010,-2.76935,-0.08232375817268249,-2.76935
2011,60.069107,0.054641475678710215,60.069107
2012,-176.17905,-0.20964757535218315,-176.17905
2013,173.11955,0.6110712297236679,173.11955
2014,64.42505,0.024766811084721972,64.42505
2015,0.0,0.0023298228361458397,0.0
2016,0.0,0.0103564831956581,0.0
2017,-118.313194,0.0009545177739578596,-118.313194
2018,62.98469,-0.032469923326720246,62.98469
2019,-70.60882,-0.05277268867384916,-70.60882
2020,122.55024,0.0035475138961605307,122.55024
2021,58.354794,-0.04566349443276229,58.354794
2022,-68.808624,-0.03541245766626818,-68.808624
2023,60.255108,-0.07507582518402528,60.255108
2024,-172.95761,-0.09837221862966818,-172.95761
2025,64.58239,0.0028952822527904165,64.58239
2026,-68.049255,-0.06143050262172832,-68.049255
2027,-69.36567,-0.03985205970157474,-69.36567
2028,64.36631,-0.018036676455921028,64.36631
2029,0.0,0.014558485524547585,0.0
2030,0.0,0.018563703407837518,0.0
2031,-121.41247,0.12346169494804118,-121.41247
2032,-121.41247,0.12346169494804118,-121.41247
2033,58.351955,0.009212158304271464,58.351955
2034,-53.887585,0.0022878730273477267,-53.887585
2035,-177.51062,-0.3422065212048805,-177.51062
2036,-50.006493,0.06190748182824121,-50.006493
2037,80.36156,0.060002509140887415,80.36156
2038,-179.60645,-0.16892176885146026,-179.60645
2039,176.23517,0.6982851049776652,176.23517
2040,-61.276726,-0.05531479630571012,-61.276726
2041,63.132847,-0.12038111889209614,63.132847
2042,176.64053,0.6702110733379918,176.64053
2043,-128.01732,-0.24833981750459166,-128.01732
2044,-31.063368,-0.07128649686867808,-31.063368
2045,2.7848487,0.006906988622545236,2.7848487
2046,-0.74655825,-0.05249427263180192,-0.74655825
2047,-135.03563,0.12588843668655922,-135.03563
2048,124.406784,0.2434170323737588,124.406784
2049,124.406784,0.2434170323737588,124.406784
2050,-124.40005,-0.3418756910343706,-124.40005
2051,-124.40005,-0.3418756910343706,-124.40005
2052,-128.77756,-0.10368842936321217,-128.77756
2053,-128.77756,-0.034902841330008746,-128.77756
2054,128.63647,0.1170655703403147,128.63647
2055,-120.99746,-0.07231203560280947,-120.99746
2056,-3.1152322,-0.007103157007160917,-3.1152322
2057,-2.2583299,-0.026280674916039918,-2.2583299
2058,-173.31749,-0.18232558232425505,-173.31749
2059,-75.54114,-0.08243343774759221,-75.54114
2060,-73.85943,-0.09767999650845773,-73.85943
2061,-179.95058,-0.1391314104530309,-179.95058
2062,-65.57078,-0.15334041762817383,-65.57078
2063,59.929,0.055331110159594826,59.929
2064,-79.3549,-0.06017621233175375,-79.3549
2065,-64.509056,-0.032459805174276705,-64.509056
2066,-63.209293,-0.11269332326609681,-63.209293
2067,-31.536476,-0.05764241132800832,-31.536476
2068,0.06871737,-0.06848773719453757,0.06871737
2069,174.45444,0.8850701318731036,174.45444
2070,76.35271,0.0278808900064819,76.35271
2071,-55.996243,-0.026551813355345243,-55.996243
2072,-59.06384,-0.04221376343744545,-59.06384
2073,178.77907,0.38527074220726215,178.77907
2074,61.85985,0.07156368001426698,61.85985
2075,0.0,-0.047673159066461274,0.0
2076,49.761143,0.0009245079629640112,49.761143
2077,169.06523,0.6066779968656361,169.06523
2078,-54.196983,-0.0969925188214061,-54.196983
2079,-54.130867,-0.054038210614536855,-54.130867
2080,54.35713,0.08047114786404529,54.35713
2081,53.34437,0.030859291224297026,53.34437
2082,-58.517815,-0.048781749820781845,-58.517815
2083,-178.68575,-0.1057297096890474,-178.68575
2084,-2.2669702,-0.018667117945826654,-2.2669702
2085,60.79479,-0.03674611873790806,60.79479
2086,-79.36563,-0.15416334117085262,-79.36563
2087,0.0,0.00047100935378077387,0.0
2088,0.0,0.03850661582871183,0.0
2089,122.79791,0.2610598680679062,122.79791
2090,122.79791,0.2610598680679062,122.79791
2091,125.33711,0.0269486105947223,125.33711
2092,122.81823,0.2162637575475881,122.81823
2093,122.81823,0.2162637575475881,122.81823
2094,-63.93942,-0.07281038405860876,-63.93942
2095,-66.314926,-0.022395172433770493,-66.314926
2096,-2.1168551,-0.08793689039003573,-2.1168551
2097,122.94042,0.21697782894191586,122.94042
2098,122.94042,0.21697782894191586,122.94042
2099,-128.25189,0.2811906535054491,-128.25189
2100,32.77632,0.032138426452185016,32.77632
2101,32.77632,0.032138426452185016,32.77632
2102,1.3694328,-0.04246645482028304,1.3694328
2103,1.3694328,-0.04246645482028304,1.3694328
2104,-179.79651,-0.14401141815266338,-179.79651
2105,124.013245,0.2354693599249881,124.013245
2106,124.013245,0.2354693599249881,124.013245
2107,179.50673,0.24282740054851631,179.50673
2108,-3.2289288,-0.0014152743989184658,-3.2289288
2109,64.63659,0.07071605746293841,64.63659
2110,-61.898174,-0.07431034090525919,-61.898174
2111,67.44241,0.023752662522487217,67.44241
2112,-60.716805,-0.057851498497676304,-60.716805
2113,125.02146,0.02626327798181779,125.02146
2114,120.78676,0.04090480365852035,120.78676
2115,172.46327,0.8194644513748343,172.46327
2116,-84.67668,-0.0496139489980225,-84.67668
2117,0.7470098,0.0052414971111866375,0.7470098
2118,-66.546295,-0.10038971577514649,-66.546295
2119,61.25551,0.01662954181955189,61.25551
2120,120.919365,0.017942783198353067,120.919365
2121,-124.00929,-0.0894074677100573,-124.00929
2122,-122.624916,-0.05654576882350691,-122.624916
2123,124.992424,-0.03377898052701036,124.992424
2124,166.73877,0.5935069404754167,166.73877
2125,-59.57033,-0.08123513425229968,-59.57033
2126,-126.76651,-0.019763837922138587,-126.76651
2127,62.81758,0.0021154637678754123,62.81758
2128,169.22583,1.1422064682790107,169.22583
2129,-0.61829096,-0.0474198053784708,-0.61829096
2130,-0.61829096,-0.0474198053784708,-0.61829096
2131,55.005634,0.07786400072006051,55.005634
2132,-174.57951,-0.19908072116958891,-174.57951
2133,-171.45589,-0.25689549178320265,-171.45589
2134,-62.603592,-0.03997983147968135,-62.603592
2135,56.972214,0.02211600238767865,56.972214
2136,-59.14415,-0.01756880206491659,-59.14415
2137,-2.9585054,-0.04054722256536599,-2.9585054
2138,-46.38148,0.05138364963065784,-46.38148
2139,-62.24525,-0.02149570651667306,-62.24525
2140,62.14793,0.06759348549187195,62.14793
2141,56.349144,-0.04219009279590115,56.349144
2142,179.98643,0.8000896291473532,179.98643
2143,-75.37341,-0.13853694289536872,-75.37341
2144,-179.79886,0.013277725731390596,-179.79886
2145,2.8911817,-0.04638288826734179,2.8911817
2146,2.8911817,-0.04638288826734179,2.8911817
2147,177.14944,0.47913023726550863,177.14944
2148,63.450672,-0.0708862513165192,63.450672
2149,171.04974,0.6536942490417007,171.04974
2150,63.599613,-0.035630336088222726,63.599613
2151,75.552376,-0.0029879925475907775,75.552376
2152,-65.87244,-0.0867844385704094,-65.87244
2153,-66.53128,-0.17381962613595264,-66.53128
2154,-32.65979,0.00045393869613934916,-32.65979
2155,1.7900498,-0.0019956885846560356,1.7900498
2156,-31.51498,-0.07753633347170694,-31.51498
2157,1.6162363,0.04508294414230244,1.6162363
2158,1.5890347,-0.010785712515781734,1.5890347
2159,-5.7898355,-0.057652064628614066,-5.7898355
2160,-5.7898355,-0.057652064628614066,-5.7898355
2161,171.34596,0.6906532614328385,171.34596
2162,-55.454514,-0.0626059985508194,-55.454514
2163,1.2810557,-0.0023801645186866615,1.2810557
2164,1.591413,0.00870202026322452,1.591413
2165,1.0650634,-0.04044345353231347,1.0650634
2166,177.29991,0.6943622132214117,177.29991
2167,63.033745,-0.045592283540602664,63.033745
2168,-177.07616,-0.14377969480805078,-177.07616
2169,-173.48734,-0.21053885463410738,-173.48734
2170,-58.430676,0.06397887189660775,-58.430676
2171,-154.44263,-0.14029775993700033,-154.44263
2172,120.33754,-0.0002857117883619984,120.33754
2173,-15.985776,-0.037106384960323986,-15.985776
2174,0.0,-0.0280874213559682,0.0
2175,1.4017543,-0.06959312399586344,1.4017543
2176,-129.73851,-0.20707503493664814,-129.73851
2177,-168.29446,-0.19635701222455929,-168.29446
2178,-152.28517,-0.18403481432254995,-152.28517
2179,1.2531312,-0.011039006753622573,1.2531312
2180,1.5320711,0.036045407077432506,1.5320711
2181,0.9744869,-0.07711207994329287,0.9744869
2182,0.0,-0.04545002686219279,0.0
2183,121.66925,0.15704389261568472,121.66925
2184,121.66925,0.15704389261568472,121.66925
2185,-119.694336,-0.06315583762648166,-119.694336
2186,-119.694336,-0.06315583762648166,-119.694336
2187,-121.993935,-0.0062062472574758425,-121.993935
2188,121.80174,0.04097857762295726,121.80174
2189,174.06046,0.49075611201396613,174.06046
2190,-13.667894,-0.01315281941334705,-13.667894
2191,29.163378,0.05354001970934685,29.163378
2192,-105.64996,-0.07353084576748566,-105.64996
2193,-121.66157,-0.09925345667259511,-121.66157
2194,-121.581436,-0.0805118603453627,-121.581436
2195,66.31221,-0.007493135803630386,66.31221
2196,-123.956215,0.030006890074980756,-123.956215
2197,90.04607,0.1388118335400207,90.04607
2198,-160.08891,-0.3040257034197555,-160.08891
2199,-179.12468,-0.288792921796052,-179.12468
2200,0.0,0.10666446925828939,0.0
2201,0.0,-0.02010105841744198,0.0
2202,75.2782,0.030070494681520094,75.2782
2203,-166.56198,-0.2493766653253556,-166.56198
2204,0.0,0.03899967799101652,0.0
2205,0.0,0.07578178055440102,0.0
2206,-122.61606,-0.06098071018483358,-122.61606
2207,-18.867872,-0.003281137060725654,-18.867872
2208,0.49617028,-0.02706312055551606,0.49617028
2209,53.40551,-0.0763253664767366,53.40551
2210,125.32495,0.08792801891228887,125.32495
2211,-102.08234,-0.08613365777432425,-102.08234
2212,168.64314,0.6651883938826849,168.64314
2213,-75.15639,0.006258546289998225,-75.15639
2214,-162.83043,-0.1942594239292727,-162.83043
2215,-32.704113,-0.02161707920980636,-32.704113
2216,1.2859454,0.00470553289587269,1.2859454
2217,1.2545017,-0.0023980904404402575,1.2545017
2218,-58.728687,0.04829306129559972,-58.728687
2219,3.1607273,-0.06056848563695892,3.1607273
2220,-5.355214,-0.02992747729786262,-5.355214
2221,-122.604065,-0.09832266565440262,-122.604065
2222,-126.27961,0.13915220985715632,-126.27961
2223,-126.27961,0.13915220985715632,-126.27961
2224,-124.15078,-0.08818500141230425,-124.15078
2225,-122.27239,-0.1265196269644633,-122.27239
2226,-122.27239,-0.1265196269644633,-122.27239
2227,127.29903,0.012370986943007107,127.29903
2228,-130.2458,0.12760211054553616,-130.2458
2229,-130.2458,0.12760211054553616,-130.2458
2230,91.55528,0.017050727028116577,91.55528
2231,-159.41972,-0.2264459918985563,-159.41972
2232,-3.3984606,-0.12954078608287922,-3.3984606
2233,-164.07448,-0.275513332324,-164.07448
2234,-58.51031,-0.048867818070944376,-58.51031
2235,-4.7127776,-0.014789471725553258,-4.7127776
2236,6.475952,-0.030099547198383092,6.475952
2237,0.0,-0.040217510257987525,0.0
2238,0.0,0.0025678797645373066,0.0
2239,0.0,0.0025678797645373066,0.0
2240,0.0,0.04597938914999303,0.0
2241,0.0,0.04597938914999303,0.0
2242,0.0,0.04597938914999303,0.0
2243,123.16728,0.10372698848475195,123.16728
2244,123.16728,0.10372698848475195,123.16728
2245,-122.45387,-0.12554104710367722,-122.45387
2246,-122.45387,-0.12554104710367722,-122.45387
2247,-122.45387,-0.12554104710367722,-122.45387
2248,-122.45387,-0.12554104710367722,-122.45387
2249,-122.45387,-0.12554104710367722,-122.45387
2250,-122.45387,-0.12554104710367722,-122.45387
2251,-122.45387,-0.12554104710367722,-122.45387
2252,-122.45387,-0.05979488237244658,-122.45387
2253,-122.45387,-0.12554104710367722,-122.45387
2254,-122.45387,-0.12554104710367722,-122.45387
2255,-122.45387,-0.12554104710367722,-122.45387
2256,-122.45387,-0.12554104710367722,-122.45387
2257,-122.45387,-0.12554104710367722,-122.45387
2258,-122.45387,-0.12554104710367722,-122.45387
2259,-122.45387,-0.12554104710367722,-122.45387
2260,-122.45387,-0.12554104710367722,-122.45387
2261,-122.45387,-0.12554104710367722,-122.45387
2262,-122.45387,-0.12554104710367722,-122.45387
2263,-122.45387,-0.12554104710367722,-122.45387
2264,-122.45387,-0.12554104710367722,-122.45387
2265,-122.45387,-0.1243586664595105,-122.45387
2266,-122.45387,-0.1243586664595105,-122.45387
2267,127.19236,-0.02069894296281631,127.19236
2268,127.19236,-0.02069894296281631,127.19236
2269,127.19236,-0.02069894296281631,127.19236
2270,127.19236,-0.02069894296281631,127.19236
2271,127.19236,-0.02069894296281631,127.19236
2272,127.19236,-0.02069894296281631,127.19236
2273,127.19236,-0.02069894296281631,127.19236
2274,127.19236,-0.02069894296281631,127.19236
2275,127.19236,-0.02069894296281631,127.19236
2276,127.19236,-0.02069894296281631,127.19236
2277,127.19236,-0.02069894296281631,127.19236
2278,127.19236,-0.02069894296281631,127.19236
2279,127.19236,0.22399758160939046,127.19236
2280,127.19236,-0.02069894296281631,127.19236
2281,127.19236,-0.02069894296281631,127.19236
2282,127.19236,-0.02069894296281631,127.19236
2283,127.19236,-0.02069894296281631,127.19236
2284,127.19236,-0.02069894296281631,127.19236
2285,127.19236,-0.02069894296281631,127.19236
2286,-124.33997,-0.16384388352996387,-124.33997
2287,-124.33997,-0.16384388352996387,-124.33997
2288,-124.33997,-0.16384388352996387,-124.33997
2289,-124.33997,-0.13563696847074194,-124.33997
2290,2.847301,0.007389239049982631,2.847301
2291,2.847301,0.007389239049982631,2.847301
2292,-2.8486495,-0.009115645273052576,-2.8486495
2293,0.0,0.06731968949525853,0.0
2294,0.0,0.06731968949525853,0.0
2295,0.0,0.06731968949525853,0.0
2296,0.0,-0.03370266112637532,0.0
2297,0.0,-0.07910288704028619,0.0
2298,0.0,-0.04080880065816579,0.0
2299,0.0,-0.04080880065816579,0.0
2300,0.0,-0.00639801966854576,0.0
2301,0.0,-0.00639801966854576,0.0
2302,-123.46559,-0.06306052612190036,-123.46559
2303,-123.46559,-0.06306052612190036,-123.46559
2304,-123.46559,-0.06306052612190036,-123.46559
2305,-123.46559,-0.06306052612190036,-123.46559
2306,-123.46559,-0.06306052612190036,-123.46559
2307,-123.46559,-0.06306052612190036,-123.46559
2308,-123.46559,-0.06306052612190036,-123.46559
2309,-123.46559,-0.06306052612190036,-123.46559
2310,-123.46559,-0.06306052612190036,-123.46559
2311,-123.46559,-0.06306052612190036,-123.46559
2312,123.46542,0.0206659758677741,123.46542
2313,123.46542,0.0206659758677741,123.46542
2314,123.46542,0.16582262545353596,123.46542
2315,123.46542,0.0206659758677741,123.46542
2316,123.46542,0.0206659758677741,123.46542
2317,123.46542,0.16582262545353596,123.46542
2318,-121.77402,-0.13473330880283896,-121.77402
2319,-121.77402,-0.13473330880283896,-121.77402
2320,-121.77402,-0.13473330880283896,-121.77402
2321,-121.77402,-0.13473330880283896,-121.77402
2322,-121.77402,-0.13473330880283896,-121.77402
2323,-121.77402,-0.12793106050702452,-121.77402
2324,-121.77402,-0.12793106050702452,-121.77402
2325,-121.77402,-0.12793106050702452,-121.77402
2326,126.831406,0.28501526002149535,126.831406
2327,126.831406,0.28501526002149535,126.831406
2328,126.831406,0.28501526002149535,126.831406
2329,126.831406,0.28501526002149535,126.831406
2330,126.831406,0.28501526002149535,126.831406
2331,-121.77402,-0.12793106050702452,-121.77402
2332,-121.77402,-0.12793106050702452,-121.77402
2333,0.0,-0.07010011405089593,0.0
2334,-127.404976,-0.20656302076054653,-127.404976
2335,0.0,0.0525684089370206,0.0
2336,0.0,0.01818311204556878,0.0
2337,0.0,0.01818311204556878,0.0
2338,0.0,0.002907545654084756,0.0
2339,0.0,0.002907545654084756,0.0
2340,0.0,0.002907545654084756,0.0
2341,0.0,-0.02250897454307989,0.0
2342,122.208824,0.04758157774330773,122.208824
2343,122.208824,0.04758157774330773,122.208824
2344,122.208824,0.04758157774330773,122.208824
2345,122.208824,0.04758157774330773,122.208824
2346,122.208824,0.04758157774330773,122.208824
2347,-122.208855,-0.16104493464216574,-122.208855
2348,-122.208855,-0.16104493464216574,-122.208855
2349,-122.208855,-0.16104493464216574,-122.208855
2350,-122.208855,-0.16104493464216574,-122.208855
2351,-125.025955,-0.09071074231215796,-125.025955
2352,-125.025955,-0.06360885406426522,-125.025955
2353,-125.025955,-0.09071074231215796,-125.025955
2354,-125.025955,-0.09071074231215796,-125.025955
2355,125.02595,0.0868653958091378,125.02595
2356,125.02595,0.0868653958091378,125.02595
2357,-131.46095,-0.14981906111992171,-131.46095
2358,-131.46095,-0.14981906111992171,-131.46095
2359,122.285225,0.07024469248180136,122.285225
2360,122.285225,0.07024469248180136,122.285225
2361,122.285225,0.07024469248180136,122.285225
2362,122.285225,0.07024469248180136,122.285225
2363,122.285225,0.07024469248180136,122.285225
2364,-127.18523,-0.1040771722696508,-127.18523
2365,-127.18523,-0.1040771722696508,-127.18523
2366,-122.453804,-0.14262759257809507,-122.453804
2367,-122.453804,-0.14262759257809507,-122.453804
2368,-122.453804,-0.14262759257809507,-122.453804
2369,-122.453804,-0.14262759257809507,-122.453804
2370,-122.453804,-0.14262759257809507,-122.453804
2371,-122.453804,-0.14262759257809507,-122.453804
2372,-122.453804,-0.14262759257809507,-122.453804
2373,122.4666,0.2540764277365618,122.4666
2374,122.4666,0.2540764277365618,122.4666
2375,122.4666,0.2540764277365618,122.4666
2376,122.45382,0.1679469010610204,122.45382
2377,122.45382,0.1679469010610204,122.45382
2378,122.45382,0.1679469010610204,122.45382
2379,122.45382,0.1679469010610204,122.45382
2380,122.45382,0.1679469010610204,122.45382
2381,127.6893,0.04844010097921101,127.6893
2382,-122.45057,-0.11835537233515073,-122.45057
2383,33.214157,-0.002817494535641361,33.214157
2384,-2.8454244,0.00524288270950157,-2.8454244
2385,0.0,-0.046549479997827506,0.0
2386,0.0,-0.046549479997827506,0.0
2387,0.0,-0.046549479997827506,0.0
2388,0.0,-0.010127544530511822,0.0
2389,0.0,-0.046549479997827506,0.0
2390,0.0,-0.046549479997827506,0.0
2391,0.0,-0.046549479997827506,0.0
2392,0.0,-0.010127544530511822,0.0
2393,0.0,-0.046549479997827506,0.0
2394,0.0,-0.046549479997827506,0.0
2395,0.0,-0.046549479997827506,0.0
2396,0.0,-0.046549479997827506,0.0
2397,0.0,-0.046549479997827506,0.0
2398,0.0,-0.046549479997827506,0.0
2399,0.0,-0.046549479997827506,0.0
2400,0.0,-0.006623791790802581,0.0
2401,0.0,-0.006623791790802581,0.0
2402,0.0,-0.056661172219620776,0.0
2403,0.0,-0.056661172219620776,0.0
2404,0.0,-0.056661172219620776,0.0
2405,0.0,-0.056661172219620776,0.0
2406,0.0,-0.056661172219620776,0.0
2407,0.0,-0.006623791790802581,0.0
2408,0.0,-0.006623791790802581,0.0
2409,0.0,-0.006623791790802581,0.0
2410,0.0,-0.056661172219620776,0.0
2411,0.0,-0.056661172219620776,0.0
2412,0.0,-0.056661172219620776,0.0
2413,0.0,-0.056661172219620776,0.0
2414,0.0,-0.056661172219620776,0.0
2415,0.0,-0.010290178725912237,0.0
2416,0.0,-0.07361242746382937,0.0
2417,0.0,-0.056048772564913446,0.0
2418,0.0,-0.056048772564913446,0.0
2419,0.0,-0.056048772564913446,0.0
2420,0.0,-0.056048772564913446,0.0
2421,0.0,-0.0020225603208456314,0.0
2422,0.0,-0.0020225603208456314,0.0
2423,0.0,0.199080903880086,0.0
2424,0.0,0.199080903880086,0.0
2425,0.0,0.199080903880086,0.0
2426,0.0,-0.09590018737612986,0.0
2427,128.38097,0.4174965087722451,128.38097
2428,128.38097,0.4663781532108899,128.38097
2429,-128.38092,-0.4253618577302681,-128.38092
2430,-128.38092,-0.4253618577302681,-128.38092
2431,122.00542,0.06066754487597414,122.00542
2432,122.00542,0.0053580913846761205,122.00542
2433,122.00542,0.20951068856734062,122.00542
2434,122.00542,0.20951068856734062,122.00542
2435,0.0,0.01032713322753729,0.0
2436,0.0,0.01956622988976048,0.0
2437,127.18285,0.23580442956203523,127.18285
2438,-133.55626,-0.18471338168418994,-133.55626
2439,-127.708664,-0.44635072415435934,-127.708664
2440,-127.708664,-0.44635072415435934,-127.708664
2441,-127.708664,-0.44635072415435934,-127.708664
2442,-127.708664,-0.44635072415435934,-127.708664
2443,-127.708664,-0.44635072415435934,-127.708664
2444,-127.708664,-0.44635072415435934,-127.708664
2445,-127.708664,-0.44635072415435934,-127.708664
2446,-127.708664,-0.44635072415435934,-127.708664
2447,127.709175,0.40767105688637384,127.709175
2448,127.709175,0.40767105688637384,127.709175
2449,127.709175,0.40767105688637384,127.709175
2450,127.709175,0.40767105688637384,127.709175
2451,127.709175,0.40767105688637384,127.709175
2452,127.709175,0.40767105688637384,127.709175
2453,124.80578,0.36090250919564276,124.80578
2454,-121.77394,-0.37228483787711747,-121.77394
2455,-121.77394,-0.37228483787711747,-121.77394
2456,-121.77394,-0.37228483787711747,-121.77394
2457,122.51734,0.07527933822008039,122.51734
2458,121.77665,0.14524173474777552,121.77665
2459,121.77665,0.14524173474777552,121.77665
2460,121.77665,0.14524173474777552,121.77665
2461,121.782394,0.21106189583578988,121.782394
2462,-126.819885,-0.33709868720628583,-126.819885
2463,-121.77394,-0.37228483787711747,-121.77394
2464,-126.819885,-0.33709868720628583,-126.819885
2465,0.0,0.026570828998623043,0.0
2466,0.0,0.050632087002676046,0.0
2467,0.0,0.018442674977647025,0.0
2468,0.0,0.05548184511966534,0.0
2469,130.59242,-0.027341174276143066,130.59242
2470,-124.62882,-0.2917823921001858,-124.62882
2471,-124.62882,-0.2917823921001858,-124.62882
2472,-124.62882,-0.2917823921001858,-124.62882
2473,4.821227,0.036865862203307856,4.821227
2474,-2.0465832,0.017464612167604508,-2.0465832
2475,-122.41586,-0.09600554537507273,-122.41586
2476,-122.41586,-0.09600554537507273,-122.41586
2477,-122.41586,-0.23690549010740358,-122.41586
2478,-122.41586,-0.09600554537507273,-122.41586
2479,122.08868,0.07085897062337329,122.08868
2480,122.08868,0.07085897062337329,122.08868
2481,122.08868,0.07085897062337329,122.08868
2482,122.415886,0.25137925496250235,122.415886
2483,122.415886,0.25137925496250235,122.415886
2484,122.415886,0.25137925496250235,122.415886
2485,122.415886,0.25137925496250235,122.415886
2486,33.066956,0.004394979016939752,33.066956
2487,-2.922089,-0.018038776807569556,-2.922089
2488,-122.088684,-0.07363732621622426,-122.088684
2489,-122.088684,-0.07363732621622426,-122.088684
2490,130.74681,0.21615313259082386,130.74681
2491,130.74681,0.21615313259082386,130.74681
2492,0.0,-0.013010398516679811,0.0
2493,0.0,0.0745877021540625,0.0
2494,0.0,0.0321389374551375,0.0
2495,0.0,-0.057386786343831965,0.0
2496,-123.44501,-0.06316229342253564,-123.44501
2497,-123.44501,-0.06316229342253564,-123.44501
2498,-123.44501,-0.06316229342253564,-123.44501
2499,123.44486,0.11436586488119553,123.44486
2500,123.44486,0.11436586488119553,123.44486
2501,-123.45506,-0.18708545461101628,-123.45506
2502,-123.45506,-0.18708545461101628,-123.45506
2503,-123.33062,-0.07125404701011277,-123.33062
2504,-121.745255,-0.1632670051723927,-121.745255
2505,-121.745255,-0.1632670051723927,-121.745255
2506,-121.745255,-0.1632670051723927,-121.745255
2507,121.74547,0.2157116519051876,121.74547
2508,121.74547,0.2157116519051876,121.74547
2509,121.52159,0.2502036361563104,121.52159
2510,121.72596,0.10044911114340774,121.72596
2511,121.72596,0.10044911114340774,121.72596
2512,-121.745255,-0.1632670051723927,-121.745255
2513,-124.028885,-0.2844495019934208,-124.028885
2514,0.0,-0.00012348909313319732,0.0
2515,0.0,-0.00012348909313319732,0.0
2516,0.0,-0.046620045092820445,0.0
2517,0.0,-0.07990200954956223,0.0
2518,127.032906,0.3311435280168937,127.032906
2519,-127.42189,-0.09348891760563569,-127.42189
2520,-122.43859,-0.21533935631539244,-122.43859
2521,0.0,-0.049655779199751504,0.0
2522,129.3235,0.09568773538239018,129.3235
2523,-122.90806,-0.1551871118205601,-122.90806
2524,-122.730545,-0.0784061426940607,-122.730545
2525,-128.02995,-0.1956377816108027,-128.02995
2526,127.679596,0.0348589719742176,127.679596
2527,-125.02509,-0.18908521336570372,-125.02509
2528,-125.02509,-0.15583025348202387,-125.02509
2529,-125.026955,-0.13525929950468232,-125.026955
2530,-125.026955,-0.1180641069303643,-125.026955
2531,124.914696,0.10896768016742013,124.914696
2532,124.914696,0.16833634919761026,124.914696
2533,-125.01867,-0.1270940424377,-125.01867
2534,-125.01867,-0.10337159643873696,-125.01867
2535,-122.28578,-0.18712341223757664,-122.28578
2536,-122.28578,-0.18712341223757664,-122.28578
2537,2.8387828,-0.015684283986455532,2.8387828
2538,-2.8383703,-0.0030297400405610814,-2.8383703
2539,-127.216545,-0.19299010773586273,-127.216545
2540,-122.428566,-0.14556584536168002,-122.428566
2541,122.47193,0.14905667094225356,122.47193
2542,122.47193,0.14905667094225356,122.47193
2543,122.46786,0.05830302325710369,122.46786
2544,0.0,-0.0010899680274320074,0.0
2545,0.0,-0.08648346385348601,0.0
2546,0.0,0.003238723787479859,0.0
2547,0.0,-0.06262603988680208,0.0
2548,0.0,-0.06262603988680208,0.0
2549,0.0,-0.06262603988680208,0.0
2550,0.0,0.010422177520950336,0.0
2551,0.0,0.010422177520950336,0.0
2552,0.0,0.010422177520950336,0.0
2553,0.0,0.008696431214727377,0.0
2554,0.0,0.011416897040583972,0.0
2555,0.0,0.011416897040583972,0.0
2556,0.0,0.012187649331938286,0.0
2557,0.0,-0.005024960828821183,0.0
2558,0.0,-0.005024960828821183,0.0
2559,0.0,-0.014500723333093695,0.0
2560,0.0,-0.023827255796499802,0.0
2561,0.0,0.028236864132084663,0.0
2562,0.0,0.0012835427164217825,0.0
2563,0.0,-0.0007397925608587383,0.0
2564,0.0,0.030354539939599624,0.0
2565,0.0,-0.05170150435897008,0.0
2566,0.0,-0.05170150435897008,0.0
2567,0.0,0.009751428535949262,0.0
2568,0.0,0.009751428535949262,0.0
2569,-126.93815,0.002955659403064869,-126.93815
2570,128.3939,0.5641110180100748,128.3939
2571,128.3939,0.5641110180100748,128.3939
2572,-124.39884,0.16479571692007713,-124.39884
2573,-124.39884,0.16479571692007713,-124.39884
2574,124.39953,0.05735819011834244,124.39953
2575,124.39953,0.05735819011834244,124.39953
2576,124.39953,0.05735819011834244,124.39953
2577,-128.38425,-0.37747416240614423,-128.38425
2578,-128.38425,-0.3508057106702672,-128.38425
2579,-128.39395,-0.6044506482369257,-128.39395
2580,0.0,0.05051959832128768,0.0
2581,0.0,-0.049048725093162014,0.0
2582,0.0,-0.029432964439896563,0.0
2583,-123.44122,-0.24500436228435224,-123.44122
2584,-123.44122,-0.24500436228435224,-123.44122
2585,-124.15821,-0.38430904164078716,-124.15821
2586,-124.15821,-0.38430904164078716,-124.15821
2587,-124.15821,-0.38430904164078716,-124.15821
2588,-124.15821,-0.38430904164078716,-124.15821
2589,124.1586,0.3597924081837686,124.1586
2590,127.701485,0.3085176997816235,127.701485
2591,127.701485,0.3085176997816235,127.701485
2592,127.701485,0.3085176997816235,127.701485
2593,-127.69327,-0.3974213881772842,-127.69327
2594,-127.69327,-0.3974213881772842,-127.69327
2595,-127.69327,-0.3974213881772842,-127.69327
2596,-127.69327,-0.3974213881772842,-127.69327
2597,-112.35495,-0.07297193807943728,-112.35495
2598,127.71993,0.42259193663292294,127.71993
2599,127.71993,0.42259193663292294,127.71993
2600,127.71993,0.42259193663292294,127.71993
2601,127.71993,0.42259193663292294,127.71993
2602,127.71993,0.42259193663292294,127.71993
2603,-127.70952,-0.37339456644496316,-127.70952
2604,-127.70952,-0.37339456644496316,-127.70952
2605,-127.70952,-0.37339456644496316,-127.70952
2606,-127.70952,-0.37339456644496316,-127.70952
2607,122.08014,0.05996909996671897,122.08014
2608,-122.08009,-0.055715674758233115,-122.08009
2609,125.39634,0.15178784980495902,125.39634
2610,-122.29764,-0.05214072681862944,-122.29764
2611,128.21051,0.13686585645800792,128.21051
2612,127.723206,0.5781194891386491,127.723206
2613,127.72374,0.36571868808085667,127.72374
2614,-124.1029,-0.19772542294474213,-124.1029
2615,-124.1029,-0.19772542294474213,-124.1029
2616,-124.1029,-0.19772542294474213,-124.1029
2617,-122.093346,-0.08242660148361143,-122.093346
2618,124.56165,0.15316405837984326,124.56165
2619,124.56165,0.21389047241030182,124.56165
2620,-122.400375,0.0032396317974943407,-122.400375
2621,-122.400375,0.0032396317974943407,-122.400375
2622,-122.400375,-0.2398498371048308,-122.400375
2623,-122.400375,0.0032396317974943407,-122.400375
2624,-122.400375,0.0032396317974943407,-122.400375
2625,-122.400375,0.0032396317974943407,-122.400375
2626,-122.400375,0.0032396317974943407,-122.400375
2627,-122.400375,-0.2398498371048308,-122.400375
2628,-122.400375,0.0032396317974943407,-122.400375
2629,-122.400375,0.0032396317974943407,-122.400375
2630,-122.400375,0.0032396317974943407,-122.400375
2631,-122.400375,0.0032396317974943407,-122.400375
2632,-122.400375,0.0032396317974943407,-122.400375
2633,-122.400375,0.0032396317974943407,-122.400375
2634,122.46981,0.12598054991423827,122.46981
2635,122.46981,0.12598054991423827,122.46981
2636,122.46981,0.12598054991423827,122.46981
2637,122.46981,0.12598054991423827,122.46981
2638,122.46981,0.12598054991423827,122.46981
2639,122.46981,0.12598054991423827,122.46981
2640,3.1655796,0.03795716698417978,3.1655796
2641,33.18806,-0.0016081314715358959,33.18806
2642,-127.04154,-0.17857258034413453,-127.04154
2643,-127.04154,-0.17857258034413453,-127.04154
2644,-127.04154,-0.17857258034413453,-127.04154
2645,-127.04154,-0.17857258034413453,-127.04154
2646,122.56163,0.12359262063936378,122.56163
2647,122.56163,0.12359262063936378,122.56163
2648,122.56163,0.12359262063936378,122.56163
2649,122.56163,0.12359262063936378,122.56163
2650,-122.06471,-0.0032649601236937366,-122.06471
2651,122.06486,0.05577610738735499,122.06486
2652,122.06486,0.05577610738735499,122.06486
2653,122.06486,0.05577610738735499,122.06486
2654,-130.1256,-0.17673589532202233,-130.1256
2655,-121.76467,-0.17814804167007603,-121.76467
2656,33.08712,-0.007061600173577571,33.08712
2657,122.09322,-0.005199275039154006,122.09322
2658,122.09322,-0.005199275039154006,122.09322
2659,-127.69245,-0.10206964982316018,-127.69245
2660,-127.69245,-0.10206964982316018,-127.69245
2661,6.690522,-0.006583120742584311,6.690522
2662,0.0,-0.012822522427968885,0.0
2663,0.0,-0.023407528578469672,0.0
2664,0.0,-0.061447084151857546,0.0
2665,0.0,-0.023407528578469672,0.0
2666,0.0,-0.061447084151857546,0.0
2667,0.0,-0.005392123362048554,0.0
2668,0.0,0.027311837458921986,0.0
2669,0.0,0.04411341112396247,0.0
2670,0.0,0.004565182695700007,0.0
2671,0.0,-0.07465346043830094,0.0
2672,0.0,-0.07465346043830094,0.0
2673,0.0,-0.07465346043830094,0.0
2674,0.0,-0.06622531598229651,0.0
2675,0.0,-0.043939926989953755,0.0
2676,0.0,0.012955995099438584,0.0
2677,0.0,-0.006570699897181822,0.0
2678,0.0,0.07497575247873321,0.0
2679,-126.660225,-0.12993584074798825,-126.660225
2680,-123.47688,-0.24869840302191462,-123.47688
2681,-123.47688,-0.24869840302191462,-123.47688
2682,-123.47688,-0.24869840302191462,-123.47688
2683,-123.47688,-0.24869840302191462,-123.47688
2684,-123.47688,-0.24869840302191462,-123.47688
2685,-123.47688,-0.24869840302191462,-123.47688
2686,123.42962,0.08400154668290356,123.42962
2687,123.42962,0.08400154668290356,123.42962
2688,123.42962,0.12072911700960243,123.42962
2689,-123.55305,-0.14131567790188188,-123.55305
2690,128.1063,0.19000658122140643,128.1063
2691,-123.42418,-0.07266222582573961,-123.42418
2692,122.7997,0.12846250742386,122.7997
2693,-123.58628,-0.04140712739004543,-123.58628
2694,123.586555,-0.0012980691584739185,123.586555
2695,122.09855,0.16555749167743436,122.09855
2696,124.15249,0.07180189642773308,124.15249
2697,-125.012085,-0.08079864754896404,-125.012085
2698,-125.012085,-0.06398592244784378,-125.012085
2699,-125.02059,-0.20500082366823139,-125.02059
2700,-125.02059,-0.16466993952478742,-125.02059
2701,-125.06202,-0.12142109944494735,-125.06202
2702,-121.79071,-0.24949543268334248,-121.79071
2703,-121.79071,-0.24949543268334248,-121.79071
2704,-121.79071,-0.24949543268334248,-121.79071
2705,-121.69395,-0.22606588926055474,-121.69395
2706,121.874374,0.30717032426584046,121.874374
2707,121.874374,0.30717032426584046,121.874374
2708,126.684746,0.3221646186847839,126.684746
2709,126.684746,0.3221646186847839,126.684746
2710,126.684746,0.3221646186847839,126.684746
2711,-121.79071,-0.24810048606460391,-121.79071
2712,-121.69395,-0.22606588926055474,-121.69395
2713,-122.465195,-0.1158510131019871,-122.465195
2714,122.46512,0.10081351202563632,122.46512
2715,-127.418915,-0.06646772797254134,-127.418915
2716,125.96074,0.4225369598172379,125.96074
2717,-123.17717,-0.1419855446192227,-123.17717
2718,0.0,-0.013863368062162625,0.0
2719,0.0,0.025483736398275645,0.0
2720,0.0,0.0065956157444208635,0.0
2721,0.0,0.0065956157444208635,0.0
2722,0.0,0.02363346285389194,0.0
2723,0.0,0.004155429542098953,0.0
2724,0.0,-0.008790827105942934,0.0
2725,-129.69765,-0.5528924004405703,-129.69765
2726,121.95061,0.12373096579694437,121.95061
2727,121.95061,0.12373096579694437,121.95061
2728,-128.27054,-0.5681358775160444,-128.27054
2729,-128.27054,-0.5681358775160444,-128.27054
2730,0.0,-0.07588316353637024,0.0
2731,0.0,-0.07588316353637024,0.0
2732,0.0,-0.027479126484063067,0.0
2733,0.0,-0.07588316353637024,0.0
2734,0.0,-0.07588316353637024,0.0
2735,0.0,-0.07588316353637024,0.0
2736,0.0,-0.07588316353637024,0.0
2737,0.0,-0.07588316353637024,0.0
2738,0.0,-0.07588316353637024,0.0
2739,0.0,-0.027479126484063067,0.0
2740,0.0,-0.027479126484063067,0.0
2741,0.0,-0.07588316353637024,0.0
2742,0.0,-0.07588316353637024,0.0
2743,0.0,-0.07588316353637024,0.0
2744,0.0,-0.07588316353637024,0.0
2745,0.0,-0.04506619501332878,0.0
2746,0.0,-0.04506619501332878,0.0
2747,0.0,0.026679167233531014,0.0
2748,0.0,0.005464403130382414,0.0
2749,0.0,-0.0551316972630368,0.0
2750,0.0,-0.01962937707296977,0.0
2751,0.0,-0.010288375080777195,0.0
2752,0.0,0.0559047431528773,0.0
2753,0.0,-0.01991742298747296,0.0
2754,127.61558,0.5639355650328127,127.61558
2755,127.61558,0.5639355650328127,127.61558
2756,127.61558,0.5639355650328127,127.61558
2757,127.61558,0.5639355650328127,127.61558
2758,127.72332,0.47116657503671733,127.72332
2759,127.72332,0.47116657503671733,127.72332
2760,-127.615425,-0.4672567983897393,-127.615425
2761,-127.615425,-0.4672567983897393,-127.615425
2762,-127.615425,-0.4672567983897393,-127.615425
2763,-127.615425,-0.4672567983897393,-127.615425
2764,-127.533264,-0.40529413077275644,-127.533264
2765,-127.533264,-0.40529413077275644,-127.533264
2766,-127.533264,-0.40529413077275644,-127.533264
2767,-121.77253,-0.08606257735138424,-121.77253
2768,122.08717,0.02189792173790933,122.08717
2769,122.08717,0.02189792173790933,122.08717
2770,122.08717,0.02189792173790933,122.08717
2771,122.08717,0.02189792173790933,122.08717
2772,-122.411964,-0.206948015486735,-122.411964
2773,-122.411964,-0.206948015486735,-122.411964
2774,-122.411964,-0.206948015486735,-122.411964
2775,-122.411964,-0.206948015486735,-122.411964
2776,-122.411964,-0.206948015486735,-122.411964
2777,-122.411964,-0.206948015486735,-122.411964
2778,-122.411964,-0.206948015486735,-122.411964
2779,-122.411964,-0.206948015486735,-122.411964
2780,-122.411964,-0.206948015486735,-122.411964
2781,122.41203,0.27238282347372084,122.41203
2782,122.41203,0.27238282347372084,122.41203
2783,122.41203,0.27238282347372084,122.41203
2784,122.41203,0.27238282347372084,122.41203
2785,122.41203,0.27238282347372084,122.41203
2786,122.403046,0.18004625678156014,122.403046
2787,122.403046,0.18004625678156014,122.403046
2788,122.403046,0.18004625678156014,122.403046
2789,-122.08708,-0.14637878240541735,-122.08708
2790,-122.08708,-0.14637878240541735,-122.08708
2791,-122.08708,-0.14637878240541735,-122.08708
2792,121.904,-0.017881817424172414,121.904
2793,122.441284,0.13182517239927213,122.441284
2794,-2.9239252,-0.007496953682843823,-2.9239252
2795,0.0,0.0008866578390738875,0.0
2796,0.0,0.014913212744906632,0.0
2797,0.0,-0.0011670565639628257,0.0
2798,0.0,0.025024081196904482,0.0
2799,-128.20358,-0.24130584087655,-128.20358
2800,122.79722,0.06691280944330123,122.79722
2801,122.79722,0.06691280944330123,122.79722
2802,-123.45131,-0.08550566666924199,-123.45131
2803,-123.45131,-0.08550566666924199,-123.45131
2804,-123.45131,-0.08550566666924199,-123.45131
2805,-123.45131,-0.08550566666924199,-123.45131
2806,-2.107672,-0.07637211314153905,-2.107672
2807,32.77361,0.0024581253974040205,32.77361
2808,-123.16328,-0.2600422073572596,-123.16328
2809,-121.7418,-0.17336266404778286,-121.7418
2810,-121.7418,-0.17336266404778286,-121.7418
2811,121.74167,0.21557716138496108,121.74167
2812,121.74167,0.21557716138496108,121.74167
2813,121.75336,0.1949292193758987,121.75336
2814,121.75336,0.1949292193758987,121.75336
2815,121.75336,0.1949292193758987,121.75336
2816,122.12495,0.1918783704316229,122.12495
2817,-126.7374,-0.3510795001275267,-126.7374
2818,125.219315,0.24202424486772509,125.219315
2819,121.76973,0.08522708044678419,121.76973
2820,-121.7418,-0.17336266404778286,-121.7418
2821,121.20616,0.06878673908161399,121.20616
2822,-123.4713,-0.23494077936664176,-123.4713
2823,128.10266,0.05512527472599536,128.10266
2824,128.10266,0.05512527472599536,128.10266
2825,0.0,0.0017327964267970742,0.0
2826,0.0,-0.05757687406850992,0.0
2827,-121.74288,-0.09211351013384965,-121.74288
2828,-122.11351,-0.0717554553831716,-122.11351
2829,59.707073,0.0022189756367147055,59.707073
2830,-45.19057,-0.05704973029019406,-45.19057
2831,45.175644,0.01563722792389458,45.175644
2832,121.927925,0.0954729582317483,121.927925
2833,-128.21046,-0.6268395509848939,-128.21046
2834,-122.22856,-0.1423170055187732,-122.22856
2835,122.453926,0.1337649443724543,122.453926
2836,0.0,-0.08007831162647479,0.0
2837,0.0,0.0346362678910249,0.0
2838,0.0,-0.09049762142926666,0.0
2839,0.0,-0.019845213663282204,0.0
2840,0.0,-0.019845213663282204,0.0
2841,0.0,-0.046274239702903106,0.0
2842,0.0,0.007075005704951186,0.0
2843,0.0,0.007075005704951186,0.0
2844,0.0,-0.04361274895462351,0.0
2845,0.0,-0.035191786491825076,0.0
2846,0.0,0.024630758548452602,0.0
2847,0.0,-0.01786319373352378,0.0
2848,0.0,-0.014139449751526926,0.0
2849,0.0,-0.0038949074832509145,0.0
2850,0.0,-0.0804104595033494,0.0
2851,0.0,0.02615511727999319,0.0
2852,0.0,0.17153616126988439,0.0
2853,0.0,-0.03754312730468122,0.0
2854,0.0,-0.024574581241159826,0.0
2855,0.0,0.039622891134184074,0.0
2856,0.0,0.027746476168578983,0.0
2857,0.0,-0.008581120992516083,0.0
2858,0.0,0.13668947104742543,0.0
2859,-128.39093,-0.5072843558233465,-128.39093
2860,-128.39093,-0.3424486425458174,-128.39093
2861,128.29767,0.1688207476007644,128.29767
2862,128.29767,0.1688207476007644,128.29767
2863,-129.3057,-0.1636759571570452,-129.3057
2864,-129.3057,-0.1636759571570452,-129.3057
2865,-129.3057,-0.1636759571570452,-129.3057
2866,123.441055,0.08979663043340344,123.441055
2867,122.43991,0.1328843243375813,122.43991
2868,-127.15279,-0.12140547422382313,-127.15279
2869,124.91866,0.030265480589407506,124.91866
2870,124.91866,0.10013770705357787,124.91866
2871,124.91866,0.030265480589407506,124.91866
2872,-127.71918,-0.44797286690047083,-127.71918
2873,-127.71918,-0.44797286690047083,-127.71918
2874,-127.71918,-0.44797286690047083,-127.71918
2875,-127.71918,-0.44797286690047083,-127.71918
2876,-122.437836,-0.14164746400222536,-122.437836
2877,127.73395,0.5201220808741887,127.73395
2878,-127.929596,-0.16656132963818238,-127.929596
2879,-127.929596,-0.008213862787413078,-127.929596
2880,-127.929596,-0.16656132963818238,-127.929596
2881,127.16372,0.2144740055815101,127.16372
2882,-122.854,-0.24622198947241009,-122.854
2883,-122.854,-0.24622198947241009,-122.854
2884,128.45253,0.40181769590592165,128.45253
2885,-130.70517,-0.033548387797168955,-130.70517
2886,-84.62082,-0.061590090599278086,-84.62082
2887,0.0,-0.0680799720635691,0.0
2888,0.0,-0.000797980243752364,0.0
2889,0.0,-0.05439626803133851,0.0
2890,0.0,-0.0591317773776001,0.0
2891,0.0,0.0019804363957149564,0.0
2892,0.0,-0.01950932879555988,0.0
2893,0.0,0.011657139144558048,0.0
2894,0.0,0.011657139144558048,0.0
2895,0.0,-0.01630337175196441,0.0
2896,0.0,-0.01630337175196441,0.0
2897,0.0,0.010635100333112735,0.0
2898,0.0,0.00277966325913891,0.0
2899,0.0,-0.008135019006696616,0.0
2900,0.0,-0.01055929151927165,0.0
2901,0.0,-0.019539889341890698,0.0
2902,0.0,-0.04784658659288725,0.0
2903,0.0,-0.04784658659288725,0.0
2904,0.0,-0.0055927327341657096,0.0
2905,0.0,0.01394938880634148,0.0
2906,0.0,-0.0017317250753990853,0.0
2907,0.0,0.03757428551446269,0.0
2908,-128.4499,-0.39981762549739586,-128.4499
2909,122.03639,0.07074759822707348,122.03639
2910,122.03639,0.20446915830592877,122.03639
2911,121.04294,0.01896390424489789,121.04294
2912,121.85869,0.03143248708676075,121.85869
2913,-122.392006,-0.08030687007908269,-122.392006
2914,122.03639,0.20446915830592877,122.03639
2915,121.04294,0.01896390424489789,121.04294
2916,-128.50473,-0.6376661859690659,-128.50473
2917,-128.50473,-0.3254484480087611,-128.50473
2918,0.0,0.0646811483874788,0.0
2919,0.0,0.038443165731041555,0.0
2920,123.578064,0.0017435924606183297,123.578064
2921,131.80833,-0.04019474201390682,131.80833
2922,-122.787415,-0.07679338215053003,-122.787415
2923,-126.47641,-0.06708381585970648,-126.47641
2924,-122.807,-0.14937059842126346,-122.807
2925,-122.83207,-0.17031429433137488,-122.83207
2926,-131.23218,-0.005895855274076628,-131.23218
2927,-127.51495,-0.5904737266602426,-127.51495
2928,-127.51495,-0.5904737266602426,-127.51495
2929,-127.51495,-0.5904737266602426,-127.51495
2930,-127.51495,-0.5904737266602426,-127.51495
2931,-127.51495,-0.5904737266602426,-127.51495
2932,127.848045,0.5968588038840839,127.848045
2933,127.848045,0.5968588038840839,127.848045
2934,127.848045,0.5968588038840839,127.848045
2935,127.848045,0.5968588038840839,127.848045
2936,-127.17748,-0.1734036881964575,-127.17748
2937,-127.17748,-0.1734036881964575,-127.17748
2938,-127.17748,-0.1734036881964575,-127.17748
2939,130.67818,0.3716070608876469,130.67818
2940,127.4396,0.5157381873381077,127.4396
2941,127.689255,0.48964276797568396,127.689255
2942,123.4348,0.1522125906387309,123.4348
2943,123.4348,0.057360919810536204,123.4348
2944,123.42397,0.1708015476057559,123.42397
2945,-124.03407,0.03273288229469551,-124.03407
2946,125.9671,0.19174826987670468,125.9671
2947,-122.43118,-0.09431675740232565,-122.43118
2948,-122.083435,-0.1368500741699718,-122.083435
2949,0.0,-0.0734054173562083,0.0
2950,0.0,-0.02014149234988716,0.0
2951,0.0,-0.0734054173562083,0.0
2952,0.0,-0.01331370858809622,0.0
2953,0.0,-0.0734054173562083,0.0
2954,0.0,-0.02014149234988716,0.0
2955,0.0,-0.0734054173562083,0.0
2956,0.0,-0.0734054173562083,0.0
2957,0.0,-0.0734054173562083,0.0
2958,0.0,-0.0734054173562083,0.0
2959,0.0,-0.0734054173562083,0.0
2960,0.0,-0.02014149234988716,0.0
2961,0.0,-0.0734054173562083,0.0
2962,0.0,-0.0734054173562083,0.0
2963,0.0,-0.02014149234988716,0.0
2964,0.0,-0.0734054173562083,0.0
2965,0.0,-0.0734054173562083,0.0
2966,0.0,-0.0734054173562083,0.0
2967,0.0,-0.0734054173562083,0.0
2968,0.0,-0.018141282991246885,0.0
2969,0.0,-0.018141282991246885,0.0
2970,0.0,-0.007860266538285197,0.0
2971,0.0,-0.007860266538285197,0.0
2972,0.0,-0.007860266538285197,0.0
2973,0.0,-0.007860266538285197,0.0
2974,0.0,-0.007860266538285197,0.0
2975,0.0,-0.007860266538285197,0.0
2976,0.0,-0.007860266538285197,0.0
2977,0.0,0.027394917490196232,0.0
2978,0.0,0.0011428270923518559,0.0
2979,0.0,-0.09777475548084497,0.0
2980,0.0,0.07474516892461482,0.0
2981,0.0,-0.009082591987212665,0.0
2982,121.72591,0.20277018986437803,121.72591
2983,0.0,-0.013235692045057687,0.0
2984,0.0,-0.04990718198066688,0.0
2985,0.0,-0.019935290545261924,0.0
2986,0.0,0.0023886092695772822,0.0
2987,125.65868,0.211296107513608,125.65868
2988,125.65868,0.20625141163953434,125.65868
2989,-124.08541,0.12923647225189255,-124.08541
2990,0.0,-0.03238946372665648,0.0
2991,0.0,-0.03238946372665648,0.0
2992,0.0,-0.014335027076618972,0.0
2993,0.0,-0.02632149965061734,0.0
2994,0.0,-0.02632149965061734,0.0
2995,0.0,-0.04695275519944708,0.0
2996,0.0,-0.04695275519944708,0.0
2997,0.0,-0.053929718583991086,0.0
2998,0.0,-0.06163906638688931,0.0
2999,0.0,0.009203686802927845,0.0
3000,0.0,0.02911649929530179,0.0
3001,0.0,-0.06627878968241042,0.0
3002,0.0,0.019216484479890127,0.0
3003,0.0,-0.06980282882709642,0.0
3004,0.0,0.0032526813169448314,0.0
3005,0.0,0.03820809229313821,0.0
3006,0.0,-0.022557778119995413,0.0
3007,0.0,-0.02145718213210903,0.0
3008,0.0,-0.0832420102448512,0.0
3009,-124.01292,-0.18936630950419966,-124.01292
3010,122.02038,0.036920717204385285,122.02038
3011,122.090996,0.003236070595556993,122.090996
3012,122.05414,0.09447799740467891,122.05414
3013,122.16384,0.007558020021253578,122.16384
3014,-122.10409,-0.05900022649259478,-122.10409
3015,-124.98754,-0.11703387790584678,-124.98754
3016,-125.01305,-0.08961524154962476,-125.01305
3017,-125.01305,-0.049128821661790584,-125.01305
3018,0.0,0.015197081075331364,0.0
3019,0.0,-0.0221133734115141,0.0
3020,0.0,-0.012183561017007061,0.0
3021,0.0,0.0730804507499429,0.0
3022,0.0,-0.06941536972597177,0.0
3023,0.0,0.0037451119078316716,0.0
3024,132.87077,-0.09298535001325789,132.87077
3025,123.42613,0.0819477872143587,123.42613
3026,123.584335,0.08304071713484104,123.584335
3027,123.580086,0.05671341042383711,123.580086
3028,123.46578,0.0034483568501170675,123.46578
3029,0.0,-0.05261022409425004,0.0
3030,0.0,0.0012538269985018962,0.0
3031,-132.80135,-0.15254326214641056,-132.80135
3032,0.0,-0.03044963636117396,0.0
3033,0.0,-0.01862173021540511,0.0
3034,0.0,-0.04422714514605709,0.0
3035,0.0,-0.020271076773040776,0.0
3036,0.0,0.003668307505897188,0.0
3037,0.0,-0.06105477070286064,0.0
3038,0.0,-0.06105477070286064,0.0
3039,0.0,-0.0026101056443162754,0.0
3040,0.0,-0.03245314473209271,0.0
3041,125.18106,0.20602916608847513,125.18106
3042,-128.26176,-0.6391354777384534,-128.26176
3043,-128.26176,-0.5649201441962828,-128.26176
3044,125.18106,0.20602916608847513,125.18106
3045,121.95959,0.12453702568503455,121.95959
3046,0.0,0.015542595067624777,0.0
3047,0.0,0.04756150196667906,0.0
3048,-128.2001,-0.05331396336887032,-128.2001
3049,-128.7966,0.018571690684283767,-128.7966
3050,122.37977,0.06281697517666072,122.37977
3051,122.37977,0.06281697517666072,122.37977
3052,132.00726,0.13769333874426914,132.00726
3053,122.02635,0.12739623224975855,122.02635
3054,122.02635,0.12739623224975855,122.02635
3055,122.02635,0.12739623224975855,122.02635
3056,122.02635,0.12739623224975855,122.02635
3057,122.02635,0.12739623224975855,122.02635
3058,122.02635,0.12739623224975855,122.02635
3059,122.02635,0.12739623224975855,122.02635
3060,122.02635,0.12739623224975855,122.02635
3061,122.02635,0.12739623224975855,122.02635
3062,122.02635,0.12739623224975855,122.02635
3063,-108.304344,-0.11589304913421104,-108.304344
3064,-153.18814,-0.21836382746144406,-153.18814
3065,-153.18814,-0.08028766674065085,-153.18814
3066,-122.03679,-0.2615837014365339,-122.03679
3067,-122.03679,-0.2615837014365339,-122.03679
3068,122.614235,0.10398093489888573,122.614235
3069,122.614235,0.10398093489888573,122.614235
3070,122.614235,0.10398093489888573,122.614235
3071,122.614235,0.10398093489888573,122.614235
3072,-122.6142,-0.05069883071823485,-122.6142
3073,-127.727486,-0.7320419249370954,-127.727486
3074,-127.727486,-0.7320419249370954,-127.727486
3075,-127.727486,-0.7320419249370954,-127.727486
3076,-127.727486,-0.7320419249370954,-127.727486
3077,127.72712,0.5364363623248599,127.72712
3078,127.72712,0.5364363623248599,127.72712
3079,127.72712,0.5364363623248599,127.72712
3080,127.72712,0.5364363623248599,127.72712
3081,127.72712,0.5364363623248599,127.72712
3082,127.72712,0.5364363623248599,127.72712
3083,127.60762,0.31231535318610826,127.60762
3084,127.60762,0.31231535318610826,127.60762
3085,127.60762,0.31231535318610826,127.60762
3086,-127.60802,-0.2991204108410558,-127.60802
3087,-127.60802,-0.2991204108410558,-127.60802
3088,-127.60802,-0.2991204108410558,-127.60802
3089,-127.60802,-0.2991204108410558,-127.60802
3090,126.09789,0.4021609788998181,126.09789
3091,127.51588,0.36071523814151885,127.51588
3092,127.71877,0.2605064362177631,127.71877
3093,-121.732315,-0.21917957884950784,-121.732315
3094,0.0,-0.05719145650835881,0.0
3095,0.0,-0.048490271586343454,0.0
3096,0.0,-0.01660693582809864,0.0
3097,0.0,0.056819016273940426,0.0
3098,0.0,-0.034664486358133684,0.0
3099,0.0,-0.034664486358133684,0.0
3100,122.73457,0.08247365660916346,122.73457
3101,122.73457,0.08247365660916346,122.73457
3102,122.73457,0.08247365660916346,122.73457
3103,122.73457,0.08247365660916346,122.73457
3104,122.73457,0.08247365660916346,122.73457
3105,-123.43158,-0.1811120016861791,-123.43158
3106,-126.779594,-0.18047617297089033,-126.779594
3107,-126.779594,-0.18047617297089033,-126.779594
3108,-121.734856,-0.20835625715706868,-121.734856
3109,-126.779594,-0.18047617297089033,-126.779594
3110,0.0,-0.012837083989608485,0.0
3111,0.0,0.009225641346751589,0.0
3112,0.0,0.058937936681856005,0.0
3113,131.09872,0.14203623223368103,131.09872
3114,-122.32943,-0.05121902082689992,-122.32943
3115,129.75249,-0.0830567929801629,129.75249
3116,-122.38472,-0.14557989267510352,-122.38472
3117,-122.4412,-0.043752674898566934,-122.4412
3118,-121.742546,-0.2059762854424161,-121.742546
3119,0.0,-0.04524094083257823,0.0
3120,0.0,0.025450919176104397,0.0
3121,125.84131,0.09407171630267502,125.84131
3122,125.84131,0.1185714063966591,125.84131
3123,-124.051186,0.07540974310041075,-124.051186
3124,-131.00142,0.19452394072549845,-131.00142
3125,136.16284,-0.020561130558371086,136.16284
3126,136.16284,0.0486012960593752,136.16284
3127,128.71257,0.1276152001299671,128.71257
3128,128.88513,-0.09209002753321452,128.88513
3129,-69.60954,-0.08256747589021161,-69.60954
3130,122.4473,0.1730028763294026,122.4473
3131,122.4473,0.1730028763294026,122.4473
3132,122.4473,0.1730028763294026,122.4473
3133,-122.44946,-0.05249080941346199,-122.44946
3134,-122.44946,-0.05249080941346199,-122.44946
3135,0.0,-0.07448883379668231,0.0
3136,0.0,0.0033530889188716894,0.0
3137,0.0,0.0009113894533089016,0.0
3138,0.0,-0.07516418029795338,0.0
3139,0.0,0.043817744235791274,0.0
3140,0.0,0.005795181087131887,0.0
3141,0.0,0.05176742340344512,0.0
3142,0.0,0.0023196227568147015,0.0
3143,0.0,-0.007728322500673922,0.0
3144,126.98563,0.10301874931063427,126.98563
3145,-122.89477,-0.17679442202630163,-122.89477
3146,122.894424,0.10856167471926313,122.894424
3147,128.56906,0.09854942977175238,128.56906
3148,128.56906,0.09854942977175238,128.56906
3149,-122.437836,-0.24885344256493808,-122.437836
3150,128.23982,-0.018096184870694337,128.23982
3151,121.76152,0.11410763764868054,121.76152
3152,122.02794,0.06439303711097313,122.02794
3153,-127.96347,-0.20199934976006903,-127.96347
3154,-124.98042,0.0271836940262489,-124.98042
3155,0.0,0.01050623999881593,0.0
3156,0.0,-0.006165935675954264,0.0
3157,-123.86239,0.005425365295893716,-123.86239
3158,126.08315,0.28708739069808104,126.08315
3159,-127.10651,0.04270499825083812,-127.10651
3160,-127.10651,0.04270499825083812,-127.10651
3161,-127.85762,-0.26695902094399315,-127.85762
3162,-127.85762,-0.26695902094399315,-127.85762
3163,127.857315,0.0802068822249337,127.857315
3164,131.59406,-0.07691935762431641,131.59406
3165,0.0,-0.0013537422093858288,0.0
3166,123.475075,-0.03524187991558246,123.475075
3167,-128.10376,-0.30247710067209893,-128.10376
3168,123.45296,0.07762643129707616,123.45296
3169,132.91364,-0.09935257721083214,132.91364
3170,-122.84199,-0.01816959111079745,-122.84199
3171,121.91546,0.2109649541602741,121.91546
3172,128.01788,-0.09639970457421773,128.01788
3173,-127.22283,-0.07925758075637382,-127.22283
3174,127.22281,0.25263467900518805,127.22281
3175,126.52296,0.25924686921804435,126.52296
3176,122.40381,0.1477201609915491,122.40381
3177,122.60342,0.14933868825213356,122.60342
3178,122.60342,0.14933868825213356,122.60342
3179,0.0,-0.01303658804373536,0.0
3180,0.0,-0.0015041271423917898,0.0
3181,0.0,-0.026021660930716527,0.0
3182,0.0,-0.07075204821879034,0.0
3183,0.0,-0.004754616120902607,0.0
3184,0.0,-0.004754616120902607,0.0
3185,0.0,-0.004754616120902607,0.0
3186,0.0,-0.004754616120902607,0.0
3187,0.0,-0.004754616120902607,0.0
3188,0.0,-0.004754616120902607,0.0
3189,0.0,-0.004754616120902607,0.0
3190,0.0,-0.004754616120902607,0.0
3191,0.0,-0.004754616120902607,0.0
3192,0.0,-0.004754616120902607,0.0
3193,0.0,-0.004754616120902607,0.0
3194,0.0,-0.03993979854621323,0.0
3195,0.0,-0.0916378118414135,0.0
3196,0.0,-0.0916378118414135,0.0
3197,0.0,-0.0916378118414135,0.0
3198,0.0,0.0075294338919889205,0.0
3199,0.0,0.0075294338919889205,0.0
3200,0.0,-0.07855807103580208,0.0
3201,0.0,-0.07855807103580208,0.0
3202,0.0,-0.04877285766280545,0.0
3203,0.0,-0.05557408786353438,0.0
3204,0.0,-0.07580578190344968,0.0
3205,0.0,-0.04387651790067499,0.0
3206,0.0,0.029919111801840873,0.0
3207,0.0,0.021721313254862453,0.0
3208,0.0,0.01580177064441312,0.0
3209,0.0,0.002947765270101671,0.0
3210,0.0,0.01044793923670639,0.0
3211,0.0,0.028914146742639018,0.0
3212,0.0,0.028914146742639018,0.0
3213,0.0,0.028914146742639018,0.0
3214,0.0,0.028914146742639018,0.0
3215,0.0,-0.06306962915701862,0.0
3216,0.0,-0.06306962915701862,0.0
3217,0.0,-0.02841157710307316,0.0
3218,0.0,0.08010898714166967,0.0
3219,0.0,-0.052765573124150096,0.0
3220,0.0,-0.004662504992303669,0.0
3221,0.0,-0.021800103656971673,0.0
3222,0.0,0.05950156643999159,0.0
3223,0.0,-0.01898970678424381,0.0
3224,0.0,0.013542059587984023,0.0
3225,0.0,-0.028510419441194368,0.0
3226,0.0,0.06748895046175396,0.0
3227,0.0,0.003385952158758885,0.0
3228,123.58887,0.018180805235350577,123.58887
3229,-122.83013,-0.22318052727923096,-122.83013
3230,121.76583,0.2238035633561013,121.76583
3231,131.7514,0.3944777162491173,131.7514
3232,-127.3367,-0.1412658844408076,-127.3367
3233,127.56654,0.0012097330597240345,127.56654
3234,0.0,-0.023896767490771614,0.0
3235,0.0,-0.07093967360470657,0.0
3236,0.0,-0.023896767490771614,0.0
3237,0.0,-0.07093967360470657,0.0
3238,0.0,-0.07093967360470657,0.0
3239,0.0,-0.02242135577194777,0.0
3240,0.0,-0.02242135577194777,0.0
3241,0.0,-0.058270112481311594,0.0
3242,0.0,-0.058270112481311594,0.0
3243,0.0,-0.058270112481311594,0.0
3244,0.0,-0.02242135577194777,0.0
3245,0.0,-0.02242135577194777,0.0
3246,0.0,-0.058270112481311594,0.0
3247,0.0,-0.058270112481311594,0.0
3248,0.0,-0.058270112481311594,0.0
3249,0.0,-0.02242135577194777,0.0
3250,0.0,-0.026376331624348465,0.0
3251,0.0,-0.017948154462653347,0.0
3252,0.0,-0.02962347976154627,0.0
3253,0.0,-0.017948154462653347,0.0
3254,0.0,-0.017948154462653347,0.0
3255,0.0,-0.017948154462653347,0.0
3256,0.0,-0.05090887898431211,0.0
3257,0.0,-0.036205133243666685,0.0
3258,0.0,-0.036205133243666685,0.0
3259,0.0,-0.036205133243666685,0.0
3260,0.0,-0.036205133243666685,0.0
3261,0.0,-0.036205133243666685,0.0
3262,0.0,-0.036205133243666685,0.0
3263,0.0,-0.036205133243666685,0.0
3264,0.0,0.027981965618440456,0.0
3265,0.0,-0.04609152267551848,0.0
3266,0.0,-0.05311112083815988,0.0
3267,0.0,-0.016170703996727303,0.0
3268,0.0,-0.0072535280913506766,0.0
3269,0.0,-0.052534298211091825,0.0
3270,0.0,-0.007356976971447317,0.0
3271,0.0,-0.007356976971447317,0.0
3272,0.0,-0.007356976971447317,0.0
3273,0.0,-0.007356976971447317,0.0
3274,0.0,-0.007356976971447317,0.0
3275,0.0,-0.06280113599771127,0.0
3276,0.0,-0.0380020483811187,0.0
3277,0.0,0.042959128018400024,0.0
3278,0.0,-0.0380020483811187,0.0
3279,0.0,-0.0380020483811187,0.0
3280,0.0,-0.06636663747333216,0.0
3281,0.0,-0.07748398953701252,0.0
3282,0.0,-0.07748398953701252,0.0
3283,0.0,0.0496182090844417,0.0
3284,0.0,-0.053855301850888875,0.0
3285,0.0,-0.05687661562314859,0.0
3286,0.0,-0.03189365881861459,0.0
3287,0.0,-0.0229430748495009,0.0
3288,0.0,-0.08143480674403411,0.0
3289,0.0,0.06943886153879175,0.0
3290,0.0,-0.06000051273604692,0.0
3291,0.0,0.034079664960108946,0.0
3292,0.0,0.023605504290964228,0.0
3293,0.0,-0.034190750724619134,0.0
3294,0.0,0.030523133341649526,0.0
3295,124.18644,0.1011592470471192,124.18644
3296,123.41768,0.0925340769817622,123.41768
3297,122.14995,0.008026250910541153,122.14995
3298,-125.01308,-0.08585338290849485,-125.01308
3299,128.21295,0.08773657609988438,128.21295
3300,121.214005,0.032630771852876106,121.214005
3301,121.214005,0.032630771852876106,121.214005
3302,-122.42534,-0.12490254503459974,-122.42534
3303,-128.55496,-0.21060011113669086,-128.55496
3304,-122.384476,-0.04736214524787024,-122.384476
3305,122.4941,0.06646254080567829,122.4941
3306,128.51694,0.12734002177235695,128.51694
3307,-127.08952,-0.050565432579578275,-127.08952
3308,130.54625,-0.013128056906835823,130.54625
3309,127.93553,0.06815986720922733,127.93553
3310,0.0,0.0003621676545243432,0.0
3311,0.0,-0.02931897550059512,0.0
3312,0.0,-0.006984735679908681,0.0
3313,0.0,0.016669640944153432,0.0
3314,0.0,0.016669640944153432,0.0
3315,0.0,-0.0034546443461954037,0.0
3316,0.0,-0.007703381745413431,0.0
3317,0.0,0.014901057766876884,0.0
3318,0.0,0.014901057766876884,0.0
3319,0.0,-0.027955268560775397,0.0
3320,0.0,-0.010056024491705992,0.0
3321,0.0,-0.022272792860100688,0.0
3322,0.0,-0.058240837034771877,0.0
3323,0.0,-0.06929079938031218,0.0
3324,0.0,0.015255956744160575,0.0
3325,-128.3338,-0.33069215120173373,-128.3338
3326,121.98031,0.1253035723253856,121.98031
3327,122.00503,0.08958101171322953,122.00503
3328,-128.31754,-0.33323006097092595,-128.31754
3329,-128.49037,-0.34614967050805545,-128.49037
3330,133.24138,0.09618554094750592,133.24138
3331,123.58091,0.10392445609780213,123.58091
3332,127.73451,0.550680816852545,127.73451
3333,-126.53087,-0.27071485283957525,-126.53087
3334,0.0,0.016863589349500486,0.0
3335,131.10956,0.06992899144954734,131.10956
3336,-124.89751,-0.014107858776198214,-124.89751
3337,-122.42458,-0.09362971059936505,-122.42458
3338,-122.42458,-0.09257426011355742,-122.42458
3339,-122.42458,-0.09257426011355742,-122.42458
3340,-122.42458,-0.09257426011355742,-122.42458
3341,-122.42458,-0.09257426011355742,-122.42458
3342,127.097,0.21517220340907295,127.097
3343,-122.44949,-0.13069729406014857,-122.44949
3344,122.3684,0.25541542313901666,122.3684
3345,-122.46179,0.0034372444356088883,-122.46179
3346,-2.9157627,0.0023637342138067728,-2.9157627
3347,122.10379,0.05221064794245129,122.10379
3348,-128.77783,-0.10708747654605044,-128.77783
3349,128.77782,0.12925528961949753,128.77782
3350,128.80165,0.012651293556973135,128.80165
3351,127.53336,0.05222337087195586,127.53336
3352,127.864204,0.018748368135979826,127.864204
3353,124.631096,0.057508562765816645,124.631096
3354,127.63225,0.42085349483446777,127.63225
3355,-123.450584,-0.2335598660904912,-123.450584
3356,-123.450584,-0.18042567841171891,-123.450584
3357,-123.450584,-0.2335598660904912,-123.450584
3358,-123.450584,-0.2335598660904912,-123.450584
3359,-123.4933,-0.1496193952084094,-123.4933
3360,122.80403,0.17819662438041717,122.80403
3361,-127.94023,-0.02001146448363888,-127.94023
3362,0.0,-0.08249669167942869,0.0
3363,0.0,-0.08249669167942869,0.0
3364,-123.46176,-0.1594554404087899,-123.46176
3365,-123.46176,-0.1594554404087899,-123.46176
3366,-123.46176,-0.1594554404087899,-123.46176
3367,-123.43324,-0.0688225513948205,-123.43324
3368,-123.43324,-0.0688225513948205,-123.43324
3369,123.462036,0.021289946823171035,123.462036
3370,121.75106,0.2247630671801361,121.75106
3371,-130.98242,0.10894176635677008,-130.98242
3372,-125.020164,-0.1887636158585891,-125.020164
3373,-125.020164,-0.08063331707541026,-125.020164
3374,-122.452805,-0.22835726647790078,-122.452805
3375,-121.72643,-0.13922306765695425,-121.72643
3376,121.69503,0.262977739246732,121.69503
3377,-121.72643,-0.13922306765695425,-121.72643
3378,-121.73902,-0.21464795385248112,-121.73902
3379,0.0,0.0037836465494061533,0.0
3380,0.0,-0.005291821036271132,0.0
3381,128.14201,0.016562831789862717,128.14201
3382,130.92116,0.06326354551619616,130.92116
3383,0.0,-0.020524947192984876,0.0
3384,0.0,0.0030780332626865643,0.0
3385,0.0,-0.0550486965597845,0.0
3386,-128.38345,-0.4863285349757292,-128.38345
3387,0.0,0.0320058587416855,0.0
3388,125.31034,0.03328236711580641,125.31034
3389,127.70029,0.5113885073369917,127.70029
3390,127.70029,0.5113885073369917,127.70029
3391,122.43806,0.08516669983743892,122.43806
3392,-124.936295,-0.0729077186332339,-124.936295
3393,-122.4597,-0.05249080941346199,-122.4597
3394,0.0,-0.02272100071542288,0.0
3395,0.0,-0.016983979169728457,0.0
3396,0.0,-0.006219800829557029,0.0
3397,0.0,-0.0033184628715492203,0.0
3398,0.0,0.04028958738008681,0.0
3399,0.0,-0.06445838631740336,0.0
3400,0.0,-0.02873287704595794,0.0
3401,0.0,-0.051083034639673675,0.0
3402,0.0,-0.06111346188481,0.0
3403,0.0,0.01620244926830156,0.0
3404,0.0,-0.004447769998855254,0.0
3405,0.0,0.011005311893131564,0.0
3406,0.0,0.009989783961820818,0.0
3407,0.0,0.08080579758078461,0.0
3408,0.0,-0.006653317861253807,0.0
3409,0.0,-0.025281017502116292,0.0
3410,-123.437546,-0.04073742039794094,-123.437546
3411,122.80886,0.0671080730504666,122.80886
3412,-136.15567,0.12870624119546192,-136.15567
3413,-125.01856,-0.11488649511273727,-125.01856
3414,-124.95264,-0.038896617948457494,-124.95264
3415,130.15016,0.20828787180478298,130.15016
3416,128.31277,0.09673524143241158,128.31277
3417,0.0,-0.012035701165808835,0.0
3418,0.0,-0.016654864962038687,0.0
3419,0.0,-0.03300133433520658,0.0
3420,0.0,-0.029969972247481408,0.0
3421,0.0,-0.02797578555047003,0.0
3422,0.0,0.01636817145814726,0.0
3423,0.0,0.005283872482906628,0.0
3424,0.0,-0.008926109924894414,0.0
3425,0.0,0.0016481958352631996,0.0
3426,0.0,-0.07055346973111898,0.0
3427,0.0,0.019864032739392797,0.0
3428,0.0,-0.050749784763154254,0.0
3429,0.0,-0.08071244184758061,0.0
3430,0.0,-0.09726767649158229,0.0
3431,0.0,-0.07684493031281277,0.0
3432,0.0,-0.006558716570748717,0.0
3433,0.0,-0.0016443381944323422,0.0
3434,0.0,0.019765602473296603,0.0
3435,0.0,-0.0732527695946795,0.0
3436,0.0,0.0251486433356181,0.0
3437,0.0,0.0057041284314410055,0.0
3438,0.0,-0.011582627741919267,0.0
3439,0.0,-0.0013540033914938086,0.0
3440,0.0,-0.01634450435805857,0.0
3441,-126.12263,0.0998364462897352,-126.12263
3442,-127.15457,-0.22360693028803158,-127.15457
3443,-127.15457,-0.22360693028803158,-127.15457
3444,-127.15457,-0.22360693028803158,-127.15457
3445,-127.15457,-0.22360693028803158,-127.15457
3446,-127.15457,-0.22360693028803158,-127.15457
3447,-127.15457,-0.22360693028803158,-127.15457
3448,2.8599477,0.17840680269299836,2.8599477
3449,-122.45017,-0.10245383819483214,-122.45017
3450,0.0,-0.021260347711013098,0.0
3451,0.0,-0.08931352526758989,0.0
3452,0.0,-0.08354736989699152,0.0
3453,0.0,0.02134300300271265,0.0
3454,0.0,0.02134300300271265,0.0
3455,0.0,-0.07375431773602416,0.0
3456,0.0,-0.07375431773602416,0.0
3457,0.0,0.014395228182605078,0.0
3458,0.0,-0.07375431773602416,0.0
3459,0.0,-0.07375431773602416,0.0
3460,0.0,-0.07375431773602416,0.0
3461,0.0,0.014395228182605078,0.0
3462,0.0,-0.07375431773602416,0.0
3463,0.0,-0.07375431773602416,0.0
3464,0.0,0.014395228182605078,0.0
3465,0.0,0.014395228182605078,0.0
3466,0.0,-0.07375431773602416,0.0
3467,0.0,-0.07375431773602416,0.0
3468,0.0,-0.064886741563313,0.0
3469,0.0,-0.012295454827811617,0.0
3470,0.0,0.00162624771129321,0.0
3471,0.0,0.005221473525476895,0.0
3472,0.0,0.018408486673882292,0.0
3473,0.0,-0.07624547938600289,0.0
3474,0.0,-0.0166111582879194,0.0
3475,0.0,-0.024476735759949148,0.0
3476,0.0,0.008254183891870133,0.0
3477,0.0,-0.0005763793191830385,0.0
3478,0.0,-0.07505509299431233,0.0
3479,0.0,0.028205284606842452,0.0
3480,0.0,-0.011511262919459045,0.0
3481,0.0,-0.011511262919459045,0.0
3482,0.0,-0.021675297541262333,0.0
3483,0.0,-0.02491029425506239,0.0
3484,0.0,-0.02491029425506239,0.0
3485,0.0,0.05487100995249693,0.0
3486,0.0,0.05487100995249693,0.0
3487,0.0,-0.021021194853106898,0.0
3488,0.0,0.01241643261151563,0.0
3489,0.0,0.008864618545005795,0.0
3490,0.0,-0.046313990324663115,0.0
3491,0.0,-0.005572834621701552,0.0
3492,0.0,-0.07448973178796167,0.0
3493,0.0,0.0026158674701534613,0.0
3494,0.0,-0.07440778543571198,0.0
3495,0.0,-0.005442289036915731,0.0
3496,0.0,0.021827159684485165,0.0
3497,0.0,0.008180939778044998,0.0
3498,0.0,-0.02103460044753823,0.0
3499,0.0,-0.017921989053486763,0.0
3500,0.0,-0.03184417137830747,0.0
3501,0.0,-0.03102869816541443,0.0
3502,0.0,-0.05164405968588827,0.0
3503,0.0,-0.06548931902682083,0.0
3504,0.0,-0.0722957573056483,0.0
3505,0.0,-0.06154947189312897,0.0
3506,-123.45729,-0.19955939874820544,-123.45729
3507,0.0,-0.019027338656804546,0.0
3508,0.0,0.06008176387150155,0.0
3509,0.0,0.02862335413151048,0.0
3510,0.0,0.006237258577442585,0.0
3511,0.0,-0.012894780768224513,0.0
3512,-121.76552,-0.16168158602011373,-121.76552
3513,-121.76552,-0.16168158602011373,-121.76552
3514,-121.76552,-0.16168158602011373,-121.76552
3515,121.75933,0.2560421874993932,121.75933
3516,121.75933,0.2560421874993932,121.75933
3517,121.75933,0.2560421874993932,121.75933
3518,-121.76552,-0.16168158602011373,-121.76552
3519,-128.31711,-0.07092116151803379,-128.31711
3520,125.18397,0.266729802511195,125.18397
3521,-125.17381,-0.03136249054505275,-125.17381
3522,-125.17381,-0.03136249054505275,-125.17381
3523,-178.89854,0.12973077457010046,-178.89854
3524,-122.41506,-0.22196673215999063,-122.41506
3525,-122.41506,-0.22196673215999063,-122.41506
3526,-122.41506,-0.22196673215999063,-122.41506
3527,-122.41506,-0.22196673215999063,-122.41506
3528,-122.42018,-0.21100328004854094,-122.42018
3529,-122.42018,-0.21100328004854094,-122.42018
3530,-122.42018,-0.21100328004854094,-122.42018
3531,-122.42018,-0.21100328004854094,-122.42018
3532,122.42015,0.15264136133453418,122.42015
3533,122.42015,0.15264136133453418,122.42015
3534,122.42015,0.15264136133453418,122.42015
3535,-122.08594,-0.12801982015758492,-122.08594
3536,-122.08594,-0.12801982015758492,-122.08594
3537,-122.08594,-0.12801982015758492,-122.08594
3538,-2.9077992,0.0035096183392097392,-2.9077992
3539,122.0861,0.02638805184350162,122.0861
3540,122.0861,0.02638805184350162,122.0861
3541,122.0861,0.02638805184350162,122.0861
3542,-122.44219,-0.09358257219226265,-122.44219
3543,-122.44219,-0.09358257219226265,-122.44219
3544,-122.44219,-0.09358257219226265,-122.44219
3545,122.44218,0.08626498788070071,122.44218
3546,122.44218,0.08626498788070071,122.44218
3547,0.0,-0.05127871192912384,0.0
3548,0.0,0.007255482216677517,0.0
3549,0.0,0.004008334079479719,0.0
3550,0.0,0.004008334079479719,0.0
3551,0.0,0.004008334079479719,0.0
3552,0.0,0.004008334079479719,0.0
3553,0.0,0.004008334079479719,0.0
3554,0.0,0.003952120813869264,0.0
3555,0.0,0.003952120813869264,0.0
3556,0.0,-0.06432143048018275,0.0
3557,0.0,-0.06432143048018275,0.0
3558,0.0,-0.00826924344207541,0.0
3559,0.0,-0.04820158517320719,0.0
3560,0.0,-0.03137569691104317,0.0
3561,0.0,0.0017815140164316708,0.0
3562,0.0,-0.025430038734029742,0.0
3563,0.0,-0.048321563617243594,0.0
3564,0.0,-0.048321563617243594,0.0
3565,0.0,0.055354511201162124,0.0
3566,0.0,-0.08678994883067521,0.0
3567,0.0,-0.04327365993102701,0.0
3568,122.0141,0.034898027475309686,122.0141
3569,121.15613,0.15659146822109915,121.15613
3570,-128.24435,0.17602491190658906,-128.24435
3571,-128.24435,0.17602491190658906,-128.24435
3572,123.40398,-0.05031025479169731,123.40398
3573,130.1097,-0.06590309980217476,130.1097
3574,0.0,-0.0004061850290349425,0.0
3575,0.0,-0.043546179507495356,0.0
3576,0.0,-0.030941799604041746,0.0
3577,0.0,0.04550479754757814,0.0
3578,0.0,-0.026584875602622442,0.0
3579,0.0,-0.011226203835214613,0.0
3580,122.79272,0.04467012476163497,122.79272
3581,122.79272,0.04467012476163497,122.79272
3582,-123.44647,-0.2124988511410091,-123.44647
3583,-123.44647,-0.2124988511410091,-123.44647
3584,-123.44647,-0.2124988511410091,-123.44647
3585,-123.44647,-0.2124988511410091,-123.44647
3586,-123.44647,-0.2124988511410091,-123.44647
3587,-123.45079,-0.16226925098723488,-123.45079
3588,-123.45079,-0.16226925098723488,-123.45079
3589,-123.45079,-0.16226925098723488,-123.45079
3590,123.4424,0.14022310052507647,123.4424
3591,123.4424,0.16680413117123766,123.4424
3592,-128.22124,-0.20703220607546644,-128.22124
3593,-128.22124,-0.20703220607546644,-128.22124
3594,-130.42995,-0.10624266447644647,-130.42995
3595,-122.40671,-0.07116329408109716,-122.40671
3596,-127.13882,-0.021396465888083423,-127.13882
3597,-126.66975,-0.10331903090665887,-126.66975
3598,-126.66975,-0.10331903090665887,-126.66975
3599,-126.66975,-0.10258569410173127,-126.66975
3600,121.753815,0.18713641046825732,121.753815
3601,121.753815,0.18713641046825732,121.753815
3602,121.753815,0.18713641046825732,121.753815
3603,-121.74788,-0.16405646821650033,-121.74788
3604,-121.74788,-0.16405646821650033,-121.74788
3605,121.74802,0.21389613590950055,121.74802
3606,121.74802,0.21389613590950055,121.74802
3607,121.74802,0.21389613590950055,121.74802
3608,-121.74788,-0.16405646821650033,-121.74788
3609,0.0,0.0726421292694853,0.0
3610,0.0,0.018965702638865194,0.0
3611,0.0,-0.03844007026168296,0.0
3612,0.0,-0.004959137939651777,0.0
3613,129.19884,0.09341822010342675,129.19884
3614,123.566444,-0.13343080871265367,123.566444
3615,124.23291,0.003350230593432906,124.23291
3616,-124.12313,-0.023791118123376774,-124.12313
3617,122.45113,0.12746382613330676,122.45113
3618,0.0,0.03393095757272564,0.0
3619,0.0,0.059904624151627756,0.0
3620,-122.41951,-0.059382966573784626,-122.41951
3621,-122.093094,-0.08944292777587519,-122.093094
3622,-122.093094,-0.08944292777587519,-122.093094
3623,0.0,-0.0006144946088832657,0.0
3624,-123.77828,-0.04727152093731617,-123.77828
3625,130.88089,-0.036896370846746226,130.88089
3626,-123.40184,-0.0993012076327524,-123.40184
3627,0.0,0.018577254687576882,0.0
3628,-128.18011,-0.2046390948124922,-128.18011
3629,-123.46279,-0.25969432294507644,-123.46279
3630,123.793755,-0.03278023846527859,123.793755
3631,125.640305,0.13916363976729387,125.640305
3632,-127.95295,-0.22008002041160413,-127.95295
3633,-128.77393,-0.03843891673066874,-128.77393
3634,0.0,-0.04210784673513705,0.0
3635,0.0,0.05329061390113842,0.0
3636,0.0,0.05329061390113842,0.0
3637,0.0,-0.009731243536739364,0.0
3638,0.0,0.01020457876989283,0.0
3639,0.0,0.017481490841004074,0.0
3640,0.0,0.028662172219668988,0.0
3641,0.0,0.015823636612510874,0.0
3642,0.0,-0.04795146610886723,0.0
3643,0.0,-0.09696508905658295,0.0
3644,104.73767,0.14205444758534258,104.73767
3645,0.0,0.05037074545015364,0.0
3646,0.0,-0.04974191642123158,0.0
3647,0.0,0.013665554068052083,0.0
3648,-128.18332,-0.3493171570674939,-128.18332
3649,0.0,-0.03797082351235962,0.0
3650,0.0,-0.06289318084443321,0.0
3651,128.25517,0.06841037110453117,128.25517
3652,130.92732,0.06929641781981435,130.92732
3653,128.12764,0.1302186123924933,128.12764
3654,-123.44437,-0.20115810708003645,-123.44437
3655,0.0,0.06575226769018458,0.0
3656,0.0,-0.012908891756903443,0.0
3657,0.0,-0.053732264123639184,0.0
3658,0.0,-0.04254957066927695,0.0
3659,0.0,0.017173083158201336,0.0
3660,0.0,-0.012075313248013593,0.0
3661,0.0,0.035883192753235434,0.0
3662,0.0,0.01866110276854135,0.0
3663,0.0,-0.022260096064173215,0.0
3664,0.0,-0.022260096064173215,0.0
3665,0.0,-0.01635444795881679,0.0
3666,0.0,0.0026664850575479427,0.0
3667,0.0,-0.010411585641337963,0.0
3668,0.0,0.02697198492925293,0.0
3669,0.0,0.02697198492925293,0.0
3670,0.0,-0.10088799045916104,0.0
3671,0.0,-0.10088799045916104,0.0
3672,-128.15558,-0.47845823500560936,-128.15558
3673,-128.15558,-0.31859989596730004,-128.15558
3674,125.73552,0.03554376360029628,125.73552
3675,-141.99716,0.06421185297880122,-141.99716
3676,-141.99716,0.06421185297880122,-141.99716
3677,-122.436584,-0.17289458229005178,-122.436584
3678,-136.13864,-0.04242921121888136,-136.13864
3679,122.44707,0.13474727595909214,122.44707
3680,0.0,-0.011762139772153074,0.0
3681,0.0,-0.022359306819476746,0.0
3682,0.0,-0.02587667588293429,0.0
3683,0.0,-0.021145121938981645,0.0
3684,0.0,-0.021145121938981645,0.0
3685,0.0,-0.0610527046870621,0.0
3686,0.0,-0.06661033722493502,0.0
3687,0.0,-0.06661033722493502,0.0
3688,0.0,-0.09733098282670079,0.0
3689,0.0,0.004200062159924204,0.0
3690,0.0,-0.020581084428461755,0.0
3691,0.0,-0.06293356270424494,0.0
3692,0.0,-0.023724594342221614,0.0
3693,0.0,0.002627879838900649,0.0
3694,0.0,-0.011085433264153809,0.0
3695,0.0,0.062312357309121144,0.0
3696,0.0,0.062312357309121144,0.0
3697,0.0,-0.05093936591608667,0.0
3698,0.0,-1.115955128540378e-05,0.0
3699,0.0,-0.0369844888764989,0.0
3700,0.0,-0.010420389172232062,0.0
3701,0.0,-0.060625106557994884,0.0
3702,0.0,-0.07048686747512797,0.0
3703,0.0,-0.02829791367810977,0.0
3704,0.0,0.0015634353962516094,0.0
3705,0.0,-0.019750927833014086,0.0
3706,0.0,0.0485878565686393,0.0
3707,0.0,-0.00922635186698064,0.0
3708,0.0,-0.013735246612548302,0.0
3709,0.0,-0.061227749928162684,0.0
3710,0.0,0.025514952146870336,0.0
3711,0.0,0.015389909153176952,0.0
3712,0.0,0.006852573197942409,0.0
3713,0.0,-0.06308451858870459,0.0
3714,0.0,-0.02317098824072906,0.0
3715,0.0,0.01684965731414389,0.0
3716,0.0,0.009963651073917147,0.0
3717,-122.87862,-0.06954753262395878,-122.87862
3718,122.87831,0.10469967543616007,122.87831
3719,-127.333824,-0.14646027197727762,-127.333824
3720,-126.54626,-0.016240364821960444,-126.54626
3721,-126.54626,-0.016240364821960444,-126.54626
3722,-128.32014,-0.08174781487942942,-128.32014
3723,-126.71517,-0.0290727792866494,-126.71517
3724,125.19837,0.07836341119333716,125.19837
3725,151.64189,0.9878813722996195,151.64189
3726,-125.02298,-0.04855154286576047,-125.02298
3727,122.11462,0.16696985497396796,122.11462
3728,-126.96642,-0.03789141469219438,-126.96642
3729,122.087776,0.1074865104533264,122.087776
3730,126.25468,0.14866311043536865,126.25468
3731,-125.01134,-0.049542784890353526,-125.01134
3732,127.118904,0.1309292175034431,127.118904
3733,0.0,-0.00910014470256744,0.0
3734,0.0,-0.00910014470256744,0.0
3735,0.0,-0.08778170552401576,0.0
3736,0.0,-0.06856126433930025,0.0
3737,0.0,-0.08790500804426317,0.0
3738,0.0,-0.08790500804426317,0.0
3739,0.0,0.042749435630882154,0.0
3740,0.0,0.042749435630882154,0.0
3741,0.0,-0.03934041620843384,0.0
3742,0.0,-0.03934041620843384,0.0
3743,0.0,-0.029419228720144238,0.0
3744,0.0,-0.022029963488518208,0.0
3745,0.0,-0.04143467194463362,0.0
3746,0.0,0.00724398043693472,0.0
3747,0.0,-0.002447117907844421,0.0
3748,0.0,-0.06451813211241733,0.0
3749,0.0,-0.009515327209326432,0.0
3750,0.0,0.022321607048221136,0.0
3751,0.0,-0.012815304445806386,0.0
3752,0.0,-0.002435191572076299,0.0
3753,0.0,-0.05655051816787274,0.0
3754,0.0,0.011451905592456119,0.0
3755,0.0,-0.04751625403719969,0.0
3756,0.0,0.004628428136959518,0.0
3757,0.0,0.005162507906539528,0.0
3758,0.0,0.03593669249601751,0.0
3759,0.0,0.03245870079052287,0.0
3760,0.0,-0.04967869915942905,0.0
3761,0.0,-0.04967869915942905,0.0
3762,0.0,0.05520244080880069,0.0
3763,0.0,0.022905920534490844,0.0
3764,0.0,-0.06644491148104925,0.0
3765,0.0,-0.049236043146598726,0.0
3766,0.0,-0.012310528129717415,0.0
3767,0.0,0.02061101273103261,0.0
3768,0.0,-0.0010896271602498695,0.0
3769,0.0,0.05045330778387634,0.0
3770,0.0,-0.02067522505316749,0.0
3771,0.0,-0.05150104667618264,0.0
3772,0.0,-0.0004436967060799,0.0
3773,0.0,-0.005242025378336449,0.0
3774,0.0,0.0076087358880193474,0.0
3775,0.0,0.0076087358880193474,0.0
3776,0.0,-0.05288110672034045,0.0
3777,0.0,-0.030864428762559213,0.0
3778,0.0,-0.03095327784016269,0.0
3779,0.0,0.011085802359019898,0.0
3780,0.0,-0.005240805436862303,0.0
3781,0.0,0.042712862716210775,0.0
3782,-126.58228,0.025301560677761566,-126.58228
3783,-126.58228,0.025301560677761566,-126.58228
3784,-127.86051,0.04233906903985586,-127.86051
3785,-128.26674,-0.01161093219448826,-128.26674
3786,-128.26674,-0.01161093219448826,-128.26674
3787,-128.25787,0.24256940759272314,-128.25787
3788,124.433464,0.05617478339791188,124.433464
3789,0.0,-0.08506892618583796,0.0
3790,0.0,-0.08506892618583796,0.0
3791,0.0,0.028321311341102332,0.0
3792,0.0,0.028321311341102332,0.0
3793,0.0,0.000251108482295558,0.0
3794,0.0,-0.07018656045502938,0.0
3795,0.0,-0.0836471056120744,0.0
3796,0.0,-0.01784812852105855,0.0
3797,-128.28615,-0.40136119245880353,-128.28615
3798,122.985245,0.07821914596056963,122.985245
3799,-124.21833,-0.023652321306165937,-124.21833
3800,-127.62773,-0.4751416373502814,-127.62773
3801,-127.62773,-0.4751416373502814,-127.62773
3802,-127.62773,-0.4751416373502814,-127.62773
3803,-127.62773,-0.4751416373502814,-127.62773
3804,-127.62773,-0.4751416373502814,-127.62773
3805,127.62823,0.37487087092775234,127.62823
3806,127.62823,0.37487087092775234,127.62823
3807,127.62823,0.37487087092775234,127.62823
3808,125.759415,0.28597505896964126,125.759415
3809,125.759415,0.28597505896964126,125.759415
3810,123.13123,-0.011188166582264273,123.13123
3811,0.0,-0.03270994413406162,0.0
3812,0.0,0.028001657925910577,0.0
3813,0.0,0.007410980607795269,0.0
3814,0.0,0.03698876434336965,0.0
3815,0.0,0.0044748162420286995,0.0
3816,-128.38824,-0.32335464363747873,-128.38824
3817,-126.69443,-0.33527418767846734,-126.69443
3818,122.411865,0.0954123151925105,122.411865
3819,-123.16468,-0.24339588653248367,-123.16468
3820,-123.16468,-0.24339588653248367,-123.16468
3821,0.0,-0.043186973299685745,0.0
3822,-128.0823,0.03803941112479082,-128.0823
3823,-128.0823,0.03803941112479082,-128.0823
3824,-127.59926,-0.08975984522271428,-127.59926
3825,-127.59926,-0.08975984522271428,-127.59926
3826,-126.54568,0.0971252308048846,-126.54568
3827,-126.54568,0.0971252308048846,-126.54568
3828,0.0,0.007872973367214722,0.0
3829,0.0,-0.03594606915825522,0.0
3830,-125.54754,-0.04487057087207667,-125.54754
3831,121.98592,0.11169799977617233,121.98592
3832,175.18684,0.6408359583056176,175.18684
3833,0.0,-0.019070432627568003,0.0
3834,123.59689,-0.051020199134444104,123.59689
3835,123.48691,0.005264789748985878,123.48691
3836,0.0,-0.02212948228853136,0.0
3837,0.0,-0.04342582377815318,0.0
3838,0.0,0.0025795325986857033,0.0
3839,0.0,-0.0410509387838124,0.0
3840,-128.20319,-0.5068879172453356,-128.20319
3841,-128.20319,-0.3104635972229554,-128.20319
3842,-123.42977,-0.09968625791849099,-123.42977
3843,130.13611,-0.1200960537519443,130.13611
3844,-122.4326,-0.20075542834691767,-122.4326
3845,0.0,0.04220008298546597,0.0
3846,0.0,-0.007134034171871783,0.0
3847,0.0,0.0057680906022842555,0.0
3848,0.0,0.006536170957408656,0.0
3849,0.0,0.006536170957408656,0.0
3850,0.0,-0.004973275808426413,0.0
3851,0.0,-0.08862097001908877,0.0
3852,0.0,-0.10104396935720784,0.0
3853,0.0,-0.0010425241858088752,0.0
3854,0.0,-0.0010425241858088752,0.0
3855,0.0,-0.03044651057268844,0.0
3856,0.0,-0.0063405691826407306,0.0
3857,-129.2293,0.07033265016976215,-129.2293
3858,128.51797,-0.09939351930519054,128.51797
3859,128.51797,-0.09772865263523685,128.51797
3860,-125.31225,0.12623087449767054,-125.31225
3861,-127.00195,0.16875186017452737,-127.00195
3862,0.0,-0.056457420391274306,0.0
3863,0.0,-0.043554880942761415,0.0
3864,0.0,-0.0034920161125882605,0.0
3865,0.0,-0.04252515429402642,0.0
3866,0.0,-0.003340001104462997,0.0
3867,0.0,-0.00765812557743337,0.0
3868,0.0,-0.0011270266821598366,0.0
3869,0.0,0.04600714174088286,0.0
3870,0.0,-0.05341342917781046,0.0
3871,0.0,0.008351045918811762,0.0
3872,131.05898,0.06380985254652571,131.05898
3873,-152.7095,-0.18027808191880684,-152.7095
3874,124.85736,0.12751549994854802,124.85736
3875,-124.90806,-0.13377367722202316,-124.90806
3876,-122.85394,-0.2767781130230054,-122.85394
3877,129.22917,-0.08724106747080222,129.22917
3878,128.33109,-0.0702361125677414,128.33109
3879,129.2903,-0.04595079360997066,129.2903
3880,127.175514,-0.053722269962653474,127.175514
3881,0.0,-0.013322730485534041,0.0
3882,0.0,-0.006840617879864336,0.0
3883,0.0,-0.059060141630753654,0.0
3884,0.0,-0.05665331760796301,0.0
3885,0.0,-0.05665331760796301,0.0
3886,0.0,-0.018966374731142238,0.0
3887,0.0,-0.018966374731142238,0.0
3888,0.0,-0.022157100475233713,0.0
3889,0.0,0.01702856871871539,0.0
3890,0.0,-0.005137728007363215,0.0
3891,0.0,-0.0339490481983973,0.0
3892,0.0,-0.017842901313931896,0.0
3893,0.0,-0.017842901313931896,0.0
3894,0.0,-0.00808784495306914,0.0
3895,0.0,-0.02380737347666553,0.0
3896,0.0,-0.09294966136594895,0.0
3897,0.0,-0.04837003866665979,0.0
3898,0.0,0.022781037299891584,0.0
3899,0.0,-0.00037120827224274564,0.0
3900,0.0,0.02232580500471658,0.0
3901,0.0,0.02923227020504934,0.0
3902,0.0,0.05958997215596479,0.0
3903,0.0,-0.04788070257163978,0.0
3904,0.0,0.008584223115822808,0.0
3905,0.0,-0.08820389092335738,0.0
3906,0.0,-0.11351033506405098,0.0
3907,0.0,0.023018489421338013,0.0
3908,-124.10049,0.06262380155412137,-124.10049
3909,-124.10049,0.06262380155412137,-124.10049
3910,125.948456,0.03367492249307118,125.948456
3911,125.948456,0.03367492249307118,125.948456
3912,-123.42075,-0.10621382042093871,-123.42075
3913,-61.2268,-0.036980506972836336,-61.2268
3914,60.86035,0.1594059003188685,60.86035
3915,0.0,-0.09728299139795436,0.0
3916,0.0,-0.09728299139795436,0.0
3917,-127.947014,-0.07309459351844945,-127.947014
3918,142.61778,0.1287668604760746,142.61778
3919,-130.87215,-0.08456331943395486,-130.87215
3920,0.0,-0.002440334261840643,0.0
3921,0.0,-0.07502085362777602,0.0
3922,0.0,-0.08350679630653793,0.0
3923,0.0,0.021428870778350127,0.0
3924,0.0,0.021428870778350127,0.0
3925,0.0,-0.10932464797559607,0.0
3926,0.0,-0.0528958838683798,0.0
3927,0.0,-0.07542405985022292,0.0
3928,0.0,-0.06636468536061357,0.0
3929,0.0,-0.06941133816751531,0.0
3930,0.0,-0.055140573738167165,0.0
3931,0.0,0.04238523715032762,0.0
3932,0.0,0.07199929764876524,0.0
3933,0.0,0.11275633702459541,0.0
3934,0.0,0.0060795826169387675,0.0
3935,0.0,-0.01347471402884628,0.0
3936,0.0,-0.021632516691608372,0.0
3937,0.0,-0.016703317813889042,0.0
3938,0.0,0.03321445920736986,0.0
3939,0.0,0.014951204435987665,0.0
3940,0.0,-0.03733708132654995,0.0
3941,0.0,-0.012997694318429419,0.0
3942,0.0,-0.02409063229645844,0.0
3943,0.0,0.020199985404952325,0.0
3944,0.0,-0.016976093234934198,0.0
3945,0.0,-0.027848281646920124,0.0
3946,0.0,-0.04997380189201174,0.0
3947,0.0,0.022199308388054582,0.0
3948,0.0,-0.018275381138347497,0.0
3949,0.0,-0.05214815467316694,0.0
3950,0.0,-0.07243780389555217,0.0
3951,0.0,-0.04117702674740018,0.0
3952,0.0,0.01430690708281751,0.0
3953,124.225334,0.20218394150058036,124.225334
3954,124.225334,0.20166856255695537,124.225334
3955,-125.6294,-0.17163986837527098,-125.6294
3956,128.10121,0.23829798501235927,128.10121
3957,123.4219,0.049155920275863754,123.4219
3958,123.79451,0.060380913762251964,123.79451
3959,31.926409,0.019195460305909885,31.926409
3960,121.79674,0.1539081796391484,121.79674
3961,-128.15518,-0.025587517318557212,-128.15518
3962,-128.40503,0.12962247607144947,-128.40503
3963,-128.28069,0.05297622222904369,-128.28069
3964,-128.39041,-0.033664449736092505,-128.39041
3965,-128.46385,0.05310515758962753,-128.46385
3966,126.976715,0.15212754528908173,126.976715
3967,127.99045,0.09132849626697892,127.99045
3968,0.0,-0.05678777239077128,0.0
3969,0.0,-0.012238028800240736,0.0
3970,0.0,-0.06949401681831216,0.0
3971,0.0,0.00843148706498131,0.0
3972,0.0,-0.016553056346577354,0.0
3973,0.0,0.0047140767496858145,0.0
3974,0.0,-0.004433069031211006,0.0
3975,0.0,0.003990389659645565,0.0
3976,0.0,0.007151534166533974,0.0
3977,0.0,-0.015778663598480614,0.0
3978,0.0,-0.015778663598480614,0.0
3979,0.0,-0.012176594032492914,0.0
3980,0.0,-0.012176594032492914,0.0
3981,0.0,-0.07297161921308346,0.0
3982,0.0,-0.07297161921308346,0.0
3983,0.0,0.05507477291025816,0.0
3984,125.84701,-0.04470233460260029,125.84701
3985,125.84701,-0.04470233460260029,125.84701
3986,123.578316,-0.004122963913745185,123.578316
3987,123.48095,0.013379259219195468,123.48095
3988,0.0,0.018651018692072804,0.0
3989,0.0,-0.021810289417815303,0.0
3990,0.0,-0.03199640986090992,0.0
3991,-128.11717,-0.18086721591395766,-128.11717
3992,-128.2158,0.0037480027130913666,-128.2158
3993,0.0,-0.0870359627243674,0.0
3994,0.0,-0.03947123515465698,0.0
3995,0.0,-0.0870359627243674,0.0
3996,0.0,-0.021100255631493047,0.0
3997,0.0,-0.0013070892884989539,0.0
3998,0.0,0.03682331704120832,0.0
3999,0.0,-0.08997602301249089,0.0
4000,0.0,0.007837753729210865,0.0
4001,0.0,0.020648583412394613,0.0
4002,0.0,-0.03002299073623346,0.0
4003,0.0,0.014292880183037229,0.0
4004,0.0,0.03011407284341237,0.0
4005,-123.69333,-0.2302895168600403,-123.69333
4006,-124.37131,0.037525013805532734,-124.37131
4007,-124.37131,0.037525013805532734,-124.37131
4008,-124.4043,0.24194493938504757,-124.4043
4009,-124.4043,0.24194493938504757,-124.4043
4010,-123.69333,-0.2302895168600403,-123.69333
4011,-128.28026,-0.600336586601962,-128.28026
4012,0.0,-0.01262972034743946,0.0
4013,0.0,-0.037911556410472516,0.0
4014,0.0,-0.052481338147321824,0.0
4015,0.0,-0.012153069165775528,0.0
4016,0.0,-0.037884935701340175,0.0
4017,0.0,0.00879029227287518,0.0
4018,0.0,0.009372062635427498,0.0
4019,0.0,0.002278362795152483,0.0
4020,0.0,0.0441636937982294,0.0
4021,0.0,-0.0017040418823363963,0.0
4022,0.0,0.0645365355286909,0.0
4023,0.0,-0.02872064361158702,0.0
4024,0.0,-0.02016553796493381,0.0
4025,-121.7447,-0.1448924438560267,-121.7447
4026,-121.7447,-0.1448924438560267,-121.7447
4027,-127.15803,-0.06001429303647899,-127.15803
4028,0.0,0.0008520942015820998,0.0
4029,0.0,-0.02676876097349261,0.0
4030,0.0,-0.02741844829379974,0.0
4031,0.0,-0.05432078859732327,0.0
4032,0.0,0.017021290294797604,0.0
4033,0.0,0.04581200103706451,0.0
4034,0.0,-0.06410163249919283,0.0
4035,0.0,-0.06410163249919283,0.0
4036,0.0,0.007407383624417415,0.0
4037,0.0,0.0018479245490059183,0.0
4038,0.0,0.03217037195026738,0.0
4039,0.0,-0.11899851342390698,0.0
4040,0.0,0.04581016096338558,0.0
4041,0.0,0.008392878181020379,0.0
4042,-78.597565,-0.0824337325207289,-78.597565
4043,131.02911,0.05377780116529796,131.02911
4044,131.44621,0.17235727984192983,131.44621
4045,127.300064,-0.2363757586543888,127.300064
4046,127.15598,-0.12858498927068313,127.15598
4047,-128.0778,-0.35203199118593365,-128.0778
4048,0.0,-0.008321843020729735,0.0
4049,0.0,-0.0893722978676818,0.0
4050,0.0,0.048116885663942614,0.0
4051,0.0,-0.023442163578239344,0.0
4052,0.0,-0.03559967983343963,0.0
4053,0.0,-0.05473810963978024,0.0
4054,0.0,-0.08031954490672928,0.0
4055,0.0,-0.08031954490672928,0.0
4056,0.0,-0.048384531621040235,0.0
4057,125.297165,0.017910711414838503,125.297165
4058,-123.06023,0.0008532067813917825,-123.06023
4059,122.64405,0.1607925337576696,122.64405
4060,-124.28274,-0.214301507195999,-124.28274
4061,128.51582,0.04396292028010809,128.51582
4062,128.82996,-0.10660967326875108,128.82996
4063,128.5432,-0.097790714437284,128.5432
4064,129.82869,0.06119837081692018,129.82869
4065,129.82869,0.06119837081692018,129.82869
4066,-133.24472,-0.03440043257353688,-133.24472
4067,127.9476,0.0797597033330602,127.9476
4068,0.0,-0.025795297331937795,0.0
4069,0.0,0.009372780996721262,0.0
4070,0.0,-0.0494884849543596,0.0
4071,0.0,0.011933607243569285,0.0
4072,0.0,0.05359485241291449,0.0
4073,0.0,-0.02753512579137282,0.0
4074,0.0,-0.07043077935890159,0.0
4075,0.0,0.03234460140113645,0.0
4076,0.0,0.019623947727832648,0.0
4077,0.0,-0.028205318724640677,0.0
4078,0.0,-0.027269933107408464,0.0
4079,0.0,-0.022638991068214685,0.0
4080,0.0,-0.04605711769153522,0.0
4081,0.0,-0.02290853871173416,0.0
4082,0.0,-0.0107896576461762,0.0
4083,0.0,-0.008691670478622413,0.0
4084,0.0,0.02177112926067117,0.0
4085,0.0,0.004838953833104323,0.0
4086,0.0,-0.0566038073142439,0.0
4087,0.0,0.03556816738642509,0.0
4088,0.0,0.06051426646452196,0.0
4089,0.0,0.03619079825345699,0.0
4090,0.0,-0.0022406627718430717,0.0
4091,0.0,-0.0005511632619927886,0.0
4092,0.0,-0.08368131071343975,0.0
4093,-128.21002,-0.3685318385125287,-128.21002
4094,-128.31497,-0.3289530603890251,-128.31497
4095,-127.70924,-0.08931375605364787,-127.70924
4096,-128.24283,-0.1789441986475912,-128.24283
4097,127.66741,0.008744980193036642,127.66741
4098,122.43531,0.10886096516925248,122.43531
4099,127.88234,-0.14469768157890067,127.88234
4100,122.272865,-0.06441181000763609,122.272865
4101,0.0,-0.02309648024787543,0.0
4102,0.0,-0.02922361200296713,0.0
4103,0.0,-0.011965913904995905,0.0
4104,0.0,-0.029828886853009287,0.0
4105,0.0,-0.04809523513782837,0.0
4106,0.0,-0.05186105958218989,0.0
4107,0.0,0.011669855743841568,0.0
4108,0.0,0.011669855743841568,0.0
4109,0.0,-0.017668248112448954,0.0
4110,0.0,-0.017668248112448954,0.0
4111,0.0,0.048954624080239026,0.0
4112,0.0,-0.045538656277614296,0.0
4113,0.0,-0.010861833474555379,0.0
4114,-124.36487,0.07902086225341479,-124.36487
4115,-126.497444,-0.04961278747789641,-126.497444
4116,128.3532,-0.16197511267588938,128.3532
4117,-128.34274,0.116541315546159,-128.34274
4118,-128.34274,0.116541315546159,-128.34274
4119,122.206566,0.03429856394964529,122.206566
4120,0.4124474,0.015466765677669136,0.4124474
4121,-124.80447,-0.07566229525023885,-124.80447
4122,-27.38788,-0.035522911518124325,-27.38788
4123,134.18202,0.145806038527977,134.18202
4124,0.0,0.05615174800986971,0.0
4125,0.0,0.03968916353071143,0.0
4126,0.0,-0.026822013203114854,0.0
4127,0.0,-0.024485619531333463,0.0
4128,0.0,-0.04394981373475414,0.0
4129,0.0,-0.021686012475808213,0.0
4130,0.0,0.004018623352003655,0.0
4131,0.0,-0.04212465060754898,0.0
4132,-126.20081,0.0016170947703537135,-126.20081
4133,-169.34749,-0.19561519880757267,-169.34749
4134,-121.18513,-0.0951273602758863,-121.18513
4135,0.0,0.022819079830025683,0.0
4136,156.6388,0.6206292343737289,156.6388
4137,0.0,-0.053957741053071134,0.0
4138,0.0,-0.06727053506925115,0.0
4139,0.0,-0.024074646617620692,0.0
4140,0.0,0.0074203046404872405,0.0
4141,0.0,0.03259750444493576,0.0
4142,0.0,-0.006116033998263883,0.0
4143,0.0,-0.04721497598144835,0.0
4144,0.0,-0.009415315714210924,0.0
4145,0.0,-0.031177938561027463,0.0
4146,0.0,-0.03569055479965848,0.0
4147,0.0,-0.0349669409064112,0.0
4148,0.0,-0.007811876116192274,0.0
4149,0.0,-0.07187279541781924,0.0
4150,0.0,-0.007811876116192274,0.0
4151,0.0,-0.012423970795350715,0.0
4152,0.0,-0.059472826907090534,0.0
4153,0.0,-0.041242812163774005,0.0
4154,0.0,-0.01053313920499815,0.0
4155,0.0,-0.036712040145994086,0.0
4156,-122.16469,-0.14143795035296794,-122.16469
4157,122.17543,0.06263156304489845,122.17543
4158,-127.63975,0.01778397112106608,-127.63975
4159,-126.629776,0.08373664770116825,-126.629776
4160,-126.629776,0.08373664770116825,-126.629776
4161,-135.27237,-0.08252420165730097,-135.27237
4162,0.0,-0.03337625155312916,0.0
4163,-159.07092,-0.15613061450328833,-159.07092
4164,130.48035,-0.049324470729580586,130.48035
4165,0.0,0.2751064731190939,0.0
4166,0.0,-0.07613622999324801,0.0
4167,0.0,-0.04240195742578597,0.0
4168,0.0,-0.07613622999324801,0.0
4169,0.0,-0.07613622999324801,0.0
4170,0.0,-0.04240195742578597,0.0
4171,0.0,-0.04240195742578597,0.0
4172,0.0,-0.002216852049096064,0.0
4173,0.0,-0.05782502674954172,0.0
4174,0.0,-0.06263640486239615,0.0
4175,0.0,-0.0506568495197069,0.0
4176,0.0,-0.0506568495197069,0.0
4177,0.0,-0.0506568495197069,0.0
4178,0.0,-0.0506568495197069,0.0
4179,0.0,-0.017077623910643207,0.0
4180,0.0,-0.00122599865993801,0.0
4181,0.0,-0.020007179495650035,0.0
4182,0.0,-0.001309211278621675,0.0
4183,0.0,-0.001309211278621675,0.0
4184,0.0,0.05132587965196507,0.0
4185,0.0,-0.029663923953838395,0.0
4186,0.0,0.04152384062873877,0.0
4187,0.0,0.03391656587690496,0.0
4188,0.0,0.03174303469600917,0.0
4189,0.0,-0.03365068974303384,0.0
4190,0.0,-0.07850789721188473,0.0
4191,0.0,-0.014776538160819055,0.0
4192,0.0,-0.054165115508009495,0.0
4193,122.90354,0.09663222565546019,122.90354
4194,-123.01593,-0.09020916578263746,-123.01593
4195,0.0,-0.02753172478789514,0.0
4196,0.0,0.0017458595134134895,0.0
4197,0.0,0.033327198728079994,0.0
4198,0.0,-0.09952006646921052,0.0
4199,0.0,0.022715083157959323,0.0
4200,0.0,0.022715083157959323,0.0
4201,0.0,-0.011557692874683126,0.0
4202,0.0,-0.04167734297824691,0.0
4203,0.0,0.0072845860190702445,0.0
4204,0.0,-0.06404203159938536,0.0
4205,0.0,0.03406156478856567,0.0
4206,123.48278,-0.019478205700230837,123.48278
4207,128.16176,0.09867190912853499,128.16176
4208,-124.90608,-0.08569851439929019,-124.90608
4209,-134.39946,0.048351003105190776,-134.39946
4210,0.0,-0.020788575925071686,0.0
4211,0.0,-0.04359714518680845,0.0
4212,0.0,0.002746407416884659,0.0
4213,0.0,0.01710071439218768,0.0
4214,0.0,-0.06231352166542707,0.0
4215,0.0,-0.008981840619789723,0.0
4216,0.0,-0.03994632651432572,0.0
4217,0.0,-0.049093809517104674,0.0
4218,-128.13646,-0.284049683938402,-128.13646
4219,130.19377,0.1648600823035596,130.19377
4220,-133.36551,0.04075721244029964,-133.36551
4221,126.92421,-0.10019900412542587,126.92421
4222,128.82294,-0.21645420104579152,128.82294
4223,128.33778,-0.12022112375348577,128.33778
4224,130.86774,-0.05109532940418156,130.86774
4225,-136.13683,-0.028382308463322296,-136.13683
4226,-136.176,0.14162649689859813,-136.176
4227,0.0,-0.02039472433651907,0.0
4228,0.0,-0.01642975110132771,0.0
4229,0.0,-0.023761669315593016,0.0
4230,0.0,0.030462282625248797,0.0
4231,0.0,-0.04094202391822496,0.0
4232,0.0,-0.03290203660795772,0.0
4233,0.0,-0.015887267215315314,0.0
4234,0.0,0.032134534542708426,0.0
4235,0.0,0.02046790191371391,0.0
4236,122.99029,0.08353318094672062,122.99029
4237,0.0,0.02784910864764419,0.0
4238,3.0498,0.03416847894576925,3.0498
4239,-127.054985,-0.038539876266668945,-127.054985
4240,-52.94484,-0.06283351515536396,-52.94484
4241,128.05669,-0.0021236921100974433,128.05669
4242,128.83377,-0.034777199189195585,128.83377
4243,0.0,0.028341299220063797,0.0
4244,0.0,-0.016754267939219858,0.0
4245,0.0,0.014300208590771881,0.0
4246,0.0,-0.045652109031757634,0.0
4247,0.0,-0.03692613430555744,0.0
4248,0.0,-0.04057413023712443,0.0
4249,0.0,0.00304340685716222,0.0
4250,0.0,0.024375671181413216,0.0
4251,0.0,-0.04751939449724386,0.0
4252,0.0,0.007120601571139202,0.0
4253,126.70195,0.12868414271353334,126.70195
4254,-127.52588,0.11974009263931658,-127.52588
4255,127.000275,0.2602162494302697,127.000275
4256,127.12709,-0.2622397407098063,127.12709
4257,127.07453,-0.034391587131660885,127.07453
4258,133.20377,-0.06523650481096849,133.20377
4259,127.1202,-0.08067590496392905,127.1202
4260,127.67709,-0.07536009758207986,127.67709
4261,127.09196,-0.17180494453452944,127.09196
4262,0.0,0.06573704898953621,0.0
4263,0.0,-0.01940695506725507,0.0
4264,0.0,0.03550211916948695,0.0
4265,0.0,-0.05782804946912785,0.0
4266,-132.9706,-0.18884767578382478,-132.9706
4267,118.5633,-0.03434094756456997,118.5633
4268,118.5633,-0.04222803797879652,118.5633
4269,118.5633,0.07155256403627966,118.5633
4270,134.43639,0.06741625534815891,134.43639
4271,0.0,0.03591547264430245,0.0
4272,4.8397355,-0.012369386038090117,4.8397355
4273,128.43846,-0.1602130306326356,128.43846
4274,128.54623,0.03209451856629106,128.54623
4275,130.14302,-0.04212503442406368,130.14302
4276,177.55441,0.9663265242529243,177.55441
4277,2.8969877,-0.02096474080950192,2.8969877
4278,-0.07250508,-0.018576049291700886,-0.07250508
4279,-0.07250508,-0.018576049291700886,-0.07250508
4280,0.0,-0.12340316153384558,0.0
4281,0.0,-0.044110949712960576,0.0
4282,0.0,0.07338556181058317,0.0
4283,0.0,0.010086419117781256,0.0
4284,0.0,0.003292194557358498,0.0
4285,177.19542,0.5881274637817175,177.19542
4286,0.0,-0.03187678339396738,0.0
4287,0.0,-0.05348507318396167,0.0
4288,0.0,-0.04313230489803132,0.0
4289,0.0,-0.021630508252878274,0.0
4290,121.98333,0.06448501533353071,121.98333
4291,132.45348,0.13574955075793507,132.45348
4292,-127.09363,-0.31244577452081523,-127.09363
4293,127.93497,-0.021174888886293715,127.93497
4294,130.4373,-0.034828161014418726,130.4373
4295,-132.80411,-0.05568352732857815,-132.80411
4296,128.83376,-0.014989641284193646,128.83376
4297,-147.63167,0.24059175629087337,-147.63167
4298,123.98806,-0.015427885855998559,123.98806
4299,0.0,-0.03856533509182927,0.0
4300,0.0,0.026275628207508252,0.0
4301,0.0,-0.020334910580016647,0.0
4302,0.0,-0.06054416768503433,0.0
4303,0.0,0.12330690544448286,0.0
4304,0.0,-0.0755653185191099,0.0
4305,0.0,-0.09699008721742763,0.0
4306,0.0,-0.05076418847261607,0.0
4307,0.0,-0.008102932039916935,0.0
4308,0.0,-0.01232110905607016,0.0
4309,0.0,-0.03196693020895679,0.0
4310,0.0,-0.004375004402846124,0.0
4311,0.0,-0.024329871528958564,0.0
4312,0.0,-0.06838624311902029,0.0
4313,0.0,-0.06838624311902029,0.0
4314,0.0,0.0008542860447605114,0.0
4315,0.0,-0.04443698187109061,0.0
4316,0.0,-0.026920500128460787,0.0
4317,0.0,-0.018899775940797992,0.0
4318,0.0,0.025310081347052458,0.0
4319,0.0,-0.02330719477826762,0.0
4320,0.0,-0.0150327252579001,0.0
4321,0.0,0.012652952756917663,0.0
4322,0.0,0.003612609996731261,0.0
4323,0.0,-0.03644293181582324,0.0
4324,0.0,-0.016892603884323315,0.0
4325,0.0,-0.05278889960503432,0.0
4326,0.0,-0.05786247070346099,0.0
4327,0.0,-0.05786247070346099,0.0
4328,0.0,0.029450373827969195,0.0
4329,0.0,0.029450373827969195,0.0
4330,129.14163,0.08739342900453038,129.14163
4331,-129.11858,-0.5821660908279275,-129.11858
4332,129.9123,-0.01466844547404568,129.9123
4333,-130.02516,-0.06884412406691758,-130.02516
4334,0.0,-0.028163250194574316,0.0
4335,0.0,-0.04449736114962559,0.0
4336,0.0,-0.04811116424435735,0.0
4337,-124.407486,0.09551583965483783,-124.407486
4338,0.0,-0.03183691100116761,0.0
4339,0.0,-0.0023226542176380156,0.0
4340,0.0,-0.0034069892527212433,0.0
4341,0.0,-0.03452344692694783,0.0
4342,0.0,-0.03452344692694783,0.0
4343,0.0,-0.03452344692694783,0.0
4344,0.0,0.00345575644987326,0.0
4345,0.0,-0.016391549125478123,0.0
4346,0.0,-0.07730696090533702,0.0
4347,0.0,0.03833255939410629,0.0
4348,0.0,0.024940497540871173,0.0
4349,0.0,0.03321516474230472,0.0
4350,0.0,-0.017752696259672372,0.0
4351,0.0,-0.036670195129917114,0.0
4352,0.0,0.03225803266061973,0.0
4353,0.0,0.02073059755454751,0.0
4354,0.0,-0.01977494992669325,0.0
4355,0.0,0.04549553114722526,0.0
4356,0.0,-0.016292605718596264,0.0
4357,-127.78613,0.0347909080555611,-127.78613
4358,132.32294,-0.10497018673524988,132.32294
4359,-128.19215,-0.006618379786070159,-128.19215
4360,-128.19215,-0.006618379786070159,-128.19215
4361,-128.19215,-0.006618379786070159,-128.19215
4362,128.49603,0.03846846139084063,128.49603
4363,-123.44599,-0.2027486440269376,-123.44599
4364,0.0,-0.012136565237323134,0.0
4365,0.0,-0.05437342521758372,0.0
4366,0.0,-0.02848317633104938,0.0
4367,0.0,-0.06448050343043976,0.0
4368,0.0,-0.03615494613213034,0.0
4369,0.0,-0.023734666171275766,0.0
4370,127.25473,0.02887428836688919,127.25473
4371,0.0,0.01490608731724135,0.0
4372,0.0,0.05570871425349708,0.0
4373,0.0,-0.00843095829106671,0.0
4374,0.0,-0.05014407432505412,0.0
4375,0.0,-0.05675388518165287,0.0
4376,0.0,0.0003042888125287494,0.0
4377,125.23502,-0.002106128877703226,125.23502
4378,0.0,-0.046755483280918414,0.0
4379,0.0,-0.013215406315614726,0.0
4380,0.0,-0.02241896807477563,0.0
4381,0.0,0.00276489649254766,0.0
4382,-134.30934,-0.08709662310522187,-134.30934
4383,124.01669,0.01257290576090825,124.01669
4384,127.19655,0.00240278310894795,127.19655
4385,125.13562,0.011354342069233688,125.13562
4386,179.34407,0.4511524524808175,179.34407
4387,-124.083626,-0.12530913903620158,-124.083626
4388,0.0,-0.023066130035819053,0.0
4389,0.0,-0.019801659470763917,0.0
4390,0.0,0.06344620802097968,0.0
4391,-0.55216026,-0.01569788846367889,-0.55216026
4392,141.05367,-0.25612176502877704,141.05367
4393,177.56172,0.7756861637348941,177.56172
4394,125.013336,0.080575315758016,125.013336
4395,0.0,-0.011947597714901552,0.0
4396,0.0,-0.06309108081928948,0.0
4397,0.0,-0.06134203455711788,0.0
4398,0.0,0.01246856212360575,0.0
4399,0.0,-0.05123044115651663,0.0
4400,0.0,-0.05123044115651663,0.0
4401,-124.37988,0.03981265690099638,-124.37988
4402,-124.37988,0.03981265690099638,-124.37988
4403,-126.519936,-0.03732540664838594,-126.519936
4404,-126.386696,-0.0033760257721276183,-126.386696
4405,-126.72346,-0.03482357590796394,-126.72346
4406,132.44237,0.16267287774978423,132.44237
4407,130.88626,-0.14903859930653632,130.88626
4408,8.67295,-0.025167281098080765,8.67295
4409,0.0,-0.09155795137440091,0.0
4410,0.0,-0.020638251524829645,0.0
4411,0.0,-0.053942827904938,0.0
4412,0.0,-0.03494333159411833,0.0
4413,0.0,0.003273146652634784,0.0
4414,0.0,0.03126095453788662,0.0
4415,154.50903,0.5630472698309136,154.50903
4416,78.96389,-0.08423672246210265,78.96389
4417,0.0,0.011537072118500302,0.0
4418,0.0,-0.012893751600140455,0.0
4419,0.0,-0.012893751600140455,0.0
4420,0.0,0.010859250019150203,0.0
4421,0.0,-0.04263939419573043,0.0
4422,0.0,0.06367703753966436,0.0
4423,125.871376,-0.007007164449355715,125.871376
4424,125.871376,-0.007007164449355715,125.871376
4425,0.0,-0.08939543968659609,0.0
4426,0.0,-0.08939543968659609,0.0
4427,0.0,-0.03619623842666714,0.0
4428,0.0,-0.03619623842666714,0.0
4429,-126.78173,-0.1521939810869763,-126.78173
4430,-126.78173,-0.1521939810869763,-126.78173
4431,127.855415,-0.04645837833994751,127.855415
4432,127.743935,0.015543732609585607,127.743935
4433,131.54398,-0.005987054337284747,131.54398
4434,-126.55288,-0.24080050086989838,-126.55288
4435,-126.58596,-0.10244110781267624,-126.58596
4436,-128.7609,-0.0797509880594227,-128.7609
4437,114.597244,-0.03795238698079959,114.597244
4438,114.64135,0.005859791793993979,114.64135
4439,0.0,0.013576563656134053,0.0
4440,0.0,-0.01744419489631021,0.0
4441,0.0,-0.07664712812865515,0.0
4442,0.0,-0.026881477304563615,0.0
4443,0.0,-0.07015828862458132,0.0
4444,0.0,-0.030798566530292948,0.0
4445,0.0,0.08307128704881829,0.0
4446,0.0,-0.05624666156475328,0.0
4447,0.0,-0.05624666156475328,0.0
4448,0.0,-0.013628003005314186,0.0
4449,0.0,-0.07475388392444968,0.0
4450,0.0,-0.033453884500875664,0.0
4451,0.0,0.035391730455942905,0.0
4452,0.0,-0.06938813730161944,0.0
4453,0.0,-0.057824094122396474,0.0
4454,0.0,-0.0914743643965932,0.0
4455,0.0,-0.04702892500472955,0.0
4456,0.0,0.0005309451742377149,0.0
4457,0.0,0.061712147100736026,0.0
4458,0.0,0.04959487742346758,0.0
4459,0.0,-0.056107821492448626,0.0
4460,0.0,0.02210200026186273,0.0
4461,0.0,-0.1260576391926936,0.0
4462,0.0,-0.018782215423177633,0.0
4463,0.0,-0.07945891558951602,0.0
4464,-126.17695,-0.24679430184773604,-126.17695
4465,-126.17695,-0.24679430184773604,-126.17695
4466,130.35582,-0.05738200917404799,130.35582
4467,-127.990746,0.10742801797519073,-127.990746
4468,131.06334,0.07341751338497482,131.06334
4469,130.35582,-0.05738200917404799,130.35582
4470,131.06334,0.07341751338497482,131.06334
4471,124.77698,-0.09677301057050662,124.77698
4472,-128.05333,-0.10656155506275852,-128.05333
4473,0.0,0.016454737502599258,0.0
4474,0.0,-0.04080934326903567,0.0
4475,0.0,-0.02619558178210175,0.0
4476,0.0,-0.006393130214823307,0.0
4477,0.0,-0.07768506106181636,0.0
4478,0.0,-0.04796511761341774,0.0
4479,0.0,-0.03727616550131953,0.0
4480,0.0,-0.14980275446762914,0.0
4481,0.0,-0.020231924798644937,0.0
4482,0.0,-0.008215792547421203,0.0
4483,0.0,0.04388849686464951,0.0
4484,-123.890396,0.19494251184763803,-123.890396
4485,-123.890396,0.19494251184763803,-123.890396
4486,0.0,-0.04316421053645139,0.0
4487,128.34457,-0.043400225888596135,128.34457
4488,130.11678,0.12286231787096444,130.11678
4489,-132.0344,0.03273748142378419,-132.0344
4490,132.30615,-0.10535782199810476,132.30615
4491,0.0,-0.06195537532166718,0.0
4492,0.0,-0.03642743129748855,0.0
4493,0.0,-0.049081470027987906,0.0
4494,0.0,-0.10879342307095874,0.0
4495,0.0,-0.012543307477687095,0.0
4496,0.0,0.004356546754705081,0.0
4497,0.0,-0.04862598185302794,0.0
4498,0.0,-0.03605674029707227,0.0
4499,0.0,0.1048639521251182,0.0
4500,0.0,-0.03563093738702901,0.0
4501,-130.69456,0.05389676755599856,-130.69456
4502,-130.69456,0.05389676755599856,-130.69456
4503,128.49854,0.03170677504831185,128.49854
4504,-124.84205,0.1623508406521976,-124.84205
4505,0.0,-0.04684608328630132,0.0
4506,0.0,0.02791858610126846,0.0
4507,0.0,0.01274346637597664,0.0
4508,0.0,0.034459615793463017,0.0
4509,0.0,-0.027896086299643505,0.0
4510,0.0,-0.031353063065519354,0.0
4511,0.0,0.03499597598062776,0.0
4512,0.0,0.048074819415545395,0.0
4513,126.59219,-0.1215167099012153,126.59219
4514,126.59219,-0.10995775900025997,126.59219
4515,0.0,-0.025179243450706244,0.0
4516,0.0,0.016587400372062987,0.0
4517,0.0,0.016712160867830627,0.0
4518,0.0,-0.04899160776271758,0.0
4519,0.0,-0.09581751581541145,0.0
4520,-130.90686,0.1245705073644337,-130.90686
4521,-93.089905,-0.13870666898011663,-93.089905
4522,-127.70933,-0.43947708443235106,-127.70933
4523,0.0,-0.016755454078922746,0.0
4524,0.0,-0.05076858496582184,0.0
4525,0.0,-0.05432109221037947,0.0
4526,0.0,-0.013356214125681389,0.0
4527,0.0,-0.06328703779194543,0.0
4528,0.0,-0.01546964712337944,0.0
4529,0.0,-0.09799662840542879,0.0
4530,0.0,-0.06187144845773178,0.0
4531,0.0,0.018970214925204495,0.0
4532,131.55217,-0.05788819164852025,131.55217
4533,-134.13428,-0.033470245837018374,-134.13428
4534,124.642204,0.001943790502984745,124.642204
4535,-136.66653,-0.10119502156294241,-136.66653
4536,0.0,-0.002586375671408168,0.0
4537,0.0,0.047508214214963054,0.0
4538,0.0,0.06035829211808929,0.0
4539,0.0,-0.040352639066605495,0.0
4540,0.0,0.011407410057016615,0.0
4541,0.0,0.011407410057016615,0.0
4542,0.0,0.054455335142658004,0.0
4543,0.0,0.054455335142658004,0.0
4544,142.62659,-0.20323938204333547,142.62659
4545,133.58087,0.1297469831962291,133.58087
4546,0.0,0.050050167637971446,0.0
4547,0.0,0.0402622245426528,0.0
4548,0.0,0.10017813899045526,0.0
4549,0.0,-0.044015182622114964,0.0
4550,0.0,0.027912615537507682,0.0
4551,0.0,-0.038883566593850165,0.0
4552,0.0,-0.014669141976421224,0.0
4553,0.0,-0.011792078569411973,0.0
4554,0.0,-0.03609103000044407,0.0
4555,-127.310356,-0.14589828172702446,-127.310356
4556,122.103195,0.09295900974035055,122.103195
4557,-129.03136,0.01812746412026566,-129.03136
4558,125.30653,-0.024173636948406844,125.30653
4559,131.58714,0.17265693666527107,131.58714
4560,126.47537,0.06725335483053017,126.47537
4561,-131.85016,0.08339851907496057,-131.85016
4562,126.509674,0.07344731010024201,126.509674
4563,164.37299,0.4148035721957868,164.37299
4564,0.0,-0.0898242172383636,0.0
4565,0.0,-0.04370560614397732,0.0
4566,0.0,-0.03775837085301395,0.0
4567,0.0,0.020896892172934185,0.0
4568,0.0,-0.09588738740374846,0.0
4569,0.0,-0.072463136289498,0.0
4570,-128.3393,-0.00881360037114251,-128.3393
4571,-127.63152,0.08902135896142388,-127.63152
4572,128.0716,0.12135002023518765,128.0716
4573,-128.069,-0.43975584457340716,-128.069
4574,0.0,0.028226005364226002,0.0
4575,0.0,-0.016953685330224705,0.0
4576,0.0,-0.03810968303053288,0.0
4577,0.0,-0.03796351011917669,0.0
4578,0.0,-0.022695744230384552,0.0
4579,0.0,-0.05094404328579991,0.0
4580,-122.89146,-0.11630060390043889,-122.89146
4581,0.0,-0.008950294890891088,0.0
4582,133.57228,-0.0186666272160205,133.57228
4583,134.09299,-0.07456613662527496,134.09299
4584,134.20937,-0.019623482700634312,134.20937
4585,-126.52822,-0.11038864969408936,-126.52822
4586,-130.43901,-0.44874526897840616,-130.43901
4587,-131.71126,-0.04599906023583968,-131.71126
4588,-130.26614,-0.01366421938159474,-130.26614
4589,-129.8612,0.1960313370124982,-129.8612
4590,0.0,0.006381816067350685,0.0
4591,0.0,0.010420256348461318,0.0
4592,0.0,-0.028150756144588254,0.0
4593,0.0,-0.05462432371489169,0.0
4594,0.0,-0.038334752777432826,0.0
4595,0.0,-0.04736178621510765,0.0
4596,0.0,-0.024467627046301968,0.0
4597,130.13812,0.09822909004271163,130.13812
4598,175.0291,0.9447091638083112,175.0291
4599,99.92235,-0.03741041156834948,99.92235
4600,123.93579,0.018184850388788802,123.93579
4601,-131.0064,0.08796109075572539,-131.0064
4602,132.01755,-0.03494916586410895,132.01755
4603,-130.7244,0.05748699372468272,-130.7244
4604,-130.7244,0.05748699372468272,-130.7244
4605,128.1421,-0.06721026125313005,128.1421
4606,129.06926,-0.0289673323219432,129.06926
4607,124.34642,0.044721284855393395,124.34642
4608,127.71162,-0.32843227219681354,127.71162
4609,127.10253,-0.016314351038125573,127.10253
4610,0.0,-0.049358936677637966,0.0
4611,127.183334,-0.15974178309060486,127.183334
4612,0.0,-0.08842196298590117,0.0
4613,0.0,-0.09828849544991687,0.0
4614,0.0,-0.09828849544991687,0.0
4615,0.0,-0.043818921793904037,0.0
4616,0.0,-0.09478827688234956,0.0
4617,0.0,-0.040514882536625,0.0
4618,0.0,-0.05931238208223857,0.0
4619,0.0,-0.03154281924075579,0.0
4620,0.0,-0.026222520531906986,0.0
4621,0.0,-0.026222520531906986,0.0
4622,0.0,-0.03606112945266234,0.0
4623,0.0,-0.03660828457877262,0.0
4624,0.0,-0.011958079314850127,0.0
4625,0.0,-0.015814215543586124,0.0
4626,0.0,-0.014612480162822631,0.0
4627,-64.49353,-0.02683246646680196,-64.49353
4628,-130.78564,-0.07692299448612834,-130.78564
4629,126.45338,-0.07916470628883676,126.45338
4630,0.0,-0.03292248434463059,0.0
4631,131.03882,0.14527914264129943,131.03882
4632,0.0,-0.052602244463218734,0.0
4633,0.0,-0.052602244463218734,0.0
4634,0.0,-0.052602244463218734,0.0
4635,0.0,-0.01084470541907236,0.0
4636,0.0,-0.01084470541907236,0.0
4637,0.0,-0.06155671797172641,0.0
4638,0.0,-0.014115176601651763,0.0
4639,0.0,-0.06053996271542299,0.0
4640,0.0,-0.069595007685595,0.0
4641,0.0,-0.004912116962249185,0.0
4642,0.0,-0.06812399024847329,0.0
4643,126.914474,0.06644851810049987,126.914474
4644,-158.5785,0.0015553851929402604,-158.5785
4645,-179.6495,-0.16830399799260415,-179.6495
4646,0.0,-0.04685397990751643,0.0
4647,0.0,-0.04685397990751643,0.0
4648,0.0,0.03434011191907636,0.0
4649,0.0,0.03434011191907636,0.0
4650,0.0,-0.00949604249602801,0.0
4651,0.0,-0.011162550839094829,0.0
4652,0.0,-0.015307170293226955,0.0
4653,0.0,-0.03565183052387735,0.0
4654,-131.61156,-0.2390440675499231,-131.61156
4655,175.88892,0.7096182141395636,175.88892
4656,-175.5066,-0.03983801587995313,-175.5066
4657,0.0,-0.0015957279808482658,0.0
4658,0.0,-0.02208376442591092,0.0
4659,-176.65288,-0.08122866027222643,-176.65288
4660,-126.24127,-0.010728579932476017,-126.24127
4661,41.62474,-0.0009952058218295687,41.62474
4662,-127.78166,-0.10555442885534837,-127.78166
4663,-165.80348,0.15137941742492306,-165.80348
4664,-126.625244,-0.014180804415277352,-126.625244
4665,121.87528,0.030326618045208763,121.87528
4666,121.87528,0.030326618045208763,121.87528
4667,0.0,-0.051820437179309786,0.0
4668,-163.11502,-0.003542119834355187,-163.11502
4669,0.0,0.011557652270108205,0.0
4670,0.0,-0.0006792478031713548,0.0
4671,0.0,-0.010720583151250716,0.0
4672,0.0,-0.044263964877155115,0.0
4673,-129.82817,0.2046320833586325,-129.82817
4674,92.46164,-0.011970257474667567,92.46164
4675,-150.2642,0.002704185165596208,-150.2642
4676,-132.87987,0.024419397653321497,-132.87987
4677,126.24584,-0.06032361523750384,126.24584
4678,121.53338,0.14507792663813723,121.53338
4679,0.0,0.000969021347489466,0.0
4680,0.0,-0.013087698956301,0.0
4681,0.0,-0.01235486359682901,0.0
4682,0.0,-0.02756359141948024,0.0
4683,0.0,-0.0741800605400067,0.0
4684,0.0,-0.04245815913186733,0.0
4685,0.0,-0.0014269383871883673,0.0
4686,0.0,-0.04305067806093925,0.0
4687,0.0,-0.040457501419467023,0.0
4688,0.0,-0.031398365944000556,0.0
4689,0.0,-0.02554318558217808,0.0
4690,0.0,-0.02554318558217808,0.0
4691,0.0,-0.053499581831518345,0.0
4692,0.0,-0.04073414417845929,0.0
4693,0.0,-0.03249840082406612,0.0
4694,0.0,-0.08208805582545549,0.0
4695,0.0,-0.04051979653832988,0.0
4696,0.0,-0.02442966041139524,0.0
4697,0.0,-0.055339186674977454,0.0
4698,0.0,-0.02442966041139524,0.0
4699,0.0,-0.036063193073259975,0.0
4700,0.0,-0.03898204188354523,0.0
4701,0.0,-0.02475274513237642,0.0
4702,0.0,-0.02475274513237642,0.0
4703,0.0,-0.04851099632467034,0.0
4704,0.0,-0.05071659555039729,0.0
4705,0.0,-0.013710634303543556,0.0
4706,0.0,-0.00835614524741543,0.0
4707,0.0,0.05912907652583985,0.0
4708,0.0,0.030379812198366482,0.0
4709,0.0,-0.04691911434541286,0.0
4710,0.0,-0.0282142892761771,0.0
4711,0.0,0.003441471551207733,0.0
4712,0.0,-0.046686531294960656,0.0
4713,0.0,-0.0647454521327359,0.0
4714,0.0,-0.046686531294960656,0.0
4715,0.0,-0.0034501070137720937,0.0
4716,0.0,-0.09118420326475422,0.0
4717,0.0,-0.013163329267621406,0.0
4718,0.0,0.0052180114576056685,0.0
4719,0.0,-0.06200980176876879,0.0
4720,0.0,-0.013466636181606165,0.0
4721,0.0,-0.008692887749633916,0.0
4722,0.0,-0.03841257062525848,0.0
4723,0.0,-0.07034704426195376,0.0
4724,0.0,-0.04557848162713325,0.0
4725,0.0,-0.0947698411852018,0.0
4726,0.0,-0.0453906513877029,0.0
4727,0.0,-0.036323409605906354,0.0
4728,0.0,0.010689086744154235,0.0
4729,0.0,-0.01773679980304027,0.0
4730,0.0,0.03984748560271975,0.0
4731,74.09227,-0.02283302290901548,74.09227
4732,73.41943,0.046862625352997705,73.41943
4733,98.66461,-0.02912072510574455,98.66461
4734,9.602643,-0.06267737223207902,9.602643
4735,0.0,-0.0008842667418613865,0.0
4736,135.86032,0.047634953678797595,135.86032
4737,-127.62161,0.1522048437130302,-127.62161
4738,132.60721,0.10629092288303961,132.60721
4739,0.0,-0.02007011689724462,0.0
4740,0.0,-0.025179765401000635,0.0
4741,0.0,0.02802840395299751,0.0
4742,-127.39292,-0.18888527200739127,-127.39292
4743,122.29321,0.01970144603855266,122.29321
4744,0.0,0.015565816869015606,0.0
4745,0.0,-0.03207003422106191,0.0
4746,0.0,0.02786774645447641,0.0
4747,0.0,-0.013168062992967685,0.0
4748,0.0,-0.040955988831676116,0.0
4749,0.0,-0.016753783944837657,0.0
4750,0.0,-0.057403471892934085,0.0
4751,130.59235,-0.03213465287019429,130.59235
4752,126.4071,-0.029220690228220502,126.4071
4753,52.45777,0.11063150173644164,52.45777
4754,131.03282,-0.13888834690172328,131.03282
4755,123.8739,0.03389019370985751,123.8739
4756,-122.90364,-0.06348192105620276,-122.90364
4757,129.03915,0.059709995272668966,129.03915
4758,129.12996,0.05365981939242521,129.12996
4759,-123.597855,-0.10636116778662422,-123.597855
4760,126.270424,0.21401027531367445,126.270424
4761,128.0688,0.09541488888698446,128.0688
4762,132.3203,-0.1625416911589413,132.3203
4763,0.0,0.02587363775819506,0.0
4764,0.0,0.008634966513447003,0.0
4765,0.0,-0.007932553253929081,0.0
4766,0.0,-0.021972646648009707,0.0
4767,0.0,-0.06984609312331878,0.0
4768,0.0,0.005699633074218418,0.0
4769,0.0,0.0357003180296344,0.0
4770,-128.90746,-0.008534257951933317,-128.90746
4771,0.0,-0.000740719135847163,0.0
4772,0.0,-0.03487052500269949,0.0
4773,0.0,0.015223274871330583,0.0
4774,0.0,-0.09214952439007033,0.0
4775,0.0,-0.005397267599444389,0.0
4776,0.0,0.0032765457787577393,0.0
4777,0.0,-0.025891145971547784,0.0
4778,0.0,-0.023174567481687013,0.0
4779,0.0,-0.031192076307744575,0.0
4780,0.0,-0.01241838752449702,0.0
4781,0.0,-0.04282359424626376,0.0
4782,0.0,-0.04282359424626376,0.0
4783,0.0,-0.012454862756867788,0.0
4784,0.0,-0.07705233290850423,0.0
4785,0.0,0.01583848508671676,0.0
4786,0.0,-0.04698474384939763,0.0
4787,0.0,-0.04520013718627895,0.0
4788,0.0,-0.0682849629347987,0.0
4789,0.0,-0.04152604780444248,0.0
4790,0.0,-0.10874405423124825,0.0
4791,0.0,-0.012556534230065485,0.0
4792,0.0,-0.07070408040447168,0.0
4793,0.0,0.06856239213034238,0.0
4794,0.0,-0.008754415794628195,0.0
4795,0.0,-0.05796835325564051,0.0
4796,0.0,-0.04422776655760252,0.0
4797,0.0,-0.02145512117340832,0.0
4798,0.0,0.07695532262311071,0.0
4799,78.99016,-0.008818184513272556,78.99016
4800,0.0,0.012513711203419826,0.0
4801,0.0,-0.027590454657479505,0.0
4802,0.0,-0.05178426082592504,0.0
4803,0.0,-0.029167148962596267,0.0
4804,0.0,-0.004180778612853882,0.0
4805,0.0,-0.05714697342826133,0.0
4806,0.0,-0.01603647046372249,0.0
4807,0.0,-0.002226364921461012,0.0
4808,0.0,-0.0813456730691147,0.0
4809,0.0,-0.05084879715090215,0.0
4810,0.0,-0.05084879715090215,0.0
4811,0.0,-0.05084879715090215,0.0
4812,0.0,-0.014610587581549286,0.0
4813,0.0,-0.04271822999355952,0.0
4814,0.0,-0.04271822999355952,0.0
4815,0.0,-0.014610587581549286,0.0
4816,0.0,-0.014610587581549286,0.0
4817,0.0,0.03603640881587722,0.0
4818,0.0,-0.0713640320520818,0.0
4819,0.0,-0.032343133578479115,0.0
4820,0.0,-0.0713823956098388,0.0
4821,0.0,-0.08897017043475067,0.0
4822,0.0,-0.0713823956098388,0.0
4823,0.0,-0.08897017043475067,0.0
4824,0.0,-0.08897017043475067,0.0
4825,0.0,-0.08897017043475067,0.0
4826,0.0,-0.04378257818601033,0.0
4827,0.0,-0.04378257818601033,0.0
4828,0.0,-0.04802332066455097,0.0
4829,0.0,-0.035166924137563386,0.0
4830,0.0,-0.020336004951555076,0.0
4831,0.0,-0.020336004951555076,0.0
4832,0.0,-0.020336004951555076,0.0
4833,0.0,-0.005083778181963039,0.0
4834,0.0,0.05545810613646547,0.0
4835,0.0,-0.018409037737348276,0.0
4836,0.0,-0.011085257534208505,0.0
4837,0.0,-0.03217648724452062,0.0
4838,0.0,-0.029167148962596267,0.0
4839,0.0,-0.05714697342826133,0.0
4840,0.0,-0.06459272761089792,0.0
4841,0.0,0.11732828410095496,0.0
4842,0.0,0.04185464563668298,0.0
4843,0.0,0.04185464563668298,0.0
4844,0.0,0.04185464563668298,0.0
4845,0.0,0.04185464563668298,0.0
4846,0.0,-0.015043566446587261,0.0
4847,0.0,-0.07861538211222178,0.0
4848,0.0,-0.08920436981049286,0.0
4849,133.23398,0.02993840734703628,133.23398
4850,130.02216,-0.2469562926552063,130.02216
4851,-127.635506,0.19594933158988773,-127.635506
4852,-133.13255,0.16118729129522558,-133.13255
4853,128.78958,0.03595096350922078,128.78958
4854,94.31936,-0.04329757377556014,94.31936
4855,-125.405334,0.016569216176790896,-125.405334
4856,0.0,0.005816354398359104,0.0
4857,0.0,0.005816354398359104,0.0
4858,0.0,-0.04481549995576692,0.0
4859,0.0,-0.019889907689008186,0.0
4860,0.0,-0.019889907689008186,0.0
4861,0.0,-0.06231065381433399,0.0
4862,0.0,-0.0015806904960506613,0.0
4863,0.0,-0.08492118799265311,0.0
4864,126.50177,0.11384686226621339,126.50177
4865,-127.61407,0.16142671341385162,-127.61407
4866,0.0,-0.02489081066891724,0.0
4867,0.0,-0.029774029080139208,0.0
4868,0.0,-0.029774029080139208,0.0
4869,127.51206,-0.045316442380429554,127.51206
4870,131.12207,0.09283368969305078,131.12207
4871,-127.423775,0.06412493890889628,-127.423775
4872,131.24649,-0.1268009780832057,131.24649
4873,128.38316,0.06746185065621547,128.38316
4874,0.0,0.021726929106021583,0.0
4875,129.03455,0.11874492656121528,129.03455
4876,129.71236,-0.024030780083359547,129.71236
4877,0.0,-0.023592156495098576,0.0
4878,0.0,0.04966540331566695,0.0
4879,178.0373,0.5914868514169663,178.0373
4880,-126.19259,-0.05173849103119896,-126.19259
4881,0.0,0.012981947434781975,0.0
4882,129.24542,-0.046295170796239286,129.24542
4883,125.858986,0.0545147816777173,125.858986
4884,0.0,-0.06611184479122978,0.0
4885,0.0,0.02374127404413351,0.0
4886,0.0,0.02492507903736778,0.0
4887,0.0,0.013773188680032434,0.0
4888,0.0,-0.0023630591344101794,0.0
4889,0.0,-0.0006800779690915252,0.0
4890,0.0,-0.01074765094000021,0.0
4891,0.0,-0.004639718546407503,0.0
4892,0.0,-0.05316478837470222,0.0
4893,0.0,0.005453330424559425,0.0
4894,0.0,-0.009161894405815135,0.0
4895,0.0,-0.01033577737219963,0.0
4896,0.0,-0.08107102249726882,0.0
4897,0.0,-0.08107102249726882,0.0
4898,0.0,-0.08107102249726882,0.0
4899,0.0,-0.05066825273607801,0.0
4900,0.0,0.01822346630940934,0.0
4901,0.0,-0.05525343629840569,0.0
4902,0.0,-0.008955131159113333,0.0
4903,0.0,-0.05777626442237615,0.0
4904,0.0,-0.07212778424304715,0.0
4905,0.0,-0.05777626442237615,0.0
4906,0.0,-0.07212778424304715,0.0
4907,0.0,-0.07212778424304715,0.0
4908,0.0,-0.08107102249726882,0.0
4909,0.0,-0.0587665127688379,0.0
4910,0.0,-0.025041366621635183,0.0
4911,0.0,-0.06350629306748778,0.0
4912,0.0,-0.05695221516444768,0.0
4913,0.0,-0.05695221516444768,0.0
4914,0.0,-0.008592623828946796,0.0
4915,0.0,0.0012851023247760043,0.0
4916,0.0,-0.04781591292389086,0.0
4917,0.0,-0.08476973333119413,0.0
4918,0.0,-0.014254092143961984,0.0
4919,0.0,-0.041466448533853326,0.0
4920,-127.52433,0.3201955118015578,-127.52433
4921,0.0,-0.04471613048278299,0.0
4922,0.0,-0.05399467070473493,0.0
4923,0.0,0.07175070087936798,0.0
4924,0.0,0.07673923030847245,0.0
4925,0.0,0.07673923030847245,0.0
4926,0.0,-0.00751540669641799,0.0
4927,0.0,-0.003264020046340761,0.0
4928,0.0,-0.00595164206467118,0.0
4929,10.304273,0.007092285421413889,10.304273
4930,128.794,-0.05365481623891254,128.794
4931,-123.02193,-0.04809012902526719,-123.02193
4932,126.54716,0.12391071665294044,126.54716
4933,-122.727394,-0.20977513003808984,-122.727394
4934,0.0,0.064390647237338,0.0
4935,0.0,-0.0183803839480606,0.0
4936,0.0,-0.0570338715056061,0.0
4937,0.0,-0.0570338715056061,0.0
4938,0.0,-0.08038734441691339,0.0
4939,0.0,-0.07628128985062993,0.0
4940,0.0,-0.01457439100698641,0.0
4941,0.0,0.01364745131571193,0.0
4942,0.0,-0.036593532127881606,0.0
4943,0.0,-0.005583058953280213,0.0
4944,0.0,0.018704349289506202,0.0
4945,0.0,-0.0005368669089341744,0.0
4946,-123.70601,-0.11692385480577867,-123.70601
4947,-127.290054,-0.02513798775197388,-127.290054
4948,134.72371,-0.027644887435543167,134.72371
4949,133.21823,-0.09456698165947469,133.21823
4950,124.208496,0.10240171812021412,124.208496
4951,-126.59837,0.004808318562810406,-126.59837
4952,124.76188,-0.026136336283195706,124.76188
4953,-124.393166,-0.19767771009935506,-124.393166
4954,124.60109,0.05320398437373559,124.60109
4955,-142.84834,0.10618000778601694,-142.84834
4956,-123.785675,0.28057632298505125,-123.785675
4957,0.0,-0.029751118432625158,0.0
4958,130.3048,0.02233220639862128,130.3048
4959,128.0804,0.013488760918240247,128.0804
4960,0.0,-0.0393166253921937,0.0
4961,0.0,0.019138714838882936,0.0
4962,0.0,-0.009743295974969554,0.0
4963,0.0,-0.04597072514351942,0.0
4964,0.0,-0.04597072514351942,0.0
4965,0.0,-0.015029504965865862,0.0
4966,0.0,0.004018717881529581,0.0
4967,0.0,-0.07176227032100911,0.0
4968,0.0,-0.008633763049613545,0.0
4969,0.0,-0.03473688296098179,0.0
4970,0.0,-0.0003310217750896408,0.0
4971,73.417694,0.007672595287866405,73.417694
4972,0.0,-0.018369323345734413,0.0
4973,0.0,-0.03947214711294333,0.0
4974,0.0,-0.01018592680277514,0.0
4975,0.0,-0.006253770446454766,0.0
4976,0.0,-0.005433700890702548,0.0
4977,127.79273,0.02837421995711029,127.79273
4978,127.79273,0.02837421995711029,127.79273
4979,127.79273,0.02837421995711029,127.79273
4980,121.90205,0.2472880614425499,121.90205
4981,-121.99667,-0.1309733667524432,-121.99667
4982,132.65247,-0.06079197523336677,132.65247
4983,0.0,-0.039880069599544835,0.0
4984,0.0,-0.03052845393061906,0.0
4985,0.0,-0.037365431348865615,0.0
4986,0.0,-0.03052845393061906,0.0
4987,0.0,0.049007153589060826,0.0
4988,0.0,-0.11124980890854473,0.0
4989,0.0,-0.07413476119184981,0.0
4990,0.0,-0.0711589419968212,0.0
4991,0.0,-0.009273426170155998,0.0
4992,0.0,-0.030365423422454782,0.0
4993,0.0,0.006260379905276754,0.0
4994,0.0,0.011350916880544626,0.0
4995,-127.30619,0.12167502151657705,-127.30619
4996,124.19176,0.002970405539822446,124.19176
4997,10.270255,-0.037708547536214686,10.270255
4998,-16.82902,-0.07853875284013113,-16.82902
4999,114.835304,0.05653286551012501,114.835304
5000,0.0,-0.04198542570278953,0.0
5001,0.0,-0.015056367533759373,0.0
5002,0.0,-0.07153185204976609,0.0
5003,-127.28569,0.07491389557629295,-127.28569
5004,0.0,-0.024237602502284645,0.0
5005,0.0,-0.08996168485762245,0.0
5006,0.0,-0.08996168485762245,0.0
5007,0.0,-0.0067192650210236935,0.0
5008,0.0,-0.035603746912764724,0.0
5009,0.0,-0.031459543762524106,0.0
5010,0.0,-0.041225675493025436,0.0
5011,0.0,-0.02597170249633946,0.0
5012,132.73424,-0.05421829416845142,132.73424
5013,0.0,0.054187510775564315,0.0
5014,0.0,-0.037824067935155206,0.0
5015,127.81171,-0.009495949652290765,127.81171
5016,19.927053,-0.04062952802070484,19.927053
5017,8.767617,-0.0005981477366261851,8.767617
5018,0.0,-0.02905938809121656,0.0
5019,0.0,-0.02600479846968288,0.0
5020,0.0,-0.06133374734827502,0.0
5021,0.0,-0.06133374734827502,0.0
5022,0.0,-0.09146892894263788,0.0
5023,94.371574,-0.011037084295572366,94.371574
5024,0.0,-0.049127065124351686,0.0
5025,0.0,0.037220262229633906,0.0
5026,0.0,-0.034116607401676845,0.0
5027,0.0,-0.034116607401676845,0.0
5028,-131.4516,0.12670757338366118,-131.4516
5029,0.0,0.05700733918788613,0.0
5030,0.0,-0.01965371196312107,0.0
5031,0.0,-0.02681004096144157,0.0
5032,0.0,-0.028172683557237933,0.0
5033,0.0,-0.00872514547093014,0.0
5034,-49.358772,-0.022530578392407064,-49.358772
5035,-32.82471,0.006380101929277439,-32.82471
5036,0.0,-0.05139370721799414,0.0
5037,0.0,-0.015312211975290643,0.0
5038,0.0,-0.012540926543352393,0.0
5039,0.0,-0.0891644227360747,0.0
5040,0.0,-0.053526424521476844,0.0
5041,-124.8392,-0.04592592434372832,-124.8392
5042,117.45573,0.043161373739921155,117.45573
5043,0.0,0.0125958724267218,0.0
5044,-127.461334,0.09753824888802445,-127.461334
5045,-127.33664,0.08254185098579907,-127.33664
5046,0.0,0.00265968821476203,0.0
5047,0.0,-0.024827356845892202,0.0
5048,125.12067,0.0546448578966765,125.12067
5049,0.0,0.12995822654101785,0.0
5050,0.0,-0.017744602960835958,0.0
5051,-127.24118,-0.04585839053957794,-127.24118
5052,122.00673,0.05642467605554212,122.00673
5053,122.00673,0.05642467605554212,122.00673
5054,122.00673,0.05642467605554212,122.00673
5055,122.00673,0.05642467605554212,122.00673
5056,122.00673,0.05642467605554212,122.00673
5057,122.00673,0.05642467605554212,122.00673
5058,-93.6917,0.010750029174907654,-93.6917
5059,127.572426,0.09572225904808256,127.572426
5060,-128.65048,-0.07725841243144924,-128.65048
5061,0.0,-0.04690520209127943,0.0
5062,0.0,-0.050252721231574364,0.0
5063,0.0,-0.06087351278615158,0.0
5064,-121.53307,-0.12034613111223547,-121.53307
5065,121.47135,0.06975351936990469,121.47135
5066,121.47135,0.06975351936990469,121.47135
5067,-30.366238,0.0038507261974064554,-30.366238
5068,31.867718,0.045499655134161314,31.867718
5069,0.0,-0.01976398659512107,0.0
5070,0.0,-0.01976398659512107,0.0
5071,0.0,-0.09241501255145519,0.0
5072,0.0,0.02096061072202893,0.0
5073,0.0,-0.08039055886870924,0.0
5074,0.0,0.012395028416619103,0.0
5075,0.0,-0.04785348900372448,0.0
5076,-128.90424,-0.16269784827692182,-128.90424
5077,0.0,-0.021003588735781543,0.0
5078,0.0,-0.021003588735781543,0.0
5079,0.0,-0.021003588735781543,0.0
5080,0.0,-0.03181632639970649,0.0
5081,0.0,0.01781392918411475,0.0
5082,0.0,0.01781392918411475,0.0
5083,0.0,-0.05075119660881247,0.0
5084,0.0,-0.014424211274810445,0.0
5085,0.0,-0.046815444372842206,0.0
5086,0.0,-0.007477065295703885,0.0
5087,0.0,-0.02461360488153357,0.0
5088,0.0,-0.03951976848045471,0.0
5089,0.0,0.016901244888109082,0.0
5090,0.0,0.0020150441510508746,0.0
5091,128.27637,-0.05092594236873958,128.27637
5092,134.67134,-0.08400560093221394,134.67134
5093,0.0,-0.07588515539898646,0.0
5094,0.0,-0.07204524547763046,0.0
5095,0.0,-0.032613837270139834,0.0
5096,126.942505,-0.06845095044757331,126.942505
5097,-127.46196,0.24500640918785824,-127.46196
5098,142.90222,0.157211079059345,142.90222
5099,142.90222,0.08273468425285205,142.90222
5100,142.90222,0.157211079059345,142.90222
5101,142.90222,0.157211079059345,142.90222
5102,143.54108,0.1414754145739776,143.54108
5103,-99.59987,-0.017129354421799026,-99.59987
5104,146.75441,0.6309498187141589,146.75441
5105,125.86044,-0.024596499762322678,125.86044
5106,-123.95153,-0.06478660003904477,-123.95153
5107,165.16296,0.5689349185675854,165.16296
5108,147.06221,0.6502972252012622,147.06221
5109,-145.7161,-0.14309426977737316,-145.7161
5110,160.00552,0.5353620978379081,160.00552
5111,126.17958,0.06778075534517644,126.17958
5112,124.52065,0.03788602811412373,124.52065
5113,119.79821,-0.02761121537491471,119.79821
5114,128.842,-0.026085389948751488,128.842
5115,144.441,0.1367661009005975,144.441
5116,-86.39623,-0.04280346195163696,-86.39623
5117,99.73187,0.1380324361052839,99.73187
5118,-112.912994,-0.025955705973721464,-112.912994
5119,90.33214,-0.03679501691595323,90.33214
5120,-84.82812,-0.02737361053298732,-84.82812
5121,-103.82576,-0.025470883025552032,-103.82576
5122,142.6192,0.1559936495954141,142.6192
5123,-80.62466,0.018564441549334825,-80.62466
5124,-80.62466,-0.04851442820916826,-80.62466
5125,144.58008,0.14942631007097346,144.58008
5126,-102.64986,0.050868562581520234,-102.64986
5127,143.0144,0.04226634527282825,143.0144
5128,-106.64907,-0.18558697433229154,-106.64907
5129,-121.915825,-0.09796721837043594,-121.915825
5130,-123.547646,-0.02387167232435236,-123.547646
5131,-123.931015,-0.002729665912798763,-123.931015
5132,123.251335,-0.05968342774377387,123.251335
5133,129.58444,-0.26662467797660583,129.58444
5134,-98.71355,-0.09131595611849104,-98.71355
5135,142.80008,0.10243797144143395,142.80008
5136,145.50151,0.07618657812316376,145.50151
5137,141.54364,0.08925407158861731,141.54364
5138,-130.00583,-0.13227853341590634,-130.00583
5139,99.83356,0.019354396900532752,99.83356
5140,143.86371,0.5943200373595231,143.86371
5141,-128.8724,-0.40145924058753313,-128.8724
5142,-100.34715,0.10750005061221164,-100.34715
5143,-150.92378,-0.11588591810507784,-150.92378
5144,-93.52809,-0.02835813296441502,-93.52809
5145,-131.1486,0.045285731325218306,-131.1486
5146,128.2766,-0.19884987346706906,128.2766
5147,-123.93221,0.18540090444648613,-123.93221
5148,-127.79606,0.005589317816707699,-127.79606
5149,-124.023865,-0.13478844937002812,-124.023865
5150,122.56471,0.03515638919357611,122.56471
5151,-109.51865,-0.08094403702844423,-109.51865
5152,109.518585,-0.019854043937373413,109.518585
5153,-108.90941,-0.053206901093695226,-108.90941
5154,90.735886,0.00657314619961159,90.735886
5155,-82.81849,-0.05583505897445391,-82.81849
5156,163.40852,0.6630235286359059,163.40852
5157,104.76618,0.04982437608280817,104.76618
5158,-125.03278,-0.11853372950061081,-125.03278
5159,-123.82212,-0.17336118300886225,-123.82212
5160,-160.79973,-0.3232503402098752,-160.79973
5161,-164.67912,-0.38824892279233536,-164.67912
5162,119.94633,-0.033330652526019695,119.94633
5163,125.65123,0.27170447961432825,125.65123
5164,123.054825,0.01998315788599977,123.054825
5165,117.920815,-0.05678656009373297,117.920815
5166,174.45384,0.42429476220163614,174.45384
5167,76.50369,-0.035650925517521206,76.50369
5168,76.53747,-0.14220175126180323,76.53747
5169,172.81422,0.6139130923148183,172.81422
5170,117.95858,-0.05102450264405024,117.95858
5171,117.956604,-0.17051813776762464,117.956604
5172,117.98486,0.0908688077131624,117.98486
5173,117.95723,-0.02893099149672004,117.95723
5174,76.16814,-0.04509208397965781,76.16814
5175,91.717705,-0.028433047604373627,91.717705
5176,125.09325,-0.1638420354457939,125.09325
5177,-147.3828,0.09896732631933124,-147.3828
5178,-150.64987,0.1594698944715514,-150.64987
5179,122.12404,0.12332019978452033,122.12404
5180,-150.74052,-0.307329223454354,-150.74052
5181,93.41841,0.007247284875975156,93.41841
5182,117.98285,-0.03465127254780026,117.98285
5183,118.95674,-0.04598664493967549,118.95674
5184,91.470764,-0.05131179729366268,91.470764
5185,-153.9051,-0.12886791800918815,-153.9051
5186,-150.83482,-0.1509826687287537,-150.83482
5187,122.20755,-0.02864831702089671,122.20755
5188,116.145424,0.03758772726328601,116.145424
5189,117.603645,-0.11836288424587052,117.603645
5190,-113.63516,-0.07976689580929508,-113.63516
5191,-93.378044,-0.03609894127542678,-93.378044
5192,-93.6467,-0.04203829219595077,-93.6467
5193,-94.16116,-0.07504294062440202,-94.16116
5194,-112.94838,-0.03003217946981409,-112.94838
5195,-93.52509,-0.06750580397395282,-93.52509
5196,-112.72826,-0.034046926313291946,-112.72826
5197,-93.65051,-0.10586954179005317,-93.65051
5198,-112.91048,-0.021370935793231075,-112.91048
5199,123.54756,0.07463535365351051,123.54756
5200,112.813614,-0.01839437051543393,112.813614
5201,-117.72436,0.05149092786376533,-117.72436
5202,-114.410194,-0.121181125636818,-114.410194
5203,-113.12217,-0.010584242387280118,-113.12217
