row_index,feature_value,shap_value,color_by_self
0,-0.7831206,-0.39332966005544523,-0.7831206
1,-0.7831206,-0.39332966005544523,-0.7831206
2,0.7276695,0.2541821930025612,0.7276695
3,0.7276695,0.2541821930025612,0.7276695
4,0.7276695,0.2541821930025612,0.7276695
5,0.7319872,0.2884098779223796,0.7319872
6,-0.75335974,-0.3343172079578413,-0.75335974
7,-0.75335974,-0.3343172079578413,-0.75335974
8,-0.75335974,-0.3343172079578413,-0.75335974
9,-0.75335974,-0.3343172079578413,-0.75335974
10,-0.75335974,-0.3343172079578413,-0.75335974
11,-0.73909074,-0.5369974932056759,-0.73909074
12,-0.73909074,-0.5369974932056759,-0.73909074
13,-0.73909074,-0.5369974932056759,-0.73909074
14,-0.71650684,-0.546829456541736,-0.71650684
15,-0.71650684,-0.413249010420797,-0.71650684
16,0.7210844,0.39873615901404535,0.7210844
17,0.7722886,0.3754247919781575,0.7722886
18,0.73312205,0.5558769518830763,0.73312205
19,0.73312205,0.5558769518830763,0.73312205
20,0.73312205,0.5558769518830763,0.73312205
21,0.73312205,0.5558769518830763,0.73312205
22,0.73312205,0.5558769518830763,0.73312205
23,0.73312205,0.5915669966676033,0.73312205
24,0.73312205,0.5915669966676033,0.73312205
25,0.73312205,0.5558769518830763,0.73312205
26,0.73312205,0.5915669966676033,0.73312205
27,0.73312205,0.5915669966676033,0.73312205
28,0.73312205,0.5558769518830763,0.73312205
29,-0.7331227,-0.5243762572903794,-0.7331227
30,-0.7331227,-0.5243762572903794,-0.7331227
31,-0.7331227,-0.5243762572903794,-0.7331227
32,-0.7331227,-0.5243762572903794,-0.7331227
33,-0.7331227,-0.7203146451487574,-0.7331227
34,-0.7331227,-0.5243762572903794,-0.7331227
35,-0.7331227,-0.7203146451487574,-0.7331227
36,-0.7331227,-0.5963590910434903,-0.7331227
37,-0.7331227,-0.5243762572903794,-0.7331227
38,-0.7331227,-0.5243762572903794,-0.7331227
39,-0.7331227,-0.5963590910434903,-0.7331227
40,-0.7331227,-0.5243762572903794,-0.7331227
41,-0.47231993,-0.00820663326815306,-0.47231993
42,-0.47231993,-0.00820663326815306,-0.47231993
43,-0.68727064,-0.3973528526798646,-0.68727064
44,-0.7399342,-0.5159818019199589,-0.7399342
45,-0.72050345,-0.4373389899395436,-0.72050345
46,0.72050345,0.370986316834653,0.72050345
47,0.72050345,0.370986316834653,0.72050345
48,0.754594,0.26724939927860186,0.754594
49,-0.44771335,-0.04652957522434333,-0.44771335
50,0.7096738,0.37533347384570964,0.7096738
51,0.7096738,0.37533347384570964,0.7096738
52,-0.7096738,-0.4999344578650448,-0.7096738
53,-0.75094694,-0.31793505044533316,-0.75094694
54,-0.7501525,-0.6033411388296543,-0.7501525
55,-0.7501525,-0.6033411388296543,-0.7501525
56,-0.7501525,-0.6033411388296543,-0.7501525
57,0.7063591,0.41873976297638515,0.7063591
58,0.7063591,0.4126093610434093,0.7063591
59,-0.70635706,-0.4731693308573427,-0.70635706
60,-0.70635706,-0.4731693308573427,-0.70635706
61,-0.70635706,-0.3195505639462528,-0.70635706
62,-0.81262094,-0.5494585886477137,-0.81262094
63,-0.81262094,-0.5494585886477137,-0.81262094
64,-0.81262094,-0.5494585886477137,-0.81262094
65,-0.81262094,-0.5494585886477137,-0.81262094
66,-0.81262094,-0.5494585886477137,-0.81262094
67,-0.81262094,-0.5494585886477137,-0.81262094
68,-0.81262094,-0.5494585886477137,-0.81262094
69,-0.81262094,-0.5494585886477137,-0.81262094
70,-0.8138415,-0.474038096007153,-0.8138415
71,-0.69032234,-0.1289944295413073,-0.69032234
72,-0.69032234,-0.1289944295413073,-0.69032234
73,-0.69032234,-0.1289944295413073,-0.69032234
74,0.7225621,0.40903763788010145,0.7225621
75,0.7225621,0.6270472082668611,0.7225621
76,0.7225621,0.6270472082668611,0.7225621
77,0.7225621,0.6270472082668611,0.7225621
78,0.8216906,0.49108640024811273,0.8216906
79,0.8216906,0.49108640024811273,0.8216906
80,0.66833663,0.17436264979298854,0.66833663
81,0.66833663,0.17436264979298854,0.66833663
82,-0.7353163,-0.4394161196726745,-0.7353163
83,-0.7353163,-0.4394161196726745,-0.7353163
84,-0.74834514,-0.4648335649150897,-0.74834514
85,-0.74834514,-0.4648335649150897,-0.74834514
86,-0.74834514,-0.6660782575813399,-0.74834514
87,-0.74834514,-0.4648335649150897,-0.74834514
88,-0.75335246,-0.6939048966920314,-0.75335246
89,0.71285844,0.32283896720943916,0.71285844
90,-0.032784242,0.0664619148563591,-0.032784242
91,-0.032784242,0.0664619148563591,-0.032784242
92,-0.7501221,-0.35536332841011176,-0.7501221
93,0.757797,0.30054015090114133,0.757797
94,0.757797,0.30054015090114133,0.757797
95,0.6868649,0.20720784825268104,0.6868649
96,-0.7373911,-0.43657570878978474,-0.7373911
97,-0.7373911,-0.43657570878978474,-0.7373911
98,-0.65105695,-0.0857284823195717,-0.65105695
99,-0.7203334,-0.5506682531813153,-0.7203334
100,-0.7203334,-0.4678739502016979,-0.7203334
101,0.7088059,0.2078217562202694,0.7088059
102,-0.71141773,-0.40983451226600065,-0.71141773
103,-0.8126732,-0.5372014854324779,-0.8126732
104,-0.8126732,-0.5372014854324779,-0.8126732
105,-0.72057474,-0.5778761362891414,-0.72057474
106,-0.72057474,-0.46397090545287073,-0.72057474
107,-0.72057474,-0.46397090545287073,-0.72057474
108,-0.72057474,-0.46397090545287073,-0.72057474
109,-0.7614793,-0.42034866859018755,-0.7614793
110,-0.6419565,-0.07458515832601417,-0.6419565
111,0.039697133,0.296583364559881,0.039697133
112,0.039697133,0.296583364559881,0.039697133
113,-0.7773241,-0.24316259354628322,-0.7773241
114,-0.7684744,-0.30449459537043405,-0.7684744
115,0.73005813,0.13075608700255842,0.73005813
116,0.73005813,0.13075608700255842,0.73005813
117,-0.69844455,-0.2855636199693277,-0.69844455
118,-0.69844455,-0.2855636199693277,-0.69844455
119,-0.69844455,-0.2855636199693277,-0.69844455
120,-0.69844455,-0.2855636199693277,-0.69844455
121,-0.69844455,-0.2855636199693277,-0.69844455
122,-0.6412924,-0.13659841205698145,-0.6412924
123,-0.6412924,-0.12851351243131212,-0.6412924
124,-0.7331441,-0.5474459403276992,-0.7331441
125,-0.7339891,-0.5008219715391732,-0.7339891
126,-0.7339891,-0.5296544571308466,-0.7339891
127,-0.7339891,-0.5296544571308466,-0.7339891
128,-0.7339891,-0.5296544571308466,-0.7339891
129,-0.77472585,-0.40023735137065025,-0.77472585
130,-0.7341263,-0.46438377306623096,-0.7341263
131,-0.7341263,-0.5520946826318881,-0.7341263
132,-0.72391784,-0.7101415688967339,-0.72391784
133,0.68072367,0.21582607044690252,0.68072367
134,0.8259135,0.5070933755424454,0.8259135
135,0.8259135,0.5070933755424454,0.8259135
136,-0.8364758,-0.3828826951963728,-0.8364758
137,-0.8364758,-0.3828826951963728,-0.8364758
138,-0.7088757,-0.29051377811901286,-0.7088757
139,0.8391841,0.186091287572474,0.8391841
140,0.8391841,0.186091287572474,0.8391841
141,-0.75866514,-0.5532605335807423,-0.75866514
142,-0.75866514,-0.5532605335807423,-0.75866514
143,0.8105763,0.28800061612144334,0.8105763
144,0.8105763,0.28800061612144334,0.8105763
145,-0.7264594,-0.3802104407821672,-0.7264594
146,-0.7264594,-0.3802104407821672,-0.7264594
147,0.75312436,0.34985850399256274,0.75312436
148,0.75312436,0.34985850399256274,0.75312436
149,0.7251146,0.4378618406980223,0.7251146
150,0.7251146,0.3133013048287965,0.7251146
151,0.7251146,0.3133013048287965,0.7251146
152,0.73928535,0.3977406651147327,0.73928535
153,0.7233536,0.2500915533263302,0.7233536
154,-0.7233536,-0.35178259485090624,-0.7233536
155,0.7210618,0.3393796176652109,0.7210618
156,0.7028626,0.09241335646523906,0.7028626
157,-0.729982,-0.32119411781406354,-0.729982
158,0.70661956,0.21553348502740058,0.70661956
159,-0.73238915,-0.43183002365639755,-0.73238915
160,0.73238915,0.2915853570748796,0.73238915
161,0.73238915,0.2915853570748796,0.73238915
162,-0.6712819,0.02452958445884522,-0.6712819
163,0.7205188,0.3129589512344669,0.7205188
164,-0.7459978,-0.45428240712193446,-0.7459978
165,0.63157225,0.17727871194704573,0.63157225
166,-0.62996656,-0.01821483484277685,-0.62996656
167,-0.62996656,-0.01821483484277685,-0.62996656
168,0.75422204,0.24019727703624977,0.75422204
169,0.75422204,0.28660602561459897,0.75422204
170,0.75422204,0.28660602561459897,0.75422204
171,0.75422204,0.24019727703624977,0.75422204
172,0.75422204,0.28660602561459897,0.75422204
173,0.73630506,0.27897298656715014,0.73630506
174,-0.7479137,-0.5677497953428249,-0.7479137
175,-0.7479137,-0.5677497953428249,-0.7479137
176,-0.7479137,-0.5489305932654366,-0.7479137
177,-0.64128226,-0.016892075310912916,-0.64128226
178,-0.703749,-0.49328578606090795,-0.703749
179,-0.703749,-0.49328578606090795,-0.703749
180,-0.7259945,-0.380266638573249,-0.7259945
181,0.7233236,0.25609085587341857,0.7233236
182,0.70831585,0.322950068750659,0.70831585
183,0.70831585,0.2609197170404177,0.70831585
184,0.70831585,0.322950068750659,0.70831585
185,0.7662586,0.21411338888699247,0.7662586
186,0.733038,0.11854035141549202,0.733038
187,0.733038,0.11854035141549202,0.733038
188,-0.73344845,-0.3908580033190969,-0.73344845
189,0.73344845,0.2651229368516068,0.73344845
190,0.73344845,0.2651229368516068,0.73344845
191,0.73344845,0.2651229368516068,0.73344845
192,0.7264866,0.26577190775373916,0.7264866
193,-0.70735306,-0.07330732973264577,-0.70735306
194,0.7735785,0.23628224337868198,0.7735785
195,0.7735785,0.23628224337868198,0.7735785
196,0.7735785,0.23628224337868198,0.7735785
197,-0.8200432,-0.4521769111974618,-0.8200432
198,-0.8200432,-0.46550662492455736,-0.8200432
199,0.7296024,0.31770528984384955,0.7296024
200,0.7296024,0.31770528984384955,0.7296024
201,-0.7298251,-0.36347071257214736,-0.7298251
202,-0.7208874,-0.3709213051131639,-0.7208874
203,0.69285524,0.20462244418679265,0.69285524
204,0.69285524,0.3565938851306633,0.69285524
205,-0.69285524,-0.2745974767399216,-0.69285524
206,-0.69285524,-0.1170933935492583,-0.69285524
207,-0.69285524,-0.2745974767399216,-0.69285524
208,-0.69285524,-0.2745974767399216,-0.69285524
209,-0.6864021,-0.07145611035227854,-0.6864021
210,-0.6864021,-0.07145611035227854,-0.6864021
211,-0.5768295,-0.04611788118358468,-0.5768295
212,-0.71040154,-0.5484030740977685,-0.71040154
213,-0.71040154,-0.5484030740977685,-0.71040154
214,-0.71040154,-0.5484030740977685,-0.71040154
215,-0.6333843,-0.015357893136027029,-0.6333843
216,-0.6333843,-0.015357893136027029,-0.6333843
217,-0.6333843,-0.3475624116470467,-0.6333843
218,-0.739045,-0.314157777720276,-0.739045
219,-0.739045,-0.314157777720276,-0.739045
220,-0.739045,-0.314157777720276,-0.739045
221,-0.739045,-0.314157777720276,-0.739045
222,-0.739045,-0.314157777720276,-0.739045
223,-0.739045,-0.314157777720276,-0.739045
224,-0.76971424,-0.36297546967420957,-0.76971424
225,-0.76971424,-0.36297546967420957,-0.76971424
226,-0.76971424,-0.36297546967420957,-0.76971424
227,0.7240182,0.30484278567161505,0.7240182
228,-0.7479025,-0.3697961597230273,-0.7479025
229,-0.28376698,0.1653340166280753,-0.28376698
230,0.83132386,0.34853361975437935,0.83132386
231,0.83132386,0.34853361975437935,0.83132386
232,0.83132386,0.34853361975437935,0.83132386
233,0.83132386,0.34853361975437935,0.83132386
234,0.83132386,0.34853361975437935,0.83132386
235,0.83132386,0.34853361975437935,0.83132386
236,-0.7260456,-0.4901169209862693,-0.7260456
237,0.5211741,0.09995525988879556,0.5211741
238,-0.682081,-0.2548339722228584,-0.682081
239,-0.6882914,-0.05761664967079276,-0.6882914
240,-0.8732851,-0.44292228382047655,-0.8732851
241,0.70617753,0.2286794945936311,0.70617753
242,0.70617753,0.2286794945936311,0.70617753
243,0.70617753,0.2286794945936311,0.70617753
244,0.70617753,0.2286794945936311,0.70617753
245,-0.70617753,-0.28142417750351456,-0.70617753
246,-0.3127203,0.05737184058634412,-0.3127203
247,-0.3127203,0.05737184058634412,-0.3127203
248,-0.3127203,0.05737184058634412,-0.3127203
249,0.833723,0.18302933889010456,0.833723
250,0.833723,0.18302933889010456,0.833723
251,0.833723,0.18302933889010456,0.833723
252,0.833723,0.18302933889010456,0.833723
253,0.833723,0.18302933889010456,0.833723
254,-0.803414,-0.4125459771986941,-0.803414
255,-0.803414,-0.4125459771986941,-0.803414
256,-0.75465953,-0.2935961339347736,-0.75465953
257,-0.75465953,-0.2935961339347736,-0.75465953
258,-0.7534941,-0.39511344220378597,-0.7534941
259,-0.82690996,-0.39625628676630775,-0.82690996
260,-0.7431107,-0.285682974362393,-0.7431107
261,-0.7431107,-0.285682974362393,-0.7431107
262,-0.17642082,0.17773875149925392,-0.17642082
263,0.744412,0.29224931465337817,0.744412
264,0.744412,0.40647965216761633,0.744412
265,0.744412,0.40647965216761633,0.744412
266,0.744412,0.40647965216761633,0.744412
267,0.7271307,0.21723801476928872,0.7271307
268,-0.44808748,0.18194436684504497,-0.44808748
269,0.2025308,0.17795682716654487,0.2025308
270,0.2025308,0.17795682716654487,0.2025308
271,0.2025308,0.17795682716654487,0.2025308
272,0.2025308,0.17795682716654487,0.2025308
273,0.2025308,0.17795682716654487,0.2025308
274,0.7341145,0.29806251417820523,0.7341145
275,0.7767327,0.2499002738946326,0.7767327
276,-0.6806868,-0.13229099637557973,-0.6806868
277,-0.6806868,0.026599141716784496,-0.6806868
278,-0.7566955,-0.3871528215661857,-0.7566955
279,-0.7566955,-0.3871528215661857,-0.7566955
280,-0.7566955,-0.3871528215661857,-0.7566955
281,-0.7566955,-0.3871528215661857,-0.7566955
282,0.7566955,0.47936654148990215,0.7566955
283,-0.76361823,-0.42662439616991665,-0.76361823
284,-0.76402915,-0.36173971241378455,-0.76402915
285,-0.7619222,-0.44347302139570566,-0.7619222
286,0.60309356,0.1535346139656379,0.60309356
287,0.60309356,0.1535346139656379,0.60309356
288,0.72322154,0.2517645638728895,0.72322154
289,0.72322154,0.42737212750766057,0.72322154
290,-0.735763,-0.6153803276823188,-0.735763
291,-0.735763,-0.6153803276823188,-0.735763
292,-0.735763,-0.6153803276823188,-0.735763
293,-0.7187955,-0.40894804912274496,-0.7187955
294,-0.7399037,-0.682102992744469,-0.7399037
295,-0.70544136,-0.28332438427092915,-0.70544136
296,0.21743526,0.12177412945400315,0.21743526
297,-0.72051877,-0.3487943309287504,-0.72051877
298,-0.8494799,-0.14842218043599142,-0.8494799
299,-0.8494799,-0.14842218043599142,-0.8494799
300,-0.8494799,-0.14842218043599142,-0.8494799
301,-0.6788769,-0.01542263838085299,-0.6788769
302,-0.6788769,-0.01542263838085299,-0.6788769
303,-0.6788769,-0.01542263838085299,-0.6788769
304,-0.6788769,-0.01542263838085299,-0.6788769
305,-0.6788769,-0.01542263838085299,-0.6788769
306,-0.81706154,-0.419168745756663,-0.81706154
307,-0.81706154,-0.419168745756663,-0.81706154
308,0.7351433,0.281001013965791,0.7351433
309,0.7575336,0.265630105520698,0.7575336
310,0.7575336,0.3206175384084606,0.7575336
311,0.7575336,0.265630105520698,0.7575336
312,0.7575336,0.3206175384084606,0.7575336
313,-0.7253125,-0.7066870394086944,-0.7253125
314,-0.7253125,-0.7066870394086944,-0.7253125
315,-0.7253125,-0.7066870394086944,-0.7253125
316,-0.728147,-0.32436113130140815,-0.728147
317,0.9138611,0.25850219565646587,0.9138611
318,0.9138611,0.25850219565646587,0.9138611
319,0.4675931,0.14268017656890475,0.4675931
320,0.4675931,0.14268017656890475,0.4675931
321,-0.47889268,0.1252440974064739,-0.47889268
322,-0.47889268,0.1252440974064739,-0.47889268
323,0.67090476,0.29130440285613995,0.67090476
324,-0.9721538,-0.3948177744484891,-0.9721538
325,-0.9721538,-0.3948177744484891,-0.9721538
326,-0.9721538,-0.3948177744484891,-0.9721538
327,-0.9721538,-0.3948177744484891,-0.9721538
328,0.711659,0.19622289256212952,0.711659
329,0.6938622,0.1613733037890738,0.6938622
330,0.9307321,0.06089997582771047,0.9307321
331,0.79480135,0.42946448777062385,0.79480135
332,0.73576194,0.2920579987187706,0.73576194
333,0.7223014,0.4624414211815023,0.7223014
334,0.7223014,0.4624414211815023,0.7223014
335,0.92649174,0.14899698631912392,0.92649174
336,-0.7399698,-0.5243001879142731,-0.7399698
337,-0.738993,-0.2399106217712404,-0.738993
338,-0.738993,-0.2399106217712404,-0.738993
339,-0.738993,-0.2399106217712404,-0.738993
340,-0.738993,-0.2399106217712404,-0.738993
341,-0.72397786,-0.3820859282574188,-0.72397786
342,-0.74833727,-0.4421069042770481,-0.74833727
343,0.6783977,0.2636215078436746,0.6783977
344,-0.82200325,-0.37853343868509276,-0.82200325
345,-0.82200325,-0.37853343868509276,-0.82200325
346,-0.82200325,-0.37853343868509276,-0.82200325
347,-0.8241279,-0.26212808943232363,-0.8241279
348,-0.8241279,-0.26212808943232363,-0.8241279
349,0.7341852,0.0822911102143578,0.7341852
350,0.68838173,0.22474066468789047,0.68838173
351,-0.6030989,0.08049437346348617,-0.6030989
352,-0.6030989,0.08049437346348617,-0.6030989
353,-0.6030989,0.056743600921749786,-0.6030989
354,0.72814196,0.2916491559190813,0.72814196
355,-0.7476804,-0.5250441567135956,-0.7476804
356,-0.6402682,-0.03227155986138683,-0.6402682
357,0.7388038,0.13693691606538186,0.7388038
358,0.7388038,0.13693691606538186,0.7388038
359,-0.6703424,-0.01888540258025133,-0.6703424
360,-0.7050183,-0.2646581658146569,-0.7050183
361,0.76662564,0.18901480441354426,0.76662564
362,0.7584309,0.24774213482814544,0.7584309
363,0.7584309,0.24774213482814544,0.7584309
364,-0.7584309,-0.31581408675516526,-0.7584309
365,-0.7584309,-0.31581408675516526,-0.7584309
366,0.43616202,0.2189174829237653,0.43616202
367,-0.69908893,-0.30305838495984533,-0.69908893
368,0.768735,0.2489098149532965,0.768735
369,-0.41042787,0.23446413356129114,-0.41042787
370,0.7229856,0.171385851526594,0.7229856
371,0.7820087,0.1402030763360621,0.7820087
372,0.7820087,0.1402030763360621,0.7820087
373,-0.70417655,-0.19662548082412812,-0.70417655
374,-0.70417655,-0.19662548082412812,-0.70417655
375,-0.7477653,-0.5633282294584604,-0.7477653
376,0.7144149,0.19881122867629636,0.7144149
377,0.71076906,0.39471463164483883,0.71076906
378,0.71076906,0.39471463164483883,0.71076906
379,-0.6951687,-0.25334390134752194,-0.6951687
380,-0.74523747,-0.42835589255087236,-0.74523747
381,-0.71896005,-0.3246549308035403,-0.71896005
382,0.83101577,0.14355941802088573,0.83101577
383,-0.75598705,-0.10784609375113373,-0.75598705
384,-0.75598705,-0.10784609375113373,-0.75598705
385,-0.75598705,-0.10784609375113373,-0.75598705
386,-0.7687372,-0.24309240361150897,-0.7687372
387,-0.7687372,-0.24309240361150897,-0.7687372
388,-0.7687372,-0.24309240361150897,-0.7687372
389,-0.75707215,-0.21856476718721551,-0.75707215
390,-0.75707215,-0.21856476718721551,-0.75707215
391,-0.75707215,-0.21856476718721551,-0.75707215
392,-0.80442727,-0.5986626952044859,-0.80442727
393,-0.80442727,-0.5986626952044859,-0.80442727
394,-0.80442727,-0.5986626952044859,-0.80442727
395,-0.83942527,-0.2912202359365862,-0.83942527
396,-0.83942527,-0.2912202359365862,-0.83942527
397,-0.83942527,-0.2912202359365862,-0.83942527
398,-0.7459046,-0.45095185555969564,-0.7459046
399,-0.7459046,-0.45095185555969564,-0.7459046
400,-0.7459046,-0.45095185555969564,-0.7459046
401,0.84930044,0.1363610759450821,0.84930044
402,0.84930044,0.1363610759450821,0.84930044
403,0.84930044,0.1363610759450821,0.84930044
404,-0.8155192,-0.14615448221335486,-0.8155192
405,-0.8155192,-0.14615448221335486,-0.8155192
406,-0.8155192,-0.14615448221335486,-0.8155192
407,0.8110955,0.2311264264632012,0.8110955
408,0.8110955,0.2311264264632012,0.8110955
409,0.6290937,0.1267932435406622,0.6290937
410,0.783452,0.30908495980901785,0.783452
411,0.72487754,0.3986459283099838,0.72487754
412,0.7536975,-0.040602546955546485,0.7536975
413,0.7486372,0.16387616149938158,0.7486372
414,0.7217115,0.3121018411639406,0.7217115
415,0.8059565,0.18323778625666487,0.8059565
416,0.68246555,0.2541476750382803,0.68246555
417,0.8033643,0.3563152526960905,0.8033643
418,0.8033643,0.3563152526960905,0.8033643
419,-0.560822,0.058533897580951164,-0.560822
420,-0.560822,-0.009985796630777605,-0.560822
421,-0.76679236,-0.6018327193251869,-0.76679236
422,0.81624734,0.1739847930288381,0.81624734
423,0.66326326,0.0765133376405178,0.66326326
424,0.66326326,0.0765133376405178,0.66326326
425,0.66326326,0.0765133376405178,0.66326326
426,-0.68995714,0.026745050275908802,-0.68995714
427,-0.68995714,0.026745050275908802,-0.68995714
428,-0.68995714,0.026745050275908802,-0.68995714
429,-0.72458184,-0.5895542848197158,-0.72458184
430,0.8232313,0.30359386858472376,0.8232313
431,-0.7455906,-0.5391941103575606,-0.7455906
432,-0.9553368,-0.4853253568691408,-0.9553368
433,-0.6733643,-0.013752747579397578,-0.6733643
434,0.21971995,0.08520559451925573,0.21971995
435,0.21971995,0.08520559451925573,0.21971995
436,0.7722886,0.35574414329547566,0.7722886
437,-0.28376698,0.12709600453442707,-0.28376698
438,0.73453295,0.18395753709968926,0.73453295
439,0.73453295,0.18395753709968926,0.73453295
440,-0.7062104,-0.29551028771757337,-0.7062104
441,-0.7062104,-0.29551028771757337,-0.7062104
442,0.948155,0.19371493154312697,0.948155
443,0.8244144,0.300910598714346,0.8244144
444,-0.72411686,-0.34897115005547247,-0.72411686
445,0.7650393,0.2603510937552428,0.7650393
446,-0.74742734,-0.27027824163770797,-0.74742734
447,0.7037744,0.26615246394873954,0.7037744
448,0.68520546,0.1287683606834794,0.68520546
449,-0.7291867,-0.31552280897160445,-0.7291867
450,-0.72820145,-0.2838894791813313,-0.72820145
451,-0.7228362,-0.45394634300913184,-0.7228362
452,-0.722304,-0.23173265227009618,-0.722304
453,0.50754654,0.12526468460423196,0.50754654
454,0.723103,0.17538212002282622,0.723103
455,-0.74636555,-0.3714838451640398,-0.74636555
456,-0.8533442,-0.301565251130525,-0.8533442
457,0.71430117,0.13789171189125113,0.71430117
458,-0.7096331,-0.3337148309489603,-0.7096331
459,0.7090563,0.17330085052557193,0.7090563
460,0.69044787,0.11309982826033066,0.69044787
461,0.69044787,0.11309982826033066,0.69044787
462,-0.73662573,-0.6710338849551731,-0.73662573
463,-0.73662573,-0.6710338849551731,-0.73662573
464,-0.77078336,-0.36170735531901704,-0.77078336
465,-0.77078336,-0.36170735531901704,-0.77078336
466,-0.77078336,-0.36170735531901704,-0.77078336
467,-0.72874063,-0.5221514147589367,-0.72874063
468,0.823969,0.33071887125803473,0.823969
469,0.7007503,0.20609663593377947,0.7007503
470,-0.6911425,-0.09947886765553893,-0.6911425
471,0.6911425,0.13869919881244946,0.6911425
472,0.6994976,0.30821650226770286,0.6994976
473,0.76248246,0.1588616644032598,0.76248246
474,-0.81823605,-0.34676504200190433,-0.81823605
475,-0.69214433,-0.23802956832702352,-0.69214433
476,-0.7390025,-0.4727272111954145,-0.7390025
477,0.79040027,0.1928863771112571,0.79040027
478,-0.71506464,-0.4782413567781832,-0.71506464
479,0.7909339,0.18458292979255794,0.7909339
480,-0.7233583,-0.5253909708727131,-0.7233583
481,0.7346847,0.3718560173734944,0.7346847
482,-0.8217485,-0.3267313887097198,-0.8217485
483,-0.8226039,-0.41253148025499486,-0.8226039
484,0.7266608,0.14742007908431484,0.7266608
485,0.7266608,0.14742007908431484,0.7266608
486,0.581271,0.14803509983725863,0.581271
487,-0.7175445,-0.4266688789589423,-0.7175445
488,0.68630946,0.07096021545589831,0.68630946
489,-0.6702826,0.12694457119727753,-0.6702826
490,0.7180983,0.035861682132302085,0.7180983
491,0.71160597,0.13962796262312477,0.71160597
492,-0.67699057,0.11509147035648064,-0.67699057
493,-0.6768885,0.12216143110619584,-0.6768885
494,0.7132713,-0.006008191888454968,0.7132713
495,0.6519146,0.027839045769209054,0.6519146
496,0.73949987,0.44165794627749005,0.73949987
497,-0.78084993,-0.32480232536057557,-0.78084993
498,0.75258464,0.2431544326580768,0.75258464
499,0.6958398,0.28095240211766154,0.6958398
500,0.6958398,0.28095240211766154,0.6958398
501,0.7413232,0.22432622179736184,0.7413232
502,0.7413232,0.22432622179736184,0.7413232
503,-0.40485007,0.04409346615121601,-0.40485007
504,0.8128244,0.3814150529432203,0.8128244
505,0.7181021,0.25219839652241854,0.7181021
506,0.83343476,0.17866481396615572,0.83343476
507,-0.7261306,-0.4362344293984344,-0.7261306
508,-0.74959034,-0.25502291610124916,-0.74959034
509,-0.7143941,-0.5203795436579584,-0.7143941
510,-0.718543,-0.5158331612184381,-0.718543
511,-0.718543,-0.5158331612184381,-0.718543
512,-0.76679236,-0.6018327193251869,-0.76679236
513,0.762662,0.3173432751035465,0.762662
514,0.7155651,0.248808895500151,0.7155651
515,0.7122992,0.11278565924069586,0.7122992
516,0.7122992,0.11278565924069586,0.7122992
517,0.7284617,0.12720415576430522,0.7284617
518,-0.68593574,-0.0690539305331477,-0.68593574
519,0.80080837,0.18003580926875984,0.80080837
520,0.63255304,0.07532068729387684,0.63255304
521,0.63255304,0.07532068729387684,0.63255304
522,-0.74626184,-0.3259079233883663,-0.74626184
523,-0.7478166,-0.4383625960863679,-0.7478166
524,0.3414408,0.24582515915466743,0.3414408
525,0.3414408,0.24582515915466743,0.3414408
526,0.8282919,0.13002683774715923,0.8282919
527,0.7504025,0.2781373709952379,0.7504025
528,0.78155166,0.302853107933289,0.78155166
529,0.06549956,0.22147399985413432,0.06549956
530,0.855127,0.3004266079329514,0.855127
531,-0.32801077,0.2036844226581607,-0.32801077
532,-0.67836475,-0.0643353203179995,-0.67836475
533,-0.67836475,-0.0643353203179995,-0.67836475
534,-0.74171764,-0.5026030094920168,-0.74171764
535,0.6839489,0.24071210156528985,0.6839489
536,-0.7508571,-0.285592163339136,-0.7508571
537,0.7115382,0.14491243227770198,0.7115382
538,-0.6907822,-0.11791828098153588,-0.6907822
539,0.6907822,0.3006671748017949,0.6907822
540,0.75459534,0.41611782434554867,0.75459534
541,0.75459534,0.41611782434554867,0.75459534
542,0.8056273,0.1299236280068224,0.8056273
543,0.63518924,0.2099757684522844,0.63518924
544,0.68636465,0.2461473706441343,0.68636465
545,-0.3630757,0.004244012953431771,-0.3630757
546,-0.44517973,0.02124342625440509,-0.44517973
547,0.82743084,0.27035607391037925,0.82743084
548,-0.48892418,0.10211775268949301,-0.48892418
549,0.64403534,0.23577994441478733,0.64403534
550,-0.35562634,0.09772875695305376,-0.35562634
551,0.72376734,0.33343275383499754,0.72376734
552,0.8731722,-0.09393527244850952,0.8731722
553,-0.68267417,-0.05830500635982545,-0.68267417
554,-0.77022713,-0.48850560034203705,-0.77022713
555,0.69432604,0.19150254238201395,0.69432604
556,-0.75471896,-0.06056169544423736,-0.75471896
557,0.6981256,-0.014068524678056664,0.6981256
558,0.6981256,-0.014068524678056664,0.6981256
559,-0.73793507,0.023809377337741675,-0.73793507
560,-0.84200984,0.2109875825224845,-0.84200984
561,0.83662695,-0.019592319892049504,0.83662695
562,0.7194329,0.3614807165682521,0.7194329
563,-0.7268273,-0.25668122443031105,-0.7268273
564,0.9012149,0.14944293438137674,0.9012149
565,-0.06763651,0.12684665875506893,-0.06763651
566,0.8118656,0.3229436738433295,0.8118656
567,-0.8539275,-0.4508671951197185,-0.8539275
568,0.47567645,0.16618029965587858,0.47567645
569,-0.8091214,-0.4840082592345555,-0.8091214
570,0.24798088,0.19010651539293508,0.24798088
571,-0.28553465,0.0510549988552661,-0.28553465
572,0.58921534,0.18700505671861586,0.58921534
573,-0.65589696,-0.4169344159115122,-0.65589696
574,0.7679696,0.3499476136739692,0.7679696
575,-0.7932976,-0.4096683331421313,-0.7932976
576,0.75730294,0.1445683086587518,0.75730294
577,-0.9081855,-0.3294161230781102,-0.9081855
578,0.8983254,0.06515509055904078,0.8983254
579,-0.89621323,-0.21692623395026114,-0.89621323
580,0.48273996,0.18685418395317763,0.48273996
581,-0.84648997,-0.476119794060138,-0.84648997
582,-0.6844716,-0.12058093331642089,-0.6844716
583,0.71003246,0.19064198891668885,0.71003246
584,-0.72738403,-0.3866037559469065,-0.72738403
585,-0.6816629,0.03562075004892961,-0.6816629
586,0.6971262,0.2767506108841454,0.6971262
587,0.5826191,0.11764642300987026,0.5826191
588,-0.75421876,-0.42780671759283,-0.75421876
589,0.5892602,0.12402300000494565,0.5892602
590,0.7682055,0.2623291469474329,0.7682055
591,0.7682055,0.2623291469474329,0.7682055
592,0.94680333,0.23153078087371812,0.94680333
593,-0.9219842,-0.3869311615401629,-0.9219842
594,0.31482685,0.09959843162248373,0.31482685
595,-0.9802405,-0.3365605705996001,-0.9802405
596,0.7323654,0.227358436488336,0.7323654
597,-0.6354041,-0.2037381683773259,-0.6354041
598,-0.7410493,-0.16854374289987725,-0.7410493
599,-0.7410493,-0.16854374289987725,-0.7410493
600,0.7304833,0.21608811323648006,0.7304833
601,-0.69639486,-0.2122240433939488,-0.69639486
602,-0.73191804,-0.18684784081522562,-0.73191804
603,0.85653603,0.024868663099405833,0.85653603
604,-0.83151704,-0.09154180873872364,-0.83151704
605,-0.83151704,-0.09154180873872364,-0.83151704
606,0.66066563,0.2201189440662341,0.66066563
607,0.6457448,0.16094799254539255,0.6457448
608,-0.80575866,-0.2845597940767817,-0.80575866
609,0.73604584,0.3298154198727069,0.73604584
610,-0.7103403,-0.4730113555088848,-0.7103403
611,0.7264233,0.2597176306534986,0.7264233
612,0.30598637,0.12123540438730104,0.30598637
613,0.6534381,0.20578260981613988,0.6534381
614,0.6534381,0.20578260981613988,0.6534381
615,0.7418166,0.17098308926318573,0.7418166
616,0.6883555,0.07715488660020663,0.6883555
617,0.6883555,0.13690774009254048,0.6883555
618,-0.6896991,0.0378196331688933,-0.6896991
619,-0.6896991,0.0378196331688933,-0.6896991
620,-0.68360347,-0.14700559492180915,-0.68360347
621,-0.68360347,-0.14700559492180915,-0.68360347
622,-0.74383795,-0.5250971881936328,-0.74383795
623,-0.71994364,-0.37769462917125673,-0.71994364
624,-0.7308336,-0.18857262527359495,-0.7308336
625,-0.7541531,-0.705533638733038,-0.7541531
626,0.77835757,0.13758239023531685,0.77835757
627,-0.7932186,-0.19246523024620094,-0.7932186
628,-0.7932186,-0.19246523024620094,-0.7932186
629,-0.6929228,-0.1267077137153606,-0.6929228
630,0.7465218,0.03963458432769876,0.7465218
631,0.67832184,0.16429465755643338,0.67832184
632,-0.8219367,-0.3927623482089413,-0.8219367
633,-0.6811272,-0.11766267932146454,-0.6811272
634,0.6681505,0.2584675905487287,0.6681505
635,-0.7622761,-0.4492284429255561,-0.7622761
636,0.75585186,0.18332466742203488,0.75585186
637,0.7563752,0.4214774744191187,0.7563752
638,-0.7691048,-0.19135872655856867,-0.7691048
639,-0.71347,-0.39687975347160365,-0.71347
640,0.7924255,0.19245697242700494,0.7924255
641,-0.7329311,-0.17704599651894623,-0.7329311
642,0.69922715,0.1779501100180646,0.69922715
643,0.69922715,0.1779501100180646,0.69922715
644,0.712689,0.15837859703005788,0.712689
645,0.712689,0.15837859703005788,0.712689
646,0.69781834,0.16527966100298855,0.69781834
647,-0.70903546,-0.2082490011822816,-0.70903546
648,0.7360406,0.192389624757824,0.7360406
649,-0.70168006,-0.3817446913659098,-0.70168006
650,-0.70168006,-0.3817446913659098,-0.70168006
651,0.40759736,0.2900438668571123,0.40759736
652,0.7296429,0.23546132115116356,0.7296429
653,0.7064641,0.3282312643541473,0.7064641
654,-0.7403224,-0.4448484266369604,-0.7403224
655,0.69685256,0.1767424695030735,0.69685256
656,-0.7313428,-0.43493979142410344,-0.7313428
657,-0.7313428,-0.43493979142410344,-0.7313428
658,-0.70328677,-0.25756204149391254,-0.70328677
659,-0.70328677,-0.25756204149391254,-0.70328677
660,-0.69756544,-0.15181557449632044,-0.69756544
661,-0.6973886,-0.29548461805716353,-0.6973886
662,0.6352348,0.22597891367276654,0.6352348
663,0.63949305,0.100765368433549,0.63949305
664,0.64433146,0.19363097161131596,0.64433146
665,0.64935136,0.2197049402972423,0.64935136
666,0.64859015,0.2133260395416539,0.64859015
667,0.64614743,0.21828944289933638,0.64614743
668,0.65313524,0.16264736605875188,0.65313524
669,0.7643978,0.34752071533374795,0.7643978
670,0.7065029,0.16088686761712043,0.7065029
671,-0.7025504,-0.3268925410060593,-0.7025504
672,-0.7112058,-0.23079270635361707,-0.7112058
673,0.6865792,0.050708459892019456,0.6865792
674,0.6147735,0.06504772040891485,0.6147735
675,0.68699557,0.3387699070330597,0.68699557
676,0.68711895,0.20295369513619116,0.68711895
677,0.6852228,0.06834719387667323,0.6852228
678,0.68712145,0.255100977227689,0.68712145
679,0.687843,0.1686770051206934,0.687843
680,0.7031425,0.22687793896970815,0.7031425
681,-0.640637,-0.05344532708504727,-0.640637
682,0.6864188,0.21192982402421534,0.6864188
683,-0.66262555,0.0966055087366381,-0.66262555
684,0.71309185,0.1615510273684366,0.71309185
685,-0.64076453,0.05069627992678729,-0.64076453
686,-0.67179424,0.012725381044525102,-0.67179424
687,0.32001337,0.058723788545616454,0.32001337
688,-0.67318755,0.11813384065604161,-0.67318755
689,0.7206869,0.1793720183390552,0.7206869
690,0.00798991,0.00793882337176548,0.00798991
691,-0.70634496,0.003006915043188429,-0.70634496
692,-0.6722949,-0.04180996040135281,-0.6722949
693,0.723779,0.04543154387309702,0.723779
694,0.7096016,0.08986761341793986,0.7096016
695,0.72250587,-0.01943933519762755,0.72250587
696,0.64550745,-0.026597135365388585,0.64550745
697,0.7326554,0.11840292767248048,0.7326554
698,-0.7265914,-0.2892662080634808,-0.7265914
699,-0.75829643,-0.5713843129375813,-0.75829643
700,-0.7457893,-0.5027283481112615,-0.7457893
701,0.71414536,0.28841626215862687,0.71414536
702,0.65908295,0.15742771931328312,0.65908295
703,-0.7150843,-0.4795379811075673,-0.7150843
704,0.7286503,0.20989697098358157,0.7286503
705,0.6456315,0.1299071073452575,0.6456315
706,-0.7347783,-0.46231628928751245,-0.7347783
707,-0.73307914,-0.42656110336314623,-0.73307914
708,0.7300398,0.2552931245102327,0.7300398
709,-0.7312523,-0.43882804820862226,-0.7312523
710,0.7278843,0.27231266364527346,0.7278843
711,-0.6956126,-0.28934555642526666,-0.6956126
712,0.73728913,0.3684312379294245,0.73728913
713,0.7313428,0.49639968543248975,0.7313428
714,0.7191145,0.272218916686626,0.7191145
715,0.7379037,0.3647158104314294,0.7379037
716,-0.7312173,-0.3509927245550463,-0.7312173
717,-0.7632484,-0.5422169831793137,-0.7632484
718,-0.83346444,-0.2783531787310885,-0.83346444
719,-0.86846936,-0.3277045304621693,-0.86846936
720,-0.67455465,-0.05575454893996119,-0.67455465
721,0.70133024,0.19374580676928874,0.70133024
722,0.816536,0.2700680066436238,0.816536
723,0.816536,0.2700680066436238,0.816536
724,-0.8362195,-0.11148826000036928,-0.8362195
725,-0.83490956,-0.6744640782105237,-0.83490956
726,-0.67018086,-0.18626022545526905,-0.67018086
727,0.8315514,0.18208909911528864,0.8315514
728,0.717369,0.23226612836563093,0.717369
729,-0.8099611,-0.4746260294244229,-0.8099611
730,0.73102516,0.24607004851160386,0.73102516
731,-0.83763075,-0.6969463324667782,-0.83763075
732,-0.7218106,-0.42605248715454164,-0.7218106
733,-0.7276058,-0.35552380891643,-0.7276058
734,0.69855237,0.28971530072081897,0.69855237
735,0.73925567,0.22512972846418142,0.73925567
736,-0.47921667,0.1629195256580384,-0.47921667
737,0.7219444,0.07943652755366706,0.7219444
738,-0.61882514,-0.07666096108009475,-0.61882514
739,0.8132694,0.3346572002542906,0.8132694
740,-0.82723516,-0.5515365890178715,-0.82723516
741,0.7078046,0.2770900917035332,0.7078046
742,0.7557627,0.24616900283804286,0.7557627
743,0.7406841,0.16429990757642748,0.7406841
744,0.77931345,0.16982002805906493,0.77931345
745,0.73748666,0.28487672863611896,0.73748666
746,0.7087849,0.20626847652833308,0.7087849
747,-0.6681976,-0.07986653921139367,-0.6681976
748,-0.7452207,-0.3916526318027856,-0.7452207
749,0.77061695,0.2754379600949621,0.77061695
750,0.7567717,0.22362612243198057,0.7567717
751,0.79104495,0.18929175459711087,0.79104495
752,-0.7622374,-0.13488017109300374,-0.7622374
753,-0.7401794,-0.3389483596991525,-0.7401794
754,-0.77672446,-0.5175577990121712,-0.77672446
755,0.6992361,0.22525054459170546,0.6992361
756,-0.72326165,-0.4866197190882519,-0.72326165
757,-0.7453632,-0.4465239718216213,-0.7453632
758,-0.725054,-0.4212538217884398,-0.725054
759,-0.7752123,-0.43118209071799807,-0.7752123
760,0.7545943,0.2623380563590471,0.7545943
761,0.7545943,0.23986226064578128,0.7545943
762,-0.7619666,-0.22894233263880767,-0.7619666
763,-0.7619666,-0.4029279495559769,-0.7619666
764,-0.7044858,-0.26233391167748266,-0.7044858
765,0.7532142,0.23453724581404378,0.7532142
766,0.7532303,0.23386908990573066,0.7532303
767,-0.72046995,-0.40669294621757685,-0.72046995
768,0.33512893,0.17008318278863277,0.33512893
769,-0.9423764,-0.5002502344406564,-0.9423764
770,0.8204976,0.3062121763642888,0.8204976
771,-0.32009673,0.23017664538102406,-0.32009673
772,-0.32922456,0.10241235916740622,-0.32922456
773,0.7247403,0.2321414245069005,0.7247403
774,-0.79030573,-0.4756133079149693,-0.79030573
775,0.53490186,0.0853963211118425,0.53490186
776,-0.6329372,-0.017202260984315806,-0.6329372
777,0.88736784,0.19773960343552227,0.88736784
778,-0.85961217,-0.33502311752244746,-0.85961217
779,-0.691642,-0.19403885385212827,-0.691642
780,-0.3127203,0.049024156440995934,-0.3127203
781,-0.7318713,-0.3055230170388598,-0.7318713
782,0.7414185,0.041201299232747894,0.7414185
783,0.030385721,0.05804645975618161,0.030385721
784,-0.4906685,0.002848952620041919,-0.4906685
785,0.88111126,0.17242435033299025,0.88111126
786,-0.64254826,-0.03258122620151789,-0.64254826
787,0.791507,0.16000226770488804,0.791507
788,-0.48458317,0.20317620425316993,-0.48458317
789,0.8514416,0.08478619373879825,0.8514416
790,0.549362,0.08888842940144366,0.549362
791,-0.6912425,-0.05493336051132722,-0.6912425
792,-0.72104806,-0.3629550362697797,-0.72104806
793,-0.8933575,-0.5045094799768336,-0.8933575
794,0.7271098,0.1288241821943105,0.7271098
795,0.44021985,0.0943273420630653,0.44021985
796,0.58992314,0.06821088774457358,0.58992314
797,-0.019333316,0.154233736105538,-0.019333316
798,0.90089977,-0.10005702312100004,0.90089977
799,0.75393796,0.1819991940677954,0.75393796
800,0.7385706,0.21198184022469413,0.7385706
801,-0.74234116,-0.46487211676841683,-0.74234116
802,0.74616843,0.3046817868064885,0.74616843
803,-0.7756963,-0.31645571510842585,-0.7756963
804,0.8148917,0.2885533752392692,0.8148917
805,-0.7332234,-0.5095968570904021,-0.7332234
806,0.82973355,0.25017449316706236,0.82973355
807,-0.7405767,-0.2527676743283771,-0.7405767
808,0.7645184,0.07790520748593643,0.7645184
809,-0.23216745,0.15569779937609868,-0.23216745
810,0.7740733,0.45915604198997556,0.7740733
811,0.94010186,0.18703395178603344,0.94010186
812,-0.1891536,0.05410920230367041,-0.1891536
813,0.80752295,0.2231746634015058,0.80752295
814,-0.60635436,0.034665281707427185,-0.60635436
815,0.7989947,0.3202100697598293,0.7989947
816,-0.7548455,-0.35985734241135436,-0.7548455
817,0.11452759,0.16319889453123157,0.11452759
818,-0.25748256,0.18930179497462313,-0.25748256
819,0.76567876,0.30806967580020717,0.76567876
820,-0.18738107,0.16000929585906362,-0.18738107
821,0.7083054,0.18734879679466734,0.7083054
822,-0.7115706,-0.5137794223589163,-0.7115706
823,0.71816295,0.23824731261241622,0.71816295
824,0.7115569,0.1852816550713162,0.7115569
825,0.8008802,0.24444833622689358,0.8008802
826,0.71766865,0.3697879108012025,0.71766865
827,0.68962604,0.10611835253764397,0.68962604
828,0.6185149,0.16998765908608462,0.6185149
829,0.4847593,0.17573953927620412,0.4847593
830,0.80101985,0.12350525448816482,0.80101985
831,0.6793341,0.07682415545383646,0.6793341
832,0.8793823,0.09807081123835598,0.8793823
833,0.1558388,0.22640175334145585,0.1558388
834,0.6011273,0.12640474886780126,0.6011273
835,0.8274157,0.36528194095651917,0.8274157
836,-0.57824254,0.11830145872121686,-0.57824254
837,0.86867106,0.14042431869953098,0.86867106
838,0.70153785,0.21267539980432204,0.70153785
839,-0.9529828,-0.2567664292888186,-0.9529828
840,0.52543163,0.1494539670850846,0.52543163
841,-0.7727455,-0.31041405054333754,-0.7727455
842,-0.74973863,-0.40548610013035885,-0.74973863
843,-0.8368538,-0.21403280044295084,-0.8368538
844,-0.8240164,-0.39265805450017593,-0.8240164
845,0.7200089,0.286166387166763,0.7200089
846,-0.5407182,0.14367779319107185,-0.5407182
847,-0.87010586,-0.19075050286003956,-0.87010586
848,-0.6797006,0.04713118711360004,-0.6797006
849,0.7023557,0.24535179137818736,0.7023557
850,0.70192313,0.114028083953918,0.70192313
851,-0.72447973,-0.33778712743704614,-0.72447973
852,0.9154503,0.17169247320220035,0.9154503
853,-0.8892139,-0.3610908490047738,-0.8892139
854,0.66290087,0.11755173559758014,0.66290087
855,0.80843574,0.08029103438772563,0.80843574
856,-0.8520336,-0.0007518688023037401,-0.8520336
857,0.26320168,0.17957837711646002,0.26320168
858,-0.72928435,-0.45104519829202594,-0.72928435
859,-0.24463081,0.09463851370678607,-0.24463081
860,0.79758215,0.21579231904905052,0.79758215
861,0.95120484,0.2132929364461182,0.95120484
862,0.68238944,0.22766385039683962,0.68238944
863,-0.19090866,0.04648163748855625,-0.19090866
864,0.6990874,0.12626282207165324,0.6990874
865,0.600527,0.19597109363396575,0.600527
866,0.3311824,0.1503628510940384,0.3311824
867,0.9039142,-0.009970090945899686,0.9039142
868,0.34590754,0.19844280299940845,0.34590754
869,-0.91612494,-0.5947077194333357,-0.91612494
870,0.73466206,0.29271447366143194,0.73466206
871,-0.7600768,-0.4650288863097637,-0.7600768
872,-0.59303355,0.014506390055105586,-0.59303355
873,-0.67233866,0.016934772826741933,-0.67233866
874,-0.6145662,-0.015210242033858302,-0.6145662
875,-0.6949092,-0.08058978475749544,-0.6949092
876,0.62795043,0.055629983412069005,0.62795043
877,0.72119015,0.25469325025528516,0.72119015
878,-0.698371,-0.3036626009184693,-0.698371
879,-0.70689684,-0.29749250848259273,-0.70689684
880,-0.52002466,0.06476951236452318,-0.52002466
881,-0.71479696,-0.3533737132042453,-0.71479696
882,-0.42533618,0.03555749988009647,-0.42533618
883,0.75965065,0.3052551877761251,0.75965065
884,-0.5402907,0.12029239276490353,-0.5402907
885,-0.6999565,-0.30822174640999456,-0.6999565
886,-0.54697317,0.05727859760387094,-0.54697317
887,0.65873754,0.16041636089671452,0.65873754
888,0.7090478,0.15463435180876073,0.7090478
889,-0.7343152,-0.2661827739576383,-0.7343152
890,-0.70410717,-0.34453441746686847,-0.70410717
891,-0.6676815,-0.12407356200016031,-0.6676815
892,-0.67347944,-0.056036587267710825,-0.67347944
893,-0.73520297,-0.3779126081213741,-0.73520297
894,-0.6731463,-0.07802323845924347,-0.6731463
895,-0.723184,-0.36259227464182986,-0.723184
896,0.7355825,0.24548121465437542,0.7355825
897,-0.7472445,-0.33511078357521534,-0.7472445
898,0.6852314,0.2059502194945183,0.6852314
899,-0.79245067,-0.33679046500364396,-0.79245067
900,-0.71392685,-0.28557591581342945,-0.71392685
901,0.71828187,0.23458927252343795,0.71828187
902,0.6957745,0.1338571773019948,0.6957745
903,0.7261362,0.22534966552449553,0.7261362
904,-0.4775803,0.04490388776644359,-0.4775803
905,-0.6757672,0.0339898630820124,-0.6757672
906,0.7170496,0.16429650767844486,0.7170496
907,-0.7125724,-0.2761566926236882,-0.7125724
908,-0.5731209,0.033017282266636354,-0.5731209
909,0.83131444,0.10697184382509027,0.83131444
910,-0.6963188,-0.029990582099510374,-0.6963188
911,-0.7907012,-0.18578987992160587,-0.7907012
912,0.72962713,0.054769953932629026,0.72962713
913,0.7275646,0.17057322897971625,0.7275646
914,-0.7258535,-0.26002714742909905,-0.7258535
915,0.74965507,0.4106719171162929,0.74965507
916,0.7441227,0.38455518088477497,0.7441227
917,-0.7108912,-0.43738781632554125,-0.7108912
918,0.6333634,0.17661370463142734,0.6333634
919,0.7405699,0.26248337668997496,0.7405699
920,0.6706079,0.17684412125751628,0.6706079
921,0.75044733,0.3263072385119356,0.75044733
922,-0.7022545,-0.18916141437374506,-0.7022545
923,-0.7447818,-0.3410908691977748,-0.7447818
924,0.69785345,0.15696813306926083,0.69785345
925,0.64433503,0.08849285909144589,0.64433503
926,0.7011116,0.06827059692434062,0.7011116
927,0.71228075,0.24228615211451746,0.71228075
928,0.70855373,0.2623637320398295,0.70855373
929,0.701273,-0.0024167767136139095,0.701273
930,0.6901705,-0.11862990458418782,0.6901705
931,-0.74990433,-0.4276927087424882,-0.74990433
932,-0.7523245,-0.3915672896699153,-0.7523245
933,-0.74230963,-0.2675386136822396,-0.74230963
934,-0.10205356,0.05451834943229286,-0.10205356
935,-0.95419186,-0.3558347023476354,-0.95419186
936,-0.39951262,0.06806695144497406,-0.39951262
937,0.48978335,0.14956471850951392,0.48978335
938,-0.69761103,-0.10557761558807081,-0.69761103
939,-0.6989596,-0.18727979883959076,-0.6989596
940,-0.7354071,-0.40349131608935157,-0.7354071
941,-0.9075356,-0.5600659719154915,-0.9075356
942,-0.18505889,0.14583437641672847,-0.18505889
943,-0.34981936,0.0627276433942578,-0.34981936
944,-0.6942543,-0.49306501111362167,-0.6942543
945,-0.0776966,0.0829761666676229,-0.0776966
946,0.4315383,0.11976869087862493,0.4315383
947,0.7599203,0.08601608105737413,0.7599203
948,0.7666362,0.18964646547247518,0.7666362
949,-0.76355475,-0.37548878099640237,-0.76355475
950,-0.72480494,-0.07845627539008071,-0.72480494
951,-0.7364552,-0.05055318629049998,-0.7364552
952,-0.69953907,-0.07856343113469881,-0.69953907
953,0.8715264,-0.04355464573831927,0.8715264
954,-0.74417496,-0.5424993614878034,-0.74417496
955,0.83580637,0.30068307932928173,0.83580637
956,-0.81365013,-0.4865629689903073,-0.81365013
957,-0.5553197,0.11957209488065486,-0.5553197
958,0.9186504,0.21929454968967768,0.9186504
959,0.71129066,0.2107328733485386,0.71129066
960,-0.7048063,-0.22522092399617663,-0.7048063
961,0.78199935,0.18592847740249574,0.78199935
962,0.68115485,0.045986226670266014,0.68115485
963,-0.68751806,-0.2324696894452244,-0.68751806
964,0.6720839,0.11475616531377915,0.6720839
965,0.6720839,0.11475616531377915,0.6720839
966,0.8404837,0.25738559920209036,0.8404837
967,-0.7864288,-0.3904015588884528,-0.7864288
968,-0.7794086,-0.5974944503647233,-0.7794086
969,0.70654166,0.09549315149742228,0.70654166
970,-0.6930084,-0.051207752461661496,-0.6930084
971,-0.85664374,0.08130920123608969,-0.85664374
972,0.6935888,0.15042954276357115,0.6935888
973,0.70835155,0.10266778687116693,0.70835155
974,-0.74979955,-0.26290402582337763,-0.74979955
975,0.7173758,0.1576464255975671,0.7173758
976,0.8331808,0.3120287678658703,0.8331808
977,-0.97821414,-0.33173250230799306,-0.97821414
978,0.8507199,0.34151707909718143,0.8507199
979,0.8880458,0.21037295872318265,0.8880458
980,-0.22809197,-0.020231752281387662,-0.22809197
981,0.079482734,0.14543291844345343,0.079482734
982,0.9897179,0.0456384619254855,0.9897179
983,0.74774265,0.15637061767736127,0.74774265
984,-0.6115502,0.042585772608937755,-0.6115502
985,-0.8067201,-0.6476562584170169,-0.8067201
986,-0.71221715,-0.30011116370250923,-0.71221715
987,0.7497801,0.2045404290484532,0.7497801
988,0.7287001,0.2004013541297652,0.7287001
989,0.7504805,0.14924515163958205,0.7504805
990,0.7492277,0.28667521182983424,0.7492277
991,0.7133903,0.19390507058714607,0.7133903
992,-0.7075747,-0.36437436351034147,-0.7075747
993,-0.7259043,-0.5335036985847182,-0.7259043
994,0.707677,-0.008413430156940892,0.707677
995,-0.7071296,-0.312221185688237,-0.7071296
996,0.7096249,0.22996048864026788,0.7096249
997,0.7160144,0.21509198610797542,0.7160144
998,-0.7295417,-0.4869311380310041,-0.7295417
999,0.6376569,0.08558101416769409,0.6376569
1000,0.7293246,0.16831721334158317,0.7293246
1001,-0.60868,0.15867544621484822,-0.60868
1002,0.6431946,0.1668813913256395,0.6431946
1003,0.95878476,0.19465172773015552,0.95878476
1004,0.67411697,0.18010560059203767,0.67411697
1005,0.93163425,0.2456899110475331,0.93163425
1006,0.95827293,0.01625724738085316,0.95827293
1007,0.89284027,0.19071371388382968,0.89284027
1008,-0.12010065,0.12190363038869605,-0.12010065
1009,-0.6273403,-0.055578493490708446,-0.6273403
1010,0.8130484,0.337272675909366,0.8130484
1011,0.8372931,0.12156934323035472,0.8372931
1012,0.822509,0.030237219357869438,0.822509
1013,-0.68817246,-0.16992708525448366,-0.68817246
1014,-0.6929472,-0.1075605498927357,-0.6929472
1015,0.6887934,0.1332508589886488,0.6887934
1016,0.6896111,0.12877787764364812,0.6896111
1017,0.6965717,0.1569487216589549,0.6965717
1018,-0.6918131,-0.05639500287481173,-0.6918131
1019,0.6893545,0.1360007269649743,0.6893545
1020,0.6945521,0.16447886958970556,0.6945521
1021,-0.6953948,-0.1096215941942787,-0.6953948
1022,0.70119977,0.20179565305538535,0.70119977
1023,-0.69627297,-0.006793641813680161,-0.69627297
1024,0.68832445,0.08188719045531823,0.68832445
1025,-0.8691178,-0.07877898452764212,-0.8691178
1026,-0.7633412,-0.39282952236712004,-0.7633412
1027,0.8103516,0.21005237231567128,0.8103516
1028,-0.6097391,0.011685450202238861,-0.6097391
1029,-0.7280319,-0.3624208706686778,-0.7280319
1030,-0.7512877,-0.48597480644369734,-0.7512877
1031,0.65522826,0.30680827514911774,0.65522826
1032,-0.73692226,-0.4867841532265635,-0.73692226
1033,0.66202724,0.24316613095324824,0.66202724
1034,0.6580002,0.10562149263836312,0.6580002
1035,-0.7304786,-0.32994390682809777,-0.7304786
1036,-0.7257648,-0.3157190186318099,-0.7257648
1037,0.7279383,0.1891076511065626,0.7279383
1038,-0.75727344,-0.3618954274687164,-0.75727344
1039,-0.7185668,-0.35652475274755363,-0.7185668
1040,-0.90277195,-0.5528887141092212,-0.90277195
1041,-0.7923324,-0.39171656870288535,-0.7923324
1042,0.68646497,0.11428636459189045,0.68646497
1043,-0.768505,-0.17059943945814812,-0.768505
1044,0.6972312,0.3759237441150928,0.6972312
1045,0.720683,0.23574054597875954,0.720683
1046,0.7301099,0.22884894504596687,0.7301099
1047,-0.73295116,-0.30299628957550134,-0.73295116
1048,0.7556865,0.20591255045508916,0.7556865
1049,-0.7722212,-0.30368403905152425,-0.7722212
1050,-0.74934536,-0.4509696665438919,-0.74934536
1051,0.7531367,0.3785724668700209,0.7531367
1052,0.7385642,0.2848411775144969,0.7385642
1053,-0.7287327,-0.3594076526556129,-0.7287327
1054,0.73857623,0.10156101982290712,0.73857623
1055,-0.7122061,-0.4234912025994255,-0.7122061
1056,-0.7106091,-0.3866436486829276,-0.7106091
1057,-0.6971252,-0.20623810418867855,-0.6971252
1058,-0.7119738,-0.321052029682495,-0.7119738
1059,-0.70503163,-0.17316100765340225,-0.70503163
1060,-0.69727784,-0.20070946248095645,-0.69727784
1061,-0.73334605,-0.34552060967790377,-0.73334605
1062,-0.71244466,-0.38434183790305254,-0.71244466
1063,0.6643716,0.31179784218879397,0.6643716
1064,-0.6914106,-0.5686261788082332,-0.6914106
1065,0.67831427,0.1872896689316333,0.67831427
1066,-0.7108965,-0.29058850669050323,-0.7108965
1067,-0.72896844,-0.4249308802421796,-0.72896844
1068,-0.7053331,-0.2005534672407494,-0.7053331
1069,0.72196597,0.4139846192436806,0.72196597
1070,-0.11454704,0.1907971459624545,-0.11454704
1071,-0.7735781,-0.5534484685952129,-0.7735781
1072,-0.85450256,-0.16667967962158756,-0.85450256
1073,0.74860555,0.1903008614128982,0.74860555
1074,-0.9572768,-0.41882744048986076,-0.9572768
1075,0.6139487,0.2382083951031765,0.6139487
1076,0.7971698,0.31781867779874706,0.7971698
1077,0.80893344,0.26020491739005647,0.80893344
1078,0.1502435,0.182811824529883,0.1502435
1079,-0.77335244,-0.19577194813500043,-0.77335244
1080,0.7484219,0.3444605739774076,0.7484219
1081,-0.7805433,-0.3113962805190119,-0.7805433
1082,0.70119077,0.12394758369715404,0.70119077
1083,-0.7363427,-0.43508204872965345,-0.7363427
1084,0.7013786,0.10512284076917096,0.7013786
1085,-0.70083714,-0.2711587504995885,-0.70083714
1086,-0.68365586,-0.03637555777307005,-0.68365586
1087,-0.68951046,-0.01086445667144438,-0.68951046
1088,0.70906115,0.2338465530694712,0.70906115
1089,-0.8130679,-0.12332218773384812,-0.8130679
1090,-0.80928814,-0.24454303706092165,-0.80928814
1091,-0.839558,-0.43723214340713684,-0.839558
1092,-0.81193966,-0.5001869238395702,-0.81193966
1093,0.8113069,0.16465040257999639,0.8113069
1094,0.6732138,0.07076996742320509,0.6732138
1095,-0.8706006,-0.21640430173937,-0.8706006
1096,0.6360997,0.11004416518531562,0.6360997
1097,0.8201546,0.1445811347337786,0.8201546
1098,0.6395238,0.15186036787077042,0.6395238
1099,0.7079644,0.06292282644845326,0.7079644
1100,0.7909875,0.07434028826710146,0.7909875
1101,0.8257063,-0.0531870975841877,0.8257063
1102,-0.7721491,-0.16557582036724716,-0.7721491
1103,-0.77693015,-0.30914297331651586,-0.77693015
1104,-0.77962387,-0.04854706308347329,-0.77962387
1105,-0.6910582,-0.18289614908517715,-0.6910582
1106,-0.85976684,-0.31185825401568457,-0.85976684
1107,-0.7016761,-0.34017627064271677,-0.7016761
1108,0.72912335,0.08048760489300347,0.72912335
1109,0.7294381,0.17099389526526862,0.7294381
1110,0.7290095,0.1929853193706706,0.7290095
1111,0.72854096,0.07056257144965059,0.72854096
1112,0.733618,0.1606858905050695,0.733618
1113,-0.75961286,-0.277112424768475,-0.75961286
1114,-0.7577534,-0.28939567361018403,-0.7577534
1115,-0.75832,-0.35231250483828563,-0.75832
1116,0.7295924,0.20891722567132348,0.7295924
1117,-0.7182399,-0.4339644992716315,-0.7182399
1118,-0.709335,-0.27128783960696523,-0.709335
1119,0.6924042,0.11449888699530973,0.6924042
1120,-0.70480907,-0.28945189730249626,-0.70480907
1121,-0.7336175,-0.23796744221983654,-0.7336175
1122,-0.70046675,-0.14855239823518124,-0.70046675
1123,0.80817276,0.22949099402903067,0.80817276
1124,-0.8141985,-0.044695731012181265,-0.8141985
1125,-0.75564134,-0.3842214216728373,-0.75564134
1126,0.7554801,0.14752544410043292,0.7554801
1127,-0.7668416,-0.2604896405202428,-0.7668416
1128,0.7582329,0.3176597672712455,0.7582329
1129,0.7695127,0.3382154785373958,0.7695127
1130,-0.75287116,-0.18729836729846877,-0.75287116
1131,-0.8181103,-0.2522592535441583,-0.8181103
1132,-0.76268774,-0.46079651865700316,-0.76268774
1133,0.74543494,0.2695961411429107,0.74543494
1134,-0.74824476,-0.34453725703356125,-0.74824476
1135,-0.8207652,-0.3233217756566744,-0.8207652
1136,-0.8201656,-0.5483288534447974,-0.8201656
1137,0.7837969,0.35271760417406167,0.7837969
1138,-0.8185447,-0.40320799156238624,-0.8185447
1139,-0.8016509,-0.16786563091200998,-0.8016509
1140,-0.6622894,-0.032060904634653525,-0.6622894
1141,0.73977524,0.27204931393798815,0.73977524
1142,-0.67300004,-0.013763102396288633,-0.67300004
1143,-0.69713926,-0.1075439858337248,-0.69713926
1144,0.6901951,0.15443368035253396,0.6901951
1145,-0.7746457,-0.3915484489017982,-0.7746457
1146,-0.9335892,-0.47100315410852217,-0.9335892
1147,0.5631126,0.03746176224035926,0.5631126
1148,-0.96970874,-0.39633081940120973,-0.96970874
1149,0.7374541,0.1580227676568765,0.7374541
1150,-0.6749856,0.060855254232914116,-0.6749856
1151,-0.70912194,-0.30297909418599517,-0.70912194
1152,0.718701,0.11366196118554643,0.718701
1153,0.73033077,0.22927306472459127,0.73033077
1154,0.5818101,0.11495087846329075,0.5818101
1155,0.72211313,0.4878345965810073,0.72211313
1156,0.7218226,0.3388520446891404,0.7218226
1157,0.69249314,0.4251573178071964,0.69249314
1158,-0.69302315,-0.044116193141541034,-0.69302315
1159,0.6913417,0.10498700800600039,0.6913417
1160,0.73217005,0.34938543605562206,0.73217005
1161,-0.70950663,-0.22990545204405582,-0.70950663
1162,0.71798563,0.23880886732485937,0.71798563
1163,0.73255616,0.3368576345911932,0.73255616
1164,0.7307846,0.2229273900267591,0.7307846
1165,0.73220205,0.38877952124030646,0.73220205
1166,0.7326156,0.1936908919476374,0.7326156
1167,0.73054785,0.38713395855309635,0.73054785
1168,0.73062974,0.31251128524738864,0.73062974
1169,0.71682185,0.4265878544530311,0.71682185
1170,0.46959874,0.12546893031052136,0.46959874
1171,0.30438393,0.1639976001978727,0.30438393
1172,0.735106,0.2425951099741379,0.735106
1173,-0.64843994,0.021317173278222582,-0.64843994
1174,0.6980733,0.23082472350079128,0.6980733
1175,-0.69042116,0.04978669366029702,-0.69042116
1176,-0.723526,-0.4532291084185206,-0.723526
1177,0.6441122,0.26517480171267643,0.6441122
1178,0.642733,0.17969034369937764,0.642733
1179,0.6371292,0.14124842595506443,0.6371292
1180,0.6447445,0.2171214706710221,0.6447445
1181,0.65045893,0.08856782433283115,0.65045893
1182,-0.8445762,-0.19458462744133107,-0.8445762
1183,0.14449914,0.2675891241836261,0.14449914
1184,-0.0029955267,0.2889909323268282,-0.0029955267
1185,-0.7979674,-0.2623853575766392,-0.7979674
1186,0.83965915,-0.04042762974937471,0.83965915
1187,0.7274118,0.38422362301813096,0.7274118
1188,0.7210378,0.15015884902758472,0.7210378
1189,0.7447353,0.1862849729506186,0.7447353
1190,0.7109614,0.21972361043791006,0.7109614
1191,0.7747255,0.1259823543951656,0.7747255
1192,0.7574105,0.28336970245358195,0.7574105
1193,0.76021624,0.2653418349927972,0.76021624
1194,0.39430922,0.06829893892169385,0.39430922
1195,0.76641595,0.2756110751177966,0.76641595
1196,-0.7097089,-0.4383067913859714,-0.7097089
1197,0.7182293,0.12392284265319531,0.7182293
1198,0.6970442,0.13303312097088724,0.6970442
1199,0.8139509,0.3233267040905311,0.8139509
1200,0.7212053,0.3390168368383954,0.7212053
1201,-0.7988515,-0.08162621919834817,-0.7988515
1202,-0.7095122,-0.3546487721627112,-0.7095122
1203,-0.7665741,-0.4039924992460766,-0.7665741
1204,-0.72057664,-0.4061704904897585,-0.72057664
1205,0.76344967,0.2026085039651702,0.76344967
1206,-0.701534,-0.19987683662317338,-0.701534
1207,0.7517556,0.25996136158359234,0.7517556
1208,0.73125356,0.29091590912563386,0.73125356
1209,0.7339447,0.12501504072809447,0.7339447
1210,0.71718645,0.4153824698546983,0.71718645
1211,-0.28732044,0.19733162607286459,-0.28732044
1212,0.8784787,0.24815031783334635,0.8784787
1213,0.7378308,0.5110137787856172,0.7378308
1214,0.6872,0.3417365310118678,0.6872
1215,-0.82609963,-0.2924672954645186,-0.82609963
1216,0.82080287,0.3166521571781296,0.82080287
1217,0.7363043,0.10599802720573487,0.7363043
1218,-0.7614793,-0.42034866859018755,-0.7614793
1219,0.6535231,0.17572216917479375,0.6535231
1220,0.6535231,0.4166712497593958,0.6535231
1221,0.6535231,0.17572216917479375,0.6535231
1222,0.6535231,0.4166712497593958,0.6535231
1223,0.6535231,0.3235782460796116,0.6535231
1224,-0.653494,-0.5497268362275618,-0.653494
1225,-0.653494,-0.26546512280192097,-0.653494
1226,-0.653494,-0.16607974076300278,-0.653494
1227,-0.653494,-0.26546512280192097,-0.653494
1228,-0.653494,-0.07483527828992646,-0.653494
1229,-0.653494,-0.5497268362275618,-0.653494
1230,-0.653494,-0.26546512280192097,-0.653494
1231,-0.653494,-0.5497268362275618,-0.653494
1232,-0.653494,-0.16607974076300278,-0.653494
1233,-0.653494,-0.5497268362275618,-0.653494
1234,-0.653494,-0.26546512280192097,-0.653494
1235,-0.6274235,-0.16048357246774977,-0.6274235
1236,-0.6274235,-0.16048357246774977,-0.6274235
1237,0.5638093,0.3044758685463101,0.5638093
1238,0.5638093,0.3044758685463101,0.5638093
1239,0.5638093,0.3044758685463101,0.5638093
1240,0.71827984,0.35355368441274676,0.71827984
1241,0.5700418,0.24170939684939668,0.5700418
1242,-0.71754664,-0.2663786640120706,-0.71754664
1243,0.7175484,0.2692210356523822,0.7175484
1244,0.5140874,0.13637483091066022,0.5140874
1245,-0.7193709,-0.18200137749957446,-0.7193709
1246,-0.7193709,-0.18200137749957446,-0.7193709
1247,-0.7193709,-0.18200137749957446,-0.7193709
1248,0.6460975,0.3492533589791906,0.6460975
1249,0.6460975,0.16390852944339213,0.6460975
1250,-0.6167217,0.14315798336451485,-0.6167217
1251,0.6167217,0.02340214263607859,0.6167217
1252,-0.6167217,0.14315798336451485,-0.6167217
1253,-0.6167217,0.14315798336451485,-0.6167217
1254,0.6167217,0.17066994195579563,0.6167217
1255,0.6167217,0.20960789250051878,0.6167217
1256,0.6167217,0.20960789250051878,0.6167217
1257,0.71970963,0.4016200580137063,0.71970963
1258,-0.6427387,-0.3066508874895223,-0.6427387
1259,-0.6427387,-0.15898399133403798,-0.6427387
1260,0.6552981,0.35568094154684515,0.6552981
1261,-0.6462535,-0.01983509778916432,-0.6462535
1262,-0.6462535,-0.01983509778916432,-0.6462535
1263,0.7094186,0.2634479145827198,0.7094186
1264,0.7094186,0.2634479145827198,0.7094186
1265,-0.7094186,-0.3136938102745375,-0.7094186
1266,-0.7094186,-0.3136938102745375,-0.7094186
1267,-0.7094186,-0.3136938102745375,-0.7094186
1268,-0.7094186,-0.3136938102745375,-0.7094186
1269,-0.7094186,-0.3136938102745375,-0.7094186
1270,-0.7094186,-0.3136938102745375,-0.7094186
1271,-0.7094186,-0.3136938102745375,-0.7094186
1272,0.6294499,0.3031795127921502,0.6294499
1273,-0.7641471,-0.23579174982025483,-0.7641471
1274,-0.65228957,-0.018371954101548755,-0.65228957
1275,0.7234702,0.196917928495383,0.7234702
1276,0.723296,0.1657315812442869,0.723296
1277,0.723296,0.4432615934934507,0.723296
1278,0.723296,0.4432615934934507,0.723296
1279,0.723296,0.4432615934934507,0.723296
1280,0.723296,0.4432615934934507,0.723296
1281,0.723296,0.4432615934934507,0.723296
1282,0.723296,0.4432615934934507,0.723296
1283,0.723296,0.4432615934934507,0.723296
1284,0.723296,0.4432615934934507,0.723296
1285,0.723296,0.4432615934934507,0.723296
1286,0.723296,0.4432615934934507,0.723296
1287,-0.723296,-0.40906407414947477,-0.723296
1288,-0.723296,-0.40906407414947477,-0.723296
1289,-0.723296,-0.40906407414947477,-0.723296
1290,-0.6178633,0.054183292986396216,-0.6178633
1291,-0.6178633,0.03418737655271204,-0.6178633
1292,-0.6178633,0.03418737655271204,-0.6178633
1293,-0.6178633,0.03418737655271204,-0.6178633
1294,-0.6178633,0.03418737655271204,-0.6178633
1295,-0.6178633,0.03418737655271204,-0.6178633
1296,-0.6178633,0.054183292986396216,-0.6178633
1297,-0.6178633,0.03418737655271204,-0.6178633
1298,-0.6178633,0.03418737655271204,-0.6178633
1299,-0.6178633,0.03418737655271204,-0.6178633
1300,-0.6178633,0.03418737655271204,-0.6178633
1301,0.73969954,0.29350359232806866,0.73969954
1302,-0.6730688,-0.11346917762371031,-0.6730688
1303,-0.68835044,-0.13067820528220395,-0.68835044
1304,0.68481416,0.19878061234677594,0.68481416
1305,0.7462596,0.23416712352858107,0.7462596
1306,0.7462596,0.25058820900435547,0.7462596
1307,0.68278354,0.30650949450962534,0.68278354
1308,-0.5922539,0.06870178212569274,-0.5922539
1309,-0.6530346,-0.21589763176899612,-0.6530346
1310,-0.6530346,-0.01979420294923626,-0.6530346
1311,-0.74981797,-0.27833532703307745,-0.74981797
1312,-0.6489015,-0.1565964699682122,-0.6489015
1313,0.6530817,0.35425687076749507,0.6530817
1314,-0.5917204,0.09342706717880875,-0.5917204
1315,0.5917204,0.10402520284708636,0.5917204
1316,0.5917204,0.10402520284708636,0.5917204
1317,0.5917204,0.10402520284708636,0.5917204
1318,0.5917204,0.10402520284708636,0.5917204
1319,-0.64574796,0.025462759400662758,-0.64574796
1320,-0.64574796,-0.10560784208388165,-0.64574796
1321,-0.64574796,-0.10560784208388165,-0.64574796
1322,-0.65699816,-0.17132205190000788,-0.65699816
1323,0.65699816,0.35573274025951035,0.65699816
1324,0.60591304,0.18592249799328844,0.60591304
1325,-0.60591304,-0.022109763970307113,-0.60591304
1326,-0.60533965,0.33872066088735275,-0.60533965
1327,-0.60533965,0.15268092294577046,-0.60533965
1328,-0.69408065,0.04077417845570507,-0.69408065
1329,-0.69408065,0.04077417845570507,-0.69408065
1330,-0.63902783,-0.039123653421223495,-0.63902783
1331,0.65977025,0.2683315420830434,0.65977025
1332,0.5895015,-0.02198023080393619,0.5895015
1333,-0.61062896,0.05510997350242453,-0.61062896
1334,0.6696924,0.08631522163753877,0.6696924
1335,0.6696924,0.08631522163753877,0.6696924
1336,-0.70732623,-0.1440006974224716,-0.70732623
1337,-0.70732623,-0.1440006974224716,-0.70732623
1338,-0.7568964,-0.3329899420162922,-0.7568964
1339,-0.7568964,-0.3329899420162922,-0.7568964
1340,0.68090534,0.2598080634008833,0.68090534
1341,0.68090534,0.2598080634008833,0.68090534
1342,0.72344446,0.10176348986234182,0.72344446
1343,0.72344446,0.10176348986234182,0.72344446
1344,0.72344446,0.10176348986234182,0.72344446
1345,0.72344446,0.10176348986234182,0.72344446
1346,0.72344446,0.09659472125855229,0.72344446
1347,0.72344446,0.10176348986234182,0.72344446
1348,-0.7194379,-0.12148026322591153,-0.7194379
1349,-0.7194379,-0.12148026322591153,-0.7194379
1350,-0.7194379,-0.12148026322591153,-0.7194379
1351,-0.7194379,-0.12148026322591153,-0.7194379
1352,-0.7194379,-0.12148026322591153,-0.7194379
1353,-0.7194379,-0.1160826763773099,-0.7194379
1354,-0.7194379,-0.12148026322591153,-0.7194379
1355,0.72062767,0.2885797840331912,0.72062767
1356,0.5899405,-0.009962976151323251,0.5899405
1357,0.5899405,-0.009962976151323251,0.5899405
1358,-0.63479865,-0.5119921502542083,-0.63479865
1359,0.7104217,0.1683970572399926,0.7104217
1360,-0.6268262,-0.1859486923607346,-0.6268262
1361,0.6406609,0.11651174424629149,0.6406609
1362,0.8720161,0.23321432858713553,0.8720161
1363,0.8720161,0.2592932529815615,0.8720161
1364,0.8720161,0.2592932529815615,0.8720161
1365,-0.76543534,-0.322769901360917,-0.76543534
1366,-0.76543534,-0.322769901360917,-0.76543534
1367,0.58996135,0.19187841777727124,0.58996135
1368,-0.6511692,-0.06168795134860086,-0.6511692
1369,0.59436464,0.12571258149903838,0.59436464
1370,-0.72079045,-0.31900055247526937,-0.72079045
1371,-0.72079045,-0.31900055247526937,-0.72079045
1372,-0.62630093,-0.03956027864107181,-0.62630093
1373,-0.7143997,-0.35214906813787644,-0.7143997
1374,-0.7143997,-0.35214906813787644,-0.7143997
1375,0.62624294,0.19591934777675774,0.62624294
1376,0.62624294,0.19591934777675774,0.62624294
1377,0.71709347,0.31754143838467663,0.71709347
1378,0.7190804,0.4811866971351357,0.7190804
1379,-0.7072546,-0.5123785318197484,-0.7072546
1380,-0.7072546,-0.2166129512679141,-0.7072546
1381,-0.6188885,-0.06239773962101693,-0.6188885
1382,-0.6188885,-0.06239773962101693,-0.6188885
1383,-0.6188885,-0.06239773962101693,-0.6188885
1384,-0.6188885,-0.06239773962101693,-0.6188885
1385,-0.6188885,-0.06239773962101693,-0.6188885
1386,-0.6188885,-0.06239773962101693,-0.6188885
1387,-0.6188885,-0.06239773962101693,-0.6188885
1388,-0.6188885,-0.06239773962101693,-0.6188885
1389,-0.6188885,-0.06239773962101693,-0.6188885
1390,-0.6188885,-0.06239773962101693,-0.6188885
1391,0.6188784,0.06914119495199404,0.6188784
1392,0.6188784,0.06914119495199404,0.6188784
1393,0.6188784,0.06914119495199404,0.6188784
1394,0.49564925,0.15090335100304628,0.49564925
1395,0.6656224,0.23633623393720316,0.6656224
1396,0.6574558,0.18461187005436583,0.6574558
1397,0.6455874,0.2221571019937345,0.6455874
1398,-0.6456449,-0.1199968475946049,-0.6456449
1399,-0.6456449,-0.1199968475946049,-0.6456449
1400,-0.66560364,-0.1868181424713353,-0.66560364
1401,-0.66560364,-0.1868181424713353,-0.66560364
1402,-0.66560364,-0.1868181424713353,-0.66560364
1403,0.654917,0.3003502891579949,0.654917
1404,-0.6456277,-0.03940367650946611,-0.6456277
1405,-0.6456277,0.051207955998875225,-0.6456277
1406,-0.6456277,0.051207955998875225,-0.6456277
1407,-0.6456277,0.051207955998875225,-0.6456277
1408,-0.6574523,-0.09849497528069151,-0.6574523
1409,-0.6574523,-0.09849497528069151,-0.6574523
1410,-0.6574523,-0.09849497528069151,-0.6574523
1411,-0.6574523,-0.09849497528069151,-0.6574523
1412,0.6656224,0.1895410964817991,0.6656224
1413,0.6574558,0.21801779734125426,0.6574558
1414,-0.64118934,0.08526056732952689,-0.64118934
1415,0.6330538,0.07315902744859819,0.6330538
1416,-0.6180964,0.0123214161149023,-0.6180964
1417,-0.6180964,0.0123214161149023,-0.6180964
1418,0.7540873,0.18858328518160664,0.7540873
1419,-0.7353051,-0.3240559484120266,-0.7353051
1420,-0.67553633,-0.10131262311609099,-0.67553633
1421,0.7015372,0.22213445932628936,0.7015372
1422,-0.6111335,-0.006209007015402489,-0.6111335
1423,0.57151604,0.00733992144291494,0.57151604
1424,-0.71794736,-0.19585926184234828,-0.71794736
1425,0.7214142,0.046066373739061486,0.7214142
1426,0.7214142,0.046066373739061486,0.7214142
1427,0.7214142,0.046066373739061486,0.7214142
1428,-0.7214135,-0.24718548350389102,-0.7214135
1429,-0.7214135,-0.24718548350389102,-0.7214135
1430,-0.7214135,-0.24718548350389102,-0.7214135
1431,-0.7214135,-0.24718548350389102,-0.7214135
1432,-0.7214135,-0.24718548350389102,-0.7214135
1433,-0.7214135,-0.24718548350389102,-0.7214135
1434,0.61827016,0.0812196652401492,0.61827016
1435,-0.7248793,-0.36400408485773705,-0.7248793
1436,-0.7248793,-0.36400408485773705,-0.7248793
1437,0.6746756,0.02841707248863006,0.6746756
1438,0.6746756,0.02841707248863006,0.6746756
1439,-0.72150743,-0.15302448363128993,-0.72150743
1440,-0.72150743,-0.15302448363128993,-0.72150743
1441,-0.6184981,-0.021672322305637294,-0.6184981
1442,0.6184981,0.10184090246180806,0.6184981
1443,-0.7151363,-0.49575651285744715,-0.7151363
1444,0.71685255,0.4763810271209279,0.71685255
1445,0.7151327,0.23844862461747707,0.7151327
1446,-0.87355953,-0.09922238223306873,-0.87355953
1447,0.8250341,0.15466639127369297,0.8250341
1448,-0.7632184,-0.22740159642635605,-0.7632184
1449,0.76321876,0.24010028267862554,0.76321876
1450,-0.7268039,-0.2547116220268509,-0.7268039
1451,-0.7191644,-0.35036550665818256,-0.7191644
1452,-0.7191644,-0.35036550665818256,-0.7191644
1453,-0.7191644,-0.4627404894998618,-0.7191644
1454,-0.7191644,-0.35036550665818256,-0.7191644
1455,-0.7191644,-0.35036550665818256,-0.7191644
1456,-0.7191644,-0.35036550665818256,-0.7191644
1457,-0.7191644,-0.35036550665818256,-0.7191644
1458,-0.7259384,-0.2529952889102804,-0.7259384
1459,-0.7259384,-0.2529952889102804,-0.7259384
1460,-0.62639004,-0.14046484881067972,-0.62639004
1461,0.62639004,0.08485555347130626,0.62639004
1462,0.62639004,0.08485555347130626,0.62639004
1463,-0.7302725,-0.4291119823292626,-0.7302725
1464,-0.7302725,-0.4291119823292626,-0.7302725
1465,-0.7302725,-0.38457838741537664,-0.7302725
1466,-0.7302725,-0.38457838741537664,-0.7302725
1467,-0.7302725,-0.38457838741537664,-0.7302725
1468,0.7304069,0.2029002302070249,0.7304069
1469,0.6057005,0.11004559890187648,0.6057005
1470,-0.56703335,0.1261049765565036,-0.56703335
1471,-0.80906814,-0.4186280712316215,-0.80906814
1472,-0.80906814,-0.4186280712316215,-0.80906814
1473,-0.80906814,-0.4186280712316215,-0.80906814
1474,-0.80906814,-0.4186280712316215,-0.80906814
1475,-0.80906814,-0.4186280712316215,-0.80906814
1476,-0.80906814,-0.4186280712316215,-0.80906814
1477,-0.80906814,-0.4186280712316215,-0.80906814
1478,-0.6536496,0.03452042955095596,-0.6536496
1479,0.6602426,0.11700355179463381,0.6602426
1480,0.645313,0.2115444505102046,0.645313
1481,-0.60361886,-0.01543144920815626,-0.60361886
1482,-0.6574194,-0.18300648006485618,-0.6574194
1483,0.60602707,0.10553309102228689,0.60602707
1484,0.6903107,0.22294691609457043,0.6903107
1485,0.76169753,0.13406530867989652,0.76169753
1486,-0.6028326,0.2402440653159186,-0.6028326
1487,-0.5521841,0.04900571202979746,-0.5521841
1488,0.66069156,0.11150496429118537,0.66069156
1489,0.7578794,0.02887589392889051,0.7578794
1490,0.7578794,0.02887589392889051,0.7578794
1491,0.7578794,0.02887589392889051,0.7578794
1492,0.7578794,0.02887589392889051,0.7578794
1493,0.7578794,0.02887589392889051,0.7578794
1494,-0.76117426,-0.10382944989889248,-0.76117426
1495,-0.76117426,-0.10382944989889248,-0.76117426
1496,-0.76117426,-0.10382944989889248,-0.76117426
1497,-0.76117426,-0.10382944989889248,-0.76117426
1498,-0.76117426,-0.10382944989889248,-0.76117426
1499,-0.7173329,-0.3080635584798765,-0.7173329
1500,-0.7213729,-0.0997660432214506,-0.7213729
1501,-0.52379483,0.0775605858995633,-0.52379483
1502,0.5682174,0.13100319384356185,0.5682174
1503,-0.6246341,-0.06401654688479656,-0.6246341
1504,0.7109031,0.2540063200153322,0.7109031
1505,-0.71078825,-0.25712803187071465,-0.71078825
1506,-0.71078825,-0.25712803187071465,-0.71078825
1507,-0.71078825,-0.12079869454739812,-0.71078825
1508,0.71079177,0.24640228473964776,0.71079177
1509,-0.721617,-0.055337547363906316,-0.721617
1510,-0.73117787,-0.23386602487178892,-0.73117787
1511,0.5923474,0.1423037867031938,0.5923474
1512,-0.6483887,-0.030653694617375108,-0.6483887
1513,-0.64740926,-0.10973353182048604,-0.64740926
1514,-0.64740926,-0.10973353182048604,-0.64740926
1515,-0.64740926,-0.10973353182048604,-0.64740926
1516,-0.6033926,0.11170042376034087,-0.6033926
1517,0.6449318,0.15304893082704943,0.6449318
1518,0.60772204,0.08711913602803892,0.60772204
1519,-0.59695977,0.012840341463467284,-0.59695977
1520,-0.77123356,-0.4433270040975032,-0.77123356
1521,0.5962296,0.08685751614699917,0.5962296
1522,-0.57249475,0.3108804769308542,-0.57249475
1523,0.7187292,0.15613444120513226,0.7187292
1524,0.6750173,0.024072144753741254,0.6750173
1525,-0.64552444,0.010937131823016581,-0.64552444
1526,-0.64552444,0.010937131823016581,-0.64552444
1527,-0.64552444,-0.030056524084299947,-0.64552444
1528,-0.64552444,-0.21178263293041272,-0.64552444
1529,-0.64552444,0.010937131823016581,-0.64552444
1530,-0.64552444,0.010937131823016581,-0.64552444
1531,-0.64552444,-0.21178263293041272,-0.64552444
1532,0.65853095,0.18210303750261178,0.65853095
1533,0.65853095,0.10554949488191508,0.65853095
1534,0.6330007,0.03230976009451148,0.6330007
1535,-0.6171971,0.08848218003975825,-0.6171971
1536,-0.6171971,0.08848218003975825,-0.6171971
1537,0.6751122,0.040691164352203886,0.6751122
1538,-0.70137364,-0.19913441139073626,-0.70137364
1539,0.7237868,0.20466298814880207,0.7237868
1540,-0.6236079,-0.002350895784273796,-0.6236079
1541,-0.6236079,-0.002350895784273796,-0.6236079
1542,0.64339596,0.14131310129951363,0.64339596
1543,0.64339596,0.14131310129951363,0.64339596
1544,-0.7155569,-0.2563590305242032,-0.7155569
1545,-0.7155569,-0.2563590305242032,-0.7155569
1546,0.6170097,0.08376423506068166,0.6170097
1547,-0.631737,0.037625060428492604,-0.631737
1548,-0.7161025,-0.22693350174773777,-0.7161025
1549,0.6726608,0.025432091075754407,0.6726608
1550,0.5504506,0.10272583788212497,0.5504506
1551,0.7191928,0.05114820096273895,0.7191928
1552,0.65525633,0.09789065649396872,0.65525633
1553,0.6268365,0.018873176513060502,0.6268365
1554,-0.6268365,-0.11895361969986233,-0.6268365
1555,-0.6268365,-0.039509980965051074,-0.6268365
1556,0.6268365,0.07098308313099336,0.6268365
1557,0.6268365,0.018873176513060502,0.6268365
1558,0.62059146,0.09087250555465155,0.62059146
1559,0.62059146,0.09087250555465155,0.62059146
1560,0.6237704,0.03398890472068257,0.6237704
1561,-0.6404381,-0.027477367504089235,-0.6404381
1562,0.65909535,0.05761403663939276,0.65909535
1563,-0.637645,-0.358467492755408,-0.637645
1564,0.7162644,0.19842575507154908,0.7162644
1565,-0.71056956,-0.20300047109130745,-0.71056956
1566,-0.71056956,-0.20300047109130745,-0.71056956
1567,-0.71056956,-0.20300047109130745,-0.71056956
1568,-0.71056956,-0.20300047109130745,-0.71056956
1569,-0.71056956,-0.20300047109130745,-0.71056956
1570,-0.72999245,-0.3597741779818615,-0.72999245
1571,-0.72999245,-0.3597741779818615,-0.72999245
1572,0.69517124,0.17660003606770772,0.69517124
1573,-0.6951692,-0.1981262418762877,-0.6951692
1574,0.75306636,0.3833941033255277,0.75306636
1575,0.6360033,0.11222216422045155,0.6360033
1576,-0.69956946,-0.3062843445779608,-0.69956946
1577,0.68732417,0.10937125102392097,0.68732417
1578,0.68732417,0.10937125102392097,0.68732417
1579,0.68732417,0.10937125102392097,0.68732417
1580,-0.68548185,-0.05505281323297548,-0.68548185
1581,-0.68548185,-0.05505281323297548,-0.68548185
1582,-0.68548185,-0.05505281323297548,-0.68548185
1583,0.6381173,0.1816897946395668,0.6381173
1584,-0.78699905,-0.19324681337650218,-0.78699905
1585,0.6723402,0.02612631186124806,0.6723402
1586,0.5559451,0.0487228902660201,0.5559451
1587,0.9639174,0.17941377049987187,0.9639174
1588,0.5937436,-0.07885680826120184,0.5937436
1589,0.4989748,0.12626602555300334,0.4989748
1590,0.60754544,0.09173508577836176,0.60754544
1591,0.60754544,0.09173508577836176,0.60754544
1592,0.60167307,0.10980851065358864,0.60167307
1593,-0.6964646,-0.22714096319682653,-0.6964646
1594,0.6322893,0.10950126425473942,0.6322893
1595,-0.64167196,0.03324170331043414,-0.64167196
1596,-0.64167196,0.03324170331043414,-0.64167196
1597,0.6591531,0.1648323546516585,0.6591531
1598,-0.66408765,-0.1336417730315155,-0.66408765
1599,-0.6397856,-0.10686539032301261,-0.6397856
1600,-0.7190341,-0.21785059993734313,-0.7190341
1601,-0.75649184,-0.19621077378728252,-0.75649184
1602,-0.75649184,-0.19621077378728252,-0.75649184
1603,-0.709824,-0.17945373971166936,-0.709824
1604,0.7081744,0.25890127419592907,0.7081744
1605,0.68258667,0.08825139347029495,0.68258667
1606,-0.58860976,0.08138844350951871,-0.58860976
1607,0.63692063,0.014290298304765598,0.63692063
1608,0.7285763,0.14932452214180844,0.7285763
1609,-0.8139611,-0.41871720783536276,-0.8139611
1610,0.67855525,0.057044208388871004,0.67855525
1611,-0.8060381,-0.03566563003162604,-0.8060381
1612,0.6150191,0.09476059788753421,0.6150191
1613,-0.1583022,0.02271938729805357,-0.1583022
1614,-0.6998303,-0.18133312784730585,-0.6998303
1615,0.6154296,-0.03169363451316313,0.6154296
1616,-0.6239893,0.02409577703141691,-0.6239893
1617,0.6329666,0.04282135314218048,0.6329666
1618,-0.656113,-0.11227937140662336,-0.656113
1619,-0.7766405,-0.1608810475499137,-0.7766405
1620,0.5537772,0.13906927043616343,0.5537772
1621,0.6857105,0.22711658734876455,0.6857105
1622,-0.77466035,-0.21387379279524688,-0.77466035
1623,-0.75662774,-0.33884593982309485,-0.75662774
1624,-0.63767225,-0.00823028335316866,-0.63767225
1625,-0.61532444,0.11781888981826892,-0.61532444
1626,0.6352057,0.15831890928342732,0.6352057
1627,-0.5528221,0.07460647776817218,-0.5528221
1628,-0.6593315,-0.09827809891723208,-0.6593315
1629,0.62933934,0.03346690356468487,0.62933934
1630,0.67555445,0.041987002270700895,0.67555445
1631,0.674934,0.04911505426182516,0.674934
1632,0.700635,0.11553388812030611,0.700635
1633,-0.7595113,-0.19958417934021608,-0.7595113
1634,-0.6411561,0.06980840025294793,-0.6411561
1635,0.6371313,0.021745530393408073,0.6371313
1636,0.7268243,0.1388833763155597,0.7268243
1637,0.49353218,-0.03854960068781622,0.49353218
1638,-0.64338654,-0.05960322843181513,-0.64338654
1639,0.63086605,0.026233021023525444,0.63086605
1640,0.64490443,0.1515650485502515,0.64490443
1641,-0.729326,-0.200232015780631,-0.729326
1642,0.7153054,0.2863349947959998,0.7153054
1643,-0.6351788,0.10076443696578666,-0.6351788
1644,0.6300452,0.05555307247422338,0.6300452
1645,0.6300452,0.05555307247422338,0.6300452
1646,0.62886745,0.10643666227685765,0.62886745
1647,0.62886745,0.10643666227685765,0.62886745
1648,0.62886745,0.10643666227685765,0.62886745
1649,0.62886745,0.10643666227685765,0.62886745
1650,0.62886745,0.10643666227685765,0.62886745
1651,0.62886745,0.10643666227685765,0.62886745
1652,0.62886745,0.10643666227685765,0.62886745
1653,0.62886745,0.10643666227685765,0.62886745
1654,-0.7189792,-0.3081432805197812,-0.7189792
1655,-0.0604047,0.05847249898149155,-0.0604047
1656,0.5937489,-0.14137820246778057,0.5937489
1657,-0.76984197,-0.2692941122110871,-0.76984197
1658,-0.7726753,-0.09830064488252957,-0.7726753
1659,-0.65204656,-0.04127497696886643,-0.65204656
1660,-0.63936573,-0.008594862613196958,-0.63936573
1661,0.116089664,0.0664351164799438,0.116089664
1662,0.029062575,0.09641819528175623,0.029062575
1663,0.03820183,0.03526683195352587,0.03820183
1664,-0.659151,-0.0031039389154533742,-0.659151
1665,-0.6570638,-0.07683917645636831,-0.6570638
1666,-0.73040587,-0.2035584778974782,-0.73040587
1667,0.7199927,0.16445843145882183,0.7199927
1668,-0.6263844,-0.02030366247707723,-0.6263844
1669,0.6783545,0.1229661402725708,0.6783545
1670,0.6708302,0.15740727021027456,0.6708302
1671,-0.7657322,-0.1450510765585487,-0.7657322
1672,-0.6514419,-0.0087040377639927,-0.6514419
1673,0.628237,0.08355677376511099,0.628237
1674,0.69712424,0.0666342533770842,0.69712424
1675,-0.61678725,-0.030062087607446962,-0.61678725
1676,-0.73057353,-0.34337122655758645,-0.73057353
1677,-0.64703,-0.0015514769378293753,-0.64703
1678,0.7104709,0.30081821431531924,0.7104709
1679,-0.6343374,0.09015315753119843,-0.6343374
1680,0.195708,-0.006428482046419174,0.195708
1681,0.68161,0.14710341671882185,0.68161
1682,0.6396946,0.06883457884949272,0.6396946
1683,-0.7362809,-0.4050826787463648,-0.7362809
1684,0.72021514,0.1314075821804621,0.72021514
1685,0.6200708,0.11950528100355069,0.6200708
1686,-0.75611246,-0.21883448456164847,-0.75611246
1687,-0.62243295,-0.050699133978605725,-0.62243295
1688,0.71242213,0.10625620996102005,0.71242213
1689,-0.78542006,-0.03958874988517314,-0.78542006
1690,-0.7777185,-0.24177971981740365,-0.7777185
1691,0.018830076,0.0003184627028490275,0.018830076
1692,-0.7052295,-0.2906783578053614,-0.7052295
1693,-0.63265496,-0.03715937621960302,-0.63265496
1694,0.6400084,0.14823224132118984,0.6400084
1695,-0.6399819,-0.06589711433530841,-0.6399819
1696,0.63529277,0.011030334266791455,0.63529277
1697,0.7246067,0.13044381743647018,0.7246067
1698,-0.64719534,0.06661399577660455,-0.64719534
1699,0.8286616,0.12149070721273147,0.8286616
1700,-0.69054276,-0.19590879123977964,-0.69054276
1701,0.571333,0.09839658045247685,0.571333
1702,0.7301069,0.31243648464755974,0.7301069
1703,-0.6923407,0.051265095296997694,-0.6923407
1704,0.7483538,0.25922476531975286,0.7483538
1705,-0.7145,-0.34890859448445916,-0.7145
1706,0.71237934,0.13620352010874637,0.71237934
1707,0.5297247,0.015940543741593483,0.5297247
1708,-0.8414378,-0.047406760353003286,-0.8414378
1709,0.64564395,0.12594504285404828,0.64564395
1710,0.6596971,0.11669016803680536,0.6596971
1711,-0.5194646,0.09665757852775125,-0.5194646
1712,0.8132294,0.0544969286641182,0.8132294
1713,0.7136085,0.07609708178076216,0.7136085
1714,-0.6408412,0.05205687507672749,-0.6408412
1715,0.6529148,0.07963452806807801,0.6529148
1716,-0.74083376,-0.1136051774538027,-0.74083376
1717,-0.6199202,0.06011170789379348,-0.6199202
1718,0.7129804,-0.096862491034877,0.7129804
1719,0.7129506,0.1757332727449606,0.7129506
1720,-0.708783,-0.32077775651345325,-0.708783
1721,-0.7055979,-0.22208959750810406,-0.7055979
1722,-0.7055979,-0.22208959750810406,-0.7055979
1723,-0.7055979,-0.22208959750810406,-0.7055979
1724,-0.7055979,-0.22208959750810406,-0.7055979
1725,-0.7055979,-0.22208959750810406,-0.7055979
1726,-0.6666884,0.027537877322063184,-0.6666884
1727,0.66031724,0.17788474485037364,0.66031724
1728,-0.6608852,-0.035299748555700367,-0.6608852
1729,0.6456199,0.04334350531640926,0.6456199
1730,0.73160017,0.08689014465720553,0.73160017
1731,-0.62676466,0.06590069603944489,-0.62676466
1732,-0.6498869,-0.05486772512744008,-0.6498869
1733,0.6474406,0.040103293455948257,0.6474406
1734,0.6474406,0.040103293455948257,0.6474406
1735,0.6474406,0.040103293455948257,0.6474406
1736,0.6474406,0.040103293455948257,0.6474406
1737,-0.581431,0.0038901779626050667,-0.581431
1738,0.06620983,0.11012945657849213,0.06620983
1739,-0.74842405,-0.1412765534830037,-0.74842405
1740,-0.19668317,0.09633280108388549,-0.19668317
1741,0.63200164,0.029720373195892713,0.63200164
1742,-0.63324803,-0.057742825801698316,-0.63324803
1743,-0.7734573,-0.22881429407990905,-0.7734573
1744,-0.66219753,-0.12599500599408792,-0.66219753
1745,0.5162283,0.07725337719884275,0.5162283
1746,-0.8339023,-0.25184744368541806,-0.8339023
1747,-0.8339023,-0.5290741191672677,-0.8339023
1748,-0.7296204,-0.23053003846912165,-0.7296204
1749,-0.6947603,-0.10538660431367837,-0.6947603
1750,-0.6673878,-0.019477887915620398,-0.6673878
1751,-0.6673878,-0.019477887915620398,-0.6673878
1752,0.6305056,-0.032848421216053164,0.6305056
1753,0.6305056,-0.032848421216053164,0.6305056
1754,-0.8535967,-0.01708713605589239,-0.8535967
1755,0.85032547,0.053991091714205984,0.85032547
1756,0.6637214,0.12771923054813583,0.6637214
1757,-0.8232513,-0.1894617405192296,-0.8232513
1758,-0.8232513,-0.1894617405192296,-0.8232513
1759,0.08761544,0.030566716503352864,0.08761544
1760,-0.628777,0.00762098359955307,-0.628777
1761,0.64724296,0.1082345536860297,0.64724296
1762,-0.62613326,0.013048448391195776,-0.62613326
1763,0.59711105,0.13511435244294223,0.59711105
1764,0.59711105,0.13511435244294223,0.59711105
1765,0.59711105,0.13511435244294223,0.59711105
1766,-0.7084612,-0.21062783389032644,-0.7084612
1767,0.15014414,0.07609186294184181,0.15014414
1768,-0.3557239,0.04545224841086425,-0.3557239
1769,0.5312278,0.09000529671715822,0.5312278
1770,-0.71550506,-0.4269983678343409,-0.71550506
1771,-0.7761271,-0.1975939346352475,-0.7761271
1772,0.5745185,0.05306985363271108,0.5745185
1773,-0.6493817,0.03006380011534778,-0.6493817
1774,0.62291276,0.01432943216912744,0.62291276
1775,0.3392582,0.057991717253000244,0.3392582
1776,0.6592452,0.19693218631177947,0.6592452
1777,-0.720164,-0.2531453464378246,-0.720164
1778,-0.72676635,-0.17631115225912206,-0.72676635
1779,0.11170679,0.08450655543179031,0.11170679
1780,0.48732722,-0.004719715224988006,0.48732722
1781,0.8621215,-0.014227141198481752,0.8621215
1782,0.82161754,0.15693464808078691,0.82161754
1783,0.6575349,0.07947309083091658,0.6575349
1784,0.702758,0.11679968665042129,0.702758
1785,-0.7183925,-0.2329307872177539,-0.7183925
1786,-0.71250886,-0.26762011115975987,-0.71250886
1787,-0.5654292,0.07583539363201607,-0.5654292
1788,0.10375192,0.06049819616946023,0.10375192
1789,0.68836707,0.1891564784365122,0.68836707
1790,0.68836707,0.22027338206390118,0.68836707
1791,0.71260816,0.07952081645907749,0.71260816
1792,-0.71192986,-0.18543651855892443,-0.71192986
1793,-0.7418674,-0.09700279426705594,-0.7418674
1794,0.7331118,0.2148012489856952,0.7331118
1795,-0.88987,-0.5800431974326097,-0.88987
1796,-0.7775453,-0.2099461122344863,-0.7775453
1797,0.64980334,0.21809935689260812,0.64980334
1798,0.7301882,0.07920910009645127,0.7301882
1799,0.6727578,0.07394223709497678,0.6727578
1800,-0.4539822,0.02832098056261203,-0.4539822
1801,-0.63286495,-0.054718558542952433,-0.63286495
1802,0.89201766,-0.42219349606328305,0.89201766
1803,0.7010609,0.08641767610845444,0.7010609
1804,-0.7698334,-0.20606232477633762,-0.7698334
1805,-0.75825256,-0.20444539653173374,-0.75825256
1806,-0.92736226,-0.2637342153005518,-0.92736226
1807,0.20155035,-0.08086241973050995,0.20155035
1808,-0.64167506,0.07609729143880838,-0.64167506
1809,0.64956737,0.1485613061009846,0.64956737
1810,0.7141144,0.3481745837119486,0.7141144
1811,-0.6233616,-0.0029026571630996947,-0.6233616
1812,-0.731467,-0.21686854426963845,-0.731467
1813,0.8098113,0.19917824880251847,0.8098113
1814,-0.75584525,-0.14557423205902117,-0.75584525
1815,0.7133828,0.2277349739650498,0.7133828
1816,-0.7134075,-0.3847206812680797,-0.7134075
1817,-0.6268787,-0.004949526175378976,-0.6268787
1818,0.74951786,0.20696101920309073,0.74951786
1819,-0.7195768,-0.26080933312165977,-0.7195768
1820,0.71827626,0.096850857693343,0.71827626
1821,0.83261913,-0.012711210356118077,0.83261913
1822,0.0053345934,0.0903553435094247,0.0053345934
1823,0.7457145,0.10551691286806192,0.7457145
1824,-0.107654855,-0.02018968614575235,-0.107654855
1825,-0.682663,0.020479159313084222,-0.682663
1826,-0.6311942,0.06732519237202264,-0.6311942
1827,0.65470004,0.03587234005753916,0.65470004
1828,0.6405454,0.12192612988454131,0.6405454
1829,0.6405454,0.12192612988454131,0.6405454
1830,-0.7196627,-0.2514610154208928,-0.7196627
1831,0.81782776,0.04884216632034522,0.81782776
1832,-0.7296229,-0.10341378121813087,-0.7296229
1833,-0.72400737,-0.1645462653577752,-0.72400737
1834,0.12831621,0.06961668004301827,0.12831621
1835,-0.6917331,0.04872807885741537,-0.6917331
1836,-0.5639299,-0.03416593863441611,-0.5639299
1837,-0.7087352,-0.27176884856918454,-0.7087352
1838,-0.7200667,-0.2538207824527236,-0.7200667
1839,0.11516753,0.055454542412559614,0.11516753
1840,-0.6617124,-0.10014827713597294,-0.6617124
1841,-0.78510547,-0.22472638582005533,-0.78510547
1842,0.62804353,0.1750524704520896,0.62804353
1843,-0.0509944,0.0262654270026646,-0.0509944
1844,-0.72504705,-0.24585404280754403,-0.72504705
1845,-0.72478086,-0.15267003855860936,-0.72478086
1846,-0.6226499,0.02622551192301853,-0.6226499
1847,0.72286814,0.16187832555759443,0.72286814
1848,-0.77698404,-0.09628610524988489,-0.77698404
1849,0.73264223,-0.04006483069376176,0.73264223
1850,0.73264223,-0.04006483069376176,0.73264223
1851,-0.73264223,-0.03327502388464774,-0.73264223
1852,-0.65770227,0.10638731806199075,-0.65770227
1853,-0.65770227,0.10638731806199075,-0.65770227
1854,-0.7214482,-0.2607139545501191,-0.7214482
1855,-0.685247,0.025270301833359925,-0.685247
1856,0.7091119,0.05943983347124522,0.7091119
1857,0.7241647,0.09495392686940354,0.7241647
1858,0.39492795,0.06798825584634666,0.39492795
1859,-0.7351374,-0.18951314923146098,-0.7351374
1860,-0.7151254,-0.3077897232936738,-0.7151254
1861,0.73065484,0.11543580737109932,0.73065484
1862,-0.7315361,-0.29230125420040515,-0.7315361
1863,0.71783274,0.18830981884982415,0.71783274
1864,-0.6312022,0.07531727260795919,-0.6312022
1865,-0.7056126,-0.07804483955308772,-0.7056126
1866,-0.7056126,-0.07804483955308772,-0.7056126
1867,0.88626224,0.10451857948435037,0.88626224
1868,-0.78397,-0.22930272790721493,-0.78397
1869,-0.666941,-0.012007794715943203,-0.666941
1870,-0.666941,-0.012007794715943203,-0.666941
1871,0.62402326,0.0459524371649307,0.62402326
1872,0.62402326,0.0459524371649307,0.62402326
1873,0.7228453,0.12917090967289455,0.7228453
1874,-0.712531,-0.17919216250846307,-0.712531
1875,-0.7350831,-0.1275366527484269,-0.7350831
1876,0.648288,0.09863016404550971,0.648288
1877,-0.6223011,0.07764389640995925,-0.6223011
1878,0.7221052,0.04050379399932905,0.7221052
1879,-0.71277934,-0.14355626457721185,-0.71277934
1880,-0.7143886,-0.13585937169061552,-0.7143886
1881,-0.71171165,-0.16414143805673606,-0.71171165
1882,0.7085476,0.03220851302435781,0.7085476
1883,-0.4993608,0.09583900795083994,-0.4993608
1884,-0.71611774,-0.2167818424372456,-0.71611774
1885,-0.14088021,-0.03580551332632761,-0.14088021
1886,-0.48573494,0.11599589206739959,-0.48573494
1887,-0.48573494,0.11599589206739959,-0.48573494
1888,0.24182147,0.08412127795304328,0.24182147
1889,0.6598471,0.0019060838470981545,0.6598471
1890,-0.6582221,0.04315956135054944,-0.6582221
1891,0.032217696,0.019202752338536737,0.032217696
1892,-0.71841407,-0.26538004205009724,-0.71841407
1893,0.7181969,0.16823397185598712,0.7181969
1894,-0.680437,0.02636980342345948,-0.680437
1895,-0.680437,0.024821278859413577,-0.680437
1896,-0.62894285,-0.002306689382892126,-0.62894285
1897,0.7016607,0.16693755020117906,0.7016607
1898,-0.6271324,0.08266412224613733,-0.6271324
1899,0.63080096,0.011614142259752571,0.63080096
1900,0.64665097,0.15302547922504425,0.64665097
1901,0.6281501,0.11367973541381197,0.6281501
1902,0.67991453,-0.10377052387524571,0.67991453
1903,0.8378106,0.02800002415860935,0.8378106
1904,-0.15730645,0.02078405882480938,-0.15730645
1905,-0.7166177,-0.258871301951452,-0.7166177
1906,-0.5871878,0.07978858098606728,-0.5871878
1907,-0.7184547,-0.17558802785983307,-0.7184547
1908,0.06946867,0.16407943321669832,0.06946867
1909,-0.77628654,-0.393928131105484,-0.77628654
1910,-0.72757244,-0.30331657776258414,-0.72757244
1911,0.7166757,0.3012223776063591,0.7166757
1912,0.86246294,0.3234629987931898,0.86246294
1913,0.8955142,-0.40048329532831034,0.8955142
1914,0.6536921,0.134149310041062,0.6536921
1915,-0.550513,-0.06013460772444992,-0.550513
1916,0.87861115,0.017597946433704048,0.87861115
1917,-0.66664135,0.1090782670269421,-0.66664135
1918,-0.66664135,0.1090782670269421,-0.66664135
1919,0.63014024,0.03721115594593157,0.63014024
1920,-0.87861234,-0.0018126385630817463,-0.87861234
1921,0.7108561,0.10824234813200531,0.7108561
1922,-0.6457771,0.04609335270570599,-0.6457771
1923,0.71280485,0.17043850337033856,0.71280485
1924,-0.6246407,0.042984137496442386,-0.6246407
1925,0.4030746,0.060397850665041046,0.4030746
1926,-0.013801011,0.008784647899823786,-0.013801011
1927,-0.8255205,-0.13109917966051934,-0.8255205
1928,-0.7220522,-0.17187314796642877,-0.7220522
1929,0.7296533,0.3183055534612655,0.7296533
1930,-0.712888,-0.20615554902017277,-0.712888
1931,-0.52514666,0.04044826954263707,-0.52514666
1932,0.6404659,0.04466435745626157,0.6404659
1933,0.73377883,0.06686326596826,0.73377883
1934,-0.7015967,-0.13507583930315364,-0.7015967
1935,-0.82243454,-0.1981636295485075,-0.82243454
1936,-0.82243454,-0.1981636295485075,-0.82243454
1937,-0.86431986,-0.14299086905176303,-0.86431986
1938,-0.86431986,-0.14299086905176303,-0.86431986
1939,-0.90102917,-0.34972442383638397,-0.90102917
1940,-0.90102917,-0.34972442383638397,-0.90102917
1941,0.77959406,0.3006982874848898,0.77959406
1942,-0.20284505,0.09584638140796808,-0.20284505
1943,0.8065109,0.11728891445390817,0.8065109
1944,-0.8153326,-0.15967471278853962,-0.8153326
1945,0.3657487,0.14383172106647038,0.3657487
1946,-0.25926748,0.013312104876852377,-0.25926748
1947,0.73085976,0.0974460168529576,0.73085976
1948,-0.6422543,-0.06691126543712372,-0.6422543
1949,-0.7097965,-0.19533560581834364,-0.7097965
1950,-0.7097965,-0.19533560581834364,-0.7097965
1951,0.6351399,0.02114644813245019,0.6351399
1952,0.6351399,0.02114644813245019,0.6351399
1953,0.64240015,0.14080062308487176,0.64240015
1954,-0.045472108,0.08469856183312967,-0.045472108
1955,-0.7066762,-0.09432923587928971,-0.7066762
1956,-0.7066762,-0.09432923587928971,-0.7066762
1957,0.5363957,0.18861836004243734,0.5363957
1958,0.61886334,0.04480883326084231,0.61886334
1959,-0.7166273,-0.27708674781354586,-0.7166273
1960,0.82309794,0.048840129252897435,0.82309794
1961,-0.045618255,0.08117531079220658,-0.045618255
1962,0.025815038,0.14935824299577447,0.025815038
1963,0.71908456,0.10081487193811227,0.71908456
1964,-0.63158995,0.08968883010208907,-0.63158995
1965,0.62635845,0.02135631897668198,0.62635845
1966,0.84476995,0.2461740351007471,0.84476995
1967,-0.78080165,-0.2328788839861207,-0.78080165
1968,0.782486,0.2832827040954664,0.782486
1969,-0.7422036,-0.14903301117811565,-0.7422036
1970,0.7202186,0.14900693117242828,0.7202186
1971,-0.7163564,-0.294402471091335,-0.7163564
1972,0.71233857,0.1552165458003075,0.71233857
1973,-0.71213454,-0.2053778295396062,-0.71213454
1974,-0.68897927,-0.02743526738009108,-0.68897927
1975,0.68487394,0.07790270916462277,0.68487394
1976,0.57705426,0.0950883662834911,0.57705426
1977,-0.49452248,0.058272957977250385,-0.49452248
1978,0.7914608,0.05408479452024232,0.7914608
1979,0.70115703,0.12233779006265195,0.70115703
1980,-0.6628933,0.003115554321359878,-0.6628933
1981,-0.1552113,0.003060427721305029,-0.1552113
1982,0.64813423,0.12315797181681065,0.64813423
1983,-0.17267984,0.12675761011866601,-0.17267984
1984,0.7402488,0.14991926492346744,0.7402488
1985,0.3705938,0.04443711818309967,0.3705938
1986,-0.706311,0.059050158259231864,-0.706311
1987,-0.70372117,-0.1315493433565645,-0.70372117
1988,-0.70372117,-0.1315493433565645,-0.70372117
1989,-0.7776039,-0.27154826649495856,-0.7776039
1990,0.6826337,0.09136518427440118,0.6826337
1991,-0.6863062,0.11414537793694313,-0.6863062
1992,-0.6863062,0.11414537793694313,-0.6863062
1993,0.69510615,0.06090435064457042,0.69510615
1994,0.69510615,0.06090435064457042,0.69510615
1995,-0.7129576,-0.2019891852277738,-0.7129576
1996,0.0052082674,0.10580353991803378,0.0052082674
1997,0.8582005,0.03343945432168892,0.8582005
1998,0.4709833,0.0753778978493409,0.4709833
1999,-0.059362117,0.15731445622926268,-0.059362117
2000,-0.70151824,-0.07532343871529074,-0.70151824
2001,-0.70151824,-0.07532343871529074,-0.70151824
2002,0.654003,0.0420824041582942,0.654003
2003,-0.8276873,-0.07336657286331896,-0.8276873
2004,-0.8276873,-0.07336657286331896,-0.8276873
2005,0.78397596,0.1802026542394344,0.78397596
2006,-0.55209893,0.08996028962888014,-0.55209893
2007,0.69446665,0.08303336007700093,0.69446665
2008,0.6425605,0.12649705303851067,0.6425605
2009,0.6189408,0.0719022108674281,0.6189408
2010,-0.71654713,-0.06743095948889792,-0.71654713
2011,-0.6557097,0.03545015115765907,-0.6557097
2012,0.65612185,0.10974710167643596,0.65612185
2013,0.18467073,0.0603049981640819,0.18467073
2014,-0.7098132,-0.2574757080501278,-0.7098132
2015,0.71065545,0.11337558759733626,0.71065545
2016,-0.7178669,-0.22624593589168326,-0.7178669
2017,-0.64016116,-0.07719326580521182,-0.64016116
2018,0.7931132,0.15192465900909877,0.7931132
2019,-0.49070483,0.04903751701296689,-0.49070483
2020,-0.35381165,0.00998616816278509,-0.35381165
2021,-0.7114069,-0.14535400435958806,-0.7114069
2022,0.6320448,0.11529689756312776,0.6320448
2023,0.54341567,0.0672623385123174,0.54341567
2024,0.6275329,0.028580919558726818,0.6275329
2025,-0.32431316,0.07356295255064792,-0.32431316
2026,0.6156368,0.08493149087707404,0.6156368
2027,0.73211426,0.19836382201184852,0.73211426
2028,-0.8604269,-0.18444013549423335,-0.8604269
2029,0.7279653,0.0750392779490974,0.7279653
2030,-0.7177581,-0.19179779246392026,-0.7177581
2031,-0.6366688,-0.04612043652316591,-0.6366688
2032,-0.6366688,-0.04612043652316591,-0.6366688
2033,0.7023224,0.10509050192954435,0.7023224
2034,-0.5742301,0.16608239381538456,-0.5742301
2035,-0.7018302,-0.16885775850175477,-0.7018302
2036,0.7784623,0.11966621340211317,0.7784623
2037,-0.17108513,-0.02589185763750719,-0.17108513
2038,0.45115483,0.15797086020914514,0.45115483
2039,-0.76011294,-0.13171449948295189,-0.76011294
2040,0.86283684,0.08210416705829986,0.86283684
2041,-0.5570881,0.023598236884186417,-0.5570881
2042,0.82722586,0.23504503729105355,0.82722586
2043,0.8349166,0.14987137082194796,0.8349166
2044,-0.6867308,0.08624412225977117,-0.6867308
2045,0.7219311,0.16443993761267198,0.7219311
2046,0.7247304,-0.0024427481810963096,0.7247304
2047,-0.9518181,-0.5170381475720982,-0.9518181
2048,-0.60942477,0.12580168838584993,-0.60942477
2049,-0.60942477,0.12580168838584993,-0.60942477
2050,0.6146872,-0.09715100579733212,0.6146872
2051,0.6146872,-0.09715100579733212,0.6146872
2052,-0.1242566,0.14111599595998015,-0.1242566
2053,-0.1242566,0.06952513831996439,-0.1242566
2054,0.7973667,0.08142715067215117,0.7973667
2055,-0.035457116,0.07873799511827571,-0.035457116
2056,-0.72794956,-0.16864270987183755,-0.72794956
2057,-0.7230232,-0.1828634532668123,-0.7230232
2058,0.63062507,0.09500411439978082,0.63062507
2059,-0.7508027,-0.14396385082625857,-0.7508027
2060,0.7538225,0.11950617443212205,0.7538225
2061,0.91509604,0.05967789111851232,0.91509604
2062,-0.6537836,-0.04004151087300715,-0.6537836
2063,0.82641524,0.160997060975181,0.82641524
2064,-0.4523301,0.05983703915335766,-0.4523301
2065,0.7885343,0.08862939948529434,0.7885343
2066,-0.82527304,-0.08818769832677095,-0.82527304
2067,-0.5521548,0.05784364143749206,-0.5521548
2068,0.7568335,0.03377882513167478,0.7568335
2069,0.744652,0.031959447609370834,0.744652
2070,-0.48449558,0.02054129075691837,-0.48449558
2071,-0.47073597,0.0965048203150782,-0.47073597
2072,0.68451357,0.11792034993047883,0.68451357
2073,0.29337868,0.04446175985388295,0.29337868
2074,-0.7274679,-0.2516285223362235,-0.7274679
2075,0.7216248,0.013098981005790086,0.7216248
2076,-0.69913805,-0.18696142300691743,-0.69913805
2077,0.72312355,0.05392602252576871,0.72312355
2078,-0.63628393,0.0056241504199882955,-0.63628393
2079,0.6112761,0.06332118335702296,0.6112761
2080,-0.61124057,0.08560597096280298,-0.61124057
2081,0.7094288,0.06076344947186632,0.7094288
2082,-0.6635866,-0.04387065929177366,-0.6635866
2083,-0.8583321,-0.25754247749395226,-0.8583321
2084,-0.7238311,-0.1480129598776395,-0.7238311
2085,0.09751263,0.07451076823345688,0.09751263
2086,-0.58850515,-0.07864843505065089,-0.58850515
2087,0.70940846,0.20330621847579639,0.70940846
2088,-0.71213555,-0.2924922778324808,-0.71213555
2089,-0.6459326,0.12018073644255964,-0.6459326
2090,-0.6459326,0.12018073644255964,-0.6459326
2091,0.17098536,0.10198955966965773,0.17098536
2092,-0.6445399,0.12989488352881318,-0.6445399
2093,-0.6445399,0.12989488352881318,-0.6445399
2094,0.5229733,0.13926417254663914,0.5229733
2095,-0.004620542,0.0873825113088915,-0.004620542
2096,-0.7219772,-0.15703629920820986,-0.7219772
2097,-0.67357737,-0.05190308658016023,-0.67357737
2098,-0.67357737,-0.05190308658016023,-0.67357737
2099,-0.8087804,-0.09837321608633648,-0.8087804
2100,0.62800485,0.039587631220282665,0.62800485
2101,0.62800485,0.039587631220282665,0.62800485
2102,-0.70612633,-0.1823655234104979,-0.70612633
2103,-0.70612633,-0.1823655234104979,-0.70612633
2104,-0.7324622,-0.21363561923967886,-0.7324622
2105,-0.22727779,0.07036790507361959,-0.22727779
2106,-0.22727779,0.07036790507361959,-0.22727779
2107,-0.60146606,0.0386540667622639,-0.60146606
2108,0.67570126,0.08465035539167967,0.67570126
2109,-0.45182583,0.01600885075101251,-0.45182583
2110,0.8689879,0.14882912675942908,0.8689879
2111,0.7001905,0.1952888597666489,0.7001905
2112,-0.39993066,0.0886279495975254,-0.39993066
2113,-0.78662246,-0.4379199753703466,-0.78662246
2114,-0.38169408,0.04311614470823585,-0.38169408
2115,0.71331865,0.052519503547854125,0.71331865
2116,-0.5746063,-0.01448591448253164,-0.5746063
2117,0.75599205,0.0283187680394326,0.75599205
2118,-0.7999267,-0.23478854782792952,-0.7999267
2119,0.8011965,0.099773842894895,0.8011965
2120,0.69485927,0.10468674854477819,0.69485927
2121,-0.38079152,0.04034651104387376,-0.38079152
2122,0.661061,-0.0001568151215570971,0.661061
2123,-0.33172297,0.09587199596231759,-0.33172297
2124,-0.6556932,0.01389525304900579,-0.6556932
2125,0.72311157,0.15634044293390467,0.72311157
2126,0.4588286,0.14218270207795491,0.4588286
2127,0.68105835,0.08974293681175351,0.68105835
2128,-0.5893917,0.19354080001156404,-0.5893917
2129,-0.70836145,-0.16243115185993728,-0.70836145
2130,-0.70836145,-0.16243115185993728,-0.70836145
2131,-0.63709486,-0.0014740924838875626,-0.63709486
2132,0.72353345,0.14263895756474393,0.72353345
2133,-0.6979324,-0.18407503597462177,-0.6979324
2134,0.68001974,-0.0052140973967036595,0.68001974
2135,0.684356,0.1533715682591746,0.684356
2136,-0.58891773,0.1427011454150164,-0.58891773
2137,-0.723872,-0.135262947850697,-0.723872
2138,-0.635751,0.015916978460544226,-0.635751
2139,0.009782288,-0.022919811469022434,0.009782288
2140,-0.108349204,0.048855439822312344,-0.108349204
2141,0.5138257,0.14349938975321033,0.5138257
2142,-0.7261663,-0.09683540254290021,-0.7261663
2143,0.68628794,0.04047030734924947,0.68628794
2144,-0.73237646,-0.21261896671321853,-0.73237646
2145,-0.86763656,-0.13923996650633697,-0.86763656
2146,-0.86763656,-0.13923996650633697,-0.86763656
2147,0.31994778,0.12134644004910795,0.31994778
2148,-0.5659587,0.06054215797726295,-0.5659587
2149,-0.5760376,0.030875726061335894,-0.5760376
2150,0.60755104,0.08218704295117575,0.60755104
2151,0.3269848,0.06691587294960188,0.3269848
2152,-0.46073043,0.027159706900157544,-0.46073043
2153,-0.6698347,-0.057040864884197226,-0.6698347
2154,-0.5463198,0.14064972612425763,-0.5463198
2155,0.7636735,0.03605125155335011,0.7636735
2156,-0.7363526,-0.052886756955506375,-0.7363526
2157,0.77419555,-0.12102172458252333,0.77419555
2158,0.7677133,0.006865026306857202,0.7677133
2159,-0.8279574,-0.16322116060866096,-0.8279574
2160,-0.8279574,-0.16322116060866096,-0.8279574
2161,0.72214794,0.06897067292195291,0.72214794
2162,-0.6359928,0.0031043481082868134,-0.6359928
2163,0.7626393,0.02798155625591636,0.7626393
2164,0.7616767,-0.09896288753196789,0.7616767
2165,0.76950866,0.10998823588418465,0.76950866
2166,-0.8136262,-0.221039277085304,-0.8136262
2167,0.7394667,0.07266474413737707,0.7394667
2168,-0.7355469,-0.22978275015156385,-0.7355469
2169,-0.6920297,-0.13726940209095528,-0.6920297
2170,0.6764358,0.12836479077094218,0.6764358
2171,0.8749423,0.0422887627274037,0.8749423
2172,-0.53773046,0.05168942454742771,-0.53773046
2173,0.7282352,0.21717968850654343,0.7282352
2174,0.6975122,0.015650730387524115,0.6975122
2175,0.7662722,0.0471760095534578,0.7662722
2176,0.74364096,0.1821556370476121,0.74364096
2177,0.7275643,0.08957193073010442,0.7275643
2178,-0.72739273,-0.17542133428492038,-0.72739273
2179,0.76251554,0.008111887485457528,0.76251554
2180,0.76145554,0.016048938358090716,0.76145554
2181,0.78270006,0.14510364130531717,0.78270006
2182,0.60582733,0.006234362064991192,0.60582733
2183,-0.6916389,0.08342150201997925,-0.6916389
2184,-0.6916389,0.08342150201997925,-0.6916389
2185,0.68971634,-0.017419124570762116,0.68971634
2186,0.68971634,-0.017419124570762116,0.68971634
2187,0.27839395,0.061159929141721615,0.27839395
2188,-0.47982436,0.03604963845070683,-0.47982436
2189,0.80964744,0.03717269218300717,0.80964744
2190,0.716707,0.18975828254264268,0.716707
2191,0.71243405,0.11964981407449968,0.71243405
2192,-0.7119787,-0.1582010573869377,-0.7119787
2193,-0.6568297,-0.03340200582678167,-0.6568297
2194,-0.6533484,0.07211586729789347,-0.6533484
2195,-0.70563924,-0.2890550596784315,-0.70563924
2196,-0.8030037,-0.4591938482502105,-0.8030037
2197,-0.63887507,0.12475838925358808,-0.63887507
2198,0.72051704,0.04546800473236446,0.72051704
2199,-0.7242944,-0.11791597499038074,-0.7242944
2200,0.7144378,0.045723656932875306,0.7144378
2201,-0.7153842,-0.016902407726198148,-0.7153842
2202,0.70976907,0.1388950084981459,0.70976907
2203,-0.65581137,-0.02621191693949903,-0.65581137
2204,-0.7250577,0.0125196286771121,-0.7250577
2205,-0.7148833,-0.001948033189200225,-0.7148833
2206,0.6444713,0.1756567479632724,0.6444713
2207,0.70977026,0.0875565568444003,0.70977026
2208,0.7596931,-0.011725314912630663,0.7596931
2209,0.62884605,0.06156302599795981,0.62884605
2210,0.06771505,0.1861590436993535,0.06771505
2211,-0.8294691,-0.14361296694200507,-0.8294691
2212,0.7231151,0.23856369650702275,0.7231151
2213,-0.62460625,0.1085999104215707,-0.62460625
2214,-0.75501454,-0.15793316062889112,-0.75501454
2215,0.75771725,-0.0792800425114493,0.75771725
2216,0.7629662,0.004279298777702864,0.7629662
2217,0.78394014,0.042716190248645945,0.78394014
2218,-0.76536626,-0.07505767257366391,-0.76536626
2219,0.72982174,-0.01141313020321839,0.72982174
2220,0.86054426,0.15961183106590027,0.86054426
2221,-0.7661197,-0.15211023704841914,-0.7661197
2222,-0.6859191,-0.07672466185510787,-0.6859191
2223,-0.6859191,-0.07672466185510787,-0.6859191
2224,-0.73612523,-0.12448038889976411,-0.73612523
2225,0.15451993,0.097777059861618,0.15451993
2226,0.15451993,0.097777059861618,0.15451993
2227,-0.8496708,-0.3068099176991868,-0.8496708
2228,0.78297156,0.10605944781433047,0.78297156
2229,0.78297156,0.10605944781433047,0.78297156
2230,-0.62071145,0.14642897356958604,-0.62071145
2231,0.7082775,0.07986888926116388,0.7082775
2232,-0.8399567,-0.29596107843600145,-0.8399567
2233,-0.45548385,0.005464134234809273,-0.45548385
2234,0.62531483,0.01577279729727785,0.62531483
2235,0.61883837,0.13890487488889655,0.61883837
2236,-0.62210155,0.018500948564336733,-0.62210155
2237,0.7369983,0.270779693818124,0.7369983
2238,0.7369983,0.1822271171066097,0.7369983
2239,0.7369983,0.1822271171066097,0.7369983
2240,-0.7369792,-0.5725136861855056,-0.7369792
2241,-0.7369792,-0.5725136861855056,-0.7369792
2242,-0.7369792,-0.5725136861855056,-0.7369792
2243,0.7517292,0.26896360959476107,0.7517292
2244,0.7517292,0.26896360959476107,0.7517292
2245,-0.62018573,0.03282635420469542,-0.62018573
2246,-0.62018573,0.03282635420469542,-0.62018573
2247,-0.62018573,0.03282635420469542,-0.62018573
2248,-0.62018573,0.03282635420469542,-0.62018573
2249,-0.62018573,0.03282635420469542,-0.62018573
2250,-0.62018573,0.03282635420469542,-0.62018573
2251,-0.62018573,0.03282635420469542,-0.62018573
2252,0.62018573,0.00046941326613711393,0.62018573
2253,-0.62018573,0.03282635420469542,-0.62018573
2254,-0.62018573,0.03282635420469542,-0.62018573
2255,-0.62018573,0.03282635420469542,-0.62018573
2256,-0.62018573,0.03282635420469542,-0.62018573
2257,-0.62018573,0.03282635420469542,-0.62018573
2258,-0.62018573,0.03282635420469542,-0.62018573
2259,-0.62018573,0.03282635420469542,-0.62018573
2260,-0.62018573,0.03282635420469542,-0.62018573
2261,-0.62018573,0.03282635420469542,-0.62018573
2262,-0.62018573,0.03282635420469542,-0.62018573
2263,-0.62018573,0.03282635420469542,-0.62018573
2264,-0.62018573,0.03282635420469542,-0.62018573
2265,0.62018573,0.03412230125738257,0.62018573
2266,0.62018573,0.03412230125738257,0.62018573
2267,0.4481467,-0.07087189672281022,0.4481467
2268,0.4481467,-0.07087189672281022,0.4481467
2269,0.4481467,-0.07087189672281022,0.4481467
2270,0.4481467,-0.07087189672281022,0.4481467
2271,0.4481467,-0.07087189672281022,0.4481467
2272,0.4481467,-0.07087189672281022,0.4481467
2273,0.4481467,-0.07087189672281022,0.4481467
2274,0.4481467,-0.07087189672281022,0.4481467
2275,0.4481467,-0.07087189672281022,0.4481467
2276,0.4481467,-0.07087189672281022,0.4481467
2277,0.4481467,-0.07087189672281022,0.4481467
2278,0.4481467,-0.07087189672281022,0.4481467
2279,0.4481467,0.05939069857205334,0.4481467
2280,0.4481467,-0.07087189672281022,0.4481467
2281,0.4481467,-0.07087189672281022,0.4481467
2282,0.4481467,-0.07087189672281022,0.4481467
2283,0.4481467,-0.07087189672281022,0.4481467
2284,0.4481467,-0.07087189672281022,0.4481467
2285,0.4481467,-0.07087189672281022,0.4481467
2286,-0.7446506,-0.4255009709371576,-0.7446506
2287,-0.7446506,-0.4255009709371576,-0.7446506
2288,-0.7446506,-0.4255009709371576,-0.7446506
2289,-0.7446506,-0.6126271802556541,-0.7446506
2290,0.761197,0.1662084970747738,0.761197
2291,0.761197,0.1662084970747738,0.761197
2292,-0.76122904,-0.49008432463030926,-0.76122904
2293,-0.7087476,-0.5303255400482941,-0.7087476
2294,-0.7087476,-0.5303255400482941,-0.7087476
2295,-0.7087476,-0.5303255400482941,-0.7087476
2296,-0.7379499,-0.21860981334139917,-0.7379499
2297,0.70874834,0.23713651076315181,0.70874834
2298,0.7379499,0.11660489471704956,0.7379499
2299,0.7379499,0.11660489471704956,0.7379499
2300,0.5580075,-0.05485109506748268,0.5580075
2301,0.5580075,-0.05485109506748268,0.5580075
2302,0.6459037,0.13942912899308152,0.6459037
2303,0.6459037,0.13942912899308152,0.6459037
2304,0.6459037,0.13942912899308152,0.6459037
2305,0.6459037,0.13942912899308152,0.6459037
2306,0.6459037,0.13942912899308152,0.6459037
2307,0.6459037,0.13942912899308152,0.6459037
2308,0.6459037,0.13942912899308152,0.6459037
2309,0.6459037,0.13942912899308152,0.6459037
2310,0.6459037,0.13942912899308152,0.6459037
2311,0.6459037,0.13942912899308152,0.6459037
2312,-0.6458651,0.04230022533234353,-0.6458651
2313,-0.6458651,0.04230022533234353,-0.6458651
2314,-0.6458651,-0.020389081579177796,-0.6458651
2315,-0.6458651,0.04230022533234353,-0.6458651
2316,-0.6458651,0.04230022533234353,-0.6458651
2317,-0.6458651,-0.020389081579177796,-0.6458651
2318,-0.6220204,0.08120301257955083,-0.6220204
2319,-0.6220204,0.08120301257955083,-0.6220204
2320,-0.6220204,0.08120301257955083,-0.6220204
2321,-0.6220204,0.08120301257955083,-0.6220204
2322,-0.6220204,0.08120301257955083,-0.6220204
2323,0.6220204,-0.09464858954075928,0.6220204
2324,0.6220204,-0.09464858954075928,0.6220204
2325,0.6220204,-0.09464858954075928,0.6220204
2326,0.4618461,0.03408183451799997,0.4618461
2327,0.4618461,0.03408183451799997,0.4618461
2328,0.4618461,0.03408183451799997,0.4618461
2329,0.4618461,0.03408183451799997,0.4618461
2330,0.4618461,0.03408183451799997,0.4618461
2331,0.6220204,-0.09464858954075928,0.6220204
2332,0.6220204,-0.09464858954075928,0.6220204
2333,0.7108203,-0.1143930046844451,0.7108203
2334,0.41683108,0.11407111215838767,0.41683108
2335,0.495847,0.36536042021179127,0.495847
2336,0.495847,0.17414383298680539,0.495847
2337,0.495847,0.17414383298680539,0.495847
2338,-0.49585474,0.07311961725742998,-0.49585474
2339,-0.49585474,0.07311961725742998,-0.49585474
2340,-0.49585474,0.07311961725742998,-0.49585474
2341,0.8193629,0.1292080629740633,0.8193629
2342,0.71930885,0.1367566865600685,0.71930885
2343,0.71930885,0.1367566865600685,0.71930885
2344,0.71930885,0.1367566865600685,0.71930885
2345,0.71930885,0.1367566865600685,0.71930885
2346,0.71930885,0.1367566865600685,0.71930885
2347,-0.7193053,-0.17016141896897813,-0.7193053
2348,-0.7193053,-0.17016141896897813,-0.7193053
2349,-0.7193053,-0.17016141896897813,-0.7193053
2350,-0.7193053,-0.17016141896897813,-0.7193053
2351,-0.7501375,-0.4182219998339847,-0.7501375
2352,-0.7501375,-0.5168225512520932,-0.7501375
2353,-0.7501375,-0.4182219998339847,-0.7501375
2354,-0.7501375,-0.4182219998339847,-0.7501375
2355,0.7501368,0.1702387293310793,0.7501368
2356,0.7501368,0.1702387293310793,0.7501368
2357,0.27441344,0.016420828605646302,0.27441344
2358,0.27441344,0.016420828605646302,0.27441344
2359,-0.6170794,0.05865464778790503,-0.6170794
2360,-0.6170794,0.05865464778790503,-0.6170794
2361,-0.6170794,0.05865464778790503,-0.6170794
2362,-0.6170794,0.05865464778790503,-0.6170794
2363,-0.6170794,0.05865464778790503,-0.6170794
2364,0.44904214,0.062717671475098,0.44904214
2365,0.44904214,0.062717671475098,0.44904214
2366,0.62009794,-0.03135938534724018,0.62009794
2367,0.62009794,-0.03135938534724018,0.62009794
2368,0.62009794,-0.03135938534724018,0.62009794
2369,0.62009794,-0.03135938534724018,0.62009794
2370,0.62009794,-0.03135938534724018,0.62009794
2371,0.62009794,-0.03135938534724018,0.62009794
2372,0.62009794,-0.03135938534724018,0.62009794
2373,-0.6195303,0.2986506535772362,-0.6195303
2374,-0.6195303,0.2986506535772362,-0.6195303
2375,-0.6195303,0.2986506535772362,-0.6195303
2376,-0.62009573,0.15927450637265492,-0.62009573
2377,-0.62009573,0.15927450637265492,-0.62009573
2378,-0.62009573,0.15927450637265492,-0.62009573
2379,-0.62009573,0.15927450637265492,-0.62009573
2380,-0.62009573,0.15927450637265492,-0.62009573
2381,-0.44691986,-0.0034061461646391782,-0.44691986
2382,0.6192884,0.028624913307454078,0.6192884
2383,0.68409026,0.09538259577583699,0.68409026
2384,-0.7613281,-0.3131477465302758,-0.7613281
2385,0.82987136,0.012669937221458899,0.82987136
2386,0.82987136,0.012669937221458899,0.82987136
2387,0.82987136,0.012669937221458899,0.82987136
2388,0.82987136,0.012793809805411718,0.82987136
2389,0.82987136,0.012669937221458899,0.82987136
2390,0.82987136,0.012669937221458899,0.82987136
2391,0.82987136,0.012669937221458899,0.82987136
2392,0.82987136,0.012793809805411718,0.82987136
2393,0.82987136,0.012669937221458899,0.82987136
2394,0.82987136,0.012669937221458899,0.82987136
2395,0.82987136,0.012669937221458899,0.82987136
2396,0.82987136,0.012669937221458899,0.82987136
2397,0.82987136,0.012669937221458899,0.82987136
2398,0.82987136,0.012669937221458899,0.82987136
2399,0.82987136,0.012669937221458899,0.82987136
2400,-0.8298667,0.11316224291663075,-0.8298667
2401,-0.8298667,0.11316224291663075,-0.8298667
2402,-0.8298667,0.06327327376774204,-0.8298667
2403,-0.8298667,0.06327327376774204,-0.8298667
2404,-0.8298667,0.06327327376774204,-0.8298667
2405,-0.8298667,0.06327327376774204,-0.8298667
2406,-0.8298667,0.06327327376774204,-0.8298667
2407,-0.8298667,0.11316224291663075,-0.8298667
2408,-0.8298667,0.11316224291663075,-0.8298667
2409,-0.8298667,0.11316224291663075,-0.8298667
2410,-0.8298667,0.06327327376774204,-0.8298667
2411,-0.8298667,0.06327327376774204,-0.8298667
2412,-0.8298667,0.06327327376774204,-0.8298667
2413,-0.8298667,0.06327327376774204,-0.8298667
2414,-0.8298667,0.06327327376774204,-0.8298667
2415,0.8388057,-0.023256717554190613,0.8388057
2416,-0.8342883,-0.09321432333051068,-0.8342883
2417,-0.8342883,-0.2526129043468852,-0.8342883
2418,-0.8342883,-0.2526129043468852,-0.8342883
2419,-0.8342883,-0.2526129043468852,-0.8342883
2420,-0.8342883,-0.2526129043468852,-0.8342883
2421,-0.54655564,0.07719855015424053,-0.54655564
2422,-0.54655564,0.07719855015424053,-0.54655564
2423,0.5465558,0.09212036316244669,0.5465558
2424,0.5465558,0.09212036316244669,0.5465558
2425,0.5465558,0.09212036316244669,0.5465558
2426,0.8167199,0.2805941170143697,0.8167199
2427,0.07982586,0.2617081232815748,0.07982586
2428,0.07982586,0.04484901651789165,0.07982586
2429,-0.07980166,-0.055144665825961184,-0.07980166
2430,-0.07980166,-0.055144665825961184,-0.07980166
2431,0.6471409,0.15125176337790275,0.6471409
2432,0.6471409,0.21353955018969925,0.6471409
2433,0.6471409,0.3393551101883202,0.6471409
2434,0.6471409,0.3393551101883202,0.6471409
2435,0.73705685,0.030021922664699805,0.73705685
2436,0.56257594,0.087261334014331,0.56257594
2437,0.4485583,0.05691655064037278,0.4485583
2438,-0.19764715,0.01641503640824214,-0.19764715
2439,0.53140956,-0.10124494430738377,0.53140956
2440,0.53140956,-0.10124494430738377,0.53140956
2441,0.53140956,-0.10124494430738377,0.53140956
2442,0.53140956,-0.10124494430738377,0.53140956
2443,0.53140956,-0.10124494430738377,0.53140956
2444,0.53140956,-0.10124494430738377,0.53140956
2445,0.53140956,-0.10124494430738377,0.53140956
2446,0.53140956,-0.10124494430738377,0.53140956
2447,-0.5313999,0.3362080317653555,-0.5313999
2448,-0.5313999,0.3362080317653555,-0.5313999
2449,-0.5313999,0.3362080317653555,-0.5313999
2450,-0.5313999,0.3362080317653555,-0.5313999
2451,-0.5313999,0.3362080317653555,-0.5313999
2452,-0.5313999,0.3362080317653555,-0.5313999
2453,0.14551939,0.20866361077099546,0.14551939
2454,0.62199473,0.03336339994171733,0.62199473
2455,0.62199473,0.03336339994171733,0.62199473
2456,0.62199473,0.03336339994171733,0.62199473
2457,-0.6202118,0.12872218112205638,-0.6202118
2458,-0.6219713,0.21806476099228328,-0.6219713
2459,-0.6219713,0.21806476099228328,-0.6219713
2460,-0.6219713,0.21806476099228328,-0.6219713
2461,-0.62168986,0.27681529493267243,-0.62168986
2462,-0.45935866,0.12164194793977237,-0.45935866
2463,0.62199473,0.03336339994171733,0.62199473
2464,-0.45935866,0.12164194793977237,-0.45935866
2465,0.7128827,0.046441065046339144,0.7128827
2466,-0.66170955,-0.044113611700869484,-0.66170955
2467,-0.66283476,0.12549833490802248,-0.66283476
2468,-0.7093536,-0.3648381533903693,-0.7093536
2469,0.5815631,0.10051666771794507,0.5815631
2470,-0.46809414,0.13181730616541887,-0.46809414
2471,-0.46809414,0.13181730616541887,-0.46809414
2472,-0.46809414,0.13181730616541887,-0.46809414
2473,0.766844,0.16290596627607412,0.766844
2474,-0.7574613,-0.6148787432443689,-0.7574613
2475,0.6194363,0.04593616976745195,0.6194363
2476,0.6194363,0.04593616976745195,0.6194363
2477,0.6194363,-0.03575345171165264,0.6194363
2478,0.6194363,0.04593616976745195,0.6194363
2479,0.6168167,0.09285278927742875,0.6168167
2480,0.6168167,0.09285278927742875,0.6168167
2481,0.6168167,0.09285278927742875,0.6168167
2482,-0.61942524,0.23487416524728982,-0.61942524
2483,-0.61942524,0.23487416524728982,-0.61942524
2484,-0.61942524,0.23487416524728982,-0.61942524
2485,-0.61942524,0.23487416524728982,-0.61942524
2486,0.7092439,0.11748566297311974,0.7092439
2487,-0.7612858,-0.4018351094162717,-0.7612858
2488,-0.6168073,0.15380191888800415,-0.6168073
2489,-0.6168073,0.15380191888800415,-0.6168073
2490,0.5100271,0.11480480217138453,0.5100271
2491,0.5100271,0.11480480217138453,0.5100271
2492,-0.7394311,-0.09527251862765294,-0.7394311
2493,-0.70926774,-0.42364849458192066,-0.70926774
2494,-0.7067601,-0.3387478317127641,-0.7067601
2495,0.65908086,0.2572181308362955,0.65908086
2496,0.6452262,0.1426154514128223,0.6452262
2497,0.6452262,0.1426154514128223,0.6452262
2498,0.6452262,0.1426154514128223,0.6452262
2499,-0.645213,-0.08333719050157962,-0.645213
2500,-0.645213,-0.08333719050157962,-0.645213
2501,0.64511377,0.01218886202762948,0.64511377
2502,0.64511377,0.01218886202762948,0.64511377
2503,0.63546944,0.07810229499725088,0.63546944
2504,0.6218833,-0.086449975151209,0.6218833
2505,0.6218833,-0.086449975151209,0.6218833
2506,0.6218833,-0.086449975151209,0.6218833
2507,-0.62188655,0.22487238826077646,-0.62188655
2508,-0.62188655,0.22487238826077646,-0.62188655
2509,-0.61711246,0.06611540922230273,-0.61711246
2510,-0.62208545,0.014544349179889306,-0.62208545
2511,-0.62208545,0.014544349179889306,-0.62208545
2512,0.6218833,-0.086449975151209,0.6218833
2513,0.6349069,0.07908520570760029,0.6349069
2514,0.71084803,-0.009900916118732327,0.71084803
2515,0.7110564,0.034223568239353644,0.7110564
2516,0.7110925,0.11317930803121279,0.7110925
2517,-0.7102072,-0.01723823628816241,-0.7102072
2518,0.44789022,0.22343247123412552,0.44789022
2519,0.41786805,0.17952532698693976,0.41786805
2520,0.62015456,-0.064268469046394,0.62015456
2521,0.8192919,0.06509204463847966,0.8192919
2522,-0.58603793,0.1056543971938986,-0.58603793
2523,0.719336,0.12275214854401423,0.719336
2524,0.71635437,0.18756742961893527,0.71635437
2525,-0.65069944,0.08031220329526939,-0.65069944
2526,-0.855121,-0.25861369480960145,-0.855121
2527,-0.75008565,-0.4237395877910961,-0.75008565
2528,-0.75008565,-0.24716037950219732,-0.75008565
2529,-0.75004876,-0.2873097071004752,-0.75004876
2530,-0.75004876,-0.45662732460986133,-0.75004876
2531,-0.75051546,-0.42004397441692043,-0.75051546
2532,-0.75051546,-0.4108602586458238,-0.75051546
2533,-0.7502237,-0.4813327352760137,-0.7502237
2534,-0.7502237,-0.4259223167398169,-0.7502237
2535,0.6170702,-0.065605882639791,0.6170702
2536,0.6170702,-0.065605882639791,0.6170702
2537,0.76089436,0.15745356202823557,0.76089436
2538,-0.7608703,-0.41524973710595564,-0.7608703
2539,0.44784904,0.13684690248110368,0.44784904
2540,0.6216411,0.041796361285371425,0.6216411
2541,-0.6194089,0.168791511571966,-0.6194089
2542,-0.6194089,0.168791511571966,-0.6194089
2543,-0.61957455,0.14809707929853091,-0.61957455
2544,0.7349806,0.004640855748000833,0.7349806
2545,0.74898994,0.08658047476290316,0.74898994
2546,0.83430445,0.2065432213612284,0.83430445
2547,-0.837974,-0.19861144692832708,-0.837974
2548,-0.837974,-0.19861144692832708,-0.837974
2549,-0.837974,-0.19861144692832708,-0.837974
2550,-0.8299411,0.05789451146616969,-0.8299411
2551,-0.8299411,0.05789451146616969,-0.8299411
2552,-0.8299411,0.05789451146616969,-0.8299411
2553,-0.8299411,-0.00833621551186249,-0.8299411
2554,-0.83102554,0.01441761975168125,-0.83102554
2555,-0.83102554,0.01441761975168125,-0.83102554
2556,0.8293492,-0.1773179780108777,0.8293492
2557,-0.8298289,-0.1562299972246474,-0.8298289
2558,-0.8298289,-0.1562299972246474,-0.8298289
2559,-0.8298289,0.11996385236036688,-0.8298289
2560,-0.8294084,-0.021879802967943267,-0.8294084
2561,-0.8294084,0.006840223168921676,-0.8294084
2562,-0.8124213,-0.03381042273312971,-0.8124213
2563,-0.8198048,-0.17859085394119031,-0.8198048
2564,0.83011097,-0.03569456215359288,0.83011097
2565,0.8298418,-0.03460059521437863,0.8298418
2566,0.8298418,-0.03460059521437863,0.8298418
2567,-0.51288354,0.07402020313856265,-0.51288354
2568,-0.51288354,0.07402020313856265,-0.51288354
2569,-0.47664377,-0.0414637813404063,-0.47664377
2570,0.085012026,0.04627962635483824,0.085012026
2571,0.085012026,0.04627962635483824,0.085012026
2572,-0.35210747,0.07157647858001594,-0.35210747
2573,-0.35210747,0.07157647858001594,-0.35210747
2574,0.35170326,-0.01153844187628307,0.35170326
2575,0.35170326,-0.01153844187628307,0.35170326
2576,0.35170326,-0.01153844187628307,0.35170326
2577,-0.08506229,-0.04730172047138104,-0.08506229
2578,-0.08506229,-0.1376438748281783,-0.08506229
2579,-0.084998935,-0.005078343816025376,-0.084998935
2580,-0.7076724,-0.28312224128563135,-0.7076724
2581,-0.708448,-0.05437358829886656,-0.708448
2582,-0.7060521,-0.2284444968463533,-0.7060521
2583,-0.64546496,-0.11683962755377073,-0.64546496
2584,-0.64546496,-0.11683962755377073,-0.64546496
2585,-0.53441674,0.23834991071523248,-0.53441674
2586,-0.53441674,0.23834991071523248,-0.53441674
2587,-0.53441674,0.23834991071523248,-0.53441674
2588,-0.53441674,0.23834991071523248,-0.53441674
2589,0.5344805,0.012878363042158296,0.5344805
2590,-0.5300618,0.31016451717890803,-0.5300618
2591,-0.5300618,0.31016451717890803,-0.5300618
2592,-0.5300618,0.31016451717890803,-0.5300618
2593,0.53399754,0.021917700199781297,0.53399754
2594,0.53399754,0.021917700199781297,0.53399754
2595,0.53399754,0.021917700199781297,0.53399754
2596,0.53399754,0.021917700199781297,0.53399754
2597,0.31583133,-0.052270533513534244,0.31583133
2598,-0.53085625,0.3741212934910391,-0.53085625
2599,-0.53085625,0.3741212934910391,-0.53085625
2600,-0.53085625,0.3741212934910391,-0.53085625
2601,-0.53085625,0.3741212934910391,-0.53085625
2602,-0.53085625,0.3741212934910391,-0.53085625
2603,0.53157824,-0.17357429585851095,0.53157824
2604,0.53157824,-0.17357429585851095,0.53157824
2605,0.53157824,-0.17357429585851095,0.53157824
2606,0.53157824,-0.17357429585851095,0.53157824
2607,0.7175207,0.12085805717180594,0.7175207
2608,-0.72070265,-0.4752987717784089,-0.72070265
2609,0.6794373,0.13851894371003676,0.6794373
2610,-0.7222481,-0.3751629828526145,-0.7222481
2611,-0.38856748,-0.018231603511298676,-0.38856748
2612,-0.5293644,0.19772396458259173,-0.5293644
2613,-0.5125792,0.024233373650711234,-0.5125792
2614,-0.5426697,0.09435429800926284,-0.5426697
2615,-0.5426697,0.09435429800926284,-0.5426697
2616,-0.5426697,0.09435429800926284,-0.5426697
2617,-0.62813616,0.01190738014964684,-0.62813616
2618,0.7181285,0.1902206374108933,0.7181285
2619,0.7181285,0.31533061462409884,0.7181285
2620,0.61986893,-0.0312545693264692,0.61986893
2621,0.61986893,-0.0312545693264692,0.61986893
2622,0.61986893,-0.014189117520222961,0.61986893
2623,0.61986893,-0.0312545693264692,0.61986893
2624,0.61986893,-0.0312545693264692,0.61986893
2625,0.61986893,-0.0312545693264692,0.61986893
2626,0.61986893,-0.0312545693264692,0.61986893
2627,0.61986893,-0.014189117520222961,0.61986893
2628,0.61986893,-0.0312545693264692,0.61986893
2629,0.61986893,-0.0312545693264692,0.61986893
2630,0.61986893,-0.0312545693264692,0.61986893
2631,0.61986893,-0.0312545693264692,0.61986893
2632,0.61986893,-0.0312545693264692,0.61986893
2633,0.61986893,-0.0312545693264692,0.61986893
2634,-0.6200907,0.1279784925506038,-0.6200907
2635,-0.6200907,0.1279784925506038,-0.6200907
2636,-0.6200907,0.1279784925506038,-0.6200907
2637,-0.6200907,0.1279784925506038,-0.6200907
2638,-0.6200907,0.1279784925506038,-0.6200907
2639,-0.6200907,0.1279784925506038,-0.6200907
2640,0.762838,0.1660336557808141,0.762838
2641,-0.71197087,-0.3513986549336049,-0.71197087
2642,0.4515007,-0.02071774280899933,0.4515007
2643,0.4515007,-0.02071774280899933,0.4515007
2644,0.4515007,-0.02071774280899933,0.4515007
2645,0.4515007,-0.02071774280899933,0.4515007
2646,-0.61992246,0.11785404434368793,-0.61992246
2647,-0.61992246,0.11785404434368793,-0.61992246
2648,-0.61992246,0.11785404434368793,-0.61992246
2649,-0.61992246,0.11785404434368793,-0.61992246
2650,0.61433744,0.01202444827133004,0.61433744
2651,-0.6143483,0.10225685031515643,-0.6143483
2652,-0.6143483,0.10225685031515643,-0.6143483
2653,-0.6143483,0.10225685031515643,-0.6143483
2654,-0.76518935,-0.41100460256370475,-0.76518935
2655,0.62336177,0.06967448086559225,0.62336177
2656,0.6391294,0.08891200970380193,0.6391294
2657,-0.6177714,-0.005595927469051831,-0.6177714
2658,-0.6177714,-0.005595927469051831,-0.6177714
2659,0.44549066,0.08815146987978756,0.44549066
2660,0.44549066,0.08815146987978756,0.44549066
2661,0.7605421,0.087973676755805,0.7605421
2662,-0.8302037,-0.026680311537176177,-0.8302037
2663,0.8302126,-0.0024676873072235293,0.8302126
2664,0.8302126,0.08034162640409737,0.8302126
2665,0.8302126,-0.0024676873072235293,0.8302126
2666,0.8302126,0.08034162640409737,0.8302126
2667,0.82971865,-0.08115417163830829,0.82971865
2668,0.50330263,0.1659109745059082,0.50330263
2669,0.49381918,0.3710516143410484,0.49381918
2670,0.7094792,0.22724985350432303,0.7094792
2671,-0.7079345,-0.2566096062242189,-0.7079345
2672,-0.7079345,-0.2566096062242189,-0.7079345
2673,-0.7079345,-0.2566096062242189,-0.7079345
2674,-0.69694406,-0.1760806766150114,-0.69694406
2675,-0.56537235,0.010044957486093069,-0.56537235
2676,-0.73668015,0.1694822021085963,-0.73668015
2677,0.71032816,0.09115019089486656,0.71032816
2678,-0.70726836,-0.4219670847799771,-0.70726836
2679,0.64809144,0.09939030907422901,0.64809144
2680,0.6462115,0.07620718164796443,0.6462115
2681,0.6462115,0.07620718164796443,0.6462115
2682,0.6462115,0.07620718164796443,0.6462115
2683,0.6462115,0.07620718164796443,0.6462115
2684,0.6462115,0.07620718164796443,0.6462115
2685,0.6462115,0.07620718164796443,0.6462115
2686,-0.6450732,0.033970135377987085,-0.6450732
2687,-0.6450732,0.033970135377987085,-0.6450732
2688,-0.6450732,0.03983227313371333,-0.6450732
2689,0.6464182,-0.007373627743758782,0.6464182
2690,0.48184714,0.03651496782586624,0.48184714
2691,0.6455258,0.11528202964698478,0.6455258
2692,0.64295363,0.04844832414290949,0.64295363
2693,-0.79098403,-0.38243485495121216,-0.79098403
2694,0.79098463,0.1536516265159167,0.79098463
2695,0.7188591,0.1116168488918301,0.7188591
2696,0.72196054,0.16407922062644836,0.72196054
2697,-0.7497665,-0.42635653927073286,-0.7497665
2698,-0.7497665,-0.42426204345927687,-0.7497665
2699,-0.7479022,-0.5248377761598495,-0.7479022
2700,-0.7479022,-0.3833161242450852,-0.7479022
2701,-0.74447435,-0.4988142204825706,-0.74447435
2702,-0.62162924,-0.01827482191178725,-0.62162924
2703,-0.62162924,-0.01827482191178725,-0.62162924
2704,-0.62162924,-0.01827482191178725,-0.62162924
2705,0.6220209,0.03702197716670917,0.6220209
2706,-0.620345,0.12738275884263126,-0.620345
2707,-0.620345,0.12738275884263126,-0.620345
2708,0.45473263,0.06699769857016202,0.45473263
2709,0.45473263,0.06699769857016202,0.45473263
2710,0.45473263,0.06699769857016202,0.45473263
2711,0.62162924,0.025212828376839348,0.62162924
2712,0.6220209,0.03702197716670917,0.6220209
2713,0.61689186,0.1156984581305943,0.61689186
2714,-0.61689866,0.0727292653472765,-0.61689866
2715,0.726078,0.178375157923688,0.726078
2716,-0.69378847,0.017410939850557878,-0.69378847
2717,0.71286666,0.22978673055292573,0.71286666
2718,0.8294518,0.01305628432386538,0.8294518
2719,0.8067262,-0.12523643995931968,0.8067262
2720,-0.82952046,0.011757073502750659,-0.82952046
2721,-0.82952046,0.011757073502750659,-0.82952046
2722,-0.8355905,-0.07466395778778254,-0.8355905
2723,-0.8283909,0.013938255573687663,-0.8283909
2724,-0.8283909,-0.03879081907839374,-0.8283909
2725,0.0017449725,-0.0003515744404000412,0.0017449725
2726,0.64449984,0.15921755401173926,0.64449984
2727,0.64449984,0.15921755401173926,0.64449984
2728,-0.03366017,-0.001696775896258419,-0.03366017
2729,-0.03366017,-0.001696775896258419,-0.03366017
2730,-0.70949876,-0.43776739068682496,-0.70949876
2731,-0.70949876,-0.43776739068682496,-0.70949876
2732,-0.70949876,-0.32140873455023083,-0.70949876
2733,-0.70949876,-0.43776739068682496,-0.70949876
2734,-0.70949876,-0.43776739068682496,-0.70949876
2735,-0.70949876,-0.43776739068682496,-0.70949876
2736,-0.70949876,-0.43776739068682496,-0.70949876
2737,-0.70949876,-0.43776739068682496,-0.70949876
2738,-0.70949876,-0.43776739068682496,-0.70949876
2739,-0.70949876,-0.32140873455023083,-0.70949876
2740,-0.70949876,-0.32140873455023083,-0.70949876
2741,-0.70949876,-0.43776739068682496,-0.70949876
2742,-0.70949876,-0.43776739068682496,-0.70949876
2743,-0.70949876,-0.43776739068682496,-0.70949876
2744,-0.70949876,-0.43776739068682496,-0.70949876
2745,0.7386596,0.010021066560877423,0.7386596
2746,0.7386596,0.010021066560877423,0.7386596
2747,-0.7374407,0.07449951832829715,-0.7374407
2748,0.7094989,0.25689414205660865,0.7094989
2749,0.7104896,0.18952105818712123,0.7104896
2750,0.70912296,0.042399210974426664,0.70912296
2751,0.69581306,-0.01629823861224429,0.69581306
2752,-0.7091785,-0.4019139998087417,-0.7091785
2753,-0.7066566,-0.387596294421921,-0.7066566
2754,-0.5334667,0.0966530989381881,-0.5334667
2755,-0.5334667,0.0966530989381881,-0.5334667
2756,-0.5334667,0.0966530989381881,-0.5334667
2757,-0.5334667,0.0966530989381881,-0.5334667
2758,-0.52648425,0.06155076888903867,-0.52648425
2759,-0.52648425,0.06155076888903867,-0.52648425
2760,0.53343475,-0.0837186497737006,0.53343475
2761,0.53343475,-0.0837186497737006,0.53343475
2762,0.53343475,-0.0837186497737006,0.53343475
2763,0.53343475,-0.0837186497737006,0.53343475
2764,0.53916,-0.06095964524939718,0.53916
2765,0.53916,-0.06095964524939718,0.53916
2766,0.53916,-0.06095964524939718,0.53916
2767,0.6189913,-0.06420040409948388,0.6189913
2768,0.6162023,0.07660300825622793,0.6162023
2769,0.6162023,0.07660300825622793,0.6162023
2770,0.6162023,0.07660300825622793,0.6162023
2771,0.6162023,0.07660300825622793,0.6162023
2772,0.61929506,0.043262566106217266,0.61929506
2773,0.61929506,0.043262566106217266,0.61929506
2774,0.61929506,0.043262566106217266,0.61929506
2775,0.61929506,0.043262566106217266,0.61929506
2776,0.61929506,0.043262566106217266,0.61929506
2777,0.61929506,0.043262566106217266,0.61929506
2778,0.61929506,0.043262566106217266,0.61929506
2779,0.61929506,0.043262566106217266,0.61929506
2780,0.61929506,0.043262566106217266,0.61929506
2781,-0.61929387,0.13941408115886653,-0.61929387
2782,-0.61929387,0.13941408115886653,-0.61929387
2783,-0.61929387,0.13941408115886653,-0.61929387
2784,-0.61929387,0.13941408115886653,-0.61929387
2785,-0.61929387,0.13941408115886653,-0.61929387
2786,-0.61932623,0.23589577350832544,-0.61932623
2787,-0.61932623,0.23589577350832544,-0.61932623
2788,-0.61932623,0.23589577350832544,-0.61932623
2789,-0.6161968,0.12194197815432843,-0.6161968
2790,-0.6161968,0.12194197815432843,-0.6161968
2791,-0.6161968,0.12194197815432843,-0.6161968
2792,0.63505495,0.08854680514167387,0.63505495
2793,-0.6162007,0.16853148380802094,-0.6162007
2794,-0.7612921,-0.2854533513287341,-0.7612921
2795,0.73283654,0.24773740657945093,0.73283654
2796,0.73542815,0.005709236736993563,0.73542815
2797,-0.7092335,-0.23112113517943814,-0.7092335
2798,-0.70969486,-0.32097999621066503,-0.70969486
2799,-0.48798943,0.10635423752127317,-0.48798943
2800,0.6428227,-0.019597429165490517,0.6428227
2801,0.6428227,-0.019597429165490517,0.6428227
2802,0.64435524,0.1189189003116115,0.64435524
2803,0.64435524,0.1189189003116115,0.64435524
2804,0.64435524,0.1189189003116115,0.64435524
2805,0.64435524,0.1189189003116115,0.64435524
2806,-0.75745314,-0.31544752200020953,-0.75745314
2807,0.64805484,-0.016100573500877166,0.64805484
2808,0.7118879,0.14040550880959454,0.7118879
2809,0.62183684,-0.09741730414473734,0.62183684
2810,0.62183684,-0.09741730414473734,0.62183684
2811,-0.62183565,0.03189516326369325,-0.62183565
2812,-0.62183565,0.03189516326369325,-0.62183565
2813,-0.6204609,0.03342615023499383,-0.6204609
2814,-0.6204609,0.03342615023499383,-0.6204609
2815,-0.6204609,0.03342615023499383,-0.6204609
2816,0.6184209,-0.037299421803215486,0.6184209
2817,0.4767273,0.0109100973920595,0.4767273
2818,0.53016645,0.05642423332537413,0.53016645
2819,-0.61862504,0.09128644511164206,-0.61862504
2820,0.62183684,-0.09741730414473734,0.62183684
2821,0.7793014,0.28108770490432317,0.7793014
2822,0.640787,0.05368982589441582,0.640787
2823,0.018485306,0.07950247363304563,0.018485306
2824,0.018485306,0.07950247363304563,0.018485306
2825,0.71085125,0.01280324391025726,0.71085125
2826,-0.7108586,-0.06687368866616278,-0.7108586
2827,0.6192262,-0.050900143358703714,0.6192262
2828,-0.61183506,0.017115595387606156,-0.61183506
2829,0.5079439,0.10870807390399144,0.5079439
2830,-0.8293906,-0.0012335673940877074,-0.8293906
2831,0.8293997,0.013301384105386903,0.8293997
2832,0.64281154,0.19589822483511055,0.64281154
2833,0.004173588,0.009276406549260253,0.004173588
2834,-0.6284425,0.0768362238478797,-0.6284425
2835,-0.62016064,0.21156626051736488,-0.62016064
2836,-0.80359346,0.01172520040468075,-0.80359346
2837,0.8054179,-0.01627012201681855,0.8054179
2838,0.4984876,0.05487053527360771,0.4984876
2839,-0.82991034,0.05401771998799797,-0.82991034
2840,-0.82991034,0.05401771998799797,-0.82991034
2841,-0.8363989,0.06204554574057646,-0.8363989
2842,0.48927417,0.2631972048902118,0.48927417
2843,0.48927417,0.2631972048902118,0.48927417
2844,0.4992285,0.16357485304548308,0.4992285
2845,0.49037594,0.1582825980831697,0.49037594
2846,-0.45239413,0.10365171576124575,-0.45239413
2847,-0.8188154,-0.1720731875797206,-0.8188154
2848,0.8123953,0.24639801203109013,0.8123953
2849,0.8188168,0.18171349898210237,0.8188168
2850,-0.8193375,-0.24034324671070648,-0.8193375
2851,-0.8310423,-0.035453354783911435,-0.8310423
2852,0.8033185,-0.04122736916399984,0.8033185
2853,0.80382425,-0.10364773728149256,0.80382425
2854,0.75029635,0.021821186252742684,0.75029635
2855,0.80612123,0.13712841090926378,0.80612123
2856,-0.81239235,-0.3010889548774825,-0.81239235
2857,-0.4507626,0.08988403575110807,-0.4507626
2858,-0.49923024,0.09612109120309928,-0.49923024
2859,-0.09571983,-0.0012107813558096452,-0.09571983
2860,-0.09571983,-0.08363069226600872,-0.09571983
2861,-0.34147945,0.06580567950890658,-0.34147945
2862,-0.34147945,0.06580567950890658,-0.34147945
2863,0.250772,0.08174945225816214,0.250772
2864,0.250772,0.08174945225816214,0.250772
2865,-0.250772,0.0655858321277062,-0.250772
2866,-0.64547336,-0.013026924184109707,-0.64547336
2867,-0.6204697,0.23297252149528994,-0.6204697
2868,0.45122746,0.06656897955496238,0.45122746
2869,-0.7500942,-0.3780121991520804,-0.7500942
2870,-0.7500942,-0.37412162999825194,-0.7500942
2871,-0.7500942,-0.3780121991520804,-0.7500942
2872,0.53076583,0.006483062063552453,0.53076583
2873,0.53076583,0.006483062063552453,0.53076583
2874,0.53076583,0.006483062063552453,0.53076583
2875,0.53076583,0.006483062063552453,0.53076583
2876,-0.6196352,0.11775560946619446,-0.6196352
2877,-0.52913475,0.17577705167300295,-0.52913475
2878,0.6810515,0.3148471230215779,0.6810515
2879,0.6810515,0.18683320191875943,0.6810515
2880,0.6810515,0.3148471230215779,0.6810515
2881,0.4494187,0.06787920925749932,0.4494187
2882,0.7194398,0.11766538081440577,0.7194398
2883,0.7194398,0.11766538081440577,0.7194398
2884,-0.5556033,0.003329745388024939,-0.5556033
2885,-0.38972923,-0.06096099904368156,-0.38972923
2886,0.57720584,0.11221357513708508,0.57720584
2887,-0.82874835,-0.04631922628194087,-0.82874835
2888,-0.82874835,-0.039500298095970526,-0.82874835
2889,0.82874835,0.05969445851301675,0.82874835
2890,0.83083695,-0.022471956088693245,0.83083695
2891,0.7355681,0.04811157314035793,0.7355681
2892,0.8211211,0.12572986315694298,0.8211211
2893,0.8019784,0.010102949517242134,0.8019784
2894,0.8019784,0.010102949517242134,0.8019784
2895,-0.830831,0.07426351645219109,-0.830831
2896,-0.830831,0.07426351645219109,-0.830831
2897,-0.830831,0.07780127083946747,-0.830831
2898,0.83775395,-0.022285234634484508,0.83775395
2899,-0.82906044,-0.012218084123203344,-0.82906044
2900,-0.82906044,0.05375388504562331,-0.82906044
2901,0.83788854,0.013820717122601443,0.83788854
2902,0.5432132,0.1563141543359756,0.5432132
2903,0.5432132,0.1563141543359756,0.5432132
2904,-0.8299727,-0.04631366556061023,-0.8299727
2905,-0.82706505,0.007772236172068519,-0.82706505
2906,-0.82706505,0.017905235294054522,-0.82706505
2907,0.544721,0.03448847472724417,0.544721
2908,-0.08779738,-0.12845207415938126,-0.08779738
2909,0.64704394,0.21304445214057766,0.64704394
2910,0.64704394,0.15400529278499017,0.64704394
2911,0.6494778,0.12923160318051985,0.6494778
2912,0.6444459,0.19774335434609022,0.6444459
2913,0.61820287,-0.07645587518218788,0.61820287
2914,0.64704394,0.15400529278499017,0.64704394
2915,0.6494778,0.12923160318051985,0.6494778
2916,-0.08545937,-0.010411223198677117,-0.08545937
2917,-0.08545937,-0.09522134915777336,-0.08545937
2918,0.73832405,0.16025775151915056,0.73832405
2919,-0.7089818,-0.4553299761948629,-0.7089818
2920,0.79109216,0.18004390180923555,0.79109216
2921,-0.5796231,0.023286819924060797,-0.5796231
2922,0.7926414,0.1934213955715633,0.7926414
2923,-0.8467273,-0.2395880366162222,-0.8467273
2924,0.7910266,0.13407022904957483,0.7910266
2925,0.7908447,-0.013666789649697537,0.7908447
2926,-0.65779895,-0.05509483834626806,-0.65779895
2927,0.5433508,-0.030659442135919146,0.5433508
2928,0.5433508,-0.030659442135919146,0.5433508
2929,0.5433508,-0.030659442135919146,0.5433508
2930,0.5433508,-0.030659442135919146,0.5433508
2931,0.5433508,-0.030659442135919146,0.5433508
2932,-0.5204902,0.09072848362793198,-0.5204902
2933,-0.5204902,0.09072848362793198,-0.5204902
2934,-0.5204902,0.09072848362793198,-0.5204902
2935,-0.5204902,0.09072848362793198,-0.5204902
2936,0.56546354,-0.000563923100305755,0.56546354
2937,0.56546354,-0.000563923100305755,0.56546354
2938,0.56546354,-0.000563923100305755,0.56546354
2939,-0.34360558,0.033455499490096054,-0.34360558
2940,-0.54881984,0.1993059280832638,-0.54881984
2941,-0.5316597,0.04408312235779614,-0.5316597
2942,-0.64436954,-0.08010911537929374,-0.64436954
2943,-0.64436954,0.04926596476820739,-0.64436954
2944,-0.64423126,0.125351888140504,-0.64423126
2945,-0.5604137,0.06876501615843528,-0.5604137
2946,-0.6940308,0.023521077529087886,-0.6940308
2947,0.6196559,0.06851290364429252,0.6196559
2948,-0.62804437,-0.01892130454205412,-0.62804437
2949,-0.80679905,-0.11935986043950009,-0.80679905
2950,-0.80679905,-0.12338747354119078,-0.80679905
2951,-0.80679905,-0.11935986043950009,-0.80679905
2952,-0.80679905,-0.12599998750660113,-0.80679905
2953,-0.80679905,-0.11935986043950009,-0.80679905
2954,-0.80679905,-0.12338747354119078,-0.80679905
2955,-0.80679905,-0.11935986043950009,-0.80679905
2956,-0.80679905,-0.11935986043950009,-0.80679905
2957,-0.80679905,-0.11935986043950009,-0.80679905
2958,-0.80679905,-0.11935986043950009,-0.80679905
2959,-0.80679905,-0.11935986043950009,-0.80679905
2960,-0.80679905,-0.12338747354119078,-0.80679905
2961,-0.80679905,-0.11935986043950009,-0.80679905
2962,-0.80679905,-0.11935986043950009,-0.80679905
2963,-0.80679905,-0.12338747354119078,-0.80679905
2964,-0.80679905,-0.11935986043950009,-0.80679905
2965,-0.80679905,-0.11935986043950009,-0.80679905
2966,-0.80679905,-0.11935986043950009,-0.80679905
2967,-0.80679905,-0.11935986043950009,-0.80679905
2968,0.80590063,0.04606219780956727,0.80590063
2969,0.80590063,0.04606219780956727,0.80590063
2970,0.8315924,0.05884845431112333,0.8315924
2971,0.8315924,0.05884845431112333,0.8315924
2972,0.8315924,0.05884845431112333,0.8315924
2973,0.8315924,0.05884845431112333,0.8315924
2974,0.8315924,0.05884845431112333,0.8315924
2975,0.8315924,0.05884845431112333,0.8315924
2976,0.8315924,0.05884845431112333,0.8315924
2977,-0.8600821,-0.016236490946604266,-0.8600821
2978,-0.8600821,0.062206017280930066,-0.8600821
2979,-0.8056974,0.01959615464848989,-0.8056974
2980,0.553168,0.10469451442798296,0.553168
2981,0.8600808,-0.1130884740221143,0.8600808
2982,-0.6214708,-0.06146596492539597,-0.6214708
2983,0.83069354,-0.035271747656255834,0.83069354
2984,-0.8289832,0.03160499135497766,-0.8289832
2985,0.8290588,0.0551907158469028,0.8290588
2986,-0.8290502,0.094972600778456,-0.8290502
2987,0.22924232,-0.09347738238287855,0.22924232
2988,-0.22924232,0.05561802865555399,-0.22924232
2989,-0.41990232,0.05358558529877074,-0.41990232
2990,-0.5672662,0.10512214046678431,-0.5672662
2991,-0.5672662,0.10512214046678431,-0.5672662
2992,-0.5672662,0.10382586815684511,-0.5672662
2993,0.7376938,0.0011880560391252682,0.7376938
2994,0.7376938,0.0011880560391252682,0.7376938
2995,-0.5524453,0.031126395076520215,-0.5524453
2996,-0.5524453,0.031126395076520215,-0.5524453
2997,0.75523627,0.054372235518344296,0.75523627
2998,0.75523627,0.05033856057495498,0.75523627
2999,-0.75523657,0.12310601252905748,-0.75523657
3000,-0.75523657,0.14810741820799175,-0.75523657
3001,-0.5817542,0.045898526265156205,-0.5817542
3002,-0.73679227,0.20196424861076478,-0.73679227
3003,0.7347181,0.2752331700241028,0.7347181
3004,0.50401074,0.09477055181363916,0.50401074
3005,0.81621206,0.22017734328035712,0.81621206
3006,0.81948256,0.10182354379314404,0.81948256
3007,0.819211,0.09473476659301781,0.819211
3008,-0.8192141,-0.11056941842603175,-0.8192141
3009,-0.53624684,0.4245845490510497,-0.53624684
3010,-0.6293946,0.033688273489993696,-0.6293946
3011,0.71882594,0.12800156436795262,0.71882594
3012,0.71985084,0.09057491975064491,0.71985084
3013,0.7191389,0.1719107622692758,0.7191389
3014,-0.71662015,-0.3907030045342107,-0.71662015
3015,-0.74940187,-0.3302609073059059,-0.74940187
3016,-0.7477261,-0.367627307065057,-0.7477261
3017,-0.7477261,-0.43736269518063037,-0.7477261
3018,0.80413735,-0.1241091074506648,0.80413735
3019,0.790092,0.05461684956453167,0.790092
3020,-0.6917076,-0.05231926799182756,-0.6917076
3021,-0.6917076,-0.16819462319985423,-0.6917076
3022,0.7396944,1.852231283859106e-05,0.7396944
3023,0.7110454,0.005521465430093587,0.7110454
3024,-0.70923746,-0.18665895915099495,-0.70923746
3025,0.7471342,0.07718168559048048,0.7471342
3026,0.7902471,0.16990660217457634,0.7902471
3027,0.7990161,0.11802561485560144,0.7990161
3028,0.78988415,0.1803226482583703,0.78988415
3029,0.031464558,0.18600410888277832,0.031464558
3030,-0.031464666,0.08861208273877084,-0.031464666
3031,-0.57312846,-0.013647385618009062,-0.57312846
3032,-0.8072209,-0.05738795552344068,-0.8072209
3033,0.8072209,-0.03572326380069394,0.8072209
3034,0.8295109,-0.07457502800547268,0.8295109
3035,0.8303066,-0.04144040583798751,0.8303066
3036,0.85008776,0.058282595875922945,0.85008776
3037,-0.83438295,-0.02835660932851495,-0.83438295
3038,-0.83438295,-0.02835660932851495,-0.83438295
3039,-0.8372707,-0.015362419840619698,-0.8372707
3040,-0.8377596,-0.09620936770389553,-0.8377596
3041,0.60220844,0.02010552822608518,0.60220844
3042,-0.03174439,-0.08412111737909606,-0.03174439
3043,-0.03174439,-0.005491696857668949,-0.03174439
3044,0.60220844,0.02010552822608518,0.60220844
3045,0.638867,0.16106009677713434,0.638867
3046,-0.70914197,-0.30376686359097554,-0.70914197
3047,-0.7044238,-0.35139106085690686,-0.7044238
3048,-0.019773124,0.32818534121777093,-0.019773124
3049,-0.7621663,-0.3479954561542708,-0.7621663
3050,0.80188555,0.2312967708365432,0.80188555
3051,0.80188555,0.2312967708365432,0.80188555
3052,-0.58365357,-0.0005351768102574122,-0.58365357
3053,0.61998916,0.0842057763449955,0.61998916
3054,0.61998916,0.0842057763449955,0.61998916
3055,0.61998916,0.0842057763449955,0.61998916
3056,0.61998916,0.0842057763449955,0.61998916
3057,0.61998916,0.0842057763449955,0.61998916
3058,0.61998916,0.0842057763449955,0.61998916
3059,0.61998916,0.0842057763449955,0.61998916
3060,0.61998916,0.0842057763449955,0.61998916
3061,0.61998916,0.0842057763449955,0.61998916
3062,0.61998916,0.0842057763449955,0.61998916
3063,-0.65627015,-0.21586300307489154,-0.65627015
3064,0.76089144,0.15070738956654137,0.76089144
3065,0.76089144,0.12425946162192611,0.76089144
3066,-0.6187224,0.16514870416903202,-0.6187224
3067,-0.6187224,0.16514870416903202,-0.6187224
3068,0.6127799,0.07301515798803404,0.6127799
3069,0.6127799,0.07301515798803404,0.6127799
3070,0.6127799,0.07301515798803404,0.6127799
3071,0.6127799,0.07301515798803404,0.6127799
3072,-0.6127858,0.08219880463922782,-0.6127858
3073,0.5213991,-0.027730158624793548,0.5213991
3074,0.5213991,-0.027730158624793548,0.5213991
3075,0.5213991,-0.027730158624793548,0.5213991
3076,0.5213991,-0.027730158624793548,0.5213991
3077,-0.52141964,0.13813902848217116,-0.52141964
3078,-0.52141964,0.13813902848217116,-0.52141964
3079,-0.52141964,0.13813902848217116,-0.52141964
3080,-0.52141964,0.13813902848217116,-0.52141964
3081,-0.52141964,0.13813902848217116,-0.52141964
3082,-0.52141964,0.13813902848217116,-0.52141964
3083,-0.53349423,0.37136135148063737,-0.53349423
3084,-0.53349423,0.37136135148063737,-0.53349423
3085,-0.53349423,0.37136135148063737,-0.53349423
3086,0.53350395,-0.2164727160960808,0.53350395
3087,0.53350395,-0.2164727160960808,0.53350395
3088,0.53350395,-0.2164727160960808,0.53350395
3089,0.53350395,-0.2164727160960808,0.53350395
3090,0.077561185,0.06869737013324288,0.077561185
3091,-0.5311932,0.13381218376776044,-0.5311932
3092,-0.52111894,0.38700705736001106,-0.52111894
3093,0.6231091,-0.07368572494486075,0.6231091
3094,0.8285996,0.024825662632612423,0.8285996
3095,-0.8285903,0.08603985317889856,-0.8285903
3096,-0.56233853,0.0343244863452003,-0.56233853
3097,-0.7592351,0.01834239864465296,-0.7592351
3098,-0.70822877,-0.34761059586931464,-0.70822877
3099,-0.70822877,-0.34761059586931464,-0.70822877
3100,0.6449529,-0.005880037473031089,0.6449529
3101,0.6449529,-0.005880037473031089,0.6449529
3102,0.6449529,-0.005880037473031089,0.6449529
3103,0.6449529,-0.005880037473031089,0.6449529
3104,0.6449529,-0.005880037473031089,0.6449529
3105,0.6447723,0.10990247319134126,0.6447723
3106,-0.46654072,-0.025485343208897848,-0.46654072
3107,-0.46654072,-0.025485343208897848,-0.46654072
3108,0.6187651,-0.009449432203116266,0.6187651
3109,-0.46654072,-0.025485343208897848,-0.46654072
3110,0.7325227,0.229527493556861,0.7325227
3111,0.7336402,0.2935780528350053,0.7336402
3112,0.7109877,0.030376776940752644,0.7109877
3113,-0.030689375,-0.1144938531983446,-0.030689375
3114,0.6168639,-0.08720167846365885,0.6168639
3115,-0.6305397,-0.049049671387940544,-0.6305397
3116,0.6196032,0.03677361872435436,0.6196032
3117,0.61992097,0.03099242966873942,0.61992097
3118,0.6188171,0.04702851149486263,0.6188171
3119,-0.82914066,-0.16724853461569006,-0.82914066
3120,0.48853877,0.16607842701355005,0.48853877
3121,0.3070999,0.03287306640916173,0.3070999
3122,-0.3070999,0.11479356151448435,-0.3070999
3123,-0.49387902,0.1284341992199034,-0.49387902
3124,0.680317,0.14970713832328061,0.680317
3125,-0.9044416,-0.18709592184381074,-0.9044416
3126,0.9044416,0.14889463227390226,0.9044416
3127,-0.43057105,0.08850288343462838,-0.43057105
3128,0.88835317,-0.04501860419104926,0.88835317
3129,0.6280365,0.11622732392016585,0.6280365
3130,-0.6201707,0.12188384751593218,-0.6201707
3131,-0.6201707,0.12188384751593218,-0.6201707
3132,-0.6201707,0.12188384751593218,-0.6201707
3133,0.6201526,0.061109555194234375,0.6201526
3134,0.6201526,0.061109555194234375,0.6201526
3135,0.76155967,0.08456782732476581,0.76155967
3136,-0.75076324,0.08886327712469935,-0.75076324
3137,-0.4278888,0.05684501991412156,-0.4278888
3138,-0.6974486,-0.21757699451512535,-0.6974486
3139,-0.4935806,0.05812035419581351,-0.4935806
3140,0.45050415,0.08379607667795119,0.45050415
3141,0.45940465,0.23830927650535227,0.45940465
3142,-0.4505274,0.09458013692367513,-0.4505274
3143,-0.038609646,0.13209469169784474,-0.038609646
3144,0.45121932,-0.04532852321267071,0.45121932
3145,0.7194236,0.20554242912495568,0.7194236
3146,-0.71941054,-0.4139237317104582,-0.71941054
3147,-0.7697975,-0.27979360019184063,-0.7697975
3148,-0.7697975,-0.27979360019184063,-0.7697975
3149,0.61931074,0.10280678539432458,0.61931074
3150,-0.39486328,-0.021899657011324684,-0.39486328
3151,-0.6220974,0.08607022720976056,-0.6220974
3152,0.718379,0.16852336502769238,0.718379
3153,-0.5237353,-0.04719592729091916,-0.5237353
3154,-0.74673796,-0.3056098611238676,-0.74673796
3155,0.85311365,-0.013903818168159754,0.85311365
3156,-0.83080894,0.07973759259556537,-0.83080894
3157,-0.5441988,0.055515570290586444,-0.5441988
3158,0.3566361,0.004087646020860571,0.3566361
3159,0.49268803,0.05569124323048182,0.49268803
3160,0.49268803,0.05569124323048182,0.49268803
3161,0.42243463,0.0894021431849647,0.42243463
3162,0.42243463,0.0894021431849647,0.42243463
3163,-0.42244163,0.05584174872628037,-0.42244163
3164,-0.02469989,-0.03741325839591077,-0.02469989
3165,-0.66301966,0.10345256345479587,-0.66301966
3166,-0.646118,-0.0710064012669438,-0.646118
3167,-0.47888324,0.004746894687211341,-0.47888324
3168,0.64586914,0.05487848104845875,0.64586914
3169,-0.6922125,-0.1297720920446375,-0.6922125
3170,0.79091495,0.0003498061277661122,0.79091495
3171,0.64140433,0.2199901998741003,0.64140433
3172,0.80875874,0.22614966738917114,0.80875874
3173,-0.44595835,0.04137441491239144,-0.44595835
3174,0.44594586,0.2291142331061147,0.44594586
3175,-0.61334175,0.1705116098680682,-0.61334175
3176,-0.6164445,0.18017954184703702,-0.6164445
3177,-0.6199181,0.21503779894590325,-0.6199181
3178,-0.6199181,0.21503779894590325,-0.6199181
3179,0.85032463,0.012935504475910659,0.85032463
3180,0.83100414,-0.026378746760516367,0.83100414
3181,0.83311886,-0.034737545566312845,0.83311886
3182,0.83311886,0.029650526425552895,0.83311886
3183,0.83311886,-0.12016241059217023,0.83311886
3184,0.83311886,-0.12016241059217023,0.83311886
3185,0.83311886,-0.12016241059217023,0.83311886
3186,0.83311886,-0.12016241059217023,0.83311886
3187,0.83311886,-0.12016241059217023,0.83311886
3188,0.83311886,-0.12016241059217023,0.83311886
3189,0.83311886,-0.12016241059217023,0.83311886
3190,0.83311886,-0.12016241059217023,0.83311886
3191,0.83311886,-0.12016241059217023,0.83311886
3192,0.83311886,-0.12016241059217023,0.83311886
3193,0.83311886,-0.12016241059217023,0.83311886
3194,-0.8103917,-0.16685345293347364,-0.8103917
3195,-0.8103917,-0.22926320045050144,-0.8103917
3196,-0.8103917,-0.22926320045050144,-0.8103917
3197,-0.8103917,-0.22926320045050144,-0.8103917
3198,0.8292725,-0.0690761519790613,0.8292725
3199,0.8292725,-0.0690761519790613,0.8292725
3200,-0.8331261,0.020068080972594382,-0.8331261
3201,-0.8331261,0.020068080972594382,-0.8331261
3202,0.75658,0.03472505214011007,0.75658
3203,0.73463315,0.1281775628514677,0.73463315
3204,0.83257717,0.10013802948139625,0.83257717
3205,0.7616887,0.00450396576388026,0.7616887
3206,-0.43248528,0.10438955045583607,-0.43248528
3207,0.459766,0.22111903323199358,0.459766
3208,-0.46156374,0.13993913800254876,-0.46156374
3209,0.48750746,0.2706847613230745,0.48750746
3210,0.51701313,0.07947021252521529,0.51701313
3211,-0.7093431,-0.34673258461210776,-0.7093431
3212,-0.7093431,-0.34673258461210776,-0.7093431
3213,-0.7093431,-0.34673258461210776,-0.7093431
3214,-0.7093431,-0.34673258461210776,-0.7093431
3215,-0.7093431,-0.4084091267611975,-0.7093431
3216,-0.7093431,-0.4084091267611975,-0.7093431
3217,0.75371855,-0.03871800787562085,0.75371855
3218,-0.69662094,-0.1469502962892926,-0.69662094
3219,0.5722736,0.09501480366694345,0.5722736
3220,0.7076093,0.12211874029050532,0.7076093
3221,0.707042,0.11630875349046675,0.707042
3222,0.6971032,0.13494112773198536,0.6971032
3223,0.6963038,0.04410170954128609,0.6963038
3224,-0.69755226,-0.24386373445271262,-0.69755226
3225,0.75625837,0.05051792854759927,0.75625837
3226,-0.7516817,0.10622020443053967,-0.7516817
3227,0.7367145,-0.07830214180752916,0.7367145
3228,0.7903183,0.041330548459475175,0.7903183
3229,0.78849304,0.014689464429189333,0.78849304
3230,-0.62206423,0.20037476172285967,-0.62206423
3231,0.42919633,-0.04783120864778756,0.42919633
3232,0.41792768,0.09512390516980133,0.41792768
3233,-0.03837899,0.07395034819715181,-0.03837899
3234,-0.8286024,-0.09749475249760856,-0.8286024
3235,-0.8286024,-0.16243967436580203,-0.8286024
3236,-0.8286024,-0.09749475249760856,-0.8286024
3237,-0.8286024,-0.16243967436580203,-0.8286024
3238,-0.8286024,-0.16243967436580203,-0.8286024
3239,0.8286024,0.013540631051883422,0.8286024
3240,0.8286024,0.013540631051883422,0.8286024
3241,0.8286024,0.14831218213352368,0.8286024
3242,0.8286024,0.14831218213352368,0.8286024
3243,0.8286024,0.14831218213352368,0.8286024
3244,0.8286024,0.013540631051883422,0.8286024
3245,0.8286024,0.013540631051883422,0.8286024
3246,0.8286024,0.14831218213352368,0.8286024
3247,0.8286024,0.14831218213352368,0.8286024
3248,0.8286024,0.14831218213352368,0.8286024
3249,0.8286024,0.013540631051883422,0.8286024
3250,0.8025663,0.024959232793826423,0.8025663
3251,0.8025663,0.094560704718879,0.8025663
3252,-0.8025663,-0.0356368029147385,-0.8025663
3253,0.8025663,0.094560704718879,0.8025663
3254,0.8025663,0.094560704718879,0.8025663
3255,0.8025663,0.094560704718879,0.8025663
3256,-0.8268014,-0.09415046430353313,-0.8268014
3257,0.8268014,0.09316412836100495,0.8268014
3258,0.8268014,0.09316412836100495,0.8268014
3259,0.8268014,0.09316412836100495,0.8268014
3260,0.8268014,0.09316412836100495,0.8268014
3261,0.8268014,0.09316412836100495,0.8268014
3262,0.8268014,0.09316412836100495,0.8268014
3263,0.8268014,0.09316412836100495,0.8268014
3264,0.7970469,-0.01568949275551882,0.7970469
3265,0.8349821,0.029599803987271817,0.8349821
3266,0.8304741,0.04926449297352018,0.8304741
3267,-0.8304739,0.027715650872339615,-0.8304739
3268,0.8076948,0.08761823567481396,0.8076948
3269,-0.82785624,-0.012822763313130446,-0.82785624
3270,0.67177254,0.12298904222199308,0.67177254
3271,0.67177254,0.12298904222199308,0.67177254
3272,0.67177254,0.12298904222199308,0.67177254
3273,0.67177254,0.12298904222199308,0.67177254
3274,0.67177254,0.12298904222199308,0.67177254
3275,0.7411748,0.11170917554266746,0.7411748
3276,-0.6976178,-0.21849630768499842,-0.6976178
3277,-0.6976178,-0.10325127096675407,-0.6976178
3278,-0.6976178,-0.21849630768499842,-0.6976178
3279,-0.6976178,-0.21849630768499842,-0.6976178
3280,-0.568066,-0.008921446552730352,-0.568066
3281,-0.57023275,0.034890002411228756,-0.57023275
3282,-0.57023275,0.034890002411228756,-0.57023275
3283,-0.69651437,-0.03127277381217486,-0.69651437
3284,0.7519666,-0.017259218576017116,0.7519666
3285,-0.65710163,-0.09126683901693186,-0.65710163
3286,-0.6959787,0.015526218481710463,-0.6959787
3287,0.74065924,-0.10878807071915157,0.74065924
3288,0.74065924,0.12029543347043285,0.74065924
3289,-0.45446113,0.18083606656624962,-0.45446113
3290,-0.43280423,0.13134592968088327,-0.43280423
3291,0.8408131,0.2789492732683561,0.8408131
3292,-0.031460695,0.07026671183635759,-0.031460695
3293,0.8280833,0.10308420652311248,0.8280833
3294,-0.8280827,0.06741451085674324,-0.8280827
3295,0.3893473,-0.028763301340683025,0.3893473
3296,-0.644659,-0.04576575958293537,-0.644659
3297,0.7191225,0.1730884327245941,0.7191225
3298,-0.749876,-0.36504927603210147,-0.749876
3299,0.02404752,0.04343282955269331,0.02404752
3300,0.8197074,0.2701972146674574,0.8197074
3301,0.8197074,0.2701972146674574,0.8197074
3302,0.8178529,0.07205937202635392,0.8178529
3303,-0.8341693,-0.13049396264636534,-0.8341693
3304,-0.8018279,-0.16045425871498095,-0.8018279
3305,0.83417046,0.21239230003509554,0.83417046
3306,-0.604201,0.048800170998863884,-0.604201
3307,0.7628788,0.01562890875285661,0.7628788
3308,0.7534653,-0.022228973347753138,0.7534653
3309,-0.37479421,-0.021383098797186893,-0.37479421
3310,0.8322533,-0.004283945744644781,0.8322533
3311,-0.8509675,-0.12669621881132417,-0.8509675
3312,0.8033991,-0.10401756163282404,0.8033991
3313,0.8033991,0.007666472400260811,0.8033991
3314,0.8033991,0.007666472400260811,0.8033991
3315,-0.829498,-0.06841199900713611,-0.829498
3316,-0.829498,-0.10809144421487171,-0.829498
3317,-0.8296867,0.1109995714884569,-0.8296867
3318,-0.8296867,0.1109995714884569,-0.8296867
3319,-0.8325399,-0.0005889256039815858,-0.8325399
3320,-0.8325399,-0.0002755158158557862,-0.8325399
3321,0.63558406,-0.015611706378524874,0.63558406
3322,0.63558406,-0.03805093644976254,0.63558406
3323,-0.63558406,0.0034778959216900836,-0.63558406
3324,-0.8503146,-0.01978354205853818,-0.8503146
3325,-0.07869514,-0.1094412079955308,-0.07869514
3326,0.64601594,0.12779984802359376,0.64601594
3327,0.6348235,0.1734217076379754,0.6348235
3328,-0.08492007,0.07741397971632594,-0.08492007
3329,-0.06510209,-0.04599158182967562,-0.06510209
3330,0.59567994,0.06924679748750875,0.59567994
3331,0.788923,0.10134785232453075,0.788923
3332,-0.5266486,0.30855318304470214,-0.5266486
3333,-0.44072098,0.0197507937100981,-0.44072098
3334,-0.13957804,0.09262275187444013,-0.13957804
3335,-0.030959595,0.06175450302064962,-0.030959595
3336,-0.081080996,0.04263031159424737,-0.081080996
3337,-0.61932045,0.03358897902216874,-0.61932045
3338,0.61932045,0.05864246717979002,0.61932045
3339,0.61932045,0.05864246717979002,0.61932045
3340,0.61932045,0.05864246717979002,0.61932045
3341,0.61932045,0.05864246717979002,0.61932045
3342,0.44848764,0.06501904291896261,0.44848764
3343,0.61959404,0.055331297534986425,0.61959404
3344,-0.6180951,0.25236513624665574,-0.6180951
3345,0.616416,0.076638198575746,0.616416
3346,-0.7613087,-0.31154780511891234,-0.7613087
3347,-0.61642426,0.00036405708480808643,-0.61642426
3348,-0.7572745,-0.26940340014193576,-0.7572745
3349,0.75727504,0.09170567079839949,0.75727504
3350,0.7566712,0.3149759017125864,0.7566712
3351,-0.4109339,0.0662602761125047,-0.4109339
3352,0.49366924,0.09116070599747374,0.49366924
3353,0.5884452,0.1733194751371734,0.5884452
3354,-0.5245928,0.2917186200169559,-0.5245928
3355,0.6452038,0.07618079666504815,0.6452038
3356,0.6452038,0.039647080380560355,0.6452038
3357,0.6452038,0.07618079666504815,0.6452038
3358,0.6452038,0.07618079666504815,0.6452038
3359,0.642337,0.10038803994919866,0.642337
3360,0.64312136,0.03098871124570577,0.64312136
3361,-0.48679212,0.08319938503444406,-0.48679212
3362,-0.566422,0.12032949272264234,-0.566422
3363,-0.566422,0.12032949272264234,-0.566422
3364,0.6392466,0.039571976350829735,0.6392466
3365,0.6392466,0.039571976350829735,0.6392466
3366,0.6392466,0.039571976350829735,0.6392466
3367,0.64330536,0.037304805838704616,0.64330536
3368,0.64330536,0.037304805838704616,0.64330536
3369,-0.63920516,-0.03458323125078299,-0.63920516
3370,-0.62190336,0.04727463728632408,-0.62190336
3371,0.6816359,0.0954545829354834,0.6816359
3372,-0.7502114,-0.19983754465925344,-0.7502114
3373,-0.7502114,-0.3738174403952403,-0.7502114
3374,0.6200758,0.07778114542113637,0.6200758
3375,0.61994356,0.009481956068494283,0.61994356
3376,-0.62155247,0.2579674613643134,-0.62155247
3377,0.61994356,0.009481956068494283,0.61994356
3378,0.61876947,0.013749815775605367,0.61876947
3379,0.7108644,0.03864485830927733,0.7108644
3380,0.54125696,0.12840083117764928,0.54125696
3381,0.019589026,-0.030020694643477005,0.019589026
3382,-0.026152106,-0.17632863900208548,-0.026152106
3383,0.49703252,0.16406854417619537,0.49703252
3384,-0.82994837,0.04532810722499732,-0.82994837
3385,0.744825,0.034373770972520416,0.744825
3386,-0.08986356,0.050412670169003346,-0.08986356
3387,0.70813847,0.054126222543033814,0.70813847
3388,0.6363225,0.12413043199838232,0.6363225
3389,-0.53077507,0.12417281202352809,-0.53077507
3390,-0.53077507,0.12417281202352809,-0.53077507
3391,-0.61932415,0.023870760323275377,-0.61932415
3392,0.74978095,0.2649643417781979,0.74978095
3393,0.6200964,0.041721039870742396,0.6200964
3394,0.8101228,0.09901885825199981,0.8101228
3395,-0.8251688,0.012067597807299088,-0.8251688
3396,-0.8383471,0.08555518200925744,-0.8383471
3397,0.55366373,0.1079706645593027,0.55366373
3398,-0.56338173,0.07943041396219937,-0.56338173
3399,0.49682608,0.16899263860424846,0.49682608
3400,-0.8095221,-0.44021227619192443,-0.8095221
3401,0.7615392,-0.0679263260514529,0.7615392
3402,0.70841056,0.12860900824347388,0.70841056
3403,-0.50802714,0.057217338223863545,-0.50802714
3404,0.45904893,0.08214944983576727,0.45904893
3405,-0.5129459,0.0337830556594336,-0.5129459
3406,0.48998162,0.09477476779318193,0.48998162
3407,-0.48753485,0.0543479430533469,-0.48753485
3408,0.44509307,0.09356795966003499,0.44509307
3409,-0.4544444,0.15208951881358054,-0.4544444
3410,0.6427114,0.06533771416603787,0.6427114
3411,0.6416238,0.08852016934868674,0.6416238
3412,-0.90448713,-0.05086124358669919,-0.90448713
3413,-0.7498031,-0.4015795743304444,-0.7498031
3414,-0.7487921,-0.44823448577624664,-0.7487921
3415,0.72336435,0.24534884766649734,0.72336435
3416,0.7971085,0.25936724700889074,0.7971085
3417,0.8452871,-0.027902690090577643,0.8452871
3418,0.8452871,-0.026291530649869038,0.8452871
3419,-0.8441939,0.0007735810374181222,-0.8441939
3420,-0.84528804,0.024739971150221345,-0.84528804
3421,0.8323766,0.0514055626243461,0.8323766
3422,0.5558446,0.10500891935491895,0.5558446
3423,0.83433515,0.09301954094107798,0.83433515
3424,0.8239897,0.03181621404591395,0.8239897
3425,0.8323303,0.10355279499558129,0.8323303
3426,0.8403163,0.030136525843196427,0.8403163
3427,-0.84803194,0.02638365884487593,-0.84803194
3428,0.82559174,0.04285585921340948,0.82559174
3429,-0.80879873,0.05580704721028537,-0.80879873
3430,0.80879873,-0.10447925770448281,0.80879873
3431,0.47032166,0.13765295652571752,0.47032166
3432,-0.83757585,-0.018843973899118766,-0.83757585
3433,0.8295086,-0.05220836033316051,0.8295086
3434,0.5350362,0.09279654356698526,0.5350362
3435,0.54266113,0.18585248555249045,0.54266113
3436,0.7976877,0.4002494282717056,0.7976877
3437,0.78524715,0.2730334693614846,0.78524715
3438,0.72006214,-0.014097487163781406,0.72006214
3439,0.5896564,0.08793592945800058,0.5896564
3440,0.75486904,-0.014393881883540696,0.75486904
3441,-0.8767629,-0.3253988529551551,-0.8767629
3442,-0.44842556,0.14778240567061823,-0.44842556
3443,-0.44842556,0.14778240567061823,-0.44842556
3444,-0.44842556,0.14778240567061823,-0.44842556
3445,-0.44842556,0.14778240567061823,-0.44842556
3446,-0.44842556,0.14778240567061823,-0.44842556
3447,-0.44842556,0.14778240567061823,-0.44842556
3448,0.76128906,0.17310876233939018,0.76128906
3449,0.61747336,0.0761411972582951,0.61747336
3450,0.849413,-0.08159435465578604,0.849413
3451,-0.83101535,-0.10822415127188424,-0.83101535
3452,-0.8034489,-0.08937311615092226,-0.8034489
3453,-0.8034489,-0.11100648314068791,-0.8034489
3454,-0.8034489,-0.11100648314068791,-0.8034489
3455,0.8340699,0.05349408614484928,0.8340699
3456,0.8340699,0.05349408614484928,0.8340699
3457,0.8340699,-0.019089926196153118,0.8340699
3458,0.8340699,0.05349408614484928,0.8340699
3459,0.8340699,0.05349408614484928,0.8340699
3460,0.8340699,0.05349408614484928,0.8340699
3461,0.8340699,-0.019089926196153118,0.8340699
3462,0.8340699,0.05349408614484928,0.8340699
3463,0.8340699,0.05349408614484928,0.8340699
3464,0.8340699,-0.019089926196153118,0.8340699
3465,0.8340699,-0.019089926196153118,0.8340699
3466,0.8340699,0.05349408614484928,0.8340699
3467,0.8340699,0.05349408614484928,0.8340699
3468,0.83963996,-0.027764744540719696,0.83963996
3469,0.8081814,-0.04131991255048301,0.8081814
3470,0.8310209,-0.011557571304584704,0.8310209
3471,0.8354669,0.03462400961272171,0.8354669
3472,0.848001,-0.043532969479774954,0.848001
3473,-0.8545299,0.016320415116123643,-0.8545299
3474,0.82788324,0.06799934500735946,0.82788324
3475,0.8583491,0.05213582790396538,0.8583491
3476,0.5426242,0.11118045511445637,0.5426242
3477,0.8302056,-0.00498062519649958,0.8302056
3478,-0.83931535,0.03197750627391409,-0.83931535
3479,0.7144241,0.1174814606567022,0.7144241
3480,0.7144241,0.16156319203553007,0.7144241
3481,0.7144241,0.16156319203553007,0.7144241
3482,0.69669116,0.12193785634220138,0.69669116
3483,0.69669116,0.10852680382914548,0.69669116
3484,0.69669116,0.10852680382914548,0.69669116
3485,-0.71197826,-0.1380589333300645,-0.71197826
3486,-0.71197826,-0.1380589333300645,-0.71197826
3487,-0.70586777,-0.29170196353614536,-0.70586777
3488,-0.70586777,-0.2576450662691215,-0.70586777
3489,0.75888664,-0.01277442308463397,0.75888664
3490,0.75888664,-0.04598014093008396,0.75888664
3491,0.7587788,-0.08137916200008846,0.7587788
3492,0.59027475,0.0969213766500885,0.59027475
3493,0.7760646,0.049384150598982914,0.7760646
3494,-0.5679686,0.01616217926503345,-0.5679686
3495,-0.5690429,0.03331305043700308,-0.5690429
3496,-0.5546607,0.07213317469641542,-0.5546607
3497,-0.5847736,0.019064632421509964,-0.5847736
3498,0.76796603,0.05811443742754288,0.76796603
3499,-0.7730577,0.10148858755389664,-0.7730577
3500,0.5847692,-0.015594026628130492,0.5847692
3501,0.7385506,-0.052378406593582075,0.7385506
3502,0.7562728,0.09239521605099228,0.7562728
3503,0.7368699,-0.007273540265991916,0.7368699
3504,0.7514433,0.06077136275456415,0.7514433
3505,0.74531263,-0.04611585765074167,0.74531263
3506,0.6458378,0.0420117192384824,0.6458378
3507,0.73994637,0.015322722219336737,0.73994637
3508,0.4296544,0.19361048856272534,0.4296544
3509,0.49210298,0.2337558443969583,0.49210298
3510,0.4608305,0.15984446396852753,0.4608305
3511,0.46291873,0.09002876835559669,0.46291873
3512,0.6220913,-0.09867266519442998,0.6220913
3513,0.6220913,-0.09867266519442998,0.6220913
3514,0.6220913,-0.09867266519442998,0.6220913
3515,-0.6217099,0.26864459041799793,-0.6217099
3516,-0.6217099,0.26864459041799793,-0.6217099
3517,-0.6217099,0.26864459041799793,-0.6217099
3518,0.6220913,-0.09867266519442998,0.6220913
3519,-0.033973116,0.1336808629767745,-0.033973116
3520,-0.0370701,0.22742116007746707,-0.0370701
3521,-0.010551926,0.08762154725760332,-0.010551926
3522,-0.010551926,0.08762154725760332,-0.010551926
3523,0.78177196,-0.045547251663911395,0.78177196
3524,0.6195485,-0.010621369833859697,0.6195485
3525,0.6195485,-0.010621369833859697,0.6195485
3526,0.6195485,-0.010621369833859697,0.6195485
3527,0.6195485,-0.010621369833859697,0.6195485
3528,0.6194693,0.014721331992403022,0.6194693
3529,0.6194693,0.014721331992403022,0.6194693
3530,0.6194693,0.014721331992403022,0.6194693
3531,0.6194693,0.014721331992403022,0.6194693
3532,-0.6194686,0.12768288086960164,-0.6194686
3533,-0.6194686,0.12768288086960164,-0.6194686
3534,-0.6194686,0.12768288086960164,-0.6194686
3535,-0.61697525,0.2313748754487227,-0.61697525
3536,-0.61697525,0.2313748754487227,-0.61697525
3537,-0.61697525,0.2313748754487227,-0.61697525
3538,-0.7612707,-0.39416449183035357,-0.7612707
3539,0.61697257,0.06445695122911917,0.61697257
3540,0.61697257,0.06445695122911917,0.61697257
3541,0.61697257,0.06445695122911917,0.61697257
3542,0.6169913,0.10181806108789482,0.6169913
3543,0.6169913,0.10181806108789482,0.6169913
3544,0.6169913,0.10181806108789482,0.6169913
3545,-0.6169902,0.122227937945796,-0.6169902
3546,-0.6169902,0.122227937945796,-0.6169902
3547,-0.7976408,-0.12036000085477239,-0.7976408
3548,0.7976408,0.10407832418714236,0.7976408
3549,-0.7976408,-0.09429396631027652,-0.7976408
3550,-0.7976408,-0.09429396631027652,-0.7976408
3551,-0.7976408,-0.09429396631027652,-0.7976408
3552,-0.7976408,-0.09429396631027652,-0.7976408
3553,-0.7976408,-0.09429396631027652,-0.7976408
3554,0.8250728,0.04221032904895478,0.8250728
3555,0.8250728,0.04221032904895478,0.8250728
3556,0.845596,0.04551948704136702,0.845596
3557,0.845596,0.04551948704136702,0.845596
3558,0.83111846,0.0047814464236231565,0.83111846
3559,0.8304099,0.006226119128271612,0.8304099
3560,0.7108788,0.09463816133674302,0.7108788
3561,0.7170081,0.11673348397466929,0.7170081
3562,0.7381821,0.059778099275653376,0.7381821
3563,-0.03121034,0.04170992762117093,-0.03121034
3564,-0.03121034,0.04170992762117093,-0.03121034
3565,-0.030677916,0.05978113768032973,-0.030677916
3566,0.71067363,-0.16894356892079626,0.71067363
3567,-0.03154464,0.03501875249749467,-0.03154464
3568,0.6336771,0.21722405241636866,0.6336771
3569,0.66960496,0.11791136256064066,0.66960496
3570,-0.069477975,0.12043403812476984,-0.069477975
3571,-0.069477975,0.12043403812476984,-0.069477975
3572,-0.6423494,-0.1016304364878105,-0.6423494
3573,0.04909542,0.05341091276347383,0.04909542
3574,0.82935387,-0.03507977794230166,0.82935387
3575,0.75211585,-0.010269505454864238,0.75211585
3576,0.73766816,-0.16497870235269405,0.73766816
3577,-0.7376729,0.12687686895766448,-0.7376729
3578,0.69702196,0.0867259298578328,0.69702196
3579,-0.70917547,-0.1823857755936399,-0.70917547
3580,0.6434984,0.05311324156545213,0.6434984
3581,0.6434984,0.05311324156545213,0.6434984
3582,0.6452852,0.006868368579989458,0.6452852
3583,0.6452852,0.006868368579989458,0.6452852
3584,0.6452852,0.006868368579989458,0.6452852
3585,0.6452852,0.006868368579989458,0.6452852
3586,0.6452852,0.006868368579989458,0.6452852
3587,0.644369,-0.03999715433421516,0.644369
3588,0.644369,-0.03999715433421516,0.644369
3589,0.644369,-0.03999715433421516,0.644369
3590,-0.6452751,0.06413246163998851,-0.6452751
3591,-0.6452751,-0.09717082593243645,-0.6452751
3592,-0.486978,0.030095196342289108,-0.486978
3593,-0.486978,0.030095196342289108,-0.486978
3594,0.030676302,0.06248875387798318,0.030676302
3595,-0.8172309,-0.06079194447907376,-0.8172309
3596,0.75897413,0.2832966317134701,0.75897413
3597,0.45798644,-0.0037322401269588483,0.45798644
3598,0.45798644,-0.0037322401269588483,0.45798644
3599,-0.45798644,-0.00037049566163470556,-0.45798644
3600,-0.62054414,0.04835542743072592,-0.62054414
3601,-0.62054414,0.04835542743072592,-0.62054414
3602,-0.62054414,0.04835542743072592,-0.62054414
3603,0.6218736,-0.10772263075167501,0.6218736
3604,0.6218736,-0.10772263075167501,0.6218736
3605,-0.6218748,0.007007950030617318,-0.6218748
3606,-0.6218748,0.007007950030617318,-0.6218748
3607,-0.6218748,0.007007950030617318,-0.6218748
3608,0.6218736,-0.10772263075167501,0.6218736
3609,0.50299114,0.28934404462427316,0.50299114
3610,-0.75571615,-0.45981209465131434,-0.75571615
3611,0.8071593,0.013819463135261289,0.8071593
3612,-0.8611148,-0.03300384545749341,-0.8611148
3613,-0.8157091,0.025744815787048073,-0.8157091
3614,0.79112643,0.13681273875691982,0.79112643
3615,0.77807873,0.1304308154818821,0.77807873
3616,-0.7762693,-0.3067312320743507,-0.7762693
3617,-0.61419195,0.08745468456151426,-0.61419195
3618,-0.7108279,-0.016977998773355346,-0.7108279
3619,0.7108254,0.013207150543478657,0.7108254
3620,0.6205099,0.10978018319905994,0.6205099
3621,-0.6200692,0.0010804218150667162,-0.6200692
3622,-0.6200692,0.0010804218150667162,-0.6200692
3623,0.82958615,-0.04465463436839806,0.82958615
3624,0.037750296,0.025075457787399,0.037750296
3625,-0.02788244,-0.1702326283544062,-0.02788244
3626,-0.030599004,0.10774088327665504,-0.030599004
3627,-0.03175382,0.14300904441115317,-0.03175382
3628,-0.05799246,0.003384964104323508,-0.05799246
3629,0.63914496,-0.06351062649058012,0.63914496
3630,0.53547215,0.0884277847965839,0.53547215
3631,0.65297085,0.16146443841720043,0.65297085
3632,0.024809644,0.1598459015783627,0.024809644
3633,-0.75653774,-0.2999868572512486,-0.75653774
3634,0.8487337,0.04776646959284327,0.8487337
3635,0.020261541,0.08062588809473359,0.020261541
3636,0.020261541,0.08062588809473359,0.020261541
3637,-0.8074236,0.05059875343543666,-0.8074236
3638,-0.8486881,0.23435995990386388,-0.8486881
3639,0.49703193,0.13950377396940786,0.49703193
3640,-0.48926526,0.10768532991536248,-0.48926526
3641,-0.49666083,0.06538627802449964,-0.49666083
3642,0.49667132,0.1640198397022292,0.49667132
3643,0.5065024,0.1631470679844908,0.5065024
3644,0.75500643,-0.053982834374452754,0.75500643
3645,0.5399973,0.17061749913814064,0.5399973
3646,0.54330355,0.1077912618919574,0.54330355
3647,0.81037265,0.0579078362875137,0.81037265
3648,-0.0093192,-0.135635996749099,-0.0093192
3649,-0.6426913,0.0267503030471766,-0.6426913
3650,0.12786968,0.14324789030032306,0.12786968
3651,0.023562143,0.08053750144876681,0.023562143
3652,-0.02591245,0.050076967377863046,-0.02591245
3653,0.019091014,0.05022943344764368,0.019091014
3654,0.63900197,-0.1066357969901765,0.63900197
3655,0.7284841,0.2340771538797573,0.7284841
3656,0.8474433,0.08685945610278527,0.8474433
3657,0.8643384,-0.015824337503256323,0.8643384
3658,-0.8597081,-0.003922124168410212,-0.8597081
3659,0.83080536,-0.07963170353681807,0.83080536
3660,0.863966,-0.011118182423327112,0.863966
3661,0.8375804,0.08280914099039045,0.8375804
3662,0.83950514,0.041835977836791285,0.83950514
3663,-0.04270915,-0.031954563154986605,-0.04270915
3664,-0.04270915,-0.031954563154986605,-0.04270915
3665,-0.8250424,-0.1634819253838465,-0.8250424
3666,-0.5679673,0.027867102879562417,-0.5679673
3667,-0.8836252,0.03909056451223661,-0.8836252
3668,-0.8193128,-0.20965167205825325,-0.8193128
3669,-0.8193128,-0.20965167205825325,-0.8193128
3670,0.7475037,-0.0979776906095293,0.7475037
3671,0.7475037,-0.0979776906095293,0.7475037
3672,-0.005557987,0.002530650659129196,-0.005557987
3673,-0.005557987,-0.04567070723827954,-0.005557987
3674,0.7220453,0.14140865480343506,0.7220453
3675,0.18785954,0.15618707963935247,0.18785954
3676,0.18785954,0.15618707963935247,0.18785954
3677,0.6213558,0.09385348243221443,0.6213558
3678,-0.9044736,-0.21993955082492408,-0.9044736
3679,-0.6161549,0.14531492254340858,-0.6161549
3680,-0.6925917,-0.013252379887482246,-0.6925917
3681,-0.8038972,-0.21208481194950127,-0.8038972
3682,0.8178487,0.10059493120167871,0.8178487
3683,-0.8178487,-0.15613493955120264,-0.8178487
3684,-0.8178487,-0.15613493955120264,-0.8178487
3685,0.8392952,0.012016710695472945,0.8392952
3686,0.813933,0.07844790521928478,0.813933
3687,0.813933,0.07844790521928478,0.813933
3688,-0.8059373,-0.18721139749072785,-0.8059373
3689,-0.80878645,-0.05066080569601556,-0.80878645
3690,-0.80878645,-0.0820416460232838,-0.80878645
3691,0.8341233,0.19278417058514447,0.8341233
3692,-0.8353062,-0.23413647989909078,-0.8353062
3693,0.83218485,-0.058808786184307946,0.83218485
3694,0.83243704,-0.09508195993583601,0.83243704
3695,-0.52597785,0.11982045531144701,-0.52597785
3696,-0.52597785,0.11982045531144701,-0.52597785
3697,0.8334261,0.1282882048270072,0.8334261
3698,-0.8193522,-0.29279455126033394,-0.8193522
3699,-0.840073,-0.1499874828585258,-0.840073
3700,-0.86864716,0.03147350344769329,-0.86864716
3701,-0.68139327,0.008131963391532092,-0.68139327
3702,0.8271275,0.12097848899340961,0.8271275
3703,0.813607,0.0627824740166999,0.813607
3704,-0.85294807,0.11175189269615525,-0.85294807
3705,-0.8729858,-0.32932130503286267,-0.8729858
3706,-0.71101284,-0.0999942720067278,-0.71101284
3707,0.8349688,0.013974274253641401,0.8349688
3708,-0.4180363,0.0367234098980244,-0.4180363
3709,0.7810151,0.1018632036634919,0.7810151
3710,-0.6960277,-0.053821765829799355,-0.6960277
3711,0.67420954,0.08251665229794286,0.67420954
3712,-0.6337981,-0.04004273760207048,-0.6337981
3713,0.7561844,0.069601014940634,0.7561844
3714,-0.5613523,-0.008675516026707452,-0.5613523
3715,-0.82974213,0.126322547976402,-0.82974213
3716,0.82980174,-0.09729374674860941,0.82980174
3717,-0.08759468,0.09535319296762118,-0.08759468
3718,0.08759002,0.10460206184748533,0.08759002
3719,0.81816787,0.14356207420070402,0.81816787
3720,0.79285485,0.25557418991251596,0.79285485
3721,0.79285485,0.25557418991251596,0.79285485
3722,-0.03276274,0.1483775549504673,-0.03276274
3723,0.05892679,0.1765744666642076,0.05892679
3724,-0.037107687,0.14321486804937317,-0.037107687
3725,0.5789594,-0.0653989081154089,0.5789594
3726,-0.75126153,-0.3166905502329505,-0.75126153
3727,0.71891093,-0.09492022621240583,0.71891093
3728,-0.65085393,-0.013365842837724398,-0.65085393
3729,0.71973455,0.21058705277470455,0.71973455
3730,0.67654485,0.11143145431858803,0.67654485
3731,-0.748402,-0.23423586799628596,-0.748402
3732,0.44832957,0.0886430742499912,0.44832957
3733,0.81631255,-0.06269008418024714,0.81631255
3734,0.81631255,-0.06269008418024714,0.81631255
3735,0.81631255,0.08086285325951133,0.81631255
3736,0.8197291,0.04150229555854542,0.8197291
3737,-0.84978575,-0.07488769732703748,-0.84978575
3738,-0.84978575,-0.07488769732703748,-0.84978575
3739,-0.47213197,0.14144372502282979,-0.47213197
3740,-0.47213197,0.14144372502282979,-0.47213197
3741,0.52725697,0.04252432947829967,0.52725697
3742,0.52725697,0.04252432947829967,0.52725697
3743,0.5270206,0.07363225031560122,0.5270206
3744,-0.44858348,0.10855242884591262,-0.44858348
3745,0.83334863,-0.035369943685197074,0.83334863
3746,0.8187659,0.00504129438287692,0.8187659
3747,-0.65885305,-0.047689517568070244,-0.65885305
3748,0.8662816,0.07690289617534454,0.8662816
3749,-0.80531514,-0.0370675618570221,-0.80531514
3750,0.80677325,-0.0631062890009696,0.80677325
3751,-0.8624127,-0.09169474850950704,-0.8624127
3752,0.8537067,0.03398253897144456,0.8537067
3753,0.8146948,0.043799565166897474,0.8146948
3754,0.71527404,0.0933800409754942,0.71527404
3755,0.71527404,0.1260525808795929,0.71527404
3756,0.71527404,0.09196309396487634,0.71527404
3757,0.69798976,-0.015449632543548242,0.69798976
3758,-0.6855575,-0.043593298722848166,-0.6855575
3759,-0.6855575,-0.06777532406436315,-0.6855575
3760,0.7552087,0.002877721157286398,0.7552087
3761,0.7552087,0.002877721157286398,0.7552087
3762,0.71077627,0.0579866962191459,0.71077627
3763,-0.69588906,-0.10789321694917287,-0.69588906
3764,-0.56333935,0.0001712836163117043,-0.56333935
3765,-0.5761461,0.050583604047861594,-0.5761461
3766,0.74869096,-0.07806579382860253,0.74869096
3767,-0.74788785,-0.1037349395495927,-0.74788785
3768,0.73900485,0.035316130283227706,0.73900485
3769,0.6980866,0.011242210786356127,0.6980866
3770,0.77548987,-0.05129507992939901,0.77548987
3771,-0.5801618,0.04558073718683221,-0.5801618
3772,-0.030494597,0.08384170259404336,-0.030494597
3773,-0.03017812,0.06755357582159087,-0.03017812
3774,-0.03036698,-0.002674258007930154,-0.03036698
3775,-0.03036698,-0.002674258007930154,-0.03036698
3776,-0.03764541,0.04198276056639008,-0.03764541
3777,-0.05604675,0.1295220672017522,-0.05604675
3778,0.05399079,0.1680462768027918,0.05399079
3779,0.42607668,0.023688386934247223,0.42607668
3780,0.45122832,0.08179232846191424,0.45122832
3781,0.6195181,0.20624438822674482,0.6195181
3782,-0.07034363,0.09583815979427276,-0.07034363
3783,-0.07034363,0.09583815979427276,-0.07034363
3784,-0.06581534,0.2159772970639069,-0.06581534
3785,-0.069504246,0.1139427930748454,-0.069504246
3786,-0.069504246,0.1139427930748454,-0.069504246
3787,-0.06877329,0.11908287637626627,-0.06877329
3788,0.18299454,0.1111682851342916,0.18299454
3789,0.8287276,-0.029941436656031387,0.8287276
3790,0.8287276,-0.029941436656031387,0.8287276
3791,-0.82958716,0.03023463010395411,-0.82958716
3792,-0.82958716,0.03023463010395411,-0.82958716
3793,0.8295806,-0.10315942369773527,0.8295806
3794,-0.8283458,0.04144894424883271,-0.8283458
3795,0.8302006,-0.02545995481085379,0.8302006
3796,0.8530193,-0.07233290477849984,0.8530193
3797,-0.043888185,-0.09948128776416706,-0.043888185
3798,0.09651711,0.07709024861260978,0.09651711
3799,-0.051380944,0.10274992759778698,-0.051380944
3800,0.5330871,-0.08673716830642715,0.5330871
3801,0.5330871,-0.08673716830642715,0.5330871
3802,0.5330871,-0.08673716830642715,0.5330871
3803,0.5330871,-0.08673716830642715,0.5330871
3804,0.5330871,-0.08673716830642715,0.5330871
3805,-0.53299445,0.20391327648294605,-0.53299445
3806,-0.53299445,0.20391327648294605,-0.53299445
3807,-0.53299445,0.20391327648294605,-0.53299445
3808,0.094939366,-0.003318179055684575,0.094939366
3809,0.094939366,-0.003318179055684575,0.094939366
3810,-0.96322525,-0.38988469374316737,-0.96322525
3811,-0.80742496,-0.10249163551966575,-0.80742496
3812,0.6973027,0.09463850125705581,0.6973027
3813,0.8215147,-0.011370791315962605,0.8215147
3814,-0.321383,0.009852983546742028,-0.321383
3815,0.7797657,0.4177036243098154,0.7797657
3816,-0.09001113,-0.1304904256895039,-0.09001113
3817,-0.47495946,0.1748734846408398,-0.47495946
3818,-0.6164397,0.118219833034697,-0.6164397
3819,0.7119809,0.021753581410972687,0.7119809
3820,0.7119809,0.021753581410972687,0.7119809
3821,-0.034985073,0.07932903303209572,-0.034985073
3822,-0.07068965,0.1031799975826257,-0.07068965
3823,-0.07068965,0.1031799975826257,-0.07068965
3824,-0.07106941,0.10986296689688707,-0.07106941
3825,-0.07106941,0.10986296689688707,-0.07106941
3826,-0.07090889,0.13309351607670475,-0.07090889
3827,-0.07090889,0.13309351607670475,-0.07090889
3828,-0.829302,0.011399910547792876,-0.829302
3829,-0.050815996,0.06408671150628412,-0.050815996
3830,0.22810325,0.038975951363427914,0.22810325
3831,0.6169713,0.06684860673428816,0.6169713
3832,0.81764364,0.4032337367457548,0.81764364
3833,0.7189825,0.207821055012623,0.7189825
3834,0.7889228,0.03614996268021737,0.7889228
3835,0.78995407,0.14961979955827243,0.78995407
3836,-0.04771133,0.017964599476360293,-0.04771133
3837,0.75769925,0.06734467468876652,0.75769925
3838,-0.80722606,0.03869439350697369,-0.80722606
3839,-0.8788424,-0.019811565316453176,-0.8788424
3840,-0.038614,0.06900439138476938,-0.038614
3841,-0.038614,-0.06252713233125766,-0.038614
3842,0.63867843,0.05004412322339351,0.63867843
3843,-0.48958865,0.13874565198996605,-0.48958865
3844,0.61976266,-0.02803935007806163,0.61976266
3845,0.73446393,0.18044055071972123,0.73446393
3846,0.8318074,-0.0024269933831535377,0.8318074
3847,0.83917475,-0.09567404132531555,0.83917475
3848,-0.042299967,-0.02022464117385477,-0.042299967
3849,-0.042299967,-0.02022464117385477,-0.042299967
3850,-0.032479484,0.10956914610771777,-0.032479484
3851,0.58196104,0.03784726838689974,0.58196104
3852,-0.58196104,0.006316897265141141,-0.58196104
3853,0.7458623,-0.05919977345342827,0.7458623
3854,0.7458623,-0.05919977345342827,0.7458623
3855,0.7458623,0.06482450529752581,0.7458623
3856,-0.7365052,0.05147973455597141,-0.7365052
3857,0.642989,0.03942495267476752,0.642989
3858,0.43621913,0.04241009306300201,0.43621913
3859,-0.43621913,-0.025039150297752038,-0.43621913
3860,-0.030991228,0.03359260701508392,-0.030991228
3861,0.6634548,0.053597545689320146,0.6634548
3862,0.862369,0.056515313155412576,0.862369
3863,0.8738168,0.10335843887105817,0.8738168
3864,-0.83434206,-0.12768999596586708,-0.83434206
3865,-0.825587,0.01674338985825114,-0.825587
3866,-0.8296067,0.004609174742669258,-0.8296067
3867,0.8311809,-0.020284266330521782,0.8311809
3868,-0.86079985,0.09107609765121148,-0.86079985
3869,-0.39652863,0.07983014339957423,-0.39652863
3870,-0.5430672,0.027441604269658436,-0.5430672
3871,0.44116488,0.14521881774425813,0.44116488
3872,0.023415016,-0.03797324726358505,0.023415016
3873,0.047124904,0.13206191870345033,0.047124904
3874,-0.7456196,-0.3610419363062039,-0.7456196
3875,-0.74553597,-0.45164897305004603,-0.74553597
3876,0.7178528,0.14108212747215923,0.7178528
3877,-0.61252964,0.11684606822369258,-0.61252964
3878,0.8357692,0.2592211500804149,0.8357692
3879,-0.5869888,0.042305442369806434,-0.5869888
3880,0.4647466,0.005155107409443919,0.4647466
3881,0.8485477,-0.03927130837376766,0.8485477
3882,-0.79120713,-0.09144610771111551,-0.79120713
3883,0.86342067,0.04151467501978846,0.86342067
3884,-0.7629417,-0.08267963293225665,-0.7629417
3885,-0.7629417,-0.08267963293225665,-0.7629417
3886,0.8069198,-0.02825034233020693,0.8069198
3887,0.8069198,-0.02825034233020693,0.8069198
3888,0.8267136,0.05791877847154511,0.8267136
3889,0.85280395,0.005138022534534931,0.85280395
3890,-0.83236307,-0.020480581425419444,-0.83236307
3891,0.8236136,0.09423286376956873,0.8236136
3892,0.8236136,0.04110113455681523,0.8236136
3893,0.8236136,0.04110113455681523,0.8236136
3894,-0.8565826,0.05419530826185444,-0.8565826
3895,-0.54154384,0.1281330219608287,-0.54154384
3896,-0.3476983,0.03927026694544466,-0.3476983
3897,0.47904697,0.09150664641733416,0.47904697
3898,0.4613812,0.018044737289839477,0.4613812
3899,0.3410609,0.060802636116749055,0.3410609
3900,0.7843595,0.39410800560433057,0.7843595
3901,0.8067018,0.36649647337732033,0.8067018
3902,0.7856239,0.3802960150327161,0.7856239
3903,0.8141077,0.04908742557895306,0.8141077
3904,0.54519635,0.06195897338036434,0.54519635
3905,0.54519635,0.10638596403468427,0.54519635
3906,0.13326295,0.08220962815534451,0.13326295
3907,0.4954198,0.16825773448293052,0.4954198
3908,-0.4881987,0.12393065189764288,-0.4881987
3909,-0.4881987,0.12393065189764288,-0.4881987
3910,0.33985788,-0.07460836559690152,0.33985788
3911,0.33985788,-0.07460836559690152,0.33985788
3912,-0.65298873,-0.04800705764219618,-0.65298873
3913,-0.7824636,0.014828722757046005,-0.7824636
3914,0.77956533,-0.05619796196107765,0.77956533
3915,0.018308377,0.057473703384591415,0.018308377
3916,0.018308377,0.057473703384591415,0.018308377
3917,0.83756006,0.184899111848794,0.83756006
3918,-0.19010945,0.09593651577261571,-0.19010945
3919,-0.41559556,0.12689054135658515,-0.41559556
3920,0.84605795,0.08588890772943918,0.84605795
3921,0.843598,-0.01343310883716076,0.843598
3922,-0.82015115,-0.15682960792843215,-0.82015115
3923,0.83638126,0.010274973780545597,0.83638126
3924,0.83638126,0.010274973780545597,0.83638126
3925,0.84219545,0.03973209802961001,0.84219545
3926,-0.70524806,-0.10887012471256406,-0.70524806
3927,0.833335,0.053933851000766156,0.833335
3928,0.8573262,-0.09280356040635836,0.8573262
3929,0.82346565,0.03387910634036063,0.82346565
3930,0.8362437,0.0778214783886191,0.8362437
3931,0.87413263,0.040334290625167524,0.87413263
3932,-0.5213041,0.00860700516643041,-0.5213041
3933,-0.5327255,0.083856752858292,-0.5327255
3934,0.8410142,-0.018059279884308527,0.8410142
3935,0.8352366,0.2174125706902915,0.8352366
3936,0.8257372,0.048688917552933655,0.8257372
3937,0.8526066,0.09058260103766608,0.8526066
3938,-0.6209051,0.12752757885492919,-0.6209051
3939,-0.6980084,-0.06840399395028568,-0.6980084
3940,0.70407355,0.14336520868499703,0.70407355
3941,0.7506537,-0.10795022370259766,0.7506537
3942,0.7487706,-0.1096676493991268,0.7487706
3943,0.69881135,0.1164697531463644,0.69881135
3944,-0.5644074,0.09769940832952771,-0.5644074
3945,-0.7561245,0.11777803816707134,-0.7561245
3946,0.7725993,0.056332009526514175,0.7725993
3947,-0.68471515,-0.047359456045694345,-0.68471515
3948,-0.78500205,-0.11290426307164093,-0.78500205
3949,-0.77086586,0.09492859239590301,-0.77086586
3950,-0.7077182,-0.25816741279668565,-0.7077182
3951,-0.03391357,0.099081097640752,-0.03391357
3952,-0.5452561,0.041812427262743077,-0.5452561
3953,-0.38358504,-0.08014051058250676,-0.38358504
3954,0.38358504,-0.155731006651584,0.38358504
3955,0.22469123,-0.11488810020756414,0.22469123
3956,0.48694447,0.12652882017374625,0.48694447
3957,-0.6448334,0.020910985394369752,-0.6448334
3958,0.508099,0.09915951746409445,0.508099
3959,0.61087394,-0.14275169058270756,0.61087394
3960,-0.6215295,0.013819598520909342,-0.6215295
3961,-0.0369616,0.09576763832569916,-0.0369616
3962,-0.038600672,0.16556390016545458,-0.038600672
3963,-0.034813557,0.15497948323245683,-0.034813557
3964,-0.033028964,0.04117286368549683,-0.033028964
3965,-0.037758563,0.1690187151119994,-0.037758563
3966,0.055629026,0.0671663093041085,0.055629026
3967,-0.37772423,-0.05819826238646405,-0.37772423
3968,-0.7908669,-0.1234481836235678,-0.7908669
3969,0.8290388,-0.03340410734332939,0.8290388
3970,0.83498037,0.11535890533443303,0.83498037
3971,-0.48779887,0.09045644856444678,-0.48779887
3972,-0.8284552,-0.1026049683164463,-0.8284552
3973,-0.71703047,-0.2019576726841103,-0.71703047
3974,-0.6956025,-0.23279343492826082,-0.6956025
3975,-0.6968748,0.005268557934369736,-0.6968748
3976,-0.034342904,0.13003974801985396,-0.034342904
3977,0.052684005,0.025482401997414184,0.052684005
3978,0.052684005,0.025482401997414184,0.052684005
3979,-0.030485583,0.09920809973215335,-0.030485583
3980,-0.030485583,0.09920809973215335,-0.030485583
3981,-0.031914566,0.12342877743409736,-0.031914566
3982,-0.031914566,0.12342877743409736,-0.031914566
3983,0.05622168,0.06554822243574986,0.05622168
3984,-0.070460044,0.1651010511405226,-0.070460044
3985,-0.070460044,0.1651010511405226,-0.070460044
3986,0.7893577,0.15997575508162765,0.7893577
3987,0.7900276,-0.0899593722372228,0.7900276
3988,-0.12854448,0.030236751113494942,-0.12854448
3989,-0.14547369,0.13123891416675895,-0.14547369
3990,-0.14244853,0.05278990413784819,-0.14244853
3991,-0.013770409,0.038182256340033444,-0.013770409
3992,-0.033178553,0.1871487326512454,-0.033178553
3993,0.84919167,-0.03974062593765265,0.84919167
3994,0.84919167,0.01069460116309337,0.84919167
3995,0.84919167,-0.03974062593765265,0.84919167
3996,-0.8048121,-0.000499793553005958,-0.8048121
3997,0.8252037,-0.03710305953905446,0.8252037
3998,-0.14718015,0.0812543511538911,-0.14718015
3999,-0.8327338,0.09314412064489885,-0.8327338
4000,0.853428,0.0326063028496682,0.853428
4001,-0.80753547,-0.0018357546347063066,-0.80753547
4002,-0.03098567,0.09954028880951082,-0.03098567
4003,-0.034772683,0.13355318994753898,-0.034772683
4004,-0.031963155,0.024532538063189196,-0.031963155
4005,0.6459558,0.1524154218031463,0.6459558
4006,0.182708,0.16342791353570915,0.182708
4007,0.182708,0.16342791353570915,0.182708
4008,0.18034329,0.11296665705713253,0.18034329
4009,0.18034329,0.11296665705713253,0.18034329
4010,0.6459558,0.1524154218031463,0.6459558
4011,-0.040844988,0.058460425162128904,-0.040844988
4012,0.8324909,0.014927301532005895,0.8324909
4013,0.8449057,-0.08355418837925131,0.8449057
4014,0.8417815,-0.03542372253667598,0.8417815
4015,-0.8310163,-0.09758687971969826,-0.8310163
4016,-0.8310163,-0.043405861218507535,-0.8310163
4017,-0.8098046,0.03734942175795227,-0.8098046
4018,-0.6620677,0.058164636744609775,-0.6620677
4019,0.83205485,-0.022242584223405058,0.83205485
4020,0.69484925,0.06844081028356518,0.69484925
4021,-0.82058436,-0.02369426147256959,-0.82058436
4022,-0.76072603,0.059477006045777485,-0.76072603
4023,0.8328804,0.09398350263804374,0.8328804
4024,-0.031511117,0.062161789207782814,-0.031511117
4025,0.61873937,-0.0313654287591747,0.61873937
4026,0.61873937,-0.0313654287591747,0.61873937
4027,-0.6772613,-0.005267529632677349,-0.6772613
4028,0.75636554,-0.03340611769440853,0.75636554
4029,0.5694805,0.022894432233856316,0.5694805
4030,0.50127333,0.08909305370901428,0.50127333
4031,0.68754995,0.04818153841895993,0.68754995
4032,-0.4496067,-0.046561638197293184,-0.4496067
4033,0.6963714,0.10581206485709947,0.6963714
4034,-0.22770663,0.1010183166589552,-0.22770663
4035,-0.22770663,0.1010183166589552,-0.22770663
4036,0.7125025,0.20210155610129404,0.7125025
4037,0.6535449,-0.08453861921121693,0.6535449
4038,0.70786554,0.12351183425191307,0.70786554
4039,-0.27041832,0.03598156467120349,-0.27041832
4040,-0.71023,-0.16345479527462176,-0.71023
4041,-0.05316987,0.013542511416244803,-0.05316987
4042,0.7847966,-0.0485095108223321,0.7847966
4043,-0.8528521,-0.2790471649936797,-0.8528521
4044,-0.82023686,-0.2328849389640648,-0.82023686
4045,0.46599084,0.10493603093327505,0.46599084
4046,0.4709354,0.08582680529725796,0.4709354
4047,0.0052346196,0.0013101320723316844,0.0052346196
4048,-0.8598798,-0.10053058040836753,-0.8598798
4049,0.6822649,0.017743969068562848,0.6822649
4050,0.54057646,0.09767647743201867,0.54057646
4051,0.8601288,-0.04572727210091844,0.8601288
4052,0.8505696,0.2979908660899411,0.8505696
4053,0.8809365,-0.06682327659771596,0.8809365
4054,0.7529183,0.1079829183127535,0.7529183
4055,0.7529183,0.1079829183127535,0.7529183
4056,0.45786333,0.1424384961893642,0.45786333
4057,0.041789483,0.10714811855737916,0.041789483
4058,-0.7438317,-0.4097486401629446,-0.7438317
4059,0.7618678,0.24516225427346428,0.7618678
4060,-0.7332458,-0.33632362058694715,-0.7332458
4061,-0.04157741,0.11112133979163479,-0.04157741
4062,-0.06144566,0.09945767409065051,-0.06144566
4063,-0.044719607,0.09945767409065051,-0.044719607
4064,0.230125,0.19081630948321399,0.230125
4065,0.230125,0.19081630948321399,0.230125
4066,-0.5150413,0.07707566907530342,-0.5150413
4067,-0.3688495,-0.23201488694419112,-0.3688495
4068,0.8521456,0.011498169629025867,0.8521456
4069,-0.8192197,-0.04793015391213281,-0.8192197
4070,0.84271806,0.13448404017821566,0.84271806
4071,0.5423565,0.05647682092217939,0.5423565
4072,0.5085051,0.15586373491984742,0.5085051
4073,0.8311124,-0.04671580645047667,0.8311124
4074,-0.8368837,-0.107695680535464,-0.8368837
4075,0.85476303,-0.024408687234571673,0.85476303
4076,-0.54467994,0.20436944471485477,-0.54467994
4077,-0.8407573,0.03845682746224704,-0.8407573
4078,0.8321043,-0.13947161027055416,0.8321043
4079,0.8321043,-0.02805034564865151,0.8321043
4080,-0.8276898,-0.16543944693721718,-0.8276898
4081,-0.48596197,0.06844442312051759,-0.48596197
4082,0.29206577,0.07256300152944965,0.29206577
4083,-0.8217639,-0.10121378417382505,-0.8217639
4084,-0.81484526,-0.03649255776779191,-0.81484526
4085,0.85960466,0.07269465355871756,0.85960466
4086,-0.53971654,0.012562044246208342,-0.53971654
4087,0.5867695,0.04022651309723662,0.5867695
4088,-0.69843954,-0.135157361508406,-0.69843954
4089,0.7041742,0.0784506325517949,0.7041742
4090,-0.71575695,-0.1364565412097601,-0.71575695
4091,0.2472649,0.011191702386929483,0.2472649
4092,-0.5508704,0.026760898150497467,-0.5508704
4093,-0.050386872,-0.09631178991479036,-0.050386872
4094,-0.096422695,-0.027836070635141173,-0.096422695
4095,0.13383669,0.3296311458302235,0.13383669
4096,-0.08021191,-0.049126168924082426,-0.08021191
4097,-0.4191366,0.053296796659537835,-0.4191366
4098,-0.617183,0.09211841775338608,-0.617183
4099,-0.4748962,0.048812640518335663,-0.4748962
4100,-0.62868714,0.10025507897657195,-0.62868714
4101,0.824882,0.05702392932037471,0.824882
4102,0.5378138,0.06389701033156049,0.5378138
4103,-0.8096611,-0.09434519264014943,-0.8096611
4104,-0.8072216,-0.09685076876176267,-0.8072216
4105,-0.2917725,0.07254790937125244,-0.2917725
4106,0.7022933,0.11953647347532587,0.7022933
4107,0.66412836,-0.011827182250731245,0.66412836
4108,0.66412836,-0.011827182250731245,0.66412836
4109,-0.70915765,-0.1387219337373489,-0.70915765
4110,-0.70915765,-0.1387219337373489,-0.70915765
4111,-0.7052994,-0.14057894807800136,-0.7052994
4112,0.710501,0.16599660998851204,0.710501
4113,-0.030967532,0.10495610608087387,-0.030967532
4114,0.18447444,-0.005150011147472137,0.18447444
4115,-0.07166521,0.10043075550473728,-0.07166521
4116,-0.038119975,0.10146267022858195,-0.038119975
4117,-0.045096803,0.09559702300193369,-0.045096803
4118,-0.045096803,0.09559702300193369,-0.045096803
4119,0.582541,0.08594737109282703,0.582541
4120,-0.034106147,0.1470893907859897,-0.034106147
4121,-0.26023844,0.009670436992991718,-0.26023844
4122,-0.8215581,0.1542732217355325,-0.8215581
4123,0.80616915,0.06368360653743685,0.80616915
4124,-0.7549221,0.0705548427317619,-0.7549221
4125,0.5428186,0.15195791630201771,0.5428186
4126,0.8501705,-0.046861793363468074,0.8501705
4127,0.8497518,0.040702245108745864,0.8497518
4128,0.8497518,-0.06756451265692315,0.8497518
4129,-0.8208307,-0.1696481753624422,-0.8208307
4130,-0.8236389,-0.27341540565750333,-0.8236389
4131,-0.038490873,0.07109613664936021,-0.038490873
4132,-0.4741859,0.07930525655459905,-0.4741859
4133,0.73125213,0.22938704707010224,0.73125213
4134,0.6201571,0.04081685503876929,0.6201571
4135,-0.70487964,-0.3118782247913565,-0.70487964
4136,0.7561605,0.12214529102562548,0.7561605
4137,-0.83078915,-0.18406658382168464,-0.83078915
4138,0.8413312,0.0499625630853458,0.8413312
4139,0.8585397,0.0027420000693879672,0.8585397
4140,0.852047,0.04355863361489384,0.852047
4141,0.835831,-0.07972967706016035,0.835831
4142,0.8277335,0.022688095369284168,0.8277335
4143,-0.82515717,-0.08190690996302658,-0.82515717
4144,0.6910601,0.13561842005100783,0.6910601
4145,0.84306973,-0.024840639076812988,0.84306973
4146,0.84306973,-0.006280553794882817,0.84306973
4147,0.8604444,-0.07751468792103723,0.8604444
4148,0.82989097,-0.020803959772046163,0.82989097
4149,0.82989097,-0.05582236863602737,0.82989097
4150,0.82989097,-0.020803959772046163,0.82989097
4151,-0.79907095,-0.13937716363499136,-0.79907095
4152,-0.82484037,0.004988033492358013,-0.82484037
4153,-0.827863,0.01445285110073828,-0.827863
4154,-0.827863,0.1474739653620322,-0.827863
4155,0.85688025,-0.20649032536248965,0.85688025
4156,-0.71925324,-0.09467022576976852,-0.71925324
4157,0.7189427,0.15363051142191003,0.7189427
4158,-0.08661903,0.07990464333397734,-0.08661903
4159,0.12413167,0.27378471471559707,0.12413167
4160,0.12413167,0.27378471471559707,0.12413167
4161,-0.06557774,0.12970329528944047,-0.06557774
4162,0.77551293,0.088694010586523,0.77551293
4163,0.5403763,0.16824970972838538,0.5403763
4164,-0.13204505,-0.07796559355362248,-0.13204505
4165,0.57209706,0.08258821747024411,0.57209706
4166,0.8586717,-0.07633730873101799,0.8586717
4167,0.8586717,-0.034490497357205656,0.8586717
4168,0.8586717,-0.07633730873101799,0.8586717
4169,0.8586717,-0.07633730873101799,0.8586717
4170,0.8586717,-0.034490497357205656,0.8586717
4171,0.8586717,-0.034490497357205656,0.8586717
4172,-0.81190866,-0.029156966278429466,-0.81190866
4173,-0.84508395,-0.053607077509674285,-0.84508395
4174,0.8560482,-0.06125415676072392,0.8560482
4175,0.8636732,0.04786547664292759,0.8636732
4176,0.8636732,0.04786547664292759,0.8636732
4177,0.8636732,0.04786547664292759,0.8636732
4178,0.8636732,0.04786547664292759,0.8636732
4179,0.82776755,-0.029547100128240193,0.82776755
4180,0.83583784,-0.010758742409622487,0.83583784
4181,0.8839992,-0.06620333846317801,0.8839992
4182,-0.041205145,0.03386390904878595,-0.041205145
4183,-0.041205145,0.03386390904878595,-0.041205145
4184,0.70736146,0.021119695020432105,0.70736146
4185,0.84550714,0.035575634558555023,0.84550714
4186,-0.80275756,-0.0030390460169907045,-0.80275756
4187,-0.8028296,-0.04822937486935304,-0.8028296
4188,-0.8033296,-0.06387040164840362,-0.8033296
4189,0.8556213,-0.03267068263517113,0.8556213
4190,0.8273038,-0.04340532497733782,0.8273038
4191,-0.8291123,-0.1485950345330195,-0.8291123
4192,0.52647704,0.06734859241578928,0.52647704
4193,0.083959825,0.061515756304783994,0.083959825
4194,-0.07339418,0.07328540196184669,-0.07339418
4195,0.84672046,0.014098897171444821,0.84672046
4196,0.7092149,0.12736466846889324,0.7092149
4197,-0.7098003,-0.19576746770204723,-0.7098003
4198,-0.563616,-0.04704319555274376,-0.563616
4199,-0.6727544,0.004293993790991744,-0.6727544
4200,-0.6727544,0.004293993790991744,-0.6727544
4201,0.7887578,-0.07168783173554108,0.7887578
4202,-0.8054284,-0.15477669931877158,-0.8054284
4203,0.70712614,0.005902592958098398,0.70712614
4204,0.7351905,-0.03707143880440382,0.7351905
4205,-0.7365953,0.05797306107793639,-0.7365953
4206,-0.6048863,-0.048542792175002916,-0.6048863
4207,0.020080475,-0.03326443544689201,0.020080475
4208,0.1597832,0.1420821525634966,0.1597832
4209,-0.916889,-0.24021440474436478,-0.916889
4210,0.8689189,0.008927575098286854,0.8689189
4211,-0.56805384,0.0725913139830658,-0.56805384
4212,0.8170576,-0.01386720568538448,0.8170576
4213,0.5002229,0.10341804370592983,0.5002229
4214,0.74525905,0.05362190077439323,0.74525905
4215,0.82909703,-0.07276369266971253,0.82909703
4216,-0.8445078,-0.05778004603787387,-0.8445078
4217,-0.8081695,-0.15256244512332828,-0.8081695
4218,-0.053115577,0.023395016094356808,-0.053115577
4219,0.7265454,0.21126564252152702,0.7265454
4220,-0.5953098,0.051984408522899615,-0.5953098
4221,-0.3607498,0.08847858220832167,-0.3607498
4222,-0.05860904,0.10470518778812332,-0.05860904
4223,-0.046720836,0.09094219581316886,-0.046720836
4224,0.68098956,0.19344935344436673,0.68098956
4225,-0.9044675,-0.2811190710617883,-0.9044675
4226,-0.9050337,-0.05635436699815185,-0.9050337
4227,-0.7073569,-0.18991904417159836,-0.7073569
4228,0.8029838,0.01856809791695823,0.8029838
4229,0.8507411,0.14339382459079603,0.8507411
4230,-0.53508896,0.07054996053758475,-0.53508896
4231,-0.5664134,0.00031740280732638244,-0.5664134
4232,0.82246476,0.04822535712945234,0.82246476
4233,-0.7688194,0.0799856925138697,-0.7688194
4234,0.55835855,0.05725082265808695,0.55835855
4235,-0.71094346,-0.1714701019504739,-0.71094346
4236,0.07416315,0.09321907260874515,0.07416315
4237,0.047583234,0.05747567701170992,0.047583234
4238,0.76140946,0.17123586974144248,0.76140946
4239,-0.44391146,0.06224902023767219,-0.44391146
4240,-0.47870347,0.18347578477541904,-0.47870347
4241,-0.68934476,0.07374979852121646,-0.68934476
4242,-0.32021207,0.05150701542568047,-0.32021207
4243,-0.43157306,0.02130783117874368,-0.43157306
4244,0.8280918,-0.058771397046341614,0.8280918
4245,0.5831017,0.06345674092003774,0.5831017
4246,0.8451015,-0.0765308762080457,0.8451015
4247,-0.316306,0.0530073413972919,-0.316306
4248,-0.79901725,-0.1531592966898401,-0.79901725
4249,0.70344615,0.17056243634057916,0.70344615
4250,0.54213566,0.11002873170704607,0.54213566
4251,0.70302385,0.16463832132452375,0.70302385
4252,-0.59078336,0.00916626069605005,-0.59078336
4253,0.18305384,0.1004934110916121,0.18305384
4254,0.37817663,0.07212985697035829,0.37817663
4255,-0.57673246,0.17876035842165183,-0.57673246
4256,-0.032350577,0.11952939113093028,-0.032350577
4257,0.4645259,-0.0161349021077607,0.4645259
4258,0.21793437,0.1262899699106872,0.21793437
4259,0.462757,0.07304572000804728,0.462757
4260,0.5700548,0.020511844270070433,0.5700548
4261,0.57164615,0.045191475785858824,0.57164615
4262,0.7334963,0.15866948043421586,0.7334963
4263,0.7139871,0.05478282335896042,0.7139871
4264,0.8528244,-0.021692236221179634,0.8528244
4265,0.8525912,0.06341612602674741,0.8525912
4266,-0.78765744,0.04543082789547908,-0.78765744
4267,0.7616569,-0.01640814590351629,0.7616569
4268,-0.7616569,-0.03564144474932589,-0.7616569
4269,-0.7616569,-0.11955008759478879,-0.7616569
4270,-0.8114547,-0.08672205160945215,-0.8114547
4271,0.5662887,0.15563799663392486,0.5662887
4272,0.731832,0.23318168658700617,0.731832
4273,-0.041044127,0.12897776082561221,-0.041044127
4274,-0.062040567,0.04421398655884058,-0.062040567
4275,-0.03373391,0.08839793705505096,-0.03373391
4276,-0.72650284,-0.029428942474954162,-0.72650284
4277,0.75978214,0.1133478109429453,0.75978214
4278,-0.80062145,-0.0776955327453564,-0.80062145
4279,-0.80062145,-0.0776955327453564,-0.80062145
4280,-0.8332359,-0.09793167095834743,-0.8332359
4281,-0.8192449,-0.061649206770618296,-0.8192449
4282,-0.8339045,0.07477323480811675,-0.8339045
4283,-0.6708565,0.02728974171521595,-0.6708565
4284,-0.84408844,0.22856996143372613,-0.84408844
4285,-0.84200436,0.15528576775157676,-0.84200436
4286,-0.8098243,-0.05282906048956952,-0.8098243
4287,0.8268696,0.03120662267353251,0.8268696
4288,-0.6584014,0.04154441263735904,-0.6584014
4289,0.67158675,0.1452793438949849,0.67158675
4290,0.6276438,-0.011016622376046304,0.6276438
4291,0.8407438,-0.15194844939631155,0.8407438
4292,-0.44541177,0.01750883411842177,-0.44541177
4293,0.42037734,0.005013615210681441,0.42037734
4294,-0.2999292,0.021605147549973364,-0.2999292
4295,0.16745259,0.08237493096633342,0.16745259
4296,-0.56873596,0.06075085111365864,-0.56873596
4297,0.7192446,-0.013758917573492402,0.7192446
4298,0.14621702,0.1670227123166863,0.14621702
4299,0.8599778,-0.012424838385516918,0.8599778
4300,0.84362435,-0.02390396590228162,0.84362435
4301,-0.84286463,-0.07525282822330227,-0.84286463
4302,0.83250177,0.019637023244866637,0.83250177
4303,0.7075422,0.07082418574508041,0.7075422
4304,0.5506275,0.10215533498568259,0.5506275
4305,0.4712034,0.11890970871439965,0.4712034
4306,-0.8219546,-0.1485254384298005,-0.8219546
4307,0.86574864,0.01668431927358744,0.86574864
4308,0.8483866,0.10898416442245955,0.8483866
4309,0.8591406,0.024905856742868535,0.8591406
4310,-0.88612044,0.041123728149055905,-0.88612044
4311,0.8567876,0.021843150114354164,0.8567876
4312,0.85539174,0.06322344325308314,0.85539174
4313,0.85539174,0.06322344325308314,0.85539174
4314,0.8318889,-0.13148686701406861,0.8318889
4315,-0.8051004,-0.08587400036464846,-0.8051004
4316,0.67549527,0.06987799069489088,0.67549527
4317,-0.67870474,-0.003303407280547778,-0.67870474
4318,-0.80382365,-0.10585979324090408,-0.80382365
4319,-0.80073094,-0.067299787986355,-0.80073094
4320,-0.80661964,-0.15257423078036275,-0.80661964
4321,0.5381161,0.11373302550483833,0.5381161
4322,0.835031,-0.0028254094938195253,0.835031
4323,-0.79224235,-0.08891632381320802,-0.79224235
4324,0.77711785,-0.05997818674014115,0.77711785
4325,0.8326096,0.09287747484056456,0.8326096
4326,0.70856047,0.07418679137510478,0.70856047
4327,0.70856047,0.07418679137510478,0.70856047
4328,-0.69217616,-0.014789829990292599,-0.69217616
4329,-0.69217616,-0.014789829990292599,-0.69217616
4330,-0.11538554,-0.02739178962738663,-0.11538554
4331,0.61729395,-0.02076260195718085,0.61729395
4332,0.8366788,0.11691849146366042,0.8366788
4333,-0.7889246,-0.02577195786908125,-0.7889246
4334,0.8274139,-0.010834195642483786,0.8274139
4335,0.8274139,0.059177660237642225,0.8274139
4336,0.7211126,-0.14678868900149472,0.7211126
4337,0.18266127,0.07270523898161087,0.18266127
4338,0.83390546,-0.06620779814088905,0.83390546
4339,0.82767487,-0.023515772050934802,0.82767487
4340,0.83408517,-0.06526262590406373,0.83408517
4341,0.8674407,0.053237334426571484,0.8674407
4342,0.8674407,0.053237334426571484,0.8674407
4343,0.8674407,0.053237334426571484,0.8674407
4344,-0.8049378,0.0007421835898784182,-0.8049378
4345,-0.45732123,0.022464598167684077,-0.45732123
4346,0.82934237,0.06543361967208437,0.82934237
4347,0.53628886,0.14009721753880677,0.53628886
4348,0.8263977,0.008519522699910945,0.8263977
4349,0.70502526,0.11482466679109916,0.70502526
4350,-0.6951261,-0.03756424141776556,-0.6951261
4351,0.7110001,0.11379527497050648,0.7110001
4352,-0.6952825,-0.07845771657370226,-0.6952825
4353,-0.64194024,0.0596950302812119,-0.64194024
4354,0.6863747,0.025217417973234124,0.6863747
4355,-0.78132224,0.028801396649880115,-0.78132224
4356,0.7154046,-0.04543759031291754,0.7154046
4357,-0.07492535,0.06433918367538921,-0.07492535
4358,-0.2759111,-0.05359447543454011,-0.2759111
4359,0.8063739,0.18254550693967883,0.8063739
4360,0.8063739,0.18254550693967883,0.8063739
4361,0.8063739,0.18254550693967883,0.8063739
4362,-0.03971225,0.08309682228912833,-0.03971225
4363,0.63904715,0.026090322508478418,0.63904715
4364,-0.82682884,0.004829370137063376,-0.82682884
4365,0.8404878,0.056680460914753074,0.8404878
4366,-0.87464726,-0.06987376854481074,-0.87464726
4367,0.7904557,-0.13513816887279764,0.7904557
4368,0.8241642,-0.02241951451370746,0.8241642
4369,0.8379643,-0.0632103144791754,0.8379643
4370,0.47532612,-0.030187533480113417,0.47532612
4371,-0.48973936,0.04726319037526531,-0.48973936
4372,-0.41951954,0.056197555994627515,-0.41951954
4373,0.8447296,-0.017919313244213475,0.8447296
4374,0.8743027,-0.02695528537513432,0.8743027
4375,0.8527571,0.03901984076553782,0.8527571
4376,0.7515198,0.10876173339773745,0.7515198
4377,0.029398551,0.13332043293382495,0.029398551
4378,0.8388117,0.09151146342422366,0.8388117
4379,-0.6910951,-0.09780407377679978,-0.6910951
4380,0.85819614,-0.05588161196243363,0.85819614
4381,0.8333533,-0.06704458645993107,0.8333533
4382,0.8245078,-0.05278177053723131,0.8245078
4383,0.5071902,0.05441969872619243,0.5071902
4384,0.46337333,0.06517662995665437,0.46337333
4385,-0.037709244,0.1681648508376041,-0.037709244
4386,-0.7708144,-0.24758759289082893,-0.7708144
4387,-0.048054483,-0.05745590444035806,-0.048054483
4388,0.80818695,-0.04865879081725204,0.80818695
4389,0.8745822,-0.1435408886020264,0.8745822
4390,0.055633478,0.052204997146923865,0.055633478
4391,0.73359615,0.19153426634573004,0.73359615
4392,0.18732806,0.12525600796895875,0.18732806
4393,-0.7262255,0.03669841311271657,-0.7262255
4394,-0.036997464,0.15026859025645653,-0.036997464
4395,-0.8205619,-0.11512789974901057,-0.8205619
4396,0.8776876,0.04878173482341119,0.8776876
4397,0.83030045,-0.05165684296056982,0.83030045
4398,0.053512163,0.074902723549296,0.053512163
4399,-0.0338435,0.16310814252923597,-0.0338435
4400,-0.0338435,0.16310814252923597,-0.0338435
4401,0.18219084,0.1772794384038838,0.18219084
4402,0.18219084,0.1772794384038838,0.18219084
4403,-0.072042905,0.07720960150847683,-0.072042905
4404,-0.06927489,0.052082593693272776,-0.06927489
4405,0.058916006,0.12315569778373187,0.058916006
4406,0.7679769,0.013165080363894206,0.7679769
4407,-0.07675099,-0.04170885974599957,-0.07675099
4408,0.8300311,-0.08009807088275614,0.8300311
4409,0.8494381,0.005961730557302893,0.8494381
4410,0.81779045,0.013557007170021467,0.81779045
4411,-0.6979712,-0.10234460076150724,-0.6979712
4412,-0.83340436,-0.07220517013763851,-0.83340436
4413,-0.52192086,-0.008980227135247444,-0.52192086
4414,-0.523847,0.04074538846765841,-0.523847
4415,0.8350306,-0.024914937142915553,0.8350306
4416,-0.81187797,-0.10464648514153259,-0.81187797
4417,0.86810887,-0.21776080335262415,0.86810887
4418,0.7015084,0.06153182788869423,0.7015084
4419,0.7015084,0.06153182788869423,0.7015084
4420,-0.6958532,-0.07788163658466937,-0.6958532
4421,-0.6976991,0.0034232279474893006,-0.6976991
4422,-0.48422492,0.13308264112692644,-0.48422492
4423,-0.27872518,0.08352533151069277,-0.27872518
4424,-0.27872518,0.08352533151069277,-0.27872518
4425,0.7110763,0.10315627223728216,0.7110763
4426,0.7110763,0.10315627223728216,0.7110763
4427,-0.7070913,-0.18662590541792026,-0.7070913
4428,-0.7070913,-0.18662590541792026,-0.7070913
4429,-0.7866689,-0.4537524291205675,-0.7866689
4430,-0.7866689,-0.4537524291205675,-0.7866689
4431,0.45983386,-0.0012415524788549205,0.45983386
4432,0.4647998,0.021155327853002663,0.4647998
4433,-0.77391523,0.0033959101777281757,-0.77391523
4434,0.6014978,-0.01568478488130934,0.6014978
4435,0.60963935,0.040790851718557196,0.60963935
4436,0.5822083,-0.009637829244804628,0.5822083
4437,-0.78898877,-0.04103311572275726,-0.78898877
4438,-0.78876305,-0.09339725867795666,-0.78876305
4439,0.54125416,0.08604020633491488,0.54125416
4440,0.4671551,0.1183927429449725,0.4671551
4441,-0.8761908,-0.01588107173743148,-0.8761908
4442,0.8212878,0.03361295359410155,0.8212878
4443,-0.861617,-0.13825244560715344,-0.861617
4444,0.8238159,-0.0018468332600481354,0.8238159
4445,0.045391515,0.05175295701257439,0.045391515
4446,0.85144466,-0.04959597823821833,0.85144466
4447,0.85144466,-0.04959597823821833,0.85144466
4448,-0.8500832,-0.015159500166636409,-0.8500832
4449,-0.7975096,-0.077558289483903,-0.7975096
4450,-0.8187218,-0.030647160240290152,-0.8187218
4451,0.4624426,-0.01528478700104607,0.4624426
4452,0.83309036,-0.0019527044935050732,0.83309036
4453,0.8496576,-0.11033370981971487,0.8496576
4454,0.83152634,-0.002956486842500349,0.83152634
4455,-0.6483172,0.03168186431697169,-0.6483172
4456,-0.7162496,-0.16295845120104333,-0.7162496
4457,0.7043218,0.0797934894936884,0.7043218
4458,-0.59064597,-0.00028467666379849424,-0.59064597
4459,0.70120513,0.08808950418972414,0.70120513
4460,-0.72954464,-0.29064597766386674,-0.72954464
4461,-0.6287995,0.028123283699877443,-0.6287995
4462,-0.67578095,0.004239196359249929,-0.67578095
4463,0.7511651,0.08079097926504022,0.7511651
4464,-0.77420944,-0.38489468081932215,-0.77420944
4465,-0.77420944,-0.38489468081932215,-0.77420944
4466,0.61870193,0.1449454133411118,0.61870193
4467,0.8065489,0.2658261669116606,0.8065489
4468,0.57522345,0.12077608377212007,0.57522345
4469,0.61870193,0.1449454133411118,0.61870193
4470,0.57522345,0.12077608377212007,0.57522345
4471,0.3346329,0.044356040202936355,0.3346329
4472,0.010888938,-0.13807679708628132,0.010888938
4473,-0.033201996,0.04168097370251292,-0.033201996
4474,0.8465866,-0.01344954320504881,0.8465866
4475,0.8331757,0.06908610202903621,0.8331757
4476,0.80796546,-0.19396966681345418,0.80796546
4477,-0.8079632,-0.20105296299740097,-0.8079632
4478,0.8659075,0.0063098202363455515,0.8659075
4479,0.51046705,0.17001966861880946,0.51046705
4480,0.76616055,0.07070503970663157,0.76616055
4481,0.78566045,-0.047621436422390875,0.78566045
4482,0.5434434,0.1559892966813387,0.5434434
4483,0.54098755,0.16443080965086745,0.54098755
4484,-0.28066412,0.08221213363192237,-0.28066412
4485,-0.28066412,0.08221213363192237,-0.28066412
4486,-0.861631,0.07299144311108885,-0.861631
4487,-0.04258772,0.10838921910011007,-0.04258772
4488,-0.7203478,-0.3885357625699002,-0.7203478
4489,-0.7253058,-0.31387488045523837,-0.7253058
4490,-0.27421188,-0.06139851249737926,-0.27421188
4491,-0.34020135,0.10761655593071615,-0.34020135
4492,0.8192346,0.06695444490786846,0.8192346
4493,0.86463636,-0.02799869845284461,0.86463636
4494,0.8622525,-0.08686491237090666,0.8622525
4495,0.8622525,-0.06996151784924481,0.8622525
4496,-0.8895184,0.04919024810107534,-0.8895184
4497,0.845999,-0.09707045291675823,0.845999
4498,0.8484937,0.1082022274531233,0.8484937
4499,-0.8423726,0.14213805255106116,-0.8423726
4500,0.8516074,0.010179970018967519,0.8516074
4501,0.56609046,0.0696985033323097,0.56609046
4502,0.56609046,0.0696985033323097,0.56609046
4503,-0.041599713,0.1742689820774017,-0.041599713
4504,0.21826199,0.06604954019895899,0.21826199
4505,0.81690025,0.054516138343283393,0.81690025
4506,0.8246901,-0.0060732260762719386,0.8246901
4507,-0.68316436,-0.05118294449043209,-0.68316436
4508,-0.70799965,-0.03833794046917579,-0.70799965
4509,0.70910144,0.10797978589165814,0.70910144
4510,-0.8024265,-0.016950819959501588,-0.8024265
4511,0.8192799,0.08264645152849127,0.8192799
4512,-0.81937253,-0.3640169174754978,-0.81937253
4513,-0.7749342,-0.42450904595975597,-0.7749342
4514,-0.7749342,-0.2856983270181178,-0.7749342
4515,0.85988706,0.02723863437380025,0.85988706
4516,-0.80116636,-0.09522746334751478,-0.80116636
4517,-0.80873084,0.06011622838349711,-0.80873084
4518,0.83670294,0.027296651438857525,0.83670294
4519,-0.8094001,0.044547938963633044,-0.8094001
4520,0.8240105,0.04851288176481015,0.8240105
4521,0.2829183,0.0020670199641061246,0.2829183
4522,0.52925766,-0.0785158545694497,0.52925766
4523,0.73276544,0.1795534417611663,0.73276544
4524,0.8346421,-0.026446124624321995,0.8346421
4525,0.84864676,0.022043117748403316,0.84864676
4526,0.6908807,0.07681334375828694,0.6908807
4527,-0.8488215,-0.025150642748790357,-0.8488215
4528,-0.06326991,0.10257800691397159,-0.06326991
4529,0.7675254,0.0827825915504322,0.7675254
4530,0.8269704,-0.04103059502199685,0.8269704
4531,-0.49908358,0.07496499625533375,-0.49908358
4532,-0.81998914,-0.08226761134396904,-0.81998914
4533,0.8244751,-0.09122174044165701,0.8244751
4534,0.5694038,0.03218395467929275,0.5694038
4535,0.8198181,0.026315144827112547,0.8198181
4536,0.88118875,0.0006076188001803888,0.88118875
4537,-0.70362645,-0.2098986864386517,-0.70362645
4538,0.84574074,-0.014279886660602223,0.84574074
4539,0.051543467,0.012420834187641498,0.051543467
4540,-0.6925137,0.008013300619436423,-0.6925137
4541,-0.6925137,0.008013300619436423,-0.6925137
4542,0.6609631,0.08736593166397147,0.6609631
4543,0.6609631,0.08736593166397147,0.6609631
4544,-0.03380098,0.09873974302367948,-0.03380098
4545,0.775074,0.0906389870851663,0.775074
4546,0.6964353,0.1368084356098697,0.6964353
4547,-0.5275423,0.08586492291165598,-0.5275423
4548,-0.48815882,0.03001756016469832,-0.48815882
4549,0.5052455,0.10991119801355458,0.5052455
4550,0.44083884,0.05606351411233693,0.44083884
4551,0.8465041,-0.2401321820223752,0.8465041
4552,-0.24125753,0.09735097636494448,-0.24125753
4553,0.7015474,0.10689831566405755,0.7015474
4554,0.86357963,-0.15750025660273667,0.86357963
4555,-0.12452715,0.00875779736022998,-0.12452715
4556,-0.6286467,0.09081101241579959,-0.6286467
4557,0.57699734,-0.13689036596715473,0.57699734
4558,-0.4546763,0.1728754692480752,-0.4546763
4559,-0.88914895,-0.19326614476217466,-0.88914895
4560,0.44117934,0.18224708306735835,0.44117934
4561,-0.79788643,-0.36565434303185246,-0.79788643
4562,0.74554616,0.13505426327476414,0.74554616
4563,0.83718485,-0.053801874856324004,0.83718485
4564,0.83295006,-0.01108242504714728,0.83295006
4565,0.8543646,-0.09113498041256779,0.8543646
4566,-0.8095944,-0.017720276115401428,-0.8095944
4567,-0.8066542,0.05365244478171471,-0.8066542
4568,-0.67463434,-0.03360377562760945,-0.67463434
4569,0.50402373,0.204971505662951,0.50402373
4570,-0.7471601,-0.31894742820270294,-0.7471601
4571,0.80021244,0.02392287457592824,0.80021244
4572,-0.10181467,0.1490950257666222,-0.10181467
4573,0.0089351395,0.010558892580226846,0.0089351395
4574,0.53132117,0.1194153304985458,0.53132117
4575,-0.45354342,0.10495457404723982,-0.45354342
4576,0.8699499,0.029058319844425463,0.8699499
4577,-0.8421033,-0.10116267766934219,-0.8421033
4578,0.8538894,-0.1651185350325964,0.8538894
4579,0.8629368,-0.05742695095530338,0.8629368
4580,-0.08260649,0.05778676774111417,-0.08260649
4581,0.7781619,0.04631076165693367,0.7781619
4582,0.38479006,0.025442838372169912,0.38479006
4583,-0.7820563,-0.07764784593437866,-0.7820563
4584,0.67864496,0.14700134227253045,0.67864496
4585,0.58937186,-0.07451478276211357,0.58937186
4586,0.6342216,-0.002169445617877337,0.6342216
4587,-0.43708053,0.0065443465951286,-0.43708053
4588,-0.79301715,-0.04718848874272926,-0.79301715
4589,-0.7884449,-0.11121982846411667,-0.7884449
4590,0.8330287,-0.02911174934141947,0.8330287
4591,0.7360662,-0.14173077823132638,0.7360662
4592,0.8746283,-0.21558868649391047,0.8746283
4593,0.8454566,-0.011474529254246146,0.8454566
4594,0.86592126,-0.06093839339203419,0.86592126
4595,-0.820788,-0.052047062707370646,-0.820788
4596,-0.87020206,0.12148489851890173,-0.87020206
4597,-0.21663481,0.018993941914367162,-0.21663481
4598,0.1778332,0.0827745316374664,0.1778332
4599,0.7807894,0.11398941275243164,0.7807894
4600,0.18658464,0.18454564029957615,0.18658464
4601,0.88682437,-0.12116187348483634,0.88682437
4602,-0.69031996,-0.07534206016100332,-0.69031996
4603,0.6322414,0.05268128388054062,0.6322414
4604,0.6322414,0.05268128388054062,0.6322414
4605,0.48934102,0.10951460521803154,0.48934102
4606,-0.6018467,0.02053334306539476,-0.6018467
4607,0.5530229,0.1917470172393704,0.5530229
4608,0.46245566,0.1697106605850744,0.46245566
4609,0.5720653,0.04875012580227367,0.5720653
4610,-0.87425345,-0.09742705735256318,-0.87425345
4611,0.48112953,0.18939404968918624,0.48112953
4612,0.82152414,0.053546858850582905,0.82152414
4613,-0.82152414,-0.07175976176152217,-0.82152414
4614,-0.82152414,-0.07175976176152217,-0.82152414
4615,0.8550581,-0.002260909736331654,0.8550581
4616,0.8420993,0.11869678669646663,0.8420993
4617,0.8420993,0.05110252098881423,0.8420993
4618,0.8420993,0.057453768169026996,0.8420993
4619,0.6915542,0.08526222581410373,0.6915542
4620,0.86008567,-0.08608397883905416,0.86008567
4621,0.86008567,-0.08608397883905416,0.86008567
4622,-0.84260446,-0.06820357649850671,-0.84260446
4623,-0.80340743,-0.13464095191847347,-0.80340743
4624,0.69723994,0.09751788574157601,0.69723994
4625,0.8433346,0.01677633995742369,0.8433346
4626,0.7103899,0.11411449898037344,0.7103899
4627,-0.8294474,0.05542567450634376,-0.8294474
4628,-0.8111573,-0.09458499688065815,-0.8111573
4629,0.7646376,0.2652623623718356,0.7646376
4630,0.7226452,0.07176825668694081,0.7226452
4631,0.8445344,-0.02230139963490377,0.8445344
4632,-0.7292894,-0.1358962517691337,-0.7292894
4633,-0.7292894,-0.1358962517691337,-0.7292894
4634,-0.7292894,-0.1358962517691337,-0.7292894
4635,0.7011053,0.029430655504677057,0.7011053
4636,0.7011053,0.029430655504677057,0.7011053
4637,0.7013993,0.06989328463093673,0.7013993
4638,-0.56983787,0.12897739677815648,-0.56983787
4639,0.6941652,-0.0011270376233642808,0.6941652
4640,0.68933034,0.10893971323028286,0.68933034
4641,-0.7431445,-0.02445431060596043,-0.7431445
4642,0.8303498,-0.030487680634158913,0.8303498
4643,-0.8349999,-0.2030865627328108,-0.8349999
4644,0.8532883,-0.18233657124455538,0.8532883
4645,-0.59179544,0.053588934643065016,-0.59179544
4646,0.6925158,0.12575009740697546,0.6925158
4647,0.6925158,0.12575009740697546,0.6925158
4648,-0.69382805,-0.07916326630306729,-0.69382805
4649,-0.69382805,-0.07916326630306729,-0.69382805
4650,-0.6998871,-0.09040639470004966,-0.6998871
4651,-0.68428946,0.042478668354933545,-0.68428946
4652,0.860627,-0.25453113371172637,0.860627
4653,0.71656644,0.20724326947593785,0.71656644
4654,0.775071,0.17192767620277785,0.775071
4655,-0.8225194,-0.013482567631959836,-0.8225194
4656,0.6836637,0.014864272362405789,0.6836637
4657,0.8478311,-0.20893471462643223,0.8478311
4658,0.8568217,-0.07379330553839888,0.8568217
4659,0.74531645,0.024546202797737993,0.74531645
4660,0.5770558,0.0934625258017809,0.5770558
4661,-0.7585753,-0.08272142971627366,-0.7585753
4662,0.031480618,0.06364107875148631,0.031480618
4663,0.047373883,0.13533580411748258,0.047373883
4664,0.4755271,0.03316494438921677,0.4755271
4665,-0.6390376,0.12090399654132708,-0.6390376
4666,-0.6390376,0.12090399654132708,-0.6390376
4667,0.5723197,-0.030864634862642463,0.5723197
4668,0.059050933,0.055511819394874554,0.059050933
4669,0.88375336,-0.055474926401285256,0.88375336
4670,0.848695,-0.09874490592207927,0.848695
4671,0.8364954,0.07820720953792046,0.8364954
4672,-0.8399507,-0.2507125515103385,-0.8399507
4673,-0.78710395,-0.10070759521937026,-0.78710395
4674,0.778912,0.16043858613125928,0.778912
4675,0.77568656,0.10514161594517886,0.77568656
4676,0.8383144,0.052690455848887596,0.8383144
4677,0.802328,0.19309797509466162,0.802328
4678,-0.6106114,0.112114437635767,-0.6106114
4679,0.83268017,-0.07158724193753443,0.83268017
4680,0.8388966,0.008794329699644911,0.8388966
4681,-0.8158412,0.02003507465975104,-0.8158412
4682,0.81674314,0.05559425285351839,0.81674314
4683,0.86351,0.03186261237691259,0.86351
4684,0.85411745,0.015187203910321419,0.85411745
4685,0.6862042,0.06796048394659318,0.6862042
4686,-0.8086771,-0.08755995060382074,-0.8086771
4687,0.8424006,-0.02422498101276498,0.8424006
4688,0.84558564,0.014116824225814603,0.84558564
4689,0.876444,-0.14423957060363346,0.876444
4690,0.876444,-0.14423957060363346,0.876444
4691,0.83003134,-0.01068731981337411,0.83003134
4692,0.8428806,-0.10513081701543325,0.8428806
4693,0.84403944,-0.0009125627068021794,0.84403944
4694,-0.8284358,-0.014466360659958283,-0.8284358
4695,-0.82696205,-0.21345222842625108,-0.82696205
4696,0.84380937,0.013160228531083038,0.84380937
4697,0.84380937,-0.007085338933492659,0.84380937
4698,0.84380937,0.013160228531083038,0.84380937
4699,0.84380937,0.07743530430591604,0.84380937
4700,0.86177385,-0.07835371561524955,0.86177385
4701,-0.8184184,-0.10644605589008732,-0.8184184
4702,-0.8184184,-0.10644605589008732,-0.8184184
4703,-0.8184184,-0.08409580304051796,-0.8184184
4704,0.83179677,0.005241257258412922,0.83179677
4705,-0.80858356,0.011658854822303439,-0.80858356
4706,0.83348745,-0.05384035455909601,0.83348745
4707,-0.8234195,-0.01678742204502133,-0.8234195
4708,0.8234195,0.020732056171745453,0.8234195
4709,0.8626577,-0.026378816300669447,0.8626577
4710,0.82856005,-0.06458789256628328,0.82856005
4711,-0.78471094,-0.09987837697960143,-0.78471094
4712,0.79974097,0.007220952630383121,0.79974097
4713,0.79974097,0.021909041419804407,0.79974097
4714,0.79974097,0.007220952630383121,0.79974097
4715,0.82299626,0.027053930444186223,0.82299626
4716,-0.69563144,0.03542931984167026,-0.69563144
4717,-0.8703641,-0.18191628401337068,-0.8703641
4718,-0.82251114,-0.05920558672818205,-0.82251114
4719,0.84408426,-0.015302809824817685,0.84408426
4720,0.84580535,-0.02427188765250157,0.84580535
4721,0.8476245,0.06083961509847581,0.8476245
4722,0.8420527,0.013383729004433551,0.8420527
4723,0.8585642,-0.016784343353238522,0.8585642
4724,0.8600581,0.03406940056622039,0.8600581
4725,0.83053744,0.0485280590293737,0.83053744
4726,0.8687728,-0.14049503198517943,0.8687728
4727,0.8368793,-0.025294166671506278,0.8368793
4728,0.5284271,0.05820188903518782,0.5284271
4729,0.8075964,-0.10191037180780914,0.8075964
4730,0.69846034,0.17109892053306042,0.69846034
4731,0.054410044,0.07121821750123192,0.054410044
4732,0.059517503,0.0637824430968369,0.059517503
4733,0.78048235,0.08174016736355047,0.78048235
4734,-0.81912696,0.004892399103711569,-0.81912696
4735,0.7333433,0.16002181442313232,0.7333433
4736,0.8793353,0.1837799148487689,0.8793353
4737,-0.07614244,0.11247592982125379,-0.07614244
4738,0.8845181,0.13578339714213203,0.8845181
4739,0.84608614,-0.08539695702005028,0.84608614
4740,0.52912736,0.16484688312465443,0.52912736
4741,0.52467054,0.07769747590040474,0.52467054
4742,-0.63988096,0.1412605346492078,-0.63988096
4743,0.74695235,0.10927206033495494,0.74695235
4744,0.69117475,0.023710540073126535,0.69117475
4745,0.6979773,0.06559292103352495,0.6979773
4746,0.699497,0.10437084786139285,0.699497
4747,-0.67527604,-0.023374622905372913,-0.67527604
4748,0.7191089,0.1436296742162533,0.7191089
4749,0.8294174,-0.03215913986993747,0.8294174
4750,0.83444303,-0.030339133421252665,0.83444303
4751,-0.15052263,0.057450125699706873,-0.15052263
4752,0.8208265,0.21266958617679813,0.8208265
4753,-0.84637845,-0.07335505568936108,-0.84637845
4754,0.007096777,-0.014786606534259762,0.007096777
4755,0.5633068,0.10893137378797145,0.5633068
4756,-0.7450405,-0.3274533534481449,-0.7450405
4757,0.4536576,-0.012771595010966008,0.4536576
4758,-0.8655938,-0.38106198799265556,-0.8655938
4759,-0.5547052,0.10222634103079284,-0.5547052
4760,0.8359438,0.08192413615912476,0.8359438
4761,-0.4537971,0.14716029643831263,-0.4537971
4762,-0.2797187,0.05412239913486904,-0.2797187
4763,0.054328106,0.1473948760472354,0.054328106
4764,0.8434925,-0.00471998267190565,0.8434925
4765,0.80446184,-0.0345659574380904,0.80446184
4766,0.832996,0.110010651526448,0.832996
4767,0.85699886,-0.060942830348892196,0.85699886
4768,-0.8421049,0.1714515611050995,-0.8421049
4769,0.85368866,-0.12520441762329176,0.85368866
4770,0.7599559,0.07187079500008894,0.7599559
4771,0.82918817,0.10938187937774359,0.82918817
4772,0.84729844,-0.17839207688820616,0.84729844
4773,0.85324943,0.04705604152110379,0.85324943
4774,0.85953045,-0.17838886966452996,0.85953045
4775,0.7929947,-0.0780930744096676,0.7929947
4776,0.8408598,-0.005750441744606983,0.8408598
4777,-0.8352763,-0.08697401754039788,-0.8352763
4778,0.8212103,0.08525932036482564,0.8212103
4779,-0.8257556,-0.13721316378218812,-0.8257556
4780,0.8586217,-0.11881645438630496,0.8586217
4781,-0.8091358,-0.07268768842662693,-0.8091358
4782,-0.8091358,-0.07268768842662693,-0.8091358
4783,0.85150135,-0.012689760265437023,0.85150135
4784,0.8674403,-0.11328270399855131,0.8674403
4785,0.39219075,0.05297674319968105,0.39219075
4786,-0.42224726,0.08668551522212734,-0.42224726
4787,0.8456625,0.08474218615741341,0.8456625
4788,-0.8083219,-0.12433179804622495,-0.8083219
4789,0.57195944,0.06769652475973979,0.57195944
4790,-0.8259115,-0.1163159546490376,-0.8259115
4791,0.71980155,0.09729986377225805,0.71980155
4792,0.8433493,-0.060305382642308114,0.8433493
4793,-0.7048393,-0.17500568763052632,-0.7048393
4794,0.8380192,-0.014279401965940797,0.8380192
4795,-0.81809145,-0.04312923040072392,-0.81809145
4796,0.8612847,-0.010145686337030564,0.8612847
4797,0.7040886,0.006532856849995635,0.7040886
4798,-0.70666647,-0.28925466626667234,-0.70666647
4799,-0.2668884,0.1240604184768356,-0.2668884
4800,-0.68937606,0.05281897881280059,-0.68937606
4801,0.84023184,0.06412532437983505,0.84023184
4802,0.8250866,-0.0066457657417452526,0.8250866
4803,-0.70157063,-0.1886718123465682,-0.70157063
4804,0.835046,0.049668440134533434,0.835046
4805,0.840497,0.022501851652899574,0.840497
4806,0.83769614,-0.057497732339067395,0.83769614
4807,0.83769614,-0.013613339906424899,0.83769614
4808,-0.86930907,0.027856497094816246,-0.86930907
4809,0.8270798,0.12418897785595803,0.8270798
4810,0.8270798,0.11798320012301053,0.8270798
4811,0.8270798,0.11798320012301053,0.8270798
4812,0.8317349,-0.19912389204922165,0.8317349
4813,0.8317349,0.033664683310568516,0.8317349
4814,0.8317349,0.033664683310568516,0.8317349
4815,0.8317349,-0.19912389204922165,0.8317349
4816,0.8317349,-0.19912389204922165,0.8317349
4817,0.83835596,-0.032896303611907964,0.83835596
4818,0.83835596,-0.02007010131896699,0.83835596
4819,0.80506474,0.04232553207202939,0.80506474
4820,0.8024344,0.05691302394610396,0.8024344
4821,0.8024344,0.032487120112806016,0.8024344
4822,0.8024344,0.05691302394610396,0.8024344
4823,0.8024344,0.032487120112806016,0.8024344
4824,0.8024344,0.032487120112806016,0.8024344
4825,0.8024344,0.032487120112806016,0.8024344
4826,0.8301086,-0.13329269173260777,0.8301086
4827,0.8301086,-0.13329269173260777,0.8301086
4828,0.834689,0.042078639518254,0.834689
4829,0.82861435,0.03213891996350788,0.82861435
4830,0.8397612,-0.0032288551073493994,0.8397612
4831,0.8397612,-0.0032288551073493994,0.8397612
4832,0.8397612,-0.0032288551073493994,0.8397612
4833,0.8618169,-0.010397781297529681,0.8618169
4834,-0.63021374,0.0071272850100483846,-0.63021374
4835,0.8335502,0.004574194891228426,0.8335502
4836,0.8345937,0.0694430690816682,0.8345937
4837,-0.6045228,0.04622591178423443,-0.6045228
4838,-0.70157063,-0.1886718123465682,-0.70157063
4839,0.840497,0.022501851652899574,0.840497
4840,0.83882207,-0.08749448185215206,0.83882207
4841,-0.83806324,-0.13713607821526133,-0.83806324
4842,0.7072704,0.09893907234699158,0.7072704
4843,0.7072704,0.09893907234699158,0.7072704
4844,0.7072704,0.09893907234699158,0.7072704
4845,0.7072704,0.09893907234699158,0.7072704
4846,0.7634722,0.10639547540857265,0.7634722
4847,0.7775198,0.03462133994144946,0.7775198
4848,0.6907982,0.1285404400344226,0.6907982
4849,0.789719,-0.1058689083230279,0.789719
4850,0.36843234,-0.024363604118942644,0.36843234
4851,-0.07697565,0.16801624099101875,-0.07697565
4852,0.086590596,0.2087088974124258,0.086590596
4853,0.0458696,0.09050727655833123,0.0458696
4854,-0.82399434,-0.19017211710917722,-0.82399434
4855,0.78134716,0.08129167867161985,0.78134716
4856,-0.6743723,0.14288802003662762,-0.6743723
4857,-0.6743723,0.14288802003662762,-0.6743723
4858,0.57579166,0.007310052898245257,0.57579166
4859,0.82846534,-0.005770885228977659,0.82846534
4860,0.82846534,-0.005770885228977659,0.82846534
4861,0.8297737,-0.0012780881926761846,0.8297737
4862,-0.8201357,-0.09579426132520898,-0.8201357
4863,-0.8210245,-0.04392377821889001,-0.8210245
4864,-0.7748649,-0.18180475881711228,-0.7748649
4865,-0.07603036,0.10901427893977919,-0.07603036
4866,0.8458075,-0.25451846823450114,0.8458075
4867,0.84424424,0.03448822073559628,0.84424424
4868,0.84424424,0.03448822073559628,0.84424424
4869,-0.7924422,-0.13004240324027638,-0.7924422
4870,0.58058697,0.17688098886050552,0.58058697
4871,-0.07649076,0.1280993637561462,-0.07649076
4872,0.11646888,0.03697657873916737,0.11646888
4873,0.5560693,0.0694554128841238,0.5560693
4874,0.8169961,-0.06767092783319782,0.8169961
4875,-0.14693362,0.0535090042021098,-0.14693362
4876,-0.59007806,0.06938091985386392,-0.59007806
4877,0.83050257,0.058613351089248075,0.83050257
4878,-0.5804939,0.01000070431120534,-0.5804939
4879,-0.58719206,0.12159199249691646,-0.58719206
4880,-0.43116215,0.02862978653371425,-0.43116215
4881,-0.85031813,-0.05860360553085907,-0.85031813
4882,0.65842766,0.1339020866157412,0.65842766
4883,0.80863196,0.026474220088115716,0.80863196
4884,0.854277,-0.014910911446089012,0.854277
4885,-0.5257551,-0.04308367670294769,-0.5257551
4886,-0.50664943,0.07655384372280498,-0.50664943
4887,-0.5459051,0.021577438445045897,-0.5459051
4888,-0.82267934,-0.03858491086381887,-0.82267934
4889,0.81862813,0.13821887400617516,0.81862813
4890,-0.82047224,-0.060188486511517154,-0.82047224
4891,-0.82889366,0.015033976756095933,-0.82889366
4892,-0.8025399,0.09484530296110727,-0.8025399
4893,0.43978128,0.026314431274942044,0.43978128
4894,-0.82594866,-0.04920657455264583,-0.82594866
4895,-0.52546537,-0.00206493854018943,-0.52546537
4896,0.87329346,-0.07470543354739323,0.87329346
4897,0.87329346,-0.07470543354739323,0.87329346
4898,0.87329346,-0.07470543354739323,0.87329346
4899,0.62408376,0.002051205587693129,0.62408376
4900,-0.37118906,0.034077884727068124,-0.37118906
4901,0.83123165,0.08939437701310088,0.83123165
4902,0.8304936,-0.15065479787536198,0.8304936
4903,-0.8442859,-0.08112249356433997,-0.8442859
4904,-0.8442859,0.06016512035828039,-0.8442859
4905,-0.8442859,-0.08112249356433997,-0.8442859
4906,-0.8442859,0.06016512035828039,-0.8442859
4907,-0.8442859,0.06016512035828039,-0.8442859
4908,0.87329346,-0.07470543354739323,0.87329346
4909,0.856406,0.01565939247571265,0.856406
4910,0.83277446,-0.020270115062619186,0.83277446
4911,0.83051956,0.03938668700220092,0.83051956
4912,0.84009147,0.025956061287726897,0.84009147
4913,0.84009147,0.025956061287726897,0.84009147
4914,0.8374678,-0.040444700688897425,0.8374678
4915,-0.86949563,-0.05229050201413903,-0.86949563
4916,0.85071665,-0.03972831055535997,0.85071665
4917,0.8601234,-0.17252541861435897,0.8601234
4918,0.7052574,0.07923140739510263,0.7052574
4919,-0.6993611,-0.12333901551275588,-0.6993611
4920,0.054522816,0.07209295301046797,0.054522816
4921,-0.69231755,-0.08140483582056636,-0.69231755
4922,0.8299288,-0.028608770816766996,0.8299288
4923,-0.46530405,0.06025113226254275,-0.46530405
4924,-0.5259411,0.13032433249743938,-0.5259411
4925,-0.5259411,0.13032433249743938,-0.5259411
4926,0.8351563,-0.01772320932606614,0.8351563
4927,0.7168432,0.046028200496096475,0.7168432
4928,-0.3459645,0.050679821272940184,-0.3459645
4929,-0.7789194,-0.0707032233712075,-0.7789194
4930,-0.076093934,0.17406039726463993,-0.076093934
4931,-0.018176848,0.03098552291871958,-0.018176848
4932,0.4344109,0.025571838568414787,0.4344109
4933,-0.5638983,-0.0016149701087564395,-0.5638983
4934,0.6666261,-0.07864719565234742,0.6666261
4935,-0.7632488,-0.048800798350004074,-0.7632488
4936,-0.8221746,0.006500493822847508,-0.8221746
4937,-0.8221746,0.006500493822847508,-0.8221746
4938,-0.76660216,-0.06890393340516503,-0.76660216
4939,0.836483,0.012462458707830363,0.836483
4940,0.84629685,0.050750789878908416,0.84629685
4941,-0.8100657,-0.08864417209831096,-0.8100657
4942,-0.8040308,0.049156767712098384,-0.8040308
4943,0.84198034,0.08320905748454151,0.84198034
4944,-0.8324405,0.048176942030742756,-0.8324405
4945,0.7028345,0.13085794552158506,0.7028345
4946,-0.7732261,-0.5837400205903074,-0.7732261
4947,0.043319475,0.24275984521053423,0.043319475
4948,-0.50770897,0.12993622942678876,-0.50770897
4949,-0.23615044,-0.018167021003495654,-0.23615044
4950,0.09548912,0.10721602653489226,0.09548912
4951,-0.7358121,-0.4738782259626165,-0.7358121
4952,0.40452203,0.20798084248626053,0.40452203
4953,-0.38007158,-0.027103765411720195,-0.38007158
4954,0.74803156,0.27261581916437694,0.74803156
4955,0.15015867,0.24587081636206085,0.15015867
4956,-0.22794145,0.07803169311422874,-0.22794145
4957,0.8471507,0.06788998311972477,0.8471507
4958,-0.5322505,0.0988939220034952,-0.5322505
4959,-0.766724,-0.26799285600342754,-0.766724
4960,0.84640664,0.02456477460107616,0.84640664
4961,-0.32403243,0.01151907923199293,-0.32403243
4962,0.44405153,0.07070360318911305,0.44405153
4963,0.8819761,0.34332419762639677,0.8819761
4964,0.8819761,0.34332419762639677,0.8819761
4965,0.83390725,-0.022280050394678473,0.83390725
4966,0.83897716,0.08875076891058215,0.83897716
4967,0.45550692,0.10501918124893701,0.45550692
4968,0.52546585,-0.13327505164053932,0.52546585
4969,-0.8269884,-0.15703271223433732,-0.8269884
4970,0.6925172,0.051735069700734056,0.6925172
4971,0.059364893,0.032813831840858794,0.059364893
4972,0.8451279,-0.020092989637985975,0.8451279
4973,0.8387614,-0.040117668578908,0.8387614
4974,0.8292906,-0.004366614208625953,0.8292906
4975,0.835727,0.08325090803458719,0.835727
4976,0.8356431,0.03683608968368216,0.8356431
4977,0.02618376,0.03187983596254128,0.02618376
4978,0.02618376,0.03187983596254128,0.02618376
4979,0.02618376,0.03187983596254128,0.02618376
4980,0.60735106,0.05129926302306097,0.60735106
4981,-0.6112243,0.0988665949248824,-0.6112243
4982,0.88495743,0.07499047603223875,0.88495743
4983,-0.77950114,-0.06352749727532078,-0.77950114
4984,0.87639624,0.4949346721482758,0.87639624
4985,-0.8221188,-0.2270180494910684,-0.8221188
4986,0.87639624,0.4949346721482758,0.87639624
4987,0.79020685,-0.0441226895230727,0.79020685
4988,-0.6172438,0.07179771914424118,-0.6172438
4989,0.8082946,0.037105774456782724,0.8082946
4990,0.83210933,0.09325868484885178,0.83210933
4991,0.82845634,-0.09039997468761252,0.82845634
4992,0.831547,0.02988777067396105,0.831547
4993,-0.79581285,-0.0017085784844209813,-0.79581285
4994,0.9236677,-0.05814433149642525,0.9236677
4995,0.053400412,0.07407554922791268,0.053400412
4996,-0.1597909,0.11564753941090727,-0.1597909
4997,-0.77147424,-0.0792325889018594,-0.77147424
4998,0.8302646,-0.0935728802216295,0.8302646
4999,0.7558351,0.05048895600454594,0.7558351
5000,-0.46097597,0.19843677753737526,-0.46097597
5001,0.8416112,0.0010644569010249405,0.8416112
5002,0.8601053,-0.046819682970773706,0.8601053
5003,-0.067312375,0.11465865641377739,-0.067312375
5004,-0.5861693,0.04753886235464017,-0.5861693
5005,0.6519903,0.038932468471207224,0.6519903
5006,0.6519903,0.038932468471207224,0.6519903
5007,-0.8273037,0.005783700200172553,-0.8273037
5008,0.87876946,0.1664015469614784,0.87876946
5009,-0.8168174,-0.13321780629110422,-0.8168174
5010,0.84385437,0.03692202739406923,0.84385437
5011,-0.8756107,-0.12134015157078025,-0.8756107
5012,-0.18988301,0.07068932729001583,-0.18988301
5013,0.87075514,-0.14979069420457491,0.87075514
5014,0.8559722,0.04877296815372505,0.8559722
5015,0.5913424,0.05488130332019607,0.5913424
5016,0.6936151,0.05484262851966861,0.6936151
5017,0.7765401,0.046772232185803314,0.7765401
5018,0.8856064,-0.061458053916265354,0.8856064
5019,0.8873818,-0.06407923169336263,0.8873818
5020,0.84543854,-0.12553020139396875,0.84543854
5021,0.84543854,-0.12553020139396875,0.84543854
5022,0.8303698,-0.005928438552916335,0.8303698
5023,-0.82468414,0.0024834005284500057,-0.82468414
5024,0.83460677,0.1364060538030239,0.83460677
5025,-0.53152114,0.13064044262283875,-0.53152114
5026,-0.45947143,0.2351284872268856,-0.45947143
5027,-0.45947143,0.2351284872268856,-0.45947143
5028,-0.21653336,0.0894688917950366,-0.21653336
5029,-0.52098596,0.05199095550567119,-0.52098596
5030,0.7437855,-0.07988429177251402,0.7437855
5031,0.8333119,0.027831815415009613,0.8333119
5032,-0.8461385,-0.1406052285085585,-0.8461385
5033,0.8507933,0.060572230384083464,0.8507933
5034,-0.6652516,0.004533277669850202,-0.6652516
5035,0.69865584,0.17429715731464554,0.69865584
5036,-0.8448678,0.041262024285599976,-0.8448678
5037,-0.8456837,-0.14419293989626125,-0.8456837
5038,-0.8547333,0.07766918375684176,-0.8547333
5039,-0.85047865,-0.1921856512667353,-0.85047865
5040,0.87883353,0.17450394343507505,0.87883353
5041,-0.74585986,-0.3165668947998206,-0.74585986
5042,-0.7022245,-0.3086789336995888,-0.7022245
5043,-0.82467943,-0.0033515595527330356,-0.82467943
5044,-0.076197624,0.14150756502670803,-0.076197624
5045,-0.071773544,0.21891096521528217,-0.071773544
5046,-0.7130882,-0.2364337472689506,-0.7130882
5047,0.69748384,0.11877195803331397,0.69748384
5048,-0.50977635,0.12716355128569998,-0.50977635
5049,-0.38844398,0.1408374114850329,-0.38844398
5050,0.70784664,0.16828329901488548,0.70784664
5051,-0.114713274,0.12838263060900043,-0.114713274
5052,-0.6186294,0.1422780252742016,-0.6186294
5053,-0.6186294,0.1422780252742016,-0.6186294
5054,-0.6186294,0.1422780252742016,-0.6186294
5055,-0.6186294,0.1422780252742016,-0.6186294
5056,-0.6186294,0.1422780252742016,-0.6186294
5057,-0.6186294,0.1422780252742016,-0.6186294
5058,0.8321989,0.00885869246301608,0.8321989
5059,-0.750776,-0.3259133360841091,-0.750776
5060,0.7505385,0.17942867579011357,0.7505385
5061,0.838425,-0.0695696781807244,0.838425
5062,0.8018718,-0.06946249010652164,0.8018718
5063,0.83135414,0.018429120159567113,0.83135414
5064,0.6075853,-0.000259327800474142,0.6075853
5065,-0.6174801,0.012207313855349898,-0.6174801
5066,-0.6174801,0.012207313855349898,-0.6174801
5067,0.75371104,-0.16254575220466408,0.75371104
5068,-0.76442885,-0.07740082677608452,-0.76442885
5069,-0.6033072,0.019883219113942335,-0.6033072
5070,-0.6033072,0.019883219113942335,-0.6033072
5071,-0.8332637,0.0023245599291535912,-0.8332637
5072,0.8509589,0.11987231913885023,0.8509589
5073,-0.8534658,0.05278861706099334,-0.8534658
5074,0.85629326,-0.08951311222523428,0.85629326
5075,0.8568822,0.003889300253546848,0.8568822
5076,0.4263501,-0.06663497410875695,0.4263501
5077,0.8796714,0.33452663944897976,0.8796714
5078,0.8796714,0.33452663944897976,0.8796714
5079,0.8796714,0.33452663944897976,0.8796714
5080,-0.82082826,-0.06368716689445654,-0.82082826
5081,-0.82082826,-0.02862811944905145,-0.82082826
5082,-0.82082826,-0.02862811944905145,-0.82082826
5083,0.83727133,0.08310921846205278,0.83727133
5084,0.82781166,-0.031899392882260694,0.82781166
5085,0.8643651,-0.11920528666047647,0.8643651
5086,0.86911875,-0.01857365629820263,0.86911875
5087,-0.84125644,-0.09956705169759576,-0.84125644
5088,0.8409502,-0.00444881986845443,0.8409502
5089,0.8291139,-0.06818046342328998,0.8291139
5090,0.8294721,-0.014024840234150286,0.8294721
5091,0.49680325,-0.007523873311825508,0.49680325
5092,-0.8781034,0.05665333647999367,-0.8781034
5093,0.8314267,-0.12539525901490492,0.8314267
5094,-0.69276375,-0.041452811808203156,-0.69276375
5095,-0.7908378,-0.12693868671507058,-0.7908378
5096,0.5943909,0.06275327556269575,0.5943909
5097,-0.070230655,0.1836367750736471,-0.070230655
5098,0.6737629,0.01361218570407306,0.6737629
5099,0.6737629,-0.001510059430382706,0.6737629
5100,0.6737629,0.01361218570407306,0.6737629
5101,0.6737629,0.01361218570407306,0.6737629
5102,0.680083,0.16199905306615023,0.680083
5103,-0.68829083,0.047997515165706536,-0.68829083
5104,0.74103636,0.11025808131148321,0.74103636
5105,0.772976,0.1709199859125997,0.772976
5106,0.67014563,0.06490256167423367,0.67014563
5107,-0.6968192,-0.15238270148242503,-0.6968192
5108,0.71115226,0.09119040726293344,0.71115226
5109,-0.6778644,-0.07649504743760302,-0.6778644
5110,-0.6590868,-0.16036604899657403,-0.6590868
5111,0.7101531,0.12854236271273164,0.7101531
5112,-0.7184865,-0.20860466669350763,-0.7184865
5113,0.72006696,0.3047351192296642,0.72006696
5114,0.62987345,0.14138953600557733,0.62987345
5115,0.72622603,-0.0231854144183296,0.72622603
5116,-0.65364486,0.07114831186411791,-0.65364486
5117,-0.6519199,0.19050246205723567,-0.6519199
5118,0.6887547,0.18440323070533599,0.6887547
5119,-0.6995993,-0.25717964294700174,-0.6995993
5120,-0.7087837,-0.1602208959614653,-0.7087837
5121,0.6826823,0.046229918664079536,0.6826823
5122,0.6778082,0.0330559776270414,0.6778082
5123,-0.6543426,0.13702267838954568,-0.6543426
5124,-0.6543426,0.09234776286405263,-0.6543426
5125,0.81002647,0.12175888071680092,0.81002647
5126,0.66823757,0.057339754028316946,0.66823757
5127,0.66880053,-0.05673956261675943,0.66880053
5128,-0.6979211,0.023397961858953178,-0.6979211
5129,0.7074436,0.0010043380048253368,0.7074436
5130,0.40128598,0.1061791911405876,0.40128598
5131,0.7167951,0.45451532998535327,0.7167951
5132,-0.7120932,-0.45883434054398486,-0.7120932
5133,-0.7529617,-0.5309060843095306,-0.7529617
5134,-0.8238197,-0.1438165426835193,-0.8238197
5135,0.7359583,-0.07598813374659986,0.7359583
5136,0.7522827,0.09603372683007652,0.7522827
5137,0.7399336,0.00569905671938414,0.7399336
5138,0.6985956,0.08045803695328983,0.6985956
5139,-0.87324446,0.1026263005542716,-0.87324446
5140,0.7708773,-0.0784716233799348,0.7708773
5141,0.6915165,-0.0014706400430410885,0.6915165
5142,-0.7252363,-0.34604892372255125,-0.7252363
5143,-0.7835279,-0.33526955129019387,-0.7835279
5144,-0.7758396,-0.052564638739751424,-0.7758396
5145,0.7059052,0.1716407588998655,0.7059052
5146,-0.67858213,-0.05588001565980918,-0.67858213
5147,0.68982697,0.20067968862839342,0.68982697
5148,0.50034654,0.15954720410159084,0.50034654
5149,-0.8060174,-0.6602278849423137,-0.8060174
5150,0.33493418,0.0011896715181635275,0.33493418
5151,0.70906633,0.20222929789074265,0.70906633
5152,-0.70906734,-0.22826166099214454,-0.70906734
5153,0.7142582,0.2849056225478172,0.7142582
5154,-0.585066,0.01871659337226353,-0.585066
5155,0.61861515,0.2051149483171242,0.61861515
5156,-0.67678326,0.027992559264149747,-0.67678326
5157,-0.68450755,-0.03716989712133319,-0.68450755
5158,0.68832743,0.04038700602914846,0.68832743
5159,0.694799,-0.0248674879045051,0.694799
5160,0.6629534,-0.12763883353874925,0.6629534
5161,0.6839563,-0.08651834305969122,0.6839563
5162,0.688455,0.290472805963858,0.688455
5163,0.68888575,0.22200100808748413,0.68888575
5164,0.7308789,0.11209243597505461,0.7308789
5165,-0.77963877,-0.3794983741981295,-0.77963877
5166,-0.7798045,-0.42754817862339867,-0.7798045
5167,0.7476906,0.22268078602509242,0.7476906
5168,0.74727374,0.22686043835933642,0.74727374
5169,-0.75953686,-0.3563096496135383,-0.75953686
5170,-0.78001016,-0.32631395507999145,-0.78001016
5171,-0.779935,-0.35325656176095865,-0.779935
5172,-0.78021085,-0.583475285430282,-0.78021085
5173,-0.7799266,-0.4820658706942194,-0.7799266
5174,0.7511653,0.1363166557991805,0.7511653
5175,0.7642197,0.2601483813929266,0.7642197
5176,-0.7922204,-0.4205167941780187,-0.7922204
5177,-0.78241295,-0.2066933310371351,-0.78241295
5178,-0.7822103,-0.16711776820523572,-0.7822103
5179,-0.7821554,-0.31962498136931683,-0.7821554
5180,-0.7822883,-0.2894109063515228,-0.7822883
5181,0.75491875,0.24214891776924133,0.75491875
5182,-0.78117466,-0.22307099282513265,-0.78117466
5183,-0.78073007,-0.2468698013686494,-0.78073007
5184,0.7658468,0.17775986546002784,0.7658468
5185,-0.799391,-0.5365765563951884,-0.799391
5186,-0.7834827,-0.5534707629653107,-0.7834827
5187,-0.78343534,-0.35893673632250295,-0.78343534
5188,-0.78052825,-0.40931667482888534,-0.78052825
5189,-0.7819961,-0.4961490847720001,-0.7819961
5190,0.81979126,-0.019609582374970146,0.81979126
5191,-0.6286092,-0.07457931641790237,-0.6286092
5192,-0.7774072,-0.13272401488370933,-0.7774072
5193,-0.8294086,-0.188928154945198,-0.8294086
5194,0.82714784,-0.032973235578345694,0.82714784
5195,-0.77674234,-0.18334233514259402,-0.77674234
5196,0.81139076,0.19870329548428134,0.81139076
5197,-0.81550664,-0.007983317150095644,-0.81550664
5198,0.81341034,0.19155397328962645,0.81341034
5199,-0.91347694,-0.07195522610455742,-0.91347694
5200,0.09935139,0.11719466282236018,0.09935139
5201,-0.7330835,-0.06230491826797878,-0.7330835
5202,0.02656929,0.0022682840704879616,0.02656929
5203,0.03275501,0.02696935299814695,0.03275501
