row_index,feature_value,shap_value,color_by_self
0,-0.086112395,-0.004322484567541726,-0.086112395
1,-0.086112395,-0.004322484567541726,-0.086112395
2,-0.016136104,-0.013470479377378644,-0.016136104
3,-0.016136104,-0.013470479377378644,-0.016136104
4,-0.016136104,-0.013470479377378644,-0.016136104
5,-0.08535725,0.05455304014755072,-0.08535725
6,-0.08971262,-0.08451316782404746,-0.08971262
7,-0.08971262,-0.08451316782404746,-0.08971262
8,-0.08971262,-0.08451316782404746,-0.08971262
9,-0.08971262,-0.08451316782404746,-0.08971262
10,-0.08971262,-0.08451316782404746,-0.08971262
11,-0.08971255,-0.11486238403187471,-0.08971255
12,-0.08971255,-0.11486238403187471,-0.08971255
13,-0.08971255,-0.11486238403187471,-0.08971255
14,-0.08535725,-0.03335956522419766,-0.08535725
15,-0.08535725,-0.056677089802093544,-0.08535725
16,-0.10368073,0.12789837434492704,-0.10368073
17,-0.08535725,0.06496667031717825,-0.08535725
18,-0.10419094,0.03864209920428063,-0.10419094
19,-0.10419094,0.03864209920428063,-0.10419094
20,-0.10419094,0.03864209920428063,-0.10419094
21,-0.10419094,0.03864209920428063,-0.10419094
22,-0.10419094,0.03864209920428063,-0.10419094
23,-0.10419094,0.10330421413757607,-0.10419094
24,-0.10419094,0.10330421413757607,-0.10419094
25,-0.10419094,0.03864209920428063,-0.10419094
26,-0.10419094,0.10330421413757607,-0.10419094
27,-0.10419094,0.10330421413757607,-0.10419094
28,-0.10419094,0.03864209920428063,-0.10419094
29,-0.10419094,-0.09073682695854814,-0.10419094
30,-0.10419094,-0.09073682695854814,-0.10419094
31,-0.10419094,-0.09073682695854814,-0.10419094
32,-0.10419094,-0.09073682695854814,-0.10419094
33,-0.10419094,-0.0641397198789748,-0.10419094
34,-0.10419094,-0.09073682695854814,-0.10419094
35,-0.10419094,-0.0641397198789748,-0.10419094
36,-0.10419094,-0.18040139170967978,-0.10419094
37,-0.10419094,-0.09073682695854814,-0.10419094
38,-0.10419094,-0.09073682695854814,-0.10419094
39,-0.10419094,-0.18040139170967978,-0.10419094
40,-0.10419094,-0.09073682695854814,-0.10419094
41,-0.086112395,-0.005658793689829522,-0.086112395
42,-0.086112395,-0.005658793689829522,-0.086112395
43,-0.09324528,-0.0033401113751418132,-0.09324528
44,-0.0933239,-0.09191857956581685,-0.0933239
45,-0.0933244,-0.07633210938201819,-0.0933244
46,-0.0933244,-0.04403078411341,-0.0933244
47,-0.0933244,-0.04403078411341,-0.0933244
48,-0.0933244,-0.014075533468729718,-0.0933244
49,-0.093255505,-0.009935437332842571,-0.093255505
50,-0.09719958,-0.11020648880962881,-0.09719958
51,-0.09719958,-0.11020648880962881,-0.09719958
52,-0.09719958,-0.11784275865076126,-0.09719958
53,-0.08778492,-0.01980797586223872,-0.08778492
54,-0.093255505,-0.03654513833085805,-0.093255505
55,-0.093255505,-0.03654513833085805,-0.093255505
56,-0.093255505,-0.03654513833085805,-0.093255505
57,-0.055706114,0.05333884003283477,-0.055706114
58,-0.055706114,0.006437066003826082,-0.055706114
59,-0.055706114,-0.023232776280064316,-0.055706114
60,-0.055706114,-0.023232776280064316,-0.055706114
61,-0.055706114,0.0026919120525802833,-0.055706114
62,-0.08971255,-0.0866410526556515,-0.08971255
63,-0.08971255,-0.0866410526556515,-0.08971255
64,-0.08971255,-0.0866410526556515,-0.08971255
65,-0.08971255,-0.0866410526556515,-0.08971255
66,-0.08971255,-0.0866410526556515,-0.08971255
67,-0.08971255,-0.0866410526556515,-0.08971255
68,-0.08971255,-0.0866410526556515,-0.08971255
69,-0.08971255,-0.0866410526556515,-0.08971255
70,-0.088778436,-0.10687262487004427,-0.088778436
71,-0.10367521,-0.004375407473912092,-0.10367521
72,-0.10367521,-0.004375407473912092,-0.10367521
73,-0.10367521,-0.004375407473912092,-0.10367521
74,0.06415372,-0.021674949443621565,0.06415372
75,0.06415372,-0.03424687470521881,0.06415372
76,0.06415372,-0.03424687470521881,0.06415372
77,0.06415372,-0.03424687470521881,0.06415372
78,-0.0933244,0.03889924559962584,-0.0933244
79,-0.0933244,0.03889924559962584,-0.0933244
80,0.0034375025,0.011360816901029,0.0034375025
81,0.0034375025,0.011360816901029,0.0034375025
82,-0.09719958,-0.06519134413033716,-0.09719958
83,-0.09719958,-0.06519134413033716,-0.09719958
84,0.06415372,0.14271785325362854,0.06415372
85,0.06415372,0.14271785325362854,0.06415372
86,0.06415372,0.03583844818522412,0.06415372
87,0.06415372,0.14271785325362854,0.06415372
88,-0.09332267,-0.09446148183117083,-0.09332267
89,-0.10411183,-0.10561565860230458,-0.10411183
90,-0.0933244,-0.061547498671128145,-0.0933244
91,-0.0933244,-0.061547498671128145,-0.0933244
92,-0.0866058,-0.02226351034733537,-0.0866058
93,-0.08971255,0.018240061051977556,-0.08971255
94,-0.08971255,0.018240061051977556,-0.08971255
95,-0.08531186,-0.005001063422564873,-0.08531186
96,-0.08961975,0.00042229878834836054,-0.08961975
97,-0.08961975,0.00042229878834836054,-0.08961975
98,-0.08971262,-0.07159737065914981,-0.08971262
99,-0.10114357,-0.024389272034832123,-0.10114357
100,-0.10114357,-0.11984781670318305,-0.10114357
101,-0.07170127,0.09085864255147104,-0.07170127
102,-0.056633722,0.012318498323982532,-0.056633722
103,0.07948795,-0.05705079880699429,0.07948795
104,0.07948795,-0.05705079880699429,0.07948795
105,-0.09628106,-0.04878079872315245,-0.09628106
106,-0.09628106,-0.027583027695104307,-0.09628106
107,-0.09628106,-0.027583027695104307,-0.09628106
108,-0.09628106,-0.027583027695104307,-0.09628106
109,-0.0732999,-0.12546221930982893,-0.0732999
110,-0.103464745,-0.026465786443565766,-0.103464745
111,-0.093255505,-0.13540762765157432,-0.093255505
112,-0.093255505,-0.13540762765157432,-0.093255505
113,-0.04865015,0.03741952280052144,-0.04865015
114,-0.08530408,-0.05184264472523777,-0.08530408
115,-0.08838208,-0.04518104286624223,-0.08838208
116,-0.08838208,-0.04518104286624223,-0.08838208
117,-0.093290135,-0.05389710848704187,-0.093290135
118,-0.093290135,-0.05389710848704187,-0.093290135
119,-0.093290135,-0.05389710848704187,-0.093290135
120,-0.093290135,-0.05389710848704187,-0.093290135
121,-0.093290135,-0.05389710848704187,-0.093290135
122,-0.06736158,-0.04261450859143167,-0.06736158
123,-0.06736158,-0.02137195204871071,-0.06736158
124,-0.092596546,-0.01175127878343193,-0.092596546
125,-0.08886274,-0.005769216374323842,-0.08886274
126,-0.08886274,-0.07639413911807445,-0.08886274
127,-0.08886274,-0.07639413911807445,-0.08886274
128,-0.08886274,-0.07639413911807445,-0.08886274
129,-0.08620328,-0.03180231561064808,-0.08620328
130,-0.092405684,-0.05671747923471801,-0.092405684
131,-0.092405684,-0.07643638058605973,-0.092405684
132,0.064155445,0.018149606448379936,0.064155445
133,-0.034923587,-0.02058664640297485,-0.034923587
134,0.07948795,0.1104653443160223,0.07948795
135,0.07948795,0.1104653443160223,0.07948795
136,-0.09329013,-0.06382466316917473,-0.09329013
137,-0.09329013,-0.06382466316917473,-0.09329013
138,-0.05152493,0.002026491261123135,-0.05152493
139,-0.08526454,0.05787601368999736,-0.08526454
140,-0.08526454,0.05787601368999736,-0.08526454
141,-0.08526454,-0.028937715073690994,-0.08526454
142,-0.08526454,-0.028937715073690994,-0.08526454
143,-0.08526252,0.010139639447467345,-0.08526252
144,-0.08526252,0.010139639447467345,-0.08526252
145,-0.08526252,-0.02178733014936143,-0.08526252
146,-0.08526252,-0.02178733014936143,-0.08526252
147,-0.092622615,-0.047917297212246024,-0.092622615
148,-0.092622615,-0.047917297212246024,-0.092622615
149,-0.00070316496,0.05914571310019444,-0.00070316496
150,-0.00070316496,-0.0017165432098102638,-0.00070316496
151,-0.00070316496,-0.0017165432098102638,-0.00070316496
152,-0.093290165,-0.11161352109732821,-0.093290165
153,-0.097130686,-0.0663362709970741,-0.097130686
154,-0.097130686,-0.056870189850249844,-0.097130686
155,-0.08591884,0.02391842881557889,-0.08591884
156,-0.10367521,-0.016576658882875718,-0.10367521
157,-0.10367521,-0.012565177317105962,-0.10367521
158,-0.09716531,0.014265726361781403,-0.09716531
159,-0.09716531,-0.11778499928726176,-0.09716531
160,-0.09716531,-0.06784313021039738,-0.09716531
161,-0.09716531,-0.06784313021039738,-0.09716531
162,-0.093290165,-0.03034255629810141,-0.093290165
163,-0.09628106,-0.0004563184942131364,-0.09628106
164,-0.097130686,-0.15554011071369142,-0.097130686
165,-0.093290165,0.10093919379866804,-0.093290165
166,-0.092622615,-0.03667707703049516,-0.092622615
167,-0.092622615,-0.03667707703049516,-0.092622615
168,-0.0028903007,-0.04849024401693991,-0.0028903007
169,-0.0028903007,0.053771271876977896,-0.0028903007
170,-0.0028903007,0.053771271876977896,-0.0028903007
171,-0.0028903007,-0.04849024401693991,-0.0028903007
172,-0.0028903007,0.053771271876977896,-0.0028903007
173,-0.08971262,0.026326506407148956,-0.08971262
174,0.06418798,0.05727216018910759,0.06418798
175,0.06418798,0.05727216018910759,0.06418798
176,0.06418798,-0.08375067754788397,0.06418798
177,-0.086092725,-0.0542726911239926,-0.086092725
178,-0.10412204,-0.044387674434697835,-0.10412204
179,-0.10412204,-0.044387674434697835,-0.10412204
180,-0.09611664,-0.015981754919724027,-0.09611664
181,-0.0970728,-0.08149563370523051,-0.0970728
182,-0.10415667,0.07647129418473783,-0.10415667
183,-0.10415667,0.016022443596202425,-0.10415667
184,-0.10415667,0.07647129418473783,-0.10415667
185,0.00033860604,-0.026389910205172395,0.00033860604
186,-0.10367521,0.008274934652821819,-0.10367521
187,-0.10367521,0.008274934652821819,-0.10367521
188,-0.09719908,-0.08521356544764384,-0.09719908
189,-0.09719908,-0.010683812202254053,-0.09719908
190,-0.09719908,-0.010683812202254053,-0.09719908
191,-0.09719908,-0.010683812202254053,-0.09719908
192,-0.07813316,0.01836591587552863,-0.07813316
193,-0.07813316,0.0754083261441881,-0.07813316
194,-0.035003707,-0.024154524403260196,-0.035003707
195,-0.035003707,-0.024154524403260196,-0.035003707
196,-0.035003707,-0.024154524403260196,-0.035003707
197,-0.018044906,0.042788266768081736,-0.018044906
198,-0.018044906,-0.042952513608431706,-0.018044906
199,-0.1034634,0.016586603044514966,-0.1034634
200,-0.1034634,0.016586603044514966,-0.1034634
201,-0.10411183,-0.10461144122864831,-0.10411183
202,0.101056404,-0.2981337475075753,0.101056404
203,0.03176901,0.08237684086847173,0.03176901
204,0.03176901,-0.007293698654115074,0.03176901
205,0.03176901,-0.01377914200792466,0.03176901
206,0.03176901,0.06189244627884295,0.03176901
207,0.03176901,-0.01377914200792466,0.03176901
208,0.03176901,-0.01377914200792466,0.03176901
209,-0.06519454,0.03774962474787141,-0.06519454
210,-0.06519454,0.03774962474787141,-0.06519454
211,-0.056633722,-0.009014459051944437,-0.056633722
212,-0.09719785,-0.11954023389047903,-0.09719785
213,-0.09719785,-0.11954023389047903,-0.09719785
214,-0.09719785,-0.11954023389047903,-0.09719785
215,-0.10415667,-0.1425358363329576,-0.10415667
216,-0.10415667,-0.1425358363329576,-0.10415667
217,-0.10415667,-0.01615161418184746,-0.10415667
218,-0.08690341,0.03389614436029402,-0.08690341
219,-0.08690341,0.03389614436029402,-0.08690341
220,-0.08690341,0.03389614436029402,-0.08690341
221,-0.08690341,0.03389614436029402,-0.08690341
222,-0.08690341,0.03389614436029402,-0.08690341
223,-0.08690341,0.03389614436029402,-0.08690341
224,-0.034995884,0.062082406874614485,-0.034995884
225,-0.034995884,0.062082406874614485,-0.034995884
226,-0.034995884,0.062082406874614485,-0.034995884
227,-0.019904556,0.021223857988695534,-0.019904556
228,-0.019904556,0.04206454239131716,-0.019904556
229,-0.08535725,-0.03676336167105107,-0.08535725
230,-0.08971255,0.016076124114528894,-0.08971255
231,-0.08971255,0.016076124114528894,-0.08971255
232,-0.08971255,0.016076124114528894,-0.08971255
233,-0.08971255,0.016076124114528894,-0.08971255
234,-0.08971255,0.016076124114528894,-0.08971255
235,-0.08971255,0.016076124114528894,-0.08971255
236,-0.08535523,-0.015816378720454032,-0.08535523
237,-0.086239696,0.07656744082913285,-0.086239696
238,-0.057441056,-0.03341933483702228,-0.057441056
239,-0.057425216,-0.023991878120574534,-0.057425216
240,-0.09329013,-0.12069139935692752,-0.09329013
241,-0.08693963,-0.033937302127624795,-0.08693963
242,-0.08693963,-0.033937302127624795,-0.08693963
243,-0.08693963,-0.033937302127624795,-0.08693963
244,-0.08693963,-0.033937302127624795,-0.08693963
245,-0.08693963,-0.04244835617289696,-0.08693963
246,-0.093290165,-0.014838692268503453,-0.093290165
247,-0.093290165,-0.014838692268503453,-0.093290165
248,-0.093290165,-0.014838692268503453,-0.093290165
249,-0.08329069,-0.0021819818238163523,-0.08329069
250,-0.08329069,-0.0021819818238163523,-0.08329069
251,-0.08329069,-0.0021819818238163523,-0.08329069
252,-0.08329069,-0.0021819818238163523,-0.08329069
253,-0.08329069,-0.0021819818238163523,-0.08329069
254,-0.012480784,-0.01359003800252322,-0.012480784
255,-0.012480784,-0.01359003800252322,-0.012480784
256,-0.08778493,-0.006304001216268743,-0.08778493
257,-0.08778493,-0.006304001216268743,-0.08778493
258,-0.08778493,-0.0022574397604847663,-0.08778493
259,-0.005829027,0.12026073461727342,-0.005829027
260,-0.08626285,-0.0046840562322729325,-0.08626285
261,-0.08626285,-0.0046840562322729325,-0.08626285
262,-0.09328836,0.0847942738821551,-0.09328836
263,-0.08886274,0.06374647087294176,-0.08886274
264,-0.08886274,0.065648989670882,-0.08886274
265,-0.08886274,0.065648989670882,-0.08886274
266,-0.08886274,0.065648989670882,-0.08886274
267,-0.08535523,0.032914336155268856,-0.08535523
268,-0.086205095,-0.07339708935038138,-0.086205095
269,-0.08974718,0.005694669446177034,-0.08974718
270,-0.08974718,0.005694669446177034,-0.08974718
271,-0.08974718,0.005694669446177034,-0.08974718
272,-0.08974718,0.005694669446177034,-0.08974718
273,-0.08974718,0.005694669446177034,-0.08974718
274,-0.092405684,0.01740677633521666,-0.092405684
275,-0.08609026,0.001444336008318727,-0.08609026
276,0.03176901,-0.0725158844969164,0.03176901
277,0.03176901,-0.05888375948398889,0.03176901
278,-0.08693963,0.009571202650720017,-0.08693963
279,-0.08693963,0.009571202650720017,-0.08693963
280,-0.08693963,0.009571202650720017,-0.08693963
281,-0.08693963,0.009571202650720017,-0.08693963
282,-0.08693963,0.027715494036405535,-0.08693963
283,-0.016126024,0.04176211949529721,-0.016126024
284,-0.0047376133,0.045108045318093856,-0.0047376133
285,-0.08626286,-0.020099658583122012,-0.08626286
286,-0.08626286,0.017671318246477455,-0.08626286
287,-0.08626286,0.017671318246477455,-0.08626286
288,-0.10412204,-0.00015174000064835624,-0.10412204
289,-0.10412204,-0.001978524219027039,-0.10412204
290,-0.10418921,-0.029794002589553573,-0.10418921
291,-0.10418921,-0.029794002589553573,-0.10418921
292,-0.10418921,-0.029794002589553573,-0.10418921
293,-0.08599355,-0.0035651813035934856,-0.08599355
294,-0.09332384,-0.16277755949133926,-0.09332384
295,-0.048457116,-0.012131196780443986,-0.048457116
296,-0.048457116,0.03411618341053808,-0.048457116
297,-0.08838205,0.0004824999176681532,-0.08838205
298,-0.0677187,-0.03531336157857348,-0.0677187
299,-0.0677187,-0.03531336157857348,-0.0677187
300,-0.0677187,-0.03531336157857348,-0.0677187
301,-0.016356394,-0.09983014886058128,-0.016356394
302,-0.016356394,-0.09983014886058128,-0.016356394
303,-0.016356394,-0.09983014886058128,-0.016356394
304,-0.016356394,-0.09983014886058128,-0.016356394
305,-0.016356394,-0.09983014886058128,-0.016356394
306,0.01584663,0.024633604697214397,0.01584663
307,0.01584663,0.024633604697214397,0.01584663
308,-0.104189634,0.01562812467880343,-0.104189634
309,-0.0029343814,-0.005080063529972164,-0.0029343814
310,-0.0029343814,-0.0012139993262200673,-0.0029343814
311,-0.0029343814,-0.005080063529972164,-0.0029343814
312,-0.0029343814,-0.0012139993262200673,-0.0029343814
313,-0.0029688028,-0.005849033004904877,-0.0029688028
314,-0.0029688028,-0.005849033004904877,-0.0029688028
315,-0.0029688028,-0.005849033004904877,-0.0029688028
316,-0.002933902,-0.0686762785745189,-0.002933902
317,-0.08627393,0.09389060811392264,-0.08627393
318,-0.08627393,0.09389060811392264,-0.08627393
319,-0.08535523,0.07029721871142397,-0.08535523
320,-0.08535523,0.07029721871142397,-0.08535523
321,-0.08535523,-0.1138912391620442,-0.08535523
322,-0.08535523,-0.1138912391620442,-0.08535523
323,-0.086205095,-0.025113621455098135,-0.086205095
324,-0.08974718,-0.08344231286485579,-0.08974718
325,-0.08974718,-0.08344231286485579,-0.08974718
326,-0.08974718,-0.08344231286485579,-0.08974718
327,-0.08974718,-0.08344231286485579,-0.08974718
328,-0.09719908,-0.12924214454204083,-0.09719908
329,0.101056404,-0.03647480042512476,0.101056404
330,0.03157686,0.025028721429130395,0.03157686
331,0.07952228,0.31478434791969173,0.07952228
332,-0.10418921,-0.07040203032242186,-0.10418921
333,0.064155445,0.038030420930840865,0.064155445
334,0.064155445,0.038030420930840865,0.064155445
335,-0.09324528,-0.14918888215398649,-0.09324528
336,-0.0933231,-0.1788423335480175,-0.0933231
337,-0.08690341,0.15787204298967794,-0.08690341
338,-0.08690341,0.15787204298967794,-0.08690341
339,-0.08690341,0.15787204298967794,-0.08690341
340,-0.08690341,0.15787204298967794,-0.08690341
341,-0.085884176,-0.058726036182280124,-0.085884176
342,-0.08588424,0.0034839718598092574,-0.08588424
343,-0.1011093,-0.08559867887177837,-0.1011093
344,-0.08778492,-0.01803407957039043,-0.08778492
345,-0.08778492,-0.01803407957039043,-0.08778492
346,-0.08778492,-0.01803407957039043,-0.08778492
347,-0.08778493,-0.07489957050537181,-0.08778493
348,-0.08778493,-0.07489957050537181,-0.08778493
349,-0.07938221,-0.005002173675347195,-0.07938221
350,-0.06431475,0.022234936000642688,-0.06431475
351,-0.028462552,-0.027333830531464074,-0.028462552
352,-0.028462552,-0.027333830531464074,-0.028462552
353,-0.028462552,-0.006431297887450158,-0.028462552
354,-0.0029334126,0.02537363392461458,-0.0029334126
355,-0.0029334126,-0.05517216091035712,-0.0029334126
356,-0.086239696,-0.04056940153399052,-0.086239696
357,-0.0951456,-0.015947674043132687,-0.0951456
358,-0.0951456,-0.015947674043132687,-0.0951456
359,-0.08838208,0.022733892471440136,-0.08838208
360,-0.08627393,-0.009661249460304562,-0.08627393
361,0.0315327,0.03616308805990806,0.0315327
362,-0.07610026,-0.02372606910935123,-0.07610026
363,-0.07610026,-0.02372606910935123,-0.07610026
364,-0.07610026,0.03326676280663407,-0.07610026
365,-0.07610026,0.03326676280663407,-0.07610026
366,-0.048650183,0.009386522508654092,-0.048650183
367,-0.08591884,-0.1669639608359816,-0.08591884
368,-0.026989533,0.022241808491929093,-0.026989533
369,-0.006989885,0.0008874556915153332,-0.006989885
370,-0.006989885,4.4006682788510706e-05,-0.006989885
371,-0.00037227428,0.05349702584176226,-0.00037227428
372,-0.00037227428,0.05349702584176226,-0.00037227428
373,-0.00037227428,0.07698747216437794,-0.00037227428
374,-0.00037227428,0.07698747216437794,-0.00037227428
375,0.06418795,-0.0018201990018434835,0.06418795
376,-0.11593222,0.2918125497323806,-0.11593222
377,-0.10418922,-0.06259084916973823,-0.10418922
378,-0.10418922,-0.06259084916973823,-0.10418922
379,-0.1041567,-0.04880050071819521,-0.1041567
380,-0.1003968,0.02061542075351681,-0.1003968
381,-0.10036425,-0.08641600706592176,-0.10036425
382,-0.08884513,-0.021772644482681666,-0.08884513
383,-0.08690341,-0.010945881988145036,-0.08690341
384,-0.08690341,-0.010945881988145036,-0.08690341
385,-0.08690341,-0.010945881988145036,-0.08690341
386,-0.04359427,-0.0046372184475102045,-0.04359427
387,-0.04359427,-0.0046372184475102045,-0.04359427
388,-0.04359427,-0.0046372184475102045,-0.04359427
389,-0.04355805,-0.0676327140990327,-0.04355805
390,-0.04355805,-0.0676327140990327,-0.04355805
391,-0.04355805,-0.0676327140990327,-0.04355805
392,-0.016503507,0.011460200972614226,-0.016503507
393,-0.016503507,0.011460200972614226,-0.016503507
394,-0.016503507,0.011460200972614226,-0.016503507
395,-0.016493427,0.029701230944193444,-0.016493427
396,-0.016493427,0.029701230944193444,-0.016493427
397,-0.016493427,0.029701230944193444,-0.016493427
398,-0.043555662,-0.06144848591914425,-0.043555662
399,-0.043555662,-0.06144848591914425,-0.043555662
400,-0.043555662,-0.06144848591914425,-0.043555662
401,-0.0407583,-0.017500183646383134,-0.0407583
402,-0.0407583,-0.017500183646383134,-0.0407583
403,-0.0407583,-0.017500183646383134,-0.0407583
404,-0.054882042,0.023960070564183825,-0.054882042
405,-0.054882042,0.023960070564183825,-0.054882042
406,-0.054882042,0.023960070564183825,-0.054882042
407,0.01584663,0.006376360730680592,0.01584663
408,0.01584663,0.006376360730680592,0.01584663
409,-0.0966539,0.01655862584690225,-0.0966539
410,-0.018044906,-0.10201986612026259,-0.018044906
411,-0.08778492,0.03405046666603004,-0.08778492
412,-0.08778493,0.00827525952874295,-0.08778493
413,-0.08626286,0.07386333941899283,-0.08626286
414,-0.032616284,-0.030536842782471287,-0.032616284
415,-0.019671883,-0.004030493024438799,-0.019671883
416,-0.0028931685,0.03036587377765127,-0.0028931685
417,-0.002934382,-0.0027372191906818054,-0.002934382
418,-0.002934382,-0.0027372191906818054,-0.002934382
419,-0.0028903007,0.006946416944094791,-0.0028903007
420,-0.0028903007,-0.06854799876405815,-0.0028903007
421,-0.0029343814,-0.011731330950953613,-0.0029343814
422,-0.08530408,0.10962081219526855,-0.08530408
423,-0.04630349,0.02188280232247116,-0.04630349
424,-0.04630349,0.02188280232247116,-0.04630349
425,-0.04630349,0.02188280232247116,-0.04630349
426,-0.04630349,0.017673009828803616,-0.04630349
427,-0.04630349,0.017673009828803616,-0.04630349
428,-0.04630349,0.017673009828803616,-0.04630349
429,0.064696975,0.031322878650638916,0.064696975
430,-0.086119875,0.04743344053792762,-0.086119875
431,-0.086119875,-0.0545956790168676,-0.086119875
432,-0.08886274,-0.0657343348273456,-0.08886274
433,-0.09328836,-0.05085487089427812,-0.09328836
434,-0.08784061,0.030216039633437174,-0.08784061
435,-0.08784061,0.030216039633437174,-0.08784061
436,-0.08535725,0.0504671720741551,-0.08535725
437,-0.08535725,-0.029468276803991042,-0.08535725
438,-0.0861196,0.06954309991342057,-0.0861196
439,-0.0861196,0.06954309991342057,-0.0861196
440,-0.0861196,-0.07523712440225608,-0.0861196
441,-0.0861196,-0.07523712440225608,-0.0861196
442,-0.086092725,0.048132474260509435,-0.086092725
443,-0.018203078,0.005841118693496764,-0.018203078
444,-0.10412211,-0.051218478920954616,-0.10412211
445,-0.034886103,0.033987391207722026,-0.034886103
446,-0.0970728,0.028721955615676115,-0.0970728
447,-0.04792406,-0.025220333762405508,-0.04792406
448,-0.0479261,0.06302098311733034,-0.0479261
449,-0.052751437,-0.08478234628605477,-0.052751437
450,-0.048633516,-0.0065678360066103725,-0.048633516
451,-0.048633516,-0.005868459552155522,-0.048633516
452,-0.047908217,0.005433350658187084,-0.047908217
453,-0.049191453,-0.028392471849209903,-0.049191453
454,-0.00498524,0.0017081796891528847,-0.00498524
455,-0.08626284,0.01964317863868246,-0.08626284
456,-0.08740508,-0.057419028496791,-0.08740508
457,-0.026989533,-0.03577308544225728,-0.026989533
458,-0.0971417,-0.13239312373752082,-0.0971417
459,-0.08875932,-0.009172757059288128,-0.08875932
460,-0.060378138,0.08581501838273134,-0.060378138
461,-0.060378138,0.08581501838273134,-0.060378138
462,-0.10418922,0.0062189228437726785,-0.10418922
463,-0.10418922,0.0062189228437726785,-0.10418922
464,-0.04355805,0.004805696010293297,-0.04355805
465,-0.04355805,0.004805696010293297,-0.04355805
466,-0.04355805,0.004805696010293297,-0.04355805
467,-0.08978145,-0.019965503521192175,-0.08978145
468,-0.013235592,-0.12065545373972832,-0.013235592
469,0.013133961,0.02326795571191189,0.013133961
470,0.013133961,0.09378661270633237,0.013133961
471,0.013133961,0.05253052723977214,0.013133961
472,0.013099721,0.03727245658062521,0.013099721
473,-0.0064773206,0.015616313513420788,-0.0064773206
474,-0.08880973,-0.06721184209603691,-0.08880973
475,-0.07170127,0.01978829296214029,-0.07170127
476,-0.034993257,-0.015568983796405034,-0.034993257
477,-0.034992833,0.12203955973774519,-0.034992833
478,-0.034993306,0.022618503429125275,-0.034993306
479,-0.034987535,0.07047516203294375,-0.034987535
480,-0.03491274,-0.009923681346210638,-0.03491274
481,0.013133992,-0.0005337079529673873,0.013133992
482,-0.01790569,0.06867378631757738,-0.01790569
483,-0.015480613,0.024393282629441744,-0.015480613
484,0.01409957,0.07512323587509981,0.01409957
485,0.01409957,0.07512323587509981,0.01409957
486,-0.08778492,0.023449227032945063,-0.08778492
487,-0.00052587414,0.05421248129081887,-0.00052587414
488,-0.064314395,-0.04485980160055485,-0.064314395
489,-0.06622343,-0.01372172389103931,-0.06622343
490,-0.06760991,0.03671429205840532,-0.06760991
491,-0.065299325,-0.0330859532334441,-0.065299325
492,-0.06622092,-0.02305697552359026,-0.06622092
493,-0.06619685,0.002164047535280539,-0.06619685
494,-0.066213295,-0.0038742228553979917,-0.066213295
495,-0.066223234,0.015452371320852457,-0.066223234
496,0.019022357,-0.02740000639665543,0.019022357
497,-0.019671751,-0.03431498360636973,-0.019671751
498,-0.034923583,0.05345475423096668,-0.034923583
499,-0.02846758,-0.02481867178455531,-0.02846758
500,-0.02846758,-0.02481867178455531,-0.02846758
501,-0.035003677,-0.02231259318877143,-0.035003677
502,-0.035003677,-0.02231259318877143,-0.035003677
503,-0.028467447,-0.003222555135579281,-0.028467447
504,-0.021873647,0.12062229330320182,-0.021873647
505,-0.025292976,0.04793146797658475,-0.025292976
506,-0.01903647,-0.02654015581806659,-0.01903647
507,-0.002893137,0.08890395879890561,-0.002893137
508,-0.0029343807,-0.030468409086872872,-0.0029343807
509,-0.0028931685,0.08660413233461295,-0.0028931685
510,-0.002934382,0.05389336212276969,-0.002934382
511,-0.002934382,0.05389336212276969,-0.002934382
512,-0.0029343814,-0.011731330950953613,-0.0029343814
513,-0.002933902,0.03085875089558517,-0.002933902
514,-0.0028902688,-0.03229776315241918,-0.0028902688
515,-0.11175375,0.15118036248326103,-0.11175375
516,-0.11175375,0.15118036248326103,-0.11175375
517,-0.0028901673,-0.03641726220960936,-0.0028901673
518,-0.031067144,0.024565485378574562,-0.031067144
519,-0.031067144,-0.03791039267313153,-0.031067144
520,-0.0672721,0.09881056550375114,-0.0672721
521,-0.0672721,0.09881056550375114,-0.0672721
522,-0.10988544,0.06252045558272837,-0.10988544
523,-0.09270369,-0.06398220497049682,-0.09270369
524,-0.08869042,-0.0696406109963002,-0.08869042
525,-0.08869042,-0.0696406109963002,-0.08869042
526,-0.0136307,-0.12955637153052524,-0.0136307
527,-0.034847423,-0.01910043744674842,-0.034847423
528,-0.034973823,-0.05483211652702378,-0.034973823
529,-0.08886274,0.06289281196505186,-0.08886274
530,-0.09238525,0.02036513128307928,-0.09238525
531,-0.09238525,-0.04399379067654796,-0.09238525
532,-0.08784061,-0.042461140356985005,-0.08784061
533,-0.08784061,-0.042461140356985005,-0.08784061
534,-0.0861949,-0.04862515345610578,-0.0861949
535,-0.08619357,0.00509081954842205,-0.08619357
536,-0.08619357,-0.02815148380083898,-0.08619357
537,-0.114975624,0.07592542021682257,-0.114975624
538,-0.114975624,0.23932698469671346,-0.114975624
539,-0.114975624,-0.10157578389151609,-0.114975624
540,-0.0933244,0.03451581591645361,-0.0933244
541,-0.0933244,0.03451581591645361,-0.0933244
542,-0.002893137,0.0010428772381528596,-0.002893137
543,-0.08548727,-0.008709612637338323,-0.08548727
544,-0.08620814,0.04133457051189323,-0.08620814
545,-0.08620814,-0.01974420014669797,-0.08620814
546,-0.086092725,-0.012929178453400652,-0.086092725
547,-0.08605793,0.07603617270198185,-0.08605793
548,-0.08605793,-0.052865358404217674,-0.08605793
549,-0.08533957,-0.012797492858111034,-0.08533957
550,-0.08533957,-0.043691631866106535,-0.08533957
551,-0.0053008692,-0.016669907016088493,-0.0053008692
552,-0.018036783,-0.08377546614681007,-0.018036783
553,-0.1034634,-0.0454620277555853,-0.1034634
554,-0.08527727,-0.02583093783822475,-0.08527727
555,-0.0886431,-0.024991505156989623,-0.0886431
556,-0.0886431,0.026605125053773684,-0.0886431
557,-0.0894101,-0.015632745371922562,-0.0894101
558,-0.0894101,-0.015632745371922562,-0.0894101
559,-0.0894101,-0.0682976295891376,-0.0894101
560,-0.08864319,0.07651070782556607,-0.08864319
561,-0.08864319,0.0062979957545813234,-0.08864319
562,-0.09327157,0.028836515423929458,-0.09327157
563,-0.086034454,-0.054974871874519854,-0.086034454
564,-0.08530119,0.045606156079621145,-0.08530119
565,-0.08530119,0.024541810489542737,-0.08530119
566,-0.085299164,0.017469506383068076,-0.085299164
567,-0.085299164,-0.2120921882481413,-0.085299164
568,-0.08603692,0.0019191080915480709,-0.08603692
569,-0.08603692,-0.1746995358052931,-0.08603692
570,-0.085283495,0.0445029451799853,-0.085283495
571,-0.085283495,0.031061138320303393,-0.085283495
572,-0.0862211,0.046418431468124285,-0.0862211
573,-0.0862211,-0.03605120703483066,-0.0862211
574,-0.08603982,0.017022256005724993,-0.08603982
575,-0.08603982,-0.03362764852503709,-0.08603982
576,-0.08603735,0.07427691511762054,-0.08603735
577,-0.08603735,-0.013840874510220971,-0.08603735
578,-0.08605931,0.06188147454229228,-0.08605931
579,-0.08605931,-0.019404783099676953,-0.08605931
580,-0.085286394,0.01100186894640219,-0.085286394
581,-0.085286394,-0.02524188315297538,-0.085286394
582,-0.056432117,0.02656326427805698,-0.056432117
583,-0.04865015,0.06595972410062947,-0.04865015
584,-0.048512608,-0.0012598620833704694,-0.048512608
585,-0.048512574,0.07390644003105397,-0.048512574
586,0.041837107,0.19780278946376825,0.041837107
587,-0.043546334,0.009604380547045108,-0.043546334
588,-0.087784916,-0.000618030628517077,-0.087784916
589,-0.08608981,-0.0484775747217085,-0.08608981
590,-0.051140986,-0.007791086006311955,-0.051140986
591,-0.051140986,-0.007791086006311955,-0.051140986
592,-0.048526112,0.0875989062139286,-0.048526112
593,-0.048526112,0.002359737039202467,-0.048526112
594,-0.0877571,0.05152431078095685,-0.0877571
595,-0.0877571,-0.007142520995339404,-0.0877571
596,0.043756682,0.07478302506076835,0.043756682
597,0.043756682,-0.0023843636748926726,0.043756682
598,-0.0841071,-0.021357136408327555,-0.0841071
599,-0.0841071,-0.021357136408327555,-0.0841071
600,-0.10327466,-0.08499340203092501,-0.10327466
601,0.013221813,0.04262889661909811,0.013221813
602,-0.08588424,-0.09835320353237595,-0.08588424
603,-0.08314348,0.00044982140747876047,-0.08314348
604,-0.050721623,0.0017221848970208758,-0.050721623
605,-0.050721623,0.0017221848970208758,-0.050721623
606,-0.08591884,0.046838012065892665,-0.08591884
607,-0.08588424,0.019166542056754787,-0.08588424
608,-0.08588424,0.032969954888465935,-0.08588424
609,-0.08591884,0.04158621849750824,-0.08591884
610,-0.08591884,-0.002970044328459464,-0.08591884
611,-0.08591884,0.04580888731804195,-0.08591884
612,0.064698696,0.03603433823964371,0.064698696
613,-0.062728286,0.020168450352085802,-0.062728286
614,-0.062728286,0.020168450352085802,-0.062728286
615,-0.09517986,-0.10084173112697008,-0.09517986
616,-0.059305288,0.03686714537763243,-0.059305288
617,-0.059305288,0.013941768265189846,-0.059305288
618,-0.051606387,0.06751607803191258,-0.051606387
619,-0.051606387,0.06751607803191258,-0.051606387
620,0.032697156,0.0262393363727563,0.032697156
621,0.032697156,0.0262393363727563,0.032697156
622,-0.10114184,-0.11483455526450671,-0.10114184
623,-0.10039839,-0.13139755288446175,-0.10039839
624,-0.10039825,-0.15178550984754038,-0.10039825
625,0.06476874,-0.008650390791643894,0.06476874
626,-0.092805296,-0.06491751504397592,-0.092805296
627,0.02842836,0.013116631931245444,0.02842836
628,0.02842836,0.013116631931245444,0.02842836
629,0.031771094,-0.057363964921919135,0.031771094
630,-0.07117471,-0.04126000141408792,-0.07117471
631,-0.0677187,0.005464326034534165,-0.0677187
632,-0.014963589,0.06515750896078411,-0.014963589
633,-0.089851364,-0.021505110765565005,-0.089851364
634,0.0034721699,0.12258350335698516,0.0034721699
635,-0.00750038,0.07461281058748345,-0.00750038
636,-0.00750038,0.03478493834820743,-0.00750038
637,-0.0866058,-0.019492243203539768,-0.0866058
638,-0.08884503,-0.011345924703355319,-0.08884503
639,-0.08328061,-0.02117085544031296,-0.08328061
640,-0.085884176,0.03879472100501787,-0.085884176
641,0.013133992,-0.008536803547303089,0.013133992
642,0.013133995,-0.004618681567254402,0.013133995
643,0.013133995,-0.004618681567254402,0.013133995
644,0.0131339915,-0.03433457545575111,0.0131339915
645,0.0131339915,-0.03433457545575111,0.0131339915
646,0.013133997,-0.018557931406474097,0.013133997
647,0.013133997,-0.027014831909978113,0.013133997
648,0.013134095,0.04283907546401551,0.013134095
649,0.013133995,0.08660028631117712,0.013133995
650,0.013133995,0.08660028631117712,0.013133995
651,-0.034990206,0.0013397788474554518,-0.034990206
652,-0.03326932,-0.06258025551242481,-0.03326932
653,-0.025464512,0.002893644852725261,-0.025464512
654,-0.028445689,0.03802265586721538,-0.028445689
655,-0.08871218,-0.01155625990918858,-0.08871218
656,-0.10419028,-0.1343042496368467,-0.10419028
657,-0.10419028,-0.1343042496368467,-0.10419028
658,0.01409957,0.05018810295741389,0.01409957
659,0.01409957,0.05018810295741389,0.01409957
660,-0.028218312,0.11537019455331048,-0.028218312
661,-0.028201872,0.17546618176490827,-0.028201872
662,-0.02794483,0.045200912846361456,-0.02794483
663,-0.028193532,0.05252463479878157,-0.028193532
664,-0.028224478,0.09649714453853325,-0.028224478
665,-0.028216908,0.24162583011566888,-0.028216908
666,-0.028222475,0.1002846223578409,-0.028222475
667,-0.028217452,0.21266435854457716,-0.028217452
668,-0.02816414,0.04192646020512311,-0.02816414
669,-0.0071518673,-0.021781352697244766,-0.0071518673
670,0.014091611,0.0562648297912695,0.014091611
671,0.014091611,0.06778379360540153,0.014091611
672,0.013133998,-0.017729752621686867,0.013133998
673,-0.06429526,0.035676859035679506,-0.06429526
674,-0.06431911,0.04023766420761202,-0.06431911
675,-0.06428818,-0.025426605921383388,-0.06428818
676,-0.06430461,0.031507673922553325,-0.06430461
677,-0.06425044,0.019213284995643263,-0.06425044
678,-0.06430873,0.03143995365173,-0.06430873
679,-0.06431267,0.03256963112534335,-0.06431267
680,-0.064218655,-0.00739837073664169,-0.064218655
681,-0.067361385,-0.044774199073686884,-0.067361385
682,-0.063563615,-0.032979526004070565,-0.063563615
683,-0.062820904,-0.05466081294629955,-0.062820904
684,-0.06230337,0.01995734610638376,-0.06230337
685,-0.06735144,-0.016158493825754162,-0.06735144
686,-0.06761191,-0.019237121307475007,-0.06761191
687,-0.0676133,0.11884443826536642,-0.0676133
688,-0.06761351,0.01784650042200064,-0.06761351
689,-0.067345805,0.01120412135664985,-0.067345805
690,-0.066223145,0.12885645667670007,-0.066223145
691,-0.06622334,-0.02801666053549427,-0.06622334
692,-0.06686241,0.05903014835474182,-0.06686241
693,-0.06622139,0.003557794207529925,-0.06622139
694,-0.06756251,0.05068473237237059,-0.06756251
695,-0.06621741,0.01308799295233904,-0.06621741
696,-0.06619036,0.0182451447181541,-0.06619036
697,-0.10419067,-0.10220058224166341,-0.10419067
698,-0.00999056,-0.01711636687933984,-0.00999056
699,-0.009995859,0.036614152172144934,-0.009995859
700,-0.009985447,0.09963848783701207,-0.009985447
701,-0.0099904705,-0.010248754888525669,-0.0099904705
702,-0.009984666,-0.03505123243681018,-0.009984666
703,-0.009958019,0.20003018486980645,-0.009958019
704,-0.00999216,0.14441988942508965,-0.00999216
705,-0.009992014,0.040275157744919285,-0.009992014
706,-0.009992014,0.020019514742056644,-0.009992014
707,-0.009992014,0.05585757256946537,-0.009992014
708,-0.00999047,0.02071124469015781,-0.00999047
709,-0.00999047,-0.10078465327159514,-0.00999047
710,-0.009992286,-0.060072943151047054,-0.009992286
711,-0.10419081,-0.015336481645588214,-0.10419081
712,-0.10419081,0.026722682024513958,-0.10419081
713,-0.10419028,-0.02763918746482754,-0.10419028
714,-0.09884935,-0.04138839707942314,-0.09884935
715,-0.0051956596,0.1221256696755446,-0.0051956596
716,-0.10088628,0.0062220257408027455,-0.10088628
717,-0.0028902688,-0.02238845731258861,-0.0028902688
718,-0.0028901673,0.08157467639551218,-0.0028901673
719,-0.0029334126,0.037765080898390375,-0.0029334126
720,-0.0672721,0.08136950499311922,-0.0672721
721,-0.033846356,0.08282808683118234,-0.033846356
722,-0.028467549,-0.02945798081615866,-0.028467549
723,-0.028467549,-0.02945798081615866,-0.028467549
724,-0.01313522,-0.002148267219370543,-0.01313522
725,-0.019671854,-0.08332598158680489,-0.019671854
726,-0.034923587,-0.02702043861072252,-0.034923587
727,-0.028467447,0.08291589948919346,-0.028467447
728,-0.035003573,-0.011907507740014244,-0.035003573
729,-0.08535491,-0.01962326730138819,-0.08535491
730,-0.08535491,-0.05708629851626981,-0.08535491
731,-0.022405138,0.027092750172257683,-0.022405138
732,0.064189754,0.0937388299414505,0.064189754
733,-0.08838223,-0.014966084057187674,-0.08838223
734,-0.09328836,-0.07581125525181479,-0.09328836
735,-0.09328836,-0.05531921704825971,-0.09328836
736,-0.08869042,-0.006384765955691294,-0.08869042
737,-0.08611981,0.025795748661412536,-0.08611981
738,-0.08611981,-0.025118387831819525,-0.08611981
739,0.08145816,0.19198319533099006,0.08145816
740,0.08145816,-0.07726441268602496,0.08145816
741,-0.028462583,0.05705592597793414,-0.028462583
742,-0.028495237,-0.01730769974308843,-0.028495237
743,-0.0062254104,0.12394901637549975,-0.0062254104
744,-0.034998678,0.013730573338740863,-0.034998678
745,-0.034847368,0.061782155786766955,-0.034847368
746,-0.02846245,-0.0274100054422522,-0.02846245
747,-0.03497356,0.01398277726879248,-0.03497356
748,-0.07600088,-0.0011596638053379483,-0.07600088
749,-0.07600088,0.017021707213402047,-0.07600088
750,-0.08620328,0.0037786919448925004,-0.08620328
751,-0.06889582,0.0039385318492204495,-0.06889582
752,-0.06889582,-0.02376847038343113,-0.06889582
753,-0.095143825,-0.006806899797409207,-0.095143825
754,0.022740526,-0.04144612409563539,0.022740526
755,0.022740526,0.0932572439174113,0.022740526
756,-0.08618066,-0.059623411012309,-0.08618066
757,-0.08619163,0.0036890791153021667,-0.08619163
758,-0.086194836,-0.028684244066132864,-0.086194836
759,-0.085133106,-0.004224266745907494,-0.085133106
760,-0.0933244,0.09134785608961905,-0.0933244
761,-0.0933244,-0.005271677545120325,-0.0933244
762,-0.114976235,0.17305450520970875,-0.114976235
763,-0.114976235,-0.17778441155924163,-0.114976235
764,-0.0038681221,0.20401590889636542,-0.0038681221
765,-0.028950026,0.04840175713064405,-0.028950026
766,-0.028950026,0.0030963852962361312,-0.028950026
767,-0.0933244,0.0037648334633078226,-0.0933244
768,-0.08687932,0.020859188411589815,-0.08687932
769,-0.08687932,-0.05131066612044706,-0.08687932
770,-0.0868773,-0.030229736449979606,-0.0868773
771,-0.0868773,-0.03587425294978794,-0.0868773
772,-0.08548929,0.06092172885793603,-0.08548929
773,-0.08548929,-0.015584596481344113,-0.08548929
774,-0.08548727,-0.06728620951244171,-0.08548727
775,-0.08535212,0.12517990817751443,-0.08535212
776,-0.08535212,-0.030561039016882296,-0.08535212
777,-0.0853501,0.007500108401874552,-0.0853501
778,-0.0853501,-0.028690038198553557,-0.0853501
779,-0.10419064,-0.030034287281603348,-0.10419064
780,-0.093290165,0.23807654343064713,-0.093290165
781,-0.08838205,-0.1118814397785536,-0.08838205
782,-0.08838205,-0.02266462443106298,-0.08838205
783,-0.08596381,0.0645138130537026,-0.08596381
784,-0.08596381,-0.008569226333614137,-0.08596381
785,-0.08618356,0.00996261498856478,-0.08618356
786,-0.08618356,0.011228638466659606,-0.08618356
787,-0.085944965,0.09998648108873694,-0.085944965
788,-0.085944965,-0.07980736163930668,-0.085944965
789,-0.09329013,0.006288701949085575,-0.09329013
790,-0.08608941,0.10539451016603017,-0.08608941
791,-0.08608941,-0.05089991478030707,-0.08608941
792,-0.0053008692,0.09534197478761315,-0.0053008692
793,-0.06771609,-0.007527392048287893,-0.06771609
794,-0.09611614,-0.17023792862822568,-0.09611614
795,-0.08974721,0.11859227248504846,-0.08974721
796,-0.08974693,0.01869077797162105,-0.08974693
797,-0.0861196,0.026268905112372943,-0.0861196
798,-0.0861196,-0.015767141874632067,-0.0861196
799,-0.08609026,0.02758756834188939,-0.08609026
800,-0.0861196,0.041607204956874644,-0.0861196
801,-0.0861196,-0.0022766372875011017,-0.0861196
802,-0.0861196,0.032082803438187854,-0.0861196
803,-0.0861196,-0.000925616149127888,-0.0861196
804,-0.0861196,0.019544457562669402,-0.0861196
805,-0.0861196,-0.0834630662868007,-0.0861196
806,-0.0861196,0.03693678422135855,-0.0861196
807,-0.0861196,-0.05415606674722866,-0.0861196
808,-0.08886476,0.05413194303215814,-0.08886476
809,-0.08886476,0.0030242233019305456,-0.08886476
810,-0.08971262,0.022957150125718053,-0.08971262
811,-0.08611911,0.0559369253747704,-0.08611911
812,-0.08611911,-0.10105164721240847,-0.08611911
813,-0.08611947,-0.0016811676833832817,-0.08611947
814,-0.08611947,-0.03710147398095381,-0.08611947
815,-0.08611221,0.03609708940627798,-0.08611221
816,-0.08611221,-0.0003014310459837176,-0.08611221
817,-0.08884708,0.008764511198048247,-0.08884708
818,-0.08884708,-0.06402278254324038,-0.08884708
819,-0.089712046,0.03421943735229753,-0.089712046
820,-0.089712046,-0.07225285423750209,-0.089712046
821,-0.11515423,-0.0012951351512343985,-0.11515423
822,-0.104163334,-0.15456187619122308,-0.104163334
823,-0.08527727,0.021201006369689215,-0.08527727
824,0.0034509115,-0.01021392836590303,0.0034509115
825,-0.08561354,0.0025914517749905126,-0.08561354
826,-0.08621854,0.046908545318740905,-0.08621854
827,-0.08621821,0.12298281540080794,-0.08621821
828,-0.08917155,0.028981927032805367,-0.08917155
829,-0.08972862,0.0653839477163609,-0.08972862
830,-0.08972606,0.1324696877137531,-0.08972606
831,-0.08870649,-0.010227539453864613,-0.08870649
832,-0.08778947,-0.0014704948213098681,-0.08778947
833,-0.08514918,0.0010857396526592902,-0.08514918
834,-0.08778744,0.007899449677051848,-0.08778744
835,-0.08514661,0.039244882015062585,-0.08514661
836,-0.089725725,-0.0076364613790034855,-0.089725725
837,-0.08777177,0.053324934777580435,-0.08777177
838,-0.086034454,0.06781870079428368,-0.086034454
839,-0.06964809,0.050071578319621,-0.06964809
840,-0.06964809,-0.042179306113090086,-0.06964809
841,-0.068418846,0.007582411442015878,-0.068418846
842,-0.06833123,-0.05518693231699722,-0.06833123
843,-0.01790675,0.05739328463873274,-0.01790675
844,-0.034177437,-0.04444189739862194,-0.034177437
845,-0.0348861,0.024179654594889393,-0.0348861
846,0.0315327,0.16289347049480246,0.0315327
847,0.03157686,-0.08745940419435864,0.03157686
848,0.031576775,0.00999920014843601,0.031576775
849,0.031576775,0.0034085280933203854,0.031576775
850,0.031573996,-0.012784238341597845,0.031573996
851,0.031573996,0.04336633051681539,0.031573996
852,-0.056633722,-0.022952226372062495,-0.056633722
853,-0.051983595,0.03905216585945073,-0.051983595
854,-0.051983595,-0.007137684642632144,-0.051983595
855,-0.088643156,0.04617354789651015,-0.088643156
856,-0.088643156,0.005651611908853783,-0.088643156
857,-0.082984775,0.04908064407134442,-0.082984775
858,-0.082984775,-0.06263056789306964,-0.082984775
859,-0.085888594,-0.017395602251259842,-0.085888594
860,-0.085888594,0.05949169544857697,-0.085888594
861,-0.085133106,0.030646651327250734,-0.085133106
862,-0.08492837,-0.013869036052911926,-0.08492837
863,-0.084346294,0.013222302434390739,-0.084346294
864,-0.08406135,0.03264421939754086,-0.08406135
865,-0.0851331,0.0026050660400651626,-0.0851331
866,-0.0851331,0.01862844058001821,-0.0851331
867,-0.08513309,0.060627142961884255,-0.08513309
868,-0.0857646,0.022646803259468242,-0.0857646
869,-0.0857646,-0.032967485960368796,-0.0857646
870,-0.0857646,0.04990546244207166,-0.0857646
871,-0.0857646,0.012801534399797334,-0.0857646
872,-0.04696153,-0.025905436720875,-0.04696153
873,-0.04696358,0.02963238281216767,-0.04696358
874,-0.04767165,0.04682397716493915,-0.04767165
875,-0.04768838,-0.018395194470232065,-0.04768838
876,-0.046945628,0.003809232881405883,-0.046945628
877,-0.05152493,0.05537803648570247,-0.05152493
878,-0.05152697,0.003545341259916194,-0.05152697
879,-0.056432147,0.022522538048392254,-0.056432147
880,-0.04792406,-0.04680201272767298,-0.04792406
881,-0.05225096,-0.0005613641362898208,-0.05225096
882,-0.0479261,-0.014291878170483545,-0.0479261
883,-0.048531648,-0.035743632392245754,-0.048531648
884,-0.048531648,5.201221710029666e-05,-0.048531648
885,-0.05281839,-0.003961906540584395,-0.05281839
886,-0.04853369,0.053819574098799505,-0.04853369
887,-0.04853369,-0.006520233979904363,-0.04853369
888,-0.048668712,-0.037660985277177296,-0.048668712
889,-0.048668712,0.07334258989169976,-0.048668712
890,-0.052250925,0.025914874854699628,-0.052250925
891,-0.0574431,-0.004858304170027574,-0.0574431
892,-0.047786485,-0.010400747613154742,-0.047786485
893,-0.04871616,-0.0063438083715983765,-0.04871616
894,-0.047788527,0.04071825474737116,-0.047788527
895,-0.05150909,0.03166061884081341,-0.05150909
896,-0.0491249,0.03381431025106643,-0.0491249
897,-0.0491249,0.07386802490004941,-0.0491249
898,-0.049257737,-0.01722323704398713,-0.049257737
899,-0.049257737,0.03138156192454593,-0.049257737
900,-0.04849594,0.01758056297335543,-0.04849594
901,-0.048512574,-0.03096060024070115,-0.048512574
902,-0.047908217,-0.024002849462519897,-0.047908217
903,-0.048515808,-0.024471715564725563,-0.048515808
904,-0.048515808,0.041800638712791986,-0.048515808
905,-0.04777064,0.08552480230887403,-0.04777064
906,-0.049254842,-0.03832629519233124,-0.049254842
907,-0.049254842,0.030540806478709104,-0.049254842
908,-0.049188554,0.0753088436772236,-0.049188554
909,-0.052815452,0.06659180965364364,-0.052815452
910,-0.050676905,0.01753723614323764,-0.050676905
911,-0.07499913,0.019598356443464297,-0.07499913
912,-0.08838205,-0.033551332148846785,-0.08838205
913,-0.08838205,-0.14751109219485625,-0.08838205
914,-0.09329013,0.013132692276101456,-0.09329013
915,-0.037453484,0.0763133239486082,-0.037453484
916,-0.03653443,-0.005204489841652583,-0.03653443
917,-0.093256,-0.12713814371463103,-0.093256
918,-0.104122564,-0.05722128835557995,-0.104122564
919,-0.037385054,0.055800168800519474,-0.037385054
920,-0.103975005,-0.023391815088389094,-0.103975005
921,-0.09310839,-0.03945073464082751,-0.09310839
922,-0.037237436,0.10297990288765341,-0.037237436
923,-0.07078728,-0.02789990445269802,-0.07078728
924,-0.06986902,-0.0014065619157406849,-0.06986902
925,-0.07071891,-0.028976505512879138,-0.07071891
926,-0.070571356,0.02781733860506832,-0.070571356
927,-0.056415483,0.006442275424907374,-0.056415483
928,-0.056450676,0.046766661059550615,-0.056450676
929,-0.051421404,0.002707308881810393,-0.051421404
930,-0.051604092,0.06390215250390492,-0.051604092
931,-0.09331331,-0.027670695368348857,-0.09331331
932,-0.08626285,-0.08377020603918583,-0.08626285
933,-0.08626286,-0.04040755960591618,-0.08626286
934,-0.04944497,0.053767945279174605,-0.04944497
935,-0.04944497,-0.056205944913976624,-0.04944497
936,-0.04944496,0.0031755101622644682,-0.04944496
937,-0.04944496,0.009689879614535025,-0.04944496
938,-0.050975017,0.00339088605703359,-0.050975017
939,-0.049444947,0.058749797465192245,-0.049444947
940,-0.0465439,-0.01698707983592028,-0.0465439
941,-0.09304402,-0.04546699745170541,-0.09304402
942,-0.050983865,0.03575819335701764,-0.050983865
943,-0.05098386,-0.012195748091010357,-0.05098386
944,-0.08599355,-0.033545681149579475,-0.08599355
945,-0.050983854,0.007250343179909242,-0.050983854
946,-0.050983854,0.06032881333395827,-0.050983854
947,-0.050983857,0.021819673123905106,-0.050983857
948,-0.09279482,-0.13057744743111824,-0.09279482
949,-0.095587164,-0.0496568157257483,-0.095587164
950,-0.09249337,-0.004904406246576644,-0.09249337
951,-0.092483126,-0.037655021336862764,-0.092483126
952,-0.087536946,0.007669559600187248,-0.087536946
953,0.087142624,0.37948439398599776,0.087142624
954,-0.033221014,0.006518231567904499,-0.033221014
955,0.0584317,0.03098222288332508,0.0584317
956,0.0584317,0.00021864138404262485,0.0584317
957,-0.001433191,0.053533866410984884,-0.001433191
958,-0.001433191,-0.004289489157765635,-0.001433191
959,0.0034606636,0.008682510953348184,0.0034606636
960,0.0034606636,0.01061608971531022,0.0034606636
961,-0.00037227428,0.27080087937121444,-0.00037227428
962,-0.017320737,0.019774517059904958,-0.017320737
963,-0.10327466,-0.003418080089418041,-0.10327466
964,-0.114965625,0.2872311832725576,-0.114965625
965,-0.114965625,0.2872311832725576,-0.114965625
966,-0.07333928,0.03392061856069858,-0.07333928
967,-0.07050145,0.0242562009276463,-0.07050145
968,-0.017357117,0.009634682936529287,-0.017357117
969,-0.08690341,0.0516874014734715,-0.08690341
970,-0.08194813,-0.006171177861506041,-0.08194813
971,-0.0841071,0.016078560989578945,-0.0841071
972,-0.015156999,0.09322138963071228,-0.015156999
973,-0.08690341,-0.009246998936714672,-0.08690341
974,-0.0841071,-0.006182869257571316,-0.0841071
975,-0.10367521,0.009768196979988339,-0.10367521
976,-0.07813878,-0.029084312218442817,-0.07813878
977,-0.08094039,0.0737345509331573,-0.08094039
978,-0.08094039,0.05154302024469567,-0.08094039
979,-0.08093867,0.06043189775150679,-0.08093867
980,-0.07737818,0.08788573305746629,-0.07737818
981,-0.07491429,0.10571828545552032,-0.07491429
982,-0.07635861,0.08856488997653109,-0.07635861
983,-0.08974718,0.007702231629950498,-0.08974718
984,-0.08591884,-0.023855905261764492,-0.08591884
985,-0.08588424,-0.03922410090516482,-0.08588424
986,-0.08875932,-0.050983136882647655,-0.08875932
987,-0.08875931,0.005124315380855207,-0.08875931
988,-0.08875673,0.03902419618071737,-0.08875673
989,-0.08875415,0.04098969446307289,-0.08875415
990,-0.08875932,-0.025825966281754605,-0.08875932
991,-0.097753406,-0.007361949934406577,-0.097753406
992,-0.097753376,-0.06890051606663797,-0.097753376
993,-0.097165346,-0.16366067359456157,-0.097165346
994,-0.09716531,-0.03588939673058572,-0.09716531
995,-0.09699099,-0.3217584551972483,-0.09699099
996,-0.062726945,-0.0007148540709390919,-0.062726945
997,-0.06276255,0.007994361452288433,-0.06276255
998,-0.06276082,0.02014614720084154,-0.06276082
999,-0.10367521,-0.07825088970042211,-0.10367521
1000,-0.10367521,0.01708443473647158,-0.10367521
1001,-0.10367521,-0.0008666867815492513,-0.10367521
1002,-0.10936969,0.20043362116130897,-0.10936969
1003,-0.10367521,-0.046748756819346655,-0.10367521
1004,-0.10937,0.09360294470890479,-0.10937
1005,-0.10367521,-0.024984980819650806,-0.10367521
1006,-0.10367521,0.07799504351861604,-0.10367521
1007,-0.10367521,-0.11982834093673903,-0.10367521
1008,-0.10367521,0.04702679297206349,-0.10367521
1009,-0.10367521,-0.016409788260903217,-0.10367521
1010,0.08003299,-0.0659719490107489,0.08003299
1011,-0.019770464,-0.07389097669972879,-0.019770464
1012,0.01455999,-0.02825987279337177,0.01455999
1013,-0.060298786,-0.03465470417112981,-0.060298786
1014,-0.060386192,0.035589719862682064,-0.060386192
1015,-0.06033039,0.017152766727412453,-0.06033039
1016,-0.060319643,0.109718183614329,-0.060319643
1017,-0.06035364,0.004118749401222922,-0.06035364
1018,-0.060374867,0.04515326196729877,-0.060374867
1019,-0.060385764,0.0041275506402385954,-0.060385764
1020,-0.059460748,0.017928761231787313,-0.059460748
1021,-0.06035361,-0.024136286849111305,-0.06035361
1022,-0.0603617,0.09899370538086674,-0.0603617
1023,-0.06032817,0.0154508847860556,-0.06032817
1024,-0.060213957,0.022226887171093182,-0.060213957
1025,-0.011168658,0.10057108954923048,-0.011168658
1026,-0.016133605,0.03513760172382265,-0.016133605
1027,0.020646052,-0.06859716752405418,0.020646052
1028,0.020645758,-0.02142546560959341,0.020645758
1029,-0.09712051,0.042227324101058825,-0.09712051
1030,0.016426131,-0.03281798320832049,0.016426131
1031,-0.10039852,-0.07248995161349381,-0.10039852
1032,-0.0042686197,0.09348552576230296,-0.0042686197
1033,-0.099654146,-0.14893287099879046,-0.099654146
1034,-0.0996216,-0.038593664075914115,-0.0996216
1035,-0.10039825,-0.07878195061173143,-0.10039825
1036,0.064774975,0.2224863492673723,0.064774975
1037,-0.088416316,-0.06253157409837815,-0.088416316
1038,-0.096633084,-0.14492483393363625,-0.096633084
1039,-0.0052509224,-0.08279883186728004,-0.0052509224
1040,-0.086202495,-0.020662733673501316,-0.086202495
1041,-0.086202495,-0.029040688783251545,-0.086202495
1042,-0.06036209,0.009747634622717868,-0.06036209
1043,-0.043558054,0.009863182875168913,-0.043558054
1044,0.101043,-0.08494240271941933,0.101043
1045,-0.08834937,-0.0530196903687361,-0.08834937
1046,-0.08593389,0.0383978684006212,-0.08593389
1047,-0.08593389,-0.020044098183963948,-0.08593389
1048,-0.08593372,0.1800714599406235,-0.08593372
1049,-0.08588367,-0.03479643011347862,-0.08588367
1050,-0.08588367,0.009102397232243632,-0.08588367
1051,-0.08591855,0.10181003686625983,-0.08591855
1052,-0.08978145,-0.019835728912532307,-0.08978145
1053,-0.08978145,-0.10379967095594031,-0.08978145
1054,-0.08978145,0.010981288152421262,-0.08978145
1055,0.031770587,0.10127600472195725,0.031770587
1056,0.03177018,-0.021519065124083768,0.03177018
1057,0.031769205,0.03985504358297189,0.031769205
1058,0.03176968,0.0029277063135213044,0.03176968
1059,0.031775616,0.09322359596243693,0.031775616
1060,0.0317698,0.11413190850606246,0.0317698
1061,0.031795587,0.0842606880324823,0.031795587
1062,0.031797197,0.003319071358188505,0.031797197
1063,0.03176916,-0.10075349673498823,0.03176916
1064,0.031771522,-0.019281760774324953,0.031771522
1065,0.031775653,-0.06168123196031025,0.031775653
1066,0.03180581,-0.0032467371286487717,0.03180581
1067,0.03178242,0.0435446963713771,0.03178242
1068,0.031779148,0.11345275923480612,0.031779148
1069,-0.0071600154,0.017707821061576687,-0.0071600154
1070,-0.08588424,-0.03676027401331679,-0.08588424
1071,-0.035003707,-0.014702327918610196,-0.035003707
1072,-0.067910545,0.036167524042505714,-0.067910545
1073,-0.0062146243,-0.018231824403365692,-0.0062146243
1074,-0.08588424,-0.008560835593372522,-0.08588424
1075,-0.08588424,-0.10693949892452863,-0.08588424
1076,-0.014963589,0.00793079672234339,-0.014963589
1077,-0.013874438,0.018623720654157586,-0.013874438
1078,-0.086202204,-0.013490239189734,-0.086202204
1079,-0.086202204,-0.03793886406642209,-0.086202204
1080,-0.086202204,0.05066600889994702,-0.086202204
1081,-0.086202204,0.04003535516679035,-0.086202204
1082,0.013099722,-0.04630739503299033,0.013099722
1083,0.013099725,0.07709018223240308,0.013099725
1084,0.013099725,-0.029411727871490656,0.013099725
1085,0.013099722,0.07374941883878457,0.013099722
1086,-0.11589795,-0.0739018820723155,-0.11589795
1087,-0.11589799,0.11767091064788023,-0.11589799
1088,-0.10415642,-0.03760684791621033,-0.10415642
1089,-0.08080616,0.02106104703332947,-0.08080616
1090,-0.080771826,-0.004421725635430237,-0.080771826
1091,-0.08073389,0.023514739006454486,-0.08073389
1092,-0.08080437,0.0017366161137856008,-0.08080437
1093,-0.08881277,-0.010985854368436953,-0.08881277
1094,-0.011485382,0.03583778219164028,-0.011485382
1095,-0.011450901,0.22190496142953792,-0.011450901
1096,-0.08984886,0.01886868681017302,-0.08984886
1097,-0.08984873,0.05124999733567288,-0.08984873
1098,-0.08981688,-0.028085257122648036,-0.08981688
1099,-0.08981711,-0.009124164741774032,-0.08981711
1100,-0.08982493,0.005643212018140057,-0.08982493
1101,-0.08983803,-0.015207556727934377,-0.08983803
1102,-0.0897874,-0.021923685034981044,-0.0897874
1103,-0.08985123,0.017432702978496598,-0.08985123
1104,-0.08985083,-0.003577877269885208,-0.08985083
1105,-0.06872068,-0.01754477868232487,-0.06872068
1106,-0.0058456482,0.08832006800652215,-0.0058456482
1107,-0.086202495,-0.048641490764889286,-0.086202495
1108,-0.045500472,0.04115027799335217,-0.045500472
1109,-0.045503724,0.030988485496195574,-0.045503724
1110,-0.045513313,0.05916770897823339,-0.045513313
1111,-0.045513645,-0.0806972468380227,-0.045513645
1112,-0.04380127,-0.1208338673624764,-0.04380127
1113,-0.045512095,-0.011938899801593792,-0.045512095
1114,-0.045479335,0.06733142967057697,-0.045479335
1115,-0.045508265,0.03529134616545619,-0.045508265
1116,-0.045513805,0.05081791502443856,-0.045513805
1117,0.014030694,0.08058441783083596,0.014030694
1118,0.013099722,0.011848576188441349,0.013099722
1119,0.014030693,-0.009066357289545466,0.014030693
1120,0.01401806,0.08260798687120526,0.01401806
1121,0.014015544,0.09961902625828167,0.014015544
1122,0.0131365135,0.002916748114737305,0.0131365135
1123,-0.08077002,-0.0039999698852981125,-0.08077002
1124,-0.08076999,0.02292213626803641,-0.08076999
1125,-0.086201936,-0.1893656697028205,-0.086201936
1126,-0.086201936,0.04407122962882424,-0.086201936
1127,-0.086201936,-0.06306961991321682,-0.086201936
1128,-0.086201936,0.02457381709484197,-0.086201936
1129,-0.086201936,0.027266242783562853,-0.086201936
1130,-0.086201936,0.01875830263266183,-0.086201936
1131,-0.08877841,0.06768113036488473,-0.08877841
1132,-0.013710271,0.048297909002659914,-0.013710271
1133,-0.013054814,0.08588116414274073,-0.013054814
1134,-0.012991588,0.08563110651383489,-0.012991588
1135,-0.018043557,0.06650200689540443,-0.018043557
1136,-0.018018583,0.055101239052768,-0.018018583
1137,-0.018031627,0.010393603828630379,-0.018031627
1138,-0.018010572,0.022280582863625473,-0.018010572
1139,-0.08329069,0.04684006385217888,-0.08329069
1140,0.11612165,-0.12727870108068517,0.11612165
1141,-0.101101436,-0.09244775287590669,-0.101101436
1142,-0.1007612,-0.032024530058520385,-0.1007612
1143,-0.09373404,0.05292329551158661,-0.09373404
1144,0.01309858,0.08429794611150425,0.01309858
1145,-0.085884176,-0.009370522768095604,-0.085884176
1146,-0.08588424,-0.1668230521586288,-0.08588424
1147,-0.08588424,-0.19474493889875,-0.08588424
1148,-0.08588424,-0.028395139257551567,-0.08588424
1149,0.0804879,-0.05620491619632986,0.0804879
1150,0.0804879,0.0743804541078844,0.0804879
1151,-0.03333522,0.007434094480571407,-0.03333522
1152,-0.02618343,-0.024048204560518448,-0.02618343
1153,-0.033329517,0.000588244781464943,-0.033329517
1154,-0.029469144,-0.10548688797637955,-0.029469144
1155,-0.032613784,-0.14737909505034918,-0.032613784
1156,-0.032610744,-0.06549622914722308,-0.032610744
1157,-0.0603867,0.04772221924152886,-0.0603867
1158,-0.051604807,0.0017040962602194309,-0.051604807
1159,-0.051603872,0.06287170139673816,-0.051603872
1160,-0.03259738,0.026040418735393048,-0.03259738
1161,-0.032568958,0.07597722166013872,-0.032568958
1162,-0.025416046,0.000983926504850213,-0.025416046
1163,-0.032567818,-0.019090652339373702,-0.032567818
1164,-0.032621004,-0.0018924025179422048,-0.032621004
1165,-0.03256926,-0.08413469122386041,-0.03256926
1166,-0.032595973,-0.0030984956203542373,-0.032595973
1167,-0.032649145,-0.020585131760221764,-0.032649145
1168,-0.032622382,0.0036065687743859903,-0.032622382
1169,-0.027898073,0.0358973646685133,-0.027898073
1170,-0.08778493,0.03384734601649668,-0.08778493
1171,-0.08626285,-0.08878434164138506,-0.08626285
1172,-0.089541666,-0.0886826066925787,-0.089541666
1173,-0.060201373,0.006823040625610049,-0.060201373
1174,-0.060201373,-0.003207931931731367,-0.060201373
1175,0.014034768,0.05616533138048601,0.014034768
1176,-0.0754008,0.0041851690460333445,-0.0754008
1177,-0.028215041,0.06356169398419606,-0.028215041
1178,-0.027854212,0.05711143423769496,-0.027854212
1179,-0.02782031,0.24893215225893955,-0.02782031
1180,-0.028221844,0.2426294664818668,-0.028221844
1181,-0.028222376,0.006352344899642611,-0.028222376
1182,-0.015193392,0.11189061145574314,-0.015193392
1183,-0.08778493,0.040439527812164665,-0.08778493
1184,-0.08778493,-0.0925335750971109,-0.08778493
1185,-0.08870677,-0.09616780948521933,-0.08870677
1186,-0.08870677,0.0528910732563228,-0.08870677
1187,-0.02772254,0.08907568362308685,-0.02772254
1188,-0.09270369,-0.03210329888514252,-0.09270369
1189,-0.03318776,0.031102587802332816,-0.03318776
1190,-0.052616786,0.04672672939878561,-0.052616786
1191,-0.05264832,0.024979152658010186,-0.05264832
1192,-0.052680105,0.09738539168342679,-0.052680105
1193,-0.052677084,0.0614188523495669,-0.052677084
1194,-0.05267257,0.029087634332464217,-0.05267257
1195,-0.052682463,0.03321105422059094,-0.052682463
1196,-0.052681282,0.027605816742967988,-0.052681282
1197,-0.052613694,0.0781080926696702,-0.052613694
1198,-0.015806107,0.05040922601799788,-0.015806107
1199,-0.05268259,0.0131808019930143,-0.05268259
1200,-0.052685246,0.05741571118001498,-0.052685246
1201,-0.037353665,0.015861508656810387,-0.037353665
1202,-0.057143863,0.03493010595080429,-0.057143863
1203,-0.035408344,0.08580878231570128,-0.035408344
1204,-0.051477768,0.034068797082864165,-0.051477768
1205,-0.052596126,0.003711173693098024,-0.052596126
1206,-0.05268244,0.03887692941874717,-0.05268244
1207,-0.052464996,0.03451631398265626,-0.052464996
1208,-0.052671578,0.028261884814112494,-0.052671578
1209,-0.05265803,0.05059654962854541,-0.05265803
1210,-0.093255565,-0.08982044199798078,-0.093255565
1211,-0.093323745,-0.1391881863960853,-0.093323745
1212,-0.093323745,0.0297464393612066,-0.093323745
1213,-0.10418846,0.0075894004619366465,-0.10418846
1214,-0.028320262,-0.05065068937476986,-0.028320262
1215,-0.018030424,0.00845207690050561,-0.018030424
1216,-0.018008772,-0.02897720797308113,-0.018008772
1217,0.014052453,0.1424996321437368,0.014052453
1218,-0.0732999,-0.12546221930982893,-0.0732999
1219,-0.09689608,-0.026214849328761856,-0.09689608
1220,-0.09689608,0.046178829636113077,-0.09689608
1221,-0.09689608,-0.026214849328761856,-0.09689608
1222,-0.09689608,0.046178829636113077,-0.09689608
1223,-0.09689608,0.06277119949304898,-0.09689608
1224,-0.09689608,-0.02893384445344077,-0.09689608
1225,-0.09689608,-0.00455969232342766,-0.09689608
1226,-0.09689608,-0.08486185990372021,-0.09689608
1227,-0.09689608,-0.00455969232342766,-0.09689608
1228,-0.09689608,-0.03767657847772052,-0.09689608
1229,-0.09689608,-0.02893384445344077,-0.09689608
1230,-0.09689608,-0.00455969232342766,-0.09689608
1231,-0.09689608,-0.02893384445344077,-0.09689608
1232,-0.09689608,-0.08486185990372021,-0.09689608
1233,-0.09689608,-0.02893384445344077,-0.09689608
1234,-0.09689608,-0.00455969232342766,-0.09689608
1235,-0.07739067,-0.012185404894017893,-0.07739067
1236,-0.07739067,-0.012185404894017893,-0.07739067
1237,-0.07739067,-0.016259526595305572,-0.07739067
1238,-0.07739067,-0.016259526595305572,-0.07739067
1239,-0.07739067,-0.016259526595305572,-0.07739067
1240,-0.095662706,0.038202279681975364,-0.095662706
1241,-0.07357582,0.006116551259964001,-0.07357582
1242,-0.05452855,0.012234921218567374,-0.05452855
1243,-0.05452855,-0.03377167401241394,-0.05452855
1244,-0.08167277,0.026616364393875654,-0.08167277
1245,-0.09950312,-0.007872141448294602,-0.09950312
1246,-0.09950312,-0.007872141448294602,-0.09950312
1247,-0.09950312,-0.007872141448294602,-0.09950312
1248,-0.09448574,0.05054345440911223,-0.09448574
1249,-0.09448574,-0.0025852218279719726,-0.09448574
1250,-0.09448574,-0.02672890784851523,-0.09448574
1251,-0.09448574,-0.06453835536155082,-0.09448574
1252,-0.09448574,-0.02672890784851523,-0.09448574
1253,-0.09448574,-0.02672890784851523,-0.09448574
1254,-0.09448574,-0.08185635847743036,-0.09448574
1255,-0.09448574,-0.02672890784851523,-0.09448574
1256,-0.09448574,-0.02672890784851523,-0.09448574
1257,-0.093267605,0.11243022060404337,-0.093267605
1258,-0.06859078,-0.017778079160898606,-0.06859078
1259,-0.06859078,-0.022646424383371586,-0.06859078
1260,-0.06859078,0.05433315630865477,-0.06859078
1261,-0.08046922,0.05004069554787239,-0.08046922
1262,-0.08046922,0.05004069554787239,-0.08046922
1263,-0.08046922,0.0002359258053062272,-0.08046922
1264,-0.08046922,0.0002359258053062272,-0.08046922
1265,-0.08046922,-0.04279590439891605,-0.08046922
1266,-0.08046922,-0.04279590439891605,-0.08046922
1267,-0.08046922,-0.04279590439891605,-0.08046922
1268,-0.08046922,-0.04279590439891605,-0.08046922
1269,-0.08046922,-0.04279590439891605,-0.08046922
1270,-0.08046922,-0.04279590439891605,-0.08046922
1271,-0.08046922,-0.04279590439891605,-0.08046922
1272,-0.049099687,-0.0966335855367915,-0.049099687
1273,-0.08699131,0.025043563982121125,-0.08699131
1274,-0.10169649,-0.01458943146727888,-0.10169649
1275,-0.10169649,-0.016263272190802126,-0.10169649
1276,-0.06737888,0.031134017023309705,-0.06737888
1277,-0.06737888,0.04815211170156212,-0.06737888
1278,-0.06737888,0.04815211170156212,-0.06737888
1279,-0.06737888,0.04815211170156212,-0.06737888
1280,-0.06737888,0.04815211170156212,-0.06737888
1281,-0.06737888,0.04815211170156212,-0.06737888
1282,-0.06737888,0.04815211170156212,-0.06737888
1283,-0.06737888,0.04815211170156212,-0.06737888
1284,-0.06737888,0.04815211170156212,-0.06737888
1285,-0.06737888,0.04815211170156212,-0.06737888
1286,-0.06737888,0.04815211170156212,-0.06737888
1287,-0.06737888,-0.05404671153747097,-0.06737888
1288,-0.06737888,-0.05404671153747097,-0.06737888
1289,-0.06737888,-0.05404671153747097,-0.06737888
1290,-0.06737888,0.06510209610270926,-0.06737888
1291,-0.06737888,-0.019867523715418597,-0.06737888
1292,-0.06737888,-0.019867523715418597,-0.06737888
1293,-0.06737888,-0.019867523715418597,-0.06737888
1294,-0.06737888,-0.019867523715418597,-0.06737888
1295,-0.06737888,-0.019867523715418597,-0.06737888
1296,-0.06737888,0.06510209610270926,-0.06737888
1297,-0.06737888,-0.019867523715418597,-0.06737888
1298,-0.06737888,-0.019867523715418597,-0.06737888
1299,-0.06737888,-0.019867523715418597,-0.06737888
1300,-0.06737888,-0.019867523715418597,-0.06737888
1301,-0.07668506,0.029101875640148944,-0.07668506
1302,-0.07668506,-0.0171265964631678,-0.07668506
1303,-0.07960224,0.0110858014920361,-0.07960224
1304,-0.07960224,0.1076127255923259,-0.07960224
1305,-0.06358917,-0.047656832013643645,-0.06358917
1306,-0.06358917,0.062352452634344115,-0.06358917
1307,-0.06651191,0.038594659331297604,-0.06651191
1308,-0.06651191,0.030030024767423082,-0.06651191
1309,-0.06358917,-0.042352345549381755,-0.06358917
1310,-0.06358917,0.03090417971865424,-0.06358917
1311,-0.1161955,-0.09908094422698019,-0.1161955
1312,-0.119115666,0.04045557897963055,-0.119115666
1313,-0.096893966,0.010655756950015877,-0.096893966
1314,-0.096893966,-0.0011905791155669416,-0.096893966
1315,-0.096893966,-0.0011905791155669416,-0.096893966
1316,-0.096893966,-0.0011905791155669416,-0.096893966
1317,-0.096893966,-0.0011905791155669416,-0.096893966
1318,-0.096893966,-0.0011905791155669416,-0.096893966
1319,-0.092117555,-0.044912264343817496,-0.092117555
1320,-0.092117555,-0.1342023139503429,-0.092117555
1321,-0.092117555,-0.1342023139503429,-0.092117555
1322,-0.09383162,0.04734277465145887,-0.09383162
1323,-0.09383162,0.059743704394926274,-0.09383162
1324,-0.09383162,-0.09510656695681029,-0.09383162
1325,-0.09383162,-0.15869356848273009,-0.09383162
1326,-0.021311618,0.03435754384219465,-0.021311618
1327,-0.021311618,0.03158893499596396,-0.021311618
1328,-0.042347744,-0.09090278677185597,-0.042347744
1329,-0.042347744,-0.09090278677185597,-0.042347744
1330,0.0010441751,0.08223072886846687,0.0010441751
1331,-0.06858878,0.06012653391292077,-0.06858878
1332,-0.096894614,-0.04487870729084337,-0.096894614
1333,-0.067806765,0.043073341001756804,-0.067806765
1334,-0.019247498,0.0031150585740985404,-0.019247498
1335,-0.019247498,0.0031150585740985404,-0.019247498
1336,-0.019247498,-0.03237582197994518,-0.019247498
1337,-0.019247498,-0.03237582197994518,-0.019247498
1338,-0.08629288,-0.00216539666184626,-0.08629288
1339,-0.08629288,-0.00216539666184626,-0.08629288
1340,-0.08629288,0.1473774072031808,-0.08629288
1341,-0.08629288,0.1473774072031808,-0.08629288
1342,0.003287,0.026367829189894863,0.003287
1343,0.003287,0.026367829189894863,0.003287
1344,0.003287,0.026367829189894863,0.003287
1345,0.003287,0.026367829189894863,0.003287
1346,0.003287,-0.2457246280603597,0.003287
1347,0.003287,0.026367829189894863,0.003287
1348,0.003287,0.15365987608498297,0.003287
1349,0.003287,0.15365987608498297,0.003287
1350,0.003287,0.15365987608498297,0.003287
1351,0.003287,0.15365987608498297,0.003287
1352,0.003287,0.15365987608498297,0.003287
1353,0.003287,0.1621245181451302,0.003287
1354,0.003287,0.15365987608498297,0.003287
1355,-0.06730817,0.03256551084086345,-0.06730817
1356,-0.06737624,0.060936881004232474,-0.06737624
1357,-0.06737624,0.060936881004232474,-0.06737624
1358,-0.06737872,-0.006202695342470281,-0.06737872
1359,-0.06737872,0.06542837562074517,-0.06737872
1360,-0.06730817,-0.04479706225750902,-0.06730817
1361,-0.068569556,0.10250240336712887,-0.068569556
1362,-0.091860235,0.07962285700280033,-0.091860235
1363,-0.091860235,0.09169668178665892,-0.091860235
1364,-0.091860235,0.09169668178665892,-0.091860235
1365,-0.091860235,-0.03113733229297544,-0.091860235
1366,-0.091860235,-0.03113733229297544,-0.091860235
1367,-0.09689552,-0.030336152057723085,-0.09689552
1368,-0.09689552,-0.2130921688863261,-0.09689552
1369,-0.049078334,0.11470976283680352,-0.049078334
1370,-0.06663108,-0.0038897882216540215,-0.06663108
1371,-0.06663108,-0.0038897882216540215,-0.06663108
1372,-0.067350976,-0.005575874481006573,-0.067350976
1373,-0.06731086,-0.002372117088340648,-0.06731086
1374,-0.06731086,-0.002372117088340648,-0.06731086
1375,-0.067377254,0.04667719833184637,-0.067377254
1376,-0.067377254,0.04667719833184637,-0.067377254
1377,-0.067350976,0.08090208139404184,-0.067350976
1378,-0.07311857,-0.0032655123073560043,-0.07311857
1379,-0.07311857,-0.010087835651494955,-0.07311857
1380,-0.07311857,-0.02589291036380667,-0.07311857
1381,-0.077325985,-0.021505571558842685,-0.077325985
1382,-0.077325985,-0.021505571558842685,-0.077325985
1383,-0.077325985,-0.021505571558842685,-0.077325985
1384,-0.077325985,-0.021505571558842685,-0.077325985
1385,-0.077325985,-0.021505571558842685,-0.077325985
1386,-0.077325985,-0.021505571558842685,-0.077325985
1387,-0.077325985,-0.021505571558842685,-0.077325985
1388,-0.077325985,-0.021505571558842685,-0.077325985
1389,-0.077325985,-0.021505571558842685,-0.077325985
1390,-0.077325985,-0.021505571558842685,-0.077325985
1391,-0.077325985,0.08850791902067595,-0.077325985
1392,-0.077325985,0.08850791902067595,-0.077325985
1393,-0.077325985,0.08850791902067595,-0.077325985
1394,-0.0928945,-0.08604635598804874,-0.0928945
1395,-0.09317967,0.03381432139020008,-0.09317967
1396,-0.09376844,-0.2781649649224361,-0.09376844
1397,-0.08979053,0.09279030210171123,-0.08979053
1398,-0.08979053,-0.08289150038111974,-0.08979053
1399,-0.08979053,-0.08289150038111974,-0.08979053
1400,-0.09317967,-0.07031896439697172,-0.09317967
1401,-0.09317967,-0.07031896439697172,-0.09317967
1402,-0.09317967,-0.07031896439697172,-0.09317967
1403,-0.09448362,0.02397015487565184,-0.09448362
1404,-0.09448362,-0.04425371464562227,-0.09448362
1405,-0.09448362,-0.05542854605108482,-0.09448362
1406,-0.09448362,-0.05542854605108482,-0.09448362
1407,-0.09448362,-0.05542854605108482,-0.09448362
1408,-0.09376844,-0.07454793906520542,-0.09376844
1409,-0.09376844,-0.07454793906520542,-0.09376844
1410,-0.09376844,-0.07454793906520542,-0.09376844
1411,-0.09376844,-0.07454793906520542,-0.09376844
1412,-0.09317967,-0.06120222816864954,-0.09317967
1413,-0.09376844,-0.028321312673751365,-0.09376844
1414,-0.072793156,0.04001724220789912,-0.072793156
1415,-0.072793156,0.013120313640329135,-0.072793156
1416,-0.07028567,0.004431140009264364,-0.07028567
1417,-0.07028567,0.004431140009264364,-0.07028567
1418,-0.06901618,0.03248259225905334,-0.06901618
1419,-0.06901618,-0.08095238201785822,-0.06901618
1420,-0.07192616,-0.031956451515456036,-0.07192616
1421,-0.07192616,0.05678131237589273,-0.07192616
1422,-0.06771599,0.019460506057178324,-0.06771599
1423,-0.06737261,-0.06993452469409053,-0.06737261
1424,-0.06737853,0.050926390847470915,-0.06737853
1425,0.0038294331,0.060358593183671524,0.0038294331
1426,0.0038294331,0.060358593183671524,0.0038294331
1427,0.0038294331,0.060358593183671524,0.0038294331
1428,0.0038294331,0.13449148555307755,0.0038294331
1429,0.0038294331,0.13449148555307755,0.0038294331
1430,0.0038294331,0.13449148555307755,0.0038294331
1431,0.0038294331,0.13449148555307755,0.0038294331
1432,0.0038294331,0.13449148555307755,0.0038294331
1433,0.0038294331,0.13449148555307755,0.0038294331
1434,-0.06737872,0.03461089424201057,-0.06737872
1435,-0.067308016,0.0383426931658648,-0.067308016
1436,-0.067308016,0.0383426931658648,-0.067308016
1437,0.003323374,0.025277008793827976,0.003323374
1438,0.003323374,0.025277008793827976,0.003323374
1439,0.003323374,0.08330620114907418,0.003323374
1440,0.003323374,0.08330620114907418,0.003323374
1441,-0.067342475,-0.048354387105768865,-0.067342475
1442,-0.067342475,-0.003920842986281221,-0.067342475
1443,-0.06737673,-0.020358850904630448,-0.06737673
1444,-0.067342475,0.1405038893064678,-0.067342475
1445,-0.06737673,-0.007658938607167588,-0.06737673
1446,-0.021247912,0.07026783777264903,-0.021247912
1447,-0.021247912,-0.11319857676491545,-0.021247912
1448,-0.087412775,0.003234644444483571,-0.087412775
1449,-0.087412775,0.047595961712981825,-0.087412775
1450,-0.1528479,0.23477185082255864,-0.1528479
1451,-0.0804684,-0.1059953886392507,-0.0804684
1452,-0.0804684,-0.1059953886392507,-0.0804684
1453,-0.0804684,-0.020767516223899732,-0.0804684
1454,-0.0804684,-0.1059953886392507,-0.0804684
1455,-0.0804684,-0.1059953886392507,-0.0804684
1456,-0.0804684,-0.1059953886392507,-0.0804684
1457,-0.0804684,-0.1059953886392507,-0.0804684
1458,-0.08045514,0.028997287146985833,-0.08045514
1459,-0.08045514,0.028997287146985833,-0.08045514
1460,-0.0673648,-0.07000728495338185,-0.0673648
1461,-0.0673648,0.014274058203718088,-0.0673648
1462,-0.0673648,0.014274058203718088,-0.0673648
1463,-0.06737806,-0.1172796367362912,-0.06737806
1464,-0.06737806,-0.1172796367362912,-0.06737806
1465,-0.06737806,-0.07045635563300226,-0.06737806
1466,-0.06737806,-0.07045635563300226,-0.06737806
1467,-0.06737806,-0.07045635563300226,-0.06737806
1468,-0.0673648,0.07651931904499497,-0.0673648
1469,-0.049035,0.030920878470748907,-0.049035
1470,-0.049035,0.027085551806900695,-0.049035
1471,-0.08046922,0.028666610673113553,-0.08046922
1472,-0.08046922,0.028666610673113553,-0.08046922
1473,-0.08046922,0.028666610673113553,-0.08046922
1474,-0.08046922,0.028666610673113553,-0.08046922
1475,-0.08046922,0.028666610673113553,-0.08046922
1476,-0.08046922,0.028666610673113553,-0.08046922
1477,-0.08046922,0.028666610673113553,-0.08046922
1478,0.020704072,0.18407458330374904,0.020704072
1479,-0.06760487,-0.00043973567265653823,-0.06760487
1480,-0.09376597,0.03990043443794052,-0.09376597
1481,-0.093829505,0.031425894346439574,-0.093829505
1482,-0.09376597,-0.09014687966734625,-0.09376597
1483,-0.093829505,-0.09585781829240898,-0.093829505
1484,-0.086123385,0.14352489147427452,-0.086123385
1485,-0.11146185,-0.15624657746594103,-0.11146185
1486,-0.073024824,-0.012643591426184092,-0.073024824
1487,-0.07011124,0.0393018255078119,-0.07011124
1488,-0.06762492,0.005007593201964694,-0.06762492
1489,-0.01574803,0.049406707009602965,-0.01574803
1490,-0.01574803,0.049406707009602965,-0.01574803
1491,-0.01574803,0.049406707009602965,-0.01574803
1492,-0.01574803,0.049406707009602965,-0.01574803
1493,-0.01574803,0.049406707009602965,-0.01574803
1494,-0.01574803,0.19561677360713817,-0.01574803
1495,-0.01574803,0.19561677360713817,-0.01574803
1496,-0.01574803,0.19561677360713817,-0.01574803
1497,-0.01574803,0.19561677360713817,-0.01574803
1498,-0.01574803,0.19561677360713817,-0.01574803
1499,-0.054798044,0.06865340216227382,-0.054798044
1500,0.0038958571,0.059534517442743254,0.0038958571
1501,-0.026523862,-0.10848393112559966,-0.026523862
1502,-0.026523862,-0.043786336089542216,-0.026523862
1503,-0.0673749,-0.027926192810837115,-0.0673749
1504,-0.0673749,0.022803656927489216,-0.0673749
1505,-0.06731135,-0.07683750683163512,-0.06731135
1506,-0.06731135,-0.07683750683163512,-0.06731135
1507,-0.06731135,-0.005504780900593213,-0.06731135
1508,-0.06731135,0.09574024908737896,-0.06731135
1509,0.0038573416,0.40830464960516083,0.0038573416
1510,-0.07989633,-0.010021248501746486,-0.07989633
1511,0.021402594,-0.019847850231374174,0.021402594
1512,-0.09688481,-0.17286523194541886,-0.09688481
1513,-0.093766324,-0.09563509622354827,-0.093766324
1514,-0.093766324,-0.09563509622354827,-0.093766324
1515,-0.093766324,-0.09563509622354827,-0.093766324
1516,-0.09376593,-0.06286981246527797,-0.09376593
1517,-0.093766324,-0.08550966698843483,-0.093766324
1518,-0.09376593,-0.0668528539852006,-0.09376593
1519,-0.06753357,0.00886702355903012,-0.06753357
1520,-0.077325985,-0.012688097768169398,-0.077325985
1521,0.005281394,-0.056292959922732186,0.005281394
1522,0.005281394,0.14378697860940967,0.005281394
1523,-0.018579395,0.033553452612710914,-0.018579395
1524,0.00386584,0.03957429498054429,0.00386584
1525,-0.08726125,-0.11998246104297192,-0.08726125
1526,-0.08726125,-0.11998246104297192,-0.08726125
1527,-0.08726125,-0.0038176771431131314,-0.08726125
1528,-0.08726125,-0.02183430995014948,-0.08726125
1529,-0.08726125,-0.11998246104297192,-0.08726125
1530,-0.08726125,-0.11998246104297192,-0.08726125
1531,-0.08726125,-0.02183430995014948,-0.08726125
1532,-0.08726125,-0.01069453095940353,-0.08726125
1533,-0.08726125,0.008185976601670687,-0.08726125
1534,-0.067755684,0.00741145577224028,-0.067755684
1535,-0.067755684,-0.015368001476170248,-0.067755684
1536,-0.067755684,-0.015368001476170248,-0.067755684
1537,0.0038435124,0.11871126124658153,0.0038435124
1538,-0.07807661,0.09199801798279164,-0.07807661
1539,-0.07807661,0.0030014763966983507,-0.07807661
1540,-0.079087466,0.016462294638165176,-0.079087466
1541,-0.079087466,0.016462294638165176,-0.079087466
1542,-0.079087466,0.058051087008624706,-0.079087466
1543,-0.079087466,0.058051087008624706,-0.079087466
1544,-0.06737472,-0.05701831612391124,-0.06737472
1545,-0.06737472,-0.05701831612391124,-0.06737472
1546,-0.06074593,-0.008861791341987012,-0.06074593
1547,-0.06074593,0.02886831114542113,-0.06074593
1548,-0.095611356,0.004871453304747361,-0.095611356
1549,0.003829784,0.0032761899714645213,0.003829784
1550,-0.09920453,-0.07125217754341745,-0.09920453
1551,-0.018599072,-0.011697610638506654,-0.018599072
1552,-0.09274418,0.012472853505550883,-0.09274418
1553,-0.09274418,-0.028076862060975896,-0.09274418
1554,-0.09274418,-0.0376132687238004,-0.09274418
1555,-0.09274418,-0.037891927789499645,-0.09274418
1556,-0.09274418,-0.08477178312339681,-0.09274418
1557,-0.09274418,-0.028076862060975896,-0.09274418
1558,-0.08726117,-0.032799578452600925,-0.08726117
1559,-0.08726117,-0.032799578452600925,-0.08726117
1560,-0.087195575,-0.06632576500118732,-0.087195575
1561,-0.08725877,0.0654725890912469,-0.08725877
1562,-0.05678501,-0.009057016121716579,-0.05678501
1563,-0.06158452,-0.046786917196056765,-0.06158452
1564,-0.06158452,0.11954494725428294,-0.06158452
1565,-0.07570856,-0.10667298324534522,-0.07570856
1566,-0.07570856,-0.10667298324534522,-0.07570856
1567,-0.07570856,-0.10667298324534522,-0.07570856
1568,-0.07570856,-0.10667298324534522,-0.07570856
1569,-0.07570856,-0.10667298324534522,-0.07570856
1570,-0.06737826,-0.11378984329547007,-0.06737826
1571,-0.06737826,-0.11378984329547007,-0.06737826
1572,-0.060717553,0.0674740374959166,-0.060717553
1573,-0.060717553,-0.004643888639069712,-0.060717553
1574,-0.05779466,0.0035740414923084675,-0.05779466
1575,-0.07156667,-0.059039873137178865,-0.07156667
1576,-0.078048706,0.04966374237640468,-0.078048706
1577,-0.01793188,0.046776670852634934,-0.01793188
1578,-0.01793188,0.046776670852634934,-0.01793188
1579,-0.01793188,0.046776670852634934,-0.01793188
1580,-0.01793188,0.2674732815281135,-0.01793188
1581,-0.01793188,0.2674732815281135,-0.01793188
1582,-0.01793188,0.2674732815281135,-0.01793188
1583,-0.049881067,0.01854624635207994,-0.049881067
1584,-0.086211845,0.05450476068232971,-0.086211845
1585,0.0038322136,0.01229112415240406,0.0038322136
1586,-0.09920453,-0.09392018821925618,-0.09920453
1587,0.015724938,0.0630487237117187,0.015724938
1588,-0.09753652,0.045688052413470404,-0.09753652
1589,-0.09274418,-0.0780401845691198,-0.09274418
1590,-0.09274168,-0.10679253140613303,-0.09274168
1591,-0.09274168,-0.10679253140613303,-0.09274168
1592,-0.092744134,-0.09479569239046472,-0.092744134
1593,-0.078064494,-0.08732505918808525,-0.078064494
1594,-0.06759743,0.006270230049220761,-0.06759743
1595,-0.08726011,-0.08341103323092612,-0.08726011
1596,-0.08726011,-0.08341103323092612,-0.08726011
1597,-0.05678501,0.020814473968404128,-0.05678501
1598,-0.086344086,-0.05396398519299761,-0.086344086
1599,-0.08722703,-0.057609001287845504,-0.08722703
1600,-0.07976372,0.02060643286786633,-0.07976372
1601,-0.086116925,0.03150712974469321,-0.086116925
1602,-0.086116925,0.03150712974469321,-0.086116925
1603,-0.066386946,-0.038353139605903856,-0.066386946
1604,-0.066386946,0.07924057086004281,-0.066386946
1605,-0.06551998,0.08822957155150682,-0.06551998
1606,-0.06551998,0.03266847082695662,-0.06551998
1607,-0.056785,-0.011836579197575248,-0.056785
1608,-0.06515654,0.08373714337339924,-0.06515654
1609,-0.06706525,-0.012813544917698707,-0.06706525
1610,0.0038443368,0.20053861369102696,0.0038443368
1611,-0.012095072,0.2554212585610369,-0.012095072
1612,-0.021569517,0.06328464373467757,-0.021569517
1613,-0.021569517,-0.008315329453300336,-0.021569517
1614,-0.049083423,0.006232852962721228,-0.049083423
1615,-0.09295571,-0.030740538905377673,-0.09295571
1616,-0.053302545,-0.039639142201707986,-0.053302545
1617,-0.056782898,-0.028635512138686783,-0.056782898
1618,-0.0927436,-0.06322035190065627,-0.0927436
1619,-0.086116925,0.01882540225111673,-0.086116925
1620,-0.086116925,0.015658102533278224,-0.086116925
1621,-0.08611687,-0.00012681797921233474,-0.08611687
1622,-0.086208396,0.12810323297213763,-0.086208396
1623,-0.0861143,-0.14165859677603793,-0.0861143
1624,-0.086111866,0.03130135814540614,-0.086111866
1625,-0.056785,-3.796342761449244e-05,-0.056785
1626,-0.056784123,-0.004255816777456461,-0.056784123
1627,-0.056732383,0.0002496404556813572,-0.056732383
1628,-0.09919136,-0.030661952869658105,-0.09919136
1629,-0.079727344,0.008495174022224813,-0.079727344
1630,0.003840077,0.03646544158577904,0.003840077
1631,0.003830049,0.26007859165955827,0.003830049
1632,-0.086116925,0.08766115423651803,-0.086116925
1633,-0.08611559,0.0076951986677136755,-0.08611559
1634,-0.087107174,0.05666900403527012,-0.087107174
1635,-0.056785006,0.04985110467322552,-0.056785006
1636,-0.07900923,0.0008397237032704999,-0.07900923
1637,-0.07156428,0.005613110973889531,-0.07156428
1638,-0.092955224,-0.06037115572767276,-0.092955224
1639,-0.07089988,0.04859874325866322,-0.07089988
1640,-0.061187256,0.05636516992885515,-0.061187256
1641,-0.061187256,0.08850861339725173,-0.061187256
1642,-0.061570443,0.11413823747726085,-0.061570443
1643,-0.061570443,0.09673096560653925,-0.061570443
1644,-0.07569449,0.02582957047045317,-0.07569449
1645,-0.07569449,0.02582957047045317,-0.07569449
1646,-0.07570775,-0.08191993541866671,-0.07570775
1647,-0.07570775,-0.08191993541866671,-0.07570775
1648,-0.07570775,-0.08191993541866671,-0.07570775
1649,-0.07570775,-0.08191993541866671,-0.07570775
1650,-0.07570775,-0.08191993541866671,-0.07570775
1651,-0.07570775,-0.08191993541866671,-0.07570775
1652,-0.07570775,-0.08191993541866671,-0.07570775
1653,-0.07570775,-0.08191993541866671,-0.07570775
1654,-0.07570775,-0.008677563576959788,-0.07570775
1655,0.048457023,-0.11694433435040821,0.048457023
1656,0.048457023,-0.04842525106296279,0.048457023
1657,-0.08611636,-0.019804572140153773,-0.08611636
1658,-0.0915264,0.012071023076611578,-0.0915264
1659,-0.09274418,-0.06257698712106124,-0.09274418
1660,-0.09920349,-0.1622408240611483,-0.09920349
1661,-0.04908329,-0.051870955260655924,-0.04908329
1662,-0.049081393,-0.012272743714763371,-0.049081393
1663,-0.04908334,-0.031419958118693136,-0.04908334
1664,-0.09274359,-0.126558699148524,-0.09274359
1665,-0.09274418,-0.018421376535376625,-0.09274418
1666,-0.079727314,-0.04131957965527536,-0.079727314
1667,-0.0798056,0.08727163485724357,-0.0798056
1668,-0.0798056,-0.05503823675305046,-0.0798056
1669,-0.086116925,0.04235114063429726,-0.086116925
1670,-0.08611622,-0.01281440057822689,-0.08611622
1671,-0.08608072,0.014929803649720408,-0.08608072
1672,-0.099199064,0.1341696458191844,-0.099199064
1673,-0.09273864,-0.05104128173992733,-0.09273864
1674,-0.086116925,0.08696338414458774,-0.086116925
1675,-0.09082991,-0.145826570355034,-0.09082991
1676,-0.07908726,-0.08789989669472455,-0.07908726
1677,-0.07812702,-0.010959634714321657,-0.07812702
1678,-0.07812702,-0.02033130248235582,-0.07812702
1679,0.021578576,-0.04156238750695612,0.021578576
1680,0.048459575,-0.14721836203841665,0.048459575
1681,-0.088597536,0.02498696027936935,-0.088597536
1682,-0.0782699,0.11508726796334176,-0.0782699
1683,-0.0782699,0.0036164111351696484,-0.0782699
1684,-0.07318481,0.0458765737891917,-0.07318481
1685,-0.049055416,-0.018744956721834682,-0.049055416
1686,-0.049082283,-0.026740760715236275,-0.049082283
1687,-0.0798056,-0.008232819833362845,-0.0798056
1688,-0.0798056,0.0001934932830968323,-0.0798056
1689,-0.11449122,-0.16775006038037202,-0.11449122
1690,-0.086116925,-0.018147509152379438,-0.086116925
1691,-0.050919846,-0.011857556289258806,-0.050919846
1692,-0.049072593,0.04277964335169919,-0.049072593
1693,-0.09193639,-0.03745772779413333,-0.09193639
1694,-0.09376593,0.033612417576309526,-0.09376593
1695,-0.086981334,-0.03190482232240765,-0.086981334
1696,-0.061688747,0.05338612415652305,-0.061688747
1697,-0.0798056,-0.03789281925722359,-0.0798056
1698,-0.0798056,-0.0012796460755070457,-0.0798056
1699,-0.04671947,0.05351834774890788,-0.04671947
1700,-0.07908661,-0.054737001684752935,-0.07908661
1701,-0.08611681,-0.03817493447711456,-0.08611681
1702,-0.07892425,0.017483753316144067,-0.07892425
1703,-0.07892425,-0.010880080933076462,-0.07892425
1704,-0.078125685,0.18459167100847623,-0.078125685
1705,-0.078125685,-0.07256534813121192,-0.078125685
1706,-0.06736728,0.008585606439278338,-0.06736728
1707,0.048459623,-0.07061108975323402,0.048459623
1708,0.048459623,-0.055109081578864245,0.048459623
1709,-0.07806597,-0.041041399407432955,-0.07806597
1710,-0.056773733,0.015448775780564129,-0.056773733
1711,0.048492264,-0.07503818535042778,0.048492264
1712,0.048459124,-0.03550238790474632,0.048459124
1713,-0.0798056,0.01688159779667072,-0.0798056
1714,-0.0798056,-0.0019585978875935545,-0.0798056
1715,-0.067212686,-0.027241004620297528,-0.067212686
1716,-0.0861168,0.033337366166971936,-0.0861168
1717,-0.055561837,0.02331278245050402,-0.055561837
1718,-0.055561837,-0.06496799296933002,-0.055561837
1719,-0.055498287,-0.02703817955421265,-0.055498287
1720,-0.055498287,0.026640085708983213,-0.055498287
1721,-0.07569366,0.02581232228930133,-0.07569366
1722,-0.07569366,0.02581232228930133,-0.07569366
1723,-0.07569366,0.02581232228930133,-0.07569366
1724,-0.07569366,0.02581232228930133,-0.07569366
1725,-0.07569366,0.02581232228930133,-0.07569366
1726,0.0074499827,0.21832049470754428,0.0074499827
1727,0.0074499827,-0.007371043583956873,0.0074499827
1728,0.00744973,0.15405617114361939,0.00744973
1729,0.00744973,-0.00851026407547945,0.00744973
1730,-0.0798056,0.09122340877044498,-0.0798056
1731,-0.0798056,-0.006627267974151956,-0.0798056
1732,-0.08262314,-0.11959645258601806,-0.08262314
1733,-0.11415829,-0.2420707740916064,-0.11415829
1734,-0.11415829,-0.2420707740916064,-0.11415829
1735,-0.11415829,-0.2420707740916064,-0.11415829
1736,-0.11415829,-0.2420707740916064,-0.11415829
1737,-0.050919846,-0.015595765845337778,-0.050919846
1738,-0.050919846,-0.03440943794747482,-0.050919846
1739,-0.104785696,-0.08620744419220826,-0.104785696
1740,-0.06668797,0.0351097310003638,-0.06668797
1741,-0.059317715,0.025185879576306962,-0.059317715
1742,-0.046719316,0.01281983040617776,-0.046719316
1743,-0.09681183,-0.005803950822398037,-0.09681183
1744,-0.06165504,0.041931350242618945,-0.06165504
1745,-0.06165504,0.06322837141936753,-0.06165504
1746,-0.03800403,0.036000180798386815,-0.03800403
1747,-0.03800403,-0.07776716310803766,-0.03800403
1748,-0.07908714,-0.06010600475615419,-0.07908714
1749,-0.07908661,0.0017640102617408676,-0.07908661
1750,0.0074496176,0.1565063853340414,0.0074496176
1751,0.0074496176,0.1565063853340414,0.0074496176
1752,0.0074496176,0.05930751100939108,0.0074496176
1753,0.0074496176,0.05930751100939108,0.0074496176
1754,-0.09649888,-0.04572698303750097,-0.09649888
1755,-0.09649888,0.0329281612865948,-0.09649888
1756,-0.056785006,0.021005778030801982,-0.056785006
1757,-0.08203251,0.0943522757544646,-0.08203251
1758,-0.08203251,0.0943522757544646,-0.08203251
1759,-0.07116568,0.003820040224450444,-0.07116568
1760,-0.0798056,0.1175595578539942,-0.0798056
1761,-0.0798056,-0.11554555948024677,-0.0798056
1762,-0.061491914,-0.01516985065386597,-0.061491914
1763,-0.061491914,0.07251808219450546,-0.061491914
1764,-0.061491914,0.07251808219450546,-0.061491914
1765,-0.061491914,0.07251808219450546,-0.061491914
1766,-0.07559311,0.050274578144334656,-0.07559311
1767,-0.04669242,0.06938278124845461,-0.04669242
1768,-0.0798056,0.08770510361772203,-0.0798056
1769,-0.0798056,0.009760959777497417,-0.0798056
1770,-0.0790587,0.04702357754219071,-0.0790587
1771,-0.08572086,-0.03176764742775382,-0.08572086
1772,-0.04024575,-0.007269402285482526,-0.04024575
1773,0.007449983,0.13467945500562356,0.007449983
1774,0.007449983,0.023654707162896436,0.007449983
1775,-0.0675339,0.09871897232267382,-0.0675339
1776,-0.067211054,-0.008534117363029755,-0.067211054
1777,-0.0798056,-0.02020812540836763,-0.0798056
1778,-0.11123804,-0.2395737879553351,-0.11123804
1779,-0.050919693,-0.08881973888228484,-0.050919693
1780,-0.114152566,0.015062687458718443,-0.114152566
1781,-0.11415815,-0.2357571421470324,-0.11415815
1782,-0.114155665,-0.2320573362906519,-0.114155665
1783,-0.063116245,0.013354969236864661,-0.063116245
1784,-0.0798056,0.10641941278582832,-0.0798056
1785,-0.0798056,-0.00955177502551214,-0.0798056
1786,-0.07908661,-0.0937417587963072,-0.07908661
1787,-0.08715795,-0.015033198986851319,-0.08715795
1788,-0.05091984,-0.022054164159663495,-0.05091984
1789,0.009552074,-0.09865442128242081,0.009552074
1790,0.009552074,-0.0314385442665646,0.009552074
1791,-0.0798056,0.08076565465825777,-0.0798056
1792,-0.0798056,-0.08263242161694723,-0.0798056
1793,-0.10556392,-0.08032968212807325,-0.10556392
1794,-0.10791709,-0.0355585996465488,-0.10791709
1795,-0.08742334,0.03862267616598703,-0.08742334
1796,0.032005664,0.140863602494259,0.032005664
1797,-0.0798056,0.06641415533690952,-0.0798056
1798,-0.1133816,-0.38068875303641014,-0.1133816
1799,-0.1140977,-0.3693337138448488,-0.1140977
1800,-0.06309692,0.048610755750777,-0.06309692
1801,-0.046684183,0.026187362261888347,-0.046684183
1802,-0.07116064,-0.0849184962185623,-0.07116064
1803,-0.086116925,0.012776476741759121,-0.086116925
1804,-0.08611672,0.024670753319112226,-0.08611672
1805,-0.08611642,0.04949203905550117,-0.08611642
1806,-0.06460166,-0.06776244203726867,-0.06460166
1807,0.04845718,0.03440227792374354,0.04845718
1808,-0.0798056,0.06440629053662532,-0.0798056
1809,-0.0798056,0.059710920364318354,-0.0798056
1810,-0.0798056,0.13029026514777342,-0.0798056
1811,-0.0798056,-0.0010784755188001643,-0.0798056
1812,-0.0798056,0.05826920237539412,-0.0798056
1813,-0.0798056,-0.12167897579952988,-0.0798056
1814,-0.07262697,-0.01170588012968302,-0.07262697
1815,-0.061407004,0.043214152296361455,-0.061407004
1816,-0.061407004,0.01602645265723188,-0.061407004
1817,-0.06060108,-0.0009390387365027252,-0.06060108
1818,-0.06060108,-0.01927668529865139,-0.06060108
1819,-0.060743965,0.02546915965697093,-0.060743965
1820,-0.060743965,0.05400252780254373,-0.060743965
1821,0.048494413,-0.1233573454525401,0.048494413
1822,-0.040243197,0.0270505386247074,-0.040243197
1823,-0.0798056,0.0999714391864064,-0.0798056
1824,-0.0798056,-0.019078609773268335,-0.0798056
1825,-0.09565916,-0.0006530445823119857,-0.09565916
1826,-0.0798056,0.08237444359339215,-0.0798056
1827,-0.0798056,-0.1194233734319991,-0.0798056
1828,-0.07983543,-0.016428353135779873,-0.07983543
1829,-0.07983543,-0.016428353135779873,-0.07983543
1830,-0.0798056,-0.03434890841945153,-0.0798056
1831,-0.11123542,-0.2680757674012294,-0.11123542
1832,-0.11116765,-0.3309531969688681,-0.11116765
1833,-0.1112379,-0.18611182138511712,-0.1112379
1834,-0.049442213,-0.0892659900961754,-0.049442213
1835,-0.07908714,-0.06199354335153565,-0.07908714
1836,-0.08822002,-0.019266435865710835,-0.08822002
1837,-0.0798056,0.031091655662546323,-0.0798056
1838,-0.0798056,-0.09048015109212429,-0.0798056
1839,-0.050884556,-0.023806233421363246,-0.050884556
1840,-0.09333467,-0.14306815417941354,-0.09333467
1841,-0.08030303,0.015969291086205702,-0.08030303
1842,-0.0798056,0.13699175509192693,-0.0798056
1843,-0.0798056,-0.03139308480972415,-0.0798056
1844,-0.110461354,-0.24103197911421687,-0.110461354
1845,-0.11123659,-0.3612229545647117,-0.11123659
1846,-0.0798056,0.13243901184617496,-0.0798056
1847,-0.0798056,-0.11154727164955576,-0.0798056
1848,-0.01548282,0.1693235689699286,-0.01548282
1849,-0.017923154,0.1352921438281412,-0.017923154
1850,-0.017923154,0.1352921438281412,-0.017923154
1851,-0.017923154,0.37995092064530067,-0.017923154
1852,-0.017923154,0.09676170084956985,-0.017923154
1853,-0.017923154,0.09676170084956985,-0.017923154
1854,-0.0798056,-0.03063045831606966,-0.0798056
1855,-0.11376279,-0.36483774881710734,-0.11376279
1856,-0.11415756,-0.11793037629990696,-0.11415756
1857,-0.11414428,-0.3919774242397301,-0.11414428
1858,-0.0798056,0.11504873375838623,-0.0798056
1859,-0.0798056,-0.05745171062875597,-0.0798056
1860,-0.06145551,0.01648149004450212,-0.06145551
1861,-0.060599744,0.052557581210554156,-0.060599744
1862,-0.060599744,-0.00035620207975069684,-0.060599744
1863,-0.061406936,-0.02851257462257948,-0.061406936
1864,-0.061406936,0.09463733973478264,-0.061406936
1865,-0.11415829,-0.29191892604478553,-0.11415829
1866,-0.11415829,-0.29191892604478553,-0.11415829
1867,-0.09649865,0.018242882750388864,-0.09649865
1868,-0.09649865,-0.06864830669073145,-0.09649865
1869,0.0074498425,0.16287288849019083,0.0074498425
1870,0.0074498425,0.16287288849019083,0.0074498425
1871,0.0074498425,-0.006422944477830505,0.0074498425
1872,0.0074498425,-0.006422944477830505,0.0074498425
1873,-0.0798056,-0.028617180941291495,-0.0798056
1874,-0.0798056,-0.04998449034521048,-0.0798056
1875,-0.07262534,-0.03957976379394705,-0.07262534
1876,-0.0798056,0.012042827612989752,-0.0798056
1877,-0.0798056,-0.04447626532309535,-0.0798056
1878,-0.0798056,0.06667497146716851,-0.0798056
1879,-0.061477836,0.031608720016668965,-0.061477836
1880,-0.0614911,0.07261133569172588,-0.0614911
1881,-0.0798056,-0.1047754030743587,-0.0798056
1882,-0.0798056,0.034104884399087196,-0.0798056
1883,0.04846268,-0.08926112523795185,0.04846268
1884,-0.0798056,0.007051050903095495,-0.0798056
1885,-0.079896495,-0.036065048709465544,-0.079896495
1886,-0.07988554,0.014017489927537544,-0.07988554
1887,-0.07988554,0.014017489927537544,-0.07988554
1888,-0.07988554,-0.00675169001000304,-0.07988554
1889,-0.079896495,0.03648138459474833,-0.079896495
1890,-0.0798056,0.10317522533333917,-0.0798056
1891,-0.0798056,-0.03122821145333335,-0.0798056
1892,-0.0798056,-0.016172521105920427,-0.0798056
1893,-0.0798056,0.11818063743661687,-0.0798056
1894,-0.07428225,0.014094846701349691,-0.07428225
1895,-0.07428225,0.013517404443541551,-0.07428225
1896,-0.0798056,-0.015824624776735227,-0.0798056
1897,-0.0798056,0.11486706444483803,-0.0798056
1898,-0.0798056,-0.0004178710324009077,-0.0798056
1899,-0.0798056,-0.0918012268907932,-0.0798056
1900,-0.0798056,-0.017434573858399954,-0.0798056
1901,-0.0798056,0.015512574126150546,-0.0798056
1902,-0.11449144,-0.06980576928859869,-0.11449144
1903,-0.0798056,0.09925176646243188,-0.0798056
1904,-0.0798056,0.09579671847767776,-0.0798056
1905,-0.07908661,-0.06243395169104556,-0.07908661
1906,-0.08777436,0.05296562872952982,-0.08777436
1907,-0.11123612,-0.222828169877914,-0.11123612
1908,-0.05820647,-0.01642914095427502,-0.05820647
1909,-0.070027314,0.008055945829450906,-0.070027314
1910,-0.078920364,-0.023037350151448813,-0.078920364
1911,-0.078920364,0.18919660125326557,-0.078920364
1912,-0.064059936,-0.034676810331857065,-0.064059936
1913,-0.066381976,-0.07173001040639791,-0.066381976
1914,-0.063410304,0.1010900868975919,-0.063410304
1915,-0.086510524,-0.025805621635460272,-0.086510524
1916,-0.09649893,0.09791531613918691,-0.09649893
1917,0.0074495603,0.2120887715973902,0.0074495603
1918,0.0074495603,0.2120887715973902,0.0074495603
1919,0.0074495603,0.06781623733570576,0.0074495603
1920,-0.09649893,-0.03158273375077276,-0.09649893
1921,-0.07906325,0.07140135470293245,-0.07906325
1922,-0.07906325,0.024143642953430813,-0.07906325
1923,-0.0798056,0.11818806414184387,-0.0798056
1924,-0.0798056,-0.09064964456582121,-0.0798056
1925,-0.0798056,-0.006717421365906126,-0.0798056
1926,-0.0798056,-0.08930799248994956,-0.0798056
1927,-0.11122403,-0.31622074574943504,-0.11122403
1928,-0.11123731,-0.26952599603286254,-0.11123731
1929,-0.0798056,0.2886622723883606,-0.0798056
1930,-0.0798056,-0.03782133298995133,-0.0798056
1931,-0.0798056,0.004434189532118488,-0.0798056
1932,-0.0798056,-0.07686285886603215,-0.0798056
1933,-0.0798056,0.03318442840278207,-0.0798056
1934,-0.0798056,-0.08307042806809883,-0.0798056
1935,-0.114155665,-0.25593811959459567,-0.114155665
1936,-0.114155665,-0.25593811959459567,-0.114155665
1937,-0.114158146,-0.18340371110854767,-0.114158146
1938,-0.114158146,-0.18340371110854767,-0.114158146
1939,-0.11415256,-0.34945383159009386,-0.11415256
1940,-0.11415256,-0.34945383159009386,-0.11415256
1941,-0.0798056,0.21712785026355777,-0.0798056
1942,-0.0798056,-0.025977989038800137,-0.0798056
1943,-0.0798056,0.016396827963518226,-0.0798056
1944,-0.0798056,-0.09082656085913468,-0.0798056
1945,-0.0798056,0.12274669362601652,-0.0798056
1946,-0.0798056,-0.0478130437486136,-0.0798056
1947,-0.079833575,0.04783320870358459,-0.079833575
1948,-0.079833575,-0.09659254290206823,-0.079833575
1949,-0.114156835,-0.43329106877002344,-0.114156835
1950,-0.114156835,-0.43329106877002344,-0.114156835
1951,-0.1133816,-0.1173296193379427,-0.1133816
1952,-0.1133816,-0.1173296193379427,-0.1133816
1953,-0.0798056,0.09185827722411068,-0.0798056
1954,-0.0798056,0.05213857567854373,-0.0798056
1955,-0.04244253,0.04897280055703482,-0.04244253
1956,-0.04244253,0.04897280055703482,-0.04244253
1957,-0.07187194,-0.0036309950062941294,-0.07187194
1958,-0.07907525,-0.04115510879124284,-0.07907525
1959,-0.0798056,-0.07071968185806658,-0.0798056
1960,-0.11415552,-0.4124376879022851,-0.11415552
1961,-0.0798056,0.11506945432929111,-0.0798056
1962,-0.0798056,0.0544428436624898,-0.0798056
1963,-0.055564612,0.011742770846212242,-0.055564612
1964,-0.055564612,0.08721413883930038,-0.055564612
1965,-0.055545405,-0.03282766148289176,-0.055545405
1966,-0.0798056,0.18936183103208395,-0.0798056
1967,-0.0798056,0.004531978862744692,-0.0798056
1968,-0.07988554,0.1368274610335683,-0.07988554
1969,-0.07988554,-0.011012639790173792,-0.07988554
1970,-0.079720624,0.10684795360858171,-0.079720624
1971,-0.079720624,-0.043367381705201685,-0.079720624
1972,-0.05556568,-0.021203449118416186,-0.05556568
1973,-0.05556568,-0.0413041650397309,-0.05556568
1974,-0.054698724,-0.08841853662607185,-0.054698724
1975,-0.054698724,0.13788322666388445,-0.054698724
1976,-0.08230164,0.019301128330678437,-0.08230164
1977,-0.0798056,-0.00706331182310138,-0.0798056
1978,-0.0798056,0.022803110722755232,-0.0798056
1979,-0.079086475,0.014924665462128436,-0.079086475
1980,-0.079086475,-0.008708038485986827,-0.079086475
1981,-0.07983543,-0.018849375802586166,-0.07983543
1982,-0.07940833,-0.019533289044426055,-0.07940833
1983,-0.0798056,0.13339476875207357,-0.0798056
1984,-0.0798056,0.03580905132917021,-0.0798056
1985,-0.055206608,-0.0646377419349436,-0.055206608
1986,-0.05519821,0.040413362784226685,-0.05519821
1987,-0.114156365,-0.2825189750032387,-0.114156365
1988,-0.114156365,-0.2825189750032387,-0.114156365
1989,-0.0798056,0.061367111138796414,-0.0798056
1990,-0.0798056,-0.018632985496164465,-0.0798056
1991,-0.04244253,0.00325528911941318,-0.04244253
1992,-0.04244253,0.00325528911941318,-0.04244253
1993,-0.04244253,0.02063063150724838,-0.04244253
1994,-0.04244253,0.02063063150724838,-0.04244253
1995,-0.07907596,-0.09123160685834744,-0.07907596
1996,-0.05091581,0.013654648850977563,-0.05091581
1997,-0.11415811,-0.2649011627370221,-0.11415811
1998,-0.0798056,0.000912913503631378,-0.0798056
1999,-0.0798056,0.03915330964692547,-0.0798056
2000,-0.041658547,0.027566620958955106,-0.041658547
2001,-0.041658547,0.027566620958955106,-0.041658547
2002,-0.07327932,-0.11586715858826528,-0.07327932
2003,-0.11415756,-0.2909506006320218,-0.11415756
2004,-0.11415756,-0.2909506006320218,-0.11415756
2005,-0.0798056,-0.004075934979465784,-0.0798056
2006,-0.0798056,0.05027732745292343,-0.0798056
2007,-0.05857971,0.02942188739366696,-0.05857971
2008,-0.07909122,0.03374419342995835,-0.07909122
2009,-0.11123115,-0.13763005592731736,-0.11123115
2010,-0.11123771,-0.24723935404962247,-0.11123771
2011,-0.07605175,0.06073488586875263,-0.07605175
2012,-0.07605175,0.043849540768599066,-0.07605175
2013,-0.0798056,0.11665844246382374,-0.0798056
2014,-0.0798056,-0.015535130503555034,-0.0798056
2015,-0.05556568,0.037619490275710106,-0.05556568
2016,-0.05556568,0.056189852634468865,-0.05556568
2017,-0.09424645,-0.06877797227254505,-0.09424645
2018,-0.0798056,0.0035258159409124875,-0.0798056
2019,-0.0798056,0.04876741351864275,-0.0798056
2020,-0.058594536,-0.0091289461625276,-0.058594536
2021,-0.0798056,-0.06909078975105104,-0.0798056
2022,-0.0798056,0.019930692334176905,-0.0798056
2023,-0.0798056,-0.11716612608443668,-0.0798056
2024,-0.08030327,0.05054341938222477,-0.08030327
2025,-0.0798056,0.03524045818606997,-0.0798056
2026,-0.0798056,0.11407610650187491,-0.0798056
2027,-0.0798056,0.21256416705049105,-0.0798056
2028,-0.0798056,0.061792890741656364,-0.0798056
2029,-0.05556568,0.04374152826681579,-0.05556568
2030,-0.05556568,-0.0428820705898901,-0.05556568
2031,-0.08778453,-0.022578732891659306,-0.08778453
2032,-0.08778453,-0.022578732891659306,-0.08778453
2033,-0.054698724,0.04252049357445379,-0.054698724
2034,-0.054698724,0.1780538012993558,-0.054698724
2035,-0.0798056,-0.11208811905430285,-0.0798056
2036,-0.0798056,0.11712025077267109,-0.0798056
2037,-0.0798056,0.11951945966793366,-0.0798056
2038,-0.0798056,0.01513058811544142,-0.0798056
2039,-0.0798056,0.011272759341828961,-0.0798056
2040,-0.0798056,0.09107103464186997,-0.0798056
2041,-0.0798056,0.03052895727699306,-0.0798056
2042,-0.0798056,0.0026005253772775905,-0.0798056
2043,-0.050909527,-0.01146087758897569,-0.050909527
2044,-0.113858566,-0.11272466420795504,-0.113858566
2045,-0.11415774,-0.19009540448886134,-0.11415774
2046,-0.1141477,-0.3977874974005639,-0.1141477
2047,-0.064046405,-0.030397549137129498,-0.064046405
2048,-0.041658547,0.0484691255084842,-0.041658547
2049,-0.041658547,0.0484691255084842,-0.041658547
2050,-0.041658547,0.013564869949304285,-0.041658547
2051,-0.041658547,0.013564869949304285,-0.041658547
2052,-0.032201692,-0.06386277395069048,-0.032201692
2053,-0.032201692,-0.04420702316334129,-0.032201692
2054,-0.083034135,0.030792140631500885,-0.083034135
2055,-0.05737615,0.056556177800042705,-0.05737615
2056,-0.11123786,-0.2490347892363645,-0.11123786
2057,-0.11037773,-0.22135769232277133,-0.11037773
2058,-0.0798056,-0.05299763193595095,-0.0798056
2059,-0.078920364,-0.03484264814315137,-0.078920364
2060,-0.078920364,-0.0022347900304154683,-0.078920364
2061,-0.10428421,0.08561219872431618,-0.10428421
2062,-0.10428421,-0.06255518922689647,-0.10428421
2063,-0.07906325,0.03957480262969557,-0.07906325
2064,-0.07906325,-0.023273795881004387,-0.07906325
2065,-0.0798056,0.11663573206047846,-0.0798056
2066,-0.0798056,-0.015582427890707509,-0.0798056
2067,-0.110537335,-0.25114962959424086,-0.110537335
2068,-0.0155056,-0.28306454295536077,-0.0155056
2069,-0.0798056,0.06376692617712208,-0.0798056
2070,-0.0798056,-0.08173520734611923,-0.0798056
2071,-0.0798056,0.10872224750043921,-0.0798056
2072,-0.0798056,0.023421811737476726,-0.0798056
2073,-0.0798056,-0.001850836621319536,-0.0798056
2074,-0.0798056,-0.03033926805827959,-0.0798056
2075,0.0041382792,0.043571475291866585,0.0041382792
2076,-0.07981949,-0.01155845330564286,-0.07981949
2077,-0.0739697,0.05060640179325574,-0.0739697
2078,-0.0739697,-0.04006792299645131,-0.0739697
2079,-0.07310273,0.02962891350801679,-0.07310273
2080,-0.07310273,0.20583860374021665,-0.07310273
2081,-0.054698724,-0.031228539622084512,-0.054698724
2082,-0.054698724,0.03752354191353499,-0.054698724
2083,-0.11219166,-0.20840598108749644,-0.11219166
2084,-0.11123774,-0.25371953468033376,-0.11123774
2085,-0.0798056,0.019983733801916398,-0.0798056
2086,-0.0798056,-0.027186840754982733,-0.0798056
2087,-0.05556568,-0.037935662825707685,-0.05556568
2088,-0.05556568,-0.03525599793226532,-0.05556568
2089,-0.066903315,0.0434827635852877,-0.066903315
2090,-0.066903315,0.0434827635852877,-0.066903315
2091,-0.024682956,-0.005467301976594141,-0.024682956
2092,-0.066903315,-0.0008629636373116423,-0.066903315
2093,-0.066903315,-0.0008629636373116423,-0.066903315
2094,-0.0798056,0.1185882824506535,-0.0798056
2095,-0.0798056,-0.00434018863461739,-0.0798056
2096,-0.11123749,-0.388646049822181,-0.11123749
2097,-0.06364654,-0.011083026778314147,-0.06364654
2098,-0.06364654,-0.011083026778314147,-0.06364654
2099,-0.083034135,0.027783873711410532,-0.083034135
2100,-0.114151396,-0.18850115062779935,-0.114151396
2101,-0.114151396,-0.18850115062779935,-0.114151396
2102,-0.11415796,-0.12976479873754232,-0.11415796
2103,-0.11415796,-0.12976479873754232,-0.11415796
2104,-0.11219413,-0.2375698457493405,-0.11219413
2105,-0.06364654,-0.00032629249998673013,-0.06364654
2106,-0.06364654,-0.00032629249998673013,-0.06364654
2107,-0.08104053,0.054824095514366705,-0.08104053
2108,-0.08022971,0.055211287727455864,-0.08022971
2109,-0.07891903,0.009405300907652746,-0.07891903
2110,-0.07891903,0.06088398913763506,-0.07891903
2111,-0.079720624,0.10214883274529012,-0.079720624
2112,-0.079720624,0.02293790675478968,-0.079720624
2113,-0.046241987,-0.1212624474055412,-0.046241987
2114,-0.058594536,-0.01553070068631798,-0.058594536
2115,-0.06732753,0.059122668615081565,-0.06732753
2116,-0.06732753,0.03474657868666103,-0.06732753
2117,-0.014807417,-0.03073063576855083,-0.014807417
2118,-0.07940833,-0.06949220211608415,-0.07940833
2119,-0.07940833,0.13064251670338928,-0.07940833
2120,-0.058594536,0.1871712283080103,-0.058594536
2121,-0.058594536,0.05265044189886321,-0.058594536
2122,-0.028249227,0.00617610651792771,-0.028249227
2123,-0.028249227,0.08025782277748926,-0.028249227
2124,-0.0739697,0.0465976423851052,-0.0739697
2125,-0.0739697,-0.03731434253479901,-0.0739697
2126,-0.08177265,0.02049986762903989,-0.08177265
2127,-0.07310273,0.04062122474274452,-0.07310273
2128,-0.07310273,0.05662480935756959,-0.07310273
2129,-0.11415811,-0.10785067577766422,-0.11415811
2130,-0.11415811,-0.10785067577766422,-0.11415811
2131,-0.0739697,0.029563763568909218,-0.0739697
2132,-0.0739697,0.0573388873621304,-0.0739697
2133,-0.07310273,-0.010984944859160475,-0.07310273
2134,-0.07310273,0.0045780162573274795,-0.07310273
2135,-0.054698724,-0.029598425161894298,-0.054698724
2136,-0.054698724,0.11560851153610965,-0.054698724
2137,-0.11216007,-0.33290810637793317,-0.11216007
2138,-0.06654477,0.14227190801724668,-0.06654477
2139,-0.07983592,0.027682329819783382,-0.07983592
2140,-0.07983592,-0.011855463135460372,-0.07983592
2141,-0.080303445,-0.031514872408964785,-0.080303445
2142,-0.11218096,-0.43128438316743,-0.11218096
2143,-0.11219392,-0.20236203212690965,-0.11219392
2144,-0.11219413,-0.3202938944063801,-0.11219413
2145,-0.11415799,-0.27490995867383766,-0.11415799
2146,-0.11415799,-0.27490995867383766,-0.11415799
2147,-0.0798056,0.11703758028396917,-0.0798056
2148,-0.0798056,-0.06779185803554272,-0.0798056
2149,-0.0798056,0.14295257128256086,-0.0798056
2150,-0.0798056,0.02171910810311603,-0.0798056
2151,-0.0798056,0.07123819292716284,-0.0798056
2152,-0.0798056,-0.009169721722197701,-0.0798056
2153,-0.0798056,-0.004243415067638971,-0.0798056
2154,-0.014802355,0.10219597714777211,-0.014802355
2155,-0.014807289,-0.029991985514519513,-0.014807289
2156,-0.014804792,0.07844559025058777,-0.014804792
2157,-0.014737032,-0.07126639743725,-0.014737032
2158,-0.014729489,-0.07541520560901807,-0.014729489
2159,-0.11415774,-0.20635348302494022,-0.11415774
2160,-0.11415774,-0.20635348302494022,-0.11415774
2161,-0.0739697,0.006861182122391553,-0.0739697
2162,-0.0739697,0.017053701829517653,-0.0739697
2163,-0.014806082,-0.03073063576855083,-0.014806082
2164,-0.014779658,-0.003904470098412901,-0.014779658
2165,-0.014030873,0.05336154961467155,-0.014030873
2166,-0.084337175,-0.0028677147276355295,-0.084337175
2167,-0.0798056,0.009765199099029355,-0.0798056
2168,-0.0798056,0.02809707403211649,-0.0798056
2169,-0.07310273,-0.04390168804491612,-0.07310273
2170,-0.07310273,0.10472441139213051,-0.07310273
2171,-0.18678404,-0.031054909431964373,-0.18678404
2172,-0.069849946,0.05478269267191177,-0.069849946
2173,-0.06654477,0.037876457421798126,-0.06654477
2174,-0.06295769,0.04645684731640216,-0.06295769
2175,-0.014805651,-0.2957065912127249,-0.014805651
2176,-0.06562084,0.08284038395134229,-0.06562084
2177,-0.05556568,0.016035764150842343,-0.05556568
2178,-0.05556568,-0.01736027593967131,-0.05556568
2179,-0.014806746,-0.08262340246320325,-0.014806746
2180,-0.014793413,-0.04151186093369341,-0.014793413
2181,-0.01441199,-0.3185288852231354,-0.01441199
2182,-0.06295769,0.020299773314717103,-0.06295769
2183,-0.030627599,0.03988662178790085,-0.030627599
2184,-0.030627599,0.03988662178790085,-0.030627599
2185,-0.030627599,0.052543159383722886,-0.030627599
2186,-0.030627599,0.052543159383722886,-0.030627599
2187,-0.06311712,0.07316037345552968,-0.06311712
2188,-0.06311712,0.07018811280540976,-0.06311712
2189,-0.11219408,-0.23496183064588283,-0.11219408
2190,-0.06612207,0.029279435622366054,-0.06612207
2191,-0.05556568,0.04044564747139716,-0.05556568
2192,-0.05556568,0.10369839639921603,-0.05556568
2193,-0.06562084,0.05936517941110127,-0.06562084
2194,-0.06562084,0.08587517054711111,-0.06562084
2195,-0.06132572,0.047018011043689516,-0.06132572
2196,-0.06555763,0.018437465850714957,-0.06555763
2197,-0.05556461,0.055204294717839685,-0.05556461
2198,-0.05556461,0.08370641715266994,-0.05556461
2199,-0.055545315,-0.019146033902153324,-0.055545315
2200,-0.061989468,0.06708489950407821,-0.061989468
2201,-0.061989468,-0.014845898505746297,-0.061989468
2202,-0.0739697,0.05890268907368107,-0.0739697
2203,-0.0739697,-0.04027774218109345,-0.0739697
2204,-0.06737854,0.013862673848055658,-0.06737854
2205,-0.06737313,0.03447051888644687,-0.06737313
2206,-0.024680693,0.06387331748181782,-0.024680693
2207,-0.06612207,0.09946106650515144,-0.06612207
2208,-0.015485199,0.056332433471079336,-0.015485199
2209,-0.061324086,0.054129868427129,-0.061324086
2210,-0.06054453,-0.09504555254299273,-0.06054453
2211,-0.017923161,0.031199306276558845,-0.017923161
2212,-0.0739697,0.2159379451402597,-0.0739697
2213,-0.0739697,0.00290122116058072,-0.0739697
2214,-0.0798056,-0.08681569598996479,-0.0798056
2215,-0.0146315275,0.023606866398855456,-0.0146315275
2216,-0.01480691,-0.08262340246320325,-0.01480691
2217,-0.014507746,-0.040773210679662095,-0.014507746
2218,-0.03464704,0.2772024014590176,-0.03464704
2219,-0.011852503,-0.22084395296561962,-0.011852503
2220,-0.012622886,0.04880544958533651,-0.012622886
2221,-0.06555331,0.052456594927094174,-0.06555331
2222,-0.06555755,0.045203968348074976,-0.06555755
2223,-0.06555755,0.045203968348074976,-0.06555755
2224,-0.06555284,0.01886450339229161,-0.06555284
2225,-0.065554865,0.00877065753774322,-0.065554865
2226,-0.065554865,0.00877065753774322,-0.065554865
2227,-0.058938924,0.0511363587831421,-0.058938924
2228,-0.065529175,0.0700249620916302,-0.065529175
2229,-0.065529175,0.0700249620916302,-0.065529175
2230,-0.055564612,0.08832710103690147,-0.055564612
2231,-0.055564612,-0.010090383381924577,-0.055564612
2232,-0.10326014,-0.11924172277870028,-0.10326014
2233,-0.07908736,0.01196171811713055,-0.07908736
2234,-0.07908736,0.006824569918822715,-0.07908736
2235,-0.07907525,0.03854754449319736,-0.07907525
2236,-0.07907525,0.06109801745434343,-0.07907525
2237,-0.026806196,-0.0020230200329640034,-0.026806196
2238,-0.026806196,0.002084405642266359,-0.026806196
2239,-0.026806196,0.002084405642266359,-0.026806196
2240,-0.026806196,0.036772154032635056,-0.026806196
2241,-0.026806196,0.036772154032635056,-0.026806196
2242,-0.026806196,0.036772154032635056,-0.026806196
2243,-0.08602731,-0.01103747242865695,-0.08602731
2244,-0.08602731,-0.01103747242865695,-0.08602731
2245,-0.107067846,-0.08787858002562686,-0.107067846
2246,-0.107067846,-0.08787858002562686,-0.107067846
2247,-0.107067846,-0.08787858002562686,-0.107067846
2248,-0.107067846,-0.08787858002562686,-0.107067846
2249,-0.107067846,-0.08787858002562686,-0.107067846
2250,-0.107067846,-0.08787858002562686,-0.107067846
2251,-0.107067846,-0.08787858002562686,-0.107067846
2252,-0.107067846,-0.055831229125818664,-0.107067846
2253,-0.107067846,-0.08787858002562686,-0.107067846
2254,-0.107067846,-0.08787858002562686,-0.107067846
2255,-0.107067846,-0.08787858002562686,-0.107067846
2256,-0.107067846,-0.08787858002562686,-0.107067846
2257,-0.107067846,-0.08787858002562686,-0.107067846
2258,-0.107067846,-0.08787858002562686,-0.107067846
2259,-0.107067846,-0.08787858002562686,-0.107067846
2260,-0.107067846,-0.08787858002562686,-0.107067846
2261,-0.107067846,-0.08787858002562686,-0.107067846
2262,-0.107067846,-0.08787858002562686,-0.107067846
2263,-0.107067846,-0.08787858002562686,-0.107067846
2264,-0.107067846,-0.08787858002562686,-0.107067846
2265,-0.107067846,-0.08144828006467039,-0.107067846
2266,-0.107067846,-0.08144828006467039,-0.107067846
2267,-0.107067846,-0.1523094886064891,-0.107067846
2268,-0.107067846,-0.1523094886064891,-0.107067846
2269,-0.107067846,-0.1523094886064891,-0.107067846
2270,-0.107067846,-0.1523094886064891,-0.107067846
2271,-0.107067846,-0.1523094886064891,-0.107067846
2272,-0.107067846,-0.1523094886064891,-0.107067846
2273,-0.107067846,-0.1523094886064891,-0.107067846
2274,-0.107067846,-0.1523094886064891,-0.107067846
2275,-0.107067846,-0.1523094886064891,-0.107067846
2276,-0.107067846,-0.1523094886064891,-0.107067846
2277,-0.107067846,-0.1523094886064891,-0.107067846
2278,-0.107067846,-0.1523094886064891,-0.107067846
2279,-0.107067846,-0.0073401701328861795,-0.107067846
2280,-0.107067846,-0.1523094886064891,-0.107067846
2281,-0.107067846,-0.1523094886064891,-0.107067846
2282,-0.107067846,-0.1523094886064891,-0.107067846
2283,-0.107067846,-0.1523094886064891,-0.107067846
2284,-0.107067846,-0.1523094886064891,-0.107067846
2285,-0.107067846,-0.1523094886064891,-0.107067846
2286,-0.08602731,-0.010507039827325267,-0.08602731
2287,-0.08602731,-0.010507039827325267,-0.08602731
2288,-0.08602731,-0.010507039827325267,-0.08602731
2289,-0.08602731,0.006707557977458809,-0.08602731
2290,-0.009547975,-0.006192011760054274,-0.009547975
2291,-0.009547975,-0.006192011760054274,-0.009547975
2292,-0.009547975,0.05468565453190494,-0.009547975
2293,0.010040535,0.036397854984735876,0.010040535
2294,0.010040535,0.036397854984735876,0.010040535
2295,0.010040535,0.036397854984735876,0.010040535
2296,-0.12512246,0.07069826148218356,-0.12512246
2297,0.010040535,-0.045546853435632854,0.010040535
2298,-0.12512246,-0.031839885172549806,-0.12512246
2299,-0.12512246,-0.031839885172549806,-0.12512246
2300,-0.12512246,0.5789484453005082,-0.12512246
2301,-0.12512246,0.5789484453005082,-0.12512246
2302,-0.089900196,-0.12395247977847121,-0.089900196
2303,-0.089900196,-0.12395247977847121,-0.089900196
2304,-0.089900196,-0.12395247977847121,-0.089900196
2305,-0.089900196,-0.12395247977847121,-0.089900196
2306,-0.089900196,-0.12395247977847121,-0.089900196
2307,-0.089900196,-0.12395247977847121,-0.089900196
2308,-0.089900196,-0.12395247977847121,-0.089900196
2309,-0.089900196,-0.12395247977847121,-0.089900196
2310,-0.089900196,-0.12395247977847121,-0.089900196
2311,-0.089900196,-0.10778329068778547,-0.089900196
2312,-0.089900196,-0.07695158237480103,-0.089900196
2313,-0.089900196,-0.07695158237480103,-0.089900196
2314,-0.089900196,-0.041777340816123124,-0.089900196
2315,-0.089900196,-0.07695158237480103,-0.089900196
2316,-0.089900196,-0.07695158237480103,-0.089900196
2317,-0.089900196,-0.041777340816123124,-0.089900196
2318,-0.07041376,-0.036057428585653827,-0.07041376
2319,-0.07041376,-0.036057428585653827,-0.07041376
2320,-0.07041376,-0.036057428585653827,-0.07041376
2321,-0.07041376,-0.036057428585653827,-0.07041376
2322,-0.07041376,-0.036057428585653827,-0.07041376
2323,-0.07041376,0.008679259131193476,-0.07041376
2324,-0.07041376,0.008679259131193476,-0.07041376
2325,-0.07041376,0.008679259131193476,-0.07041376
2326,-0.07041376,-0.006106226816457115,-0.07041376
2327,-0.07041376,-0.006106226816457115,-0.07041376
2328,-0.07041376,-0.006106226816457115,-0.07041376
2329,-0.07041376,-0.006106226816457115,-0.07041376
2330,-0.07041376,-0.006106226816457115,-0.07041376
2331,-0.07041376,0.008679259131193476,-0.07041376
2332,-0.07041376,0.008679259131193476,-0.07041376
2333,-0.088238195,-0.08198491820669715,-0.088238195
2334,-0.10151501,0.024839870127244906,-0.10151501
2335,0.02451129,-0.008471145222098391,0.02451129
2336,0.02451129,0.07804005856863319,0.02451129
2337,0.02451129,0.07804005856863319,0.02451129
2338,0.02451129,0.014357195277852182,0.02451129
2339,0.02451129,0.014357195277852182,0.02451129
2340,0.02451129,0.014357195277852182,0.02451129
2341,-0.011474372,-0.14785071830492064,-0.011474372
2342,-0.091778636,-0.013216165558069709,-0.091778636
2343,-0.091778636,-0.013216165558069709,-0.091778636
2344,-0.091778636,-0.013216165558069709,-0.091778636
2345,-0.091778636,-0.013216165558069709,-0.091778636
2346,-0.091778636,-0.013216165558069709,-0.091778636
2347,-0.091778636,-0.020128144082626878,-0.091778636
2348,-0.091778636,-0.020128144082626878,-0.091778636
2349,-0.091778636,-0.020128144082626878,-0.091778636
2350,-0.091778636,-0.020128144082626878,-0.091778636
2351,-0.093149655,-0.13212933759039733,-0.093149655
2352,-0.093149655,-0.0912749105540876,-0.093149655
2353,-0.093149655,-0.13212933759039733,-0.093149655
2354,-0.093149655,-0.13212933759039733,-0.093149655
2355,-0.093149655,-0.017800517604141357,-0.093149655
2356,-0.093149655,-0.017800517604141357,-0.093149655
2357,-0.10633081,-0.016051729675553808,-0.10633081
2358,-0.10633081,-0.016051729675553808,-0.10633081
2359,-0.10633081,-0.12427677484764373,-0.10633081
2360,-0.10633081,-0.12427677484764373,-0.10633081
2361,-0.10633081,-0.12427677484764373,-0.10633081
2362,-0.10633081,-0.12427677484764373,-0.10633081
2363,-0.10633081,-0.12427677484764373,-0.10633081
2364,-0.107001916,-0.07778673739032005,-0.107001916
2365,-0.107001916,-0.07778673739032005,-0.107001916
2366,-0.10706297,-0.09407372787723871,-0.10706297
2367,-0.10706297,-0.09407372787723871,-0.10706297
2368,-0.10706297,-0.09407372787723871,-0.10706297
2369,-0.10706297,-0.09407372787723871,-0.10706297
2370,-0.10706297,-0.09407372787723871,-0.10706297
2371,-0.10706297,-0.09407372787723871,-0.10706297
2372,-0.10706297,-0.09407372787723871,-0.10706297
2373,-0.107001916,-0.07438685218093474,-0.107001916
2374,-0.107001916,-0.07438685218093474,-0.107001916
2375,-0.107001916,-0.07438685218093474,-0.107001916
2376,-0.10706297,-0.03338023343860528,-0.10706297
2377,-0.10706297,-0.03338023343860528,-0.10706297
2378,-0.10706297,-0.03338023343860528,-0.10706297
2379,-0.10706297,-0.03338023343860528,-0.10706297
2380,-0.10706297,-0.03338023343860528,-0.10706297
2381,-0.107067734,-0.06888632544137425,-0.107067734
2382,-0.10706585,-0.04174316440179701,-0.10706585
2383,-0.009482025,-0.04239568724966179,-0.009482025
2384,-0.009543103,-0.010963781765671836,-0.009543103
2385,-0.10982714,-0.06000171900410737,-0.10982714
2386,-0.10982714,-0.06000171900410737,-0.10982714
2387,-0.10982714,-0.06000171900410737,-0.10982714
2388,-0.10982714,-0.24682901937879115,-0.10982714
2389,-0.10982714,-0.06000171900410737,-0.10982714
2390,-0.10982714,-0.06000171900410737,-0.10982714
2391,-0.10982714,-0.06000171900410737,-0.10982714
2392,-0.10982714,-0.24682901937879115,-0.10982714
2393,-0.10982714,-0.06000171900410737,-0.10982714
2394,-0.10982714,-0.06000171900410737,-0.10982714
2395,-0.10982714,-0.06000171900410737,-0.10982714
2396,-0.10982714,-0.06000171900410737,-0.10982714
2397,-0.10982714,-0.06000171900410737,-0.10982714
2398,-0.10982714,-0.06000171900410737,-0.10982714
2399,-0.10982714,-0.06000171900410737,-0.10982714
2400,-0.10982714,0.14301166481198133,-0.10982714
2401,-0.10982714,0.14301166481198133,-0.10982714
2402,-0.10982714,0.3045845621413237,-0.10982714
2403,-0.10982714,0.3045845621413237,-0.10982714
2404,-0.10982714,0.3045845621413237,-0.10982714
2405,-0.10982714,0.3045845621413237,-0.10982714
2406,-0.10982714,0.3045845621413237,-0.10982714
2407,-0.10982714,0.14301166481198133,-0.10982714
2408,-0.10982714,0.14301166481198133,-0.10982714
2409,-0.10982714,0.14301166481198133,-0.10982714
2410,-0.10982714,0.3045845621413237,-0.10982714
2411,-0.10982714,0.3045845621413237,-0.10982714
2412,-0.10982714,0.3045845621413237,-0.10982714
2413,-0.10982714,0.3045845621413237,-0.10982714
2414,-0.10982714,0.3045845621413237,-0.10982714
2415,-0.11150647,0.37130460968536605,-0.11150647
2416,-0.11150647,-0.02669878971439526,-0.11150647
2417,-0.11150647,0.04894499060659131,-0.11150647
2418,-0.11150647,0.04894499060659131,-0.11150647
2419,-0.11150647,0.04894499060659131,-0.11150647
2420,-0.11150647,0.04894499060659131,-0.11150647
2421,0.061404828,0.02159548405371421,0.061404828
2422,0.061404828,0.02159548405371421,0.061404828
2423,0.061404828,-0.0177521115450124,0.061404828
2424,0.061404828,-0.0177521115450124,0.061404828
2425,0.061404828,-0.0177521115450124,0.061404828
2426,0.06963533,-0.12776489877164118,0.06963533
2427,-0.033400983,0.04504229164982,-0.033400983
2428,-0.033400983,-0.04323884724669017,-0.033400983
2429,-0.033400983,0.055371015893414866,-0.033400983
2430,-0.033400983,0.055371015893414866,-0.033400983
2431,-0.17361309,0.052778014297573214,-0.17361309
2432,-0.17361309,0.3499862537794835,-0.17361309
2433,-0.17361309,0.5178876535593349,-0.17361309
2434,-0.17361309,0.5178876535593349,-0.17361309
2435,-0.12512232,-0.0662975288064108,-0.12512232
2436,0.010045407,-0.05615801064098417,0.010045407
2437,-0.1070302,-0.054560414860216094,-0.1070302
2438,-0.08916213,0.01816029285707415,-0.08916213
2439,-0.010467065,0.06469291956151713,-0.010467065
2440,-0.010467065,0.06469291956151713,-0.010467065
2441,-0.010467065,0.06469291956151713,-0.010467065
2442,-0.010467065,0.06469291956151713,-0.010467065
2443,-0.010467065,0.06469291956151713,-0.010467065
2444,-0.010467065,0.06469291956151713,-0.010467065
2445,-0.010467065,0.06469291956151713,-0.010467065
2446,-0.010467065,0.06469291956151713,-0.010467065
2447,-0.010467065,0.1410233783470334,-0.010467065
2448,-0.010467065,0.1410233783470334,-0.010467065
2449,-0.010467065,0.1410233783470334,-0.010467065
2450,-0.010467065,0.1410233783470334,-0.010467065
2451,-0.010467065,0.1410233783470334,-0.010467065
2452,-0.010467065,0.1410233783470334,-0.010467065
2453,-0.050490037,0.03436878516265386,-0.050490037
2454,-0.07040889,0.02331086808886332,-0.07040889
2455,-0.07040889,0.02331086808886332,-0.07040889
2456,-0.07040889,0.02331086808886332,-0.07040889
2457,-0.10614958,0.03160345974840939,-0.10614958
2458,-0.07040889,-0.00635008505986197,-0.07040889
2459,-0.07040889,-0.00635008505986197,-0.07040889
2460,-0.07040889,-0.00635008505986197,-0.07040889
2461,-0.07034777,-0.0009086080901108159,-0.07034777
2462,-0.07041174,-0.007933605184573462,-0.07041174
2463,-0.07040889,0.02331086808886332,-0.07040889
2464,-0.07041174,-0.007933605184573462,-0.07041174
2465,-0.08750083,0.014382377895812556,-0.08750083
2466,-0.08823332,-0.005718408141542635,-0.08823332
2467,-0.08817223,-0.11515415174883413,-0.08817223
2468,0.010042619,0.030616326234367528,0.010042619
2469,-0.046227884,0.04504010365939689,-0.046227884
2470,-0.0980716,-0.03992254445836958,-0.0980716
2471,-0.0980716,-0.03992254445836958,-0.0980716
2472,-0.0980716,-0.03992254445836958,-0.0980716
2473,-0.0005447805,0.043417813493713125,-0.0005447805
2474,-0.0005447805,0.016874491589133376,-0.0005447805
2475,-0.10701631,-0.05919770395266061,-0.10701631
2476,-0.10701631,-0.05919770395266061,-0.10701631
2477,-0.10701631,0.035173598549325585,-0.10701631
2478,-0.10701631,-0.05919770395266061,-0.10701631
2479,-0.10706671,-0.05009967751582653,-0.10706671
2480,-0.10706671,-0.05009967751582653,-0.10706671
2481,-0.10706671,-0.05009967751582653,-0.10706671
2482,-0.10701631,-0.06573675230909996,-0.10701631
2483,-0.10701631,-0.06573675230909996,-0.10701631
2484,-0.10701631,-0.06573675230909996,-0.10701631
2485,-0.10701631,-0.06573675230909996,-0.10701631
2486,-0.00882085,0.017121799953279337,-0.00882085
2487,-0.0094964495,0.019347534404351985,-0.0094964495
2488,-0.10706671,-0.05200864392800289,-0.10706671
2489,-0.10706671,-0.05200864392800289,-0.10706671
2490,-0.09470642,0.038697064919160716,-0.09470642
2491,-0.09470642,0.038697064919160716,-0.09470642
2492,-0.11611583,0.3248253683237026,-0.11611583
2493,0.010067113,0.0032262706879371307,0.010067113
2494,0.010109179,-0.12091128403736875,0.010109179
2495,0.010092059,0.005708369968010262,0.010092059
2496,-0.08984864,-0.1411243383921613,-0.08984864
2497,-0.08984864,-0.1411243383921613,-0.08984864
2498,-0.08984864,-0.1411243383921613,-0.08984864
2499,-0.08984864,-0.10492876585859962,-0.08984864
2500,-0.08984864,-0.10492876585859962,-0.08984864
2501,-0.08917258,0.00974275755302153,-0.08917258
2502,-0.08917258,0.00974275755302153,-0.08917258
2503,-0.08089555,-0.018937636378638947,-0.08089555
2504,-0.0703622,0.014911894357538731,-0.0703622
2505,-0.0703622,0.014911894357538731,-0.0703622
2506,-0.0703622,0.014911894357538731,-0.0703622
2507,-0.0703622,0.0031754397341756902,-0.0703622
2508,-0.0703622,0.0031754397341756902,-0.0703622
2509,-0.06140416,-0.022711199397055227,-0.06140416
2510,-0.06968617,0.023073069323599538,-0.06968617
2511,-0.06968617,0.023073069323599538,-0.06968617
2512,-0.0703622,0.014911894357538731,-0.0703622
2513,-0.06140416,0.08714396443069929,-0.06140416
2514,-0.08818663,0.011336326181739142,-0.08818663
2515,-0.08751083,0.03162250211574184,-0.08751083
2516,-0.0792317,-0.11144497444989605,-0.0792317
2517,-0.08751083,0.019112945829236866,-0.08751083
2518,-0.10704547,-0.05851689683411158,-0.10704547
2519,-0.10151014,-0.03448960995014885,-0.10151014
2520,-0.10705722,-0.1762249286640373,-0.10705722
2521,-0.011469499,0.014713899947136762,-0.011469499
2522,-0.089003,-0.013517740402764856,-0.089003
2523,-0.09177376,-0.11071581722534177,-0.09177376
2524,-0.0910416,-0.013261735377867795,-0.0910416
2525,-0.09171271,-0.03445058331788952,-0.09171271
2526,-0.06284947,-0.00464312867645727,-0.06284947
2527,-0.09314478,-0.05403291176913168,-0.09314478
2528,-0.09314478,-0.07743688973004355,-0.09314478
2529,-0.09308373,-0.04057008611274543,-0.09308373
2530,-0.09308373,-0.04672426826831526,-0.09308373
2531,-0.093147166,-0.12943184231305302,-0.093147166
2532,-0.093147166,-0.03392130804918556,-0.093147166
2533,-0.093149535,-0.16051110300292373,-0.093149535
2534,-0.093149535,-0.033568906803073735,-0.093149535
2535,-0.10632593,0.033957845222766916,-0.10632593
2536,-0.10632593,0.033957845222766916,-0.10632593
2537,-0.0094160745,-0.0694244593408479,-0.0094160745
2538,-0.0094160745,0.018526146266852287,-0.0094160745
2539,-0.106935985,0.0042558728497455725,-0.106935985
2540,-0.10706286,-0.09139290730993752,-0.10706286
2541,-0.10699703,0.009249122493517538,-0.10699703
2542,-0.10699703,0.009249122493517538,-0.10699703
2543,-0.106935985,0.03789613184262515,-0.106935985
2544,-0.12512216,-0.0351671079203637,-0.12512216
2545,-0.1249329,-0.03597473271935396,-0.1249329
2546,-0.11150159,0.15283600866969002,-0.11150159
2547,-0.11150159,0.0890557683696579,-0.11150159
2548,-0.11150159,0.0890557683696579,-0.11150159
2549,-0.11150159,0.0890557683696579,-0.11150159
2550,-0.109822266,0.22664573453146553,-0.109822266
2551,-0.109822266,0.22664573453146553,-0.109822266
2552,-0.109822266,0.22664573453146553,-0.109822266
2553,-0.109822266,0.4482987408430648,-0.109822266
2554,-0.10982452,0.15502086229081694,-0.10982452
2555,-0.10982452,0.15502086229081694,-0.10982452
2556,-0.10982452,-0.2807345505314719,-0.10982452
2557,-0.10976116,0.26409078753234394,-0.10976116
2558,-0.10976116,0.26409078753234394,-0.10976116
2559,-0.10976116,0.14872203693751535,-0.10976116
2560,-0.109827004,0.4121170779223336,-0.109827004
2561,-0.109827004,0.5511243145338669,-0.109827004
2562,-0.10908977,0.06485542260887464,-0.10908977
2563,-0.11076907,-0.1263717316242041,-0.11076907
2564,-0.109827004,-0.10726981182216912,-0.109827004
2565,-0.10976116,-0.006487018756974352,-0.10976116
2566,-0.10976116,-0.006487018756974352,-0.10976116
2567,0.062143594,0.035134600457228285,0.062143594
2568,0.062143594,0.035134600457228285,0.062143594
2569,-0.17084645,0.32750371263853156,-0.17084645
2570,-0.033396106,-0.046474218106110084,-0.033396106
2571,-0.033396106,-0.046474218106110084,-0.033396106
2572,-0.03280855,0.07565775397549916,-0.03280855
2573,-0.03280855,0.07565775397549916,-0.03280855
2574,-0.03280855,-0.005611889680793064,-0.03280855
2575,-0.03280855,-0.005611889680793064,-0.03280855
2576,-0.03280855,-0.005611889680793064,-0.03280855
2577,-0.033335004,0.011936924580632233,-0.033335004
2578,-0.033335004,-0.01496408548731574,-0.033335004
2579,-0.033396106,0.012421434126504833,-0.033396106
2580,0.010043199,0.02510034100568087,0.010043199
2581,0.010111366,-0.03367150886479731,0.010111366
2582,0.010051896,0.024930024978728413,0.010051896
2583,-0.08989808,0.009559575210435349,-0.08989808
2584,-0.08989808,0.009559575210435349,-0.08989808
2585,-0.010466955,0.03507974587663419,-0.010466955
2586,-0.010466955,0.03507974587663419,-0.010466955
2587,-0.010466955,0.03507974587663419,-0.010466955
2588,-0.010466955,0.03507974587663419,-0.010466955
2589,-0.010466955,0.0914013117156243,-0.010466955
2590,-0.010465037,0.1682400118193683,-0.010465037
2591,-0.010465037,0.1682400118193683,-0.010465037
2592,-0.010465037,0.1682400118193683,-0.010465037
2593,-0.010465037,-0.03886760108624843,-0.010465037
2594,-0.010465037,-0.03886760108624843,-0.010465037
2595,-0.010465037,-0.03886760108624843,-0.010465037
2596,-0.010465037,-0.03886760108624843,-0.010465037
2597,-0.049897153,0.054444672112388445,-0.049897153
2598,-0.01046219,0.2016820858477428,-0.01046219
2599,-0.01046219,0.2016820858477428,-0.01046219
2600,-0.01046219,0.2016820858477428,-0.01046219
2601,-0.01046219,0.2016820858477428,-0.01046219
2602,-0.01046219,0.2016820858477428,-0.01046219
2603,-0.01046219,0.022235351993419163,-0.01046219
2604,-0.01046219,0.022235351993419163,-0.01046219
2605,-0.01046219,0.022235351993419163,-0.01046219
2606,-0.01046219,0.022235351993419163,-0.01046219
2607,-0.09171147,-0.014350265073658944,-0.09171147
2608,-0.09171147,-0.19303699591833576,-0.09171147
2609,-0.08125412,-0.008241156249938944,-0.08125412
2610,-0.08125412,-0.03684571777053572,-0.08125412
2611,-0.007614909,-0.02326928173123766,-0.007614909
2612,-0.01040109,0.07341432241749384,-0.01040109
2613,-0.009729633,0.023441712755688657,-0.009729633
2614,-0.01046249,0.20431985421073556,-0.01046249
2615,-0.01046249,0.20431985421073556,-0.01046249
2616,-0.01046249,0.20431985421073556,-0.01046249
2617,-0.10146348,0.016623527193022222,-0.10146348
2618,-0.08596008,0.006727946257502771,-0.08596008
2619,-0.08596008,0.007510155866646516,-0.08596008
2620,-0.10700061,-0.06937208364926993,-0.10700061
2621,-0.10700061,-0.06937208364926993,-0.10700061
2622,-0.10700061,0.044274919346568534,-0.10700061
2623,-0.10700061,-0.06937208364926993,-0.10700061
2624,-0.10700061,-0.06937208364926993,-0.10700061
2625,-0.10700061,-0.06937208364926993,-0.10700061
2626,-0.10700061,-0.06937208364926993,-0.10700061
2627,-0.10700061,0.044274919346568534,-0.10700061
2628,-0.10700061,-0.06937208364926993,-0.10700061
2629,-0.10700061,-0.06937208364926993,-0.10700061
2630,-0.10700061,-0.06937208364926993,-0.10700061
2631,-0.10700061,-0.06937208364926993,-0.10700061
2632,-0.10700061,-0.06937208364926993,-0.10700061
2633,-0.10700061,-0.06937208364926993,-0.10700061
2634,-0.10700061,0.0778236480335623,-0.10700061
2635,-0.10700061,0.0778236480335623,-0.10700061
2636,-0.10700061,0.0778236480335623,-0.10700061
2637,-0.10700061,0.0778236480335623,-0.10700061
2638,-0.10700061,0.0778236480335623,-0.10700061
2639,-0.10700061,0.0778236480335623,-0.10700061
2640,-0.008627416,0.030695050288662852,-0.008627416
2641,-0.008627416,0.04024603269304351,-0.008627416
2642,-0.106147595,0.025275568668977774,-0.106147595
2643,-0.106147595,0.025275568668977774,-0.106147595
2644,-0.106147595,0.025275568668977774,-0.106147595
2645,-0.106147595,0.025275568668977774,-0.106147595
2646,-0.106147595,0.07763722194836657,-0.106147595
2647,-0.106147595,0.07763722194836657,-0.106147595
2648,-0.106147595,0.07763722194836657,-0.106147595
2649,-0.106147595,0.07763722194836657,-0.106147595
2650,-0.096483134,-0.06605707514544863,-0.096483134
2651,-0.096483134,-0.15640673922116596,-0.096483134
2652,-0.096483134,-0.15640673922116596,-0.096483134
2653,-0.096483134,-0.15640673922116596,-0.096483134
2654,-0.08596008,0.004846213005183597,-0.08596008
2655,-0.07040687,-0.07040543718545333,-0.07040687
2656,-0.009480754,0.0006859243303207847,-0.009480754
2657,-0.10706635,0.032783953487719016,-0.10706635
2658,-0.10706635,0.032783953487719016,-0.10706635
2659,-0.10706635,-0.02808545311223661,-0.10706635
2660,-0.10706635,-0.02808545311223661,-0.10706635
2661,0.0010459723,-0.047960340619487875,0.0010459723
2662,-0.1097911,0.23184110429953653,-0.1097911
2663,-0.1097911,-0.2845037589558603,-0.1097911
2664,-0.1097911,-0.11417720810016468,-0.1097911
2665,-0.1097911,-0.2845037589558603,-0.1097911
2666,-0.1097911,-0.11417720810016468,-0.1097911
2667,-0.1098253,-0.26851145465146975,-0.1098253
2668,0.024562817,0.05922700739328496,0.024562817
2669,0.02453764,0.009995802868523694,0.02453764
2670,0.010107756,0.047928261767882584,0.010107756
2671,0.010107756,-0.15759676393080058,0.010107756
2672,0.010107756,-0.15759676393080058,0.010107756
2673,0.010107756,-0.15759676393080058,0.010107756
2674,0.020634485,0.02291543078178826,0.020634485
2675,-0.12512231,-0.37346914036784873,-0.12512231
2676,-0.12508644,0.34756248367246223,-0.12508644
2677,-0.08810625,-0.012564668105956679,-0.08810625
2678,0.010961069,-0.008159274589499176,0.010961069
2679,-0.079307064,0.035064518912113984,-0.079307064
2680,-0.08983293,-0.08509448153558173,-0.08983293
2681,-0.08983293,-0.08509448153558173,-0.08983293
2682,-0.08983293,-0.08509448153558173,-0.08983293
2683,-0.08983293,-0.08509448153558173,-0.08983293
2684,-0.08983293,-0.08509448153558173,-0.08983293
2685,-0.08983293,-0.08509448153558173,-0.08983293
2686,-0.08983293,-0.06747458817145228,-0.08983293
2687,-0.08983293,-0.06747458817145228,-0.08983293
2688,-0.08983293,-0.03827888346342358,-0.08983293
2689,-0.088979006,0.008243211901257728,-0.088979006
2690,-0.088979006,0.006885582872983851,-0.088979006
2691,-0.0898725,-0.11620550904644072,-0.0898725
2692,-0.08989872,-0.007535143252334363,-0.08989872
2693,-0.030892987,0.004351023105191417,-0.030892987
2694,-0.030892987,-0.17552007038955125,-0.030892987
2695,-0.09172711,-0.016837745946721765,-0.09172711
2696,-0.082781576,-0.011092912010362338,-0.082781576
2697,-0.09309813,-0.07293210040807588,-0.09309813
2698,-0.09309813,-0.06446745834792864,-0.09309813
2699,-0.093123324,-0.027617427195020125,-0.093123324
2700,-0.093123324,-0.043909229063592375,-0.093123324
2701,-0.09242227,-0.01499623422142439,-0.09242227
2702,-0.0703465,0.006490123852308533,-0.0703465
2703,-0.0703465,0.006490123852308533,-0.0703465
2704,-0.0703465,0.006490123852308533,-0.0703465
2705,-0.0694926,0.02347899789598943,-0.0694926
2706,-0.0694926,-0.01704797458047935,-0.0694926
2707,-0.0694926,-0.01704797458047935,-0.0694926
2708,-0.0703465,0.044064207489198585,-0.0703465
2709,-0.0703465,0.044064207489198585,-0.0703465
2710,-0.0703465,0.044064207489198585,-0.0703465
2711,-0.0703465,0.023276187359380193,-0.0703465
2712,-0.0694926,0.02347899789598943,-0.0694926
2713,-0.10706184,-0.1016627012452141,-0.10706184
2714,-0.10706184,-0.04207174884326249,-0.10706184
2715,0.027754491,-0.07714341181393439,0.027754491
2716,-0.04182499,-0.006285040438962552,-0.04182499
2717,-0.09470155,-0.09102775916550815,-0.09470155
2718,-0.10977558,-0.26506221080763465,-0.10977558
2719,-0.109825745,0.315531799916133,-0.109825745
2720,-0.10977558,0.20479259931210833,-0.10977558
2721,-0.10977558,0.20479259931210833,-0.10977558
2722,-0.1008205,0.002698523090277152,-0.1008205
2723,-0.10909974,0.06062423556896823,-0.10909974
2724,-0.10909974,0.04169280585315096,-0.10909974
2725,-0.024393877,-0.07723353975439527,-0.024393877
2726,-0.17356153,0.31023565106034245,-0.17356153
2727,-0.17356153,0.31023565106034245,-0.17356153
2728,-0.033349425,-0.0615738768492595,-0.033349425
2729,-0.033349425,-0.0615738768492595,-0.033349425
2730,0.0101097785,0.05311717656036894,0.0101097785
2731,0.0101097785,0.05311717656036894,0.0101097785
2732,0.0101097785,-0.05368047412601742,0.0101097785
2733,0.0101097785,0.05311717656036894,0.0101097785
2734,0.0101097785,0.05311717656036894,0.0101097785
2735,0.0101097785,0.05311717656036894,0.0101097785
2736,0.0101097785,0.05311717656036894,0.0101097785
2737,0.0101097785,0.05311717656036894,0.0101097785
2738,0.0101097785,0.05311717656036894,0.0101097785
2739,0.0101097785,-0.05368047412601742,0.0101097785
2740,0.0101097785,-0.05368047412601742,0.0101097785
2741,0.0101097785,0.05311717656036894,0.0101097785
2742,0.0101097785,0.05311717656036894,0.0101097785
2743,0.0101097785,0.05311717656036894,0.0101097785
2744,0.0101097785,0.05311717656036894,0.0101097785
2745,-0.12501927,-0.35098389779157796,-0.12501927
2746,-0.12501927,-0.35098389779157796,-0.12501927
2747,-0.12501927,0.21818129825855262,-0.12501927
2748,0.0101097785,0.008953870992385,0.0101097785
2749,-0.08817092,-0.11099212504899575,-0.08817092
2750,-0.08731735,-0.09454499410782569,-0.08731735
2751,-0.07764025,0.01792631888924944,-0.07764025
2752,0.010071985,0.005037092136045942,0.010071985
2753,0.0101140505,0.04926754680158806,0.0101140505
2754,-0.01041551,0.10807040170724941,-0.01041551
2755,-0.01041551,0.10807040170724941,-0.01041551
2756,-0.01041551,0.10807040170724941,-0.01041551
2757,-0.01041551,0.10807040170724941,-0.01041551
2758,-0.009739657,-0.005483357315884608,-0.009739657
2759,-0.009739657,-0.005483357315884608,-0.009739657
2760,-0.01041551,0.02677352297092539,-0.01041551
2761,-0.01041551,0.02677352297092539,-0.01041551
2762,-0.01041551,0.02677352297092539,-0.01041551
2763,-0.01041551,0.02677352297092539,-0.01041551
2764,-0.009739657,-0.029368338853857163,-0.009739657
2765,-0.009739657,-0.029368338853857163,-0.009739657
2766,-0.009739657,-0.029368338853857163,-0.009739657
2767,-0.070387535,-0.002630417912083798,-0.070387535
2768,-0.10706727,-0.10171038920005286,-0.10706727
2769,-0.10706727,-0.10171038920005286,-0.10706727
2770,-0.10706727,-0.10171038920005286,-0.10706727
2771,-0.10706727,-0.10171038920005286,-0.10706727
2772,-0.10704184,-0.05194920268305559,-0.10704184
2773,-0.10704184,-0.05194920268305559,-0.10704184
2774,-0.10704184,-0.05194920268305559,-0.10704184
2775,-0.10704184,-0.05194920268305559,-0.10704184
2776,-0.10704184,-0.05194920268305559,-0.10704184
2777,-0.10704184,-0.05194920268305559,-0.10704184
2778,-0.10704184,-0.05194920268305559,-0.10704184
2779,-0.10704184,-0.05194920268305559,-0.10704184
2780,-0.10704184,-0.05194920268305559,-0.10704184
2781,-0.10704184,0.0678567073584519,-0.10704184
2782,-0.10704184,0.0678567073584519,-0.10704184
2783,-0.10704184,0.0678567073584519,-0.10704184
2784,-0.10704184,0.0678567073584519,-0.10704184
2785,-0.10704184,0.0678567073584519,-0.10704184
2786,-0.106697805,-0.046202918932353065,-0.106697805
2787,-0.106697805,-0.046202918932353065,-0.106697805
2788,-0.106697805,-0.046202918932353065,-0.106697805
2789,-0.10706727,-0.06113373927216729,-0.10706727
2790,-0.10706727,-0.06113373927216729,-0.10706727
2791,-0.10706727,-0.06113373927216729,-0.10706727
2792,-0.107043736,0.05442579477868983,-0.107043736
2793,-0.1070572,-0.020922559831586522,-0.1070572
2794,-0.009521983,-0.019935420363583454,-0.009521983
2795,-0.026051335,0.054116294455643144,-0.026051335
2796,-0.12512177,-0.1438414388410294,-0.12512177
2797,0.010053943,-0.01103483463295581,0.010053943
2798,0.010041327,0.02317183966884632,0.010041327
2799,-0.08988948,-0.0935436049151121,-0.08988948
2800,-0.08989964,-0.04640004689798527,-0.08989964
2801,-0.08989964,-0.04640004689798527,-0.08989964
2802,-0.0895298,-0.11348698536259885,-0.0895298
2803,-0.0895298,-0.11348698536259885,-0.0895298
2804,-0.0895298,-0.11348698536259885,-0.0895298
2805,-0.0895298,-0.11348698536259885,-0.0895298
2806,-0.00049155724,0.05551009580843919,-0.00049155724
2807,-0.008093701,0.04110833336396387,-0.008093701
2808,-0.09465488,0.016403890951611117,-0.09465488
2809,-0.07038775,0.01991548648990934,-0.07038775
2810,-0.07038775,0.01991548648990934,-0.07038775
2811,-0.07038775,0.04130793451374831,-0.07038775
2812,-0.07038775,0.04130793451374831,-0.07038775
2813,-0.07004337,0.030300679671043274,-0.07004337
2814,-0.07004337,0.030300679671043274,-0.07004337
2815,-0.07004337,0.030300679671043274,-0.07004337
2816,-0.07041306,0.009036132046262182,-0.07041306
2817,-0.07040299,-0.0018834369640959303,-0.07040299
2818,-0.06571584,0.13430068438373863,-0.06571584
2819,-0.07040299,0.0056566484955985815,-0.07040299
2820,-0.07038775,0.01991548648990934,-0.07038775
2821,-0.08602731,0.0010469373868268778,-0.08602731
2822,-0.08987782,-0.05916088564188647,-0.08987782
2823,-0.08531872,-0.10735332625298125,-0.08531872
2824,-0.08531872,-0.10735332625298125,-0.08531872
2825,-0.088212185,0.011992121967759872,-0.088212185
2826,-0.088212185,0.024899977720426437,-0.088212185
2827,-0.07034086,0.0004344812162311994,-0.07034086
2828,-0.07034907,0.0669196479440597,-0.07034907
2829,0.024533657,0.1855277490707087,0.024533657
2830,-0.10980476,0.2780410341975887,-0.10980476
2831,-0.10980476,-0.28063137350354683,-0.10980476
2832,-0.1735907,0.24409808664595506,-0.1735907
2833,-0.0333786,-0.10422885624898487,-0.0333786
2834,-0.10144778,-0.04405518572211746,-0.10144778
2835,-0.107062794,0.10569061112144962,-0.107062794
2836,-0.10981965,0.09858231965804523,-0.10981965
2837,-0.10981965,0.13690400048087653,-0.10981965
2838,0.062882215,0.04097519708378892,0.062882215
2839,-0.10982218,0.43491513745904675,-0.10982218
2840,-0.10982218,0.43491513745904675,-0.10982218
2841,-0.10981913,0.3477666731410174,-0.10981913
2842,0.024578514,0.04316492243629426,0.024578514
2843,0.024578514,0.04316492243629426,0.024578514
2844,0.035104237,-0.0017409650985992322,0.035104237
2845,0.025431765,0.01589278837615917,0.025431765
2846,0.024513016,0.011662753478224605,0.024513016
2847,-0.010553789,-0.009608194274065979,-0.010553789
2848,-0.0008803606,0.048371321041890986,-0.0008803606
2849,-0.010553789,0.03358530427739656,-0.010553789
2850,-0.011407149,0.020140354295633753,-0.011407149
2851,-0.10908488,0.1503292072230304,-0.10908488
2852,-0.10982439,0.0687274716670988,-0.10982439
2853,-0.10982213,0.2527010825688332,-0.10982213
2854,-0.12240856,-0.23157895654350635,-0.12240856
2855,-0.011407149,-0.03882395445850407,-0.011407149
2856,-0.0008803606,0.17623330343609506,-0.0008803606
2857,0.024578514,-0.24318888409680822,0.024578514
2858,0.035104237,0.13284899993638016,0.035104237
2859,-0.033269025,-0.08904367851327441,-0.033269025
2860,-0.033269025,-0.05082380822459256,-0.033269025
2861,-0.032803673,0.04239497169210977,-0.032803673
2862,-0.032803673,0.04239497169210977,-0.032803673
2863,-0.032803673,0.08414538014346888,-0.032803673
2864,-0.032803673,0.08414538014346888,-0.032803673
2865,-0.032803673,0.08414538014346888,-0.032803673
2866,-0.08989321,-0.010690683423184393,-0.08989321
2867,-0.107030086,0.061446361703352784,-0.107030086
2868,-0.107030086,-0.03318161513729973,-0.107030086
2869,-0.09311531,-0.016962377840916507,-0.09311531
2870,-0.09311531,-0.11791664079837849,-0.09311531
2871,-0.09311531,-0.016962377840916507,-0.09311531
2872,-0.010396204,0.016691499983928913,-0.010396204
2873,-0.010396204,0.016691499983928913,-0.010396204
2874,-0.010396204,0.016691499983928913,-0.010396204
2875,-0.010396204,0.016691499983928913,-0.010396204
2876,-0.107038766,-0.10666963795969048,-0.107038766
2877,-0.010396204,-0.0023330732478948233,-0.010396204
2878,-0.09308243,-0.04880392333577054,-0.09308243
2879,-0.09308243,-0.04522477059615901,-0.09308243
2880,-0.09308243,-0.04880392333577054,-0.09308243
2881,-0.107038766,-0.04518346950047461,-0.107038766
2882,-0.09085839,-0.017836962518608897,-0.09085839
2883,-0.09085839,-0.017836962518608897,-0.09085839
2884,-0.09085839,-0.021677851428845013,-0.09085839
2885,-0.007612882,-0.05939990840163317,-0.007612882
2886,-0.026738005,0.04006516268783407,-0.026738005
2887,-0.10975987,-0.036252172803522234,-0.10975987
2888,-0.10975987,-0.32304294118975097,-0.10975987
2889,-0.10975987,-0.03243634782130228,-0.10975987
2890,-0.10979107,0.1115069077617782,-0.10979107
2891,-0.12512214,-0.32836291968201575,-0.12512214
2892,-0.1114392,-0.13475808368224373,-0.1114392
2893,-0.10975987,0.46614229820643055,-0.10975987
2894,-0.10975987,0.46614229820643055,-0.10975987
2895,-0.10979107,0.357560000262618,-0.10979107
2896,-0.10979107,0.357560000262618,-0.10979107
2897,-0.10979107,0.10223026645310217,-0.10979107
2898,-0.11144134,0.16604846643982443,-0.11144134
2899,-0.1098253,0.3144202015133573,-0.1098253
2900,-0.1098253,0.38060548635766495,-0.1098253
2901,-0.099229075,-0.005844228269316717,-0.099229075
2902,0.06147208,0.02337144587428006,0.06147208
2903,0.06147208,0.02337144587428006,0.06147208
2904,-0.109725125,0.23043425319234287,-0.109725125
2905,-0.10890625,0.17976295471092055,-0.10890625
2906,-0.10890625,0.06828821428234588,-0.10890625
2907,0.061406914,0.03984863401210936,0.061406914
2908,-0.033333723,-0.02739583908935745,-0.033333723
2909,-0.17354582,0.24064334173549878,-0.17354582
2910,-0.17354582,0.5152713038504341,-0.17354582
2911,-0.16302726,0.43628700697929995,-0.16302726
2912,-0.17269237,0.19487403473465734,-0.17269237
2913,-0.10694311,-0.06821400005172047,-0.10694311
2914,-0.17354582,0.5152713038504341,-0.17354582
2915,-0.16302726,0.43628700697929995,-0.16302726
2916,-0.032480046,-0.0949824078374961,-0.032480046
2917,-0.032480046,-0.017107068470843503,-0.032480046
2918,-0.026737249,0.0898114095010484,-0.026737249
2919,0.010080073,-0.15317594472473414,0.010080073
2920,-0.030892855,-0.05904763690974406,-0.030892855
2921,-0.03088768,0.003359471958246802,-0.03088768
2922,-0.030890439,-0.25799006345127734,-0.030890439
2923,-0.030822847,-0.05695838780511598,-0.030822847
2924,-0.030888114,-0.015592506512221285,-0.030888114
2925,-0.030827047,-0.15888555021957818,-0.030827047
2926,-0.030156123,-0.03654189737572932,-0.030156123
2927,-0.010399806,-0.011486717009444494,-0.010399806
2928,-0.010399806,-0.011486717009444494,-0.010399806
2929,-0.010399806,-0.011486717009444494,-0.010399806
2930,-0.010399806,-0.011486717009444494,-0.010399806
2931,-0.010399806,-0.011486717009444494,-0.010399806
2932,-0.010399806,0.15481213532968868,-0.010399806
2933,-0.010399806,0.15481213532968868,-0.010399806
2934,-0.010399806,0.15481213532968868,-0.010399806
2935,-0.010399806,0.15481213532968868,-0.010399806
2936,0.0001316457,0.04925337087883693,0.0001316457
2937,0.0001316457,0.04925337087883693,0.0001316457
2938,0.0001316457,0.04925337087883693,0.0001316457
2939,0.0001316457,0.15756278254967954,0.0001316457
2940,-0.009546156,0.03769615959392776,-0.009546156
2941,-0.010439087,0.16393864102162334,-0.010439087
2942,-0.089775406,-0.03573202628503091,-0.089775406
2943,-0.089775406,-0.06759362221866298,-0.089775406
2944,-0.08819122,-0.03406903752462741,-0.08819122
2945,-0.035249438,0.0810702400272147,-0.035249438
2946,-0.041820116,0.07736551901132553,-0.041820116
2947,-0.107048035,-0.1253789542333312,-0.107048035
2948,-0.101489015,-0.0003645409783718962,-0.101489015
2949,-0.109716736,-0.24014700863931057,-0.109716736
2950,-0.109716736,-0.3736082168032201,-0.109716736
2951,-0.109716736,-0.24014700863931057,-0.109716736
2952,-0.109716736,-0.3726510476285068,-0.109716736
2953,-0.109716736,-0.24014700863931057,-0.109716736
2954,-0.109716736,-0.3736082168032201,-0.109716736
2955,-0.109716736,-0.24014700863931057,-0.109716736
2956,-0.109716736,-0.24014700863931057,-0.109716736
2957,-0.109716736,-0.24014700863931057,-0.109716736
2958,-0.109716736,-0.24014700863931057,-0.109716736
2959,-0.109716736,-0.24014700863931057,-0.109716736
2960,-0.109716736,-0.3736082168032201,-0.109716736
2961,-0.109716736,-0.24014700863931057,-0.109716736
2962,-0.109716736,-0.24014700863931057,-0.109716736
2963,-0.109716736,-0.3736082168032201,-0.109716736
2964,-0.109716736,-0.24014700863931057,-0.109716736
2965,-0.109716736,-0.24014700863931057,-0.109716736
2966,-0.109716736,-0.24014700863931057,-0.109716736
2967,-0.109716736,-0.24014700863931057,-0.109716736
2968,-0.109716736,0.1404415310576394,-0.109716736
2969,-0.109716736,0.1404415310576394,-0.109716736
2970,-0.10972389,-0.28500649219204893,-0.10972389
2971,-0.10972389,-0.28500649219204893,-0.10972389
2972,-0.10972389,-0.28500649219204893,-0.10972389
2973,-0.10972389,-0.28500649219204893,-0.10972389
2974,-0.10972389,-0.28500649219204893,-0.10972389
2975,-0.10972389,-0.28500649219204893,-0.10972389
2976,-0.10972389,-0.28500649219204893,-0.10972389
2977,-0.111411855,0.03400063645960298,-0.111411855
2978,-0.111411855,-0.11209464335496219,-0.111411855
2979,-0.10978921,0.07470365178210275,-0.10978921
2980,0.061474103,0.1970969070477654,0.061474103
2981,-0.111411855,0.14644193451075388,-0.111411855
2982,-0.07028897,0.03358754748633101,-0.07028897
2983,-0.109772965,-0.2851808849412808,-0.109772965
2984,-0.109772965,0.3158805853336788,-0.109772965
2985,-0.10979462,-0.2753194581721514,-0.10979462
2986,-0.10979462,0.41174342646096734,-0.10979462
2987,-0.03208112,0.05547394201363076,-0.03208112
2988,-0.03208112,0.05547394201363076,-0.03208112
2989,-0.03208112,0.005556264578459148,-0.03208112
2990,-0.12501545,-0.39835288003251373,-0.12501545
2991,-0.12501545,-0.39835288003251373,-0.12501545
2992,-0.12501545,-0.37531003144371,-0.12501545
2993,-0.12501921,-0.34804846207308987,-0.12501921
2994,-0.12501921,-0.34804846207308987,-0.12501921
2995,-0.12501924,-0.07642775028181512,-0.12501924
2996,-0.12501924,-0.07642775028181512,-0.12501924
2997,-0.12494907,-0.332025775474843,-0.12494907
2998,-0.12494907,-0.31769519944303315,-0.12494907
2999,-0.12494907,0.5665114309643916,-0.12494907
3000,-0.12494907,0.19284413245750834,-0.12494907
3001,-0.12508465,0.0012698117920631076,-0.12508465
3002,-0.12501913,0.35269005396470665,-0.12501913
3003,-0.11454948,0.08157903991436366,-0.11454948
3004,0.024537284,0.2060565430100639,0.024537284
3005,-0.0067808763,0.06321569954025463,-0.0067808763
3006,-0.011104214,-0.10860557941582291,-0.011104214
3007,-0.01144838,0.08048461833974388,-0.01144838
3008,-0.01144838,0.02345654694378953,-0.01144838
3009,-0.0104154,0.15619342101530476,-0.0104154
3010,-0.10626571,0.06134396201339559,-0.10626571
3011,-0.09175264,-0.002954990143233511,-0.09175264
3012,-0.0914086,-0.022516778286999814,-0.0914086
3013,-0.08708728,0.0015235665411503351,-0.08708728
3014,-0.0914086,-0.07515951304127125,-0.0914086
3015,-0.09277962,-0.030240119634401545,-0.09277962
3016,-0.09313637,-0.1361299263714997,-0.09313637
3017,-0.09313637,-0.09172362972936715,-0.09313637
3018,-0.109739535,0.3898031266938046,-0.109739535
3019,-0.11835595,-0.1346522196491367,-0.11835595
3020,0.011035864,0.10260965928617673,0.011035864
3021,0.011035864,0.036626519776395146,0.011035864
3022,-0.12501743,-0.10332963034968846,-0.12501743
3023,-0.08724944,-0.06921877177885848,-0.08724944
3024,-0.030891629,-0.07417241492728387,-0.030891629
3025,-0.030836873,-0.006186129584667883,-0.030836873
3026,-0.030866047,-0.03825883855275821,-0.030866047
3027,-0.030132964,-0.0369045661525293,-0.030132964
3028,-0.030841459,-0.06501311106032949,-0.030841459
3029,-0.119641244,0.32391365901051133,-0.119641244
3030,-0.119641244,-0.01044539506241572,-0.119641244
3031,-0.10333301,0.01824573437331146,-0.10333301
3032,-0.10982644,0.5282623674365113,-0.10982644
3033,-0.10982644,0.38309853679772343,-0.10982644
3034,-0.10980113,-0.06018459320409665,-0.10980113
3035,-0.109456845,0.02244624105015541,-0.109456845
3036,-0.10513191,-0.15754948771039623,-0.10513191
3037,-0.11148046,0.008261740377629721,-0.11148046
3038,-0.11148046,0.008261740377629721,-0.11148046
3039,-0.10513191,-0.06579184583305109,-0.10513191
3040,-0.1068111,-0.05461331083462012,-0.1068111
3041,-0.16892257,-0.011676130900899223,-0.16892257
3042,-0.033374973,0.04773299267447019,-0.033374973
3043,-0.033374973,-0.054400167640478246,-0.033374973
3044,-0.16892257,-0.011676130900899223,-0.16892257
3045,-0.17361255,0.26828072577815576,-0.17361255
3046,0.010058816,-0.210610411102928,0.010058816
3047,0.010080047,0.07996491008828789,0.010080047
3048,-0.09368334,-0.05478562922979823,-0.09368334
3049,-0.059687793,-0.00032589168727447716,-0.059687793
3050,-0.059687793,-0.03014964139616233,-0.059687793
3051,-0.059687793,-0.03014964139616233,-0.059687793
3052,-0.080428034,0.02435117204130386,-0.080428034
3053,-0.106908195,-0.06070547351446415,-0.106908195
3054,-0.106908195,-0.06070547351446415,-0.106908195
3055,-0.106908195,-0.06070547351446415,-0.106908195
3056,-0.106908195,-0.06070547351446415,-0.106908195
3057,-0.106908195,-0.06070547351446415,-0.106908195
3058,-0.106908195,-0.06070547351446415,-0.106908195
3059,-0.106908195,-0.06070547351446415,-0.106908195
3060,-0.106908195,-0.06070547351446415,-0.106908195
3061,-0.106908195,-0.06070547351446415,-0.106908195
3062,-0.106908195,-0.06070547351446415,-0.106908195
3063,-0.0075730756,-0.06596874691995516,-0.0075730756
3064,-0.009388282,0.04756741148669689,-0.009388282
3065,-0.009388282,0.014606211874740142,-0.009388282
3066,-0.106908195,0.04849522808641995,-0.106908195
3067,-0.106908195,0.04849522808641995,-0.106908195
3068,-0.1050934,-0.07451989275266975,-0.1050934
3069,-0.1050934,-0.07451989275266975,-0.1050934
3070,-0.1050934,-0.07451989275266975,-0.1050934
3071,-0.1050934,-0.07451989275266975,-0.1050934
3072,-0.1050934,-0.004672994700617845,-0.1050934
3073,-0.010456246,-0.062068479124777885,-0.010456246
3074,-0.010456246,-0.062068479124777885,-0.010456246
3075,-0.010456246,-0.062068479124777885,-0.010456246
3076,-0.010456246,-0.062068479124777885,-0.010456246
3077,-0.010456246,0.1319049063979919,-0.010456246
3078,-0.010456246,0.1319049063979919,-0.010456246
3079,-0.010456246,0.1319049063979919,-0.010456246
3080,-0.010456246,0.1319049063979919,-0.010456246
3081,-0.010456246,0.1319049063979919,-0.010456246
3082,-0.010456246,0.1319049063979919,-0.010456246
3083,-0.010441058,0.16115392114750768,-0.010441058
3084,-0.010441058,0.16115392114750768,-0.010441058
3085,-0.010441058,0.16115392114750768,-0.010441058
3086,-0.010441058,0.0529426270685366,-0.010441058
3087,-0.010441058,0.0529426270685366,-0.010441058
3088,-0.010441058,0.0529426270685366,-0.010441058
3089,-0.010441058,0.0529426270685366,-0.010441058
3090,-0.050464027,0.047550262046730345,-0.050464027
3091,-0.0104426555,0.12714289036942233,-0.0104426555
3092,-0.01046649,0.1652919570388962,-0.01046649
3093,-0.07038573,0.005166134158547936,-0.07038573
3094,-0.109747924,-0.021804872423289094,-0.109747924
3095,-0.109747924,0.3573088052091521,-0.109747924
3096,-0.12511648,-0.23412575158394205,-0.12511648
3097,-0.12495831,-0.07583636747868686,-0.12495831
3098,0.010200224,-0.18828771623654766,0.010200224
3099,0.010200224,-0.18828771623654766,0.010200224
3100,-0.089740396,-0.02498879954779408,-0.089740396
3101,-0.089740396,-0.02498879954779408,-0.089740396
3102,-0.089740396,-0.02498879954779408,-0.089740396
3103,-0.089740396,-0.02498879954779408,-0.089740396
3104,-0.089740396,-0.02498879954779408,-0.089740396
3105,-0.08989559,-0.0865106259915525,-0.08989559
3106,-0.07025397,-0.02889566761353267,-0.07025397
3107,-0.07025397,-0.02889566761353267,-0.07025397
3108,-0.068436995,-0.01053192625045937,-0.068436995
3109,-0.07025397,-0.02889566761353267,-0.07025397
3110,-0.026049957,0.05381311568472389,-0.026049957
3111,-0.025998212,0.040233357713889854,-0.025998212
3112,-0.08807845,-0.07400924531289926,-0.08807845
3113,-0.07478443,-0.04558213697354101,-0.07478443
3114,-0.10555882,-0.09650489057432103,-0.10555882
3115,-0.08729591,-0.009771278652130585,-0.08729591
3116,-0.107000604,-0.1598276678946665,-0.107000604
3117,-0.10705722,-0.11322051072366127,-0.10705722
3118,-0.07035144,0.05855074589187429,-0.07035144
3119,-0.10963137,-0.2369869072692049,-0.10963137
3120,0.02452295,0.11095175875314071,0.02452295
3121,-0.032668862,-0.06363651797250736,-0.032668862
3122,-0.032668862,-0.06363651797250736,-0.032668862
3123,-0.032668862,0.08743699122958222,-0.032668862
3124,-0.073128685,0.015467391409739337,-0.073128685
3125,-0.073128685,-0.003377919671826602,-0.073128685
3126,-0.073128685,0.0719733881703661,-0.073128685
3127,-0.005872068,-0.06126222757645158,-0.005872068
3128,-0.08761775,0.03104688423663903,-0.08761775
3129,-0.006744933,0.0032031578591208212,-0.006744933
3130,-0.10706271,0.0778236480335623,-0.10706271
3131,-0.10706271,0.0778236480335623,-0.10706271
3132,-0.10706271,0.0778236480335623,-0.10706271
3133,-0.10706271,-0.1255560415886436,-0.10706271
3134,-0.10706271,-0.1255560415886436,-0.10706271
3135,-0.12485976,-0.042521033582460975,-0.12485976
3136,-0.12240576,-0.11150264942079191,-0.12240576
3137,-0.1223426,-0.22826915211656032,-0.1223426
3138,-0.12240362,0.08962035497979914,-0.12240362
3139,0.025315683,0.07069074601531444,0.025315683
3140,0.02464461,0.08938974761839394,0.02464461
3141,0.024581004,0.03417399492742071,0.024581004
3142,0.02464461,0.09572185203091989,0.02464461
3143,0.031486645,0.008107706450303278,0.031486645
3144,-0.10703004,0.06950094333209733,-0.10703004
3145,-0.091740884,0.03253437903723438,-0.091740884
3146,-0.091740884,-0.08311982225849637,-0.091740884
3147,-0.09036906,-0.03799122254032155,-0.09036906
3148,-0.09036906,-0.03799122254032155,-0.09036906
3149,-0.10705505,-0.05448190197804124,-0.10705505
3150,-0.0068287323,-0.0019767763514540616,-0.0068287323
3151,-0.07041164,0.026630342716600707,-0.07041164
3152,-0.091653906,-0.05389924816731578,-0.091653906
3153,-0.091653906,-0.1293586728692751,-0.091653906
3154,-0.09308594,-0.01839907035227136,-0.09308594
3155,-0.111441284,0.1252360031636563,-0.111441284
3156,-0.10978619,0.4027096268791557,-0.10978619
3157,-0.03226698,0.06495661936891993,-0.03226698
3158,-0.03226698,0.011693689766255781,-0.03226698
3159,-0.022209939,0.13322005572828519,-0.022209939
3160,-0.022209939,0.13322005572828519,-0.022209939
3161,-0.03274129,0.09459737235895198,-0.03274129
3162,-0.03274129,0.09459737235895198,-0.03274129
3163,-0.03274129,0.029500556467256234,-0.03274129
3164,-0.022209939,-0.017100014023226147,-0.022209939
3165,-0.08823306,-0.10489338045164419,-0.08823306
3166,-0.0889769,-0.04348629501954675,-0.0889769
3167,-0.089830816,0.021319578547993108,-0.089830816
3168,-0.089830816,-0.07211306301440287,-0.089830816
3169,-0.030890306,-0.047117254819413396,-0.030890306
3170,-0.030761106,-0.18874025203433586,-0.030761106
3171,-0.17348829,0.543696608758662,-0.17348829
3172,-0.08315321,0.060407115426054744,-0.08315321
3173,-0.106999114,0.028973430708331666,-0.106999114
3174,-0.106999114,-0.0347392188113818,-0.106999114
3175,-0.096413605,-0.020633032257514655,-0.096413605
3176,-0.10607776,0.02758231725182527,-0.10607776
3177,-0.10522732,-0.015641700971000934,-0.10522732
3178,-0.10522732,-0.015641700971000934,-0.10522732
3179,-0.10964641,-0.0648200916101773,-0.10964641
3180,-0.10972383,-0.4257547340012421,-0.10972383
3181,-0.1097167,-0.28624454875433636,-0.1097167
3182,-0.1097167,0.08686810505806832,-0.1097167
3183,-0.1097167,-0.27944869537995415,-0.1097167
3184,-0.1097167,-0.27944869537995415,-0.1097167
3185,-0.1097167,-0.27944869537995415,-0.1097167
3186,-0.1097167,-0.27944869537995415,-0.1097167
3187,-0.1097167,-0.27944869537995415,-0.1097167
3188,-0.1097167,-0.27944869537995415,-0.1097167
3189,-0.1097167,-0.27944869537995415,-0.1097167
3190,-0.1097167,-0.27944869537995415,-0.1097167
3191,-0.1097167,-0.27944869537995415,-0.1097167
3192,-0.1097167,-0.27944869537995415,-0.1097167
3193,-0.1097167,-0.27944869537995415,-0.1097167
3194,-0.10971659,-0.22419867617552092,-0.10971659
3195,-0.10971659,-0.07146217218787361,-0.10971659
3196,-0.10971659,-0.07146217218787361,-0.10971659
3197,-0.10971659,-0.07146217218787361,-0.10971659
3198,-0.10972386,-0.4413464246879775,-0.10972386
3199,-0.10972386,-0.4413464246879775,-0.10972386
3200,-0.1097167,0.17275434261866393,-0.1097167
3201,-0.1097167,0.17275434261866393,-0.1097167
3202,-0.11454764,-0.20826066868145143,-0.11454764
3203,-0.124840274,-0.22956123595188938,-0.124840274
3204,-0.109711856,-0.11224352677565287,-0.109711856
3205,-0.121681295,-0.22279448790072948,-0.121681295
3206,0.025307948,-0.08520683227089186,0.025307948
3207,0.024579817,-0.07365035761059609,0.024579817
3208,0.02460486,0.03699250259960322,0.02460486
3209,0.02460486,0.048855778421059703,0.02460486
3210,0.025307948,0.05597749104953774,0.025307948
3211,0.01010984,-0.15630747977797577,0.01010984
3212,0.01010984,-0.15630747977797577,0.01010984
3213,0.01010984,-0.15630747977797577,0.01010984
3214,0.01010984,-0.15630747977797577,0.01010984
3215,0.01010984,0.06837992721467352,0.01010984
3216,0.01010984,0.06837992721467352,0.01010984
3217,-0.1250153,-0.38207055404192647,-0.1250153
3218,0.02063657,0.12953230252449385,0.02063657
3219,-0.12501542,0.12113521260173794,-0.12501542
3220,0.01010984,0.08332977015318419,0.01010984
3221,0.011030893,0.10652799637873288,0.011030893
3222,0.02063657,0.00813703286007848,0.02063657
3223,0.020704007,-0.019609806289510257,0.020704007
3224,0.020704007,-0.04185565689154648,0.020704007
3225,-0.12494893,-0.044918641134787204,-0.12494893
3226,-0.12501542,0.06628316405397844,-0.12501542
3227,-0.12501918,-0.36744441035670994,-0.12501918
3228,-0.030891191,-0.13280499918462038,-0.030891191
3229,-0.03082576,-0.1498289080876082,-0.03082576
3230,-0.06942274,0.0009684176752622639,-0.06942274
3231,-0.04175773,0.035381126930454705,-0.04175773
3232,-0.10135537,-0.1435537110727821,-0.10135537
3233,-0.09927825,0.06998200048560073,-0.09927825
3234,-0.109649524,-0.27892185767436106,-0.109649524
3235,-0.109649524,-0.22722162876391946,-0.109649524
3236,-0.109649524,-0.27892185767436106,-0.109649524
3237,-0.109649524,-0.22722162876391946,-0.109649524
3238,-0.109649524,-0.22722162876391946,-0.109649524
3239,-0.109649524,-0.2637499059491865,-0.109649524
3240,-0.109649524,-0.2637499059491865,-0.109649524
3241,-0.109649524,-0.2263790643603023,-0.109649524
3242,-0.109649524,-0.2263790643603023,-0.109649524
3243,-0.109649524,-0.2263790643603023,-0.109649524
3244,-0.109649524,-0.2637499059491865,-0.109649524
3245,-0.109649524,-0.2637499059491865,-0.109649524
3246,-0.109649524,-0.2263790643603023,-0.109649524
3247,-0.109649524,-0.2263790643603023,-0.109649524
3248,-0.109649524,-0.2263790643603023,-0.109649524
3249,-0.109649524,-0.2637499059491865,-0.109649524
3250,-0.109649524,0.5179170984294877,-0.109649524
3251,-0.109649524,0.18373488777763283,-0.109649524
3252,-0.109649524,0.4955220090553896,-0.109649524
3253,-0.109649524,0.18373488777763283,-0.109649524
3254,-0.109649524,0.18373488777763283,-0.109649524
3255,-0.109649524,0.18373488777763283,-0.109649524
3256,-0.10880236,-0.16683102576063683,-0.10880236
3257,-0.10880236,-0.16598846135701964,-0.10880236
3258,-0.10880236,-0.16598846135701964,-0.10880236
3259,-0.10880236,-0.16598846135701964,-0.10880236
3260,-0.10880236,-0.16598846135701964,-0.10880236
3261,-0.10880236,-0.16598846135701964,-0.10880236
3262,-0.10880236,-0.16598846135701964,-0.10880236
3263,-0.10880236,-0.16598846135701964,-0.10880236
3264,-0.10880236,0.07128481798831181,-0.10880236
3265,-0.09918462,0.13770252665002453,-0.09918462
3266,-0.109739505,-0.09027607140815729,-0.109739505
3267,-0.109739505,0.4278332631052442,-0.109739505
3268,-0.10973222,-0.17969585340410849,-0.10973222
3269,-0.10973222,0.25154241777184905,-0.10973222
3270,0.020645024,0.01815620338332889,0.020645024
3271,0.020645024,0.01815620338332889,0.020645024
3272,0.020645024,0.01815620338332889,0.020645024
3273,0.020645024,0.01815620338332889,0.020645024
3274,0.020645024,0.01815620338332889,0.020645024
3275,-0.124038585,-0.00945324205079607,-0.124038585
3276,0.020645024,-0.07435458193146417,0.020645024
3277,0.020645024,0.0206850626399373,0.020645024
3278,0.020645024,-0.07435458193146417,0.020645024
3279,0.020645024,-0.07435458193146417,0.020645024
3280,-0.124097705,-0.13785802283700702,-0.124097705
3281,-0.124097675,-0.11562505698546459,-0.124097675
3282,-0.124097675,-0.11562505698546459,-0.124097675
3283,0.020706028,0.07858691112118758,0.020706028
3284,-0.12494824,-0.02790636250603316,-0.12494824
3285,0.020644963,-0.020774857729794722,0.020644963
3286,-0.11454768,-0.2479373090702795,-0.11454768
3287,-0.11448,-0.2689054118229445,-0.11448
3288,-0.11448,-0.32602594967161735,-0.11448
3289,0.024670972,0.02335829933475154,0.024670972
3290,0.026486004,0.11476571026464298,0.026486004
3291,-0.009499454,0.025049379075885267,-0.009499454
3292,-0.119636364,0.000993556594611058,-0.119636364
3293,-0.10982382,-0.06274825493934164,-0.10982382
3294,-0.10982382,0.11532664005852931,-0.10982382
3295,-0.032782543,-0.07711305528162687,-0.032782543
3296,-0.08987207,-0.020963689794294662,-0.08987207
3297,-0.09161899,0.03265432467486443,-0.09161899
3298,-0.09299001,-0.040359910158544905,-0.09299001
3299,-0.09367847,0.023219758018795448,-0.09367847
3300,-0.05962186,0.06681449253352184,-0.05962186
3301,-0.05962186,0.06681449253352184,-0.05962186
3302,-0.05968292,0.038978716368236244,-0.05968292
3303,-0.058951214,0.008605739663820323,-0.058951214
3304,-0.05968767,-0.024844028774385178,-0.05968767
3305,-0.058951214,-0.012784947868696012,-0.058951214
3306,-0.05968292,0.007641631862309374,-0.05968292
3307,-0.059685297,-0.007707974280028821,-0.059685297
3308,-0.007244617,0.06944897117918722,-0.007244617
3309,-0.007588903,-0.015318386812623213,-0.007588903
3310,-0.10966517,-0.24390615720396683,-0.10966517
3311,-0.10953078,-0.01604327020011849,-0.10953078
3312,-0.10966738,0.03721194286738208,-0.10966738
3313,-0.10966738,0.32023726521779444,-0.10966738
3314,-0.10966738,0.32023726521779444,-0.10966738
3315,-0.10966738,-0.04833283138165862,-0.10966738
3316,-0.10966738,-0.11240306697053162,-0.10966738
3317,-0.10982115,0.12654435008544515,-0.10982115
3318,-0.10982115,0.12654435008544515,-0.10982115
3319,-0.107851505,0.027334198838442042,-0.107851505
3320,-0.107851505,-0.006331974765172056,-0.107851505
3321,-0.107851505,-0.01742613536099899,-0.107851505
3322,-0.107851505,0.15776660555025804,-0.107851505
3323,-0.107851505,0.1515302247878838,-0.107851505
3324,-0.10966277,0.3123846852200973,-0.10966277
3325,-0.03324122,0.026292644752215225,-0.03324122
3326,-0.17345336,0.19646158774142986,-0.17345336
3327,-0.17163941,0.32365818004642044,-0.17163941
3328,-0.03339637,0.08519822650770989,-0.03339637
3329,-0.031425238,0.09898757588621977,-0.031425238
3330,-0.112945385,-0.07740196034726622,-0.112945385
3331,-0.030892305,-0.010062723849792489,-0.030892305
3332,-0.010307307,0.017692039749628904,-0.010307307
3333,-0.06948183,0.007821876215227685,-0.06948183
3334,-0.016250538,-0.05865518973919038,-0.016250538
3335,-0.07471857,-0.031063439198239874,-0.07471857
3336,-0.07478001,-0.03985916760147176,-0.07478001
3337,-0.10706017,-0.13184182350899756,-0.10706017
3338,-0.10706017,-0.130247332714814,-0.10706017
3339,-0.10706017,-0.130247332714814,-0.10706017
3340,-0.10706017,-0.130247332714814,-0.10706017
3341,-0.10706017,-0.130247332714814,-0.10706017
3342,-0.10706017,-0.008188188350893586,-0.10706017
3343,-0.1069171,-0.05925983520107186,-0.1069171
3344,-0.1069171,-0.06116125948715692,-0.1069171
3345,-0.1070647,0.007617112021784472,-0.1070647
3346,-0.009540305,-0.01992613115441928,-0.009540305
3347,-0.1040059,-0.028937158292022855,-0.1040059
3348,-0.05963626,0.007700587695074546,-0.05963626
3349,-0.05963626,-0.01642273363371989,-0.05963626
3350,-0.059661407,0.035838006742393035,-0.059661407
3351,-0.029933749,0.0710288756531821,-0.029933749
3352,-0.08655836,0.040752790492533955,-0.08655836
3353,-0.08722993,0.003813685533673757,-0.08722993
3354,-0.010404692,0.018322893426396397,-0.010404692
3355,-0.08989252,-0.09229746618127106,-0.08989252
3356,-0.08989252,0.048142223605509744,-0.08989252
3357,-0.08989252,-0.09229746618127106,-0.08989252
3358,-0.08989252,-0.09229746618127106,-0.08989252
3359,-0.08989703,-0.056642617144312846,-0.08989703
3360,-0.08990006,-0.10293332450322383,-0.08990006
3361,-0.08974934,-0.08532227345419552,-0.08974934
3362,-0.12509575,-0.09087922679203023,-0.12509575
3363,-0.12509575,-0.09087922679203023,-0.12509575
3364,-0.089888915,-0.05290276128345614,-0.089888915
3365,-0.089888915,-0.05290276128345614,-0.089888915
3366,-0.089888915,-0.05290276128345614,-0.089888915
3367,-0.089503296,-0.13555213845722222,-0.089503296
3368,-0.089503296,-0.13555213845722222,-0.089503296
3369,-0.089888915,0.02230278168733144,-0.089888915
3370,-0.07040609,0.05771487538728425,-0.07040609
3371,-0.07312381,-0.043995699101890356,-0.07312381
3372,-0.09314452,-0.04659663989643702,-0.09314452
3373,-0.09314452,0.031323579129443405,-0.09314452
3374,-0.10706288,0.040121596080157806,-0.10706288
3375,-0.07001687,-0.05899467538460818,-0.07001687
3376,-0.07001687,0.0037308270730584017,-0.07001687
3377,-0.07001687,-0.05899467538460818,-0.07001687
3378,-0.070376985,0.05855074589187429,-0.070376985
3379,-0.08823052,0.012804799411690328,-0.08823052
3380,-0.025996769,-0.006704586388334493,-0.025996769
3381,-0.07473115,-0.1391625761508638,-0.07473115
3382,-0.07405829,-0.04615485881276171,-0.07405829
3383,0.024524076,0.16543292421550157,0.024524076
3384,-0.109822005,0.4520735690502986,-0.109822005
3385,-0.12240294,-0.216977917973109,-0.12240294
3386,-0.033395845,-0.07128660725200425,-0.033395845
3387,-0.08822329,-0.0803907686939116,-0.08822329
3388,-0.08724436,0.10129806974913477,-0.08724436
3389,-0.010464928,0.1346011771045876,-0.010464928
3390,-0.010464928,0.1346011771045876,-0.010464928
3391,-0.10705505,-0.10607329127695508,-0.10705505
3392,-0.092983454,-0.011359367702927907,-0.092983454
3393,-0.107070275,-0.02169310826320376,-0.107070275
3394,-0.10982153,-0.39981401863966315,-0.10982153
3395,-0.109612145,0.21740195669169946,-0.109612145
3396,-0.109790966,0.09471837065623788,-0.109790966
3397,0.06141762,-0.013333069295451331,0.06141762
3398,0.061406914,0.10078052212168621,0.061406914
3399,0.07275237,-0.24482160106392156,0.07275237
3400,-0.0096331835,-0.04898224581634121,-0.0096331835
3401,-0.121487856,-0.28854113154599514,-0.121487856
3402,-0.12146862,0.06457136947688683,-0.12146862
3403,0.03517376,0.12549917695431112,0.03517376
3404,0.025501592,0.08785114643414796,0.025501592
3405,0.02464755,0.030853130239541577,0.02464755
3406,0.024580238,0.08443015191234704,0.024580238
3407,0.024612885,-0.19231611269235538,0.024612885
3408,0.024578514,0.0014093507719625093,0.024578514
3409,0.024580238,0.07619856344766489,0.024580238
3410,-0.08989493,-0.1480150995888978,-0.08989493
3411,-0.08989994,0.013102384874139608,-0.08989994
3412,-0.07307713,0.045434086442968154,-0.07307713
3413,-0.09215958,-0.10578046096368016,-0.09215958
3414,-0.0931136,-0.1051877072478314,-0.0931136
3415,-0.08315314,0.004075196832176919,-0.08315314
3416,-0.08318914,0.04976864590526238,-0.08318914
3417,-0.10952597,-0.07812434537703643,-0.10952597
3418,-0.10952597,-0.07588225937224755,-0.10952597
3419,-0.10971641,0.23621502039424674,-0.10971641
3420,-0.10952597,-0.025946350858290727,-0.10952597
3421,-0.10971641,-0.32696264553801635,-0.10971641
3422,0.061474167,-0.02098170273452039,0.061474167
3423,-0.10971656,-0.13854756120587441,-0.10971656
3424,-0.10971663,-0.3359309805152521,-0.10971663
3425,-0.10964626,0.047549062104820655,-0.10964626
3426,-0.1097238,-0.22694541610842434,-0.1097238
3427,-0.10964637,-0.028963098957815733,-0.10964637
3428,-0.10979106,0.07738587186312054,-0.10979106
3429,-0.10971663,0.36289632425809404,-0.10971663
3430,-0.10971663,0.3104419261812337,-0.10971663
3431,0.08257858,-0.3212636858628069,0.08257858
3432,-0.107985325,0.029541087616891174,-0.107985325
3433,-0.10883637,-0.06560458638897855,-0.10883637
3434,0.061406914,0.08326171321678437,0.061406914
3435,0.061474167,0.03539925224234337,0.061474167
3436,0.080314435,-0.009083874778905024,0.080314435
3437,0.090811625,0.3982383081717884,0.090811625
3438,-0.08460373,0.04271291164442713,-0.08460373
3439,-0.026635844,0.10355525980144878,-0.026635844
3440,-0.12501527,0.003569266095438029,-0.12501527
3441,-0.05953763,-0.10411365353825838,-0.05953763
3442,-0.10705704,-0.045102750698294676,-0.10705704
3443,-0.10705704,-0.045102750698294676,-0.10705704
3444,-0.10705704,-0.045102750698294676,-0.10705704
3445,-0.10705704,-0.045102750698294676,-0.10705704
3446,-0.10705704,-0.045102750698294676,-0.10705704
3447,-0.10705704,-0.045102750698294676,-0.10705704
3448,-0.009537178,0.14322758345196313,-0.009537178
3449,-0.10706342,-0.00688750489643093,-0.10706342
3450,-0.10873429,0.01777092112313297,-0.10873429
3451,-0.11045741,0.07609262234189178,-0.11045741
3452,-0.109649464,-0.12367825459834478,-0.109649464
3453,-0.109649464,-0.2096547585902642,-0.109649464
3454,-0.109649464,-0.2096547585902642,-0.109649464
3455,-0.10964949,0.06273944296048412,-0.10964949
3456,-0.10964949,0.06273944296048412,-0.10964949
3457,-0.10964949,-0.2107364493232775,-0.10964949
3458,-0.10964949,0.06273944296048412,-0.10964949
3459,-0.10964949,0.06273944296048412,-0.10964949
3460,-0.10964949,0.06273944296048412,-0.10964949
3461,-0.10964949,-0.2107364493232775,-0.10964949
3462,-0.10964949,0.06273944296048412,-0.10964949
3463,-0.10964949,0.06273944296048412,-0.10964949
3464,-0.10964949,-0.2107364493232775,-0.10964949
3465,-0.10964949,-0.2107364493232775,-0.10964949
3466,-0.10964949,0.06273944296048412,-0.10964949
3467,-0.10964949,0.06273944296048412,-0.10964949
3468,-0.09917969,-0.02616927897829749,-0.09917969
3469,-0.109649375,0.41981677537936146,-0.109649375
3470,-0.11045741,0.09577066262397739,-0.11045741
3471,-0.10971474,-0.24485943732538043,-0.10971474
3472,-0.10964946,-0.2926310955276783,-0.10964946
3473,-0.11134459,-0.13018944855383044,-0.11134459
3474,-0.10880233,-0.0673597998585319,-0.10880233
3475,-0.099109404,-0.02593751468451323,-0.099109404
3476,0.061563876,0.2269458043088726,0.061563876
3477,-0.0992522,-0.02397561146048742,-0.0992522
3478,-0.10873429,0.10514003339081111,-0.10873429
3479,0.020645026,-0.04327108542432716,0.020645026
3480,0.020645026,0.06400845482470197,0.020645026
3481,0.020645026,0.06400845482470197,0.020645026
3482,0.020706091,0.03881113895972615,0.020706091
3483,0.020706091,0.040906535352767684,0.020706091
3484,0.020706091,0.040906535352767684,0.020706091
3485,0.020645026,0.02102408220438514,0.020645026
3486,0.020645026,0.02102408220438514,0.020645026
3487,0.020706091,0.06984356001524637,0.020706091
3488,0.020706091,-0.0005975502534754087,0.020706091
3489,-0.124027476,-0.18875095243438558,-0.124027476
3490,-0.124027476,-0.08779998733907003,-0.124027476
3491,-0.12402557,-0.3197847109483254,-0.12402557
3492,-0.124878004,-0.08105860963382817,-0.124878004
3493,-0.12487804,-0.4255028517070721,-0.12487804
3494,-0.12494821,-0.22223946930031438,-0.12494821
3495,-0.12494818,-0.4744521765039691,-0.12494818
3496,-0.12409574,-0.3829291361562747,-0.12409574
3497,-0.1249482,-0.5119019507321663,-0.1249482
3498,-0.12487801,-0.10435553793678023,-0.12487801
3499,-0.124878004,0.27245454694285426,-0.124878004
3500,-0.1249482,0.2969977981995787,-0.1249482
3501,-0.1240957,-0.3445018027727018,-0.1240957
3502,-0.114409804,-0.14328664321378318,-0.114409804
3503,-0.1250174,-0.08576526402685984,-0.1250174
3504,-0.124027506,0.018332075201184166,-0.124027506
3505,-0.12314691,-0.01682474194306883,-0.12314691
3506,-0.08988939,-0.05512098110111411,-0.08988939
3507,-0.12203834,-0.08985318044685224,-0.12203834
3508,0.024949893,-0.019472785312582244,0.024949893
3509,0.024605218,0.06956820114927631,0.024605218
3510,0.02457917,-0.29520428414192,0.02457917
3511,0.024591805,0.10904809303253084,0.024591805
3512,-0.07040296,0.015508043293720528,-0.07040296
3513,-0.07040296,0.015508043293720528,-0.07040296
3514,-0.07040296,0.015508043293720528,-0.07040296
3515,-0.07040296,0.002986113121613316,-0.07040296
3516,-0.07040296,0.002986113121613316,-0.07040296
3517,-0.07040296,0.002986113121613316,-0.07040296
3518,-0.07040296,0.015508043293720528,-0.07040296
3519,-0.10198906,0.05465038867641885,-0.10198906
3520,-0.10113534,0.018321526245007033,-0.10113534
3521,-0.077549875,0.07885467141646771,-0.077549875
3522,-0.077549875,0.07885467141646771,-0.077549875
3523,-0.10777296,-0.10643985719766869,-0.10777296
3524,-0.106787436,0.04953582630981777,-0.106787436
3525,-0.106787436,0.04953582630981777,-0.106787436
3526,-0.106787436,0.04953582630981777,-0.106787436
3527,-0.106787436,0.04953582630981777,-0.106787436
3528,-0.10704819,-0.05102966028088309,-0.10704819
3529,-0.10704819,-0.05102966028088309,-0.10704819
3530,-0.10704819,-0.05102966028088309,-0.10704819
3531,-0.10704819,-0.05102966028088309,-0.10704819
3532,-0.10704819,-0.02207015105483844,-0.10704819
3533,-0.10704819,-0.02207015105483844,-0.10704819
3534,-0.10704819,-0.02207015105483844,-0.10704819
3535,-0.10706741,0.13034739086178473,-0.10706741
3536,-0.10706741,0.13034739086178473,-0.10706741
3537,-0.10706741,0.13034739086178473,-0.10706741
3538,-0.009528325,0.015184900631940999,-0.009528325
3539,-0.10706741,-0.051524120620855964,-0.10706741
3540,-0.10706741,-0.051524120620855964,-0.10706741
3541,-0.10706741,-0.051524120620855964,-0.10706741
3542,-0.10705979,-0.029396392840119218,-0.10705979
3543,-0.10705979,-0.029396392840119218,-0.10705979
3544,-0.10705979,-0.029396392840119218,-0.10705979
3545,-0.10705979,-0.10908471077955156,-0.10705979
3546,-0.10705979,-0.10908471077955156,-0.10705979
3547,-0.108728,-0.0957542086131956,-0.108728
3548,-0.108728,-0.04136086245542857,-0.108728
3549,-0.108728,-0.07107876623647735,-0.108728
3550,-0.108728,-0.07107876623647735,-0.108728
3551,-0.108728,-0.07107876623647735,-0.108728
3552,-0.108728,-0.07107876623647735,-0.108728
3553,-0.108728,-0.07107876623647735,-0.108728
3554,-0.08867504,0.06718595860624281,-0.08867504
3555,-0.08867504,0.06718595860624281,-0.08867504
3556,-0.09911025,0.02776984430782399,-0.09911025
3557,-0.09911025,0.02776984430782399,-0.09911025
3558,-0.10787888,-0.042025413472461526,-0.10787888
3559,-0.10795136,0.10528103792503332,-0.10795136
3560,0.021567307,0.04431729410590216,0.021567307
3561,0.021621251,-0.011253770644916936,0.021621251
3562,-0.12409587,-0.11709773155974759,-0.12409587
3563,-0.11957397,0.041910168481768414,-0.11957397
3564,-0.11957397,0.041910168481768414,-0.11957397
3565,-0.11957344,0.0696923223887303,-0.11957344
3566,-0.08822739,-0.07436933973007138,-0.08822739
3567,-0.118720435,0.0678709924937417,-0.118720435
3568,-0.17163931,0.4106515976407982,-0.17163931
3569,-0.17163517,0.04990427081288263,-0.17163517
3570,-0.0665397,0.09951631681607478,-0.0665397
3571,-0.0665397,0.09951631681607478,-0.0665397
3572,-0.08792096,-0.00019546036888237923,-0.08792096
3573,-0.08383907,0.026956204267808568,-0.08383907
3574,-0.10975917,-0.2535733992155515,-0.10975917
3575,-0.12482425,0.10383311713326683,-0.12482425
3576,-0.12510279,-0.35240819114382954,-0.12510279
3577,-0.12510279,0.010094363211238066,-0.12510279
3578,-0.12154237,-0.07435830035195126,-0.12154237
3579,0.010050671,-0.004885766594199915,0.010050671
3580,-0.08989977,0.0045157429336895516,-0.08989977
3581,-0.08989977,0.0045157429336895516,-0.08989977
3582,-0.08988053,-0.035849347902296234,-0.08988053
3583,-0.08988053,-0.035849347902296234,-0.08988053
3584,-0.08988053,-0.035849347902296234,-0.08988053
3585,-0.08988053,-0.035849347902296234,-0.08988053
3586,-0.08988053,-0.035849347902296234,-0.08988053
3587,-0.08961951,-0.009142514058615638,-0.08961951
3588,-0.08961951,-0.009142514058615638,-0.08961951
3589,-0.08961951,-0.009142514058615638,-0.08961951
3590,-0.08961951,-0.02466784968935948,-0.08961951
3591,-0.08961951,-0.026033805691822228,-0.08961951
3592,-0.0898921,-0.09404027129642946,-0.0898921
3593,-0.0898921,-0.09404027129642946,-0.0898921
3594,-0.083087206,-0.11944916222302097,-0.083087206
3595,-0.059620563,0.00942898043212161,-0.059620563
3596,-0.059653375,0.005760098337994846,-0.059653375
3597,-0.07013309,-0.0197658248634196,-0.07013309
3598,-0.07013309,-0.0197658248634196,-0.07013309
3599,-0.07013309,-0.02485531048980308,-0.07013309
3600,-0.07013309,0.03225404167851768,-0.07013309
3601,-0.07013309,0.03225404167851768,-0.07013309
3602,-0.07013309,0.03225404167851768,-0.07013309
3603,-0.0703941,0.047845343125065394,-0.0703941
3604,-0.0703941,0.047845343125065394,-0.0703941
3605,-0.0703941,0.04130793451374831,-0.0703941
3606,-0.0703941,0.04130793451374831,-0.0703941
3607,-0.0703941,0.04130793451374831,-0.0703941
3608,-0.0703941,0.047845343125065394,-0.0703941
3609,0.024518963,-0.018135828096768915,0.024518963
3610,-0.0084115015,-0.09681520482933813,-0.0084115015
3611,-0.011466701,-0.010187266507391794,-0.011466701
3612,-0.108743854,0.22814650520511562,-0.108743854
3613,-0.030733313,0.05261984735674898,-0.030733313
3614,-0.030887151,-0.1839023055540992,-0.030887151
3615,-0.06619946,0.1403388922652658,-0.06619946
3616,-0.06619946,0.008254445611196334,-0.06619946
3617,-0.10705355,0.057192852047546296,-0.10705355
3618,-0.08821853,0.042063916209354776,-0.08821853
3619,-0.08821853,0.0005789727387478132,-0.08821853
3620,-0.107058175,-0.12793028688556632,-0.107058175
3621,-0.107062794,-0.012719135090899508,-0.107062794
3622,-0.107062794,-0.012719135090899508,-0.107062794
3623,-0.109819464,-0.2513842860111749,-0.109819464
3624,-0.07478295,-0.15994672361032036,-0.07478295
3625,-0.0738652,-0.06701393235302756,-0.0738652
3626,-0.07472349,-0.010855049117758265,-0.07472349
3627,-0.119615234,0.10968766773837418,-0.119615234
3628,-0.0333897,0.01866465593320133,-0.0333897
3629,-0.08988404,-0.08259472861929303,-0.08988404
3630,-0.07670939,0.018673615443807568,-0.07670939
3631,-0.087228656,0.005638226884179896,-0.087228656
3632,-0.09365733,-0.02446897634431907,-0.09365733
3633,-0.0596618,-0.0027642000971004306,-0.0596618
3634,-0.10962947,0.010031860205152383,-0.10962947
3635,0.04755763,-0.19841930308913958,0.04755763
3636,0.04755763,-0.19841930308913958,0.04755763
3637,-0.10981883,0.4686448644617345,-0.10981883
3638,-0.10962641,-0.016234891273830165,-0.10962641
3639,0.024524076,0.07764726997476672,0.024524076
3640,0.024760077,-0.07219659056423233,0.024760077
3641,0.024578517,-0.039435255236784844,0.024578517
3642,0.024578517,-0.005268702315315519,0.024578517
3643,0.024578514,-0.038753800613041074,0.024578514
3644,-0.121893406,-0.2709170735872158,-0.121893406
3645,-0.025929607,0.10169134022630125,-0.025929607
3646,-0.025078163,-0.004981313856672981,-0.025078163
3647,-0.10982153,-0.01968517546069195,-0.10982153
3648,-0.03338819,-0.03534525177137135,-0.03338819
3649,-0.12141781,-0.16809409280276494,-0.12141781
3650,-0.022730425,-0.003696818507653181,-0.022730425
3651,-0.07478387,-0.003582122135876958,-0.07478387
3652,-0.07441477,-0.0188757469356835,-0.07441477
3653,-0.07475755,-0.009323124468980792,-0.07475755
3654,-0.089837365,-0.09440134408076091,-0.089837365
3655,-0.016993532,-0.03676213477501187,-0.016993532
3656,-0.10952583,-0.027822096306360622,-0.10952583
3657,-0.10964608,-0.024792562733912928,-0.10964608
3658,-0.11141006,-0.08857008482585248,-0.11141006
3659,-0.109544836,-0.08250945165229338,-0.109544836
3660,-0.108844385,-0.01110594353588432,-0.108844385
3661,-0.109525904,-0.16795360313325924,-0.109525904
3662,-0.10981967,-0.21301308871439753,-0.10981967
3663,0.04687195,0.012167028308338745,0.04687195
3664,0.04687195,0.012167028308338745,0.04687195
3665,-0.10964623,-0.04568526368556023,-0.10964623
3666,-0.12501898,-0.32454264873295163,-0.12501898
3667,-0.109646305,-0.015383644270556994,-0.109646305
3668,-0.011463575,0.00525007443043201,-0.011463575
3669,-0.011463575,0.00525007443043201,-0.011463575
3670,-0.011463575,0.03646617742182489,-0.011463575
3671,-0.011463575,0.03646617742182489,-0.011463575
3672,-0.033373993,-0.029260377546470585,-0.033373993
3673,-0.033373993,-0.062159496756770814,-0.033373993
3674,-0.08039472,0.03685534793989304,-0.08039472
3675,-0.08340108,0.055980753336274156,-0.08340108
3676,-0.08340108,0.055980753336274156,-0.08340108
3677,-0.107055046,-0.14786965130423482,-0.107055046
3678,-0.07310268,-0.05391822333003165,-0.07310268
3679,-0.10706214,0.005126665628939579,-0.10706214
3680,-0.099177696,0.013665348723932588,-0.099177696
3681,-0.10947053,0.019870424327386654,-0.10947053
3682,-0.10957905,-0.09623561534050686,-0.10957905
3683,-0.10957905,-0.1368324533725277,-0.10957905
3684,-0.10957905,-0.1368324533725277,-0.10957905
3685,-0.10873425,0.1468904513740242,-0.10873425
3686,-0.12478517,0.1290025732316591,-0.12478517
3687,-0.12478517,0.1290025732316591,-0.12478517
3688,-0.099109255,0.02358033014995356,-0.099109255
3689,-0.10964943,-0.14095714384563354,-0.10964943
3690,-0.10964943,-0.2872919551489749,-0.10964943
3691,-0.109649345,0.11662314749733284,-0.109649345
3692,-0.109649345,0.07612320006619505,-0.109649345
3693,-0.10880227,-0.009274783574088837,-0.10880227
3694,-0.10795124,-0.06100679755213997,-0.10795124
3695,0.07208383,0.0643278212927105,0.07208383
3696,0.07208383,0.0643278212927105,0.07208383
3697,-0.10971471,0.09028556701449622,-0.10971471
3698,-0.010379427,0.03814662038195338,-0.010379427
3699,-0.10880715,0.15140060708099237,-0.10880715
3700,-0.10957905,0.04198657898625525,-0.10957905
3701,-0.09925217,-0.06756573430115287,-0.09925217
3702,-0.10975503,0.06345470038357554,-0.10975503
3703,-0.099179514,0.0013096626568887464,-0.099179514
3704,-0.10957913,-0.03083300289595764,-0.10957913
3705,-0.09821103,-0.15917114759162534,-0.09821103
3706,0.011067634,0.0634266370859703,0.011067634
3707,-0.109604396,-0.04808546804870237,-0.109604396
3708,-0.12148651,-0.08386442284821521,-0.12148651
3709,-0.12071509,-0.022301548031464353,-0.12071509
3710,0.020706091,0.09870803842017034,0.020706091
3711,0.020706091,-0.008897510453364324,0.020706091
3712,-0.1248779,-0.49361437612187553,-0.1248779
3713,-0.11440974,0.030031025667390774,-0.11440974
3714,-0.12494807,-0.3984950019499922,-0.12494807
3715,-0.109816335,0.36568952681554695,-0.109816335
3716,-0.109816335,-0.347872013425436,-0.109816335
3717,-0.058697112,-0.04524632839098265,-0.058697112
3718,-0.058697112,-0.06117004831667702,-0.058697112
3719,0.039820645,0.011463674939607512,0.039820645
3720,-0.062238492,-0.004591258561043774,-0.062238492
3721,-0.062238492,-0.004591258561043774,-0.062238492
3722,-0.101923086,0.05465038867641885,-0.101923086
3723,-0.10198896,0.08320961455504304,-0.10198896
3724,-0.10113047,0.000524404456862471,-0.10113047
3725,-0.05041182,0.019456818591759815,-0.05041182
3726,-0.092868924,-0.03174416265704285,-0.092868924
3727,-0.09175898,-0.022261663984233807,-0.09175898
3728,-0.09175898,-0.0769906391724132,-0.09175898
3729,-0.09149823,0.008970282489985685,-0.09149823
3730,-0.08820098,-0.02158711849012646,-0.08820098
3731,-0.09313961,-0.008754205776881095,-0.09313961
3732,-0.10706254,-0.006089059848645261,-0.10706254
3733,-0.10872793,-0.03906241451087139,-0.10872793
3734,-0.10872793,-0.03906241451087139,-0.10872793
3735,-0.10872793,-0.187250485041132,-0.10872793
3736,-0.108726025,-0.06477149802500981,-0.108726025
3737,-0.11042306,0.06285198084498972,-0.11042306
3738,-0.11042306,0.06285198084498972,-0.11042306
3739,0.07296309,0.0874686110846067,0.07296309
3740,0.07296309,0.0874686110846067,0.07296309
3741,0.07296309,0.005738140398008601,0.07296309
3742,0.07296309,0.005738140398008601,0.07296309
3743,0.07296303,-0.012709746765109185,0.07296303
3744,0.07296303,0.1257171540555979,0.07296303
3745,-0.09820607,-0.024422348697935706,-0.09820607
3746,-0.109647535,-0.09707801070784582,-0.109647535
3747,-0.099110216,-0.07125306704176274,-0.099110216
3748,-0.10866899,-0.020247582873394582,-0.10866899
3749,-0.09826156,-0.028562637455716466,-0.09826156
3750,-0.099110186,-0.0607296250991654,-0.099110186
3751,-0.10782036,0.017737333940660658,-0.10782036
3752,-0.10087278,-0.09498753725414816,-0.10087278
3753,-0.08867496,0.0058685051960833835,-0.08867496
3754,0.021623224,0.07874933949859776,0.021623224
3755,0.021623224,-0.1259969878876485,0.021623224
3756,0.021623224,0.05838956300785343,0.021623224
3757,0.021567373,-0.07835540898151955,0.021567373
3758,0.02073465,0.09823923362285218,0.02073465
3759,0.02073465,0.12493020298515758,0.02073465
3760,-0.12402474,-0.22560329903144874,-0.12402474
3761,-0.12402474,-0.22560329903144874,-0.12402474
3762,0.021679772,-0.021664678182648656,0.021679772
3763,0.021679772,0.04175546410877101,0.021679772
3764,-0.124093905,0.05093811779917794,-0.124093905
3765,-0.12409587,-0.11248666245440334,-0.12409587
3766,-0.12402668,-0.30396001329836464,-0.12402668
3767,-0.11440897,0.07037998866690463,-0.11440897
3768,-0.11351551,-0.221834121978565,-0.11351551
3769,0.021628369,-0.033804318498619625,0.021628369
3770,-0.12311699,-0.31087918133222875,-0.12311699
3771,-0.12409584,-0.26797411267202814,-0.12409584
3772,-0.11956856,0.14046650410828274,-0.11956856
3773,-0.11950747,0.35898395905024977,-0.11950747
3774,-0.11957136,0.2588531013358584,-0.11957136
3775,-0.11957136,0.2588531013358584,-0.11957136
3776,-0.11957384,0.028642991549032774,-0.11957384
3777,-0.0018249907,-0.047946819079288036,-0.0018249907
3778,-0.119569056,0.12664468396451242,-0.119569056
3779,0.026554137,-0.04646893319590217,0.026554137
3780,0.024670985,0.10250961338207534,0.024670985
3781,0.02473514,-0.0031638342923736218,0.02473514
3782,-0.066534825,0.07409772676757033,-0.066534825
3783,-0.066534825,0.07409772676757033,-0.066534825
3784,-0.06580172,0.015979854939371933,-0.06580172
3785,-0.06647371,0.01419351559515616,-0.06647371
3786,-0.06647371,0.01419351559515616,-0.06647371
3787,-0.066537164,0.11328187470327422,-0.066537164
3788,-0.066537164,0.06245211601780422,-0.066537164
3789,-0.10982661,-0.06749558038978512,-0.10982661
3790,-0.10982661,-0.06749558038978512,-0.10982661
3791,-0.10980748,0.20694030392207025,-0.10980748
3792,-0.10980748,0.20694030392207025,-0.10980748
3793,-0.10980748,-0.34616459243054737,-0.10980748
3794,-0.10954654,0.05178736006878179,-0.10954654
3795,-0.10954654,0.11505092269837709,-0.10954654
3796,-0.10624705,-0.027613268952925516,-0.10624705
3797,-0.03338132,0.03645520274676691,-0.03338132
3798,-0.059622552,-0.03660293905283206,-0.059622552
3799,-0.059622552,-0.07750738304509833,-0.059622552
3800,-0.010447404,0.07595648996583658,-0.010447404
3801,-0.010447404,0.07595648996583658,-0.010447404
3802,-0.010447404,0.07595648996583658,-0.010447404
3803,-0.010447404,0.07595648996583658,-0.010447404
3804,-0.010447404,0.07595648996583658,-0.010447404
3805,-0.010447404,0.08228078216996774,-0.010447404
3806,-0.010447404,0.08228078216996774,-0.010447404
3807,-0.010447404,0.08228078216996774,-0.010447404
3808,-0.050470375,0.05606634437054612,-0.050470375
3809,-0.050470375,0.05606634437054612,-0.050470375
3810,-0.083225206,-0.017035297913795194,-0.083225206
3811,-0.081004836,-0.04826841109399163,-0.081004836
3812,0.021710796,0.0066142854819592305,0.021710796
3813,-0.10974782,-0.21725303134783,-0.10974782
3814,0.073982485,-0.09029391754910222,0.073982485
3815,0.08221523,0.17808854314251035,0.08221523
3816,-0.03332911,-0.0959966201529586,-0.03332911
3817,-0.070381604,0.034828575603587396,-0.070381604
3818,-0.10701588,0.09589191853542059,-0.10701588
3819,-0.09468677,0.04977503166654265,-0.09468677
3820,-0.09468677,0.04977503166654265,-0.09468677
3821,-0.11954634,0.13720149035738452,-0.11954634
3822,-0.06648815,0.01250112156832063,-0.06648815
3823,-0.06648815,0.01250112156832063,-0.06648815
3824,-0.05752658,-0.031178329699317855,-0.05752658
3825,-0.05752658,-0.031178329699317855,-0.05752658
3826,-0.06581213,0.0762999380955264,-0.06581213
3827,-0.06581213,0.0762999380955264,-0.06581213
3828,-0.10963203,-0.13986549297460868,-0.10963203
3829,-0.01617968,0.013547753190629543,-0.01617968
3830,-0.03279725,0.07195265222404533,-0.03279725
3831,-0.107058674,-0.06540014175781518,-0.107058674
3832,0.048998434,-0.02870281397520776,0.048998434
3833,-0.02128534,-0.031410335293071655,-0.02128534
3834,-0.030892821,-0.06404940501299601,-0.030892821
3835,-0.030885315,-0.09752198746200696,-0.030885315
3836,-0.11837622,0.14882891947440213,-0.11837622
3837,-0.12486041,0.007482944574308193,-0.12486041
3838,-0.109752856,0.1777345212213394,-0.109752856
3839,-0.10956044,0.15070036131560433,-0.10956044
3840,-0.033370364,-0.0898547143665761,-0.033370364
3841,-0.033370364,-0.03523759901930404,-0.033370364
3842,-0.08982166,-0.1193937506136316,-0.08982166
3843,-0.0796704,0.03290114287293332,-0.0796704
3844,-0.10704607,-0.05305701127482373,-0.10704607
3845,-0.025929546,0.0953533093998894,-0.025929546
3846,-0.10964949,-0.25005389783092324,-0.10964949
3847,-0.10948965,-0.01723060962408216,-0.10948965
3848,0.04688765,-0.017038571368529674,0.04688765
3849,0.04688765,-0.017038571368529674,0.04688765
3850,0.06836984,0.025917733360919317,0.06836984
3851,-0.12494763,-0.09614954186156993,-0.12494763
3852,-0.12494763,-0.10144625314584031,-0.12494763
3853,-0.124943174,-0.223844526482019,-0.124943174
3854,-0.124943174,-0.223844526482019,-0.124943174
3855,-0.124943174,-0.11287537665776232,-0.124943174
3856,-0.12494763,0.37071271061210664,-0.12494763
3857,-0.09568554,-0.0061127836883494175,-0.09568554
3858,-0.042813443,-0.07604927699313899,-0.042813443
3859,-0.042813443,-0.07358510903128607,-0.042813443
3860,-0.042813443,0.031577212567816655,-0.042813443
3861,-0.08231521,0.04693115865474266,-0.08231521
3862,-0.109646045,-0.026638325457313573,-0.109646045
3863,-0.109525874,0.08146396273972872,-0.109525874
3864,-0.10952579,-0.24934756690413265,-0.10952579
3865,-0.10957607,0.1686540587089429,-0.10957607
3866,-0.10977827,0.12991387156746834,-0.10977827
3867,-0.10977827,-0.2939359486079591,-0.10977827
3868,-0.10957485,0.044915408641979106,-0.10957485
3869,0.045742426,-0.19886903738990194,0.045742426
3870,-0.121486075,-0.2748870485870232,-0.121486075
3871,0.0264247,-0.06019756416878006,0.0264247
3872,-0.074624576,-0.12361665111931187,-0.074624576
3873,0.031506453,-0.016327046732776438,0.031506453
3874,-0.09212523,-0.03093894529417467,-0.09212523
3875,-0.091236696,-0.0038808664570264663,-0.091236696
3876,-0.08986568,-0.08908492511450875,-0.08986568
3877,-0.08714139,-0.01601329044212892,-0.08714139
3878,-0.085320786,0.014930859620269216,-0.085320786
3879,-0.08713616,-0.027145855587613208,-0.08713616
3880,-0.06095601,0.007119477737384928,-0.06095601
3881,-0.10945862,0.00651439702330351,-0.10945862
3882,-0.10971827,-0.04050406086323967,-0.10971827
3883,-0.10957899,-0.047322178478255206,-0.10957899
3884,-0.12478515,-0.29968331010904514,-0.12478515
3885,-0.12478515,-0.29968331010904514,-0.12478515
3886,-0.10971464,-0.18242412721826493,-0.10971464
3887,-0.10971464,-0.18242412721826493,-0.10971464
3888,-0.109646216,-0.011212799374405825,-0.109646216
3889,-0.11045539,0.049951593373127844,-0.11045539
3890,-0.109649286,-0.15173991910450108,-0.109649286
3891,-0.10964936,0.15808037773241926,-0.10964936
3892,-0.10964936,-0.18000599087700528,-0.10964936
3893,-0.10964936,-0.18000599087700528,-0.10964936
3894,-0.109646216,-0.1491777281713753,-0.109646216
3895,0.062430836,0.06480527185971853,0.062430836
3896,0.08265039,-0.15634109426108836,0.08265039
3897,0.07305727,0.03087336792297377,0.07305727
3898,0.08355039,-0.253533963944709,0.08355039
3899,0.08265039,-0.047903637157862,0.08265039
3900,0.09178344,0.054328179603152844,0.09178344
3901,0.081289954,0.027238909872683525,0.081289954
3902,0.09088345,0.24804905637581945,0.09088345
3903,-0.10957902,-0.07538822691414261,-0.10957902
3904,0.06156394,0.10504552731395234,0.06156394
3905,0.06156394,-0.021795512929401486,0.06156394
3906,-0.013727189,-0.06680796709662505,-0.013727189
3907,0.024578702,-0.09125684458358022,0.024578702
3908,-0.03266378,0.09207714125535196,-0.03266378
3909,-0.03266378,0.09207714125535196,-0.03266378
3910,-0.03266378,0.03764105036635812,-0.03266378
3911,-0.03266378,0.03764105036635812,-0.03266378
3912,-0.031594608,0.14196888736027258,-0.031594608
3913,-0.11900379,0.12326068804003545,-0.11900379
3914,-0.11900379,-0.17985519978642137,-0.11900379
3915,0.047190603,0.006541120167287256,0.047190603
3916,0.047190603,0.006541120167287256,0.047190603
3917,-0.072968885,0.03545684421306053,-0.072968885
3918,-0.07463914,-0.025995907615769163,-0.07463914
3919,-0.0057161096,-0.25182776325625106,-0.0057161096
3920,-0.09820408,-0.005032102897315881,-0.09820408
3921,-0.108725995,0.03444067350490559,-0.108725995
3922,-0.108657524,0.06646447165693858,-0.108657524
3923,-0.1096475,-0.08475422986221885,-0.1096475
3924,-0.1096475,-0.08475422986221885,-0.1096475
3925,-0.098147534,0.04009011230114595,-0.098147534
3926,-0.09819112,-0.015577442103503564,-0.09819112
3927,-0.098259576,-0.004174009051468993,-0.098259576
3928,-0.098197244,-0.029226143360209275,-0.098197244
3929,-0.10872596,-0.061564927416845154,-0.10872596
3930,-0.107880704,0.07956908184551348,-0.107880704
3931,-0.09819721,-0.04603252845892397,-0.09819721
3932,0.07302409,-0.04747256938479878,0.07302409
3933,0.07305928,0.09601557429408145,0.07305928
3934,-0.1086557,-0.013656669866308934,-0.1086557
3935,-0.10872782,-0.01114315108690215,-0.10872782
3936,-0.10787683,-0.05597461024792267,-0.10787683
3937,-0.10953197,0.14679751849572104,-0.10953197
3938,0.021623226,-0.061317552397866355,0.021623226
3939,0.020645026,0.052418964296358755,0.020645026
3940,0.021681735,0.004429803158566477,0.021681735
3941,-0.124024704,-0.34609876436461245,-0.124024704
3942,-0.11440891,-0.07181215174335603,-0.11440891
3943,0.020742238,-0.07716731059571208,0.020742238
3944,-0.124093905,-0.4052379847993882,-0.124093905
3945,-0.114347875,0.06663413037705934,-0.114347875
3946,-0.123954505,-0.08310149019158297,-0.123954505
3947,0.020795714,0.0934865999373116,0.020795714
3948,-0.12310538,0.3204571868007225,-0.12310538
3949,-0.123954505,0.08260593108085869,-0.123954505
3950,0.0101077575,0.0961315003854836,0.0101077575
3951,-0.11950373,0.06688304688582077,-0.11950373
3952,-0.12148718,-0.38869740940701397,-0.12148718
3953,-0.032788888,-0.019121626463905233,-0.032788888
3954,-0.032788888,-0.019121626463905233,-0.032788888
3955,-0.032788888,0.03548304448752983,-0.032788888
3956,-0.0896174,-0.02371081584926392,-0.0896174
3957,-0.08987842,-0.004988029373489258,-0.08987842
3958,-0.0864071,-0.003926175418750002,-0.0864071
3959,-0.11307389,-0.029631845539784565,-0.11307389
3960,-0.0703465,0.05175766730223644,-0.0703465
3961,-0.10106808,0.1478486889594996,-0.10106808
3962,-0.101921275,0.11696470870153058,-0.101921275
3963,-0.10198757,-0.015445496919371691,-0.10198757
3964,-0.10196149,0.14521833289257013,-0.10196149
3965,-0.10021422,0.10230642098851388,-0.10021422
3966,-0.090540044,0.021033663339117346,-0.090540044
3967,-0.007595249,-0.09985094913828946,-0.007595249
3968,-0.0982596,-0.012004598875493135,-0.0982596
3969,-0.10774746,-0.03758811148012626,-0.10774746
3970,-0.108726,-0.0356424648914749,-0.108726
3971,0.07394113,-0.019165468952632266,0.07394113
3972,-0.088603266,-0.037058177541102945,-0.088603266
3973,0.021655934,-0.08993316621380368,0.021655934
3974,0.021655966,0.02037683190961591,0.021655966
3975,0.021610431,0.05892816154424471,0.021610431
3976,-0.11865263,0.15430051025316402,-0.11865263
3977,-0.11953792,0.28256517458174424,-0.11953792
3978,-0.11953792,0.28256517458174424,-0.11953792
3979,-0.119506165,0.15435318120132827,-0.119506165
3980,-0.119506165,0.15435318120132827,-0.119506165
3981,-0.118653305,0.1216865941316371,-0.118653305
3982,-0.118653305,0.1216865941316371,-0.118653305
3983,-0.11957219,-0.0553086707489227,-0.11957219
3984,-0.06647243,0.003651094967929803,-0.06647243
3985,-0.06647243,0.003651094967929803,-0.06647243
3986,-0.03089247,-0.08545479605564009,-0.03089247
3987,-0.030873336,-0.051998707571225,-0.030873336
3988,-0.00084375846,-0.129256305162143,-0.00084375846
3989,-0.01617962,-0.04600277733493079,-0.01617962
3990,-0.016121015,0.011620603511830292,-0.016121015
3991,-0.03300206,-0.039763317697395016,-0.03300206
3992,-0.101988494,0.0195357210784825,-0.101988494
3993,-0.109557584,-0.114122042953914,-0.109557584
3994,-0.109557584,-0.08483527821453751,-0.109557584
3995,-0.109557584,-0.114122042953914,-0.109557584
3996,-0.10972356,-0.2489724473887026,-0.10972356
3997,-0.10965003,-0.2937115768052608,-0.10965003
3998,-0.01611252,-0.0651485501013693,-0.01611252
3999,-0.109745145,0.15421089328623322,-0.109745145
4000,-0.109714866,-0.22998034217478502,-0.109714866
4001,-0.10981387,0.2048877346179694,-0.10981387
4002,-0.11954742,0.141549364935576,-0.11954742
4003,-0.11956003,0.12246208747190064,-0.11956003
4004,-0.119547755,0.3839618352081969,-0.119547755
4005,-0.1715845,-0.009732588174212683,-0.1715845
4006,-0.066513695,0.08412773000343556,-0.066513695
4007,-0.066513695,0.08412773000343556,-0.066513695
4008,-0.06652615,0.0932438512614435,-0.06652615
4009,-0.06652615,0.0932438512614435,-0.06652615
4010,-0.1715845,-0.009732588174212683,-0.1715845
4011,-0.03338114,0.04550788773456894,-0.03338114
4012,-0.10971659,-0.24933872636962245,-0.10971659
4013,-0.109643534,0.026159611558650857,-0.109643534
4014,-0.10964769,0.00026975869913236196,-0.10964769
4015,-0.109640494,-0.28304752476865,-0.109640494
4016,-0.109640494,-0.06848699973969632,-0.109640494
4017,-0.1097167,-0.24666324518029745,-0.1097167
4018,0.020659136,0.03655438596846293,0.020659136
4019,-0.109723754,-0.29494136919114583,-0.109723754
4020,0.020650448,0.0806111513097669,0.020650448
4021,-0.10963207,-0.16280891699314617,-0.10963207
4022,-0.11432118,0.08855042006641142,-0.11432118
4023,-0.10974814,0.006107761189772232,-0.10974814
4024,0.03149943,0.08928818524536518,0.03149943
4025,-0.070383325,0.0033036973714704555,-0.070383325
4026,-0.070383325,0.0033036973714704555,-0.070383325
4027,-0.04281089,0.004789452190806544,-0.04281089
4028,-0.12314475,-0.2919997245135093,-0.12314475
4029,0.010110039,0.1877677536377239,0.010110039
4030,0.02553774,0.09489709696719557,0.02553774
4031,0.02169396,-0.008215937214531439,0.02169396
4032,0.02553774,0.007100482016274728,0.02553774
4033,0.02064762,-0.12594651739976814,0.02064762
4034,0.020721799,-0.12236644284263509,0.020721799
4035,0.020721799,-0.12236644284263509,0.020721799
4036,0.020647572,0.019257560096856766,0.020647572
4037,-0.12320729,0.039925357917402406,-0.12320729
4038,0.020651579,0.0564628739631971,0.020651579
4039,-0.012136459,-0.08872393614675034,-0.012136459
4040,0.020651579,0.05268499636897371,0.020651579
4041,-0.1096772,0.21768934163872142,-0.1096772
4042,-0.1219372,-0.25740306960646153,-0.1219372
4043,-0.06090179,-0.0016475823225195376,-0.06090179
4044,-0.06095399,-0.00808733897423381,-0.06095399
4045,-0.060955875,-0.007666695639385155,-0.060955875
4046,-0.060950056,-0.085288134944536,-0.060950056
4047,-0.033363692,-0.026007896539870942,-0.033363692
4048,-0.10860688,-0.05505394668886337,-0.10860688
4049,0.061694924,0.015747975025776437,0.061694924
4050,0.061562035,-0.17368891255246194,0.061562035
4051,-0.09904816,-0.04258662276897489,-0.09904816
4052,-0.10964615,0.042542162784708556,-0.10964615
4053,-0.109579034,-0.08558998832862123,-0.109579034
4054,-0.124946244,0.060052066272839405,-0.124946244
4055,-0.124946244,0.060052066272839405,-0.124946244
4056,0.024578515,0.004306559697322831,0.024578515
4057,-0.04276189,-0.3186738153062839,-0.04276189
4058,-0.08500107,-0.14357590800032427,-0.08500107
4059,-0.08496507,-0.0022680599599495276,-0.08496507
4060,-0.08496507,-0.006211204129916431,-0.08496507
4061,-0.07463683,-0.013525997949981723,-0.07463683
4062,-0.074636616,-0.031129744948905077,-0.074636616
4063,-0.074639015,-0.038463491523338764,-0.074639015
4064,-0.08333381,-0.004869474111562008,-0.08333381
4065,-0.08333381,-0.004869474111562008,-0.08333381
4066,-0.005714082,-0.002742101330024291,-0.005714082
4067,-0.0057159998,0.043184248920768144,-0.0057159998
4068,-0.108796746,-0.040972505630451836,-0.108796746
4069,-0.108796746,0.13641076862683665,-0.108796746
4070,-0.108698554,0.123648713259326,-0.108698554
4071,-0.025837071,0.13224975411794931,-0.025837071
4072,-0.024021856,0.006271391295216956,-0.024021856
4073,-0.10872593,-0.005900601568705486,-0.10872593
4074,-0.1095319,-0.07111297349338978,-0.1095319
4075,-0.09903972,-0.008588350033437225,-0.09903972
4076,0.07305935,0.1165701414576881,0.07305935
4077,-0.098145455,-0.13016379094649416,-0.098145455
4078,-0.10787874,-0.05337832252710553,-0.10787874
4079,-0.10787874,-0.005081718018353056,-0.10787874
4080,-0.10874181,0.13553850098349504,-0.10874181
4081,0.07300606,-0.2100418069571817,0.07300606
4082,0.07305935,0.008596713407708036,0.07305935
4083,-0.09813355,0.02256048809410711,-0.09813355
4084,-0.10781526,-0.02736594387489884,-0.10781526
4085,-0.108668886,0.02923257281761659,-0.108668886
4086,-0.114347816,-0.12580186171945115,-0.114347816
4087,0.010109849,0.021904521121108512,0.010109849
4088,0.020706091,0.15410466693730662,0.020706091
4089,0.020706091,0.07881775389637527,0.020706091
4090,-0.11440652,0.258072278131028,-0.11440652
4091,-0.11440652,-0.22804569474895034,-0.11440652
4092,-0.11434545,0.05376260141578168,-0.11434545
4093,-0.03333372,0.07416953599511195,-0.03333372
4094,-0.033391237,-0.05247580871923859,-0.033391237
4095,-0.06505898,0.02957421184089721,-0.06505898
4096,-0.033118255,0.05434752348010413,-0.033118255
4097,-0.029936465,0.08106004345997811,-0.029936465
4098,-0.107029654,0.002648498523120297,-0.107029654
4099,-0.06090445,-0.16846835493416737,-0.06090445
4100,-0.106087245,-0.10655439029927916,-0.106087245
4101,-0.09825957,0.001607356163142946,-0.09825957
4102,0.07394441,-0.082090501050574,0.07394441
4103,-0.10872594,-0.043151478421778376,-0.10872594
4104,-0.108724035,-0.0363111874550554,-0.108724035
4105,0.073999606,0.009065049813096002,0.073999606
4106,0.022602143,-0.03657131677304195,0.022602143
4107,-0.0862364,-0.022356832419306506,-0.0862364
4108,-0.0862364,-0.022356832419306506,-0.0862364
4109,-0.0862364,-0.0193684392620665,-0.0862364
4110,-0.0862364,-0.0193684392620665,-0.0862364
4111,0.021610495,0.14047642767458196,0.021610495
4112,0.022602148,-0.036834243324564746,0.022602148
4113,-0.11950616,0.1531821364979294,-0.11950616
4114,-0.06641491,0.013426961927778596,-0.06641491
4115,-0.06483084,0.010365307723540145,-0.06483084
4116,-0.07463782,0.03762230401430375,-0.07463782
4117,-0.08337507,0.03481057146645192,-0.08337507
4118,-0.08337507,0.03481057146645192,-0.08337507
4119,-0.1066024,-0.09033133599098786,-0.1066024
4120,-0.11955361,0.25515644671580856,-0.11955361
4121,-0.107076325,0.00475467588561051,-0.107076325
4122,-0.10931018,0.007837337966279017,-0.10931018
4123,-0.12451774,-0.21217467987138636,-0.12451774
4124,-0.12484279,0.04530209390377826,-0.12484279
4125,-0.02598511,0.1425298075054398,-0.02598511
4126,-0.10955754,-0.10475880272380067,-0.10955754
4127,-0.10955752,-0.09875000541753141,-0.10955752
4128,-0.10955752,-0.06307755271881751,-0.10955752
4129,-0.0113003375,0.023448201884124106,-0.0113003375
4130,-0.011300498,-0.011699486926948863,-0.011300498
4131,-0.016053854,0.011813747323119125,-0.016053854
4132,-0.106625706,0.009418609233021704,-0.106625706
4133,-0.02595897,0.030404957532225756,-0.02595897
4134,-0.068431534,0.03042358102614366,-0.068431534
4135,0.010085009,-0.0010618473299857881,0.010085009
4136,-0.124948,0.0007204791458990274,-0.124948
4137,-0.10949037,-0.009679795736808626,-0.10949037
4138,-0.09917938,0.06426034846403096,-0.09917938
4139,-0.09902555,-0.03146134689517805,-0.09902555
4140,-0.10956411,-0.09297584142348139,-0.10956411
4141,-0.10972346,-0.37722308008172584,-0.10972346
4142,-0.10972356,-0.21996168057320112,-0.10972356
4143,-0.10964046,-0.03105424006089321,-0.10964046
4144,0.020659199,0.019982459645311857,0.020659199
4145,-0.109647654,-0.14054044701443807,-0.109647654
4146,-0.109647654,-0.0566632348181873,-0.109647654
4147,-0.10964046,-0.009355618611522622,-0.10964046
4148,-0.10972372,-0.23865685520256927,-0.10972372
4149,-0.10972372,-0.22969932307258972,-0.10972372
4150,-0.10972372,-0.23865685520256927,-0.10972372
4151,-0.10971656,-0.16080913573933633,-0.10971656
4152,-0.109647624,-0.10666877539449045,-0.109647624
4153,-0.10972372,0.21272834683397993,-0.10972372
4154,-0.10972372,0.22788220405918902,-0.10972372
4155,-0.10963203,-0.05925911460095812,-0.10963203
4156,-0.09176783,-0.02979269274195682,-0.09176783
4157,-0.09176783,-0.00840777985075531,-0.09176783
4158,-0.06456269,0.05868204135105592,-0.06456269
4159,-0.06622371,0.0458407494860132,-0.06622371
4160,-0.06622371,0.0458407494860132,-0.06622371
4161,-0.060212117,-0.02193980675477833,-0.060212117
4162,-0.12493928,-0.07723132853587404,-0.12493928
4163,-0.02599791,-0.01566168962347876,-0.02599791
4164,-0.04911701,-0.06253613014144069,-0.04911701
4165,0.061474364,0.10375167360344786,0.061474364
4166,-0.10957328,-0.08858194086070054,-0.10957328
4167,-0.10957328,-0.073634450347237,-0.10957328
4168,-0.10957328,-0.08858194086070054,-0.10957328
4169,-0.10957328,-0.08858194086070054,-0.10957328
4170,-0.10957328,-0.073634450347237,-0.10957328
4171,-0.10957328,-0.073634450347237,-0.10957328
4172,-0.10957789,-0.022912157174266295,-0.10957789
4173,-0.10957328,0.04595878110670388,-0.10957328
4174,-0.09910349,0.007889089675517843,-0.09910349
4175,-0.09910841,-0.022069644441539325,-0.09910841
4176,-0.09910841,-0.022069644441539325,-0.09910841
4177,-0.09910841,-0.022069644441539325,-0.09910841
4178,-0.09910841,-0.022069644441539325,-0.09910841
4179,-0.10965008,-0.2685795700833492,-0.10965008
4180,-0.10965028,-0.21129590171678378,-0.10965028
4181,-0.10956761,-0.08049011226665317,-0.10956761
4182,0.0478108,-0.15849564084717432,0.0478108
4183,0.0478108,-0.15849564084717432,0.0478108
4184,0.020659136,-0.03709372821225258,0.020659136
4185,-0.1087292,-0.03351364349555337,-0.1087292
4186,-0.109723754,-0.35823656919803376,-0.109723754
4187,-0.109723754,-0.15851286758880365,-0.109723754
4188,-0.109723754,-0.13680372759123577,-0.109723754
4189,-0.10964579,-0.07479846379408991,-0.10964579
4190,-0.09910653,-0.09854745152715691,-0.09910653
4191,-0.10964309,-0.10918226052524617,-0.10964309
4192,0.07202934,0.08277467333212661,0.07202934
4193,-0.058697075,0.04832535032713048,-0.058697075
4194,-0.058697075,-0.05894770118675989,-0.058697075
4195,-0.10964354,-0.12273354889646423,-0.10964354
4196,0.020647727,0.019324801104142277,0.020647727
4197,0.020721799,-0.0009458502645640168,0.020721799
4198,-0.11440387,-0.23013930183367512,-0.11440387
4199,0.020647636,0.040923954773416066,0.020647636
4200,0.020647636,0.040923954773416066,0.020647636
4201,-0.11835578,-0.3394199943237608,-0.11835578
4202,-0.10972372,-0.14457069276734802,-0.10972372
4203,0.020781748,-0.053247035511010204,0.020781748
4204,-0.12402412,-0.24387716247071814,-0.12402412
4205,-0.12402412,0.19429199451731224,-0.12402412
4206,-0.095618315,-0.0094817238230746,-0.095618315
4207,-0.07476411,-0.00921865327067675,-0.07476411
4208,-0.042746183,-0.23294838964600748,-0.042746183
4209,-0.07311788,-0.007545757233930988,-0.07311788
4210,-0.1086049,-0.026214592230791256,-0.1086049
4211,0.061694924,0.025369525140339157,0.061694924
4212,-0.10957889,-0.07661505537237957,-0.10957889
4213,0.025537735,-0.06197288535071562,0.025537735
4214,-0.12402423,0.03772802458218426,-0.12402423
4215,-0.10880223,-0.08366051752531467,-0.10880223
4216,-0.109779336,-0.2685568589828386,-0.109779336
4217,-0.109779336,-0.08879105277691059,-0.109779336
4218,-0.03322994,0.10969177855927006,-0.03322994
4219,-0.082162976,0.046492966658783656,-0.082162976
4220,-0.076554865,0.016602503928290192,-0.076554865
4221,-0.07457138,-0.08297885558125047,-0.07457138
4222,-0.07462935,-0.015275033538320276,-0.07462935
4223,-0.07316363,-0.0032870736261677307,-0.07316363
4224,-0.07310902,-0.02243721189314453,-0.07310902
4225,-0.07310902,0.004585303822196211,-0.07310902
4226,-0.07312817,0.07345062870634388,-0.07312817
4227,0.020823821,0.012656308900512989,0.020823821
4228,-0.10872586,-0.06721226784097818,-0.10872586
4229,-0.10957898,-0.012270211199151601,-0.10957898
4230,0.06335486,0.011988227867422277,0.06335486
4231,0.0633405,0.13364806228604897,0.0633405
4232,-0.09814539,-0.04434661042071525,-0.09814539
4233,-0.09813611,-0.11620801003257508,-0.09813611
4234,0.061474174,0.009142508903254243,0.061474174
4235,0.020651577,0.02012405979936101,0.020651577
4236,-0.05869708,0.0024382646255756103,-0.05869708
4237,0.031767122,-0.055059237063773206,0.031767122
4238,-0.009246459,0.03220979315546959,-0.009246459
4239,-0.10705703,0.03332819839838532,-0.10705703
4240,0.024647752,-0.04928984371586021,0.024647752
4241,-0.042812645,0.0007714925815133361,-0.042812645
4242,-0.038114436,-0.06265044145755165,-0.038114436
4243,0.07394639,-0.053828604155474455,0.07394639
4244,-0.098187424,-0.023101857095913607,-0.098187424
4245,0.0730922,0.029634860567777536,0.0730922
4246,-0.10780243,-0.025569897641011086,-0.10780243
4247,0.08356613,-0.08228902746949392,0.08356613
4248,-0.10780619,-0.0305494571040227,-0.10780619
4249,0.020742174,0.10069591645020555,0.020742174
4250,0.011035936,-0.13601055458772757,0.011035936
4251,0.02260411,-0.0466796789834154,0.02260411
4252,-0.123104036,-0.3007739455477192,-0.123104036
4253,-0.066526905,0.09472808853757256,-0.066526905
4254,-0.042742547,0.015930977558792293,-0.042742547
4255,-0.010278173,0.1335325323883946,-0.010278173
4256,-0.097416796,0.006697527779116048,-0.097416796
4257,-0.060955312,0.005234706131751973,-0.060955312
4258,-0.05625837,0.12770381798602723,-0.05625837
4259,-0.060585644,-0.07922164710595624,-0.060585644
4260,-0.06093,0.0373356309561456,-0.06093
4261,-0.06094524,-0.08901488399507505,-0.06094524
4262,-0.025989098,0.03250534040128946,-0.025989098
4263,0.022578353,-0.024114623623123412,0.022578353
4264,-0.10962947,-0.11963852311399634,-0.10962947
4265,-0.109645836,-0.05619886401871448,-0.109645836
4266,-0.12451774,0.192127763784921,-0.12451774
4267,-0.12451774,-0.434244714799934,-0.12451774
4268,-0.12451774,-0.3159852024582409,-0.12451774
4269,-0.12451774,-0.24170248058757768,-0.12451774
4270,-0.12378037,-0.13513828229249988,-0.12378037
4271,0.06141367,-0.0025512296287784203,0.06141367
4272,-0.025984515,0.03375907475526928,-0.025984515
4273,-0.07453562,0.07497337485764542,-0.07453562
4274,-0.07317429,0.0018616088802070451,-0.07317429
4275,-0.056622762,-0.041172716355113055,-0.056622762
4276,-0.10289428,0.030684852968286894,-0.10289428
4277,-0.00933288,-0.014237666455164576,-0.00933288
4278,-0.109648965,-0.16510190057064725,-0.109648965
4279,-0.109648965,-0.16510190057064725,-0.109648965
4280,-0.10949031,-0.11841722720894844,-0.10949031
4281,-0.010379123,0.045818855820999004,-0.010379123
4282,-0.010379283,0.11241897816261577,-0.010379283
4283,0.020837931,-0.08552836984931786,0.020837931
4284,-0.10941142,0.005860432358172433,-0.10941142
4285,-0.10288034,0.04340670645861454,-0.10288034
4286,-0.10964039,-0.11291686334853,-0.10964039
4287,-0.10972366,-0.11266100302154865,-0.10972366
4288,0.020587279,-0.05549034237668894,0.020587279
4289,0.020587279,0.023587306147558097,0.020587279
4290,-0.171639,-0.03624005452779038,-0.171639
4291,-0.109277114,-0.041574294433691004,-0.109277114
4292,-0.1070539,0.003365642823442545,-0.1070539
4293,-0.049051017,0.004445371339812852,-0.049051017
4294,-0.049112137,-0.11702839158457912,-0.049112137
4295,-0.048378937,-0.06823627872912488,-0.048378937
4296,-0.08538244,-0.016861305785185358,-0.08538244
4297,-0.114068516,-0.18720266027300722,-0.114068516
4298,-0.096736,-0.01465242044423355,-0.096736
4299,-0.1086387,-0.02947156691294175,-0.1086387
4300,-0.10872765,-0.03786903821013991,-0.10872765
4301,-0.109557584,-0.057894494669701514,-0.109557584
4302,-0.10964943,-0.15900143528791444,-0.10964943
4303,0.021635426,-0.037037978776980424,0.021635426
4304,0.0632881,-0.19844319846945738,0.0632881
4305,0.07202533,0.0060231634592017805,0.07202533
4306,-0.10957325,-0.08933297871407367,-0.10957325
4307,-0.1096385,-0.21396806595214896,-0.1096385
4308,-0.10957905,-0.021982201960062564,-0.10957905
4309,-0.10957314,-0.04471081863385151,-0.10957314
4310,-0.10873413,-0.06251245591437009,-0.10873413
4311,-0.10957322,-0.1535857659798003,-0.10957322
4312,-0.109573215,-0.04608936000670679,-0.109573215
4313,-0.109573215,-0.04608936000670679,-0.109573215
4314,-0.10873066,-0.03199040313755341,-0.10873066
4315,-0.10957782,-0.10618533726647163,-0.10957782
4316,0.062486142,0.07529262737025676,0.062486142
4317,0.021578996,0.01860650050593038,0.021578996
4318,-0.10972372,-0.25663782131511814,-0.10972372
4319,-0.10972372,-0.2697025397612453,-0.10972372
4320,-0.109756745,0.07082978202844498,-0.109756745
4321,0.06241722,-0.030502293266467334,0.06241722
4322,-0.10975542,-0.33766013325012273,-0.10975542
4323,-0.107909955,-0.00979263574911266,-0.107909955
4324,-0.107909955,-0.027554335917397574,-0.107909955
4325,-0.10971471,0.04429753284784929,-0.10971471
4326,0.020651642,-0.02755924577624005,0.020651642
4327,0.020651642,-0.02755924577624005,0.020651642
4328,0.020651642,0.10466995316788075,0.020651642
4329,0.020651642,0.10466995316788075,0.020651642
4330,-0.07194946,-0.03499192916882697,-0.07194946
4331,-0.016452316,-0.11688070015964765,-0.016452316
4332,-0.08636939,0.11865580819070247,-0.08636939
4333,-0.10480791,0.05126460359098539,-0.10480791
4334,-0.10964913,-0.1868831712233779,-0.10964913
4335,-0.10964913,-0.19071318131125622,-0.10964913
4336,-0.08624875,0.024607011644103473,-0.08624875
4337,-0.06653202,0.07238483675399575,-0.06653202
4338,-0.108656354,-0.03741614066909607,-0.108656354
4339,-0.10865176,-0.10018317276179871,-0.10865176
4340,-0.10872793,-0.07526605679721705,-0.10872793
4341,-0.09903401,-0.02137693122166935,-0.09903401
4342,-0.09903401,-0.02137693122166935,-0.09903401
4343,-0.09903401,-0.02137693122166935,-0.09903401
4344,-0.099110104,-0.03549402014635036,-0.099110104
4345,0.07303869,0.019910572293068175,0.07303869
4346,-0.10872796,-0.10371326215742642,-0.10872796
4347,0.07303457,0.08034921359369897,0.07303457
4348,-0.10964946,-0.289191622019375,-0.10964946
4349,0.0215759,-0.04024203608907707,0.0215759
4350,-0.10964354,-0.17960122194294212,-0.10964354
4351,0.021569917,0.014303444440417718,0.021569917
4352,0.02081024,0.03703389325839973,0.02081024
4353,0.021698093,0.014663937834418972,0.021698093
4354,0.021627994,0.10823591960737494,0.021627994
4355,-0.114406444,0.12112741671630092,-0.114406444
4356,-0.114406444,-0.2790739524134141,-0.114406444
4357,-0.06181471,-0.005984289984824703,-0.06181471
4358,-0.049065456,0.002538582547753289,-0.049065456
4359,-0.06436118,0.0783763362398013,-0.06436118
4360,-0.06436118,0.0783763362398013,-0.06436118
4361,-0.06436118,0.0783763362398013,-0.06436118
4362,-0.07463676,-0.014641107596048114,-0.07463676
4363,-0.08986925,-0.025012979648260387,-0.08986925
4364,-0.109649375,0.40611684585407365,-0.109649375
4365,-0.109649375,-0.0642019562449239,-0.109649375
4366,-0.109650314,-0.15369001523914394,-0.109650314
4367,-0.109650314,0.13391377020406023,-0.109650314
4368,-0.109580755,-0.14295148294959525,-0.109580755
4369,-0.10957636,-0.1503215662524538,-0.10957636
4370,-0.060904335,0.0073061138448597485,-0.060904335
4371,0.024580238,0.01563653030444993,0.024580238
4372,0.073221564,-0.21227839519416017,0.073221564
4373,-0.10781831,-0.028910831094233872,-0.10781831
4374,-0.107735865,0.11862385083927268,-0.107735865
4375,-0.10866683,-0.01910069580849696,-0.10866683
4376,0.02177136,0.07738511910895832,0.02177136
4377,-0.042653646,0.039636735442638724,-0.042653646
4378,-0.10780434,0.005589131642794979,-0.10780434
4379,0.022691771,0.0758686694243994,0.022691771
4380,-0.10964039,-0.049104198297486315,-0.10964039
4381,-0.10971659,-0.20901930968668456,-0.10971659
4382,-0.12378037,-0.27382336615640723,-0.12378037
4383,-0.08516626,0.05063239852043775,-0.08516626
4384,-0.06079622,-0.05309525945443262,-0.06079622
4385,-0.10112454,0.012402397804423385,-0.10112454
4386,0.0038056204,0.02889479444689533,0.0038056204
4387,-0.05869708,-0.14251572981547447,-0.05869708
4388,-0.109494545,-0.010047117960244904,-0.109494545
4389,-0.10962504,-0.1402083414519649,-0.10962504
4390,-0.119562626,0.05758483287984741,-0.119562626
4391,-0.025959017,0.13030125520403477,-0.025959017
4392,-0.07462779,0.03954239624279506,-0.07462779
4393,-0.10289428,0.04382453561523876,-0.10289428
4394,-0.10111568,0.08431753081574526,-0.10111568
4395,-0.010379059,0.0595523735538172,-0.010379059
4396,-0.10961983,-0.109088023892274,-0.10961983
4397,-0.10972366,0.03621653705911046,-0.10972366
4398,-0.11955377,0.053552051742952474,-0.11955377
4399,-0.11956343,-0.09056754623277913,-0.11956343
4400,-0.11956343,-0.09056754623277913,-0.11956343
4401,-0.066520035,0.09745382259917418,-0.066520035
4402,-0.066520035,0.09745382259917418,-0.066520035
4403,-0.06625904,0.028274365559943754,-0.06625904
4404,-0.06652946,0.01839419766847757,-0.06652946
4405,-0.06624685,0.024609822039049746,-0.06624685
4406,-0.11551111,-0.23494024603638816,-0.11551111
4407,-0.04911128,-0.06850205250174006,-0.04911128
4408,-0.10872741,-0.08174371579244243,-0.10872741
4409,-0.10856879,-0.066160938702163,-0.10856879
4410,-0.10955267,0.00032101453086878307,-0.10955267
4411,-0.09889001,-0.02856903978382795,-0.09889001
4412,-0.108568706,-0.01789473158909061,-0.108568706
4413,0.07303,-0.13925407341769308,0.07303
4414,0.07302686,0.07398174241087525,0.07302686
4415,-0.10971658,-0.15136861638839327,-0.10971658
4416,-0.109622456,0.10297141374394661,-0.109622456
4417,-0.10955752,-0.1542644261461483,-0.10955752
4418,0.021693947,0.08166428510941634,0.021693947
4419,0.021693947,0.08166428510941634,0.021693947
4420,0.02164082,0.010324357535517014,0.02164082
4421,0.021641482,0.0775519315620599,0.021641482
4422,0.07215537,0.0489471983926516,0.07215537
4423,-0.06615645,0.02305676923688582,-0.06615645
4424,-0.06615645,0.02305676923688582,-0.06615645
4425,0.020651642,-0.04259421404989323,0.020651642
4426,0.020651642,-0.04259421404989323,0.020651642
4427,0.020651642,-0.004988421525349487,0.020651642
4428,0.020651642,-0.004988421525349487,0.020651642
4429,-0.08673387,-0.15252211874389762,-0.08673387
4430,-0.08673387,-0.15252211874389762,-0.08673387
4431,-0.04904975,-0.03225042206418133,-0.04904975
4432,-0.048195817,-0.004265035164699557,-0.048195817
4433,-0.038521945,-0.05207568311255956,-0.038521945
4434,-0.016450288,-0.04588993335195251,-0.016450288
4435,-0.016452206,-0.13125912642322576,-0.016452206
4436,-0.01644744,-0.07864299416812467,-0.01644744
4437,-0.10480791,0.02862259886265628,-0.10480791
4438,-0.10480791,-0.06518912937102439,-0.10480791
4439,0.07307573,-0.11165818582293802,0.07307573
4440,0.073070444,-0.1967720722045214,0.073070444
4441,-0.098197125,-0.048136022335749894,-0.098197125
4442,-0.109575614,-0.06870123678902527,-0.109575614
4443,-0.109573215,0.03776220394571072,-0.109573215
4444,-0.109573215,-0.02718915039776959,-0.109573215
4445,0.032512736,-0.12712886415421093,0.032512736
4446,-0.10865169,-0.02279985873085106,-0.10865169
4447,-0.10865169,-0.02279985873085106,-0.10865169
4448,-0.108657524,-0.1186979262186565,-0.108657524
4449,-0.10783559,-0.04819103182990901,-0.10783559
4450,-0.109649345,-0.22027338916762876,-0.109649345
4451,0.06333923,0.06103848693781114,0.06333923
4452,-0.09904901,-0.026546341522085484,-0.09904901
4453,-0.10780066,0.04545214281148991,-0.10780066
4454,-0.10972371,0.21536783284553823,-0.10972371
4455,0.0215759,0.06353608218579689,0.0215759
4456,0.021636965,0.01598913432530249,0.021636965
4457,0.021648824,-0.06714140246057922,0.021648824
4458,0.021686515,-0.013690136677621964,0.021686515
4459,0.020872472,0.017322995511920427,0.020872472
4460,0.021575963,-0.08116648819795412,0.021575963
4461,-0.123948604,-0.20799503073252984,-0.123948604
4462,0.021627996,-0.08014211931614768,0.021627996
4463,-0.12501565,-0.061716528029440255,-0.12501565
4464,-0.087991685,0.012585565123554448,-0.087991685
4465,-0.087991685,0.012585565123554448,-0.087991685
4466,-0.06429518,0.1000117034765434,-0.06429518
4467,-0.06436104,0.09574587841481004,-0.06436104
4468,-0.064356305,0.03983045305907068,-0.064356305
4469,-0.06429518,0.1000117034765434,-0.06429518
4470,-0.064356305,0.03983045305907068,-0.064356305
4471,-0.07437432,-0.08602971967960973,-0.07437432
4472,-0.03310909,0.05909506793074534,-0.03310909
4473,-0.119537905,-0.00024050782572257093,-0.119537905
4474,-0.10865176,-0.03813997386341604,-0.10865176
4475,-0.10872576,-0.04057048244518409,-0.10872576
4476,-0.109649375,-0.007460661341531031,-0.109649375
4477,-0.109649375,-0.07187073487442673,-0.109649375
4478,-0.10957888,-0.15220933294609118,-0.10957888
4479,0.026460843,0.08596259839025602,0.026460843
4480,-0.12494235,-0.09844110429300909,-0.12494235
4481,-0.12139114,-0.2326199974255819,-0.12139114
4482,-0.025997913,0.2664314228411388,-0.025997913
4483,-0.02599791,-0.0259920885144387,-0.02599791
4484,-0.0661977,0.034834817800811484,-0.0661977
4485,-0.0661977,0.034834817800811484,-0.0661977
4486,-0.10934581,0.013027278360824771,-0.10934581
4487,-0.07463884,0.04009370579852669,-0.07463884
4488,-0.08417239,-0.04623133592315463,-0.08417239
4489,-0.08082947,0.02628379882669542,-0.08082947
4490,-0.049091004,0.03855791918025644,-0.049091004
4491,0.07322163,-0.09928851125348344,0.07322163
4492,-0.10780233,0.007315580008235643,-0.10780233
4493,-0.108664855,0.008247336779451567,-0.108664855
4494,-0.09807297,0.06888341291156777,-0.09807297
4495,-0.09807297,-0.09430647361929359,-0.09807297
4496,-0.10951945,0.04306695650669877,-0.10951945
4497,-0.10951945,-0.0038522915950416625,-0.10951945
4498,-0.10964608,-0.0815139584329376,-0.10964608
4499,-0.10964608,-0.0837792189014298,-0.10964608
4500,-0.10963189,-0.15046653115531797,-0.10963189
4501,-0.06430962,0.030021536142734746,-0.06430962
4502,-0.06430962,0.030021536142734746,-0.06430962
4503,-0.074504085,-0.0916832494510053,-0.074504085
4504,-0.10236115,0.12455435743375178,-0.10236115
4505,-0.0876295,0.06712835724371312,-0.0876295
4506,-0.109568335,-0.034868505104659886,-0.109568335
4507,0.022693735,0.16756975031395893,0.022693735
4508,-0.08623633,0.002075968115210606,-0.08623633
4509,-0.08623633,-0.03770522617142922,-0.08623633
4510,-0.10972365,-0.11206146373076498,-0.10972365
4511,-0.011463575,-0.15956526599843218,-0.011463575
4512,-0.011463575,0.008667765149674635,-0.011463575
4513,-0.061197218,-0.02616364232331073,-0.061197218
4514,-0.061197218,-0.014426578647925084,-0.061197218
4515,-0.10869341,-0.05423112925531798,-0.10869341
4516,-0.10964908,-0.16345117713758536,-0.10964908
4517,-0.10971659,-0.33411599101611017,-0.10971659
4518,-0.10971659,0.00634642488992913,-0.10971659
4519,-0.10971659,-0.1774867607212101,-0.10971659
4520,-0.058166433,0.05590813780340662,-0.058166433
4521,-0.102894135,0.1188915054239716,-0.102894135
4522,-0.010456262,0.0346296687298354,-0.010456262
4523,-0.025983984,0.02799685269678136,-0.025983984
4524,-0.109638914,0.03241782183541159,-0.109638914
4525,-0.109557584,-0.07837265024354055,-0.109557584
4526,0.021654675,-0.02135660447048588,0.021654675
4527,-0.10874172,0.023391809680828452,-0.10874172
4528,0.07399164,0.044199108215066917,0.07399164
4529,0.082224384,0.0007670793106633372,0.082224384
4530,-0.10972366,-0.27117121980010495,-0.10972366
4531,0.024578517,0.09262185538218282,0.024578517
4532,-0.06094833,0.014520248898619987,-0.06094833
4533,-0.12372871,-0.2715945333519078,-0.12372871
4534,-0.023944354,-0.07734040323675573,-0.023944354
4535,-0.10872573,-0.05632908153115257,-0.10872573
4536,-0.10963207,-0.1343476241688157,-0.10963207
4537,0.021643527,-0.011198452364956674,0.021643527
4538,-0.10957312,-0.1778232964397557,-0.10957312
4539,-0.10891592,0.07071362968255548,-0.10891592
4540,0.020651642,0.011460160115540083,0.020651642
4541,0.020651642,0.011460160115540083,0.020651642
4542,0.020651642,0.10841598176466584,0.020651642
4543,0.020651642,0.10841598176466584,0.020651642
4544,-0.074635155,0.040796088469697935,-0.074635155
4545,-0.11982252,-0.22592069230294576,-0.11982252
4546,0.02166432,0.03617732682340541,0.02166432
4547,0.072965905,0.01277066408326323,0.072965905
4548,0.07297253,0.07586700317253177,0.07297253
4549,0.0730777,-0.16967855983432786,0.0730777
4550,0.082667105,-0.30993187466879507,0.082667105
4551,-0.10865166,-0.003428436748738695,-0.10865166
4552,0.07309987,0.09349060805760107,0.07309987
4553,0.02250134,0.02547854696886153,0.02250134
4554,-0.10957313,0.006264371379580264,-0.10957313
4555,-0.07194797,-0.024819800870971416,-0.07194797
4556,-0.106139556,-0.009012163598979108,-0.106139556
4557,-0.016385056,0.006193132968598929,-0.016385056
4558,-0.06422918,0.015173971188651506,-0.06422918
4559,-0.06435617,-0.0008900742965917002,-0.06435617
4560,-0.0813859,0.047974441883664114,-0.0813859
4561,-0.05629533,0.020238326611881435,-0.05629533
4562,-0.05629533,-0.04746937831770887,-0.05629533
4563,-0.11144084,0.22568492843934193,-0.11144084
4564,-0.09818738,-0.029142192199269078,-0.09818738
4565,-0.10773013,0.05539350851478053,-0.10773013
4566,-0.10872596,-0.13293078369549366,-0.10872596
4567,-0.109716594,-0.16596493832701928,-0.109716594
4568,0.021686397,0.013743805649551067,0.021686397
4569,0.024652578,-0.012770779702344151,0.024652578
4570,-0.09129437,-0.025018546576921968,-0.09129437
4571,-0.064359374,0.04471811665429697,-0.064359374
4572,-0.06429391,0.02246415518252325,-0.06429391
4573,-0.0330972,-0.04505611266989335,-0.0330972
4574,0.072969705,-0.003120576319886454,0.072969705
4575,0.072969705,0.015149397563608683,0.072969705
4576,-0.109575845,-0.07682459294210615,-0.109575845
4577,-0.109575845,-0.027281269370622575,-0.109575845
4578,-0.10955727,-0.06287387658491295,-0.10955727
4579,-0.1095572,-0.07960713298260284,-0.1095572
4580,-0.05869708,-0.042616824806364105,-0.05869708
4581,-0.121479586,-0.13015985156221005,-0.121479586
4582,-0.047139786,-0.08332217743517752,-0.047139786
4583,-0.04895721,-0.05561662029586291,-0.04895721
4584,-0.056294955,-0.01988366372894042,-0.056294955
4585,-0.0164415,-0.010207685733841603,-0.0164415
4586,-0.01642631,-0.0339012788013835,-0.01642631
4587,-0.011756291,-0.05715975718919358,-0.011756291
4588,-0.10480791,-0.016553598465514834,-0.10480791
4589,-0.10480791,-0.009807691350519936,-0.10480791
4590,-0.10780041,-0.03928036569474421,-0.10780041
4591,-0.12501898,-0.28612513810490703,-0.12501898
4592,-0.109557435,-0.13916357390918527,-0.109557435
4593,-0.10949318,-0.09474208711558668,-0.10949318
4594,-0.109640144,-0.08834270209745886,-0.109640144
4595,-0.10965073,-0.11302902973396353,-0.10965073
4596,-0.10966909,0.25687174441485144,-0.10966909
4597,-0.07170616,-0.0022230685148354246,-0.07170616
4598,-0.0060693566,-0.05690022206938505,-0.0060693566
4599,-0.10554512,-0.00989135000322213,-0.10554512
4600,-0.060459137,-0.058239189334547886,-0.060459137
4601,-0.061192345,0.0008302041492602927,-0.061192345
4602,-0.061131224,-0.0633280727855244,-0.061131224
4603,-0.06436049,0.11166384735105091,-0.06436049
4604,-0.06436049,0.11166384735105091,-0.06436049
4605,-0.083562754,-0.04863769223719911,-0.083562754
4606,-0.0868608,-0.02515467642339761,-0.0868608
4607,-0.08712173,0.0009990944163625148,-0.08712173
4608,-0.060936347,-0.01869237444999956,-0.060936347
4609,-0.060947865,0.00014392651643758774,-0.060947865
4610,-0.109494545,-0.10019856438853235,-0.109494545
4611,-0.060947,-0.0215978367371184,-0.060947
4612,-0.10957605,-0.01082755297772024,-0.10957605
4613,-0.10957605,-0.017619593777708463,-0.10957605
4614,-0.10957605,-0.017619593777708463,-0.10957605
4615,-0.109640345,-0.15916539242147865,-0.109640345
4616,-0.10964769,-0.12516341859310173,-0.10964769
4617,-0.10964769,-0.08194691333421429,-0.10964769
4618,-0.10964769,-0.061186706323173454,-0.10964769
4619,0.020734807,0.07213837400125668,0.020734807
4620,-0.10963752,-0.2209346168842229,-0.10963752
4621,-0.10963752,-0.2209346168842229,-0.10963752
4622,-0.10957605,0.03715036115881856,-0.10957605
4623,-0.10972383,-0.1400193015743917,-0.10972383
4624,0.020657193,0.030247887471517295,0.020657193
4625,-0.10965073,-0.20877566543302975,-0.10965073
4626,0.010116583,-0.0034207734769517066,0.010116583
4627,-0.10885894,-0.036257144656588816,-0.10885894
4628,-0.12312969,-0.1965873657490956,-0.12312969
4629,-0.06591729,-0.027394020465567187,-0.06591729
4630,-0.026773797,0.05044722211114904,-0.026773797
4631,-0.1097908,-0.32015724673188695,-0.1097908
4632,-0.123135656,-0.17639458110671774,-0.123135656
4633,-0.123135656,-0.17639458110671774,-0.123135656
4634,-0.123135656,-0.17639458110671774,-0.123135656
4635,0.020727377,-0.013945033591588628,0.020727377
4636,0.020727377,-0.013945033591588628,0.020727377
4637,0.020721864,0.04933504908823137,0.020721864
4638,0.020724501,-0.028801952731760574,0.020724501
4639,0.02080355,-0.12552943278360862,0.02080355
4640,0.020654315,0.025154960020949368,0.020654315
4641,-0.12313903,0.22841420969419474,-0.12313903
4642,-0.10972366,-0.23273317348824768,-0.10972366
4643,-0.060469594,-0.036223954937643986,-0.060469594
4644,-0.1144594,-0.05738385900540691,-0.1144594
4645,-0.10289235,0.0316854309414287,-0.10289235
4646,0.020651642,-0.031812266724347206,0.020651642
4647,0.020651642,-0.031812266724347206,0.020651642
4648,0.020651642,0.021092294126173545,0.020651642
4649,0.020651642,0.021092294126173545,0.020651642
4650,0.022617206,0.09325986397609921,0.022617206
4651,-0.109490246,-0.12443616832323194,-0.109490246
4652,-0.10865159,0.033205015633897564,-0.10865159
4653,0.021655273,0.0056293978775934315,0.021655273
4654,-0.037549473,0.013475650064888262,-0.037549473
4655,-0.102893546,0.012343173019815275,-0.102893546
4656,-0.09819909,-0.03523058634956515,-0.09819909
4657,-0.10964905,-0.19904135037372397,-0.10964905
4658,-0.10971641,-0.19144981369194938,-0.10971641
4659,-0.104964234,0.006141993240333739,-0.104964234
4660,-0.0643545,0.024025152069268436,-0.0643545
4661,-0.094211854,-0.04200845624115943,-0.094211854
4662,-0.07086,0.015902374264741226,-0.07086
4663,-0.0010421927,0.05504687825685774,-0.0010421927
4664,-0.10612817,-0.07068630666261659,-0.10612817
4665,-0.10612817,-0.0062073196867937375,-0.10612817
4666,-0.10612817,-0.0062073196867937375,-0.10612817
4667,-0.12475165,0.23370155596057338,-0.12475165
4668,-0.11346654,0.020638453872445207,-0.11346654
4669,-0.10964008,-0.2390600997560724,-0.10964008
4670,-0.10870588,0.006633297533276603,-0.10870588
4671,-0.10955752,0.06042473822750927,-0.10955752
4672,-0.10955752,-0.1676137131637562,-0.10955752
4673,-0.10480791,-0.019910154793357587,-0.10480791
4674,-0.105544984,0.02023361949073968,-0.105544984
4675,-0.10480791,-0.03074846167767138,-0.10480791
4676,-0.061192255,-0.1381087336809145,-0.061192255
4677,-0.06435562,0.1228031726681196,-0.06435562
4678,-0.06946727,0.007238380135585082,-0.06946727
4679,-0.10863427,-0.02456003551899273,-0.10863427
4680,-0.10971655,-0.2315600997624963,-0.10971655
4681,-0.09910314,-0.030787578357441326,-0.09910314
4682,-0.10957293,-0.1488269694848821,-0.10957293
4683,-0.109418735,0.01582753091576026,-0.109418735
4684,-0.098945096,-0.028956461353722623,-0.098945096
4685,-0.10964046,0.1905113457113981,-0.10964046
4686,-0.10971655,-0.17973548098901623,-0.10971655
4687,-0.109580554,-0.07937508687109118,-0.109580554
4688,-0.10964749,-0.054268371641708106,-0.10964749
4689,-0.109637484,0.01094006035379597,-0.109637484
4690,-0.109637484,0.01094006035379597,-0.109637484
4691,-0.109647654,-0.1372697281147823,-0.109647654
4692,-0.109494545,-0.049755451133263046,-0.109494545
4693,-0.109501645,-0.043674357247270104,-0.109501645
4694,-0.10957774,-0.03976406254827744,-0.10957774
4695,-0.09910647,-0.03481620206873958,-0.09910647
4696,-0.109649375,-0.15888256659874742,-0.109649375
4697,-0.109649375,-0.2282345586557014,-0.109649375
4698,-0.109649375,-0.15888256659874742,-0.109649375
4699,-0.109649375,-0.059058276643325185,-0.109649375
4700,-0.09911139,-0.009893933489231862,-0.09911139
4701,-0.10957313,-0.23933708876151782,-0.10957313
4702,-0.10957313,-0.23933708876151782,-0.10957313
4703,-0.10957313,-0.16538681828588317,-0.10957313
4704,-0.10964946,-0.0829853733632896,-0.10964946
4705,-0.10957789,-0.02877662076982085,-0.10957789
4706,-0.10958301,-0.01539726550290542,-0.10958301
4707,-0.10964949,-0.06539380058553446,-0.10964949
4708,-0.10964949,-0.07564048464728472,-0.10964949
4709,-0.09902689,-0.036834819309129484,-0.09902689
4710,-0.099028006,0.0170162233976751,-0.099028006
4711,-0.09910841,-0.03751611595173527,-0.09910841
4712,-0.099031545,0.0917664970064649,-0.099031545
4713,-0.099031545,0.09154865687713894,-0.099031545
4714,-0.099031545,0.0917664970064649,-0.099031545
4715,-0.099036835,0.08187299438947683,-0.099036835
4716,-0.09910841,0.04548320222448481,-0.09910841
4717,-0.09910648,0.051844798294050996,-0.09910648
4718,-0.10965073,-0.18629291372529777,-0.10965073
4719,-0.10965073,-0.2015128653654734,-0.10965073
4720,-0.10965073,-0.19803399174900008,-0.10965073
4721,-0.10957632,0.032453769944376,-0.10957632
4722,-0.10964769,-0.16860715798498327,-0.10964769
4723,-0.10964769,-0.09799817555017873,-0.10964769
4724,-0.10965026,-0.12545511486239594,-0.10965026
4725,-0.10965008,-0.19811447673902985,-0.10965008
4726,-0.109650664,-0.17397613265995987,-0.109650664
4727,-0.10965028,-0.2584518162003709,-0.10965028
4728,0.062488895,-0.10969809207221144,0.062488895
4729,-0.10964949,0.2148772766473286,-0.10964949
4730,0.020789608,-0.02000308230422888,0.020789608
4731,-0.113476574,-0.02799974660240708,-0.113476574
4732,-0.113502584,-0.12824676810439145,-0.113502584
4733,-0.10554373,-0.020330369790985004,-0.10554373
4734,-0.09654026,-0.007707208336840483,-0.09654026
4735,-0.025929542,-0.008512017484906341,-0.025929542
4736,-0.058756653,-0.09026676482408748,-0.058756653
4737,-0.071405895,0.10023433764958853,-0.071405895
4738,-0.06117121,-0.20175599690717172,-0.06117121
4739,-0.10854739,-0.044857693608664734,-0.10854739
4740,0.0739523,0.015906290423684966,0.0739523
4741,0.07313619,-0.05545924590300924,0.07313619
4742,-0.096518375,-0.022626220225318287,-0.096518375
4743,-0.096518375,-0.025042693465825903,-0.096518375
4744,0.020728415,-0.04688008588893079,0.020728415
4745,0.020742241,-0.029482830361775663,0.020742241
4746,0.020742243,0.08716883997897147,0.020742243
4747,0.020813728,0.014498948148688559,0.020813728
4748,0.020817932,-0.059486940050902805,0.020817932
4749,-0.10972347,-0.22473230125839078,-0.10972347
4750,-0.10971655,-0.21370941168848362,-0.10971655
4751,-0.07191185,-0.03404878184868007,-0.07191185
4752,-0.06414614,0.09048183632692304,-0.06414614
4753,-0.10965967,-0.08352575647999301,-0.10965967
4754,-0.047255404,-0.11436293849895954,-0.047255404
4755,-0.09557669,-0.06998113188009096,-0.09557669
4756,-0.08131868,0.06162541317691668,-0.08131868
4757,-0.019252352,-0.06938586520681057,-0.019252352
4758,-0.02394364,0.07357635336093568,-0.02394364
4759,-0.06031263,0.038929134985765834,-0.06031263
4760,-0.06425319,0.07146805822862384,-0.06425319
4761,-0.062518746,0.05314115110914468,-0.062518746
4762,-0.049097348,-0.026830056777741446,-0.049097348
4763,-0.11950659,-0.08712120314518536,-0.11950659
4764,-0.1078024,-0.10879923557061134,-0.1078024
4765,-0.08653283,0.08338631537119313,-0.08653283
4766,-0.109428294,-0.03926988403101313,-0.109428294
4767,-0.10957287,-0.11150932351501781,-0.10957287
4768,-0.109490305,0.00928779138486276,-0.109490305
4769,-0.109490305,-0.18406676844117786,-0.109490305
4770,0.039886013,-0.002461179619742593,0.039886013
4771,-0.088598445,0.006107074131600851,-0.088598445
4772,-0.107802294,0.036762388525444986,-0.107802294
4773,-0.09895095,-0.03723016940489763,-0.09895095
4774,-0.09903366,0.006518574463642969,-0.09903366
4775,-0.107878536,-0.03837900594154751,-0.107878536
4776,-0.109572835,-0.05036792688878751,-0.109572835
4777,-0.10957587,-0.12338260309607556,-0.10957587
4778,-0.10957234,-0.10034854053613489,-0.10957234
4779,-0.109501585,-0.08319459812677511,-0.109501585
4780,-0.0990503,-0.020426061825122806,-0.0990503
4781,-0.10950618,-0.06150906096915045,-0.10950618
4782,-0.10950618,-0.06150906096915045,-0.10950618
4783,-0.109576195,-0.059001925959879756,-0.109576195
4784,-0.0991064,0.018148172939595652,-0.0991064
4785,0.062488955,-0.021563727776102763,0.062488955
4786,0.07209314,-0.1020962247282906,0.07209314
4787,-0.109649315,-0.11332650271866657,-0.109649315
4788,-0.1095027,-0.06282479820756307,-0.1095027
4789,0.072166234,-0.06214323330226935,0.072166234
4790,-0.10957322,-0.1349142678327391,-0.10957322
4791,0.021654667,-0.0030702373672442133,0.021654667
4792,-0.09897045,0.029508204342066472,-0.09897045
4793,0.02158148,0.13412355449455013,0.02158148
4794,-0.10964769,-0.17505078184101422,-0.10964769
4795,-0.10964769,-0.09937647578723112,-0.10964769
4796,-0.10957307,-0.16576026066687424,-0.10957307
4797,0.021655833,-0.017810670857580754,0.021655833
4798,0.010109843,-0.011888201038289824,0.010109843
4799,-0.11343506,-0.016064676880745664,-0.11343506
4800,-0.10957289,-0.11932869921106562,-0.10957289
4801,-0.10964898,-0.10337458682643995,-0.10964898
4802,-0.10957289,-0.010300668176034308,-0.10957289
4803,-0.09903699,-0.03219633941772894,-0.09903699
4804,-0.10776591,-0.016124690760273404,-0.10776591
4805,-0.099110104,0.03377210027808156,-0.099110104
4806,-0.09903852,0.015031152095820823,-0.09903852
4807,-0.09903852,-0.06897397428499688,-0.09903852
4808,-0.098962426,0.011356277422022517,-0.098962426
4809,-0.09903386,-0.045645696907365536,-0.09903386
4810,-0.09903386,-0.04637717421214537,-0.09903386
4811,-0.09903386,-0.04637717421214537,-0.09903386
4812,-0.10872785,-0.03627827704321842,-0.10872785
4813,-0.10872785,0.011076527535957363,-0.10872785
4814,-0.10872785,0.011076527535957363,-0.10872785
4815,-0.10872785,-0.03627827704321842,-0.10872785
4816,-0.10872785,-0.03627827704321842,-0.10872785
4817,-0.10783755,0.008767565616505327,-0.10783755
4818,-0.10783755,-0.021782196693151935,-0.10783755
4819,-0.10958019,0.03024777562224938,-0.10958019
4820,-0.098957136,-0.039692845250658255,-0.098957136
4821,-0.098957136,0.035916385493583336,-0.098957136
4822,-0.098957136,-0.039692845250658255,-0.098957136
4823,-0.098957136,0.035916385493583336,-0.098957136
4824,-0.098957136,0.035916385493583336,-0.098957136
4825,-0.098957136,0.035916385493583336,-0.098957136
4826,-0.108656354,-0.06644514262038126,-0.108656354
4827,-0.108656354,-0.06644514262038126,-0.108656354
4828,-0.10787874,0.02925492994647922,-0.10787874
4829,-0.10950865,-0.08569934306436663,-0.10950865
4830,-0.09903867,-0.04828780415632525,-0.09903867
4831,-0.09903867,-0.04828780415632525,-0.09903867
4832,-0.09903867,-0.04828780415632525,-0.09903867
4833,-0.107802644,0.019589087497836534,-0.107802644
4834,0.07304267,-0.006284053315823564,0.07304267
4835,-0.109649375,-0.2584823146823353,-0.109649375
4836,-0.09896296,0.011213841729099613,-0.09896296
4837,-0.1078374,-0.0689956495448827,-0.1078374
4838,-0.09903699,-0.03219633941772894,-0.09903699
4839,-0.099110104,0.03377210027808156,-0.099110104
4840,-0.09896018,-0.007877477460135878,-0.09896018
4841,-0.098958306,-0.026901142790494804,-0.098958306
4842,0.021651572,-0.051403337909066794,0.021651572
4843,0.021651572,-0.051403337909066794,0.021651572
4844,0.021651572,-0.051403337909066794,0.021651572
4845,0.021651572,-0.051403337909066794,0.021651572
4846,0.02165152,0.12770436998940457,0.02165152
4847,-0.12312936,0.010870530852737703,-0.12312936
4848,0.021627994,-0.015978647301495896,0.021627994
4849,-0.12451777,-0.36312011797166294,-0.12451777
4850,-0.024496209,0.08868836370993255,-0.024496209
4851,-0.071339905,0.012294145406931337,-0.071339905
4852,-0.070667975,0.07225398314593813,-0.070667975
4853,-0.071401015,0.0860981522249524,-0.071401015
4854,-0.1008508,-0.056444250371486114,-0.1008508
4855,-0.12378037,-0.24003475897081644,-0.12378037
4856,-0.124026634,-0.2319908388336754,-0.124026634
4857,-0.124026634,-0.2319908388336754,-0.124026634
4858,-0.124026634,0.13408703943690453,-0.124026634
4859,-0.09910647,-0.029896846205486303,-0.09910647
4860,-0.09910647,-0.029896846205486303,-0.09910647
4861,-0.10957789,-0.044079302336635345,-0.10957789
4862,-0.10965073,-0.1998218219408167,-0.10965073
4863,-0.10957313,-0.06913278031354085,-0.10957313
4864,-0.061037418,-0.05171832162223468,-0.061037418
4865,-0.07133869,0.10524812088805217,-0.07133869
4866,-0.10871908,-0.00036749007765272913,-0.10871908
4867,-0.11041427,0.1768467876465885,-0.11041427
4868,-0.11041427,0.1768467876465885,-0.11041427
4869,-0.058705095,-0.07194576456772156,-0.058705095
4870,-0.064192414,0.04279796892077776,-0.064192414
4871,-0.07135434,0.01604300543328362,-0.07135434
4872,-0.047253408,-0.03588417327506061,-0.047253408
4873,-0.047255293,-0.11765237724336636,-0.047255293
4874,-0.109494545,-0.0026623830199179513,-0.109494545
4875,-0.07082388,-0.04669158492198927,-0.07082388
4876,-0.010924175,0.17076416746224782,-0.010924175
4877,-0.10972347,-0.09362347800536161,-0.10972347
4878,-0.12501127,-0.2415874974408611,-0.12501127
4879,-0.1028941,0.0031686643804003313,-0.1028941
4880,-0.01287162,-0.06555184649635457,-0.01287162
4881,-0.09895535,-0.06725955443226946,-0.09895535
4882,-0.06420163,0.09668610956348997,-0.06420163
4883,-0.124357976,-0.227583936725214,-0.124357976
4884,-0.0990336,0.003432079854072777,-0.0990336
4885,0.07304055,-0.026103250798101038,0.07304055
4886,-0.073849134,0.04994149080005396,-0.073849134
4887,-0.07384409,0.14901565095831404,-0.07384409
4888,-0.10950144,-0.11767506677048337,-0.10950144
4889,-0.10950735,-0.05823588111240131,-0.10950735
4890,-0.10872398,-0.03658734422215877,-0.10872398
4891,-0.108724095,-0.023739778786579995,-0.108724095
4892,-0.09904901,-0.019411241078041812,-0.09904901
4893,0.073041506,-0.0036895271650690302,0.073041506
4894,-0.0990338,-0.054698918746488044,-0.0990338
4895,0.07303728,-0.05300743030377385,0.07303728
4896,-0.099036925,0.04624038794817467,-0.099036925
4897,-0.099036925,0.04624038794817467,-0.099036925
4898,-0.099036925,0.04624038794817467,-0.099036925
4899,0.07310659,0.2132669703733754,0.07310659
4900,0.073102616,-0.038972325351425446,0.073102616
4901,-0.10942834,-0.03957493682247447,-0.10942834
4902,-0.108725876,-0.050685377946484575,-0.108725876
4903,-0.09889605,0.08714206999660136,-0.09889605
4904,-0.09889605,0.010316897252993404,-0.09889605
4905,-0.09889605,0.08714206999660136,-0.09889605
4906,-0.09889605,0.010316897252993404,-0.09889605
4907,-0.09889605,0.010316897252993404,-0.09889605
4908,-0.099036925,0.04624038794817467,-0.099036925
4909,-0.10776125,0.062097270738771804,-0.10776125
4910,-0.10872778,-0.07387429758449188,-0.10872778
4911,-0.10950859,-0.04003490048034454,-0.10950859
4912,-0.0990386,0.0030124525057765384,-0.0990386
4913,-0.0990386,0.0030124525057765384,-0.0990386
4914,-0.09897214,-0.0361037665296258,-0.09897214
4915,-0.09903694,0.017238871626671013,-0.09903694
4916,-0.09895708,-0.033722565936569214,-0.09895708
4917,-0.09889909,-0.009863535325348888,-0.09889909
4918,0.021651572,0.03326134048801312,0.021651572
4919,0.024253678,-0.08225143025486487,0.024253678
4920,-0.07140085,0.1077276442903393,-0.07140085
4921,-0.10957556,-0.17977900017106202,-0.10957556
4922,-0.10872785,-0.04867034413987725,-0.10872785
4923,0.082580656,0.2059997696538993,0.082580656
4924,0.07208383,9.752229802356118e-05,0.07208383
4925,0.07208383,9.752229802356118e-05,0.07208383
4926,-0.10957774,-0.05551403273272718,-0.10957774
4927,0.021651607,-0.01758118649209386,0.021651607
4928,0.021648519,0.0009621023413110899,0.021648519
4929,-0.103569865,-0.0497097309669905,-0.103569865
4930,-0.07133863,-0.022026957758531165,-0.07133863
4931,-0.02056667,-0.05193876382458482,-0.02056667
4932,-0.06449214,-0.008087765428275984,-0.06449214
4933,-0.06449214,0.0781986551367023,-0.06449214
4934,-0.123105064,0.21275238320561796,-0.123105064
4935,-0.123105064,-0.223590739504634,-0.123105064
4936,-0.09903699,-0.07459476718067405,-0.09903699
4937,-0.09903699,-0.07459476718067405,-0.09903699
4938,-0.099037044,0.015667892248428662,-0.099037044
4939,-0.10783755,-0.010644484887005336,-0.10783755
4940,-0.10872781,0.009513884246637327,-0.10872781
4941,-0.109649375,-0.20588721582947972,-0.109649375
4942,-0.09903455,-0.02954743111890482,-0.09903455
4943,-0.099110104,-0.03532778424077952,-0.099110104
4944,-0.099110104,-0.056917222288272666,-0.099110104
4945,0.02164846,-0.006295360618388531,0.02164846
4946,-0.09126335,-0.09160780469039102,-0.09126335
4947,-0.07067328,0.0017478080508338003,-0.07067328
4948,-0.04724967,0.05142471241052494,-0.04724967
4949,-0.047227874,-0.11625863951401816,-0.047227874
4950,-0.09557668,0.019769740195246438,-0.09557668
4951,-0.056291156,-0.037808755069337834,-0.056291156
4952,-0.080173165,0.00955409727497431,-0.080173165
4953,-0.08013717,0.039322717478523006,-0.08013717
4954,-0.08013717,0.022561787592251387,-0.08013717
4955,-0.071379885,0.1253589276288574,-0.071379885
4956,-0.062681064,0.0006089926132691326,-0.062681064
4957,-0.10957313,-0.05575184053836717,-0.10957313
4958,-0.0955761,-0.010305183470040637,-0.0955761
4959,-0.08958975,-0.0033521420048077005,-0.08958975
4960,-0.10779833,-0.008709713594982241,-0.10779833
4961,0.07395349,-0.183668127086001,0.07395349
4962,0.073945135,-0.002456575317393993,0.073945135
4963,-0.09897583,0.0013601363171777889,-0.09897583
4964,-0.09897583,0.0013601363171777889,-0.09897583
4965,-0.108725816,-0.08164705564872317,-0.108725816
4966,-0.099036865,0.007668913850572143,-0.099036865
4967,0.073041424,-0.19850967527081317,0.073041424
4968,-0.10776389,0.04315572320303683,-0.10776389
4969,-0.10776389,-0.027936942134705826,-0.10776389
4970,0.021651635,0.003916648123893423,0.021651635
4971,-0.113502584,-0.015131593265119574,-0.113502584
4972,-0.10780431,-0.07228015630775456,-0.10780431
4973,-0.10780622,-0.07374627187861567,-0.10780622
4974,-0.108725846,-0.12254520541660953,-0.108725846
4975,-0.108725846,-0.13246818016905812,-0.108725846
4976,-0.10872588,-0.05426609895586221,-0.10872588
4977,-0.18797536,0.1678719413196767,-0.18797536
4978,-0.18797536,0.1678719413196767,-0.18797536
4979,-0.18797536,0.1678719413196767,-0.18797536
4980,-0.06947768,-0.06449908115913866,-0.06947768
4981,-0.06947768,-0.023059719359897445,-0.06947768
4982,-0.061177555,-0.049803356213318294,-0.061177555
4983,-0.10871887,-0.03542158797988975,-0.10871887
4984,-0.099036925,0.007981169913197358,-0.099036925
4985,-0.0989759,0.047825789124883,-0.0989759
4986,-0.099036925,0.007981169913197358,-0.099036925
4987,-0.09911004,-0.01553052717184717,-0.09911004
4988,-0.09903696,0.010821137165397026,-0.09903696
4989,-0.10872775,-0.06419501300113498,-0.10872775
4990,-0.109649375,0.0434772013706626,-0.109649375
4991,-0.10872778,-0.07858219675656337,-0.10872778
4992,-0.108725876,-0.0738564136703569,-0.108725876
4993,-0.099036925,-0.10887814765087193,-0.099036925
4994,-0.099037044,0.16052365447585076,-0.099037044
4995,-0.07134929,0.07240815229838587,-0.07134929
4996,-0.09557658,0.04868567955382135,-0.09557658
4997,-0.10248158,-0.03898135450949639,-0.10248158
4998,-0.10972347,-0.02317183364871411,-0.10972347
4999,-0.09420716,0.04560733542391061,-0.09420716
5000,0.07398457,0.04209618895667744,0.07398457
5001,-0.10950745,-0.028327756980429705,-0.10950745
5002,-0.109640494,-0.0723401652124358,-0.109640494
5003,-0.069429025,0.022388106705064095,-0.069429025
5004,-0.1249402,-0.2708628933533658,-0.1249402
5005,-0.1231389,0.0022691226999030614,-0.1231389
5006,-0.1231389,0.0022691226999030614,-0.1231389
5007,-0.108561836,-0.10134358892379623,-0.108561836
5008,-0.10782721,-0.005394422851908537,-0.10782721
5009,-0.10779826,-0.1006649270430922,-0.10779826
5010,-0.09897244,-0.054890302708250745,-0.09897244
5011,-0.09900138,-0.002982292608755192,-0.09900138
5012,-0.04725082,-0.09804276312735258,-0.04725082
5013,-0.1095726,-0.1567586714429195,-0.1095726
5014,-0.11045523,0.21273729382991102,-0.11045523
5015,-0.06409338,-0.021066379902909604,-0.06409338
5016,-0.103569955,-0.030729039488496562,-0.103569955
5017,-0.105534315,-0.023235958152056754,-0.105534315
5018,-0.109572805,-0.09544086548709467,-0.109572805
5019,-0.10964024,-0.07821677800044068,-0.10964024
5020,-0.10780235,0.04337708232443704,-0.10780235
5021,-0.10780235,0.04337708232443704,-0.10780235
5022,-0.10780425,0.049852427987151664,-0.10780425
5023,-0.10196572,0.008280532380695314,-0.10196572
5024,-0.10780622,0.0021188953540312036,-0.10780622
5025,0.07305935,0.0782157205236807,0.07305935
5026,0.08265248,0.11567068013353644,0.08265248
5027,0.08265248,0.11567068013353644,0.08265248
5028,-0.07044999,0.11300227053389583,-0.07044999
5029,0.021980671,-0.012302066136473286,0.021980671
5030,-0.12408852,-0.3319726123934391,-0.12408852
5031,-0.10780428,-0.005999456152667744,-0.10780428
5032,-0.10955752,-0.01375110110878501,-0.10955752
5033,-0.10955752,-0.07955786064045675,-0.10955752
5034,-0.123135746,-0.17653762966786915,-0.123135746
5035,-0.123135746,0.18682338130840365,-0.123135746
5036,-0.109506816,0.01262492320179884,-0.109506816
5037,-0.10950699,-0.06821509481144042,-0.10950699
5038,-0.099031545,-0.08573226992387534,-0.099031545
5039,-0.09903669,-0.03090863316966666,-0.09903669
5040,-0.10957328,-0.16541256531712623,-0.10957328
5041,-0.09129433,-0.1432296048901808,-0.09129433
5042,0.011053825,0.08696155955736949,0.011053825
5043,-0.10957328,-0.09216232552007554,-0.10957328
5044,-0.07139821,0.020270764981169125,-0.07139821
5045,-0.07102206,0.05870377819250021,-0.07102206
5046,0.020894049,0.07135156889506826,0.020894049
5047,0.020754479,-0.02297726936132579,0.020754479
5048,-0.063839056,0.04298188426301074,-0.063839056
5049,0.07407404,0.013714407018051902,0.07407404
5050,0.020889483,-0.042765571980731644,0.020889483
5051,-0.07230056,0.004253326187332205,-0.07230056
5052,-0.10613638,-0.08814392760096869,-0.10613638
5053,-0.10613638,-0.08814392760096869,-0.10613638
5054,-0.10613638,-0.08814392760096869,-0.10613638
5055,-0.10613638,-0.08814392760096869,-0.10613638
5056,-0.10613638,-0.08814392760096869,-0.10613638
5057,-0.10613638,-0.08814392760096869,-0.10613638
5058,-0.10964943,-0.32229807220132767,-0.10964943
5059,-0.08959669,0.07942059578958002,-0.08959669
5060,-0.08959669,0.017525100427211504,-0.08959669
5061,-0.10780422,0.010714777787756575,-0.10780422
5062,-0.10780232,-0.06481755630427319,-0.10780232
5063,-0.10780235,-0.023307822645939353,-0.10780235
5064,-0.06947814,0.00881903294350207,-0.06947814
5065,-0.06947814,-0.02067053655576149,-0.06947814
5066,-0.06947814,-0.02067053655576149,-0.06947814
5067,-0.12313568,-0.11269119717226053,-0.12313568
5068,-0.12313568,0.1370790144792392,-0.12313568
5069,-0.12485043,-0.38615722775739103,-0.12485043
5070,-0.12485043,-0.38615722775739103,-0.12485043
5071,-0.109490305,-0.015613179098326723,-0.109490305
5072,-0.109490305,0.026502968582010417,-0.109490305
5073,-0.098962076,-0.006487647317754959,-0.098962076
5074,-0.098962076,-0.04842834536118747,-0.098962076
5075,-0.10783721,0.01570281161958903,-0.10783721
5076,-0.049104568,0.043162024587372776,-0.049104568
5077,-0.09903684,-0.051157406139392736,-0.09903684
5078,-0.09903684,-0.051157406139392736,-0.09903684
5079,-0.09903684,-0.051157406139392736,-0.09903684
5080,-0.1078374,-0.05775477041211138,-0.1078374
5081,-0.1078374,0.011917999782070659,-0.1078374
5082,-0.1078374,0.011917999782070659,-0.1078374
5083,-0.108656205,0.02663652315230842,-0.108656205
5084,-0.1078374,0.0267659949182709,-0.1078374
5085,-0.10783737,0.06796221276475785,-0.10783737
5086,-0.098962426,-0.053297026483170196,-0.098962426
5087,-0.09896296,-0.09059213551992291,-0.09896296
5088,-0.0990344,-0.027903684314764244,-0.0990344
5089,-0.10865176,-0.010410846203853078,-0.10865176
5090,-0.10972347,-0.28748182434283187,-0.10972347
5091,-0.047254972,-0.02563750476610951,-0.047254972
5092,-0.047247354,-0.014768126098294343,-0.047247354
5093,-0.109723754,-0.02490904656677369,-0.109723754
5094,0.021681013,0.06585726758216622,0.021681013
5095,-0.10780243,-0.06508924001345233,-0.10780243
5096,-0.095575154,-0.04211263897737204,-0.095575154
5097,-0.07037698,0.03262118951199308,-0.07037698
5098,-0.046808578,0.11217332883441734,-0.046808578
5099,-0.046808578,0.024304853895595984,-0.046808578
5100,-0.046808578,0.11217332883441734,-0.046808578
5101,-0.046808578,0.11217332883441734,-0.046808578
5102,-0.051850095,0.013103630929046471,-0.051850095
5103,-0.046808578,0.032273156311124936,-0.046808578
5104,0.030537542,0.06751591614789412,0.030537542
5105,-0.05547843,0.0138167817548832,-0.05547843
5106,-0.08223621,0.03663405499188374,-0.08223621
5107,-0.09050969,-0.0654041960197008,-0.09050969
5108,0.059092026,0.006564295846885708,0.059092026
5109,0.059092026,0.06855281397522811,0.059092026
5110,-0.05808961,0.002398587711523954,-0.05808961
5111,-0.046432234,-0.039473203062682975,-0.046432234
5112,-0.08223621,-0.013595056632372962,-0.08223621
5113,-0.023738544,0.05311823811549089,-0.023738544
5114,-0.05547843,0.03594537371562483,-0.05547843
5115,-0.06653898,-0.008528722377099833,-0.06653898
5116,-0.045519922,-0.041269752630683346,-0.045519922
5117,-0.08373427,-0.02758868570974805,-0.08373427
5118,-0.0032642588,-0.07681400284564383,-0.0032642588
5119,-0.0032642588,0.0006736889263603135,-0.0032642588
5120,-0.045521397,0.0032021213549506067,-0.045521397
5121,-0.045521397,-0.001983762016061957,-0.045521397
5122,-0.046808586,0.0003837858555067739,-0.046808586
5123,-0.029172078,0.07058072133364543,-0.029172078
5124,-0.029172078,-0.014655873983723623,-0.029172078
5125,-0.071352504,-0.09166318986869824,-0.071352504
5126,-0.045523446,0.04091601029454636,-0.045523446
5127,-0.045998614,0.01323567257129605,-0.045998614
5128,-0.045519605,-0.007855987076594451,-0.045519605
5129,-0.03654146,0.0139639578962174,-0.03654146
5130,-0.041191433,-0.04096353080106763,-0.041191433
5131,-0.07987285,0.04286435883311992,-0.07987285
5132,-0.07987285,-0.03116639617738802,-0.07987285
5133,-0.07278032,-0.008099354079057697,-0.07278032
5134,-0.071352504,0.0032742286300076187,-0.071352504
5135,-0.06583988,0.010939531397743375,-0.06583988
5136,-0.06378465,-0.02599115332232832,-0.06378465
5137,-0.063721575,0.0335149116513358,-0.063721575
5138,-0.037491895,0.013644602112878244,-0.037491895
5139,-0.057000566,0.02218145076727643,-0.057000566
5140,-0.063720666,0.027958950677865222,-0.063720666
5141,-0.03757517,-0.06668092378301695,-0.03757517
5142,0.030537542,-0.0677565464331818,0.030537542
5143,0.0020822862,0.049291674214946735,0.0020822862
5144,-0.07234389,0.053770166158123044,-0.07234389
5145,-0.07063662,0.047018935567258696,-0.07063662
5146,-0.07063662,0.11929915416984041,-0.07063662
5147,-0.07278032,0.06009259582061995,-0.07278032
5148,-0.066344835,0.04712374646764444,-0.066344835
5149,-0.068178035,-0.029671114699226484,-0.068178035
5150,-0.068178035,0.0359423191923199,-0.068178035
5151,-0.0906888,0.006276258440970917,-0.0906888
5152,-0.0906888,-0.014542121502878414,-0.0906888
5153,-0.0905401,-0.0010074465063191174,-0.0905401
5154,-0.0905401,-0.03785741569813895,-0.0905401
5155,-0.07116376,-0.04343929538363739,-0.07116376
5156,-0.07116376,0.02219903074022315,-0.07116376
5157,-0.076880775,-0.04101717935005188,-0.076880775
5158,-0.03757228,0.03090503513308504,-0.03757228
5159,-0.03757522,0.0017222592833716598,-0.03757522
5160,-0.046455655,0.08461735568062013,-0.046455655
5161,-0.04649436,-0.05458618274374888,-0.04649436
5162,-0.049109235,0.028171405436350806,-0.049109235
5163,-0.046432234,0.0024955294526072397,-0.046432234
5164,-0.07971838,-0.04669912247516012,-0.07971838
5165,-0.004377972,0.05667698449328786,-0.004377972
5166,-0.0043774145,0.030961772067964455,-0.0043774145
5167,-0.004377963,-0.0021889754415245124,-0.004377963
5168,-0.004377431,0.020498841424062057,-0.004377431
5169,-0.0043450897,0.04971044922158593,-0.0043450897
5170,-0.0043779686,0.07582398675590378,-0.0043779686
5171,-0.004377766,-0.0008233853577587213,-0.004377766
5172,-0.004377956,0.09786306849140378,-0.004377956
5173,-0.0043779216,0.022463420138329436,-0.0043779216
5174,-0.004372696,-0.005711329712958308,-0.004372696
5175,-0.0019522371,0.04560771072437014,-0.0019522371
5176,-0.0012310375,-0.005242951767270925,-0.0012310375
5177,0.0052806498,0.07098488638293683,0.0052806498
5178,0.0022070874,0.044421438635820445,0.0022070874
5179,0.0022119596,0.00281209190525945,0.0022119596
5180,0.0022330794,-0.057723148759101145,0.0022330794
5181,0.09379802,0.034769585775636505,0.09379802
5182,-0.0045287763,-0.03720930580608889,-0.0045287763
5183,-0.0021030405,0.05797497331927308,-0.0021030405
5184,-0.0013818409,0.0035284020573947655,-0.0013818409
5185,0.0051298477,-0.005514975439066215,0.0051298477
5186,0.0020562944,-0.011768090232576774,0.0020562944
5187,0.0020611666,-0.1959448234605813,0.0020611666
5188,0.09364726,0.19734222509966481,0.09364726
5189,-0.0043570576,0.023989542064767153,-0.0043570576
5190,-0.0723398,0.07977652902573548,-0.0723398
5191,-0.072316304,-0.018919927271230683,-0.072316304
5192,-0.0723163,-0.012383061306914984,-0.0723163
5193,-0.072343305,0.02875574641788131,-0.072343305
5194,-0.0723439,0.06330541553213154,-0.0723439
5195,-0.07234344,-0.00933100362274632,-0.07234344
5196,-0.07234373,0.03984437769901487,-0.07234373
5197,-0.07234389,0.008530928467564163,-0.07234389
5198,-0.07234389,0.03997607244997245,-0.07234389
5199,-0.041191433,0.03981353976580202,-0.041191433
5200,-0.09896948,0.060214522515887804,-0.09896948
5201,-0.024267305,0.16964248817984504,-0.024267305
5202,0.0037227687,0.05402980680189053,0.0037227687
5203,-0.0013478942,-0.05138657210032081,-0.0013478942
