row_index,feature_value,shap_value,color_by_self
0,1.0,-0.08941549570063555,1.0
1,1.0,-0.08941549570063555,1.0
2,4.0,-0.03462762587498175,4.0
3,1.0,-0.11375016109854114,1.0
4,1.0,-0.11375016109854114,1.0
5,4.0,-0.01121657087740213,4.0
6,1.0,-0.16406739958037092,1.0
7,1.0,-0.16406739958037092,1.0
8,1.0,-0.16406739958037092,1.0
9,1.0,-0.16406739958037092,1.0
10,1.0,-0.16406739958037092,1.0
11,1.0,-0.23184437992037266,1.0
12,1.0,-0.23184437992037266,1.0
13,1.0,-0.23184437992037266,1.0
14,4.0,-0.06881772902511044,4.0
15,5.0,0.1350921671018901,5.0
16,5.0,0.0561963510474643,5.0
17,1.0,-0.09546157962333342,1.0
18,5.0,0.031125035398750542,5.0
19,5.0,0.031125035398750542,5.0
20,5.0,0.031125035398750542,5.0
21,5.0,0.031125035398750542,5.0
22,5.0,0.031125035398750542,5.0
23,2.0,-0.0877113933292897,2.0
24,2.0,-0.0877113933292897,2.0
25,5.0,0.031125035398750542,5.0
26,2.0,-0.0877113933292897,2.0
27,2.0,-0.0877113933292897,2.0
28,5.0,0.031125035398750542,5.0
29,5.0,0.07992635086151359,5.0
30,5.0,0.07992635086151359,5.0
31,5.0,0.07992635086151359,5.0
32,5.0,0.07992635086151359,5.0
33,1.0,-0.12282244487692985,1.0
34,5.0,0.07992635086151359,5.0
35,1.0,-0.12282244487692985,1.0
36,2.0,-0.0953608141654579,2.0
37,5.0,0.07992635086151359,5.0
38,5.0,0.07992635086151359,5.0
39,2.0,-0.0953608141654579,2.0
40,5.0,0.07992635086151359,5.0
41,1.0,-0.21282442169644994,1.0
42,1.0,-0.21282442169644994,1.0
43,1.0,-0.11916703559792201,1.0
44,5.0,0.03411307992142813,5.0
45,5.0,0.12737283283405162,5.0
46,5.0,0.11275580998038962,5.0
47,5.0,0.11275580998038962,5.0
48,5.0,-0.02913219937330196,5.0
49,1.0,-0.061291038426531566,1.0
50,5.0,0.06429176320991546,5.0
51,5.0,0.06429176320991546,5.0
52,5.0,0.059355499347322906,5.0
53,4.0,-0.03269259266873943,4.0
54,1.0,-0.13761091460907335,1.0
55,1.0,-0.13761091460907335,1.0
56,1.0,-0.13761091460907335,1.0
57,5.0,0.030113589779098428,5.0
58,4.0,-0.009875912093450519,4.0
59,5.0,0.023553567910584473,5.0
60,5.0,0.023553567910584473,5.0
61,4.0,-0.03852809558204537,4.0
62,1.0,-0.10357345873554726,1.0
63,1.0,-0.10357345873554726,1.0
64,1.0,-0.10357345873554726,1.0
65,1.0,-0.10357345873554726,1.0
66,1.0,-0.10357345873554726,1.0
67,1.0,-0.10357345873554726,1.0
68,1.0,-0.10357345873554726,1.0
69,1.0,-0.10357345873554726,1.0
70,1.0,-0.35517313511338783,1.0
71,1.0,-0.14304331543818347,1.0
72,1.0,-0.14304331543818347,1.0
73,1.0,-0.14304331543818347,1.0
74,1.0,-0.10350833120489562,1.0
75,5.0,-0.009176405990016656,5.0
76,5.0,-0.009176405990016656,5.0
77,5.0,-0.009176405990016656,5.0
78,3.0,-0.0273218499844145,3.0
79,3.0,-0.0273218499844145,3.0
80,5.0,0.03887316884670041,5.0
81,5.0,0.03887316884670041,5.0
82,5.0,0.0592825740852879,5.0
83,5.0,0.0592825740852879,5.0
84,5.0,0.11768500498707095,5.0
85,5.0,0.11768500498707095,5.0
86,1.0,-0.08039502659067523,1.0
87,5.0,0.11768500498707095,5.0
88,5.0,0.08983903417623501,5.0
89,5.0,-0.008029894339668452,5.0
90,3.0,-0.1309142268111314,3.0
91,3.0,-0.1309142268111314,3.0
92,5.0,0.1341284530975372,5.0
93,1.0,0.05620364462498829,1.0
94,1.0,0.05620364462498829,1.0
95,1.0,-0.10502160220417939,1.0
96,4.0,0.0003570977768591149,4.0
97,4.0,0.0003570977768591149,4.0
98,1.0,-0.16674665879798908,1.0
99,5.0,0.02702919948808536,5.0
100,2.0,-0.042449598216488194,2.0
101,5.0,0.13158321383712407,5.0
102,1.0,-0.24368160149746132,1.0
103,1.0,-0.19961261992488943,1.0
104,1.0,-0.19961261992488943,1.0
105,4.0,-0.009482836796724403,4.0
106,5.0,0.023785707517020527,5.0
107,5.0,0.023785707517020527,5.0
108,5.0,0.023785707517020527,5.0
109,1.0,-0.19006022225871733,1.0
110,5.0,0.002571661327895754,5.0
111,1.0,-0.05528775934109107,1.0
112,1.0,-0.05528775934109107,1.0
113,1.0,-0.10390155399913645,1.0
114,1.0,-0.15076567235759072,1.0
115,1.0,-0.09191813193872338,1.0
116,1.0,-0.09191813193872338,1.0
117,1.0,-0.04475022881432975,1.0
118,1.0,-0.04475022881432975,1.0
119,1.0,-0.04475022881432975,1.0
120,1.0,-0.04475022881432975,1.0
121,1.0,-0.04475022881432975,1.0
122,5.0,0.04181927403976303,5.0
123,2.0,-0.08826198178532738,2.0
124,1.0,-0.06437633228498106,1.0
125,4.0,-0.027120412275288514,4.0
126,1.0,-0.2228980260145622,1.0
127,1.0,-0.2228980260145622,1.0
128,1.0,-0.2228980260145622,1.0
129,3.0,-0.06272317634613592,3.0
130,4.0,-0.025486111196333233,4.0
131,5.0,0.014018013065437176,5.0
132,5.0,-0.013372931427122061,5.0
133,5.0,-0.034687048713947545,5.0
134,1.0,-0.05611579115276399,1.0
135,1.0,-0.05611579115276399,1.0
136,1.0,-0.05149825158862555,1.0
137,1.0,-0.05149825158862555,1.0
138,1.0,-0.006143793978170974,1.0
139,1.0,0.01226817169839728,1.0
140,1.0,0.01226817169839728,1.0
141,1.0,-0.21860982544125915,1.0
142,1.0,-0.21860982544125915,1.0
143,1.0,0.011111837542624108,1.0
144,1.0,0.011111837542624108,1.0
145,1.0,-0.19976358397212712,1.0
146,1.0,-0.19976358397212712,1.0
147,1.0,-0.20990395717148294,1.0
148,1.0,-0.20990395717148294,1.0
149,2.0,-0.009196906009242934,2.0
150,5.0,0.09013229564561057,5.0
151,5.0,0.09013229564561057,5.0
152,1.0,-0.09272545551307443,1.0
153,5.0,0.10530077793435104,5.0
154,5.0,0.09832915391623756,5.0
155,1.0,-0.1417046871412988,1.0
156,1.0,0.0047885199647458385,1.0
157,1.0,-0.05874234887975471,1.0
158,5.0,0.03489454512326559,5.0
159,5.0,0.09420459826869239,5.0
160,5.0,0.07958757541503042,5.0
161,5.0,0.07958757541503042,5.0
162,1.0,-0.09906782294479327,1.0
163,4.0,0.08706242024093645,4.0
164,5.0,-5.750131915917625e-05,5.0
165,1.0,-0.19095080051874985,1.0
166,1.0,-0.023443802319013836,1.0
167,1.0,-0.023443802319013836,1.0
168,5.0,0.10228518071813136,5.0
169,2.0,0.017462736387380086,2.0
170,2.0,0.017462736387380086,2.0
171,5.0,0.10228518071813136,5.0
172,2.0,0.017462736387380086,2.0
173,1.0,0.019217720283898603,1.0
174,1.0,-0.04142079844193132,1.0
175,1.0,-0.04142079844193132,1.0
176,5.0,0.03775309012838698,5.0
177,1.0,-0.13136765581193277,1.0
178,1.0,-0.23596918200685899,1.0
179,1.0,-0.23596918200685899,1.0
180,5.0,0.053374409285073345,5.0
181,1.0,-0.1702819664030697,1.0
182,5.0,0.09642437120831687,5.0
183,2.0,-0.13920669829385882,2.0
184,5.0,0.09642437120831687,5.0
185,1.0,0.01222939085688565,1.0
186,1.0,-0.048414577025629194,1.0
187,1.0,-0.048414577025629194,1.0
188,5.0,0.12767425249202224,5.0
189,5.0,0.11305722963836025,5.0
190,5.0,0.11305722963836025,5.0
191,5.0,0.11305722963836025,5.0
192,1.0,-0.2227533122280236,1.0
193,1.0,-0.061570987904461645,1.0
194,5.0,-0.0017375831654883546,5.0
195,5.0,-0.0017375831654883546,5.0
196,5.0,-0.0017375831654883546,5.0
197,5.0,0.21436611044209034,5.0
198,2.0,-0.11692337829007625,2.0
199,5.0,-0.023335079748657565,5.0
200,5.0,-0.023335079748657565,5.0
201,5.0,0.13857990832162467,5.0
202,1.0,-0.01684904159709231,1.0
203,1.0,0.07895547169526884,1.0
204,5.0,0.04912431300098061,5.0
205,5.0,0.04912431300098061,5.0
206,1.0,0.12162953621697466,1.0
207,5.0,0.04912431300098061,5.0
208,5.0,0.04912431300098061,5.0
209,1.0,-0.041658425426923815,1.0
210,1.0,-0.041658425426923815,1.0
211,1.0,-0.03717163519416407,1.0
212,5.0,0.04523735621292072,5.0
213,5.0,0.04523735621292072,5.0
214,5.0,0.04523735621292072,5.0
215,2.0,-0.03705451789240564,2.0
216,2.0,-0.03705451789240564,2.0
217,1.0,-0.06305302100119302,1.0
218,5.0,0.02484797913621931,5.0
219,5.0,0.02484797913621931,5.0
220,5.0,0.02484797913621931,5.0
221,5.0,0.02484797913621931,5.0
222,5.0,0.02484797913621931,5.0
223,5.0,0.02484797913621931,5.0
224,5.0,0.12736407214705547,5.0
225,5.0,0.12736407214705547,5.0
226,5.0,0.12736407214705547,5.0
227,1.0,-0.10276720902911583,1.0
228,1.0,-0.08718243012576307,1.0
229,1.0,-0.15964225724412082,1.0
230,1.0,-0.11055663669075544,1.0
231,1.0,-0.11055663669075544,1.0
232,1.0,-0.11055663669075544,1.0
233,1.0,-0.11055663669075544,1.0
234,1.0,-0.11055663669075544,1.0
235,1.0,-0.11055663669075544,1.0
236,4.0,-0.041480968735016575,4.0
237,1.0,-0.02653760425255461,1.0
238,1.0,-0.060109086670466716,1.0
239,1.0,-0.15322676704212393,1.0
240,1.0,-0.2107898078237944,1.0
241,5.0,0.0565402185318206,5.0
242,5.0,0.0565402185318206,5.0
243,5.0,0.0565402185318206,5.0
244,5.0,0.0565402185318206,5.0
245,5.0,0.0565402185318206,5.0
246,1.0,-0.18242120915382792,1.0
247,1.0,-0.18242120915382792,1.0
248,1.0,-0.18242120915382792,1.0
249,5.0,0.09829718622063005,5.0
250,5.0,0.09829718622063005,5.0
251,5.0,0.09829718622063005,5.0
252,5.0,0.09829718622063005,5.0
253,5.0,0.09829718622063005,5.0
254,5.0,0.01844267356824254,5.0
255,5.0,0.01844267356824254,5.0
256,4.0,-0.028147516355302715,4.0
257,4.0,-0.028147516355302715,4.0
258,4.0,-0.0383142182574929,4.0
259,1.0,-0.13402972406566924,1.0
260,1.0,-0.20785440085364035,1.0
261,1.0,-0.20785440085364035,1.0
262,1.0,-0.06571803558404893,1.0
263,4.0,0.02874577601440419,4.0
264,1.0,0.038923637871747865,1.0
265,1.0,0.038923637871747865,1.0
266,1.0,0.038923637871747865,1.0
267,4.0,-0.0063968208682981115,4.0
268,1.0,-0.16459751937084646,1.0
269,1.0,0.005661123187007376,1.0
270,1.0,0.005661123187007376,1.0
271,1.0,0.005661123187007376,1.0
272,1.0,0.005661123187007376,1.0
273,1.0,0.005661123187007376,1.0
274,4.0,-0.09834631328949832,4.0
275,1.0,-0.16113280222774587,1.0
276,1.0,-0.09602521160177661,1.0
277,5.0,-0.199772613604645,5.0
278,5.0,0.028278878309353963,5.0
279,5.0,0.028278878309353963,5.0
280,5.0,0.028278878309353963,5.0
281,5.0,0.028278878309353963,5.0
282,1.0,-0.048055294933813955,1.0
283,2.0,-0.017135346921555744,2.0
284,4.0,-0.018748689976857354,4.0
285,4.0,-0.02626499294606352,4.0
286,1.0,-0.14466509394246888,1.0
287,1.0,-0.14466509394246888,1.0
288,5.0,0.04340540808343654,5.0
289,1.0,-0.21702537337674316,1.0
290,1.0,-0.061932651312249155,1.0
291,1.0,-0.061932651312249155,1.0
292,1.0,-0.061932651312249155,1.0
293,1.0,-0.20274559432907913,1.0
294,5.0,0.0012430380644195592,5.0
295,1.0,-0.011881665869375942,1.0
296,1.0,-0.11262769734400817,1.0
297,1.0,-0.0718522324098971,1.0
298,2.0,-0.0016355554757276018,2.0
299,2.0,-0.0016355554757276018,2.0
300,2.0,-0.0016355554757276018,2.0
301,5.0,-0.004834940449024017,5.0
302,5.0,-0.004834940449024017,5.0
303,5.0,-0.004834940449024017,5.0
304,5.0,-0.004834940449024017,5.0
305,5.0,-0.004834940449024017,5.0
306,5.0,0.13451092273904708,5.0
307,5.0,0.13451092273904708,5.0
308,5.0,0.14104924092658092,5.0
309,5.0,0.0253667750512401,5.0
310,2.0,-0.06110271014069647,2.0
311,5.0,0.0253667750512401,5.0
312,2.0,-0.06110271014069647,2.0
313,2.0,-0.09032410859063106,2.0
314,2.0,-0.09032410859063106,2.0
315,2.0,-0.09032410859063106,2.0
316,2.0,-0.04388724941345769,2.0
317,1.0,0.013311972533941622,1.0
318,1.0,0.013311972533941622,1.0
319,1.0,-0.05582477509462124,1.0
320,1.0,-0.05582477509462124,1.0
321,1.0,-0.16260183924385094,1.0
322,1.0,-0.16260183924385094,1.0
323,1.0,-0.014782401534848479,1.0
324,1.0,-0.17248084446615958,1.0
325,1.0,-0.17248084446615958,1.0
326,1.0,-0.17248084446615958,1.0
327,1.0,-0.17248084446615958,1.0
328,5.0,-0.07887317118465435,5.0
329,1.0,-0.21423291156689636,1.0
330,1.0,-0.14189518766220116,1.0
331,1.0,-0.11221665099094846,1.0
332,5.0,0.030597418278232,5.0
333,5.0,0.03079308852552268,5.0
334,5.0,0.03079308852552268,5.0
335,1.0,0.014357473476300262,1.0
336,5.0,0.049936542468882954,5.0
337,5.0,0.07121562737116925,5.0
338,5.0,0.07121562737116925,5.0
339,5.0,0.07121562737116925,5.0
340,5.0,0.07121562737116925,5.0
341,5.0,0.05248811914884581,5.0
342,5.0,0.06169939747092284,5.0
343,5.0,0.0749156097512338,5.0
344,4.0,-0.019229817098429434,4.0
345,4.0,-0.019229817098429434,4.0
346,4.0,-0.019229817098429434,4.0
347,1.0,-0.1524938900537824,1.0
348,1.0,-0.1524938900537824,1.0
349,1.0,-0.11819650011118667,1.0
350,5.0,-0.0012592729076910877,5.0
351,5.0,0.15300521801477407,5.0
352,5.0,0.15300521801477407,5.0
353,2.0,-0.08558857001780903,2.0
354,2.0,0.06364589187772238,2.0
355,2.0,-0.11199672335286827,2.0
356,1.0,-0.12418687924817337,1.0
357,1.0,-0.06674067722322967,1.0
358,1.0,-0.06674067722322967,1.0
359,1.0,0.06337970092886248,1.0
360,1.0,-0.21885031171032612,1.0
361,3.0,0.05829506716544033,3.0
362,5.0,0.011397268345779074,5.0
363,5.0,0.011397268345779074,5.0
364,5.0,0.07961168131155759,5.0
365,5.0,0.07961168131155759,5.0
366,1.0,-0.16107047598718424,1.0
367,1.0,-0.2017887071950272,1.0
368,1.0,-0.06840485268221416,1.0
369,5.0,-0.06798002308510431,5.0
370,5.0,0.04518321861064409,5.0
371,2.0,-0.0053870547815602484,2.0
372,2.0,-0.0053870547815602484,2.0
373,2.0,0.015651784575862554,2.0
374,2.0,0.015651784575862554,2.0
375,1.0,-0.11842145635720425,1.0
376,5.0,0.058240173338327435,5.0
377,5.0,0.12036566411896582,5.0
378,5.0,0.12036566411896582,5.0
379,5.0,0.05445191367026219,5.0
380,5.0,0.009016280401732676,5.0
381,5.0,0.14075559597169424,5.0
382,1.0,-0.07697691690536466,1.0
383,5.0,0.034981118362921726,5.0
384,5.0,0.034981118362921726,5.0
385,5.0,0.034981118362921726,5.0
386,5.0,0.1916774179269957,5.0
387,5.0,0.1916774179269957,5.0
388,5.0,0.1916774179269957,5.0
389,5.0,0.010920139999224657,5.0
390,5.0,0.010920139999224657,5.0
391,5.0,0.010920139999224657,5.0
392,5.0,0.07264382338079434,5.0
393,5.0,0.07264382338079434,5.0
394,5.0,0.07264382338079434,5.0
395,5.0,0.07724712121186424,5.0
396,5.0,0.07724712121186424,5.0
397,5.0,0.07724712121186424,5.0
398,5.0,0.10210347346909997,5.0
399,5.0,0.10210347346909997,5.0
400,5.0,0.10210347346909997,5.0
401,5.0,0.09624042203150854,5.0
402,5.0,0.09624042203150854,5.0
403,5.0,0.09624042203150854,5.0
404,1.0,0.023498931368177926,1.0
405,1.0,0.023498931368177926,1.0
406,1.0,0.023498931368177926,1.0
407,5.0,-0.005598789868251808,5.0
408,5.0,-0.005598789868251808,5.0
409,1.0,-0.01588624951621802,1.0
410,5.0,0.11306647577207729,5.0
411,4.0,-0.030691722665385647,4.0
412,4.0,-0.008209735259854974,4.0
413,1.0,-0.09858293164594605,1.0
414,5.0,0.034715225188906705,5.0
415,5.0,0.01350027562934886,5.0
416,2.0,-0.0811294990427397,2.0
417,2.0,-0.034897647381291697,2.0
418,2.0,-0.034897647381291697,2.0
419,5.0,0.1191042411165279,5.0
420,2.0,-0.016870331418825914,2.0
421,2.0,-0.024061994774729555,2.0
422,1.0,0.02433371193351363,1.0
423,5.0,0.09262504089006325,5.0
424,5.0,0.09262504089006325,5.0
425,5.0,0.09262504089006325,5.0
426,5.0,0.02662584710981186,5.0
427,5.0,0.02662584710981186,5.0
428,5.0,0.02662584710981186,5.0
429,5.0,0.04347548590530408,5.0
430,1.0,-0.10231276466600582,1.0
431,1.0,-0.19315827724000376,1.0
432,1.0,-0.11003307717607094,1.0
433,1.0,-0.10740432864593405,1.0
434,1.0,-0.04178104053314837,1.0
435,1.0,-0.04178104053314837,1.0
436,1.0,0.032450730252482816,1.0
437,1.0,-0.1180848174212729,1.0
438,1.0,0.004253306053951612,1.0
439,1.0,0.004253306053951612,1.0
440,1.0,-0.0987583563854272,1.0
441,1.0,-0.0987583563854272,1.0
442,1.0,-0.047246651529526854,1.0
443,1.0,-0.10642301288459512,1.0
444,1.0,-0.15939563825335057,1.0
445,5.0,0.06761858078001873,5.0
446,1.0,-0.01777518585500531,1.0
447,1.0,-0.09861966257864961,1.0
448,1.0,-0.1579704536447941,1.0
449,1.0,-0.13183964975949386,1.0
450,1.0,-0.11544699635531061,1.0
451,1.0,-0.19232906224233468,1.0
452,1.0,-0.1358440253313342,1.0
453,1.0,-0.05702227586651865,1.0
454,5.0,0.08328335046414476,5.0
455,4.0,-0.02070520945877293,4.0
456,5.0,0.06793736605582679,5.0
457,1.0,-0.018278256392936298,1.0
458,5.0,0.05643577366131384,5.0
459,4.0,-0.027413191815605278,4.0
460,5.0,0.053757527183404055,5.0
461,5.0,0.053757527183404055,5.0
462,5.0,0.08276929745047198,5.0
463,5.0,0.08276929745047198,5.0
464,5.0,0.007865281978004601,5.0
465,5.0,0.007865281978004601,5.0
466,5.0,0.007865281978004601,5.0
467,1.0,-0.11617987604427456,1.0
468,5.0,0.06950211220954175,5.0
469,5.0,0.009439635846206967,5.0
470,5.0,0.04828628763786193,5.0
471,5.0,0.03366926478419993,5.0
472,5.0,0.03851442052168827,5.0
473,4.0,0.034651784167434335,4.0
474,1.0,-0.14498618236254016,1.0
475,5.0,0.03913496122012193,5.0
476,5.0,0.05143997718929816,5.0
477,5.0,0.06342953318955362,5.0
478,5.0,0.03142457744505186,5.0
479,5.0,0.08281949608265146,5.0
480,5.0,0.027186047405287687,5.0
481,5.0,0.036241751163254926,5.0
482,5.0,0.12507876673166615,5.0
483,5.0,-0.006593004474059857,5.0
484,4.0,-0.030229111796312404,4.0
485,4.0,-0.030229111796312404,4.0
486,4.0,0.012856159519057454,4.0
487,5.0,0.11875518939378588,5.0
488,5.0,0.011844039884554266,5.0
489,5.0,0.029191484067565256,5.0
490,5.0,0.010138256664016186,5.0
491,5.0,-0.04934188237472134,5.0
492,5.0,0.009202365590798324,5.0
493,5.0,0.011886233298256166,5.0
494,5.0,-0.048100203540780526,5.0
495,5.0,-0.06812300299729418,5.0
496,2.0,-0.025613228535368106,2.0
497,5.0,0.028791454194483364,5.0
498,5.0,0.0287878088877482,5.0
499,5.0,0.033380295192009614,5.0
500,5.0,0.033380295192009614,5.0
501,5.0,0.0007068709246897168,5.0
502,5.0,0.0007068709246897168,5.0
503,5.0,0.04174082922591714,5.0
504,2.0,-0.05331235604476284,2.0
505,2.0,-0.033247252720360304,2.0
506,2.0,-0.045914838524577124,2.0
507,2.0,-0.10003052489300286,2.0
508,2.0,-0.07900753278919412,2.0
509,2.0,-0.1161527439533694,2.0
510,2.0,-0.1076481458222306,2.0
511,2.0,-0.1076481458222306,2.0
512,2.0,-0.024061994774729555,2.0
513,2.0,-0.034387794160759794,2.0
514,2.0,-0.02076702150427377,2.0
515,5.0,0.23533168885721098,5.0
516,5.0,0.23533168885721098,5.0
517,2.0,0.11445028289186794,2.0
518,5.0,0.07475275343100198,5.0
519,5.0,0.08276663351364613,5.0
520,5.0,0.1245691843050966,5.0
521,5.0,0.1245691843050966,5.0
522,5.0,0.012454526310820434,5.0
523,4.0,-0.039656739042111845,4.0
524,1.0,-0.016629304185160957,1.0
525,1.0,-0.016629304185160957,1.0
526,5.0,0.0022293477137690504,5.0
527,5.0,0.0901874250536942,5.0
528,5.0,0.027316018310454694,5.0
529,1.0,0.03669245510966115,1.0
530,1.0,-0.11056595815351102,1.0
531,1.0,-0.010600693586160798,1.0
532,1.0,-0.03957429948381304,1.0
533,1.0,-0.03957429948381304,1.0
534,1.0,-0.09976415617274872,1.0
535,1.0,-0.014302278834878609,1.0
536,1.0,-0.1790284975603398,1.0
537,5.0,0.036758729821205365,5.0
538,5.0,0.06720941864156328,5.0
539,2.0,-0.04876658873148562,2.0
540,3.0,-0.026804493398582537,3.0
541,3.0,-0.026804493398582537,3.0
542,2.0,0.0018132649904238508,2.0
543,1.0,-0.04150362991286662,1.0
544,1.0,0.005059883655265673,1.0
545,1.0,-0.11265401718560279,1.0
546,1.0,-0.11296766054907455,1.0
547,1.0,0.023872257932563427,1.0
548,1.0,-0.21369891167649072,1.0
549,1.0,-0.027369922617256418,1.0
550,1.0,-0.1135420729585767,1.0
551,1.0,-0.022311388923658484,1.0
552,1.0,0.005385988364269231,1.0
553,5.0,0.10502596325019001,5.0
554,1.0,-0.21113645318228907,1.0
555,1.0,-0.1946416189824233,1.0
556,1.0,-0.072738781098679,1.0
557,1.0,-0.15258421244484957,1.0
558,1.0,-0.15258421244484957,1.0
559,1.0,-0.049184482022143504,1.0
560,1.0,-0.10218233934159573,1.0
561,1.0,-0.27427171203155093,1.0
562,1.0,-0.14171180033688466,1.0
563,1.0,-0.09028933550923013,1.0
564,1.0,0.07807580094781474,1.0
565,1.0,-0.13915690874251369,1.0
566,1.0,-0.05036493575652018,1.0
567,1.0,-0.11885593878251413,1.0
568,1.0,0.03537831487659054,1.0
569,1.0,-0.20424737708366977,1.0
570,1.0,0.008730154561013864,1.0
571,1.0,-0.015034047751428943,1.0
572,1.0,0.005195505697511569,1.0
573,1.0,-0.13576612584938533,1.0
574,1.0,-0.07846772188032859,1.0
575,1.0,-0.1314154380353488,1.0
576,1.0,0.0159500291774861,1.0
577,1.0,-0.2375312392285411,1.0
578,1.0,-0.025053165712519955,1.0
579,1.0,-0.13438809325679013,1.0
580,1.0,0.04799966536667359,1.0
581,1.0,-0.14506550468316357,1.0
582,1.0,-0.1944246394917549,1.0
583,1.0,0.01773066318625872,1.0
584,4.0,-0.007337864407460102,4.0
585,4.0,-0.0553162570088954,4.0
586,1.0,-0.06466639803073856,1.0
587,5.0,0.0162058641997497,5.0
588,4.0,-0.07842944312517412,4.0
589,1.0,-0.20360216237215753,1.0
590,5.0,0.01443756229133175,5.0
591,5.0,0.01443756229133175,5.0
592,2.0,-0.055149259185224724,2.0
593,2.0,-0.046820717181801544,2.0
594,1.0,0.03161910205408831,1.0
595,1.0,-0.1122905217507906,1.0
596,2.0,-0.0320882401574075,2.0
597,2.0,-0.09898856300941786,2.0
598,5.0,0.010993600630345046,5.0
599,5.0,0.010993600630345046,5.0
600,1.0,-0.18755894645320803,1.0
601,1.0,-0.03552534037523045,1.0
602,1.0,-0.1698640216438214,1.0
603,5.0,0.1109318554683453,5.0
604,5.0,0.00648927960127276,5.0
605,5.0,0.00648927960127276,5.0
606,1.0,-0.02394032550905831,1.0
607,1.0,-0.14028632372980637,1.0
608,1.0,-0.1609997183553583,1.0
609,1.0,-0.12424953888348832,1.0
610,1.0,-0.11717846364791999,1.0
611,1.0,-0.002155124784395671,1.0
612,5.0,0.04916858321399234,5.0
613,4.0,-0.01564165007776974,4.0
614,4.0,-0.01564165007776974,4.0
615,4.0,-0.10921473992339319,4.0
616,4.0,-0.019509291600326002,4.0
617,5.0,0.01886672213485215,5.0
618,5.0,-0.03527202872909502,5.0
619,5.0,-0.03527202872909502,5.0
620,5.0,0.1395409798050119,5.0
621,5.0,0.1395409798050119,5.0
622,5.0,0.05147510480935424,5.0
623,5.0,0.11726064895191696,5.0
624,5.0,0.08718972573350978,5.0
625,5.0,-0.048227936423843834,5.0
626,1.0,0.09596778870908179,1.0
627,5.0,0.017934505917406515,5.0
628,5.0,0.017934505917406515,5.0
629,1.0,-0.1587276396173754,1.0
630,5.0,0.06697967257848446,5.0
631,2.0,-0.11810314664018537,2.0
632,5.0,0.12779408954421462,5.0
633,5.0,0.12766428216493533,5.0
634,5.0,0.07436740761080265,5.0
635,5.0,-0.002261093416457767,5.0
636,5.0,0.06185928508464593,5.0
637,5.0,-0.11809383837637827,5.0
638,1.0,-0.12165748063399061,1.0
639,5.0,0.1200200148377785,5.0
640,4.0,-0.011416074610369031,4.0
641,5.0,0.03808059389184105,5.0
642,5.0,0.01338567525160336,5.0
643,5.0,0.01338567525160336,5.0
644,5.0,0.019311541713721594,5.0
645,5.0,0.019311541713721594,5.0
646,5.0,0.0031033748983048484,5.0
647,5.0,-0.24142423169973495,5.0
648,5.0,0.03727639151734936,5.0
649,5.0,0.054082026807266266,5.0
650,5.0,0.054082026807266266,5.0
651,5.0,0.0015341014308603894,5.0
652,5.0,0.06272100436242184,5.0
653,5.0,-0.006184603315700401,5.0
654,5.0,0.023296437629230733,5.0
655,5.0,0.058517435355842896,5.0
656,5.0,0.07717653182935345,5.0
657,5.0,0.07717653182935345,5.0
658,4.0,-0.015940040588288035,4.0
659,4.0,-0.015940040588288035,4.0
660,5.0,0.08070818818214345,5.0
661,5.0,0.11014429735524618,5.0
662,5.0,0.026691328946969153,5.0
663,5.0,0.11728660169836418,5.0
664,5.0,0.1050776087365912,5.0
665,5.0,0.10343376455186343,5.0
666,5.0,0.0888212676532083,5.0
667,5.0,0.07135905859615853,5.0
668,5.0,0.0872136927501662,5.0
669,1.0,-0.035564897961182625,1.0
670,1.0,0.07236488813665194,1.0
671,1.0,-0.07096413315761708,1.0
672,4.0,-0.037612480121346485,4.0
673,5.0,0.04183709348966094,5.0
674,5.0,-0.17422852864163302,5.0
675,5.0,0.049177378111591875,5.0
676,5.0,0.09228354104456886,5.0
677,5.0,0.07376141195864254,5.0
678,5.0,0.08817817745403503,5.0
679,5.0,0.07206029138443401,5.0
680,5.0,0.11428430684306193,5.0
681,5.0,0.06187884865489816,5.0
682,5.0,0.02478605672061505,5.0
683,5.0,0.08443165831523888,5.0
684,5.0,0.06080599006419694,5.0
685,5.0,0.04617638365740024,5.0
686,5.0,0.01871056561573111,5.0
687,5.0,0.00012910621770819732,5.0
688,5.0,0.03631868791235878,5.0
689,5.0,-0.028463745483783418,5.0
690,5.0,0.041086567771080704,5.0
691,5.0,-0.014688346417463855,5.0
692,5.0,0.06116545357063879,5.0
693,5.0,0.02336859337625688,5.0
694,5.0,0.09013309071334641,5.0
695,5.0,0.03722929845891211,5.0
696,5.0,-0.030224064913240062,5.0
697,5.0,0.03965745198684554,5.0
698,5.0,0.04168423221693129,5.0
699,5.0,0.05005724858643777,5.0
700,5.0,0.046271644606219145,5.0
701,5.0,0.057742658914868523,5.0
702,5.0,0.0818219473414131,5.0
703,5.0,0.08227418563717287,5.0
704,5.0,0.09757533689849054,5.0
705,5.0,0.05003315546182847,5.0
706,5.0,0.05269644161803957,5.0
707,5.0,0.03701628490884806,5.0
708,5.0,0.036301208951779386,5.0
709,5.0,0.09640833968768102,5.0
710,5.0,0.034019850674779216,5.0
711,5.0,0.05233902180416198,5.0
712,5.0,0.08962576467517974,5.0
713,5.0,0.09892910718036417,5.0
714,2.0,0.00216878520168479,2.0
715,2.0,-0.08049642847551555,2.0
716,2.0,-0.029205879808349527,2.0
717,2.0,-0.1501561918689983,2.0
718,2.0,-0.03916167469429326,2.0
719,2.0,-0.06343423498124716,2.0
720,5.0,-0.013091781489418464,5.0
721,5.0,0.0183192142502371,5.0
722,5.0,0.05021884954904065,5.0
723,5.0,0.05021884954904065,5.0
724,5.0,0.021931619619146726,5.0
725,5.0,0.09164358931899627,5.0
726,5.0,0.016735424176508324,5.0
727,5.0,0.08403946243811128,5.0
728,5.0,0.018293857218093422,5.0
729,1.0,-0.06906461229511802,1.0
730,1.0,-0.041199430370645856,1.0
731,2.0,-0.19406827188154027,2.0
732,5.0,0.09834139082481094,5.0
733,5.0,0.0284251053476605,5.0
734,1.0,-0.12876881841822704,1.0
735,1.0,-0.06316825076753436,1.0
736,1.0,-0.07007517972522091,1.0
737,1.0,0.019850161900828854,1.0
738,1.0,-0.1183655184829526,1.0
739,5.0,0.007064535692451577,5.0
740,5.0,0.03804248915532281,5.0
741,5.0,0.09324441914498059,5.0
742,5.0,0.03562916166310119,5.0
743,5.0,0.08161614287099425,5.0
744,5.0,0.04599504449788734,5.0
745,5.0,0.05945277708217302,5.0
746,5.0,0.11626820054171526,5.0
747,5.0,0.03561424431720309,5.0
748,1.0,-0.15921856761041003,1.0
749,1.0,-0.10421248016407433,1.0
750,3.0,-0.013433944702063877,3.0
751,1.0,0.02653510163822363,1.0
752,1.0,-0.1974498883149855,1.0
753,1.0,-0.16103167026562093,1.0
754,1.0,-0.12342301978706709,1.0
755,1.0,-0.18918316974539667,1.0
756,1.0,-0.10265670945391323,1.0
757,1.0,-0.15917988869482913,1.0
758,1.0,-0.19237550991539853,1.0
759,1.0,-0.15306534209350614,1.0
760,2.0,0.009791099097791045,2.0
761,4.0,-0.005681654354117131,4.0
762,2.0,-0.03475170225680633,2.0
763,3.0,-0.03925478941767904,3.0
764,3.0,-0.1250219404449231,3.0
765,5.0,0.029956728062175062,5.0
766,5.0,0.04038382902014754,5.0
767,3.0,-0.0345445466410788,3.0
768,1.0,-0.14480624309068002,1.0
769,1.0,-0.15144176187046035,1.0
770,1.0,-0.10892179700150996,1.0
771,1.0,-0.1502243933413546,1.0
772,1.0,-0.15192104759451053,1.0
773,1.0,-0.17006816964126614,1.0
774,1.0,-0.11758273120778061,1.0
775,1.0,0.028229632390272007,1.0
776,1.0,-0.2415535726111146,1.0
777,1.0,-0.025248219705019507,1.0
778,1.0,-0.12655592345519193,1.0
779,1.0,-0.4267091674517144,1.0
780,1.0,0.05818011267487632,1.0
781,1.0,0.015697988734853917,1.0
782,1.0,0.16893844916558176,1.0
783,1.0,-0.12685686704867208,1.0
784,1.0,-0.09416080645159816,1.0
785,1.0,0.05603666908660414,1.0
786,1.0,-0.19887478645651288,1.0
787,1.0,0.06271137658630065,1.0
788,1.0,-0.23929098099828203,1.0
789,1.0,0.06079652976595754,1.0
790,1.0,0.0028730440753200943,1.0
791,1.0,-0.12909429171735115,1.0
792,1.0,-0.09175416351034249,1.0
793,2.0,-0.19679236456324384,2.0
794,5.0,-0.04465360303012155,5.0
795,1.0,-0.14331851115882505,1.0
796,1.0,0.010769372032269306,1.0
797,1.0,0.011238828098406265,1.0
798,1.0,-0.1000088354463376,1.0
799,1.0,0.03519787281821711,1.0
800,1.0,0.038638310796759744,1.0
801,1.0,-0.14827013139029863,1.0
802,1.0,-0.12329566431191154,1.0
803,1.0,-0.23943378868257315,1.0
804,1.0,0.05048362568353142,1.0
805,1.0,-0.19043340858762134,1.0
806,1.0,0.08009769086773441,1.0
807,1.0,-0.1352395210934607,1.0
808,1.0,0.006009258877860297,1.0
809,1.0,-0.11134702773080925,1.0
810,1.0,0.016228467442017863,1.0
811,1.0,-0.09651893316634606,1.0
812,1.0,-0.18105426093167334,1.0
813,1.0,0.013971404135782867,1.0
814,1.0,-0.12390454999065337,1.0
815,1.0,-0.007098796242412207,1.0
816,1.0,-0.19566044534651325,1.0
817,1.0,0.027470688637176888,1.0
818,1.0,-0.1283702654613654,1.0
819,1.0,0.02839661306356804,1.0
820,1.0,-0.11579779876982119,1.0
821,5.0,0.09295279879557866,5.0
822,5.0,0.11532160403291866,5.0
823,1.0,0.032946419795513764,1.0
824,5.0,0.030632675057355816,5.0
825,1.0,0.04362714250066893,1.0
826,5.0,0.013837440589813264,5.0
827,5.0,-0.028407239941439677,5.0
828,1.0,-0.03095287582216411,1.0
829,1.0,0.0956597051273645,1.0
830,1.0,-0.11526570113265165,1.0
831,1.0,0.015522238605180637,1.0
832,1.0,-0.0634803912525738,1.0
833,1.0,0.005939590493824629,1.0
834,1.0,0.044641472051421556,1.0
835,1.0,-0.03025841042249571,1.0
836,1.0,0.06044919453515799,1.0
837,1.0,0.07880351268271822,1.0
838,1.0,-0.08375413394621872,1.0
839,1.0,-0.00594222741875242,1.0
840,1.0,-0.15907588280572715,1.0
841,1.0,-0.11682088395463501,1.0
842,1.0,-0.05371920870681993,1.0
843,5.0,0.024978197112698976,5.0
844,5.0,0.12372306273349647,5.0
845,5.0,0.08751922307202759,5.0
846,3.0,-0.1031350048346175,3.0
847,1.0,-0.06404474875382021,1.0
848,1.0,-0.036487294434947394,1.0
849,1.0,-0.06179574746261725,1.0
850,1.0,-0.12607695925825135,1.0
851,1.0,-0.18632788704834516,1.0
852,1.0,0.05998085275207547,1.0
853,1.0,-0.07912851621793858,1.0
854,1.0,0.024572736400965745,1.0
855,1.0,-0.08722859503318471,1.0
856,1.0,0.07099730918311778,1.0
857,1.0,-0.06615923392571706,1.0
858,1.0,-0.11084058694640905,1.0
859,1.0,-0.05449846457647447,1.0
860,1.0,-0.13162676547256352,1.0
861,1.0,-0.04465833491885908,1.0
862,1.0,0.0034987448271657923,1.0
863,1.0,-0.17547375199994358,1.0
864,1.0,-0.020271389330442542,1.0
865,1.0,-0.028854676087485445,1.0
866,1.0,-0.0578268563438266,1.0
867,1.0,0.10631159141505225,1.0
868,1.0,-0.04864446567679207,1.0
869,1.0,-0.24423683220962203,1.0
870,1.0,-0.0932663088139733,1.0
871,1.0,-0.15426517984882676,1.0
872,5.0,0.06975778543553418,5.0
873,5.0,0.0987836596079206,5.0
874,5.0,0.032143513556255304,5.0
875,5.0,0.06551535212294181,5.0
876,5.0,-0.07901964066944892,5.0
877,1.0,-0.10835220778558616,1.0
878,1.0,-0.13177808377242362,1.0
879,1.0,-0.19933402298519007,1.0
880,1.0,0.014248310996221692,1.0
881,1.0,-0.24526181285469673,1.0
882,1.0,-0.12481210835607155,1.0
883,1.0,-0.04521001079414166,1.0
884,1.0,-0.07691786153265953,1.0
885,1.0,-0.15238065761838648,1.0
886,1.0,0.04100409238863352,1.0
887,1.0,-0.10627052332910966,1.0
888,1.0,-0.006448881010687748,1.0
889,1.0,-0.2448528638724179,1.0
890,1.0,0.03554928728098663,1.0
891,1.0,-0.10070290194713973,1.0
892,4.0,-0.033111694762207815,4.0
893,4.0,-0.04886966523827929,4.0
894,4.0,-0.05286756586726969,4.0
895,1.0,-0.12772144077948194,1.0
896,4.0,0.012237115875093766,4.0
897,4.0,-0.09649896119341857,4.0
898,1.0,-0.047050926887915547,1.0
899,1.0,-0.14278470503194454,1.0
900,4.0,-0.011276220593102106,4.0
901,4.0,0.0035794797244715643,4.0
902,1.0,-0.046670342340750764,1.0
903,1.0,0.02349557420380739,1.0
904,1.0,-0.2052944608288584,1.0
905,4.0,-0.05791107158504355,4.0
906,4.0,-0.01643037619481106,4.0
907,4.0,0.0157317311839307,4.0
908,4.0,-0.02133778174376534,4.0
909,1.0,0.04707942058750142,1.0
910,5.0,0.09143358652286006,5.0
911,5.0,0.04568694912128328,5.0
912,1.0,0.08780410469948838,1.0
913,1.0,-0.11264977214827816,1.0
914,1.0,-0.05081127477881067,1.0
915,5.0,0.01857814071639337,5.0
916,5.0,0.22309002032811545,5.0
917,5.0,0.0822985122995128,5.0
918,5.0,0.10585737952652452,5.0
919,5.0,0.015803456953025943,5.0
920,5.0,0.04010235819650135,5.0
921,5.0,0.019864024572057916,5.0
922,5.0,0.09589913290692673,5.0
923,5.0,0.05672022465521707,5.0
924,5.0,0.07468329086676032,5.0
925,5.0,0.07363896858604098,5.0
926,5.0,0.047376804735799624,5.0
927,5.0,0.007714387520445711,5.0
928,5.0,0.005720282909162545,5.0
929,5.0,0.059794644448949795,5.0
930,5.0,0.08572301895687409,5.0
931,4.0,-0.009229219926775344,4.0
932,4.0,-0.03838690129669035,4.0
933,4.0,-0.08988434378447671,4.0
934,1.0,0.05703095235494203,1.0
935,1.0,-0.1146197539817557,1.0
936,1.0,-0.07003480183758277,1.0
937,1.0,-0.15231266268472052,1.0
938,1.0,-0.16985838035415357,1.0
939,1.0,-0.06450896327346914,1.0
940,5.0,-0.04394771645917728,5.0
941,1.0,-0.09426165040804851,1.0
942,1.0,-0.07040320568014449,1.0
943,1.0,-0.08128849396892422,1.0
944,1.0,-0.16290507092734166,1.0
945,1.0,-0.09710731328009216,1.0
946,1.0,-0.13359666773003415,1.0
947,1.0,-0.16629238796547144,1.0
948,5.0,-0.013438271916694807,5.0
949,5.0,0.03642658293755912,5.0
950,5.0,0.04790975243733467,5.0
951,5.0,0.06004447516935493,5.0
952,5.0,0.12364924910479307,5.0
953,5.0,0.08993020738396179,5.0
954,4.0,-0.022484487174053346,4.0
955,1.0,-0.05385124333281581,1.0
956,1.0,-0.054847188243067106,1.0
957,1.0,-0.059129196006952364,1.0
958,1.0,-0.1381036795647601,1.0
959,5.0,0.1715162017862513,5.0
960,5.0,0.030310680306436168,5.0
961,2.0,0.11054954581318353,2.0
962,5.0,0.09490744704508444,5.0
963,1.0,-0.07827444197578587,1.0
964,1.0,-0.05690334923058585,1.0
965,1.0,-0.05690334923058585,1.0
966,5.0,0.14018095310106646,5.0
967,5.0,-0.10995934789390999,5.0
968,5.0,0.08291330303959465,5.0
969,5.0,0.04426735777407338,5.0
970,5.0,-0.0436222002475932,5.0
971,5.0,0.06801893314662404,5.0
972,5.0,0.050324256933227736,5.0
973,5.0,0.03590669977263197,5.0
974,5.0,0.09047625933392346,5.0
975,1.0,-0.0660723116254839,1.0
976,1.0,-0.15281821282852553,1.0
977,1.0,0.010150989939781016,1.0
978,1.0,-0.022856440578590778,1.0
979,1.0,-0.1777036994255214,1.0
980,1.0,-0.04592135981121096,1.0
981,1.0,0.039212557787788045,1.0
982,1.0,0.10228183940711817,1.0
983,1.0,-0.05913816746812807,1.0
984,1.0,-0.11409666398137906,1.0
985,1.0,-0.1587547575994699,1.0
986,5.0,-0.043013882745847026,5.0
987,5.0,-0.1424630140970784,5.0
988,5.0,-0.3666575533613933,5.0
989,5.0,-0.16588673602247136,5.0
990,5.0,-0.22575086135251843,5.0
991,5.0,-0.0020659746726253516,5.0
992,5.0,0.09690865769167263,5.0
993,5.0,0.05350517916115344,5.0
994,5.0,0.024718578836811035,5.0
995,5.0,0.04873609458087279,5.0
996,4.0,-0.04580335027710488,4.0
997,4.0,-0.00449041799489181,4.0
998,4.0,-0.007314855562042713,4.0
999,1.0,-0.05512645852422352,1.0
1000,1.0,-0.09904167809062422,1.0
1001,1.0,-0.003258411395610852,1.0
1002,1.0,0.3158525635276251,1.0
1003,1.0,-0.28649845706739296,1.0
1004,1.0,-0.0864926727814317,1.0
1005,1.0,-0.11113555785777281,1.0
1006,1.0,-0.03046192309090631,1.0
1007,1.0,-0.16107872465234355,1.0
1008,1.0,0.031063403717426163,1.0
1009,1.0,-0.12288307569199687,1.0
1010,5.0,0.03898987031736114,5.0
1011,5.0,-0.008817206992061519,5.0
1012,1.0,-0.10510854346329432,1.0
1013,5.0,0.01479171815071965,5.0
1014,5.0,0.006074130619064384,5.0
1015,5.0,-0.04217675102767564,5.0
1016,5.0,-0.0024888055243950987,5.0
1017,5.0,0.07091021222762642,5.0
1018,5.0,0.008733354292838006,5.0
1019,5.0,0.00031715767573319714,5.0
1020,5.0,0.043537459267079644,5.0
1021,5.0,0.07505022321656252,5.0
1022,5.0,0.012847128256481363,5.0
1023,5.0,-0.014496010689850887,5.0
1024,5.0,0.07752224196355442,5.0
1025,1.0,-0.0024766962202537957,1.0
1026,2.0,-0.08084680918556113,2.0
1027,2.0,-0.03653263987538728,2.0
1028,2.0,-0.0363883198804271,2.0
1029,5.0,-0.013746103169097315,5.0
1030,5.0,0.034310875263844305,5.0
1031,5.0,0.08913415795539992,5.0
1032,5.0,0.1064484814103212,5.0
1033,5.0,0.09374657230570971,5.0
1034,5.0,0.029025842227078272,5.0
1035,5.0,0.11027107321336604,5.0
1036,5.0,-0.0008513668526912918,5.0
1037,5.0,0.001348629099844935,5.0
1038,5.0,0.06700225349434835,5.0
1039,5.0,0.11968683095487002,5.0
1040,1.0,-0.13816392637821007,1.0
1041,1.0,-0.15375873517527983,1.0
1042,5.0,0.06758377464198001,5.0
1043,5.0,0.11949792506305353,5.0
1044,5.0,0.03125936406349696,5.0
1045,5.0,0.06541191164956595,5.0
1046,1.0,-0.03794517725454783,1.0
1047,1.0,-0.16674999005490812,1.0
1048,1.0,0.011528130993888469,1.0
1049,1.0,-0.1906977844917765,1.0
1050,1.0,-0.15724356017003205,1.0
1051,1.0,0.05052437274618556,1.0
1052,1.0,0.0049694899505228285,1.0
1053,1.0,-0.13188670170853226,1.0
1054,1.0,-0.060733478058128086,1.0
1055,1.0,-0.325274880595769,1.0
1056,1.0,-0.32000172227003454,1.0
1057,1.0,-0.0793253024083466,1.0
1058,1.0,-0.0784567064662123,1.0
1059,1.0,0.004194043731541942,1.0
1060,1.0,-0.14226546790935,1.0
1061,1.0,-0.16955212972472739,1.0
1062,1.0,-0.12019884827455313,1.0
1063,1.0,-0.08675185441826415,1.0
1064,1.0,-0.0654834353406112,1.0
1065,1.0,-0.08343537903618176,1.0
1066,1.0,-0.30863816700333774,1.0
1067,1.0,-0.08570128961856759,1.0
1068,1.0,-0.15465093736424773,1.0
1069,1.0,-0.06167311894505246,1.0
1070,1.0,-0.03089932894776266,1.0
1071,5.0,0.08518279347657606,5.0
1072,5.0,0.024582890558853248,5.0
1073,5.0,0.041767958432258764,5.0
1074,1.0,-0.14641121880500468,1.0
1075,1.0,-0.1737957513844211,1.0
1076,5.0,0.0441910299097795,5.0
1077,5.0,0.04152936156535736,5.0
1078,1.0,-0.03984446502530475,1.0
1079,1.0,-0.16173431722831794,1.0
1080,1.0,-0.27796546490616986,1.0
1081,1.0,-0.032792488423328936,1.0
1082,5.0,0.016182209484017954,5.0
1083,5.0,0.01878424353617996,5.0
1084,5.0,0.048726474897337474,5.0
1085,5.0,0.027136934367757624,5.0
1086,5.0,0.1894110298058424,5.0
1087,5.0,0.01536772160883803,5.0
1088,5.0,0.09730549791173956,5.0
1089,5.0,0.1314793307215394,5.0
1090,5.0,-0.022347714226062347,5.0
1091,5.0,0.10226218110563862,5.0
1092,5.0,0.13611027812466517,5.0
1093,2.0,-0.01839284029711609,2.0
1094,5.0,0.06867823385621595,5.0
1095,5.0,0.04639287202148425,5.0
1096,5.0,0.014994627107263743,5.0
1097,5.0,0.1499656943019787,5.0
1098,5.0,0.15802191662386503,5.0
1099,5.0,0.08867329893103285,5.0
1100,5.0,0.15357704756510743,5.0
1101,5.0,0.07479531186217746,5.0
1102,5.0,0.027488118869075366,5.0
1103,5.0,0.12299200501056885,5.0
1104,5.0,0.06415351944197392,5.0
1105,5.0,0.092999172317466,5.0
1106,1.0,-0.03410509623126586,1.0
1107,1.0,-0.08730502295271485,1.0
1108,5.0,0.06173924244928192,5.0
1109,5.0,0.04851544737588221,5.0
1110,5.0,0.061217580554913976,5.0
1111,5.0,0.04135598778166322,5.0
1112,5.0,0.020327737525842215,5.0
1113,5.0,0.07198892309259063,5.0
1114,5.0,-0.011976318056976507,5.0
1115,5.0,0.008606132819269866,5.0
1116,5.0,0.10826376328955466,5.0
1117,1.0,-0.05088944599003266,1.0
1118,1.0,-0.040622628411492195,1.0
1119,1.0,-0.13017260139872214,1.0
1120,1.0,-0.08568017226750356,1.0
1121,1.0,0.3565680961901793,1.0
1122,1.0,0.020679354084092494,1.0
1123,5.0,0.12353682971014669,5.0
1124,5.0,0.10064836141403324,5.0
1125,1.0,-0.17375948417937867,1.0
1126,1.0,-0.01620172926556708,1.0
1127,1.0,-0.1330989274030833,1.0
1128,1.0,0.024511874532035054,1.0
1129,1.0,-0.018584557110406998,1.0
1130,1.0,-0.1359109208851063,1.0
1131,1.0,-0.12881900036040403,1.0
1132,4.0,-0.033314892918788974,4.0
1133,4.0,-0.11056497675337279,4.0
1134,4.0,-0.0976525105893788,4.0
1135,5.0,0.09747390248278755,5.0
1136,5.0,0.060315089843470074,5.0
1137,5.0,0.09050841651403632,5.0
1138,5.0,0.15050553700411756,5.0
1139,5.0,0.06991854390399166,5.0
1140,5.0,0.10065426677906916,5.0
1141,5.0,0.05041048603104067,5.0
1142,5.0,0.07798808094883435,5.0
1143,5.0,0.04234980405614679,5.0
1144,1.0,-0.2288088060115122,1.0
1145,4.0,-0.08932090241785712,4.0
1146,1.0,-0.15256556271711608,1.0
1147,1.0,-0.1715222725258902,1.0
1148,1.0,-0.1106815825864655,1.0
1149,5.0,0.08145016336249432,5.0
1150,5.0,0.07962128439502203,5.0
1151,5.0,0.030056222004249726,5.0
1152,5.0,-0.004742875941846637,5.0
1153,5.0,0.024985451547336848,5.0
1154,5.0,0.023533778439887486,5.0
1155,5.0,0.14413220701132,5.0
1156,5.0,0.08030587492653529,5.0
1157,4.0,-0.10292872771463348,4.0
1158,5.0,0.04461796733341008,5.0
1159,5.0,0.08075464247170892,5.0
1160,5.0,0.10227496649530118,5.0
1161,5.0,0.07584360762235935,5.0
1162,5.0,0.06959136396971448,5.0
1163,5.0,0.021765561501256046,5.0
1164,5.0,0.03628396140722496,5.0
1165,5.0,0.11734879945137748,5.0
1166,5.0,-0.041425319480953716,5.0
1167,5.0,-0.03619966375195855,5.0
1168,5.0,-0.039769679250875496,5.0
1169,1.0,-0.0791712015484977,1.0
1170,1.0,0.026257032269155548,1.0
1171,1.0,-0.05148962996225368,1.0
1172,5.0,-0.1764782822393154,5.0
1173,5.0,0.005423992179658114,5.0
1174,5.0,0.006448256249400017,5.0
1175,1.0,-0.09187594112973857,1.0
1176,5.0,0.0961745348639975,5.0
1177,5.0,0.07441671306920486,5.0
1178,5.0,0.14889421538376646,5.0
1179,5.0,0.09694780325364753,5.0
1180,5.0,0.09984381273869264,5.0
1181,5.0,0.06710096170255062,5.0
1182,5.0,0.07774574921505777,5.0
1183,4.0,0.022386902159272578,4.0
1184,4.0,-0.008044149981876404,4.0
1185,1.0,-0.0794357576597799,1.0
1186,1.0,-0.17807048528912228,1.0
1187,4.0,0.013512380436726248,4.0
1188,4.0,-0.008086771863461316,4.0
1189,5.0,0.03186216234366915,5.0
1190,5.0,0.03403625079680453,5.0
1191,5.0,-0.01224953190686806,5.0
1192,5.0,0.05723392357209436,5.0
1193,5.0,0.04223320950511889,5.0
1194,5.0,-0.03814150098832088,5.0
1195,5.0,0.05301416559922734,5.0
1196,5.0,-0.02068839323486525,5.0
1197,5.0,-0.00633381919665281,5.0
1198,5.0,0.009348249926324003,5.0
1199,5.0,0.012081757082258369,5.0
1200,5.0,0.06430395782011053,5.0
1201,5.0,-0.004318753997364486,5.0
1202,5.0,0.013933175054703532,5.0
1203,5.0,0.08291913779641835,5.0
1204,5.0,0.02852538721768835,5.0
1205,5.0,0.04186852699514548,5.0
1206,5.0,0.019258258989880893,5.0
1207,5.0,0.0615009961921832,5.0
1208,5.0,0.015346055670057472,5.0
1209,5.0,-0.014300217856101785,5.0
1210,1.0,-0.08660764402903985,1.0
1211,5.0,0.0572237247611365,5.0
1212,5.0,0.03129137745839393,5.0
1213,5.0,0.028061094252066748,5.0
1214,4.0,-0.019003278694277204,4.0
1215,1.0,-0.051626177989495266,1.0
1216,1.0,-0.007099686447203091,1.0
1217,1.0,0.09095020382845279,1.0
1218,1.0,-0.19006022225871733,1.0
1219,5.0,-0.07740345186379813,5.0
1220,4.0,0.12443677354018887,4.0
1221,5.0,-0.07740345186379813,5.0
1222,4.0,0.12443677354018887,4.0
1223,2.0,0.06268409103128468,2.0
1224,4.0,0.10878708028138165,4.0
1225,2.0,-0.11885718638100769,2.0
1226,5.0,0.12108800726719175,5.0
1227,2.0,-0.11885718638100769,2.0
1228,1.0,-0.19264210292643888,1.0
1229,4.0,0.10878708028138165,4.0
1230,2.0,-0.11885718638100769,2.0
1231,4.0,0.10878708028138165,4.0
1232,5.0,0.12108800726719175,5.0
1233,4.0,0.10878708028138165,4.0
1234,2.0,-0.11885718638100769,2.0
1235,5.0,0.11238937982440754,5.0
1236,5.0,0.11238937982440754,5.0
1237,5.0,0.08724364960102754,5.0
1238,5.0,0.08724364960102754,5.0
1239,5.0,0.08724364960102754,5.0
1240,5.0,0.060263586228206815,5.0
1241,5.0,0.08046697782927933,5.0
1242,5.0,0.1272663788671947,5.0
1243,5.0,0.043852633225806285,5.0
1244,5.0,0.08523544608411912,5.0
1245,5.0,0.07500311758634201,5.0
1246,5.0,0.07500311758634201,5.0
1247,5.0,0.07500311758634201,5.0
1248,5.0,-0.04058217657594328,5.0
1249,4.0,0.7501425167610785,4.0
1250,4.0,-0.04787372972876732,4.0
1251,5.0,0.09024439875563127,5.0
1252,4.0,-0.04787372972876732,4.0
1253,4.0,-0.04787372972876732,4.0
1254,2.0,-0.0713656414346773,2.0
1255,4.0,-0.04787372972876732,4.0
1256,4.0,-0.04787372972876732,4.0
1257,5.0,0.06416469868551772,5.0
1258,2.0,0.36189123553138985,2.0
1259,5.0,-0.08795674446122997,5.0
1260,5.0,-0.07309411538950351,5.0
1261,5.0,0.02727320463630801,5.0
1262,5.0,0.02727320463630801,5.0
1263,5.0,0.06533837458777354,5.0
1264,5.0,0.06533837458777354,5.0
1265,5.0,0.06040211072518099,5.0
1266,5.0,0.06040211072518099,5.0
1267,5.0,0.06040211072518099,5.0
1268,5.0,0.06040211072518099,5.0
1269,5.0,0.06040211072518099,5.0
1270,5.0,0.06040211072518099,5.0
1271,5.0,0.06040211072518099,5.0
1272,1.0,-0.01535608342960848,1.0
1273,5.0,0.0968475860014136,5.0
1274,5.0,0.1740701723632577,5.0
1275,5.0,0.048618363622294825,5.0
1276,5.0,0.12341739970155614,5.0
1277,2.0,0.00986081258806643,2.0
1278,2.0,0.00986081258806643,2.0
1279,2.0,0.00986081258806643,2.0
1280,2.0,0.00986081258806643,2.0
1281,2.0,0.00986081258806643,2.0
1282,2.0,0.00986081258806643,2.0
1283,2.0,0.00986081258806643,2.0
1284,2.0,0.00986081258806643,2.0
1285,2.0,0.00986081258806643,2.0
1286,2.0,0.00986081258806643,2.0
1287,2.0,-0.06094389444963143,2.0
1288,2.0,-0.06094389444963143,2.0
1289,2.0,-0.06094389444963143,2.0
1290,5.0,0.04759375751928797,5.0
1291,2.0,-0.04740075400696069,2.0
1292,2.0,-0.04740075400696069,2.0
1293,2.0,-0.04740075400696069,2.0
1294,2.0,-0.04740075400696069,2.0
1295,2.0,-0.04740075400696069,2.0
1296,5.0,0.04759375751928797,5.0
1297,2.0,-0.04740075400696069,2.0
1298,2.0,-0.04740075400696069,2.0
1299,2.0,-0.04740075400696069,2.0
1300,2.0,-0.04740075400696069,2.0
1301,5.0,0.009155196539530487,5.0
1302,5.0,0.09888133557498327,5.0
1303,2.0,-0.11248636672235733,2.0
1304,2.0,0.01655356098599548,2.0
1305,2.0,0.07199277691967446,2.0
1306,1.0,-0.08385581830075524,1.0
1307,2.0,-0.007672351648362194,2.0
1308,2.0,-0.1277372383899487,2.0
1309,2.0,-0.021963712168438166,2.0
1310,1.0,-0.05815605770237863,1.0
1311,5.0,0.07540113812849045,5.0
1312,5.0,0.050341555837786024,5.0
1313,4.0,-0.014273545245296726,4.0
1314,4.0,0.016143850394683683,4.0
1315,4.0,0.016143850394683683,4.0
1316,4.0,0.016143850394683683,4.0
1317,4.0,0.016143850394683683,4.0
1318,4.0,0.016143850394683683,4.0
1319,2.0,-0.13379057198820166,2.0
1320,4.0,-0.05491824929361765,4.0
1321,4.0,-0.05491824929361765,4.0
1322,5.0,-0.251301288038425,5.0
1323,4.0,0.6156498253264795,4.0
1324,4.0,-0.05227983438757608,4.0
1325,4.0,-0.07270553556280279,4.0
1326,2.0,-0.03827912210062841,2.0
1327,5.0,0.0011531843373363748,5.0
1328,5.0,0.07934844084640583,5.0
1329,5.0,0.07934844084640583,5.0
1330,2.0,-0.09476841752164315,2.0
1331,5.0,0.028877533279125504,5.0
1332,5.0,0.03205534151244346,5.0
1333,5.0,-0.0418828333927685,5.0
1334,1.0,-0.08398741449362493,1.0
1335,1.0,-0.08398741449362493,1.0
1336,1.0,0.07074417455797757,1.0
1337,1.0,0.07074417455797757,1.0
1338,5.0,0.19236684324466194,5.0
1339,5.0,0.19236684324466194,5.0
1340,5.0,0.10981804809056434,5.0
1341,5.0,0.10981804809056434,5.0
1342,5.0,0.07991301358609637,5.0
1343,5.0,0.07991301358609637,5.0
1344,5.0,0.07991301358609637,5.0
1345,5.0,0.07991301358609637,5.0
1346,1.0,-0.1723361607609391,1.0
1347,5.0,0.07991301358609637,5.0
1348,5.0,0.041401832874764,5.0
1349,5.0,0.041401832874764,5.0
1350,5.0,0.041401832874764,5.0
1351,5.0,0.041401832874764,5.0
1352,5.0,0.041401832874764,5.0
1353,1.0,-0.08549950649898058,1.0
1354,5.0,0.041401832874764,5.0
1355,2.0,-0.0934569920099924,2.0
1356,2.0,-0.01781464483464041,2.0
1357,2.0,-0.01781464483464041,2.0
1358,2.0,-0.029328014233618215,2.0
1359,2.0,-0.1093170049306474,2.0
1360,2.0,-0.009713695005279594,2.0
1361,5.0,0.03348714875745938,5.0
1362,5.0,0.014991304023084386,5.0
1363,4.0,-0.0716708051518374,4.0
1364,4.0,-0.0716708051518374,4.0
1365,4.0,-0.09278051286534467,4.0
1366,4.0,-0.09278051286534467,4.0
1367,5.0,0.06608516159739494,5.0
1368,5.0,0.06969021964520246,5.0
1369,1.0,-0.14667636087903746,1.0
1370,2.0,-0.08143062180720605,2.0
1371,2.0,-0.08143062180720605,2.0
1372,2.0,-0.06564776914589629,2.0
1373,2.0,-0.07704372151894204,2.0
1374,2.0,-0.07704372151894204,2.0
1375,2.0,-0.0657608498067553,2.0
1376,2.0,-0.0657608498067553,2.0
1377,2.0,0.0972469145438604,2.0
1378,2.0,-0.03444905779727033,2.0
1379,5.0,0.008169663761324563,5.0
1380,2.0,-0.0058796832257493395,2.0
1381,5.0,-0.22298802269573728,5.0
1382,5.0,-0.22298802269573728,5.0
1383,5.0,-0.22298802269573728,5.0
1384,5.0,-0.22298802269573728,5.0
1385,5.0,-0.22298802269573728,5.0
1386,5.0,-0.22298802269573728,5.0
1387,5.0,-0.22298802269573728,5.0
1388,5.0,-0.22298802269573728,5.0
1389,5.0,-0.22298802269573728,5.0
1390,5.0,-0.22298802269573728,5.0
1391,5.0,0.010669889254206354,5.0
1392,5.0,0.010669889254206354,5.0
1393,5.0,0.010669889254206354,5.0
1394,5.0,0.06632044221620295,5.0
1395,5.0,-0.29470313699627565,5.0
1396,5.0,-0.30456995800985753,5.0
1397,4.0,0.02315849401177971,4.0
1398,4.0,-0.0130685912508757,4.0
1399,4.0,-0.0130685912508757,4.0
1400,4.0,-0.040341558300265756,4.0
1401,4.0,-0.040341558300265756,4.0
1402,4.0,-0.040341558300265756,4.0
1403,4.0,0.3050622207373657,4.0
1404,5.0,0.14205420994080795,5.0
1405,4.0,-0.011117828772957253,4.0
1406,4.0,-0.011117828772957253,4.0
1407,4.0,-0.011117828772957253,4.0
1408,4.0,-0.028258997879015927,4.0
1409,4.0,-0.028258997879015927,4.0
1410,4.0,-0.028258997879015927,4.0
1411,4.0,-0.028258997879015927,4.0
1412,4.0,0.49200415087818866,4.0
1413,4.0,0.47268389889853474,4.0
1414,5.0,0.05628053792774149,5.0
1415,5.0,0.08390964276055904,5.0
1416,5.0,0.1305889204048959,5.0
1417,5.0,0.1305889204048959,5.0
1418,5.0,0.08382589550861544,5.0
1419,5.0,0.04980921462667763,5.0
1420,5.0,0.07911632309163592,5.0
1421,5.0,0.08035915900962079,5.0
1422,5.0,-0.04832799679645273,5.0
1423,4.0,0.01068883994757967,4.0
1424,4.0,-0.07018399203452011,4.0
1425,5.0,0.07404135055547673,5.0
1426,5.0,0.07404135055547673,5.0
1427,5.0,0.07404135055547673,5.0
1428,5.0,0.023937083532231684,5.0
1429,5.0,0.023937083532231684,5.0
1430,5.0,0.023937083532231684,5.0
1431,5.0,0.023937083532231684,5.0
1432,5.0,0.023937083532231684,5.0
1433,5.0,0.023937083532231684,5.0
1434,2.0,-0.05419651324504622,2.0
1435,2.0,-0.05901071245719873,2.0
1436,2.0,-0.05901071245719873,2.0
1437,1.0,0.007250953673137666,1.0
1438,1.0,0.007250953673137666,1.0
1439,1.0,-0.21267255579323122,1.0
1440,1.0,-0.21267255579323122,1.0
1441,2.0,-0.007916586981559635,2.0
1442,5.0,0.07579280958914623,5.0
1443,2.0,-0.014526655603027308,2.0
1444,2.0,0.004640275447828952,2.0
1445,2.0,-0.06449869879546222,2.0
1446,5.0,0.02179849044648957,5.0
1447,5.0,0.16472173596316908,5.0
1448,5.0,0.1293275930853979,5.0
1449,5.0,0.019339565215616913,5.0
1450,5.0,0.040847246927069536,5.0
1451,5.0,0.13484984461973876,5.0
1452,5.0,0.13484984461973876,5.0
1453,1.0,-0.1758149632967995,1.0
1454,5.0,0.13484984461973876,5.0
1455,5.0,0.13484984461973876,5.0
1456,5.0,0.13484984461973876,5.0
1457,5.0,0.13484984461973876,5.0
1458,5.0,0.09882740075096569,5.0
1459,5.0,0.09882740075096569,5.0
1460,5.0,0.12973658600714105,5.0
1461,2.0,-0.13911706327325724,2.0
1462,2.0,-0.13911706327325724,2.0
1463,2.0,-0.06273859708610058,2.0
1464,2.0,-0.06273859708610058,2.0
1465,1.0,-0.06274249822709681,1.0
1466,1.0,-0.06274249822709681,1.0
1467,1.0,-0.06274249822709681,1.0
1468,2.0,-0.04113011512239808,2.0
1469,5.0,-0.31180311531899435,5.0
1470,5.0,0.08693565766009839,5.0
1471,2.0,-0.11195595509606125,2.0
1472,2.0,-0.11195595509606125,2.0
1473,2.0,-0.11195595509606125,2.0
1474,2.0,-0.11195595509606125,2.0
1475,2.0,-0.11195595509606125,2.0
1476,2.0,-0.11195595509606125,2.0
1477,2.0,-0.11195595509606125,2.0
1478,5.0,0.1214062135254204,5.0
1479,5.0,-0.010182006494992527,5.0
1480,5.0,-0.3029039889342293,5.0
1481,4.0,0.49325009791856966,4.0
1482,4.0,0.006271903822180697,4.0
1483,4.0,-0.11045292377220547,4.0
1484,5.0,0.10836186901985187,5.0
1485,4.0,-0.033446096095003625,4.0
1486,5.0,0.05225229190330264,5.0
1487,5.0,0.1284355563821812,5.0
1488,5.0,-0.018021861743930296,5.0
1489,4.0,-0.025939057797334023,4.0
1490,4.0,-0.025939057797334023,4.0
1491,4.0,-0.025939057797334023,4.0
1492,4.0,-0.025939057797334023,4.0
1493,4.0,-0.025939057797334023,4.0
1494,4.0,-0.03755973196626601,4.0
1495,4.0,-0.03755973196626601,4.0
1496,4.0,-0.03755973196626601,4.0
1497,4.0,-0.03755973196626601,4.0
1498,4.0,-0.03755973196626601,4.0
1499,2.0,-0.047716517753344824,2.0
1500,5.0,0.0941487765573541,5.0
1501,5.0,0.0727622937069552,5.0
1502,5.0,0.06611694790552766,5.0
1503,5.0,0.11200065782811278,5.0
1504,5.0,0.07265750752712968,5.0
1505,2.0,-0.007916586981559635,2.0
1506,2.0,-0.007916586981559635,2.0
1507,5.0,0.037779567151857395,5.0
1508,5.0,0.06346012173656167,5.0
1509,5.0,0.12477765110883214,5.0
1510,5.0,0.07952455355431412,5.0
1511,5.0,0.09261994710971533,5.0
1512,5.0,0.06804059474597537,5.0
1513,4.0,0.021146739416023637,4.0
1514,4.0,0.021146739416023637,4.0
1515,4.0,0.021146739416023637,4.0
1516,4.0,0.42416522820854147,4.0
1517,4.0,0.4748094736226656,4.0
1518,4.0,-0.03470607696627226,4.0
1519,5.0,-0.07341181949562213,5.0
1520,2.0,0.16288738952532855,2.0
1521,4.0,-0.01040946030645571,4.0
1522,4.0,-0.13506477183878743,4.0
1523,5.0,-0.01381453663648282,5.0
1524,5.0,0.09095010928793834,5.0
1525,5.0,0.0382666048407636,5.0
1526,5.0,0.0382666048407636,5.0
1527,2.0,-0.10314716818598463,2.0
1528,1.0,0.02883206715048363,1.0
1529,5.0,0.0382666048407636,5.0
1530,5.0,0.0382666048407636,5.0
1531,1.0,0.02883206715048363,1.0
1532,4.0,0.12534155980191033,4.0
1533,5.0,-0.28833162286563524,5.0
1534,5.0,-0.050229768434460594,5.0
1535,5.0,0.05858849758357753,5.0
1536,5.0,0.05858849758357753,5.0
1537,5.0,0.10097897649350328,5.0
1538,2.0,-0.05744562070810436,2.0
1539,2.0,-0.04933816996782757,2.0
1540,5.0,-0.004102953997471893,5.0
1541,5.0,-0.004102953997471893,5.0
1542,5.0,0.057897789718689786,5.0
1543,5.0,0.057897789718689786,5.0
1544,2.0,-0.01684996351367245,2.0
1545,2.0,-0.01684996351367245,2.0
1546,5.0,-0.06739660747088157,5.0
1547,5.0,0.09383302623217431,5.0
1548,1.0,-0.006188969127746443,1.0
1549,5.0,0.11360727362568007,5.0
1550,4.0,-0.0743414514259846,4.0
1551,5.0,0.02077664409197571,5.0
1552,4.0,0.6136557404769171,4.0
1553,4.0,0.027076781086515525,4.0
1554,5.0,0.07816688510981194,5.0
1555,4.0,0.03098898440633895,4.0
1556,2.0,-0.03804389366796228,2.0
1557,4.0,0.027076781086515525,4.0
1558,5.0,0.01768218474706789,5.0
1559,5.0,0.01768218474706789,5.0
1560,5.0,0.02403977633255544,5.0
1561,5.0,0.09255107571401983,5.0
1562,5.0,-0.02179541903935283,5.0
1563,5.0,0.030998537490644497,5.0
1564,5.0,0.08422379733183122,5.0
1565,1.0,-0.26063475098947414,1.0
1566,1.0,-0.26063475098947414,1.0
1567,1.0,-0.26063475098947414,1.0
1568,1.0,-0.26063475098947414,1.0
1569,1.0,-0.26063475098947414,1.0
1570,2.0,-0.06485619139496851,2.0
1571,2.0,-0.06485619139496851,2.0
1572,5.0,0.043365858129057605,5.0
1573,5.0,0.05787191989496121,5.0
1574,1.0,-0.07039758548170716,1.0
1575,2.0,-0.125735475007861,2.0
1576,5.0,0.01154963418189946,5.0
1577,1.0,-0.13855734515997756,1.0
1578,1.0,-0.13855734515997756,1.0
1579,1.0,-0.13855734515997756,1.0
1580,5.0,0.11963351549005379,5.0
1581,5.0,0.11963351549005379,5.0
1582,5.0,0.11963351549005379,5.0
1583,5.0,0.12144761757010605,5.0
1584,1.0,-0.1481769668665222,1.0
1585,5.0,0.08177692358954772,5.0
1586,4.0,-0.025209315555911924,4.0
1587,5.0,0.03217797931004886,5.0
1588,5.0,0.05840029678704019,5.0
1589,5.0,0.0014016427934887936,5.0
1590,5.0,0.02118588144803454,5.0
1591,5.0,0.02118588144803454,5.0
1592,5.0,-0.0018205578694333226,5.0
1593,4.0,-0.007100802892706664,4.0
1594,5.0,-0.02126264677667584,5.0
1595,5.0,0.004513083556378933,5.0
1596,5.0,0.004513083556378933,5.0
1597,5.0,-0.06945743282429143,5.0
1598,5.0,0.09998010406842438,5.0
1599,5.0,0.11783592969407061,5.0
1600,5.0,0.05442159067107423,5.0
1601,1.0,-0.12673971748980858,1.0
1602,1.0,-0.12673971748980858,1.0
1603,5.0,0.05416740072797865,5.0
1604,5.0,0.051279897251641074,5.0
1605,2.0,-0.02880348184925679,2.0
1606,2.0,0.01321293093400115,2.0
1607,5.0,-0.019834667502694442,5.0
1608,1.0,-0.06337042408930212,1.0
1609,4.0,-0.02952121778915742,4.0
1610,5.0,0.12027072529776361,5.0
1611,5.0,0.13472373378152344,5.0
1612,1.0,-0.099881419332625,1.0
1613,1.0,-0.1230703243062499,1.0
1614,5.0,0.06608673457962473,5.0
1615,5.0,0.08238026150434292,5.0
1616,5.0,0.05754220154208763,5.0
1617,5.0,0.025987850159929868,5.0
1618,5.0,0.07941850547909295,5.0
1619,1.0,-0.10062135137691507,1.0
1620,5.0,0.2441737963792695,5.0
1621,5.0,0.1257640541009873,5.0
1622,5.0,0.04732087521198158,5.0
1623,5.0,0.1653502279467987,5.0
1624,1.0,-0.34559909039504216,1.0
1625,5.0,-0.05573233604611366,5.0
1626,5.0,-0.01627544470983016,5.0
1627,5.0,-0.047619172623215744,5.0
1628,4.0,-0.05182451644695666,4.0
1629,5.0,0.08297661788194849,5.0
1630,5.0,0.018603948257051684,5.0
1631,5.0,0.11283243370162516,5.0
1632,5.0,0.10041587892016328,5.0
1633,5.0,0.09432348650379441,5.0
1634,5.0,-0.03909441305157638,5.0
1635,5.0,-0.07517867266762891,5.0
1636,5.0,0.03418477764301957,5.0
1637,2.0,0.08534153803218399,2.0
1638,5.0,0.03968474661403777,5.0
1639,5.0,-0.08249090549089044,5.0
1640,5.0,0.09408197139353926,5.0
1641,5.0,0.10637103643691583,5.0
1642,5.0,0.08301724484814951,5.0
1643,5.0,0.05940420983803073,5.0
1644,1.0,-0.12376085772491568,1.0
1645,1.0,-0.12376085772491568,1.0
1646,1.0,-0.01521975614377808,1.0
1647,1.0,-0.01521975614377808,1.0
1648,1.0,-0.01521975614377808,1.0
1649,1.0,-0.01521975614377808,1.0
1650,1.0,-0.01521975614377808,1.0
1651,1.0,-0.01521975614377808,1.0
1652,1.0,-0.01521975614377808,1.0
1653,1.0,-0.01521975614377808,1.0
1654,1.0,-0.14418587913509984,1.0
1655,1.0,-0.1619421468353699,1.0
1656,1.0,-0.04627557734538978,1.0
1657,5.0,0.2603826416151839,5.0
1658,5.0,0.07062227269425352,5.0
1659,4.0,0.009315684453129212,4.0
1660,4.0,-0.05051768984600474,4.0
1661,5.0,0.10910134388363277,5.0
1662,5.0,0.0761409500600312,5.0
1663,5.0,0.006054720378116729,5.0
1664,5.0,0.01886659396817894,5.0
1665,4.0,-0.06393715625004273,4.0
1666,5.0,0.05432045717117962,5.0
1667,5.0,-0.015251386235616548,5.0
1668,5.0,0.08144019450436592,5.0
1669,5.0,0.26374194281878993,5.0
1670,5.0,0.09164509455872961,5.0
1671,5.0,0.14131827349009962,5.0
1672,4.0,0.01964028131251604,4.0
1673,5.0,-0.07810228698612108,5.0
1674,1.0,-0.3140776276334811,1.0
1675,4.0,-0.09448029201305619,4.0
1676,5.0,0.04301802249550126,5.0
1677,5.0,0.010505027114030275,5.0
1678,5.0,0.05650336727518942,5.0
1679,5.0,0.13160812984660433,5.0
1680,1.0,-0.03379158110963426,1.0
1681,5.0,0.08781287922113386,5.0
1682,5.0,0.13068242780401187,5.0
1683,5.0,0.10670500420874027,5.0
1684,5.0,0.02203648790216982,5.0
1685,5.0,0.04873813785637216,5.0
1686,5.0,0.074415021539042,5.0
1687,5.0,0.010550958019823607,5.0
1688,5.0,0.03209361236771486,5.0
1689,4.0,-0.06088114922193108,4.0
1690,5.0,0.08127643298291527,5.0
1691,5.0,0.03574730530429964,5.0
1692,5.0,0.041953456496659255,5.0
1693,1.0,-0.14726145694259382,1.0
1694,5.0,-0.2728690837524165,5.0
1695,5.0,0.07681559680431951,5.0
1696,1.0,-0.49414867158100434,1.0
1697,5.0,0.036320804065011834,5.0
1698,5.0,0.028369332913916606,5.0
1699,2.0,0.05602768093159314,2.0
1700,5.0,0.018331741319379667,5.0
1701,1.0,-0.2788456564113828,1.0
1702,5.0,0.1100582240546428,5.0
1703,5.0,0.10145462396237856,5.0
1704,5.0,0.09780696502274709,5.0
1705,5.0,-0.004680175727904425,5.0
1706,5.0,0.051823513767873315,5.0
1707,1.0,0.046946361968152196,1.0
1708,1.0,-0.0015667266037398117,1.0
1709,5.0,0.03241580100643532,5.0
1710,5.0,0.062013431313064804,5.0
1711,1.0,0.02722328903163744,1.0
1712,1.0,-0.028090668307385467,1.0
1713,5.0,0.03179856156038972,5.0
1714,5.0,0.03867970644630476,5.0
1715,1.0,-0.03214046397931906,1.0
1716,5.0,0.17214747295531166,5.0
1717,5.0,0.003776703220516973,5.0
1718,5.0,0.11149378533395086,5.0
1719,5.0,0.009340999660267026,5.0
1720,5.0,0.07795793183129643,5.0
1721,1.0,-0.1401980580104714,1.0
1722,1.0,-0.1401980580104714,1.0
1723,1.0,-0.1401980580104714,1.0
1724,1.0,-0.1401980580104714,1.0
1725,1.0,-0.1401980580104714,1.0
1726,1.0,-0.21428734094173413,1.0
1727,1.0,-0.1460391790958879,1.0
1728,1.0,-0.11321287122106548,1.0
1729,1.0,-0.0021891884639590716,1.0
1730,5.0,0.02992139743455694,5.0
1731,5.0,0.03751770707796163,5.0
1732,5.0,0.13316444692237164,5.0
1733,5.0,0.06238541064921651,5.0
1734,5.0,0.06238541064921651,5.0
1735,5.0,0.06238541064921651,5.0
1736,5.0,0.06238541064921651,5.0
1737,5.0,0.058823243389790586,5.0
1738,5.0,-0.016688738363144363,5.0
1739,4.0,-0.11835767708532653,4.0
1740,5.0,0.029489635546581242,5.0
1741,5.0,0.04425886378925502,5.0
1742,2.0,-0.06526950331179374,2.0
1743,5.0,0.10996159899475652,5.0
1744,1.0,-0.29052302285070936,1.0
1745,1.0,-0.06732885488532853,1.0
1746,5.0,0.03800980722665656,5.0
1747,2.0,-0.011443512920392201,2.0
1748,5.0,0.032124062558601854,5.0
1749,5.0,0.1205686287002333,5.0
1750,4.0,0.008187668410681373,4.0
1751,4.0,0.008187668410681373,4.0
1752,4.0,0.017284685350479452,4.0
1753,4.0,0.017284685350479452,4.0
1754,4.0,-0.05947950131615681,4.0
1755,4.0,-0.013926802329634627,4.0
1756,5.0,-0.08475279191365637,5.0
1757,5.0,0.12448186622373325,5.0
1758,5.0,0.12448186622373325,5.0
1759,4.0,0.04334514558865335,4.0
1760,5.0,0.012625462805341235,5.0
1761,5.0,0.021721070610043604,5.0
1762,5.0,0.06511006520494463,5.0
1763,5.0,0.05888758842199139,5.0
1764,5.0,0.05888758842199139,5.0
1765,5.0,0.05888758842199139,5.0
1766,1.0,-0.15570595835391493,1.0
1767,2.0,-0.05082827577538996,2.0
1768,1.0,0.08726710863009038,1.0
1769,1.0,-0.04935691152077855,1.0
1770,5.0,0.11937773474513261,5.0
1771,5.0,0.14324199076770963,5.0
1772,5.0,-0.015446842007751527,5.0
1773,4.0,0.004459244255050766,4.0
1774,4.0,0.056726832353663166,4.0
1775,5.0,0.04504588737675765,5.0
1776,1.0,-0.1084986450862965,1.0
1777,5.0,0.0806263679026441,5.0
1778,5.0,0.11245149997829258,5.0
1779,5.0,-0.003983290849107034,5.0
1780,5.0,0.045644864090552795,5.0
1781,5.0,0.060906131705821605,5.0
1782,5.0,0.08559936305486997,5.0
1783,5.0,0.012207353334613721,5.0
1784,1.0,-0.055325347113989475,1.0
1785,1.0,-0.12487034141400531,1.0
1786,5.0,0.10681550970249908,5.0
1787,1.0,-0.13621396922617734,1.0
1788,5.0,-0.007175741126945251,5.0
1789,5.0,0.03504730746439684,5.0
1790,2.0,0.030366010754640932,2.0
1791,5.0,-0.005944424755201513,5.0
1792,5.0,0.0762012306606984,5.0
1793,5.0,0.07622531051504482,5.0
1794,5.0,0.057601251271400075,5.0
1795,5.0,0.0630379550971397,5.0
1796,2.0,0.01759304750568097,2.0
1797,5.0,0.02047101150697532,5.0
1798,5.0,0.012224284557424673,5.0
1799,5.0,0.08277650125344233,5.0
1800,5.0,0.003945652203476561,5.0
1801,2.0,-0.024050458036266834,2.0
1802,4.0,-0.3148315082784769,4.0
1803,5.0,0.264249403979844,5.0
1804,5.0,0.06079225016003072,5.0
1805,5.0,0.1781782569540517,5.0
1806,4.0,-0.10761875268031773,4.0
1807,1.0,-0.11285759489222472,1.0
1808,5.0,0.00576265363894198,5.0
1809,5.0,0.016355919283186054,5.0
1810,5.0,0.02139316230957897,5.0
1811,5.0,0.024244246006669454,5.0
1812,2.0,0.07199068012240062,2.0
1813,1.0,-0.06306426722320903,1.0
1814,1.0,-0.11781962174918634,1.0
1815,5.0,0.09678010654918044,5.0
1816,5.0,0.06114952967107753,5.0
1817,2.0,-0.010706540008713373,2.0
1818,5.0,0.027613990628946358,5.0
1819,5.0,0.047718032572866956,5.0
1820,5.0,-0.006659682653351441,5.0
1821,1.0,-0.0794074561247923,1.0
1822,5.0,0.040888642154469676,5.0
1823,5.0,-0.004334548774840408,5.0
1824,5.0,0.046748260584392944,5.0
1825,5.0,0.0593407195092863,5.0
1826,3.0,0.06614322530451235,3.0
1827,1.0,-0.05068028034566285,1.0
1828,5.0,0.020745693023316424,5.0
1829,5.0,0.020745693023316424,5.0
1830,5.0,0.02779722527628383,5.0
1831,5.0,0.05161865275738018,5.0
1832,5.0,0.07058215393620759,5.0
1833,5.0,0.0901213304528455,5.0
1834,5.0,0.04326799652742835,5.0
1835,5.0,0.09579651481346134,5.0
1836,1.0,-0.17125775054080994,1.0
1837,5.0,0.042908516380213306,5.0
1838,5.0,0.02352150384382692,5.0
1839,5.0,-0.005099786020290918,5.0
1840,5.0,0.04410424185261021,5.0
1841,1.0,-0.10654212656691363,1.0
1842,1.0,-0.09162833598925808,1.0
1843,1.0,-0.11860538213959551,1.0
1844,5.0,0.08943054366426396,5.0
1845,5.0,0.05814559391903607,5.0
1846,5.0,0.01604260975413677,5.0
1847,5.0,-0.022008420409836558,5.0
1848,5.0,0.13157793335105633,5.0
1849,5.0,0.09366214208697758,5.0
1850,5.0,0.09366214208697758,5.0
1851,5.0,0.10761953986215209,5.0
1852,5.0,-0.018620911177832787,5.0
1853,5.0,-0.018620911177832787,5.0
1854,5.0,0.06433324946880334,5.0
1855,5.0,-0.0007727857827883825,5.0
1856,5.0,0.08945489985149789,5.0
1857,5.0,0.04418291760975962,5.0
1858,1.0,0.06960479562889266,1.0
1859,1.0,-0.046047360099039265,1.0
1860,5.0,0.010681005209461433,5.0
1861,5.0,0.004795495785957753,5.0
1862,5.0,0.04369152659100187,5.0
1863,5.0,0.027613990628946358,5.0
1864,5.0,0.08619119392972854,5.0
1865,5.0,0.078496142533687,5.0
1866,5.0,0.078496142533687,5.0
1867,4.0,0.07018853561942737,4.0
1868,4.0,-0.05739584383142203,4.0
1869,4.0,-0.00041832452572924603,4.0
1870,4.0,-0.00041832452572924603,4.0
1871,4.0,-0.009265090749511597,4.0
1872,4.0,-0.009265090749511597,4.0
1873,5.0,-0.01116695681968441,5.0
1874,5.0,0.03424550282930091,5.0
1875,1.0,-0.22056816737988724,1.0
1876,5.0,0.03505697075003882,5.0
1877,5.0,0.026713942636125653,5.0
1878,5.0,0.14785518794105962,5.0
1879,5.0,0.007882877837331949,5.0
1880,1.0,0.03427012912929199,1.0
1881,5.0,0.025781316782798876,5.0
1882,2.0,-0.046258308871128584,2.0
1883,1.0,-0.18487716368695065,1.0
1884,5.0,0.026926223855525656,5.0
1885,1.0,-0.05880571811495305,1.0
1886,1.0,-0.058035115721850904,1.0
1887,1.0,-0.058035115721850904,1.0
1888,1.0,-0.15867793539885944,1.0
1889,1.0,-0.059226626284382224,1.0
1890,1.0,-0.012176884234613156,1.0
1891,1.0,-0.12291407092325164,1.0
1892,5.0,0.04305745122267616,5.0
1893,5.0,0.050641924119248644,5.0
1894,5.0,0.052134902617897196,5.0
1895,2.0,-0.06809327389389704,2.0
1896,5.0,0.07813689225050513,5.0
1897,5.0,0.02274602825918562,5.0
1898,5.0,0.04024593948110659,5.0
1899,5.0,0.05025758516344425,5.0
1900,5.0,0.0697877031410724,5.0
1901,5.0,0.07497361682013742,5.0
1902,1.0,-0.2238985165998608,1.0
1903,1.0,0.022569678759547435,1.0
1904,1.0,-0.12806156913246264,1.0
1905,5.0,0.029374114376143994,5.0
1906,5.0,0.09043347204161777,5.0
1907,5.0,0.016222225731064608,5.0
1908,1.0,-0.18639704195568985,1.0
1909,5.0,0.10349543925199678,5.0
1910,5.0,0.0715758127258886,5.0
1911,5.0,0.0420176150170268,5.0
1912,4.0,0.032072068358630815,4.0
1913,4.0,-0.3165233224635106,4.0
1914,4.0,0.09683461512650077,4.0
1915,1.0,-0.2720754010350984,1.0
1916,4.0,-0.0017995279932907578,4.0
1917,4.0,-0.012952664497557876,4.0
1918,4.0,-0.012952664497557876,4.0
1919,4.0,0.06437892690605918,4.0
1920,4.0,-0.009724090857287116,4.0
1921,5.0,0.021636990817606436,5.0
1922,5.0,0.023841919122623054,5.0
1923,5.0,-0.01210089456791116,5.0
1924,5.0,0.031236659419441332,5.0
1925,1.0,-0.05422639072046034,1.0
1926,1.0,-0.0638354005627679,1.0
1927,5.0,0.007354937382097989,5.0
1928,5.0,0.09124589544689733,5.0
1929,5.0,0.02046493540853922,5.0
1930,5.0,0.08278943312103146,5.0
1931,5.0,0.02629739649610392,5.0
1932,5.0,0.026678348121897327,5.0
1933,5.0,0.07310292318242755,5.0
1934,5.0,0.036577055141553245,5.0
1935,5.0,0.055589652126043956,5.0
1936,5.0,0.055589652126043956,5.0
1937,5.0,0.07825349980297004,5.0
1938,5.0,0.07825349980297004,5.0
1939,5.0,0.07682005546080213,5.0
1940,5.0,0.07682005546080213,5.0
1941,1.0,-0.09629908359298135,1.0
1942,1.0,-0.049293753805293404,1.0
1943,1.0,-0.0014598530051647294,1.0
1944,1.0,-0.1645924147321027,1.0
1945,1.0,0.014264493062077077,1.0
1946,1.0,-0.13898155039262092,1.0
1947,4.0,-0.029870714808650327,4.0
1948,4.0,-0.014750720850045775,4.0
1949,5.0,0.05291000838108501,5.0
1950,5.0,0.05291000838108501,5.0
1951,5.0,0.10722501396679811,5.0
1952,5.0,0.10722501396679811,5.0
1953,5.0,0.07460105537499523,5.0
1954,1.0,-0.2700745977895211,1.0
1955,4.0,-0.009215444749129637,4.0
1956,4.0,-0.009215444749129637,4.0
1957,5.0,0.11330109403927129,5.0
1958,4.0,-0.009428249980601836,4.0
1959,5.0,0.08593021009104665,5.0
1960,5.0,0.040345293118818536,5.0
1961,1.0,-0.037755069630766955,1.0
1962,1.0,-0.026951501011107964,1.0
1963,5.0,-0.0175291072030518,5.0
1964,5.0,0.08972218159317186,5.0
1965,5.0,0.0608171950673593,5.0
1966,1.0,-0.07597877419373197,1.0
1967,1.0,-0.15192011120577129,1.0
1968,1.0,-0.012146746642248152,1.0
1969,1.0,-0.12720139837971337,1.0
1970,5.0,0.03282544923699424,5.0
1971,5.0,0.022640272931683945,5.0
1972,1.0,0.04194882019532059,1.0
1973,1.0,-0.02415763381052815,1.0
1974,1.0,-0.10582670857444763,1.0
1975,1.0,-0.0014623848296407911,1.0
1976,1.0,-0.02893030234307531,1.0
1977,3.0,-0.05316134767237859,3.0
1978,3.0,-0.05952904276546299,3.0
1979,2.0,-0.07230816675563709,2.0
1980,2.0,-0.06069751821669054,2.0
1981,1.0,-0.10412422428661784,1.0
1982,5.0,0.05853089831398877,5.0
1983,1.0,0.08210408082549954,1.0
1984,1.0,-0.06635864813608283,1.0
1985,5.0,-0.025016040701563977,5.0
1986,5.0,0.012420877677135265,5.0
1987,5.0,0.05170352142254662,5.0
1988,5.0,0.05170352142254662,5.0
1989,5.0,-0.012988123885278815,5.0
1990,5.0,0.00966932703420701,5.0
1991,4.0,-0.025892901281552392,4.0
1992,4.0,-0.025892901281552392,4.0
1993,4.0,0.08573578221048578,4.0
1994,4.0,0.08573578221048578,4.0
1995,5.0,0.10946718067029615,5.0
1996,5.0,-0.05844864746987171,5.0
1997,5.0,0.05825155865527095,5.0
1998,1.0,-0.05464692959010447,1.0
1999,1.0,-0.06303218972158069,1.0
2000,4.0,0.03316566809428201,4.0
2001,4.0,0.03316566809428201,4.0
2002,5.0,0.0233773311425491,5.0
2003,5.0,0.07610031065218864,5.0
2004,5.0,0.07610031065218864,5.0
2005,1.0,-0.02763907391838839,1.0
2006,1.0,-0.07788031831788342,1.0
2007,1.0,-0.04798502104809404,1.0
2008,1.0,-0.031164323541056936,1.0
2009,5.0,0.07686633597628566,5.0
2010,5.0,0.05610343115039979,5.0
2011,5.0,0.017573806828009603,5.0
2012,5.0,0.007419759162158488,5.0
2013,1.0,-0.02105279239629511,1.0
2014,1.0,-0.08752340072773103,1.0
2015,5.0,0.035722578726244084,5.0
2016,5.0,0.0806937429388967,5.0
2017,4.0,-0.08109815383262539,4.0
2018,1.0,-0.02763907391838839,1.0
2019,1.0,-0.08108148699409004,1.0
2020,2.0,-0.006149887769733081,2.0
2021,5.0,0.023234690615071645,5.0
2022,5.0,0.039562748021227716,5.0
2023,5.0,0.042395782568429255,5.0
2024,1.0,-0.07777787156241671,1.0
2025,2.0,-0.06482036757342502,2.0
2026,2.0,0.024481117348456066,2.0
2027,1.0,-0.041856846676656755,1.0
2028,1.0,-0.08044261684780527,1.0
2029,1.0,-0.057237462439734314,1.0
2030,1.0,-0.05420944731294808,1.0
2031,4.0,-0.06927087869865381,4.0
2032,4.0,-0.06927087869865381,4.0
2033,1.0,-0.0739455840300902,1.0
2034,1.0,-0.07496795808545857,1.0
2035,2.0,-0.017069853418927743,2.0
2036,2.0,0.0015552502633521808,2.0
2037,1.0,-0.028465965158030425,1.0
2038,1.0,-0.09030906655825563,1.0
2039,1.0,-0.05016397380876104,1.0
2040,1.0,-0.10539673333973489,1.0
2041,1.0,-0.03807427573957464,1.0
2042,5.0,0.022711799586839235,5.0
2043,5.0,0.029087797408050276,5.0
2044,5.0,0.04987580072568326,5.0
2045,5.0,0.05059645649705612,5.0
2046,5.0,0.05874438145448347,5.0
2047,4.0,0.026214914077043967,4.0
2048,4.0,-0.03213536837028858,4.0
2049,4.0,-0.03213536837028858,4.0
2050,4.0,0.034589292744758623,4.0
2051,4.0,0.034589292744758623,4.0
2052,5.0,0.06274139194601723,5.0
2053,2.0,-0.06321010586085637,2.0
2054,1.0,-0.020818044146035393,1.0
2055,4.0,0.03726439393352636,4.0
2056,5.0,0.07484876081756518,5.0
2057,5.0,0.054138800519581864,5.0
2058,5.0,0.02467746485099723,5.0
2059,1.0,-0.0021236637425792034,1.0
2060,1.0,-0.009501438663291256,1.0
2061,1.0,0.15216193462955932,1.0
2062,1.0,-0.0544111155726619,1.0
2063,1.0,-0.05479744289361216,1.0
2064,1.0,-0.09337512740559366,1.0
2065,1.0,0.061127498725098435,1.0
2066,1.0,-0.11392356181049705,1.0
2067,5.0,-0.0028521628816588775,5.0
2068,5.0,0.04865460745035729,5.0
2069,2.0,0.07234365685180211,2.0
2070,2.0,-0.013750245075748846,2.0
2071,2.0,0.028548226231458813,2.0
2072,2.0,-0.08670951046320947,2.0
2073,2.0,-0.05352401020836718,2.0
2074,2.0,-0.08131688352018225,2.0
2075,5.0,0.046298429930469856,5.0
2076,2.0,-0.08418871423074543,2.0
2077,5.0,-0.055554567064458174,5.0
2078,5.0,0.07736101004971434,5.0
2079,1.0,-0.05108562550966234,1.0
2080,1.0,-0.04538734165631862,1.0
2081,5.0,0.032517786024769055,5.0
2082,5.0,-0.056514988688430176,5.0
2083,5.0,-0.024022217270423963,5.0
2084,5.0,0.075336618504785,5.0
2085,2.0,0.06348702183939438,2.0
2086,2.0,-0.05597608664000733,2.0
2087,5.0,0.005823401247860301,5.0
2088,5.0,0.04912113349358288,5.0
2089,4.0,0.03189914678107514,4.0
2090,4.0,0.03189914678107514,4.0
2091,1.0,-0.11685304665063055,1.0
2092,4.0,-0.03513696466566153,4.0
2093,4.0,-0.03513696466566153,4.0
2094,1.0,-0.06299648331515792,1.0
2095,1.0,-0.026493447999951143,1.0
2096,5.0,0.012824121808336999,5.0
2097,4.0,7.955593854658532e-05,4.0
2098,4.0,7.955593854658532e-05,4.0
2099,5.0,0.01566414237987774,5.0
2100,5.0,0.07468695662825549,5.0
2101,5.0,0.07468695662825549,5.0
2102,5.0,0.07635437728110335,5.0
2103,5.0,0.07635437728110335,5.0
2104,5.0,0.012775916636496902,5.0
2105,4.0,0.05326587604371146,4.0
2106,4.0,0.05326587604371146,4.0
2107,5.0,0.09688359722127746,5.0
2108,5.0,0.10783468291211595,5.0
2109,5.0,0.04513733266474583,5.0
2110,5.0,0.07367633195031717,5.0
2111,1.0,0.038505617937088295,1.0
2112,1.0,0.007058097652516972,1.0
2113,5.0,0.10508892430005454,5.0
2114,2.0,-0.020368720703380177,2.0
2115,1.0,-0.24452699402121145,1.0
2116,1.0,-0.13764350366181985,1.0
2117,5.0,0.014378617555591569,5.0
2118,1.0,-0.04930517704538914,1.0
2119,2.0,0.0020179901308727518,2.0
2120,1.0,-0.44163524706150853,1.0
2121,1.0,-0.05686228530153885,1.0
2122,1.0,-0.07274505382921297,1.0
2123,1.0,-0.012222902830776235,1.0
2124,5.0,-0.017709366865796335,5.0
2125,5.0,0.02607944542099554,5.0
2126,1.0,0.015522555397174266,1.0
2127,5.0,0.07667282027113553,5.0
2128,5.0,0.014765176335743896,5.0
2129,5.0,0.08954979426338035,5.0
2130,5.0,0.08954979426338035,5.0
2131,5.0,-0.019090210972734563,5.0
2132,5.0,-4.6859065977261204e-05,5.0
2133,1.0,-0.0711122912887544,1.0
2134,1.0,-0.0048228318656265805,1.0
2135,5.0,0.04311046301025746,5.0
2136,5.0,0.022762823733173947,5.0
2137,5.0,-0.04502368221009739,5.0
2138,1.0,0.11382409217945368,1.0
2139,3.0,0.014924112951407602,3.0
2140,3.0,-0.0949018828134528,3.0
2141,1.0,-0.18150641576801232,1.0
2142,5.0,0.054322716404272955,5.0
2143,5.0,0.05247017659752697,5.0
2144,5.0,-0.024624149331362963,5.0
2145,5.0,0.00856848176007295,5.0
2146,5.0,0.00856848176007295,5.0
2147,2.0,-0.021214404022278806,2.0
2148,2.0,-0.01834689221679811,2.0
2149,2.0,0.0009305779116279868,2.0
2150,2.0,-0.012219007863106906,2.0
2151,2.0,0.12147713620295646,2.0
2152,2.0,-0.08665817445626889,2.0
2153,1.0,-0.13103851933465577,1.0
2154,5.0,-0.06870660989701238,5.0
2155,5.0,0.017203714216948784,5.0
2156,5.0,0.02153052753551593,5.0
2157,5.0,0.03438534947521851,5.0
2158,5.0,0.04747266657536618,5.0
2159,5.0,0.06049502137364625,5.0
2160,5.0,0.06049502137364625,5.0
2161,5.0,0.032345961016588695,5.0
2162,5.0,0.03450193478046261,5.0
2163,5.0,0.011076272488421047,5.0
2164,5.0,-0.03599709538325751,5.0
2165,5.0,0.015076618387371132,5.0
2166,5.0,0.06467446196756642,5.0
2167,1.0,-0.023342908132367685,1.0
2168,1.0,-0.10343677245409683,1.0
2169,5.0,0.011434920383866561,5.0
2170,5.0,-0.0792383482464317,5.0
2171,1.0,0.0383790445053898,1.0
2172,1.0,-0.07043202809046616,1.0
2173,1.0,-0.042325138898567295,1.0
2174,1.0,0.06979390445342884,1.0
2175,5.0,0.029390411021661032,5.0
2176,1.0,-0.03577436104055724,1.0
2177,5.0,0.015150042249234594,5.0
2178,5.0,0.08450685931971823,5.0
2179,5.0,0.05013275145735249,5.0
2180,5.0,0.01319524980550416,5.0
2181,5.0,0.030370028507230806,5.0
2182,1.0,0.1242783959715993,1.0
2183,4.0,0.09927680084108867,4.0
2184,4.0,0.09927680084108867,4.0
2185,4.0,-0.01122149880051075,4.0
2186,4.0,-0.01122149880051075,4.0
2187,5.0,-0.06936205030174701,5.0
2188,5.0,0.0517048098974176,5.0
2189,5.0,0.08719976392314262,5.0
2190,1.0,-0.050327658998571216,1.0
2191,5.0,0.03599742618731851,5.0
2192,5.0,0.10752480284005568,5.0
2193,1.0,-0.04448814878395418,1.0
2194,1.0,0.01490717154126,1.0
2195,1.0,-0.13501464754647602,1.0
2196,5.0,0.0455367036422223,5.0
2197,5.0,0.020334287881248636,5.0
2198,5.0,0.05323086543276673,5.0
2199,5.0,0.050105592862336214,5.0
2200,5.0,0.012452811503074146,5.0
2201,5.0,0.04052966260859489,5.0
2202,5.0,-0.03515514641806319,5.0
2203,5.0,-0.010409587817647776,5.0
2204,4.0,0.05209362089185261,4.0
2205,4.0,0.009342838521144608,4.0
2206,1.0,0.04420603809488359,1.0
2207,1.0,-0.05751334957608521,1.0
2208,5.0,0.002005877620275663,5.0
2209,1.0,-0.10505360542469733,1.0
2210,4.0,-0.004888669611720393,4.0
2211,1.0,-0.12644911494812552,1.0
2212,5.0,-0.03428480969262283,5.0
2213,5.0,0.03483336259739133,5.0
2214,5.0,0.012729675892279572,5.0
2215,5.0,-0.07509181716755076,5.0
2216,5.0,0.04145359007271436,5.0
2217,5.0,0.01421150437891449,5.0
2218,1.0,-0.17277040694209295,1.0
2219,5.0,0.043977128746565314,5.0
2220,5.0,0.03305580041002314,5.0
2221,5.0,0.01777925981430389,5.0
2222,5.0,0.0631684371699436,5.0
2223,5.0,0.0631684371699436,5.0
2224,5.0,0.04469278630691505,5.0
2225,5.0,0.07371415108250905,5.0
2226,5.0,0.07371415108250905,5.0
2227,5.0,0.00301753440044046,5.0
2228,5.0,0.003837805622069961,5.0
2229,5.0,0.003837805622069961,5.0
2230,2.0,0.04608184819929424,2.0
2231,2.0,0.02307670487821828,2.0
2232,4.0,0.06533478101339482,4.0
2233,1.0,-0.0799673393634188,1.0
2234,1.0,-0.049873277542679735,1.0
2235,1.0,0.02560036867651985,1.0
2236,1.0,-0.05640253535471608,1.0
2237,4.0,-0.031122996405074394,4.0
2238,5.0,0.02913777370052764,5.0
2239,5.0,0.02913777370052764,5.0
2240,5.0,0.08117026989044432,5.0
2241,5.0,0.08117026989044432,5.0
2242,5.0,0.08117026989044432,5.0
2243,4.0,-0.012543234957777403,4.0
2244,4.0,-0.012543234957777403,4.0
2245,5.0,0.01319910549994685,5.0
2246,5.0,0.01319910549994685,5.0
2247,5.0,0.01319910549994685,5.0
2248,5.0,0.01319910549994685,5.0
2249,5.0,0.01319910549994685,5.0
2250,5.0,0.01319910549994685,5.0
2251,5.0,0.01319910549994685,5.0
2252,4.0,-0.08628624800551056,4.0
2253,5.0,0.01319910549994685,5.0
2254,5.0,0.01319910549994685,5.0
2255,5.0,0.01319910549994685,5.0
2256,5.0,0.01319910549994685,5.0
2257,5.0,0.01319910549994685,5.0
2258,5.0,0.01319910549994685,5.0
2259,5.0,0.01319910549994685,5.0
2260,5.0,0.01319910549994685,5.0
2261,5.0,0.01319910549994685,5.0
2262,5.0,0.01319910549994685,5.0
2263,5.0,0.01319910549994685,5.0
2264,5.0,0.01319910549994685,5.0
2265,5.0,0.005036673421149654,5.0
2266,5.0,0.005036673421149654,5.0
2267,5.0,0.20259694305042938,5.0
2268,5.0,0.20259694305042938,5.0
2269,5.0,0.20259694305042938,5.0
2270,5.0,0.20259694305042938,5.0
2271,5.0,0.20259694305042938,5.0
2272,5.0,0.20259694305042938,5.0
2273,5.0,0.20259694305042938,5.0
2274,5.0,0.20259694305042938,5.0
2275,5.0,0.20259694305042938,5.0
2276,5.0,0.20259694305042938,5.0
2277,5.0,0.20259694305042938,5.0
2278,5.0,0.20259694305042938,5.0
2279,1.0,-0.287815142356066,1.0
2280,5.0,0.20259694305042938,5.0
2281,5.0,0.20259694305042938,5.0
2282,5.0,0.20259694305042938,5.0
2283,5.0,0.20259694305042938,5.0
2284,5.0,0.20259694305042938,5.0
2285,5.0,0.20259694305042938,5.0
2286,4.0,-0.017119486423878644,4.0
2287,4.0,-0.017119486423878644,4.0
2288,4.0,-0.017119486423878644,4.0
2289,5.0,0.0034425673415340394,5.0
2290,5.0,0.04251938416221594,5.0
2291,5.0,0.04251938416221594,5.0
2292,4.0,-0.04058829318263032,4.0
2293,5.0,0.04491290768433886,5.0
2294,5.0,0.04491290768433886,5.0
2295,5.0,0.04491290768433886,5.0
2296,5.0,0.06465636744520917,5.0
2297,4.0,-0.0006324051111897944,4.0
2298,5.0,0.06335810158759667,5.0
2299,5.0,0.06335810158759667,5.0
2300,5.0,0.03463916318725508,5.0
2301,5.0,0.03463916318725508,5.0
2302,5.0,0.035578963319163194,5.0
2303,5.0,0.035578963319163194,5.0
2304,5.0,0.035578963319163194,5.0
2305,5.0,0.035578963319163194,5.0
2306,5.0,0.035578963319163194,5.0
2307,5.0,0.035578963319163194,5.0
2308,5.0,0.035578963319163194,5.0
2309,5.0,0.035578963319163194,5.0
2310,5.0,0.035578963319163194,5.0
2311,2.0,-0.12278308390845803,2.0
2312,5.0,0.028430402986290806,5.0
2313,5.0,0.028430402986290806,5.0
2314,2.0,-0.18870544527454924,2.0
2315,5.0,0.028430402986290806,5.0
2316,5.0,0.028430402986290806,5.0
2317,2.0,-0.18870544527454924,2.0
2318,5.0,0.0007231894724222879,5.0
2319,5.0,0.0007231894724222879,5.0
2320,5.0,0.0007231894724222879,5.0
2321,5.0,0.0007231894724222879,5.0
2322,5.0,0.0007231894724222879,5.0
2323,5.0,-0.011636344087643097,5.0
2324,5.0,-0.011636344087643097,5.0
2325,5.0,-0.011636344087643097,5.0
2326,5.0,0.08248072677789717,5.0
2327,5.0,0.08248072677789717,5.0
2328,5.0,0.08248072677789717,5.0
2329,5.0,0.08248072677789717,5.0
2330,5.0,0.08248072677789717,5.0
2331,5.0,-0.011636344087643097,5.0
2332,5.0,-0.011636344087643097,5.0
2333,5.0,0.08850169944213848,5.0
2334,5.0,0.049141310247371076,5.0
2335,4.0,0.037607400190557326,4.0
2336,5.0,0.052431739817316934,5.0
2337,5.0,0.052431739817316934,5.0
2338,5.0,0.03129408473185996,5.0
2339,5.0,0.03129408473185996,5.0
2340,5.0,0.03129408473185996,5.0
2341,5.0,0.0851726127002999,5.0
2342,5.0,0.04784190695384199,5.0
2343,5.0,0.04784190695384199,5.0
2344,5.0,0.04784190695384199,5.0
2345,5.0,0.04784190695384199,5.0
2346,5.0,0.04784190695384199,5.0
2347,5.0,0.04235046607900539,5.0
2348,5.0,0.04235046607900539,5.0
2349,5.0,0.04235046607900539,5.0
2350,5.0,0.04235046607900539,5.0
2351,5.0,0.05284781945132143,5.0
2352,4.0,-0.09182500420306614,4.0
2353,5.0,0.05284781945132143,5.0
2354,5.0,0.05284781945132143,5.0
2355,5.0,0.0038246881140471863,5.0
2356,5.0,0.0038246881140471863,5.0
2357,5.0,0.02235367591710921,5.0
2358,5.0,0.02235367591710921,5.0
2359,5.0,0.17731267897805336,5.0
2360,5.0,0.17731267897805336,5.0
2361,5.0,0.17731267897805336,5.0
2362,5.0,0.17731267897805336,5.0
2363,5.0,0.17731267897805336,5.0
2364,5.0,0.044232878431975375,5.0
2365,5.0,0.044232878431975375,5.0
2366,5.0,-0.0590246964493614,5.0
2367,5.0,-0.0590246964493614,5.0
2368,5.0,-0.0590246964493614,5.0
2369,5.0,-0.0590246964493614,5.0
2370,5.0,-0.0590246964493614,5.0
2371,5.0,-0.0590246964493614,5.0
2372,5.0,-0.0590246964493614,5.0
2373,5.0,0.18226191246804097,5.0
2374,5.0,0.18226191246804097,5.0
2375,5.0,0.18226191246804097,5.0
2376,5.0,0.09568881584179456,5.0
2377,5.0,0.09568881584179456,5.0
2378,5.0,0.09568881584179456,5.0
2379,5.0,0.09568881584179456,5.0
2380,5.0,0.09568881584179456,5.0
2381,5.0,0.03300830651562732,5.0
2382,5.0,0.08758939099157328,5.0
2383,4.0,-0.09056815378952525,4.0
2384,4.0,-0.09039149755622848,4.0
2385,5.0,0.09441898232675439,5.0
2386,5.0,0.09441898232675439,5.0
2387,5.0,0.09441898232675439,5.0
2388,2.0,-0.051667581595655335,2.0
2389,5.0,0.09441898232675439,5.0
2390,5.0,0.09441898232675439,5.0
2391,5.0,0.09441898232675439,5.0
2392,2.0,-0.051667581595655335,2.0
2393,5.0,0.09441898232675439,5.0
2394,5.0,0.09441898232675439,5.0
2395,5.0,0.09441898232675439,5.0
2396,5.0,0.09441898232675439,5.0
2397,5.0,0.09441898232675439,5.0
2398,5.0,0.09441898232675439,5.0
2399,5.0,0.09441898232675439,5.0
2400,2.0,-0.0375860986389257,2.0
2401,2.0,-0.0375860986389257,2.0
2402,5.0,0.01071015088073585,5.0
2403,5.0,0.01071015088073585,5.0
2404,5.0,0.01071015088073585,5.0
2405,5.0,0.01071015088073585,5.0
2406,5.0,0.01071015088073585,5.0
2407,2.0,-0.0375860986389257,2.0
2408,2.0,-0.0375860986389257,2.0
2409,2.0,-0.0375860986389257,2.0
2410,5.0,0.01071015088073585,5.0
2411,5.0,0.01071015088073585,5.0
2412,5.0,0.01071015088073585,5.0
2413,5.0,0.01071015088073585,5.0
2414,5.0,0.01071015088073585,5.0
2415,5.0,0.015900704350846846,5.0
2416,4.0,-0.032695101242944766,4.0
2417,1.0,-0.21394972879584867,1.0
2418,1.0,-0.21394972879584867,1.0
2419,1.0,-0.21394972879584867,1.0
2420,1.0,-0.21394972879584867,1.0
2421,5.0,-0.011524378057506675,5.0
2422,5.0,-0.011524378057506675,5.0
2423,5.0,0.12167450490661263,5.0
2424,5.0,0.12167450490661263,5.0
2425,5.0,0.12167450490661263,5.0
2426,4.0,-0.02540892295915265,4.0
2427,2.0,-0.15391986967933735,2.0
2428,5.0,0.144882221933205,5.0
2429,5.0,0.02248569881923,5.0
2430,5.0,0.02248569881923,5.0
2431,2.0,0.04495741701407735,2.0
2432,1.0,-0.038851636931601395,1.0
2433,5.0,0.07138866457236503,5.0
2434,5.0,0.07138866457236503,5.0
2435,5.0,0.1593364947629622,5.0
2436,5.0,0.06318276252024516,5.0
2437,5.0,0.16824405826952157,5.0
2438,5.0,-0.08785041658214911,5.0
2439,5.0,-0.006695987465594164,5.0
2440,5.0,-0.006695987465594164,5.0
2441,5.0,-0.006695987465594164,5.0
2442,5.0,-0.006695987465594164,5.0
2443,5.0,-0.006695987465594164,5.0
2444,5.0,-0.006695987465594164,5.0
2445,5.0,-0.006695987465594164,5.0
2446,5.0,-0.006695987465594164,5.0
2447,5.0,0.06871992008832425,5.0
2448,5.0,0.06871992008832425,5.0
2449,5.0,0.06871992008832425,5.0
2450,5.0,0.06871992008832425,5.0
2451,5.0,0.06871992008832425,5.0
2452,5.0,0.06871992008832425,5.0
2453,5.0,0.06374089911588085,5.0
2454,5.0,-0.11158868917876229,5.0
2455,5.0,-0.11158868917876229,5.0
2456,5.0,-0.11158868917876229,5.0
2457,5.0,0.2341197814802602,5.0
2458,5.0,0.07399908460096961,5.0
2459,5.0,0.07399908460096961,5.0
2460,5.0,0.07399908460096961,5.0
2461,5.0,0.09739631825026676,5.0
2462,5.0,0.03558788202239598,5.0
2463,5.0,-0.11158868917876229,5.0
2464,5.0,0.03558788202239598,5.0
2465,5.0,-0.009694832813419164,5.0
2466,5.0,-0.03941876562559337,5.0
2467,5.0,0.033518557922949985,5.0
2468,1.0,-0.21230626066536235,1.0
2469,5.0,0.09119852181633722,5.0
2470,5.0,0.07198907606693628,5.0
2471,5.0,0.07198907606693628,5.0
2472,5.0,0.07198907606693628,5.0
2473,5.0,0.08346739268436987,5.0
2474,4.0,-0.01840280902714067,4.0
2475,5.0,-0.042795988715919456,5.0
2476,5.0,-0.042795988715919456,5.0
2477,4.0,-0.004951559989590414,4.0
2478,5.0,-0.042795988715919456,5.0
2479,5.0,0.044207356281558106,5.0
2480,5.0,0.044207356281558106,5.0
2481,5.0,0.044207356281558106,5.0
2482,5.0,0.2045790485217878,5.0
2483,5.0,0.2045790485217878,5.0
2484,5.0,0.2045790485217878,5.0
2485,5.0,0.2045790485217878,5.0
2486,4.0,-0.09969110124932881,4.0
2487,4.0,-0.035914996196984246,4.0
2488,5.0,0.19824706188788022,5.0
2489,5.0,0.19824706188788022,5.0
2490,5.0,0.12564487910230124,5.0
2491,5.0,0.12564487910230124,5.0
2492,5.0,0.05463174224387381,5.0
2493,5.0,0.04691059599557185,5.0
2494,5.0,0.0800759967738332,5.0
2495,5.0,0.07703966342055307,5.0
2496,5.0,0.026252664307746216,5.0
2497,5.0,0.026252664307746216,5.0
2498,5.0,0.026252664307746216,5.0
2499,5.0,0.12139615370084754,5.0
2500,5.0,0.12139615370084754,5.0
2501,5.0,-0.013022126052375977,5.0
2502,5.0,-0.013022126052375977,5.0
2503,5.0,0.05297262159451291,5.0
2504,5.0,-0.011613839846114454,5.0
2505,5.0,-0.011613839846114454,5.0
2506,5.0,-0.011613839846114454,5.0
2507,5.0,0.09351545160410019,5.0
2508,5.0,0.09351545160410019,5.0
2509,5.0,0.0496886047981729,5.0
2510,5.0,0.1723157977629053,5.0
2511,5.0,0.1723157977629053,5.0
2512,5.0,-0.011613839846114454,5.0
2513,5.0,-0.06950729000027936,5.0
2514,5.0,-0.050898828601875126,5.0
2515,5.0,-0.04115906825998157,5.0
2516,5.0,0.019287053063693264,5.0
2517,5.0,0.04729738719824683,5.0
2518,5.0,0.16754072571272452,5.0
2519,5.0,0.013287430197572198,5.0
2520,5.0,0.0032748657190514005,5.0
2521,5.0,-0.028341492981499686,5.0
2522,5.0,0.08658961371225937,5.0
2523,5.0,-0.0023556647397270907,5.0
2524,5.0,0.05104514535617233,5.0
2525,5.0,0.02911478902112264,5.0
2526,4.0,-0.08936922046721196,4.0
2527,5.0,0.06699941973600282,5.0
2528,4.0,0.034159698260639734,4.0
2529,5.0,0.016486515692309127,5.0
2530,4.0,-0.03151690458874061,4.0
2531,5.0,0.03616344607373139,5.0
2532,4.0,-0.01436150669168075,4.0
2533,5.0,0.1597149126663514,5.0
2534,4.0,-0.05558072970494599,4.0
2535,5.0,0.006317845121697383,5.0
2536,5.0,0.006317845121697383,5.0
2537,5.0,0.028860723033686447,5.0
2538,4.0,-0.042294904872729015,4.0
2539,5.0,-0.015201303562427309,5.0
2540,5.0,-0.012859324654150133,5.0
2541,5.0,0.08960566151837486,5.0
2542,5.0,0.08960566151837486,5.0
2543,5.0,0.20614539595475323,5.0
2544,5.0,0.05873141473386134,5.0
2545,5.0,0.0352730021879563,5.0
2546,1.0,-0.18233107784970282,1.0
2547,1.0,-0.07295048094545463,1.0
2548,1.0,-0.07295048094545463,1.0
2549,1.0,-0.07295048094545463,1.0
2550,5.0,0.0930664919644229,5.0
2551,5.0,0.0930664919644229,5.0
2552,5.0,0.0930664919644229,5.0
2553,2.0,-0.03610649278779881,2.0
2554,2.0,-0.07819632520343962,2.0
2555,2.0,-0.07819632520343962,2.0
2556,2.0,-0.06651293627303705,2.0
2557,5.0,0.0833601121143048,5.0
2558,5.0,0.0833601121143048,5.0
2559,2.0,-0.0555243524859579,2.0
2560,5.0,0.0563218800232122,5.0
2561,2.0,-0.0830885138048444,2.0
2562,2.0,-0.025209027297804186,2.0
2563,1.0,-0.20909341190003766,1.0
2564,5.0,0.11301231018078571,5.0
2565,2.0,-0.03603449238489147,2.0
2566,2.0,-0.03603449238489147,2.0
2567,5.0,0.0067782091270123775,5.0
2568,5.0,0.0067782091270123775,5.0
2569,5.0,0.02951720348666877,5.0
2570,5.0,-0.017717471278719137,5.0
2571,5.0,-0.017717471278719137,5.0
2572,5.0,0.04004919430586473,5.0
2573,5.0,0.04004919430586473,5.0
2574,5.0,0.054398881906765575,5.0
2575,5.0,0.054398881906765575,5.0
2576,5.0,0.054398881906765575,5.0
2577,5.0,0.10830985613288682,5.0
2578,1.0,-0.03504501891287919,1.0
2579,5.0,0.09496508115773755,5.0
2580,5.0,0.09323577044835321,5.0
2581,5.0,-0.015247429520262654,5.0
2582,5.0,0.057485062721890065,5.0
2583,5.0,0.03862305282177755,5.0
2584,5.0,0.03862305282177755,5.0
2585,5.0,0.06985402032944549,5.0
2586,5.0,0.06985402032944549,5.0
2587,5.0,0.06985402032944549,5.0
2588,5.0,0.06985402032944549,5.0
2589,5.0,0.10160569800171655,5.0
2590,5.0,0.04149213778576073,5.0
2591,5.0,0.04149213778576073,5.0
2592,5.0,0.04149213778576073,5.0
2593,5.0,0.07935164481721613,5.0
2594,5.0,0.07935164481721613,5.0
2595,5.0,0.07935164481721613,5.0
2596,5.0,0.07935164481721613,5.0
2597,5.0,0.11733392603087921,5.0
2598,5.0,0.0423444422477012,5.0
2599,5.0,0.0423444422477012,5.0
2600,5.0,0.0423444422477012,5.0
2601,5.0,0.0423444422477012,5.0
2602,5.0,0.0423444422477012,5.0
2603,5.0,0.06687837194873474,5.0
2604,5.0,0.06687837194873474,5.0
2605,5.0,0.06687837194873474,5.0
2606,5.0,0.06687837194873474,5.0
2607,5.0,0.05003716613084042,5.0
2608,5.0,0.13767766851779956,5.0
2609,5.0,0.04974002476777786,5.0
2610,5.0,0.15386056414143018,5.0
2611,5.0,0.021774901338795477,5.0
2612,5.0,0.041702621606702954,5.0
2613,5.0,0.06540865240848884,5.0
2614,5.0,0.06828228178546908,5.0
2615,5.0,0.06828228178546908,5.0
2616,5.0,0.06828228178546908,5.0
2617,5.0,0.10475493270287742,5.0
2618,4.0,-0.09558683376273415,4.0
2619,5.0,0.0731115717225446,5.0
2620,5.0,-0.04816704604634014,5.0
2621,5.0,-0.04816704604634014,5.0
2622,4.0,0.02847071597935262,4.0
2623,5.0,-0.04816704604634014,5.0
2624,5.0,-0.04816704604634014,5.0
2625,5.0,-0.04816704604634014,5.0
2626,5.0,-0.04816704604634014,5.0
2627,4.0,0.02847071597935262,4.0
2628,5.0,-0.04816704604634014,5.0
2629,5.0,-0.04816704604634014,5.0
2630,5.0,-0.04816704604634014,5.0
2631,5.0,-0.04816704604634014,5.0
2632,5.0,-0.04816704604634014,5.0
2633,5.0,-0.04816704604634014,5.0
2634,5.0,0.20431171911063262,5.0
2635,5.0,0.20431171911063262,5.0
2636,5.0,0.20431171911063262,5.0
2637,5.0,0.20431171911063262,5.0
2638,5.0,0.20431171911063262,5.0
2639,5.0,0.20431171911063262,5.0
2640,5.0,0.06145360619966185,5.0
2641,4.0,-0.07181080140024679,4.0
2642,5.0,0.006487830963414124,5.0
2643,5.0,0.006487830963414124,5.0
2644,5.0,0.006487830963414124,5.0
2645,5.0,0.006487830963414124,5.0
2646,5.0,0.20328467015708745,5.0
2647,5.0,0.20328467015708745,5.0
2648,5.0,0.20328467015708745,5.0
2649,5.0,0.20328467015708745,5.0
2650,5.0,0.06434135762439416,5.0
2651,5.0,0.18074055630772412,5.0
2652,5.0,0.18074055630772412,5.0
2653,5.0,0.18074055630772412,5.0
2654,5.0,-0.0008586996251213127,5.0
2655,5.0,0.043425097933394545,5.0
2656,4.0,-0.06457225602230425,4.0
2657,5.0,0.03362259093253605,5.0
2658,5.0,0.03362259093253605,5.0
2659,5.0,0.06990824682701245,5.0
2660,5.0,0.06990824682701245,5.0
2661,5.0,0.10181365401042625,5.0
2662,5.0,0.11334686726232704,5.0
2663,5.0,0.03853831064115701,5.0
2664,1.0,-0.1505176505838326,1.0
2665,5.0,0.03853831064115701,5.0
2666,1.0,-0.1505176505838326,1.0
2667,5.0,0.08602947185896204,5.0
2668,5.0,0.04880474850764857,5.0
2669,5.0,0.15397327952532308,5.0
2670,5.0,0.0376517650231965,5.0
2671,5.0,0.11890926582101999,5.0
2672,5.0,0.11890926582101999,5.0
2673,5.0,0.11890926582101999,5.0
2674,5.0,0.19605238382160803,5.0
2675,5.0,0.04730846000521213,5.0
2676,5.0,0.023753162587860144,5.0
2677,5.0,-0.01751659093044,5.0
2678,5.0,0.05229996173263219,5.0
2679,5.0,-0.03159344883192949,5.0
2680,5.0,-0.0678213471013984,5.0
2681,5.0,-0.0678213471013984,5.0
2682,5.0,-0.0678213471013984,5.0
2683,5.0,-0.0678213471013984,5.0
2684,5.0,-0.0678213471013984,5.0
2685,5.0,-0.0678213471013984,5.0
2686,5.0,0.05948923665529969,5.0
2687,5.0,0.05948923665529969,5.0
2688,4.0,-0.009244019146074653,4.0
2689,5.0,-0.013003070009736504,5.0
2690,5.0,0.09807874572014987,5.0
2691,5.0,0.06553853836803367,5.0
2692,5.0,-0.04990920120671422,5.0
2693,5.0,0.08437385406708814,5.0
2694,5.0,0.0832870899757339,5.0
2695,5.0,0.05660847356469112,5.0
2696,5.0,0.04283136354980707,5.0
2697,5.0,0.05853314294707756,5.0
2698,4.0,-0.09003234317694002,4.0
2699,5.0,0.13698917991392173,5.0
2700,4.0,-0.1770960986939329,4.0
2701,4.0,-0.10275115015007112,4.0
2702,5.0,-0.07061527520776414,5.0
2703,5.0,-0.07061527520776414,5.0
2704,5.0,-0.07061527520776414,5.0
2705,5.0,-0.07197978972728436,5.0
2706,5.0,0.042494982528163576,5.0
2707,5.0,0.042494982528163576,5.0
2708,5.0,0.06697598929979778,5.0
2709,5.0,0.06697598929979778,5.0
2710,5.0,0.06697598929979778,5.0
2711,5.0,-0.07845444238987212,5.0
2712,5.0,-0.07197978972728436,5.0
2713,5.0,0.046806812990939244,5.0
2714,5.0,0.10420019832464071,5.0
2715,5.0,0.05521664786131532,5.0
2716,5.0,0.12016217214779668,5.0
2717,5.0,0.022514678401613416,5.0
2718,5.0,0.025366681455975128,5.0
2719,5.0,0.07372392867263673,5.0
2720,5.0,0.08494567082627394,5.0
2721,5.0,0.08494567082627394,5.0
2722,5.0,0.08830676408117849,5.0
2723,2.0,-0.07196334011363836,2.0
2724,5.0,0.07580691379376417,5.0
2725,5.0,-0.057067184312564585,5.0
2726,5.0,0.103370211064219,5.0
2727,5.0,0.103370211064219,5.0
2728,5.0,-0.05586069735402619,5.0
2729,5.0,-0.05586069735402619,5.0
2730,2.0,-0.04119943844877773,2.0
2731,2.0,-0.04119943844877773,2.0
2732,1.0,-0.14856191686083056,1.0
2733,2.0,-0.04119943844877773,2.0
2734,2.0,-0.04119943844877773,2.0
2735,2.0,-0.04119943844877773,2.0
2736,2.0,-0.04119943844877773,2.0
2737,2.0,-0.04119943844877773,2.0
2738,2.0,-0.04119943844877773,2.0
2739,1.0,-0.14856191686083056,1.0
2740,1.0,-0.14856191686083056,1.0
2741,2.0,-0.04119943844877773,2.0
2742,2.0,-0.04119943844877773,2.0
2743,2.0,-0.04119943844877773,2.0
2744,2.0,-0.04119943844877773,2.0
2745,1.0,-0.109690153978722,1.0
2746,1.0,-0.109690153978722,1.0
2747,5.0,0.15678721380976274,5.0
2748,2.0,-0.007511096218009845,2.0
2749,5.0,-0.009126831734255455,5.0
2750,5.0,-0.10410310991773258,5.0
2751,5.0,0.06419261921299754,5.0
2752,5.0,0.08835268357819029,5.0
2753,5.0,0.047386314064904574,5.0
2754,5.0,0.12526527328316434,5.0
2755,5.0,0.12526527328316434,5.0
2756,5.0,0.12526527328316434,5.0
2757,5.0,0.12526527328316434,5.0
2758,5.0,0.1175608186584058,5.0
2759,5.0,0.1175608186584058,5.0
2760,5.0,0.03988678887458375,5.0
2761,5.0,0.03988678887458375,5.0
2762,5.0,0.03988678887458375,5.0
2763,5.0,0.03988678887458375,5.0
2764,5.0,0.051754344070414675,5.0
2765,5.0,0.051754344070414675,5.0
2766,5.0,0.051754344070414675,5.0
2767,5.0,0.00965270915367691,5.0
2768,5.0,0.12547342977477974,5.0
2769,5.0,0.12547342977477974,5.0
2770,5.0,0.12547342977477974,5.0
2771,5.0,0.12547342977477974,5.0
2772,5.0,-0.025634297281119618,5.0
2773,5.0,-0.025634297281119618,5.0
2774,5.0,-0.025634297281119618,5.0
2775,5.0,-0.025634297281119618,5.0
2776,5.0,-0.025634297281119618,5.0
2777,5.0,-0.025634297281119618,5.0
2778,5.0,-0.025634297281119618,5.0
2779,5.0,-0.025634297281119618,5.0
2780,5.0,-0.025634297281119618,5.0
2781,5.0,0.20175983541426185,5.0
2782,5.0,0.20175983541426185,5.0
2783,5.0,0.20175983541426185,5.0
2784,5.0,0.20175983541426185,5.0
2785,5.0,0.20175983541426185,5.0
2786,5.0,0.18943778698379546,5.0
2787,5.0,0.18943778698379546,5.0
2788,5.0,0.18943778698379546,5.0
2789,5.0,0.0744869892967886,5.0
2790,5.0,0.0744869892967886,5.0
2791,5.0,0.0744869892967886,5.0
2792,5.0,0.029519937295245074,5.0
2793,5.0,0.06719246977930762,5.0
2794,4.0,-0.05069096752408925,4.0
2795,5.0,0.05479365416841201,5.0
2796,5.0,0.15307494615375963,5.0
2797,5.0,0.00895196316752426,5.0
2798,5.0,0.07712392137330883,5.0
2799,5.0,-0.02013943330592548,5.0
2800,5.0,0.035750732745554716,5.0
2801,5.0,0.035750732745554716,5.0
2802,5.0,0.029469080981935323,5.0
2803,5.0,0.029469080981935323,5.0
2804,5.0,0.029469080981935323,5.0
2805,5.0,0.029469080981935323,5.0
2806,4.0,-0.10909719364657981,4.0
2807,4.0,-0.12212880113477921,4.0
2808,5.0,0.025495998692683458,5.0
2809,5.0,0.009628503817031345,5.0
2810,5.0,0.009628503817031345,5.0
2811,5.0,0.08501215325035252,5.0
2812,5.0,0.08501215325035252,5.0
2813,5.0,0.06837228411098807,5.0
2814,5.0,0.06837228411098807,5.0
2815,5.0,0.06837228411098807,5.0
2816,5.0,0.11392047703571932,5.0
2817,5.0,-0.03164967297895313,5.0
2818,5.0,0.07358559029848995,5.0
2819,5.0,0.18967484424267103,5.0
2820,5.0,0.009628503817031345,5.0
2821,1.0,-0.21994085176472097,1.0
2822,5.0,0.007887189311533704,5.0
2823,5.0,0.17618275514840537,5.0
2824,5.0,0.17618275514840537,5.0
2825,5.0,-0.050898828601875126,5.0
2826,5.0,0.025911821947442543,5.0
2827,5.0,0.007262655575408342,5.0
2828,5.0,0.080091181537524,5.0
2829,5.0,0.019303494908488667,5.0
2830,2.0,-0.03963316307337603,2.0
2831,2.0,-0.09447856123946714,2.0
2832,2.0,-0.017936746413805996,2.0
2833,5.0,0.1216486088253896,5.0
2834,5.0,0.034668840755884875,5.0
2835,5.0,0.1884473785271773,5.0
2836,2.0,-0.027828751192599227,2.0
2837,2.0,-0.02988356364206743,2.0
2838,5.0,-0.011567398482748145,5.0
2839,5.0,0.0695803081089123,5.0
2840,5.0,0.0695803081089123,5.0
2841,5.0,0.06957099815591201,5.0
2842,5.0,0.11637459700977143,5.0
2843,5.0,0.11637459700977143,5.0
2844,5.0,0.018634030404125975,5.0
2845,5.0,0.01311668310882155,5.0
2846,5.0,0.010338378826980474,5.0
2847,5.0,0.12752607233464322,5.0
2848,5.0,0.05551644889960921,5.0
2849,5.0,0.049718906916434866,5.0
2850,5.0,0.028242317880248228,5.0
2851,5.0,0.08367960072087102,5.0
2852,5.0,0.17042370723323833,5.0
2853,5.0,0.03458337070754906,5.0
2854,5.0,0.09367151546217092,5.0
2855,5.0,0.08234005859938771,5.0
2856,5.0,0.11227369361879963,5.0
2857,5.0,0.09829875904805038,5.0
2858,5.0,0.1047068546808504,5.0
2859,5.0,0.001287191935934651,5.0
2860,1.0,-0.03237810881343419,1.0
2861,5.0,0.08422150959638956,5.0
2862,5.0,0.08422150959638956,5.0
2863,5.0,0.023757197590920376,5.0
2864,5.0,0.023757197590920376,5.0
2865,5.0,0.023757197590920376,5.0
2866,5.0,0.04118048531057481,5.0
2867,5.0,0.200852402724447,5.0
2868,5.0,0.02065106383946774,5.0
2869,5.0,-0.0029997276471451567,5.0
2870,4.0,-0.014800734451805237,4.0
2871,5.0,-0.0029997276471451567,5.0
2872,5.0,0.1012954421993549,5.0
2873,5.0,0.1012954421993549,5.0
2874,5.0,0.1012954421993549,5.0
2875,5.0,0.1012954421993549,5.0
2876,5.0,0.016474767444744066,5.0
2877,5.0,0.06341707241671996,5.0
2878,5.0,0.013280801036568618,5.0
2879,4.0,-0.003304923173320788,4.0
2880,5.0,0.013280801036568618,5.0
2881,5.0,0.25949467604461557,5.0
2882,5.0,5.0978678613067784e-05,5.0
2883,5.0,5.0978678613067784e-05,5.0
2884,5.0,0.06731897537959966,5.0
2885,5.0,0.02960880682874898,5.0
2886,5.0,0.02458897421441812,5.0
2887,5.0,-0.017206358264307553,5.0
2888,2.0,0.026608989690798345,2.0
2889,5.0,-0.024207927154524057,5.0
2890,2.0,-0.04895647725203226,2.0
2891,5.0,0.05853568178730197,5.0
2892,1.0,-0.02716276800198423,1.0
2893,5.0,0.04753720045094091,5.0
2894,5.0,0.04753720045094091,5.0
2895,5.0,0.037135444882181776,5.0
2896,5.0,0.037135444882181776,5.0
2897,2.0,-0.055962459200893655,2.0
2898,1.0,-0.23318776438860433,1.0
2899,5.0,0.007025118130822301,5.0
2900,2.0,0.0027566468180638083,2.0
2901,5.0,0.026527737096705944,5.0
2902,5.0,0.007130777753399466,5.0
2903,5.0,0.007130777753399466,5.0
2904,5.0,0.061040673294978684,5.0
2905,2.0,-0.10489458455196822,2.0
2906,5.0,0.07978801342799816,5.0
2907,4.0,0.0706469806384732,4.0
2908,1.0,-0.05145424156521898,1.0
2909,2.0,-0.008013867895552603,2.0
2910,5.0,0.07633651003789246,5.0
2911,5.0,0.050799417825310715,5.0
2912,2.0,-0.03133554771871754,2.0
2913,5.0,-0.0638892667174644,5.0
2914,5.0,0.07633651003789246,5.0
2915,5.0,0.050799417825310715,5.0
2916,5.0,-0.007754245549274014,5.0
2917,1.0,-0.023074955670441717,1.0
2918,5.0,0.10411442216152149,5.0
2919,5.0,-0.0009297836897630865,5.0
2920,5.0,0.048094080079738505,5.0
2921,5.0,0.03158843524447433,5.0
2922,5.0,0.04083014655656905,5.0
2923,5.0,0.02620839315794583,5.0
2924,5.0,0.039057028264625954,5.0
2925,5.0,-0.012449877535543153,5.0
2926,5.0,0.01869548150590259,5.0
2927,5.0,0.11435197517732483,5.0
2928,5.0,0.11435197517732483,5.0
2929,5.0,0.11435197517732483,5.0
2930,5.0,0.11435197517732483,5.0
2931,5.0,0.11435197517732483,5.0
2932,5.0,0.049472547916187555,5.0
2933,5.0,0.049472547916187555,5.0
2934,5.0,0.049472547916187555,5.0
2935,5.0,0.049472547916187555,5.0
2936,5.0,0.12837983109103954,5.0
2937,5.0,0.12837983109103954,5.0
2938,5.0,0.12837983109103954,5.0
2939,5.0,0.0032269048249776826,5.0
2940,5.0,0.0720362152847066,5.0
2941,5.0,0.04213148253825544,5.0
2942,5.0,0.013342750549963579,5.0
2943,4.0,-0.062310153050599115,4.0
2944,5.0,0.09113673049268242,5.0
2945,5.0,0.04512690509409148,5.0
2946,5.0,0.08940193476772809,5.0
2947,5.0,0.04967874190492765,5.0
2948,5.0,0.024069283725988176,5.0
2949,1.0,-0.01698803290291129,1.0
2950,5.0,0.13777506124879016,5.0
2951,1.0,-0.01698803290291129,1.0
2952,2.0,-0.07326170618264474,2.0
2953,1.0,-0.01698803290291129,1.0
2954,5.0,0.13777506124879016,5.0
2955,1.0,-0.01698803290291129,1.0
2956,1.0,-0.01698803290291129,1.0
2957,1.0,-0.01698803290291129,1.0
2958,1.0,-0.01698803290291129,1.0
2959,1.0,-0.01698803290291129,1.0
2960,5.0,0.13777506124879016,5.0
2961,1.0,-0.01698803290291129,1.0
2962,1.0,-0.01698803290291129,1.0
2963,5.0,0.13777506124879016,5.0
2964,1.0,-0.01698803290291129,1.0
2965,1.0,-0.01698803290291129,1.0
2966,1.0,-0.01698803290291129,1.0
2967,1.0,-0.01698803290291129,1.0
2968,1.0,-0.21456468036906745,1.0
2969,1.0,-0.21456468036906745,1.0
2970,1.0,-0.12966984884109237,1.0
2971,1.0,-0.12966984884109237,1.0
2972,1.0,-0.12966984884109237,1.0
2973,1.0,-0.12966984884109237,1.0
2974,1.0,-0.12966984884109237,1.0
2975,1.0,-0.12966984884109237,1.0
2976,1.0,-0.12966984884109237,1.0
2977,1.0,-0.15873179649768004,1.0
2978,5.0,0.05442479871430615,5.0
2979,5.0,0.025752656103368105,5.0
2980,2.0,-0.04617971586470922,2.0
2981,1.0,-0.15112762712878908,1.0
2982,5.0,0.149321134829981,5.0
2983,2.0,-0.023335570031353177,2.0
2984,2.0,-0.004215884110371794,2.0
2985,2.0,-0.10509600566165853,2.0
2986,2.0,-0.05160045120443613,2.0
2987,5.0,0.07014101085345983,5.0
2988,5.0,0.07014101085345983,5.0
2989,5.0,0.09813858196163577,5.0
2990,5.0,0.014470630711677857,5.0
2991,5.0,0.014470630711677857,5.0
2992,1.0,-0.010708711204838206,1.0
2993,5.0,0.08515672379338114,5.0
2994,5.0,0.08515672379338114,5.0
2995,1.0,-0.18651987929177757,1.0
2996,1.0,-0.18651987929177757,1.0
2997,5.0,0.0901628316902061,5.0
2998,1.0,-0.12775358449800475,1.0
2999,5.0,0.03832204836133247,5.0
3000,1.0,-0.038762670323496146,1.0
3001,1.0,-0.19072828308767048,1.0
3002,1.0,-0.11404076276132913,1.0
3003,5.0,0.02198839020700767,5.0
3004,5.0,0.10210592399088074,5.0
3005,5.0,0.06041647330762109,5.0
3006,5.0,0.08342523079444902,5.0
3007,5.0,-0.0438095446188368,5.0
3008,5.0,0.04035508502539492,5.0
3009,5.0,0.04634047197563556,5.0
3010,5.0,0.14785415095217308,5.0
3011,5.0,0.10769660002144997,5.0
3012,5.0,0.043907385011163265,5.0
3013,5.0,0.04139770802942306,5.0
3014,5.0,0.1115473214709031,5.0
3015,4.0,-0.05724566748803329,4.0
3016,5.0,0.04970347363114327,5.0
3017,4.0,-0.08965415399224448,4.0
3018,5.0,0.05152197274384508,5.0
3019,1.0,-0.06984190055863895,1.0
3020,2.0,-0.024419364303862764,2.0
3021,1.0,-0.1314167440492733,1.0
3022,1.0,-0.12290467010939468,1.0
3023,5.0,0.03171541744928312,5.0
3024,5.0,0.03733952162830784,5.0
3025,5.0,-0.02896777474444728,5.0
3026,5.0,0.0020559484330346777,5.0
3027,5.0,0.021033204610290894,5.0
3028,5.0,0.04873656348450095,5.0
3029,5.0,0.017168653471275722,5.0
3030,5.0,0.18275161550785932,5.0
3031,5.0,-0.09697194465153822,5.0
3032,5.0,0.07550119288618422,5.0
3033,2.0,-0.054658816848940195,2.0
3034,5.0,0.07614099581640875,5.0
3035,5.0,0.05689112084678644,5.0
3036,2.0,-0.06151602468784305,2.0
3037,1.0,-0.09519587496477458,1.0
3038,1.0,-0.09519587496477458,1.0
3039,2.0,-0.06379481621502324,2.0
3040,1.0,-0.20984914080923459,1.0
3041,5.0,0.03216725980973749,5.0
3042,5.0,0.05697993350270362,5.0
3043,1.0,0.14305837716800038,1.0
3044,5.0,0.03216725980973749,5.0
3045,5.0,0.09519743645197327,5.0
3046,5.0,0.0248364217539847,5.0
3047,5.0,0.0635005099113395,5.0
3048,4.0,-0.017712865148407596,4.0
3049,5.0,0.06567255973166274,5.0
3050,5.0,0.053262805786523405,5.0
3051,5.0,0.053262805786523405,5.0
3052,5.0,0.021602481325370508,5.0
3053,5.0,-0.022284490805641568,5.0
3054,5.0,-0.022284490805641568,5.0
3055,5.0,-0.022284490805641568,5.0
3056,5.0,-0.022284490805641568,5.0
3057,5.0,-0.022284490805641568,5.0
3058,5.0,-0.022284490805641568,5.0
3059,5.0,-0.022284490805641568,5.0
3060,5.0,-0.022284490805641568,5.0
3061,5.0,-0.022284490805641568,5.0
3062,5.0,-0.022284490805641568,5.0
3063,5.0,0.06108758847913094,5.0
3064,4.0,-0.013551678389878287,4.0
3065,5.0,0.10484051544223788,5.0
3066,5.0,0.08002357930336754,5.0
3067,5.0,0.08002357930336754,5.0
3068,5.0,0.054116224964044224,5.0
3069,5.0,0.054116224964044224,5.0
3070,5.0,0.054116224964044224,5.0
3071,5.0,0.054116224964044224,5.0
3072,5.0,0.1310925910416434,5.0
3073,5.0,0.0627680900455801,5.0
3074,5.0,0.0627680900455801,5.0
3075,5.0,0.0627680900455801,5.0
3076,5.0,0.0627680900455801,5.0
3077,5.0,0.10023960386883357,5.0
3078,5.0,0.10023960386883357,5.0
3079,5.0,0.10023960386883357,5.0
3080,5.0,0.10023960386883357,5.0
3081,5.0,0.10023960386883357,5.0
3082,5.0,0.10023960386883357,5.0
3083,5.0,0.07773281936095604,5.0
3084,5.0,0.07773281936095604,5.0
3085,5.0,0.07773281936095604,5.0
3086,5.0,-0.023979606993894637,5.0
3087,5.0,-0.023979606993894637,5.0
3088,5.0,-0.023979606993894637,5.0
3089,5.0,-0.023979606993894637,5.0
3090,5.0,0.07812524638737697,5.0
3091,5.0,0.1347436134420014,5.0
3092,5.0,0.05635875944062081,5.0
3093,5.0,0.018761453024162895,5.0
3094,2.0,-0.07790427888743809,2.0
3095,2.0,-0.06646862537271,2.0
3096,5.0,0.03947715299873608,5.0
3097,5.0,0.10889396439231232,5.0
3098,5.0,0.08983451210079316,5.0
3099,5.0,0.08983451210079316,5.0
3100,5.0,0.012625338590762654,5.0
3101,5.0,0.012625338590762654,5.0
3102,5.0,0.012625338590762654,5.0
3103,5.0,0.012625338590762654,5.0
3104,5.0,0.012625338590762654,5.0
3105,5.0,-0.07570002672015966,5.0
3106,5.0,0.06935691591533556,5.0
3107,5.0,0.06935691591533556,5.0
3108,5.0,0.02267131313632619,5.0
3109,5.0,0.06935691591533556,5.0
3110,5.0,0.051784718630498265,5.0
3111,5.0,0.13663070307801398,5.0
3112,5.0,0.02187226628667012,5.0
3113,1.0,-0.16434621424188325,1.0
3114,5.0,0.05449536767813049,5.0
3115,5.0,0.08102056468539581,5.0
3116,5.0,0.05539874147360645,5.0
3117,5.0,0.05486087778477423,5.0
3118,5.0,-0.09359339321155545,5.0
3119,1.0,-0.07006536953085017,1.0
3120,5.0,0.11595720557530138,5.0
3121,5.0,0.05111129673514941,5.0
3122,5.0,0.05111129673514941,5.0
3123,5.0,-0.013192652454301353,5.0
3124,5.0,0.04723950227228977,5.0
3125,5.0,0.0840614858314235,5.0
3126,5.0,0.0827028684208732,5.0
3127,5.0,0.08552011115601005,5.0
3128,5.0,0.04762982177272734,5.0
3129,5.0,0.02689972849020069,5.0
3130,5.0,0.20088384178096186,5.0
3131,5.0,0.20088384178096186,5.0
3132,5.0,0.20088384178096186,5.0
3133,5.0,0.04967874190492765,5.0
3134,5.0,0.04967874190492765,5.0
3135,1.0,-0.004207241694858699,1.0
3136,5.0,0.13429078577304362,5.0
3137,5.0,0.11134389143413691,5.0
3138,5.0,0.021357716865572026,5.0
3139,5.0,0.10085540502256812,5.0
3140,5.0,0.04830911376768639,5.0
3141,5.0,0.11459848814723404,5.0
3142,5.0,0.032440943064210095,5.0
3143,5.0,0.09041939833545504,5.0
3144,5.0,0.17774899335502514,5.0
3145,5.0,0.028667224803691684,5.0
3146,5.0,0.13452437928160577,5.0
3147,5.0,0.040888522072035395,5.0
3148,5.0,0.040888522072035395,5.0
3149,5.0,-0.028922354052619958,5.0
3150,5.0,0.09633952510170762,5.0
3151,5.0,0.17201241892907268,5.0
3152,5.0,0.05008614777228316,5.0
3153,5.0,0.11324920374436802,5.0
3154,4.0,0.23995974487787208,4.0
3155,1.0,-0.1274138118692863,1.0
3156,5.0,0.04116026060961143,5.0
3157,5.0,0.10811167293422734,5.0
3158,5.0,0.06682187667928052,5.0
3159,5.0,0.004521857363171903,5.0
3160,5.0,0.004521857363171903,5.0
3161,5.0,0.023345866116674108,5.0
3162,5.0,0.023345866116674108,5.0
3163,5.0,0.06318576920970281,5.0
3164,5.0,0.005606262556557794,5.0
3165,5.0,0.0075675822425921024,5.0
3166,5.0,0.12624565506833166,5.0
3167,5.0,0.00863575413933218,5.0
3168,5.0,0.10029192051661119,5.0
3169,5.0,0.025324670317372847,5.0
3170,5.0,0.0969443528437016,5.0
3171,2.0,-0.07810327693613134,2.0
3172,4.0,0.011990483051459767,4.0
3173,5.0,0.008669518656652435,5.0
3174,5.0,0.16858029968516075,5.0
3175,5.0,0.16207266417762234,5.0
3176,5.0,0.10081153240465164,5.0
3177,5.0,0.15631526460082934,5.0
3178,5.0,0.15631526460082934,5.0
3179,1.0,-0.10880215730127184,1.0
3180,1.0,-0.1343762875259898,1.0
3181,2.0,-0.11056082682670376,2.0
3182,1.0,-0.054430361095753055,1.0
3183,5.0,0.11192142425892618,5.0
3184,5.0,0.11192142425892618,5.0
3185,5.0,0.11192142425892618,5.0
3186,5.0,0.11192142425892618,5.0
3187,5.0,0.11192142425892618,5.0
3188,5.0,0.11192142425892618,5.0
3189,5.0,0.11192142425892618,5.0
3190,5.0,0.11192142425892618,5.0
3191,5.0,0.11192142425892618,5.0
3192,5.0,0.11192142425892618,5.0
3193,5.0,0.11192142425892618,5.0
3194,5.0,0.1043033913590539,5.0
3195,1.0,-0.14100682665183584,1.0
3196,1.0,-0.14100682665183584,1.0
3197,1.0,-0.14100682665183584,1.0
3198,1.0,-0.13394235304663638,1.0
3199,1.0,-0.13394235304663638,1.0
3200,5.0,0.026848197042754623,5.0
3201,5.0,0.026848197042754623,5.0
3202,1.0,-0.090575502748654,1.0
3203,1.0,-0.030740698838392613,1.0
3204,1.0,-0.2074094959883726,1.0
3205,5.0,0.07702052668728399,5.0
3206,5.0,-0.10871404905959522,5.0
3207,5.0,0.0013443857341293398,5.0
3208,5.0,0.07791569367658834,5.0
3209,5.0,0.06720540254873317,5.0
3210,5.0,0.13997601642851207,5.0
3211,5.0,0.09050433031574345,5.0
3212,5.0,0.09050433031574345,5.0
3213,5.0,0.09050433031574345,5.0
3214,5.0,0.09050433031574345,5.0
3215,2.0,-0.057274271062712094,2.0
3216,2.0,-0.057274271062712094,2.0
3217,5.0,0.04981095428249841,5.0
3218,5.0,0.11125035478400847,5.0
3219,5.0,0.10877163995003525,5.0
3220,5.0,0.030602736223461092,5.0
3221,5.0,0.056249706865465265,5.0
3222,5.0,0.025482445900977386,5.0
3223,5.0,0.014695912301931274,5.0
3224,5.0,0.1307129178968844,5.0
3225,1.0,0.20892039336917745,1.0
3226,5.0,0.09496939367732464,5.0
3227,5.0,0.005717511770656065,5.0
3228,5.0,0.020528397186196604,5.0
3229,5.0,-0.008080804304618794,5.0
3230,5.0,0.08826261962112462,5.0
3231,5.0,0.03245699565769539,5.0
3232,5.0,0.028817329398559403,5.0
3233,5.0,0.06040588805243123,5.0
3234,2.0,-0.06917767706506495,2.0
3235,1.0,-0.005878184843882525,1.0
3236,2.0,-0.06917767706506495,2.0
3237,1.0,-0.005878184843882525,1.0
3238,1.0,-0.005878184843882525,1.0
3239,2.0,-0.04988893874662849,2.0
3240,2.0,-0.04988893874662849,2.0
3241,1.0,-0.010229204118090675,1.0
3242,1.0,-0.010229204118090675,1.0
3243,1.0,-0.010229204118090675,1.0
3244,2.0,-0.04988893874662849,2.0
3245,2.0,-0.04988893874662849,2.0
3246,1.0,-0.010229204118090675,1.0
3247,1.0,-0.010229204118090675,1.0
3248,1.0,-0.010229204118090675,1.0
3249,2.0,-0.04988893874662849,2.0
3250,1.0,-0.1299665973982388,1.0
3251,2.0,-0.10039837354774833,2.0
3252,1.0,-0.12626159746870474,1.0
3253,2.0,-0.10039837354774833,2.0
3254,2.0,-0.10039837354774833,2.0
3255,2.0,-0.10039837354774833,2.0
3256,1.0,-0.006727593281606327,1.0
3257,1.0,-0.0011053888121684658,1.0
3258,1.0,-0.0011053888121684658,1.0
3259,1.0,-0.0011053888121684658,1.0
3260,1.0,-0.0011053888121684658,1.0
3261,1.0,-0.0011053888121684658,1.0
3262,1.0,-0.0011053888121684658,1.0
3263,1.0,-0.0011053888121684658,1.0
3264,1.0,-0.07535976188629982,1.0
3265,1.0,-0.00890847220230479,1.0
3266,2.0,-0.07841510978786212,2.0
3267,2.0,-0.0021989201984261054,2.0
3268,2.0,-0.13494864293814882,2.0
3269,2.0,-0.04524553196101958,2.0
3270,1.0,-0.18105537688926895,1.0
3271,1.0,-0.18105537688926895,1.0
3272,1.0,-0.18105537688926895,1.0
3273,1.0,-0.18105537688926895,1.0
3274,1.0,-0.18105537688926895,1.0
3275,1.0,-0.042219717155021555,1.0
3276,1.0,-0.027680704943014053,1.0
3277,5.0,0.14541519480015985,5.0
3278,1.0,-0.027680704943014053,1.0
3279,1.0,-0.027680704943014053,1.0
3280,1.0,-0.08788256025304887,1.0
3281,1.0,-0.12923968217168658,1.0
3282,1.0,-0.12923968217168658,1.0
3283,1.0,-0.18217428189475107,1.0
3284,1.0,-0.08795086460572007,1.0
3285,1.0,-0.05738293002952104,1.0
3286,1.0,-0.08143797646297046,1.0
3287,1.0,-0.032953375999024065,1.0
3288,5.0,0.03679910803392884,5.0
3289,5.0,0.14293898663387883,5.0
3290,5.0,0.09422062993699418,5.0
3291,5.0,0.03403590575506494,5.0
3292,5.0,0.18256386889334134,5.0
3293,5.0,0.0076392995985708825,5.0
3294,5.0,0.15570629637987773,5.0
3295,5.0,0.051455890448247894,5.0
3296,5.0,0.012488621349307697,5.0
3297,5.0,0.1279878053844851,5.0
3298,4.0,-0.08054354583219449,4.0
3299,4.0,-0.022710643363802005,4.0
3300,5.0,0.12867278559700546,5.0
3301,5.0,0.12867278559700546,5.0
3302,5.0,-0.08262193157991357,5.0
3303,5.0,0.032426339085764824,5.0
3304,5.0,-0.02497447241400419,5.0
3305,5.0,0.05838741038309835,5.0
3306,5.0,0.08623399548663528,5.0
3307,5.0,0.037289296863928845,5.0
3308,5.0,0.02575272869542129,5.0
3309,5.0,0.030266896801038404,5.0
3310,1.0,-0.08054728014312605,1.0
3311,5.0,0.10536103482548118,5.0
3312,5.0,0.148986371817998,5.0
3313,2.0,-0.043925957759083215,2.0
3314,2.0,-0.043925957759083215,2.0
3315,5.0,0.3440923105358056,5.0
3316,2.0,-0.08708850782993119,2.0
3317,2.0,-0.050307457724071365,2.0
3318,2.0,-0.050307457724071365,2.0
3319,5.0,0.16738096134312352,5.0
3320,2.0,-0.046777034202304626,2.0
3321,5.0,0.09871973206768961,5.0
3322,2.0,-0.038688490407442884,2.0
3323,2.0,-0.03477628708761946,2.0
3324,5.0,0.09384710007347574,5.0
3325,1.0,-0.04413923467764531,1.0
3326,5.0,0.09955040845349304,5.0
3327,5.0,0.02809508032050798,5.0
3328,1.0,0.024325308763839492,1.0
3329,5.0,0.02003343732577416,5.0
3330,2.0,0.003496770445726311,2.0
3331,5.0,-0.07089529046924614,5.0
3332,5.0,0.09205058890309308,5.0
3333,5.0,-0.0528331288823299,5.0
3334,1.0,-0.2951266232384568,1.0
3335,1.0,-0.327455259660822,1.0
3336,1.0,-0.24418564447071173,1.0
3337,5.0,0.06031983677450832,5.0
3338,5.0,0.04570281392084632,5.0
3339,5.0,0.04570281392084632,5.0
3340,5.0,0.04570281392084632,5.0
3341,5.0,0.04570281392084632,5.0
3342,5.0,0.15238535405127068,5.0
3343,5.0,-0.037443384539504715,5.0
3344,5.0,0.14499473530166104,5.0
3345,5.0,0.046485557918518806,5.0
3346,4.0,-0.05894406784024028,4.0
3347,5.0,0.16618539716727232,5.0
3348,5.0,0.1488954918500063,5.0
3349,5.0,0.026882023049755083,5.0
3350,5.0,0.11274618297275744,5.0
3351,5.0,0.05172754183387174,5.0
3352,5.0,0.13087870169777627,5.0
3353,5.0,0.058851398113452726,5.0
3354,5.0,0.08399180665820388,5.0
3355,5.0,-0.07417667957429962,5.0
3356,4.0,0.11535910890688801,4.0
3357,5.0,-0.07417667957429962,5.0
3358,5.0,-0.07417667957429962,5.0
3359,5.0,0.039889143563091575,5.0
3360,5.0,-0.03341344606371337,5.0
3361,5.0,0.031096530826988742,5.0
3362,5.0,0.016978947643048064,5.0
3363,5.0,0.016978947643048064,5.0
3364,5.0,0.03602006895239477,5.0
3365,5.0,0.03602006895239477,5.0
3366,5.0,0.03602006895239477,5.0
3367,5.0,0.02447161452584858,5.0
3368,5.0,0.02447161452584858,5.0
3369,5.0,0.02913352672892189,5.0
3370,5.0,0.0825919265166248,5.0
3371,5.0,0.005778855104612457,5.0
3372,5.0,0.009432714165799891,5.0
3373,4.0,-0.0549464167448309,4.0
3374,5.0,-0.084011973678994,5.0
3375,5.0,0.03352208232788697,5.0
3376,5.0,0.09804335796400074,5.0
3377,5.0,0.03352208232788697,5.0
3378,5.0,-0.09359339321155545,5.0
3379,5.0,-0.0329303661267575,5.0
3380,5.0,0.025312800698705864,5.0
3381,1.0,-0.14517778729600922,1.0
3382,1.0,-0.2698510443231961,1.0
3383,5.0,0.006394331410639455,5.0
3384,5.0,0.07333190592890332,5.0
3385,5.0,0.02395632492944057,5.0
3386,1.0,-0.22581043702777803,1.0
3387,5.0,0.042226671276428256,5.0
3388,5.0,0.13625069819473887,5.0
3389,5.0,0.06374963795037883,5.0
3390,5.0,0.06374963795037883,5.0
3391,5.0,0.18608604725740446,5.0
3392,5.0,0.10358067270408894,5.0
3393,5.0,0.029869752562799872,5.0
3394,1.0,-0.1232998990319054,1.0
3395,5.0,0.09612805470162011,5.0
3396,5.0,0.1383465413031525,5.0
3397,5.0,-0.0069596289477468105,5.0
3398,4.0,0.05518335623962557,4.0
3399,5.0,0.018758699162635634,5.0
3400,5.0,0.052408765608145946,5.0
3401,5.0,0.06296867573081781,5.0
3402,5.0,0.010312312652240087,5.0
3403,5.0,0.034484028171236525,5.0
3404,5.0,0.04830911376768639,5.0
3405,5.0,-0.06528107718586301,5.0
3406,5.0,0.05895966336324589,5.0
3407,5.0,0.12325883199437489,5.0
3408,5.0,-0.08187895859160305,5.0
3409,5.0,0.09657737230835399,5.0
3410,5.0,0.04509774819674038,5.0
3411,5.0,0.03614737744349372,5.0
3412,5.0,0.06883757682237544,5.0
3413,5.0,-0.009294354477399073,5.0
3414,4.0,-0.06035403658193056,4.0
3415,4.0,-0.010864584816540578,4.0
3416,4.0,-0.01749890133975597,4.0
3417,1.0,-0.06322574036028314,1.0
3418,5.0,0.03633597955793942,5.0
3419,1.0,-0.1913728102727029,1.0
3420,1.0,-0.09708123303315938,1.0
3421,1.0,-0.17313062594954032,1.0
3422,5.0,0.07888709374452164,5.0
3423,1.0,-0.08818580165386482,1.0
3424,5.0,0.09443136175377873,5.0
3425,1.0,-0.2490742846354074,1.0
3426,1.0,-0.12229864193036505,1.0
3427,5.0,0.05870338932365895,5.0
3428,5.0,0.015969985300418814,5.0
3429,5.0,0.08430397873071502,5.0
3430,5.0,0.026724153986816924,5.0
3431,5.0,0.016133522649944672,5.0
3432,5.0,0.08594151175432845,5.0
3433,2.0,-0.03851928494222454,2.0
3434,4.0,0.09448087589936144,4.0
3435,4.0,-0.012094453885959571,4.0
3436,4.0,0.009788530308385252,4.0
3437,4.0,0.09859329615454371,4.0
3438,5.0,0.07822450591304486,5.0
3439,5.0,0.03215528193881065,5.0
3440,5.0,0.06332357462687307,5.0
3441,5.0,-0.03125395736593921,5.0
3442,5.0,-0.029328967041857595,5.0
3443,5.0,-0.029328967041857595,5.0
3444,5.0,-0.029328967041857595,5.0
3445,5.0,-0.029328967041857595,5.0
3446,5.0,-0.029328967041857595,5.0
3447,5.0,-0.029328967041857595,5.0
3448,5.0,0.04647594240712109,5.0
3449,5.0,0.03959552970965681,5.0
3450,2.0,-0.023724503216117784,2.0
3451,1.0,-0.042722501482218796,1.0
3452,1.0,-0.1781668821019699,1.0
3453,2.0,-0.04461337803040483,2.0
3454,2.0,-0.04461337803040483,2.0
3455,1.0,-0.019621984578332908,1.0
3456,1.0,-0.019621984578332908,1.0
3457,5.0,0.05368036232119985,5.0
3458,1.0,-0.019621984578332908,1.0
3459,1.0,-0.019621984578332908,1.0
3460,1.0,-0.019621984578332908,1.0
3461,5.0,0.05368036232119985,5.0
3462,1.0,-0.019621984578332908,1.0
3463,1.0,-0.019621984578332908,1.0
3464,5.0,0.05368036232119985,5.0
3465,5.0,0.05368036232119985,5.0
3466,1.0,-0.019621984578332908,1.0
3467,1.0,-0.019621984578332908,1.0
3468,1.0,-0.09078005441720571,1.0
3469,1.0,-0.10783664213726471,1.0
3470,1.0,-0.2145387603300316,1.0
3471,1.0,-0.1347841216610432,1.0
3472,5.0,0.11010255751398258,5.0
3473,1.0,-0.006866419119264248,1.0
3474,1.0,-0.13058260742011651,1.0
3475,1.0,-0.1673833481299087,1.0
3476,1.0,-0.038063984980429566,1.0
3477,1.0,-0.14531150381413172,1.0
3478,1.0,-0.058756025415743686,1.0
3479,5.0,0.07690840604766477,5.0
3480,2.0,-0.01390679521774081,2.0
3481,2.0,-0.01390679521774081,2.0
3482,5.0,0.05773303093209754,5.0
3483,1.0,-0.0642080251060284,1.0
3484,1.0,-0.0642080251060284,1.0
3485,1.0,-0.14423076288091446,1.0
3486,1.0,-0.14423076288091446,1.0
3487,5.0,0.025716963986929672,5.0
3488,1.0,-0.1584025655321164,1.0
3489,1.0,-0.033511214305307055,1.0
3490,5.0,0.10652443236164522,5.0
3491,1.0,0.08372062701991889,1.0
3492,1.0,-0.08438301115624311,1.0
3493,1.0,-0.17691110141268615,1.0
3494,1.0,-0.05503614752242969,1.0
3495,5.0,0.08810199677588475,5.0
3496,1.0,-0.05796812862552935,1.0
3497,1.0,-0.1276232267787926,1.0
3498,1.0,-0.14287509805865223,1.0
3499,1.0,-0.10270703955516641,1.0
3500,1.0,-0.0298738337940499,1.0
3501,1.0,-0.02202786913438732,1.0
3502,1.0,-0.1336839073756739,1.0
3503,5.0,0.12157860250063394,5.0
3504,5.0,0.010894757585267378,5.0
3505,5.0,0.023346888791480853,5.0
3506,4.0,0.17645755983194109,4.0
3507,5.0,0.018568424529468153,5.0
3508,5.0,-0.01328181899073558,5.0
3509,5.0,0.07603723607158878,5.0
3510,5.0,0.03867984922361435,5.0
3511,5.0,0.09105026918354389,5.0
3512,5.0,0.005171839648582576,5.0
3513,5.0,0.005171839648582576,5.0
3514,5.0,0.005171839648582576,5.0
3515,5.0,0.08715730886010085,5.0
3516,5.0,0.08715730886010085,5.0
3517,5.0,0.08715730886010085,5.0
3518,5.0,0.005171839648582576,5.0
3519,5.0,0.13032084322479184,5.0
3520,5.0,0.04943980417719333,5.0
3521,5.0,0.0670467727830214,5.0
3522,5.0,0.0670467727830214,5.0
3523,4.0,0.08413681680849967,4.0
3524,5.0,0.012603475536383614,5.0
3525,5.0,0.012603475536383614,5.0
3526,5.0,0.012603475536383614,5.0
3527,5.0,0.012603475536383614,5.0
3528,5.0,-0.024987257567385634,5.0
3529,5.0,-0.024987257567385634,5.0
3530,5.0,-0.024987257567385634,5.0
3531,5.0,-0.024987257567385634,5.0
3532,5.0,0.089996311653577,5.0
3533,5.0,0.089996311653577,5.0
3534,5.0,0.089996311653577,5.0
3535,5.0,0.20364003784813905,5.0
3536,5.0,0.20364003784813905,5.0
3537,5.0,0.20364003784813905,5.0
3538,4.0,-0.025016899538196795,4.0
3539,5.0,0.12894934895285126,5.0
3540,5.0,0.12894934895285126,5.0
3541,5.0,0.12894934895285126,5.0
3542,5.0,0.0478065955723405,5.0
3543,5.0,0.0478065955723405,5.0
3544,5.0,0.0478065955723405,5.0
3545,5.0,0.15621128042182922,5.0
3546,5.0,0.15621128042182922,5.0
3547,2.0,-0.06812122612280752,2.0
3548,1.0,-0.15912956103461887,1.0
3549,1.0,-0.1554245611050848,1.0
3550,1.0,-0.1554245611050848,1.0
3551,1.0,-0.1554245611050848,1.0
3552,1.0,-0.1554245611050848,1.0
3553,1.0,-0.1554245611050848,1.0
3554,1.0,-0.06499638617055672,1.0
3555,1.0,-0.06499638617055672,1.0
3556,1.0,-0.1816013672382933,1.0
3557,1.0,-0.1816013672382933,1.0
3558,1.0,-0.07711033221425276,1.0
3559,1.0,-0.06809675796765381,1.0
3560,1.0,-0.05718274466877498,1.0
3561,1.0,-0.16196081055317044,1.0
3562,5.0,0.09366758353489552,5.0
3563,5.0,0.08939330007941135,5.0
3564,5.0,0.08939330007941135,5.0
3565,5.0,0.11113010304925407,5.0
3566,5.0,0.059013019577797685,5.0
3567,5.0,0.07575252731906984,5.0
3568,5.0,0.02864917575873939,5.0
3569,5.0,0.07551831677403953,5.0
3570,5.0,0.07144898477211761,5.0
3571,5.0,0.07144898477211761,5.0
3572,5.0,0.04429111898005119,5.0
3573,5.0,0.1470420309809295,5.0
3574,5.0,0.06938097433433242,5.0
3575,5.0,0.041792180065098314,5.0
3576,5.0,0.03591877614442388,5.0
3577,5.0,0.12208123224269708,5.0
3578,5.0,0.007202200535150733,5.0
3579,5.0,-0.006189234791771946,5.0
3580,5.0,0.028149642547333476,5.0
3581,5.0,0.028149642547333476,5.0
3582,5.0,-0.1319748660205391,5.0
3583,5.0,-0.1319748660205391,5.0
3584,5.0,-0.1319748660205391,5.0
3585,5.0,-0.1319748660205391,5.0
3586,5.0,-0.1319748660205391,5.0
3587,5.0,-0.035046290561951375,5.0
3588,5.0,-0.035046290561951375,5.0
3589,5.0,-0.035046290561951375,5.0
3590,5.0,0.10521923247975523,5.0
3591,4.0,0.03205558649729411,4.0
3592,5.0,0.06948343846816521,5.0
3593,5.0,0.06948343846816521,5.0
3594,4.0,-0.1443941401822344,4.0
3595,5.0,-0.05727592830378617,5.0
3596,5.0,0.13341607797661278,5.0
3597,5.0,0.03422060651460539,5.0
3598,5.0,0.03422060651460539,5.0
3599,5.0,0.0494363923650992,5.0
3600,5.0,0.09068833748292823,5.0
3601,5.0,0.09068833748292823,5.0
3602,5.0,0.09068833748292823,5.0
3603,5.0,0.009628503817031345,5.0
3604,5.0,0.009628503817031345,5.0
3605,5.0,0.08523198327745102,5.0
3606,5.0,0.08523198327745102,5.0
3607,5.0,0.08523198327745102,5.0
3608,5.0,0.009628503817031345,5.0
3609,5.0,0.13733442967351095,5.0
3610,5.0,0.1032167977877259,5.0
3611,5.0,0.06124937492365974,5.0
3612,5.0,0.0596438225636086,5.0
3613,5.0,-0.02587701360698824,5.0
3614,5.0,0.02836718379991396,5.0
3615,2.0,-0.06412691444919164,2.0
3616,2.0,-0.08689009360095147,2.0
3617,5.0,0.1828686343519903,5.0
3618,5.0,0.05449901936150621,5.0
3619,5.0,-0.04900155581167598,5.0
3620,5.0,0.0614812924689124,5.0
3621,5.0,0.1506518873821153,5.0
3622,5.0,0.1506518873821153,5.0
3623,2.0,-0.004707797654087032,2.0
3624,1.0,-0.21898538234375373,1.0
3625,1.0,-0.1439088666625558,1.0
3626,1.0,-0.34897644200369404,1.0
3627,5.0,0.16478199765456664,5.0
3628,1.0,-0.14168459397362518,1.0
3629,5.0,-0.06435096845645019,5.0
3630,5.0,0.12674352723978058,5.0
3631,5.0,0.07810812190441616,5.0
3632,4.0,-0.06562523874818255,4.0
3633,5.0,0.033819446300227506,5.0
3634,1.0,-0.07459692513888516,1.0
3635,5.0,0.1112033457848549,5.0
3636,5.0,0.1112033457848549,5.0
3637,5.0,0.0738915216606995,5.0
3638,5.0,0.15834193642570038,5.0
3639,5.0,0.12146089932173053,5.0
3640,5.0,0.05070829435899454,5.0
3641,5.0,-0.005279879313311087,5.0
3642,5.0,-0.01933636827930694,5.0
3643,5.0,-0.01933636827930694,5.0
3644,5.0,0.015028689081673399,5.0
3645,5.0,0.04279967457855204,5.0
3646,5.0,-0.08856055785767908,5.0
3647,1.0,-0.20953568831357017,1.0
3648,5.0,0.04444390958675921,5.0
3649,5.0,0.029451643544037245,5.0
3650,1.0,-0.15542866306748054,1.0
3651,1.0,-0.09934404654955342,1.0
3652,1.0,-0.10957883348102088,1.0
3653,1.0,-0.09934404654955342,1.0
3654,5.0,-0.033244977720586454,5.0
3655,5.0,0.0028168975848881814,5.0
3656,5.0,0.06970523893415498,5.0
3657,5.0,0.026379136852958472,5.0
3658,5.0,0.09564673677789066,5.0
3659,1.0,-0.033742390344503013,1.0
3660,1.0,0.011506654293199706,1.0
3661,5.0,0.11426525178272533,5.0
3662,1.0,-0.038339496837788874,1.0
3663,5.0,0.08813141309216006,5.0
3664,5.0,0.08813141309216006,5.0
3665,5.0,0.02862155140520537,5.0
3666,5.0,0.08968697949298898,5.0
3667,2.0,-0.07159538528778514,2.0
3668,5.0,0.07934932341612815,5.0
3669,5.0,0.07934932341612815,5.0
3670,5.0,0.04330780681329566,5.0
3671,5.0,0.04330780681329566,5.0
3672,5.0,0.02973638897026127,5.0
3673,1.0,-0.09430661816718637,1.0
3674,5.0,0.01805728967073202,5.0
3675,5.0,0.07405220267229409,5.0
3676,5.0,0.07405220267229409,5.0
3677,5.0,0.0373591800974779,5.0
3678,5.0,0.007817677389035306,5.0
3679,5.0,0.08203900828247934,5.0
3680,1.0,-0.06000866945338281,1.0
3681,5.0,0.03747503904659407,5.0
3682,1.0,-0.045956929860252446,1.0
3683,1.0,-0.05241668754343154,1.0
3684,1.0,-0.05241668754343154,1.0
3685,2.0,-0.05166473413204999,2.0
3686,5.0,0.02355858725494356,5.0
3687,5.0,0.02355858725494356,5.0
3688,1.0,-0.30482527721937047,1.0
3689,5.0,0.08738362787248696,5.0
3690,1.0,-0.10666203668665719,1.0
3691,1.0,0.021448439501570646,1.0
3692,1.0,-0.21404311658647926,1.0
3693,1.0,-0.0877867690725767,1.0
3694,1.0,-0.1515898073504914,1.0
3695,1.0,-0.2545219148142545,1.0
3696,1.0,-0.2545219148142545,1.0
3697,1.0,-0.043647226823033736,1.0
3698,1.0,-0.13156042249557773,1.0
3699,5.0,0.03218175712826778,5.0
3700,1.0,-0.11255360529114246,1.0
3701,1.0,-0.1277497391621171,1.0
3702,1.0,-0.043580886269700206,1.0
3703,1.0,0.03151151394909635,1.0
3704,1.0,-0.3141271825783876,1.0
3705,1.0,-0.16915729769751883,1.0
3706,5.0,-0.06300454598072279,5.0
3707,5.0,0.12091726083824995,5.0
3708,5.0,0.06505883880629192,5.0
3709,5.0,0.01639412600213451,5.0
3710,5.0,0.05742900116027064,5.0
3711,5.0,0.06774059495714772,5.0
3712,1.0,-0.14008945309627358,1.0
3713,1.0,-0.039405106575573806,1.0
3714,5.0,0.07582503709629676,5.0
3715,2.0,-0.03079471431856323,2.0
3716,2.0,-0.050288262044923905,2.0
3717,4.0,-0.013555220339295564,4.0
3718,1.0,-0.036675910444571184,1.0
3719,5.0,0.057410957463233964,5.0
3720,5.0,0.0817815300588969,5.0
3721,5.0,0.0817815300588969,5.0
3722,5.0,0.0996620621953624,5.0
3723,5.0,0.15208343811951663,5.0
3724,5.0,0.07124432775462024,5.0
3725,4.0,0.05118823635509866,4.0
3726,4.0,-0.08194721873291581,4.0
3727,5.0,0.014617081224101373,5.0
3728,5.0,0.10512486962494351,5.0
3729,5.0,0.07535366810810183,5.0
3730,5.0,0.03931933944818435,5.0
3731,5.0,0.06326188014621646,5.0
3732,5.0,0.21786635693110362,5.0
3733,1.0,-0.07459674776807541,1.0
3734,1.0,-0.07459674776807541,1.0
3735,2.0,0.051515545606172705,2.0
3736,5.0,0.002325267707863307,5.0
3737,2.0,-0.022202007275184326,2.0
3738,2.0,-0.022202007275184326,2.0
3739,1.0,-0.12486220799386535,1.0
3740,1.0,-0.12486220799386535,1.0
3741,1.0,-0.12580972357996373,1.0
3742,1.0,-0.12580972357996373,1.0
3743,1.0,-0.1357310915200326,1.0
3744,1.0,-0.062336265996408985,1.0
3745,1.0,-0.1746186427937019,1.0
3746,1.0,-0.042121186954710454,1.0
3747,1.0,-0.1285706053497669,1.0
3748,2.0,-0.11590691706826961,2.0
3749,1.0,-0.13608686791552782,1.0
3750,5.0,0.19356429794916216,5.0
3751,1.0,-0.024720569171405464,1.0
3752,1.0,-0.1866742969404007,1.0
3753,1.0,-0.1295602221785474,1.0
3754,5.0,0.054721338889172626,5.0
3755,1.0,-0.022678038795786858,1.0
3756,2.0,0.04617076918150463,2.0
3757,1.0,0.005119589347716717,1.0
3758,1.0,-0.10258985982877142,1.0
3759,5.0,0.15260296471450485,5.0
3760,1.0,-0.10497792246539013,1.0
3761,1.0,-0.10497792246539013,1.0
3762,5.0,0.11858502735107346,5.0
3763,1.0,-0.12435676919941652,1.0
3764,5.0,0.023168038953972566,5.0
3765,5.0,0.08204568865975234,5.0
3766,5.0,0.10155548079129247,5.0
3767,1.0,-0.0216040581846434,1.0
3768,1.0,-0.15546110045754633,1.0
3769,1.0,-0.13049283495262395,1.0
3770,1.0,-0.024766367307743446,1.0
3771,5.0,0.06969349554068642,5.0
3772,5.0,0.0780324411814883,5.0
3773,5.0,0.05122227528714755,5.0
3774,5.0,0.033455649635268266,5.0
3775,5.0,0.033455649635268266,5.0
3776,5.0,0.09458005367561552,5.0
3777,4.0,0.047649854357211405,4.0
3778,5.0,0.03907338603983629,5.0
3779,5.0,0.07680651308414907,5.0
3780,5.0,0.03370866141210348,5.0
3781,5.0,0.06959682681226968,5.0
3782,5.0,0.03835592307718662,5.0
3783,5.0,0.03835592307718662,5.0
3784,5.0,0.08369036981997754,5.0
3785,5.0,0.03835592307718662,5.0
3786,5.0,0.03835592307718662,5.0
3787,5.0,0.08935491995514275,5.0
3788,5.0,0.15935492742850216,5.0
3789,5.0,0.0052258692686926265,5.0
3790,5.0,0.0052258692686926265,5.0
3791,2.0,-0.10159179450203754,2.0
3792,2.0,-0.10159179450203754,2.0
3793,2.0,-0.04171982699298063,2.0
3794,5.0,0.043083825584326566,5.0
3795,5.0,0.031801205870653514,5.0
3796,5.0,0.05894780526698174,5.0
3797,5.0,0.006491218245169063,5.0
3798,4.0,-0.07464926138611791,4.0
3799,4.0,-0.05444152101059437,4.0
3800,5.0,-0.008251588064594579,5.0
3801,5.0,-0.008251588064594579,5.0
3802,5.0,-0.008251588064594579,5.0
3803,5.0,-0.008251588064594579,5.0
3804,5.0,-0.008251588064594579,5.0
3805,5.0,0.06020254161565109,5.0
3806,5.0,0.06020254161565109,5.0
3807,5.0,0.06020254161565109,5.0
3808,5.0,0.07562069292352161,5.0
3809,5.0,0.07562069292352161,5.0
3810,4.0,-0.013882735079387247,4.0
3811,1.0,-0.2391311082332769,1.0
3812,1.0,-0.0035789389053605793,1.0
3813,5.0,-0.0014147339444179005,5.0
3814,5.0,0.023389714691718376,5.0
3815,4.0,0.03842238427637019,4.0
3816,1.0,-0.16178799099017002,1.0
3817,5.0,0.0367707653018973,5.0
3818,5.0,0.21268958544632316,5.0
3819,5.0,0.01171130412408605,5.0
3820,5.0,0.01171130412408605,5.0
3821,5.0,0.09717077337777424,5.0
3822,5.0,0.21158808251238162,5.0
3823,5.0,0.21158808251238162,5.0
3824,5.0,0.03835592307718662,5.0
3825,5.0,0.03835592307718662,5.0
3826,5.0,0.05084591648712091,5.0
3827,5.0,0.05084591648712091,5.0
3828,5.0,0.11105776651490297,5.0
3829,5.0,0.024443873661693895,5.0
3830,5.0,0.11173506026400876,5.0
3831,5.0,-0.01571898170689114,5.0
3832,5.0,0.025498395564732355,5.0
3833,5.0,-0.0011622443065119508,5.0
3834,5.0,0.04072840209181261,5.0
3835,5.0,0.03897860406896773,5.0
3836,1.0,-0.14990080802901776,1.0
3837,5.0,0.017497912240465645,5.0
3838,5.0,0.07407580445856098,5.0
3839,5.0,0.07144366927465944,5.0
3840,5.0,0.08055335758905537,5.0
3841,1.0,0.009518025398146411,1.0
3842,5.0,0.01511805514169223,5.0
3843,5.0,0.14411267186710452,5.0
3844,5.0,-0.03779807372862596,5.0
3845,5.0,0.043589285020831044,5.0
3846,1.0,-0.05368650275294483,1.0
3847,1.0,-0.20409213443191793,1.0
3848,5.0,0.11369295332473217,5.0
3849,5.0,0.11369295332473217,5.0
3850,5.0,0.16773793294190398,5.0
3851,1.0,-0.0028403485006052703,1.0
3852,1.0,0.002677815983954711,1.0
3853,5.0,0.10465969728648045,5.0
3854,5.0,0.10465969728648045,5.0
3855,1.0,-0.1477018019891455,1.0
3856,1.0,-0.09532962785526228,1.0
3857,5.0,0.06733967368940237,5.0
3858,5.0,0.02943455318436538,5.0
3859,5.0,0.02943455318436538,5.0
3860,5.0,-0.04365330349509674,5.0
3861,4.0,0.09371666719645437,4.0
3862,5.0,0.0011613067002222144,5.0
3863,1.0,-0.03334566629168318,1.0
3864,1.0,-0.2292764382825244,1.0
3865,5.0,0.05699293471303853,5.0
3866,4.0,-0.015541591419467558,4.0
3867,4.0,-0.03637225325507941,4.0
3868,5.0,0.031817355418794185,5.0
3869,5.0,0.06714211198892403,5.0
3870,5.0,0.05163230437328248,5.0
3871,5.0,0.06037827215782528,5.0
3872,1.0,-0.1036234819831757,1.0
3873,5.0,0.07953694120536241,5.0
3874,5.0,0.0891428731952059,5.0
3875,5.0,0.0005936154470177757,5.0
3876,5.0,-0.0029217348737921272,5.0
3877,5.0,0.06451215895464983,5.0
3878,5.0,0.09541789023864536,5.0
3879,5.0,0.07597957484813955,5.0
3880,4.0,-0.10123446271636892,4.0
3881,1.0,0.003810549502550625,1.0
3882,1.0,-0.11786985880761729,1.0
3883,1.0,-0.04915100688518456,1.0
3884,5.0,0.09610752282449417,5.0
3885,5.0,0.09610752282449417,5.0
3886,5.0,0.01257787490815715,5.0
3887,5.0,0.01257787490815715,5.0
3888,5.0,0.07234645802536341,5.0
3889,5.0,0.05667789651391951,5.0
3890,5.0,0.10530403188121855,5.0
3891,1.0,0.3742547349852175,1.0
3892,4.0,-0.008647941944875661,4.0
3893,5.0,0.0650953473630576,5.0
3894,5.0,0.13559074627465023,5.0
3895,4.0,0.030985252324458562,4.0
3896,5.0,0.0029553468737186428,5.0
3897,5.0,0.002132917802249972,5.0
3898,5.0,0.013487321499555626,5.0
3899,5.0,0.03768018966679159,5.0
3900,4.0,0.0430874196578247,4.0
3901,4.0,0.011654304982545514,4.0
3902,4.0,-0.061600854314196665,4.0
3903,1.0,-0.20569176511434256,1.0
3904,5.0,0.01202845491697097,5.0
3905,1.0,-0.025573620366980448,1.0
3906,1.0,-0.1572201839887002,1.0
3907,5.0,0.1302803566529329,5.0
3908,5.0,0.02729180505459858,5.0
3909,5.0,0.02729180505459858,5.0
3910,5.0,0.05039236837570343,5.0
3911,5.0,0.05039236837570343,5.0
3912,5.0,0.03321617462424854,5.0
3913,5.0,0.06667589382782968,5.0
3914,5.0,0.10548859314904102,5.0
3915,5.0,0.039113391581310025,5.0
3916,5.0,0.039113391581310025,5.0
3917,5.0,-0.03357634229095643,5.0
3918,5.0,0.10686800001840414,5.0
3919,5.0,0.0293623384365524,5.0
3920,1.0,-0.04873894119083756,1.0
3921,5.0,0.024900746378925035,5.0
3922,5.0,0.01709951723305974,5.0
3923,1.0,0.0038264740271535514,1.0
3924,1.0,0.0038264740271535514,1.0
3925,1.0,-0.1786519423873194,1.0
3926,1.0,0.0197964557481515,1.0
3927,1.0,-0.16624122425266266,1.0
3928,1.0,-0.06419677570040884,1.0
3929,1.0,-0.23038264192670727,1.0
3930,1.0,-0.007295086467794445,1.0
3931,1.0,-0.2101273911611788,1.0
3932,1.0,-0.22375409018508527,1.0
3933,1.0,-0.1262636567170763,1.0
3934,1.0,-0.11145681126018829,1.0
3935,1.0,-0.11900964550693424,1.0
3936,1.0,-0.16835081189363957,1.0
3937,5.0,0.041759789553875895,5.0
3938,5.0,0.03974635140681389,5.0
3939,5.0,0.09967527622151051,5.0
3940,5.0,0.04553658497425153,5.0
3941,5.0,0.10328506458791599,5.0
3942,1.0,-0.0918979739996185,1.0
3943,5.0,0.11763317616480926,5.0
3944,5.0,-0.011612859021351648,5.0
3945,1.0,-0.030600349381383733,1.0
3946,1.0,-0.11153603298012564,1.0
3947,1.0,-0.18345725110066047,1.0
3948,1.0,-0.043378112849291016,1.0
3949,1.0,-0.10065748607916455,1.0
3950,5.0,0.0649599460867817,5.0
3951,5.0,0.04520317185539184,5.0
3952,5.0,0.08528382704061556,5.0
3953,5.0,0.055101918216648046,5.0
3954,5.0,0.055101918216648046,5.0
3955,5.0,0.07767111076323328,5.0
3956,5.0,0.03304350448460562,5.0
3957,5.0,-0.003813661928623025,5.0
3958,5.0,0.08608563896921219,5.0
3959,2.0,-0.07365277297362452,2.0
3960,5.0,0.12764991078401375,5.0
3961,5.0,0.14027172330187657,5.0
3962,5.0,0.09879379462452248,5.0
3963,5.0,0.04821405618540598,5.0
3964,5.0,0.17891172283478732,5.0
3965,5.0,0.13063563525296473,5.0
3966,5.0,0.05411656212839394,5.0
3967,5.0,0.0677220330859974,5.0
3968,1.0,-0.17312286981415276,1.0
3969,1.0,-0.4220112117074773,1.0
3970,1.0,-0.016812474570694236,1.0
3971,1.0,0.06142523411987679,1.0
3972,5.0,0.14819766287133385,5.0
3973,1.0,-0.08887414711489987,1.0
3974,1.0,-0.10691192316547572,1.0
3975,1.0,-0.17654596955467264,1.0
3976,5.0,0.13280041520451427,5.0
3977,5.0,0.0990885469701562,5.0
3978,5.0,0.0990885469701562,5.0
3979,5.0,0.1537477646590499,5.0
3980,5.0,0.1537477646590499,5.0
3981,5.0,0.042518281520763666,5.0
3982,5.0,0.042518281520763666,5.0
3983,5.0,0.13734862521078225,5.0
3984,5.0,0.11423492530716431,5.0
3985,5.0,0.11423492530716431,5.0
3986,5.0,0.032162146891680864,5.0
3987,5.0,0.027955942571430914,5.0
3988,5.0,0.11166229686072593,5.0
3989,5.0,0.05174676130607463,5.0
3990,1.0,-0.08658214559509457,1.0
3991,1.0,-0.19394266417045586,1.0
3992,5.0,0.11458920256423161,5.0
3993,1.0,-0.07143890570906326,1.0
3994,5.0,0.02939375367410257,5.0
3995,1.0,-0.07143890570906326,1.0
3996,5.0,0.09452367229113515,5.0
3997,1.0,-0.16560026651824938,1.0
3998,1.0,-0.2112980432024087,1.0
3999,5.0,0.09676089841120333,5.0
4000,5.0,0.06840619304947998,5.0
4001,5.0,0.07965253857647632,5.0
4002,5.0,0.043385758125884154,5.0
4003,5.0,0.13796465655352821,5.0
4004,5.0,0.07634804145677272,5.0
4005,5.0,0.14555674932987353,5.0
4006,5.0,0.0448943236634848,5.0
4007,5.0,0.0448943236634848,5.0
4008,5.0,0.020585737531768972,5.0
4009,5.0,0.020585737531768972,5.0
4010,5.0,0.14555674932987353,5.0
4011,5.0,0.0639726569815229,5.0
4012,5.0,-0.0037882030534870234,5.0
4013,5.0,0.027455223052955145,5.0
4014,1.0,-0.04914930541227051,1.0
4015,1.0,-0.18123889592496353,1.0
4016,5.0,0.008752182949784183,5.0
4017,5.0,0.10839936992037592,5.0
4018,5.0,0.09826158124692978,5.0
4019,2.0,-0.053076444813302474,2.0
4020,1.0,-0.15100493771079915,1.0
4021,5.0,0.12530248664520505,5.0
4022,1.0,-0.1755860347063978,1.0
4023,5.0,0.011998682602637756,5.0
4024,5.0,0.06890017452710435,5.0
4025,5.0,0.044849265005175505,5.0
4026,5.0,0.044849265005175505,5.0
4027,5.0,0.0958365102465474,5.0
4028,1.0,-0.17865690244123852,1.0
4029,2.0,-0.04717461632117223,2.0
4030,4.0,0.029492405736796606,4.0
4031,5.0,-0.006486324373296376,5.0
4032,4.0,0.04707754532592151,4.0
4033,5.0,0.1159997779758959,5.0
4034,1.0,-0.03439430965065081,1.0
4035,1.0,-0.03439430965065081,1.0
4036,1.0,-0.08018541340674268,1.0
4037,1.0,-0.1577500303990358,1.0
4038,2.0,-0.049383447517190655,2.0
4039,1.0,-0.1822669065442244,1.0
4040,4.0,-0.0017319882191866916,4.0
4041,5.0,0.006606173738336472,5.0
4042,5.0,0.05731533969714584,5.0
4043,4.0,-0.08421397199118572,4.0
4044,4.0,-0.05743371305960779,4.0
4045,4.0,-0.06790323176247798,4.0
4046,4.0,-0.0533394187347807,4.0
4047,1.0,0.020001078893804567,1.0
4048,1.0,-0.14715742080825253,1.0
4049,1.0,-0.1238420415397657,1.0
4050,1.0,-0.03987441273977516,1.0
4051,5.0,0.16274956022994494,5.0
4052,5.0,0.005341451014231011,5.0
4053,4.0,0.1981265494147807,4.0
4054,1.0,-0.037369064112048406,1.0
4055,1.0,-0.037369064112048406,1.0
4056,5.0,0.0021765392316384358,5.0
4057,5.0,0.10091572433407911,5.0
4058,4.0,-0.00245161769476601,4.0
4059,5.0,0.06143576111996622,5.0
4060,5.0,-0.02497635192398828,5.0
4061,5.0,0.08024825880787011,5.0
4062,5.0,0.04827040896472533,5.0
4063,5.0,0.04827040896472533,5.0
4064,5.0,0.08196924517212756,5.0
4065,5.0,0.08196924517212756,5.0
4066,5.0,0.07412861038686536,5.0
4067,5.0,0.028142203185437722,5.0
4068,1.0,-0.016946123817005117,1.0
4069,1.0,-0.19568116746174294,1.0
4070,2.0,-0.038674334789028,2.0
4071,5.0,0.01591666204790392,5.0
4072,5.0,0.08213530435619214,5.0
4073,5.0,0.0774601580832157,5.0
4074,5.0,0.030146553343245588,5.0
4075,1.0,-0.31732273515732207,1.0
4076,1.0,-0.06367760275132028,1.0
4077,1.0,-0.30342328550004166,1.0
4078,1.0,-0.15201612302268583,1.0
4079,5.0,0.06956939323416146,5.0
4080,1.0,0.008290543541381772,1.0
4081,1.0,-0.06756428201899398,1.0
4082,1.0,0.0366357257565888,1.0
4083,5.0,0.014495284982034229,5.0
4084,1.0,-0.200880374532304,1.0
4085,4.0,0.03685295494569181,4.0
4086,1.0,-0.0649192154289734,1.0
4087,5.0,0.0683473754878475,5.0
4088,5.0,0.17522478772984376,5.0
4089,5.0,0.03553993280938026,5.0
4090,1.0,-0.0535971946879078,1.0
4091,1.0,-0.15127504800897615,1.0
4092,1.0,-0.053922551248624294,1.0
4093,5.0,0.01848673614429283,5.0
4094,1.0,-0.10921681405153941,1.0
4095,5.0,0.08258028596970621,5.0
4096,5.0,0.06666738418184198,5.0
4097,5.0,0.054908695806645334,5.0
4098,5.0,0.20323385595459342,5.0
4099,4.0,-0.05907348337665038,4.0
4100,5.0,0.19148158058743853,5.0
4101,1.0,-0.14688725929598082,1.0
4102,1.0,-0.09392483241046987,1.0
4103,1.0,-0.21577371049485597,1.0
4104,1.0,-0.07730093089847488,1.0
4105,1.0,-0.055261463099296894,1.0
4106,5.0,-0.01091978679578347,5.0
4107,1.0,0.02956794132816051,1.0
4108,1.0,0.02956794132816051,1.0
4109,1.0,-0.19006767436108166,1.0
4110,1.0,-0.19006767436108166,1.0
4111,1.0,-0.2255040729550864,1.0
4112,1.0,-0.018662982307497942,1.0
4113,5.0,0.13312115650775305,5.0
4114,5.0,-0.014274755786693866,5.0
4115,5.0,0.23336843855627687,5.0
4116,5.0,0.0700458466388031,5.0
4117,5.0,0.08098041536868876,5.0
4118,5.0,0.08098041536868876,5.0
4119,4.0,-0.06911013013717666,4.0
4120,5.0,0.015787918195477844,5.0
4121,5.0,-0.20516524612097406,5.0
4122,5.0,0.15928749712746984,5.0
4123,1.0,-0.10911205370944975,1.0
4124,4.0,-0.027607290752972063,4.0
4125,5.0,0.03823092663109279,5.0
4126,5.0,0.054672253261490784,5.0
4127,4.0,0.027805921205423665,4.0
4128,1.0,0.0031295021481497322,1.0
4129,5.0,0.08791652137188981,5.0
4130,1.0,-0.08230151105260383,1.0
4131,1.0,-0.1491275689201499,1.0
4132,5.0,0.0941093466125916,5.0
4133,5.0,0.017349456098901067,5.0
4134,5.0,-0.018132398481630667,5.0
4135,5.0,0.09711045089736108,5.0
4136,1.0,-0.1188232397296046,1.0
4137,5.0,0.07297668842129831,5.0
4138,5.0,0.0690388155175714,5.0
4139,1.0,-0.06420713162762512,1.0
4140,1.0,-0.042662840086714046,1.0
4141,1.0,-0.17040156120650546,1.0
4142,1.0,-0.0793236991137555,1.0
4143,4.0,-0.025614004139441697,4.0
4144,5.0,0.13823210138641,5.0
4145,2.0,-0.02449413631440058,2.0
4146,1.0,-0.04338060701579392,1.0
4147,1.0,-0.022494472550495588,1.0
4148,5.0,0.00895193790405386,5.0
4149,1.0,-0.1412281601005564,1.0
4150,5.0,0.00895193790405386,5.0
4151,5.0,0.10158064785413186,5.0
4152,1.0,0.06567944664375462,1.0
4153,5.0,0.0007361128539664744,5.0
4154,1.0,-0.18666804970050893,1.0
4155,5.0,0.054548633800923806,5.0
4156,5.0,0.026803385641629693,5.0
4157,5.0,0.034777572856901404,5.0
4158,5.0,0.013357125435086957,5.0
4159,5.0,0.023003129511644755,5.0
4160,5.0,0.023003129511644755,5.0
4161,5.0,0.08159974672263547,5.0
4162,5.0,0.06897287440872898,5.0
4163,5.0,0.07713616393161074,5.0
4164,4.0,-0.05852310930593749,4.0
4165,4.0,-0.005609543302705605,4.0
4166,2.0,-0.04220372015976051,2.0
4167,1.0,0.01669992934563328,1.0
4168,2.0,-0.04220372015976051,2.0
4169,2.0,-0.04220372015976051,2.0
4170,1.0,0.01669992934563328,1.0
4171,1.0,0.01669992934563328,1.0
4172,1.0,-0.1582367746488888,1.0
4173,2.0,-0.05204192796101976,2.0
4174,1.0,-0.07489956647301507,1.0
4175,1.0,-0.09136714134583578,1.0
4176,1.0,-0.09136714134583578,1.0
4177,1.0,-0.09136714134583578,1.0
4178,1.0,-0.09136714134583578,1.0
4179,1.0,-0.13216638985647816,1.0
4180,1.0,-0.19970932607813904,1.0
4181,1.0,-0.11285187858809084,1.0
4182,5.0,0.10336201852228227,5.0
4183,5.0,0.10336201852228227,5.0
4184,1.0,-0.030749778651304956,1.0
4185,5.0,0.11256172800846251,5.0
4186,1.0,-0.1013961506077521,1.0
4187,1.0,-0.10365675492385051,1.0
4188,1.0,-0.12110318015389285,1.0
4189,1.0,-0.02209615894890725,1.0
4190,1.0,-0.04359014586548051,1.0
4191,5.0,-0.0074646259627548185,5.0
4192,1.0,-0.03866183273436566,1.0
4193,4.0,0.06016461658134752,4.0
4194,4.0,-0.021291072846054512,4.0
4195,5.0,0.05898982121644542,5.0
4196,1.0,-0.14452052191873807,1.0
4197,5.0,0.09970773524530868,5.0
4198,1.0,-0.075709679960952,1.0
4199,1.0,-0.22305382933506598,1.0
4200,1.0,-0.22305382933506598,1.0
4201,5.0,0.12701496834754733,5.0
4202,5.0,0.030230077896006305,5.0
4203,1.0,0.006421598803990411,1.0
4204,1.0,0.002791827859504535,1.0
4205,1.0,-0.14809888078119757,1.0
4206,5.0,0.05084677153164693,5.0
4207,1.0,-0.09978421333915324,1.0
4208,5.0,0.05043216438622774,5.0
4209,5.0,0.053198255174201584,5.0
4210,1.0,-0.08007731871436458,1.0
4211,1.0,-0.07887457013665355,1.0
4212,1.0,-0.23862113768439944,1.0
4213,4.0,0.02426817645748494,4.0
4214,1.0,-0.04463858416877384,1.0
4215,1.0,-0.14015046850971039,1.0
4216,1.0,-0.13521918820915868,1.0
4217,1.0,-0.06667842861657373,1.0
4218,1.0,0.17445234323947822,1.0
4219,4.0,-0.012879897927501726,4.0
4220,5.0,0.04728153833425044,5.0
4221,5.0,0.06624915195021938,5.0
4222,5.0,0.04022408718541107,5.0
4223,5.0,0.014647944064839089,5.0
4224,5.0,0.057142468684893984,5.0
4225,5.0,-0.011675609502831443,5.0
4226,5.0,0.05869182900191168,5.0
4227,5.0,0.08902311977572147,5.0
4228,1.0,-0.16957723940034033,1.0
4229,1.0,0.09760254751275686,1.0
4230,4.0,-0.014388766317088594,4.0
4231,4.0,0.09755076217220038,4.0
4232,1.0,-0.046285828188676215,1.0
4233,1.0,-0.33925909077066385,1.0
4234,4.0,0.09467741236278748,4.0
4235,1.0,-0.22585494095652775,1.0
4236,4.0,0.06636639758744156,4.0
4237,5.0,0.08493488503166619,5.0
4238,5.0,0.04388681760820731,5.0
4239,5.0,0.035403575257019114,5.0
4240,5.0,-0.01887147504630156,5.0
4241,5.0,0.04281599115914147,5.0
4242,5.0,0.059805096770060025,5.0
4243,1.0,-0.06985556144505901,1.0
4244,1.0,-0.107917473142935,1.0
4245,1.0,0.008329467503628049,1.0
4246,1.0,-0.05165037433324723,1.0
4247,1.0,-0.12127689924535343,1.0
4248,1.0,-0.10711288370831744,1.0
4249,5.0,0.0749273408351148,5.0
4250,5.0,0.10529475347976268,5.0
4251,1.0,0.02594129986376462,1.0
4252,5.0,0.06554240457453389,5.0
4253,5.0,0.24728173646863144,5.0
4254,5.0,-0.060527771774707424,5.0
4255,5.0,0.0455530655801456,5.0
4256,5.0,0.07399187488682106,5.0
4257,4.0,-0.0791227222501756,4.0
4258,4.0,-0.054104005332912354,4.0
4259,4.0,-0.059373256270295084,4.0
4260,4.0,-0.08193001810317015,4.0
4261,4.0,-0.04625310079347681,4.0
4262,5.0,-0.00975875286296266,5.0
4263,5.0,-0.0711459168583333,5.0
4264,5.0,0.08175689832608642,5.0
4265,2.0,-0.0478722351265625,2.0
4266,4.0,-0.14522222227659617,4.0
4267,1.0,-0.024627192265519376,1.0
4268,4.0,-0.0016126202094744807,4.0
4269,5.0,0.07496539910033692,5.0
4270,1.0,-0.12808390909170903,1.0
4271,4.0,-0.0042979212004528745,4.0
4272,5.0,0.06672396506977593,5.0
4273,5.0,0.08290235600664202,5.0
4274,5.0,0.03375180171518638,5.0
4275,5.0,0.04725641635012242,5.0
4276,5.0,0.11746120187956817,5.0
4277,5.0,0.05289167387541272,5.0
4278,1.0,-0.11140665245891454,1.0
4279,1.0,-0.11140665245891454,1.0
4280,5.0,0.009578246137724199,5.0
4281,5.0,0.05352964633344121,5.0
4282,5.0,0.03211826307803028,5.0
4283,1.0,-0.047895303435861514,1.0
4284,5.0,0.17037912062080843,5.0
4285,5.0,0.1783064427789373,5.0
4286,5.0,0.01440988916626193,5.0
4287,5.0,0.09860416971636932,5.0
4288,2.0,0.014192139091886527,2.0
4289,2.0,-0.02562113976761881,2.0
4290,5.0,0.05304509558456329,5.0
4291,2.0,-0.13866526044654554,2.0
4292,5.0,0.08955157683999997,5.0
4293,4.0,-0.012879636484434256,4.0
4294,4.0,-0.1047741697619825,4.0
4295,4.0,-0.050637477411403335,4.0
4296,5.0,0.07227893003795145,5.0
4297,5.0,0.09275888121629357,5.0
4298,5.0,0.10149514228819687,5.0
4299,1.0,-0.23660711315162342,1.0
4300,1.0,-0.19975141796218787,1.0
4301,5.0,0.06365134542891938,5.0
4302,5.0,0.05939129826562042,5.0
4303,5.0,0.13141716778181436,5.0
4304,1.0,0.0019938446752711158,1.0
4305,1.0,-0.05742639716828519,1.0
4306,1.0,-0.05290578868251232,1.0
4307,1.0,-0.154744556113869,1.0
4308,1.0,-0.007538822379656271,1.0
4309,1.0,-0.018633070530871113,1.0
4310,4.0,0.0103916560617648,4.0
4311,1.0,-0.12425477630847266,1.0
4312,1.0,-0.00012709224840356474,1.0
4313,1.0,-0.00012709224840356474,1.0
4314,1.0,-0.19941974967688125,1.0
4315,1.0,-0.1621012737201679,1.0
4316,1.0,-0.08044345122430252,1.0
4317,5.0,0.10818755339011601,5.0
4318,1.0,-0.07450359372723166,1.0
4319,5.0,0.10509299530887597,5.0
4320,1.0,-0.08111397888449606,1.0
4321,1.0,-0.010553568098518309,1.0
4322,1.0,-0.007270760702286102,1.0
4323,1.0,-0.058196343027475804,1.0
4324,1.0,-0.23169907983017662,1.0
4325,5.0,0.0068379143991769975,5.0
4326,2.0,-0.008680714336908943,2.0
4327,2.0,-0.008680714336908943,2.0
4328,2.0,0.019368902499765736,2.0
4329,2.0,0.019368902499765736,2.0
4330,5.0,-0.09032906174434462,5.0
4331,5.0,0.012423564850394425,5.0
4332,5.0,0.16632982811542177,5.0
4333,5.0,0.059095832726203355,5.0
4334,5.0,0.05242476603222918,5.0
4335,2.0,-0.03160527640609467,2.0
4336,1.0,-0.1587026962883152,1.0
4337,5.0,0.21955328060503188,5.0
4338,1.0,-0.1291437569165625,1.0
4339,1.0,-0.24353239585672953,1.0
4340,1.0,-0.2165607827308333,1.0
4341,1.0,-0.10894270179700617,1.0
4342,1.0,-0.10894270179700617,1.0
4343,1.0,-0.10894270179700617,1.0
4344,1.0,0.01094059034919166,1.0
4345,2.0,-0.039009812842707055,2.0
4346,1.0,-0.18758152690726287,1.0
4347,1.0,-0.22889489157600737,1.0
4348,1.0,-0.10990862889711034,1.0
4349,1.0,-0.09952236140143697,1.0
4350,5.0,0.117525938044421,5.0
4351,1.0,-0.11036552049239957,1.0
4352,1.0,-0.11100769143529197,1.0
4353,5.0,-0.03876755001148282,5.0
4354,1.0,-0.08307215356413541,1.0
4355,1.0,-0.16305411522279997,1.0
4356,1.0,-0.10635596558792473,1.0
4357,5.0,0.009962329193518877,5.0
4358,4.0,-0.015208589249338104,4.0
4359,5.0,0.0953493512985638,5.0
4360,5.0,0.0953493512985638,5.0
4361,5.0,0.0953493512985638,5.0
4362,5.0,0.11381045042506231,5.0
4363,5.0,0.02656589555069892,5.0
4364,1.0,-0.09576141482488335,1.0
4365,1.0,-0.08205814449785914,1.0
4366,1.0,-0.17795357430380326,1.0
4367,1.0,-0.11148354441552367,1.0
4368,2.0,0.00908707530225475,2.0
4369,1.0,-0.06307126511240463,1.0
4370,4.0,-0.04555281209872611,4.0
4371,5.0,-0.040232915287257,5.0
4372,1.0,-0.12036794263882067,1.0
4373,1.0,-0.17096667359305934,1.0
4374,1.0,0.02683971773859496,1.0
4375,4.0,0.06291573774478587,4.0
4376,5.0,0.015267714601248726,5.0
4377,5.0,0.16659674629644622,5.0
4378,1.0,-0.13695159231226262,1.0
4379,1.0,-0.17132097263645205,1.0
4380,1.0,0.06863017117237398,1.0
4381,5.0,0.0492058174192538,5.0
4382,1.0,-0.1908338097056782,1.0
4383,5.0,0.07854963444188072,5.0
4384,4.0,-0.0795727886711766,4.0
4385,5.0,0.045656771598073784,5.0
4386,5.0,0.11078552321422352,5.0
4387,4.0,-0.0811716921797043,4.0
4388,1.0,-0.102034447167766,1.0
4389,5.0,0.08025044272212382,5.0
4390,5.0,0.14098936441187235,5.0
4391,5.0,-0.009281139101056548,5.0
4392,5.0,0.03780569574337796,5.0
4393,5.0,0.11139774195336882,5.0
4394,5.0,0.09498878874488018,5.0
4395,5.0,0.06019132096034096,5.0
4396,1.0,-0.08669413857753251,1.0
4397,5.0,-0.03943134664213558,5.0
4398,5.0,0.0891284378885524,5.0
4399,5.0,0.05094268632064784,5.0
4400,5.0,0.05094268632064784,5.0
4401,5.0,0.04455775561950937,5.0
4402,5.0,0.04455775561950937,5.0
4403,5.0,0.08154884980198794,5.0
4404,5.0,0.015455525891833868,5.0
4405,5.0,0.010737351108385241,5.0
4406,1.0,-0.15478435604154758,1.0
4407,4.0,-0.041507378842976506,4.0
4408,1.0,-0.18459534151341178,1.0
4409,5.0,0.012481606633484237,5.0
4410,5.0,-0.00322306274475444,5.0
4411,1.0,-0.04165872698923401,1.0
4412,1.0,-0.07117700490358203,1.0
4413,5.0,0.07051574217582572,5.0
4414,5.0,0.02752821622912937,5.0
4415,1.0,-0.09765399078281405,1.0
4416,1.0,-0.07411923845210235,1.0
4417,5.0,0.07943617790400476,5.0
4418,5.0,0.06774706274501836,5.0
4419,5.0,0.06774706274501836,5.0
4420,5.0,0.10012996107514097,5.0
4421,5.0,0.08258543819388803,5.0
4422,1.0,-0.20134965805549015,1.0
4423,5.0,0.15545785684289665,5.0
4424,5.0,0.15545785684289665,5.0
4425,2.0,-0.044715826718903326,2.0
4426,2.0,-0.044715826718903326,2.0
4427,2.0,-0.20606673814224297,2.0
4428,2.0,-0.20606673814224297,2.0
4429,1.0,-0.0005158903966060915,1.0
4430,1.0,-0.0005158903966060915,1.0
4431,4.0,-0.025669323171029917,4.0
4432,4.0,-0.068165285151985,4.0
4433,4.0,-0.06380580754598521,4.0
4434,5.0,0.009431703017495695,5.0
4435,5.0,0.03912695799404264,5.0
4436,5.0,-0.03257025811261273,5.0
4437,5.0,0.10060909043216784,5.0
4438,5.0,0.15938895748504261,5.0
4439,5.0,0.1031840374929282,5.0
4440,1.0,0.03373240243294109,1.0
4441,1.0,-0.049216095859085436,1.0
4442,1.0,-0.0037598024443223285,1.0
4443,1.0,-0.03584420174392205,1.0
4444,1.0,-0.17788945559237912,1.0
4445,5.0,0.08552519510756565,5.0
4446,1.0,-0.029853453609851963,1.0
4447,1.0,-0.029853453609851963,1.0
4448,1.0,-0.09680820047103386,1.0
4449,1.0,-0.056180012026648254,1.0
4450,1.0,-0.1285771265662399,1.0
4451,1.0,-0.15319432532169067,1.0
4452,1.0,-0.11926484959510175,1.0
4453,1.0,-0.056463008149555224,1.0
4454,1.0,0.0027398105544226403,1.0
4455,1.0,-0.11410394197129024,1.0
4456,5.0,0.1263646985658279,5.0
4457,1.0,-0.1284227632072849,1.0
4458,5.0,0.07259803545356067,5.0
4459,1.0,-0.15130819499027176,1.0
4460,1.0,-0.17778378203723805,1.0
4461,1.0,-0.05602946070154462,1.0
4462,1.0,-0.0439534459668298,1.0
4463,5.0,0.019312937819290797,5.0
4464,1.0,-0.19378587658205668,1.0
4465,1.0,-0.19378587658205668,1.0
4466,5.0,0.07812787415985074,5.0
4467,5.0,0.07448970436504421,5.0
4468,5.0,0.094583056135078,5.0
4469,5.0,0.07812787415985074,5.0
4470,5.0,0.094583056135078,5.0
4471,5.0,0.10613541002369727,5.0
4472,1.0,0.09127808854306758,1.0
4473,5.0,0.14009755760651607,5.0
4474,1.0,-0.04621638196135213,1.0
4475,1.0,-0.31429338209720775,1.0
4476,1.0,-0.029614289071311535,1.0
4477,1.0,-0.008803355627818421,1.0
4478,1.0,0.03028069320451719,1.0
4479,4.0,-0.02039800313577361,4.0
4480,5.0,0.024549042161988267,5.0
4481,5.0,0.03457596960806287,5.0
4482,5.0,0.035374949339320755,5.0
4483,5.0,0.07601521673844476,5.0
4484,5.0,0.07090312789329824,5.0
4485,5.0,0.07090312789329824,5.0
4486,5.0,0.05494470160643966,5.0
4487,5.0,-0.017155120447741035,5.0
4488,5.0,0.008558411183599117,5.0
4489,5.0,0.04691077602914991,5.0
4490,4.0,-0.04903760742732636,4.0
4491,1.0,-0.11574968714139446,1.0
4492,1.0,-0.031005325034356615,1.0
4493,1.0,-0.060159504054722084,1.0
4494,5.0,0.1297190384944604,5.0
4495,1.0,-0.11661678893728858,1.0
4496,5.0,0.1908189454855567,5.0
4497,5.0,0.030814890548623037,5.0
4498,5.0,0.0542534742611166,5.0
4499,5.0,0.1903759676133661,5.0
4500,5.0,0.03698445010706204,5.0
4501,5.0,0.05826758889857951,5.0
4502,5.0,0.05826758889857951,5.0
4503,5.0,0.153223385776712,5.0
4504,5.0,0.0313501918810086,5.0
4505,1.0,-0.05221678791085585,1.0
4506,1.0,-0.2762176254272144,1.0
4507,1.0,-0.09325850036530739,1.0
4508,1.0,-0.16313936400150125,1.0
4509,1.0,0.0323838624596828,1.0
4510,5.0,-0.025191989958416143,5.0
4511,5.0,0.03490719356463815,5.0
4512,5.0,0.11863847546296416,5.0
4513,4.0,-0.08987213382282354,4.0
4514,5.0,0.0819822061859743,5.0
4515,1.0,-0.2881396536043502,1.0
4516,1.0,-0.06851661921273872,1.0
4517,1.0,-0.19845197986988486,1.0
4518,1.0,0.009497219878089195,1.0
4519,1.0,-0.07290143016572238,1.0
4520,5.0,0.01691794464706294,5.0
4521,5.0,0.07580033923666554,5.0
4522,5.0,0.027054381838833488,5.0
4523,5.0,0.056039249245717807,5.0
4524,2.0,-0.03879507204290248,2.0
4525,1.0,-0.19727202748346778,1.0
4526,5.0,0.022025277709419727,5.0
4527,5.0,0.1051677671640833,5.0
4528,5.0,0.06288952408009482,5.0
4529,4.0,-0.017332927505999057,4.0
4530,5.0,0.005093592903333844,5.0
4531,5.0,0.08123833642454985,5.0
4532,4.0,-0.04308239493587897,4.0
4533,1.0,0.018514897744085237,1.0
4534,4.0,-0.029501864280139112,4.0
4535,1.0,-0.15903458433060386,1.0
4536,5.0,0.12384205828641015,5.0
4537,5.0,0.16551582965689535,5.0
4538,5.0,0.0696086044405551,5.0
4539,5.0,0.008624846449498427,5.0
4540,2.0,-0.11035517175665553,2.0
4541,2.0,-0.11035517175665553,2.0
4542,2.0,0.035261133033172014,2.0
4543,2.0,0.035261133033172014,2.0
4544,5.0,0.032167118025599954,5.0
4545,1.0,-0.05509677658407861,1.0
4546,1.0,-0.055445651593854686,1.0
4547,1.0,-0.12068054765135296,1.0
4548,1.0,-0.10334272060436216,1.0
4549,5.0,-0.02711209515521764,5.0
4550,1.0,-0.21651422194443107,1.0
4551,5.0,0.024460778326567442,5.0
4552,4.0,0.01873869612899995,4.0
4553,5.0,0.11325532417013523,5.0
4554,1.0,-0.04302112809433867,1.0
4555,5.0,0.04156766654192776,5.0
4556,5.0,0.07850378287742397,5.0
4557,5.0,-0.017672529602451102,5.0
4558,5.0,0.07812787415985074,5.0
4559,5.0,0.11457088829233246,5.0
4560,5.0,0.056078486284445644,5.0
4561,4.0,-0.06381082506729643,4.0
4562,4.0,0.12450372082700753,4.0
4563,5.0,0.09142705813577497,5.0
4564,1.0,-0.08091609724817617,1.0
4565,1.0,-0.04263385350817565,1.0
4566,1.0,-0.051252273017392096,1.0
4567,5.0,0.0632716548007246,5.0
4568,1.0,0.07272836256976602,1.0
4569,5.0,0.017772655739520277,5.0
4570,5.0,0.04298461385963096,5.0
4571,5.0,0.07682759848852731,5.0
4572,5.0,0.12564279777118967,5.0
4573,1.0,-0.13206209102258498,1.0
4574,1.0,-0.06172201969921428,1.0
4575,1.0,-0.11442410676108543,1.0
4576,1.0,0.05375579194644104,1.0
4577,1.0,-0.11738219756874561,1.0
4578,5.0,0.039532523883255,5.0
4579,5.0,0.011404860712563192,5.0
4580,4.0,0.0018504319316777085,4.0
4581,5.0,0.08153336188486027,5.0
4582,4.0,-0.06392839926057946,4.0
4583,4.0,-0.045039473094310924,4.0
4584,4.0,-0.01582422758804946,4.0
4585,5.0,-0.0171237035657232,5.0
4586,5.0,0.02410825140829556,5.0
4587,5.0,-0.06474082648581936,5.0
4588,5.0,0.018829608051114933,5.0
4589,5.0,0.04554120366339115,5.0
4590,5.0,0.09450937056813441,5.0
4591,5.0,0.050364252984326764,5.0
4592,5.0,0.027851182964682974,5.0
4593,5.0,-0.0027236740123066034,5.0
4594,5.0,0.03385938469576754,5.0
4595,5.0,0.03502682182859407,5.0
4596,5.0,0.0648798072452826,5.0
4597,5.0,0.08482150554865552,5.0
4598,5.0,-0.07671874904444384,5.0
4599,5.0,0.06265429375664516,5.0
4600,5.0,0.02021419385417529,5.0
4601,5.0,0.01972575114579884,5.0
4602,5.0,0.014395534229952862,5.0
4603,5.0,0.0646029351787359,5.0
4604,5.0,0.0646029351787359,5.0
4605,5.0,0.03631057909230679,5.0
4606,5.0,0.024603660477318167,5.0
4607,5.0,0.044440255090073294,5.0
4608,4.0,-0.047129547992447784,4.0
4609,4.0,-0.07405360126715466,4.0
4610,1.0,-0.13918946938180302,1.0
4611,4.0,-0.04644646221619906,4.0
4612,5.0,0.05245799689412995,5.0
4613,5.0,0.06324292507392973,5.0
4614,5.0,0.06324292507392973,5.0
4615,5.0,0.04873893769089912,5.0
4616,5.0,0.06605985976057119,5.0
4617,2.0,-0.061535363598343634,2.0
4618,1.0,0.07046669032424115,1.0
4619,5.0,0.17714537349645132,5.0
4620,1.0,-0.09160651699782672,1.0
4621,1.0,-0.09160651699782672,1.0
4622,5.0,0.055633055197126455,5.0
4623,1.0,-0.04902579471021752,1.0
4624,1.0,-0.0735716915304602,1.0
4625,5.0,0.06771723684059335,5.0
4626,1.0,0.01597878711762542,1.0
4627,5.0,0.1089291413144059,5.0
4628,1.0,-0.11859035571650821,1.0
4629,5.0,0.05706538188675315,5.0
4630,5.0,0.038996863468021184,5.0
4631,5.0,0.11183989982741349,5.0
4632,5.0,0.02215153828178586,5.0
4633,5.0,0.02215153828178586,5.0
4634,5.0,0.02215153828178586,5.0
4635,1.0,-0.11722609492341111,1.0
4636,1.0,-0.11722609492341111,1.0
4637,1.0,-0.08589504461351377,1.0
4638,1.0,-0.08416307701899184,1.0
4639,1.0,-0.05050908582142881,1.0
4640,1.0,-0.05171077488256228,1.0
4641,5.0,0.08043996024817313,5.0
4642,5.0,-0.0021793409946105095,5.0
4643,5.0,0.11437719827062048,5.0
4644,5.0,-0.01882739130723583,5.0
4645,5.0,0.0596634575811756,5.0
4646,4.0,0.0908479726657091,4.0
4647,4.0,0.0908479726657091,4.0
4648,4.0,-0.11154110206775776,4.0
4649,4.0,-0.11154110206775776,4.0
4650,5.0,0.1347325513149988,5.0
4651,5.0,0.07574588322776536,5.0
4652,5.0,0.008901824979189114,5.0
4653,1.0,-0.030087829522852553,1.0
4654,4.0,0.002369330520678462,4.0
4655,5.0,0.060584349606274915,5.0
4656,5.0,0.016178921212087968,5.0
4657,5.0,0.010720592382674362,5.0
4658,5.0,0.039024799409753924,5.0
4659,4.0,0.08054093681816195,4.0
4660,5.0,0.07398931973584717,5.0
4661,5.0,0.04125732980544306,5.0
4662,5.0,0.07190692212770014,5.0
4663,5.0,0.12456539392248553,5.0
4664,5.0,0.04005246414860965,5.0
4665,5.0,0.19101598017859117,5.0
4666,5.0,0.19101598017859117,5.0
4667,1.0,-0.1062245091614933,1.0
4668,4.0,-0.02454731600884006,4.0
4669,1.0,-0.12585501349426048,1.0
4670,1.0,-0.003668528561944282,1.0
4671,1.0,-0.14028128268316725,1.0
4672,1.0,-0.030123099116452973,1.0
4673,5.0,0.04756604977402219,5.0
4674,5.0,-0.06790024991994031,5.0
4675,5.0,0.04883445542200715,5.0
4676,5.0,0.04308979718298118,5.0
4677,5.0,0.054104678464148785,5.0
4678,5.0,0.08038814931391515,5.0
4679,1.0,-0.2535208357151019,1.0
4680,1.0,-0.15211136441465903,1.0
4681,5.0,0.15656289714112692,5.0
4682,5.0,0.05269404041425685,5.0
4683,5.0,0.05298436004439561,5.0
4684,1.0,0.006749732529215388,1.0
4685,5.0,0.06829609252048599,5.0
4686,5.0,0.0576093700335229,5.0
4687,1.0,-0.037104399754851025,1.0
4688,1.0,-0.02159979550329178,1.0
4689,1.0,-0.07483033243559051,1.0
4690,1.0,-0.07483033243559051,1.0
4691,2.0,-0.02560720521376937,2.0
4692,1.0,-0.2893976224916968,1.0
4693,1.0,-0.034578229816044796,1.0
4694,2.0,-0.016472536914120987,2.0
4695,1.0,-0.1384318389376293,1.0
4696,5.0,-0.03215440837843343,5.0
4697,1.0,-0.08659324702834835,1.0
4698,5.0,-0.03215440837843343,5.0
4699,2.0,-0.03405042446866501,2.0
4700,1.0,-0.054861961455476185,1.0
4701,1.0,-0.0947617608428977,1.0
4702,1.0,-0.0947617608428977,1.0
4703,5.0,-0.01296707230785107,5.0
4704,5.0,-0.0656550003461866,5.0
4705,5.0,0.008650447761645225,5.0
4706,1.0,-0.20510912932020672,1.0
4707,1.0,-0.05010747632795932,1.0
4708,1.0,-0.026479935889577887,1.0
4709,1.0,-0.07670081686282003,1.0
4710,1.0,-0.010537004374616266,1.0
4711,5.0,0.19184954576269034,5.0
4712,5.0,0.0589109753766634,5.0
4713,1.0,-0.06444036719473689,1.0
4714,5.0,0.0589109753766634,5.0
4715,1.0,-0.13947975354911196,1.0
4716,1.0,0.06204551975468468,1.0
4717,1.0,0.21777263073342565,1.0
4718,5.0,0.08731358007619484,5.0
4719,5.0,-0.006354772227230514,5.0
4720,5.0,0.0576223550463668,5.0
4721,5.0,0.07537245506975425,5.0
4722,5.0,0.06353335010192779,5.0
4723,5.0,0.01792838852520256,5.0
4724,5.0,0.0077623230928496505,5.0
4725,5.0,-0.026554124158691534,5.0
4726,5.0,0.007954739725246315,5.0
4727,5.0,0.11770416923070401,5.0
4728,1.0,-0.1418774791077392,1.0
4729,1.0,-0.03009091723857477,1.0
4730,1.0,0.02616787739948989,1.0
4731,4.0,0.022372502802782877,4.0
4732,4.0,-0.02334522927136783,4.0
4733,5.0,0.024245765996288526,5.0
4734,5.0,0.055889082180349554,5.0
4735,5.0,-0.025693458444602617,5.0
4736,5.0,0.033027777162442123,5.0
4737,5.0,0.09425867828709066,5.0
4738,5.0,0.10056783530411276,5.0
4739,4.0,-0.0365208203590939,4.0
4740,1.0,-0.034880475656426754,1.0
4741,5.0,0.031472135275047414,5.0
4742,5.0,0.017808062181078412,5.0
4743,5.0,0.016497357337933782,5.0
4744,1.0,-0.0904533170018673,1.0
4745,5.0,0.025390056831659003,5.0
4746,5.0,0.05746681745477132,5.0
4747,5.0,0.010858139391008655,5.0
4748,5.0,0.028859010850086016,5.0
4749,5.0,0.0039004448741691957,5.0
4750,1.0,0.0023447013653902235,1.0
4751,5.0,0.06534563556579465,5.0
4752,5.0,0.12914283624267722,5.0
4753,5.0,0.08843261879947818,5.0
4754,5.0,0.11392836528963544,5.0
4755,5.0,0.04230283546540336,5.0
4756,5.0,-0.030831242369602493,5.0
4757,4.0,-0.010985770534530252,4.0
4758,4.0,-0.004580829024813308,4.0
4759,5.0,0.041351220083452364,5.0
4760,5.0,0.03004221657155252,5.0
4761,5.0,0.07689964577611968,5.0
4762,4.0,-0.04439352497618982,4.0
4763,5.0,0.038709008796486574,5.0
4764,1.0,-0.16177896009464957,1.0
4765,5.0,0.04261986838628348,5.0
4766,1.0,-0.15881100984510452,1.0
4767,5.0,-0.031422590231908534,5.0
4768,1.0,-0.25427361050276914,1.0
4769,1.0,-0.0928942511284348,1.0
4770,5.0,0.025843181683438604,5.0
4771,5.0,0.047568570031926605,5.0
4772,5.0,0.15975692053567866,5.0
4773,5.0,0.08243231463417822,5.0
4774,5.0,0.016124944278035798,5.0
4775,1.0,-0.04818529006623894,1.0
4776,1.0,-0.04117448957441366,1.0
4777,5.0,0.06928861830382362,5.0
4778,5.0,0.05787316009063889,5.0
4779,1.0,-0.12768364904173443,1.0
4780,1.0,-0.15390377288835605,1.0
4781,1.0,-0.057897605365865405,1.0
4782,1.0,-0.057897605365865405,1.0
4783,1.0,-0.08440403664613164,1.0
4784,1.0,-0.04039170869595235,1.0
4785,1.0,0.038088734948472536,1.0
4786,1.0,-0.021551867404368458,1.0
4787,1.0,0.19590003107788578,1.0
4788,1.0,-0.10808098549513427,1.0
4789,1.0,-0.030436444479102615,1.0
4790,5.0,-0.016812098749121256,5.0
4791,1.0,-0.15629041922936374,1.0
4792,5.0,0.02315340219766676,5.0
4793,5.0,0.07937619130457184,5.0
4794,5.0,0.0711782196309837,5.0
4795,5.0,0.13633484885462355,5.0
4796,5.0,0.05810401571299369,5.0
4797,5.0,-0.00946705265576456,5.0
4798,5.0,0.0766229253354315,5.0
4799,4.0,-0.0031611128845867808,4.0
4800,5.0,0.054650668197205855,5.0
4801,5.0,0.021048897929198666,5.0
4802,5.0,0.07372191464350948,5.0
4803,1.0,-0.1025855248038806,1.0
4804,1.0,-0.134933573136783,1.0
4805,1.0,-0.07500062624857269,1.0
4806,5.0,0.028063814383643644,5.0
4807,2.0,-0.005697587399892009,2.0
4808,1.0,-0.10584255983209141,1.0
4809,2.0,-0.07449708150357591,2.0
4810,1.0,-0.11486460282636062,1.0
4811,1.0,-0.11486460282636062,1.0
4812,5.0,0.021792996663913388,5.0
4813,1.0,0.041346006061372856,1.0
4814,1.0,0.041346006061372856,1.0
4815,5.0,0.021792996663913388,5.0
4816,5.0,0.021792996663913388,5.0
4817,1.0,-0.04464563223329604,1.0
4818,5.0,0.0037720498379423045,5.0
4819,1.0,-0.10340027662617103,1.0
4820,1.0,-0.15333905146661278,1.0
4821,5.0,0.04817564215809258,5.0
4822,1.0,-0.15333905146661278,1.0
4823,5.0,0.04817564215809258,5.0
4824,5.0,0.04817564215809258,5.0
4825,5.0,0.04817564215809258,5.0
4826,1.0,-0.19415071938402603,1.0
4827,1.0,-0.19415071938402603,1.0
4828,1.0,0.00852538396621726,1.0
4829,1.0,-0.07981227570595861,1.0
4830,1.0,-0.1275906166367752,1.0
4831,1.0,-0.1275906166367752,1.0
4832,1.0,-0.1275906166367752,1.0
4833,1.0,-0.0534775908350949,1.0
4834,1.0,-0.12062745477054888,1.0
4835,1.0,-0.20431689263364097,1.0
4836,1.0,-0.15151069720898314,1.0
4837,1.0,-0.23008827096833986,1.0
4838,1.0,-0.1025855248038806,1.0
4839,1.0,-0.07500062624857269,1.0
4840,1.0,-0.09297426709324969,1.0
4841,5.0,0.09329497675516286,5.0
4842,1.0,-0.1409222312602113,1.0
4843,1.0,-0.1409222312602113,1.0
4844,1.0,-0.1409222312602113,1.0
4845,1.0,-0.1409222312602113,1.0
4846,1.0,-0.07940912307735393,1.0
4847,5.0,0.0002336091347294733,5.0
4848,1.0,-0.11748901226353771,1.0
4849,1.0,0.011807769666256735,1.0
4850,5.0,0.027620890965902006,5.0
4851,5.0,0.12322429214123992,5.0
4852,5.0,0.03761758466102128,5.0
4853,5.0,0.09116433030193867,5.0
4854,5.0,0.053124103670878886,5.0
4855,1.0,-0.006033121979988088,1.0
4856,1.0,-0.06984858147030211,1.0
4857,1.0,-0.06984858147030211,1.0
4858,1.0,-0.050727849533246674,1.0
4859,1.0,-0.13110771370919835,1.0
4860,1.0,-0.13110771370919835,1.0
4861,2.0,-0.04458547173497648,2.0
4862,5.0,0.030948933360446216,5.0
4863,1.0,-0.1271097252765,1.0
4864,5.0,0.08195397649466862,5.0
4865,5.0,0.06395588979589607,5.0
4866,5.0,0.05977360548831156,5.0
4867,2.0,-0.030582414675925308,2.0
4868,2.0,-0.030582414675925308,2.0
4869,5.0,0.008570993055548358,5.0
4870,5.0,0.08300255499014496,5.0
4871,5.0,0.03386984967159129,5.0
4872,5.0,0.03994102193700337,5.0
4873,5.0,0.10303125687935344,5.0
4874,1.0,-0.16572878130265206,1.0
4875,5.0,0.02901915734743097,5.0
4876,5.0,0.024111146971057155,5.0
4877,5.0,0.08057961349369737,5.0
4878,1.0,-0.20230705176397476,1.0
4879,5.0,0.06875928776147672,5.0
4880,5.0,0.08946757666286918,5.0
4881,1.0,-0.08957719040411923,1.0
4882,5.0,0.030265092808821205,5.0
4883,1.0,-0.0869350277879948,1.0
4884,5.0,0.056014015127816834,5.0
4885,1.0,-0.1537206903867947,1.0
4886,5.0,0.03363655890947479,5.0
4887,5.0,-0.05484744060357284,5.0
4888,1.0,-0.06242147586115747,1.0
4889,1.0,-0.24308151933223815,1.0
4890,1.0,-0.17113742964248915,1.0
4891,1.0,-0.1392566939139843,1.0
4892,1.0,-0.021518985053152966,1.0
4893,1.0,0.016910366386481718,1.0
4894,5.0,0.07537247670583182,5.0
4895,1.0,-0.0492299333085985,1.0
4896,1.0,-0.046546239621796937,1.0
4897,1.0,-0.046546239621796937,1.0
4898,1.0,-0.046546239621796937,1.0
4899,4.0,0.07470172495807986,4.0
4900,4.0,-0.053736641289463975,4.0
4901,1.0,-0.10988602258061868,1.0
4902,5.0,0.03836964190233406,5.0
4903,1.0,-0.07008353560730828,1.0
4904,5.0,0.02673879347872651,5.0
4905,1.0,-0.07008353560730828,1.0
4906,5.0,0.02673879347872651,5.0
4907,5.0,0.02673879347872651,5.0
4908,1.0,-0.046546239621796937,1.0
4909,5.0,0.030962152232096286,5.0
4910,5.0,0.022425018139877566,5.0
4911,1.0,-0.12206717411763758,1.0
4912,1.0,-0.1546034838429309,1.0
4913,1.0,-0.1546034838429309,1.0
4914,1.0,-0.03530155566603595,1.0
4915,1.0,-0.004190240792662846,1.0
4916,5.0,0.03772104170552738,5.0
4917,5.0,-0.02314432977253334,5.0
4918,1.0,-0.15382966539426912,1.0
4919,1.0,-0.13740029118750907,1.0
4920,5.0,0.0711829442117034,5.0
4921,5.0,0.0632797646736309,5.0
4922,1.0,-0.14615845778740813,1.0
4923,5.0,0.10496330975320951,5.0
4924,5.0,0.042483340970873376,5.0
4925,5.0,0.042483340970873376,5.0
4926,2.0,0.03389478354830909,2.0
4927,1.0,-0.04286803342509207,1.0
4928,5.0,-0.028070309437189567,5.0
4929,5.0,0.09080871994626676,5.0
4930,5.0,0.11625346656920586,5.0
4931,5.0,0.07297606796602413,5.0
4932,2.0,-0.04170491484776134,2.0
4933,2.0,0.003436190928369504,2.0
4934,1.0,-0.07737110897932101,1.0
4935,1.0,-0.07947863354165417,1.0
4936,1.0,-0.04772230359079009,1.0
4937,1.0,-0.04772230359079009,1.0
4938,1.0,-0.06060653034584973,1.0
4939,1.0,-0.050365573957386764,1.0
4940,1.0,-0.08782710285018779,1.0
4941,1.0,-0.0676626309681042,1.0
4942,1.0,-0.08001821664581957,1.0
4943,1.0,-0.22909030837122732,1.0
4944,1.0,-0.14937989199840207,1.0
4945,1.0,-0.04360099214385838,1.0
4946,5.0,0.07643026042135985,5.0
4947,5.0,0.09617253287435017,5.0
4948,4.0,-0.021649156002661187,4.0
4949,5.0,0.09715587244957122,5.0
4950,5.0,0.1230923133163699,5.0
4951,4.0,-0.039982783769939446,4.0
4952,4.0,0.02729649019363301,4.0
4953,5.0,0.048689090555397704,5.0
4954,5.0,0.06215540053954454,5.0
4955,5.0,0.12945986908496523,5.0
4956,5.0,0.008354123653941002,5.0
4957,1.0,-0.13007750412597385,1.0
4958,5.0,0.068547324629757,5.0
4959,4.0,-0.04649269463008055,4.0
4960,5.0,0.06766828422692996,5.0
4961,1.0,-0.0725143079245268,1.0
4962,1.0,-0.1067736629193266,1.0
4963,1.0,-0.1189687246969382,1.0
4964,1.0,-0.1189687246969382,1.0
4965,5.0,0.13307401283328918,5.0
4966,1.0,-0.13422361766284166,1.0
4967,1.0,-0.06213068059153543,1.0
4968,1.0,-0.20594188603379185,1.0
4969,1.0,-0.11521821002527922,1.0
4970,5.0,-0.019410991446694732,5.0
4971,4.0,-0.06098684557450646,4.0
4972,5.0,0.07220066770316742,5.0
4973,5.0,0.04994008461892465,5.0
4974,1.0,-0.23793303061996965,1.0
4975,1.0,0.05831607618375936,1.0
4976,1.0,-0.05852252674479376,1.0
4977,5.0,0.08068373211048369,5.0
4978,5.0,0.08068373211048369,5.0
4979,5.0,0.08068373211048369,5.0
4980,5.0,0.07059016429582966,5.0
4981,5.0,0.03276197011451074,5.0
4982,5.0,0.05600253738133459,5.0
4983,5.0,0.14469451493038585,5.0
4984,1.0,-0.032455702679740246,1.0
4985,1.0,-0.2259087927341247,1.0
4986,1.0,-0.032455702679740246,1.0
4987,1.0,-0.04821802934843386,1.0
4988,1.0,-0.07093675976420084,1.0
4989,1.0,-0.056746256188171106,1.0
4990,1.0,0.03759161404393596,1.0
4991,1.0,-0.2686747747591473,1.0
4992,1.0,-0.16831811110181075,1.0
4993,1.0,-0.29265342938680317,1.0
4994,1.0,0.022290723231237902,1.0
4995,5.0,0.0025773189581160356,5.0
4996,5.0,0.02722153867835321,5.0
4997,5.0,0.10516873253702963,5.0
4998,5.0,0.11203003219615754,5.0
4999,5.0,0.012777526268986327,5.0
5000,5.0,0.022293404277144116,5.0
5001,1.0,-0.11887155946926266,1.0
5002,5.0,0.01148068234406235,5.0
5003,5.0,0.016319744833708235,5.0
5004,1.0,0.01807869734912265,1.0
5005,5.0,0.05015527670154534,5.0
5006,5.0,0.05015527670154534,5.0
5007,1.0,-0.24497708313460745,1.0
5008,5.0,0.07316915463807547,5.0
5009,5.0,0.07841614315532784,5.0
5010,5.0,0.07829231156090591,5.0
5011,5.0,0.019808507348685927,5.0
5012,5.0,0.10457582912043942,5.0
5013,5.0,0.08193752076865601,5.0
5014,5.0,0.03200739602608731,5.0
5015,5.0,0.06180944806678896,5.0
5016,5.0,0.056179872023225906,5.0
5017,5.0,-0.0003893714231277003,5.0
5018,4.0,0.04912050479933652,4.0
5019,5.0,0.03384121351939569,5.0
5020,5.0,0.01367464221417674,5.0
5021,5.0,0.01367464221417674,5.0
5022,1.0,0.037032300492227554,1.0
5023,5.0,0.035526563263976685,5.0
5024,1.0,0.0071964641951414825,1.0
5025,5.0,0.08092494493833584,5.0
5026,5.0,0.016049524146880247,5.0
5027,5.0,0.016049524146880247,5.0
5028,5.0,0.11572717462466205,5.0
5029,5.0,-0.010563452932292263,5.0
5030,5.0,0.004386408793417121,5.0
5031,1.0,-0.051526751106921884,1.0
5032,1.0,-0.12778471177300194,1.0
5033,1.0,-0.06081014984613213,1.0
5034,1.0,-0.17974028189122013,1.0
5035,1.0,-0.02169663903046687,1.0
5036,1.0,-0.06759955877122807,1.0
5037,1.0,-0.1619156675452207,1.0
5038,5.0,0.05688046778050657,5.0
5039,1.0,-0.08693817459734234,1.0
5040,1.0,-0.07835032999163749,1.0
5041,5.0,0.04128262595126868,5.0
5042,5.0,0.08588369274118998,5.0
5043,2.0,-0.08712726980677916,2.0
5044,5.0,0.0507923241306598,5.0
5045,5.0,0.013662472344261035,5.0
5046,5.0,0.05513523642820038,5.0
5047,5.0,0.04150898736015381,5.0
5048,5.0,0.11197081211244926,5.0
5049,5.0,0.024406706182161862,5.0
5050,5.0,0.024229842065029834,5.0
5051,5.0,0.0957553563851589,5.0
5052,5.0,0.024471641915212655,5.0
5053,5.0,0.024471641915212655,5.0
5054,5.0,0.024471641915212655,5.0
5055,5.0,0.024471641915212655,5.0
5056,5.0,0.024471641915212655,5.0
5057,5.0,0.024471641915212655,5.0
5058,1.0,-0.10777382241894409,1.0
5059,4.0,0.010150672734580141,4.0
5060,4.0,-0.06391271772681459,4.0
5061,1.0,-0.055960935067623556,1.0
5062,1.0,0.002786979919852614,1.0
5063,1.0,-0.035352124441516385,1.0
5064,5.0,-0.009850356798378182,5.0
5065,5.0,0.18088982124359815,5.0
5066,5.0,0.18088982124359815,5.0
5067,5.0,-0.08026018978713798,5.0
5068,5.0,0.09081071019629948,5.0
5069,5.0,0.1030990455212469,5.0
5070,5.0,0.1030990455212469,5.0
5071,1.0,-0.07692662425420402,1.0
5072,1.0,-0.07512728827498713,1.0
5073,5.0,0.049376577793321406,5.0
5074,5.0,0.08286009874171969,5.0
5075,5.0,0.15673409486065412,5.0
5076,4.0,0.007413059951627981,4.0
5077,1.0,-0.042137593452686806,1.0
5078,1.0,-0.042137593452686806,1.0
5079,1.0,-0.042137593452686806,1.0
5080,1.0,-0.20740947584899525,1.0
5081,5.0,0.017722829752782374,5.0
5082,5.0,0.017722829752782374,5.0
5083,1.0,-0.0716743069770508,1.0
5084,5.0,0.038680304322277266,5.0
5085,5.0,0.07101122470307124,5.0
5086,1.0,0.020880349547970287,1.0
5087,1.0,-0.1404373078575358,1.0
5088,1.0,-0.05155271080213515,1.0
5089,2.0,-0.06818500123521504,2.0
5090,5.0,0.050062104654102255,5.0
5091,5.0,9.024866671484221e-05,5.0
5092,5.0,0.05436506760865637,5.0
5093,1.0,-0.04429704551015604,1.0
5094,5.0,0.01564214339629922,5.0
5095,1.0,-0.1036135268063391,1.0
5096,5.0,0.01967221541870518,5.0
5097,5.0,0.06530416082075127,5.0
5098,1.0,-0.05645317973281161,1.0
5099,5.0,0.061032015497743626,5.0
5100,1.0,-0.05645317973281161,1.0
5101,1.0,-0.05645317973281161,1.0
5102,1.0,-0.08088484428103776,1.0
5103,1.0,-0.04647892978177725,1.0
5104,5.0,-0.007445107390224191,5.0
5105,1.0,-0.12362720052026828,1.0
5106,1.0,-0.038329283597426406,1.0
5107,1.0,-0.15515245805831823,1.0
5108,5.0,0.006861626207007532,5.0
5109,5.0,0.028433985577722393,5.0
5110,1.0,-0.011039793232698011,1.0
5111,5.0,0.1065883397145153,5.0
5112,1.0,-0.12824023876850976,1.0
5113,1.0,-0.038155314909919504,1.0
5114,1.0,-0.10991816699280631,1.0
5115,5.0,0.033449835505334556,5.0
5116,1.0,-0.05478405555090021,1.0
5117,5.0,0.08775168252598747,5.0
5118,1.0,0.1704145046830795,1.0
5119,1.0,-0.022972720190028693,1.0
5120,1.0,-0.06951370918137682,1.0
5121,1.0,-0.04913982354040622,1.0
5122,1.0,-0.13228167546948114,1.0
5123,5.0,0.041505532975625085,5.0
5124,1.0,-0.04459467153612099,1.0
5125,1.0,-0.23702417487982214,1.0
5126,1.0,-0.14658579363447471,1.0
5127,1.0,-0.07374737826525923,1.0
5128,1.0,-0.03326206360401142,1.0
5129,5.0,-0.008779968677274866,5.0
5130,3.0,0.0705135621885819,3.0
5131,5.0,0.05649746503483754,5.0
5132,5.0,0.05390472922314599,5.0
5133,5.0,0.08996846653903418,5.0
5134,5.0,0.10500936154241604,5.0
5135,1.0,-0.13879918210487535,1.0
5136,5.0,0.04406193128692122,5.0
5137,1.0,-0.14177060274643832,1.0
5138,5.0,0.03668097438289093,5.0
5139,1.0,-0.0897022591280522,1.0
5140,5.0,0.07937087652930165,5.0
5141,5.0,0.024723120317895926,5.0
5142,5.0,0.07388260334424877,5.0
5143,5.0,0.1988655214184159,5.0
5144,5.0,0.04278296042468145,5.0
5145,5.0,0.05745087044673505,5.0
5146,5.0,0.08003548302632976,5.0
5147,5.0,-0.010885811373922173,5.0
5148,1.0,-0.09328306690604317,1.0
5149,1.0,-0.09725769011405619,1.0
5150,1.0,-0.159557810249297,1.0
5151,5.0,0.03874650803092663,5.0
5152,5.0,0.05571352672853605,5.0
5153,5.0,0.056614836637251184,5.0
5154,5.0,0.26148008585586235,5.0
5155,1.0,-0.09691824276279173,1.0
5156,1.0,-0.34878769216951216,1.0
5157,5.0,0.10698873449292533,5.0
5158,5.0,0.08018790581996316,5.0
5159,5.0,-0.006584973132117002,5.0
5160,5.0,0.0005251988530490303,5.0
5161,5.0,0.03204260509606157,5.0
5162,5.0,0.08923496108901872,5.0
5163,5.0,0.0697262459673966,5.0
5164,2.0,-0.017236763151500016,2.0
5165,5.0,0.05707575307001876,5.0
5166,5.0,0.04853161318122755,5.0
5167,5.0,0.07003007593276989,5.0
5168,5.0,0.025703528374294588,5.0
5169,5.0,0.017140457223613258,5.0
5170,5.0,-0.000741575287518617,5.0
5171,5.0,0.06998936037849776,5.0
5172,5.0,0.1803240492321495,5.0
5173,5.0,0.06049736247588947,5.0
5174,5.0,0.03028745087177376,5.0
5175,5.0,0.08395823061989943,5.0
5176,5.0,0.07229344377768868,5.0
5177,5.0,0.029374516484472563,5.0
5178,5.0,0.03789884423084672,5.0
5179,5.0,0.022473694401412284,5.0
5180,5.0,0.008352274293190775,5.0
5181,5.0,0.0038855637723597437,5.0
5182,5.0,0.057418302338714124,5.0
5183,5.0,0.05288402290692838,5.0
5184,5.0,0.053783283878455566,5.0
5185,5.0,0.048817518127015076,5.0
5186,5.0,0.05268429531971652,5.0
5187,5.0,0.23280225084594858,5.0
5188,5.0,0.11685784047437046,5.0
5189,5.0,0.07404186187255118,5.0
5190,5.0,0.07371859812068968,5.0
5191,5.0,-0.04795359411790645,5.0
5192,5.0,0.00635725390036114,5.0
5193,5.0,0.04659155872142787,5.0
5194,5.0,0.0765867093259484,5.0
5195,5.0,0.04718957386030168,5.0
5196,5.0,0.017614134137707245,5.0
5197,5.0,-0.019896036057332974,5.0
5198,5.0,0.00847112669211715,5.0
5199,3.0,-1.0072202353760776e-05,3.0
5200,5.0,0.05371821370933514,5.0
5201,2.0,0.018991126165655195,2.0
5202,5.0,0.007677416848080692,5.0
5203,1.0,-0.4144854299022039,1.0
