row_index,feature_value,shap_value,color_by_self
0,-0.28794858,0.06919152493245855,-0.28794858
1,-0.28794858,0.06919152493245855,-0.28794858
2,0.039123796,0.04284669581033333,0.039123796
3,0.039123796,0.04284669581033333,0.039123796
4,0.039123796,0.04284669581033333,0.039123796
5,-0.2918384,0.1248426891553118,-0.2918384
6,-0.30167702,0.029630624995143504,-0.30167702
7,-0.30167702,0.029630624995143504,-0.30167702
8,-0.30167702,0.029630624995143504,-0.30167702
9,-0.30167702,0.029630624995143504,-0.30167702
10,-0.30167702,0.029630624995143504,-0.30167702
11,-0.30167714,0.01300932821945004,-0.30167714
12,-0.30167714,0.01300932821945004,-0.30167714
13,-0.30167714,0.01300932821945004,-0.30167714
14,-0.2918384,-0.008660269438195395,-0.2918384
15,-0.2918384,0.0014620894620884057,-0.2918384
16,-0.39342418,0.06523581415809135,-0.39342418
17,-0.2918384,0.1120675960734331,-0.2918384
18,-0.39138886,0.0503069446695278,-0.39138886
19,-0.39138886,0.0503069446695278,-0.39138886
20,-0.39138886,0.0503069446695278,-0.39138886
21,-0.39138886,0.0503069446695278,-0.39138886
22,-0.39138886,0.0503069446695278,-0.39138886
23,-0.39138886,0.06140879148264732,-0.39138886
24,-0.39138886,0.06140879148264732,-0.39138886
25,-0.39138886,0.0503069446695278,-0.39138886
26,-0.39138886,0.06140879148264732,-0.39138886
27,-0.39138886,0.06140879148264732,-0.39138886
28,-0.39138886,0.0503069446695278,-0.39138886
29,-0.39138886,-0.027027854928705776,-0.39138886
30,-0.39138886,-0.027027854928705776,-0.39138886
31,-0.39138886,-0.027027854928705776,-0.39138886
32,-0.39138886,-0.027027854928705776,-0.39138886
33,-0.39138886,0.04581534820773636,-0.39138886
34,-0.39138886,-0.027027854928705776,-0.39138886
35,-0.39138886,0.04581534820773636,-0.39138886
36,-0.39138886,-0.0012411053819448273,-0.39138886
37,-0.39138886,-0.027027854928705776,-0.39138886
38,-0.39138886,-0.027027854928705776,-0.39138886
39,-0.39138886,-0.0012411053819448273,-0.39138886
40,-0.39138886,-0.027027854928705776,-0.39138886
41,-0.28794858,0.05464868826293971,-0.28794858
42,-0.28794858,0.05464868826293971,-0.28794858
43,-0.3152533,0.009072033194576716,-0.3152533
44,-0.31504405,-0.06732817798470064,-0.31504405
45,-0.3150427,0.0022038182994503987,-0.3150427
46,-0.3150427,0.04456365840329915,-0.3150427
47,-0.3150427,0.04456365840329915,-0.3150427
48,-0.3150427,0.052769096094974814,-0.3150427
49,-0.31518027,0.07898861764772494,-0.31518027
50,-0.34612477,0.0777687412654261,-0.34612477
51,-0.34612477,0.0777687412654261,-0.34612477
52,-0.34612477,-3.158824100501665e-05,-0.34612477
53,-0.29421976,0.017962212985372948,-0.29421976
54,-0.31518027,-0.04540235133687467,-0.31518027
55,-0.31518027,-0.04540235133687467,-0.31518027
56,-0.31518027,-0.04540235133687467,-0.31518027
57,-0.4281469,-0.027719218739470978,-0.4281469
58,-0.4281469,0.03335259382874303,-0.4281469
59,-0.4281469,0.0359676023591646,-0.4281469
60,-0.4281469,0.0359676023591646,-0.4281469
61,-0.4281469,0.006714470842282997,-0.4281469
62,-0.30167714,-0.10614943443375362,-0.30167714
63,-0.30167714,-0.10614943443375362,-0.30167714
64,-0.30167714,-0.10614943443375362,-0.30167714
65,-0.30167714,-0.10614943443375362,-0.30167714
66,-0.30167714,-0.10614943443375362,-0.30167714
67,-0.30167714,-0.10614943443375362,-0.30167714
68,-0.30167714,-0.10614943443375362,-0.30167714
69,-0.30167714,-0.10614943443375362,-0.30167714
70,-0.4297224,0.0064891294013892965,-0.4297224
71,-0.3934463,-0.007193655863381103,-0.3934463
72,-0.3934463,-0.007193655863381103,-0.3934463
73,-0.3934463,-0.007193655863381103,-0.3934463
74,0.32056212,0.019756340400714,0.32056212
75,0.32056212,0.17978186591034187,0.32056212
76,0.32056212,0.17978186591034187,0.32056212
77,0.32056212,0.17978186591034187,0.32056212
78,-0.3150427,0.0621828511990728,-0.3150427
79,-0.3150427,0.0621828511990728,-0.3150427
80,0.10945984,-0.045414328891464295,0.10945984
81,0.10945984,-0.045414328891464295,0.10945984
82,-0.34612477,-0.03169012808743239,-0.34612477
83,-0.34612477,-0.03169012808743239,-0.34612477
84,0.32056212,-0.10585346117239182,0.32056212
85,0.32056212,-0.10585346117239182,0.32056212
86,0.32056212,-0.16882426098402928,0.32056212
87,0.32056212,-0.10585346117239182,0.32056212
88,-0.3150473,-0.02126539490811351,-0.3150473
89,-0.39159942,0.039080261520127536,-0.39159942
90,-0.3150427,-0.02386320365973977,-0.3150427
91,-0.3150427,-0.02386320365973977,-0.3150427
92,-0.28946498,0.05756804102914283,-0.28946498
93,-0.30167714,0.0952692283301384,-0.30167714
94,-0.30167714,0.0952692283301384,-0.30167714
95,-0.2846441,0.12334066680678024,-0.2846441
96,-0.3013066,0.08417056284607723,-0.3013066
97,-0.3013066,0.08417056284607723,-0.3013066
98,-0.30167702,0.09806430474277784,-0.30167702
99,-0.379978,0.06680186369467786,-0.379978
100,-0.379978,0.04558949409634268,-0.379978
101,-0.26717758,0.0819173837677064,-0.26717758
102,-0.42814288,-0.007883741169797292,-0.42814288
103,0.28229755,-0.01860718314154971,0.28229755
104,0.28229755,-0.01860718314154971,0.28229755
105,-0.3497892,0.030296424419727998,-0.3497892
106,-0.3497892,0.008493008752171814,-0.3497892
107,-0.3497892,0.008493008752171814,-0.3497892
108,-0.3497892,0.008493008752171814,-0.3497892
109,-0.34530735,0.06680582489130243,-0.34530735
110,-0.39428625,0.028884645421212336,-0.39428625
111,-0.31518027,0.12379519474696074,-0.31518027
112,-0.31518027,0.12379519474696074,-0.31518027
113,-0.39832637,0.10500220733466677,-0.39832637
114,-0.29194522,0.06685394370421682,-0.29194522
115,-0.31151885,0.005798456412992602,-0.31151885
116,-0.31151885,0.005798456412992602,-0.31151885
117,-0.31517968,0.07650693856424685,-0.31517968
118,-0.31517968,0.07650693856424685,-0.31517968
119,-0.31517968,0.07650693856424685,-0.31517968
120,-0.31517968,0.07650693856424685,-0.31517968
121,-0.31517968,0.07650693856424685,-0.31517968
122,-0.50364655,-0.01082438752970041,-0.50364655
123,-0.50364655,-0.09754583337448756,-0.50364655
124,-0.31794512,0.03135035110877821,-0.31794512
125,-0.30520484,0.010233059938696247,-0.30520484
126,-0.30520484,0.008854434289135165,-0.30520484
127,-0.30520484,0.008854434289135165,-0.30520484
128,-0.30520484,0.008854434289135165,-0.30520484
129,-0.28832346,0.021033346504252235,-0.28832346
130,-0.318708,0.09625491171077684,-0.318708
131,-0.318708,0.007832241204139171,-0.318708
132,0.32055753,-0.1734569768681263,0.32055753
133,-0.056754984,0.15967557732045384,-0.056754984
134,0.28229755,0.11475150711101333,0.28229755
135,0.28229755,0.11475150711101333,0.28229755
136,-0.3151797,-0.05076690710767739,-0.3151797
137,-0.3151797,-0.05076690710767739,-0.3151797
138,-0.41207778,0.03439866348728252,-0.41207778
139,-0.2914683,0.22152059217880368,-0.2914683
140,-0.2914683,0.22152059217880368,-0.2914683
141,-0.2914683,-0.014434433842687243,-0.2914683
142,-0.2914683,-0.014434433842687243,-0.2914683
143,-0.29147637,0.12490194724689199,-0.29147637
144,-0.29147637,0.12490194724689199,-0.29147637
145,-0.29147637,0.0161988645268601,-0.29147637
146,-0.29147637,0.0161988645268601,-0.29147637
147,-0.33580813,0.12115736253799629,-0.33580813
148,-0.33580813,0.12115736253799629,-0.33580813
149,0.08401935,0.21436933837007344,0.08401935
150,0.08401935,0.08175252701465474,0.08401935
151,0.08401935,0.08175252701465474,0.08401935
152,-0.31517956,0.09316168923610099,-0.31517956
153,-0.34626234,0.048807968401987124,-0.34626234
154,-0.34626234,0.028318167076356232,-0.34626234
155,-0.28703758,0.07485037127148553,-0.28703758
156,-0.3934463,0.03163643278204554,-0.3934463
157,-0.3934463,0.11696955804300944,-0.3934463
158,-0.34626174,0.10092374971092567,-0.34626174
159,-0.34626174,-0.04492867549841832,-0.34626174
160,-0.34626174,-0.0019637399164858325,-0.34626174
161,-0.34626174,-0.0019637399164858325,-0.34626174
162,-0.31517956,0.054517839538620494,-0.31517956
163,-0.3497892,0.11877214965664967,-0.3497892
164,-0.34626234,-0.009859279255770001,-0.34626234
165,-0.31517956,0.004487721765833423,-0.31517956
166,-0.33580813,0.052416981442786906,-0.33580813
167,-0.33580813,0.052416981442786906,-0.33580813
168,0.08070964,0.25995648223715917,0.08070964
169,0.08070964,0.14464729907521334,0.08070964
170,0.08070964,0.14464729907521334,0.08070964
171,0.08070964,0.25995648223715917,0.08070964
172,0.08070964,0.14464729907521334,0.08070964
173,-0.30167702,0.1247546288605006,-0.30167702
174,0.32042515,-0.018448417564093326,0.32042515
175,0.32042515,-0.018448417564093326,0.32042515
176,0.32042515,-0.003001550564162357,0.32042515
177,-0.28890452,0.03269051424041215,-0.28890452
178,-0.3915264,0.006261908922622123,-0.3915264
179,-0.3915264,0.006261908922622123,-0.3915264
180,-0.34183022,0.046335446298751116,-0.34183022
181,-0.34603134,0.07445856173806231,-0.34603134
182,-0.39152583,0.05497766268150228,-0.39152583
183,-0.39152583,-0.0014887315232705893,-0.39152583
184,-0.39152583,0.05497766268150228,-0.39152583
185,-0.016674755,0.07209506026254317,-0.016674755
186,-0.3934463,0.0726107673841669,-0.3934463
187,-0.3934463,0.0726107673841669,-0.3934463
188,-0.34612608,-0.015251161364751574,-0.34612608
189,-0.34612608,0.041479499281438535,-0.34612608
190,-0.34612608,0.041479499281438535,-0.34612608
191,-0.34612608,0.041479499281438535,-0.34612608
192,-0.38654232,0.05310493066548233,-0.38654232
193,-0.38654232,0.0687376809497285,-0.38654232
194,-0.056437586,0.1664745067526125,-0.056437586
195,-0.056437586,0.1664745067526125,-0.056437586
196,-0.056437586,0.1664745067526125,-0.056437586
197,0.03785807,-0.016270392755787438,0.03785807
198,0.03785807,-0.018462692221326207,0.03785807
199,-0.39428988,0.048353808683595866,-0.39428988
200,-0.39428988,0.048353808683595866,-0.39428988
201,-0.39159942,-0.07537945951446652,-0.39159942
202,0.20795055,-0.039541848838990194,0.20795055
203,0.044076566,-0.010812519979520442,0.044076566
204,0.044076566,0.05394226608134916,0.044076566
205,0.044076566,-0.06927629581543752,0.044076566
206,0.044076566,-0.012904844069186419,0.044076566
207,0.044076566,-0.06927629581543752,0.044076566
208,0.044076566,-0.06927629581543752,0.044076566
209,-0.35479587,0.0410875142119671,-0.35479587
210,-0.35479587,0.0410875142119671,-0.35479587
211,-0.42814288,0.0011244277489809037,-0.42814288
212,-0.34612936,-0.024349349322140525,-0.34612936
213,-0.34612936,-0.024349349322140525,-0.34612936
214,-0.34612936,-0.024349349322140525,-0.34612936
215,-0.39152583,-0.05550546723523095,-0.39152583
216,-0.39152583,-0.05550546723523095,-0.39152583
217,-0.39152583,-0.01361845366332355,-0.39152583
218,-0.43202308,0.06362335294011466,-0.43202308
219,-0.43202308,0.06362335294011466,-0.43202308
220,-0.43202308,0.06362335294011466,-0.43202308
221,-0.43202308,0.06362335294011466,-0.43202308
222,-0.43202308,0.06362335294011466,-0.43202308
223,-0.43202308,0.06362335294011466,-0.43202308
224,-0.056412574,0.010499652607688625,-0.056412574
225,-0.056412574,0.010499652607688625,-0.056412574
226,-0.056412574,0.010499652607688625,-0.056412574
227,0.111280024,0.12353603574083805,0.111280024
228,0.111280024,0.11176810257063004,0.111280024
229,-0.2918384,-0.0007793422579635224,-0.2918384
230,-0.30167714,0.06747343889216226,-0.30167714
231,-0.30167714,0.06747343889216226,-0.30167714
232,-0.30167714,0.06747343889216226,-0.30167714
233,-0.30167714,0.06747343889216226,-0.30167714
234,-0.30167714,0.06747343889216226,-0.30167714
235,-0.30167714,0.06747343889216226,-0.30167714
236,-0.29184648,0.040116878370736436,-0.29184648
237,-0.28831813,0.11340714337532402,-0.28831813
238,-0.45050338,0.019447947019953463,-0.45050338
239,-0.4505034,-0.051197042154801774,-0.4505034
240,-0.3151797,-0.020795528393117543,-0.3151797
241,-0.4320209,0.03735802031524135,-0.4320209
242,-0.4320209,0.03735802031524135,-0.4320209
243,-0.4320209,0.03735802031524135,-0.4320209
244,-0.4320209,0.03735802031524135,-0.4320209
245,-0.4320209,0.07744007202648909,-0.4320209
246,-0.31517956,0.019540726781281405,-0.31517956
247,-0.31517956,0.019540726781281405,-0.31517956
248,-0.31517956,0.019540726781281405,-0.31517956
249,-0.44650152,-0.05833782963952637,-0.44650152
250,-0.44650152,-0.05833782963952637,-0.44650152
251,-0.44650152,-0.05833782963952637,-0.44650152
252,-0.44650152,-0.05833782963952637,-0.44650152
253,-0.44650152,-0.05833782963952637,-0.44650152
254,0.053611774,-0.10883014016419054,0.053611774
255,0.053611774,-0.10883014016419054,0.053611774
256,-0.29421976,-0.0019624192688557744,-0.29421976
257,-0.29421976,-0.0019624192688557744,-0.29421976
258,-0.29421976,-0.005671225587593099,-0.29421976
259,0.03086429,0.1063636659742885,0.03086429
260,-0.2882034,0.002266790123918439,-0.2882034
261,-0.2882034,0.002266790123918439,-0.2882034
262,-0.31518444,0.12731461307035696,-0.31518444
263,-0.30520484,0.15716898928797338,-0.30520484
264,-0.30520484,0.12982441602972034,-0.30520484
265,-0.30520484,0.12982441602972034,-0.30520484
266,-0.30520484,0.12982441602972034,-0.30520484
267,-0.29184648,0.10937687363941775,-0.29184648
268,-0.28831872,0.047477063936759496,-0.28831872
269,-0.30167654,0.12618785287354847,-0.30167654
270,-0.30167654,0.12618785287354847,-0.30167654
271,-0.30167654,0.12618785287354847,-0.30167654
272,-0.30167654,0.12618785287354847,-0.30167654
273,-0.30167654,0.12618785287354847,-0.30167654
274,-0.318708,0.07023212309221809,-0.318708
275,-0.28891438,0.0725151379213133,-0.28891438
276,0.044076566,-0.1082080263044403,0.044076566
277,0.044076566,0.012564524465799828,0.044076566
278,-0.4320209,0.08686934154364379,-0.4320209
279,-0.4320209,0.08686934154364379,-0.4320209
280,-0.4320209,0.08686934154364379,-0.4320209
281,-0.4320209,0.08686934154364379,-0.4320209
282,-0.4320209,-0.017863015190720838,-0.4320209
283,0.03908351,-0.0776079252587919,0.03908351
284,0.07087928,0.22725927092939352,0.07087928
285,-0.28820336,-0.010828054548994452,-0.28820336
286,-0.28820336,0.13165645965202596,-0.28820336
287,-0.28820336,0.13165645965202596,-0.28820336
288,-0.3915264,0.012682252712913317,-0.3915264
289,-0.3915264,0.021424591862236806,-0.3915264
290,-0.39139345,0.01905675390958058,-0.39139345
291,-0.39139345,0.01905675390958058,-0.39139345
292,-0.39139345,0.01905675390958058,-0.39139345
293,-0.28930002,0.0014776459087166816,-0.28930002
294,-0.3150442,0.026578284356811636,-0.3150442
295,-0.40086547,0.03220048192880145,-0.40086547
296,-0.40086547,0.02445252000930804,-0.40086547
297,-0.311519,-0.023910400871921658,-0.311519
298,-0.34604937,0.12553797601718375,-0.34604937
299,-0.34604937,0.12553797601718375,-0.34604937
300,-0.34604937,0.12553797601718375,-0.34604937
301,-0.12668844,0.028654535958687007,-0.12668844
302,-0.12668844,0.028654535958687007,-0.12668844
303,-0.12668844,0.028654535958687007,-0.12668844
304,-0.12668844,0.028654535958687007,-0.12668844
305,-0.12668844,0.028654535958687007,-0.12668844
306,0.013366975,0.024847216191119126,0.013366975
307,0.013366975,0.024847216191119126,0.013366975
308,-0.39139232,-0.0005326752091006976,-0.39139232
309,0.08053333,0.07291394536139026,0.08053333
310,0.08053333,0.11316151134079458,0.08053333
311,0.08053333,0.07291394536139026,0.08053333
312,0.08053333,0.11316151134079458,0.08053333
313,0.08067092,-0.0365631098267582,0.08067092
314,0.08067092,-0.0365631098267582,0.08067092
315,0.08067092,-0.0365631098267582,0.08067092
316,0.08053208,-0.01962037148471992,0.08053208
317,-0.28818128,0.18355949845648717,-0.28818128
318,-0.28818128,0.18355949845648717,-0.28818128
319,-0.29184648,0.2000713768654842,-0.29184648
320,-0.29184648,0.2000713768654842,-0.29184648
321,-0.29184648,0.07635537935927474,-0.29184648
322,-0.29184648,0.07635537935927474,-0.29184648
323,-0.28831872,0.09351984038968643,-0.28831872
324,-0.30167654,0.08366471079515778,-0.30167654
325,-0.30167654,0.08366471079515778,-0.30167654
326,-0.30167654,0.08366471079515778,-0.30167654
327,-0.30167654,0.08366471079515778,-0.30167654
328,-0.34612608,0.12028304138738792,-0.34612608
329,0.20795055,0.003354127652232394,0.20795055
330,0.04001325,0.03625686974103046,0.04001325
331,0.2822975,0.040197485160886774,0.2822975
332,-0.39139345,0.0443681097825073,-0.39139345
333,0.32055753,0.09852058315182867,0.32055753
334,0.32055753,0.09852058315182867,0.32055753
335,-0.3152533,0.07239948974218136,-0.3152533
336,-0.3150462,0.009412080142938999,-0.3150462
337,-0.43202308,0.015824652298151883,-0.43202308
338,-0.43202308,0.015824652298151883,-0.43202308
339,-0.43202308,0.015824652298151883,-0.43202308
340,-0.43202308,0.015824652298151883,-0.43202308
341,-0.2870383,-0.00017308168395130602,-0.2870383
342,-0.28703818,-0.019929725699398042,-0.28703818
343,-0.38011497,0.04646767778279681,-0.38011497
344,-0.29421976,-0.01478092281070886,-0.29421976
345,-0.29421976,-0.01478092281070886,-0.29421976
346,-0.29421976,-0.01478092281070886,-0.29421976
347,-0.29421976,0.05576325021999761,-0.29421976
348,-0.29421976,0.05576325021999761,-0.29421976
349,-0.38456315,0.14848396380089576,-0.38456315
350,-0.4922425,0.015461521693867525,-0.4922425
351,-0.019858856,0.061493853862227,-0.019858856
352,-0.019858856,0.061493853862227,-0.019858856
353,-0.019858856,-0.026659197593837922,-0.019858856
354,0.08053077,0.0658266479340631,0.08053077
355,0.08053077,0.05098918125652299,0.08053077
356,-0.28831813,0.040180489466641434,-0.28831813
357,-0.33820084,0.06346115687395203,-0.33820084
358,-0.33820084,0.06346115687395203,-0.33820084
359,-0.31151885,0.07548517113431609,-0.31151885
360,-0.28818128,0.027688542262521498,-0.28818128
361,0.040189616,0.08636033745471268,0.040189616
362,-0.35605252,0.10674020741672322,-0.35605252
363,-0.35605252,0.10674020741672322,-0.35605252
364,-0.35605252,0.039020341227047645,-0.35605252
365,-0.35605252,0.039020341227047645,-0.35605252
366,-0.39832637,0.01901630047129567,-0.39832637
367,-0.28703758,0.009608415849973453,-0.28703758
368,-0.012556731,0.12290906489342666,-0.012556731
369,0.062104434,0.10550195309961416,0.062104434
370,0.062104434,0.037841400991037624,0.062104434
371,0.08827636,0.20103834032516774,0.08827636
372,0.08827636,0.20103834032516774,0.08827636
373,0.08827636,0.017923949368208045,0.08827636
374,0.08827636,0.017923949368208045,0.08827636
375,0.32042527,-0.13845195939178687,0.32042527
376,-0.47202834,0.016611973353830817,-0.47202834
377,-0.39139342,0.049211495957122056,-0.39139342
378,-0.39139342,0.049211495957122056,-0.39139342
379,-0.3915257,0.05522057550216943,-0.3915257
380,-0.37704667,0.06689516804916862,-0.37704667
381,-0.3771791,0.025731450686441316,-0.3771791
382,-0.42958495,0.03376040609415008,-0.42958495
383,-0.43202308,0.058234978568594595,-0.43202308
384,-0.43202308,0.058234978568594595,-0.43202308
385,-0.43202308,0.058234978568594595,-0.43202308
386,-0.24862167,0.09934914563564035,-0.24862167
387,-0.24862167,0.09934914563564035,-0.24862167
388,-0.24862167,0.09934914563564035,-0.24862167
389,-0.24862385,0.08393408677331779,-0.24862385
390,-0.24862385,0.08393408677331779,-0.24862385
391,-0.24862385,0.08393408677331779,-0.24862385
392,-0.12640576,0.028179941130449332,-0.12640576
393,-0.12640576,0.028179941130449332,-0.12640576
394,-0.12640576,0.028179941130449332,-0.12640576
395,-0.12640578,0.0379203795288326,-0.12640578
396,-0.12640578,0.0379203795288326,-0.12640578
397,-0.12640578,0.0379203795288326,-0.12640578
398,-0.2486143,0.14592994846860463,-0.2486143
399,-0.2486143,0.14592994846860463,-0.2486143
400,-0.2486143,0.14592994846860463,-0.2486143
401,-0.25969842,0.26825621118798076,-0.25969842
402,-0.25969842,0.26825621118798076,-0.25969842
403,-0.25969842,0.26825621118798076,-0.25969842
404,-0.2981627,0.038438618868853164,-0.2981627
405,-0.2981627,0.038438618868853164,-0.2981627
406,-0.2981627,0.038438618868853164,-0.2981627
407,0.013366975,0.027329814869897075,0.013366975
408,0.013366975,0.027329814869897075,0.013366975
409,-0.34402075,0.10854063610114545,-0.34402075
410,0.03785807,0.05606580891734171,0.03785807
411,-0.29421976,0.09287854518448277,-0.29421976
412,-0.29421976,0.10772453458817804,-0.29421976
413,-0.28820336,0.11675571666890874,-0.28820336
414,0.021320855,0.11817411388209831,0.021320855
415,-0.09431802,0.21807678516642715,-0.09431802
416,0.08069818,0.030812457795745294,0.08069818
417,0.08053333,0.11324957163560578,0.08053333
418,0.08053333,0.11324957163560578,0.08053333
419,0.08070964,0.036208339886103225,0.08070964
420,0.08070964,0.23752221393523054,0.08070964
421,0.08053333,-0.04281530940318327,0.08053333
422,-0.29194522,0.14709699940486723,-0.29194522
423,-0.421925,-0.0018817975736068293,-0.421925
424,-0.421925,-0.0018817975736068293,-0.421925
425,-0.421925,-0.0018817975736068293,-0.421925
426,-0.421925,0.004597893228069607,-0.421925
427,-0.421925,0.004597893228069607,-0.421925
428,-0.421925,0.004597893228069607,-0.421925
429,0.32271853,-0.1364907212479848,0.32271853
430,-0.2879785,0.1172204272262813,-0.2879785
431,-0.2879785,0.047277071902958795,-0.2879785
432,-0.30520484,0.0034785443112492933,-0.30520484
433,-0.31518444,0.04464293730343809,-0.31518444
434,-0.30115002,0.06478088632976257,-0.30115002
435,-0.30115002,0.06478088632976257,-0.30115002
436,-0.2918384,0.18275968595862438,-0.2918384
437,-0.2918384,0.07828066788130736,-0.2918384
438,-0.28879708,0.1815053399444677,-0.28879708
439,-0.28879708,0.1815053399444677,-0.28879708
440,-0.28879708,0.00806538248757154,-0.28879708
441,-0.28879708,0.00806538248757154,-0.28879708
442,-0.28890452,0.08946267424157212,-0.28890452
443,0.018855575,0.05342931401479285,0.018855575
444,-0.39152628,-0.03436273417566874,-0.39152628
445,-0.05690485,0.09438157653716817,-0.05690485
446,-0.34603134,0.045602486971305305,-0.34603134
447,-0.39832935,0.06725461058797085,-0.39832935
448,-0.39832935,-0.03131776203293861,-0.39832935
449,-0.41405368,0.07581036748696135,-0.41405368
450,-0.3983264,0.05942245621464622,-0.3983264
451,-0.3983264,0.026056285408796717,-0.3983264
452,-0.39832935,0.049038629226058554,-0.39832935
453,-0.40045854,0.064242194387788,-0.40045854
454,0.068633884,0.05158262437181074,0.068633884
455,-0.28820342,-0.013815554179214685,-0.28820342
456,-0.47152838,0.09576930430099248,-0.47152838
457,-0.012556731,0.08116317378919852,-0.012556731
458,-0.34589377,0.001480175428993985,-0.34589377
459,-0.29748476,0.07616579040183796,-0.29748476
460,-0.45856044,0.04455716532329351,-0.45856044
461,-0.45856044,0.04455716532329351,-0.45856044
462,-0.39139342,0.035480661470456296,-0.39139342
463,-0.39139342,0.035480661470456296,-0.39139342
464,-0.24862385,0.07124725153974705,-0.24862385
465,-0.24862385,0.07124725153974705,-0.24862385
466,-0.24862385,0.07124725153974705,-0.24862385
467,-0.30153957,0.003557215468048178,-0.30153957
468,-0.05775597,0.05606580891734171,-0.05775597
469,0.10945467,0.09713556214142605,0.10945467
470,0.10945467,0.02822747603709329,0.10945467
471,0.10945467,0.05394188871485707,0.10945467
472,0.10945467,0.46977689360157887,0.10945467
473,0.03912233,0.1914420123366512,0.03912233
474,-0.42972255,0.0023689975407926917,-0.42972255
475,-0.26717758,0.08809739203820298,-0.26717758
476,-0.056423075,0.08131811124794995,-0.056423075
477,-0.05642477,0.09583359341467106,-0.05642477
478,-0.05642287,-0.02562373993853192,-0.05642287
479,-0.05644595,0.10690451729079518,-0.05644595
480,-0.056744352,0.0736101232891635,-0.056744352
481,0.10945467,0.10273369308878764,0.10945467
482,0.03760255,0.013564907252741622,0.03760255
483,0.037602868,-0.08789186248690888,0.037602868
484,0.10560678,0.09461559380607665,0.10560678
485,0.10560678,0.09461559380607665,0.10560678
486,-0.29421976,0.03756927158978883,-0.29421976
487,-0.18372734,-0.003778824203361871,-0.18372734
488,-0.49224308,-0.05943993954696294,-0.49224308
489,-0.48160806,0.02777134948040931,-0.48160806
490,-0.48714152,-0.006654493983466136,-0.48714152
491,-0.4779857,-0.015073410094129444,-0.4779857
492,-0.48160806,-0.056340375326769686,-0.48160806
493,-0.48160812,0.0063026782994632085,-0.48160812
494,-0.4816081,-0.049305081971938565,-0.4816081
495,-0.4816084,-0.050644128110149504,-0.4816084
496,0.1503066,0.1088593219522874,0.1503066
497,-0.09431802,0.08906580462531713,-0.09431802
498,-0.05675499,0.10989976190912343,-0.05675499
499,-0.019848742,0.1190145215937694,-0.019848742
500,-0.019848742,0.1190145215937694,-0.019848742
501,-0.056437712,0.1272781273086813,-0.056437712
502,-0.056437712,0.1272781273086813,-0.056437712
503,-0.019849274,0.10554834459446771,-0.019849274
504,0.0062113223,0.09386975968505624,0.0062113223
505,-0.00729909,0.07945937373456455,-0.00729909
506,0.017435463,0.16533837036828086,0.017435463
507,0.08069805,-0.019368951919015144,0.08069805
508,0.080533326,0.043589684508206605,0.080533326
509,0.08069818,-0.0705205310526757,0.08069818
510,0.08053333,-0.015172480800933596,0.08053333
511,0.08053333,-0.015172480800933596,0.08053333
512,0.08053333,-0.04281530940318327,0.08053333
513,0.08053208,0.08618213781675324,0.08053208
514,0.08070952,0.047239087833479965,0.08070952
515,-0.4555389,-0.019906243861182178,-0.4555389
516,-0.4555389,-0.019906243861182178,-0.4555389
517,0.08070911,0.10097403251868246,0.08070911
518,-0.040853843,0.05284448907630409,-0.040853843
519,-0.040853843,0.13037527591068204,-0.040853843
520,-0.5038571,-0.02108884329259495,-0.5038571
521,-0.5038571,-0.02108884329259495,-0.5038571
522,-0.4112377,0.02021205320903187,-0.4112377
523,-0.3361318,0.030134153440325058,-0.3361318
524,-0.29762232,0.11566021571914756,-0.29762232
525,-0.29762232,0.11566021571914756,-0.29762232
526,0.020494983,0.10995013823993377,0.020494983
527,-0.05705179,0.08893036070078403,-0.05705179
528,-0.056547076,0.1650428654397332,-0.056547076
529,-0.30520484,0.023060702911563334,-0.30520484
530,-0.31874904,0.02656887804648293,-0.31874904
531,-0.31874904,-0.01607804253062744,-0.31874904
532,-0.30115002,0.043216602901673236,-0.30115002
533,-0.30115002,0.043216602901673236,-0.30115002
534,-0.28827795,-0.0018108484680758761,-0.28827795
535,-0.2882726,0.1150660381063139,-0.2882726
536,-0.2882726,0.08344455084469535,-0.2882726
537,-0.46824232,0.0673506755894394,-0.46824232
538,-0.46824232,0.040031784332753444,-0.46824232
539,-0.46824232,-0.03960130948580023,-0.46824232
540,-0.3150427,0.13732433267267502,-0.3150427
541,-0.3150427,0.13732433267267502,-0.3150427
542,0.08069805,0.13568874335754605,0.08069805
543,-0.29237345,0.09999678444718577,-0.29237345
544,-0.28844374,0.11274519032181049,-0.28844374
545,-0.28844374,0.07129226285911057,-0.28844374
546,-0.28890452,0.0917426378247405,-0.28890452
547,-0.28904364,0.21258659416420547,-0.28904364
548,-0.28904364,0.06722912489160265,-0.28904364
549,-0.2919091,0.11307496116506686,-0.2919091
550,-0.2919091,0.08069835505759473,-0.2919091
551,0.07267056,-0.06542038232758242,0.07267056
552,0.03785669,-0.006790735451471259,0.03785669
553,-0.39428988,0.05303069108172035,-0.39428988
554,-0.2846447,0.00913556640744723,-0.2846447
555,-0.46639,0.304987020117077,-0.46639
556,-0.46639,0.24949662077992626,-0.46639
557,-0.46333084,0.03279871911450873,-0.46333084
558,-0.46333084,0.03279871911450873,-0.46333084
559,-0.46333084,0.029075104171904315,-0.46333084
560,-0.46639,0.03244468419231664,-0.46639
561,-0.46639,-0.02597870843516979,-0.46639
562,-0.31514817,0.027724991717442627,-0.31514817
563,-0.2890086,-0.0019108361465884783,-0.2890086
564,-0.29193363,0.13819986868339149,-0.29193363
565,-0.29193363,0.06793266933059433,-0.29193363
566,-0.2919417,0.07221407077720204,-0.2919417
567,-0.2919417,0.06446269593357006,-0.2919417
568,-0.28899872,0.12387760912073684,-0.28899872
569,-0.28899872,0.03675681264335844,-0.28899872
570,-0.29200435,0.17093881734344846,-0.29200435
571,-0.29200435,0.09081982074347682,-0.29200435
572,-0.28828675,0.17743478612395627,-0.28828675
573,-0.28828675,0.07418915622517093,-0.28828675
574,-0.28901032,0.08568717944984902,-0.28901032
575,-0.28901032,0.0038197130672530766,-0.28901032
576,-0.28902018,0.14771655021823138,-0.28902018
577,-0.28902018,0.015293011004042826,-0.28902018
578,-0.28893235,0.09980433350119372,-0.28893235
579,-0.28893235,0.10237059564826971,-0.28893235
580,-0.29201594,0.12628157111796856,-0.29201594
581,-0.29201594,0.06773007848102942,-0.29201594
582,-0.42814356,-0.0020306279177236906,-0.42814356
583,-0.39832637,0.059417718383206954,-0.39832637
584,-0.39777732,0.004692369876310892,-0.39777732
585,-0.39777732,0.024108440926093083,-0.39777732
586,0.23618162,0.07890376626429929,0.23618162
587,-0.107123174,0.16377171870449997,-0.107123174
588,-0.2942198,0.030221529341967424,-0.2942198
589,-0.28891617,0.08046383046903087,-0.28891617
590,-0.41660723,0.03466883324795058,-0.41660723
591,-0.41660723,0.03466883324795058,-0.41660723
592,-0.4007039,-0.03963734171687871,-0.4007039
593,-0.4007039,0.0014751356181455402,-0.4007039
594,-0.29427534,0.045375012259468224,-0.29427534
595,-0.29427534,0.0688708009728978,-0.29427534
596,0.2602704,0.20429100780437853,0.2602704
597,0.2602704,-0.044753492370888645,0.2602704
598,-0.44310242,0.056361061164093736,-0.44310242
599,-0.44310242,0.056361061164093736,-0.44310242
600,-0.3950442,0.007302578394864895,-0.3950442
601,0.109380834,0.06742883899333459,0.109380834
602,-0.28703818,0.09212196777557861,-0.28703818
603,-0.4467846,-0.06555464576707554,-0.4467846
604,-0.3223345,0.09255267485533034,-0.3223345
605,-0.3223345,0.09255267485533034,-0.3223345
606,-0.28703758,0.10514638901094918,-0.28703758
607,-0.28703818,0.07149667611409932,-0.28703818
608,-0.28703818,0.07622454974668151,-0.28703818
609,-0.28703758,0.06793675383974111,-0.28703758
610,-0.28703758,0.10525999566692815,-0.28703758
611,-0.28703758,0.1684766956854491,-0.28703758
612,0.32271394,0.05969112577447472,0.32271394
613,-0.19683228,0.1349628006461686,-0.19683228
614,-0.19683228,0.1349628006461686,-0.19683228
615,-0.33806387,0.0727189048638461,-0.33806387
616,-0.45426607,-0.061378974979249545,-0.45426607
617,-0.45426607,0.02474699067666428,-0.45426607
618,-0.4238271,-0.013424604714242998,-0.4238271
619,-0.4238271,-0.013424604714242998,-0.4238271
620,0.04408013,0.017352903458382363,0.04408013
621,0.04408013,0.017352903458382363,0.04408013
622,-0.3799826,0.03790367884477205,-0.3799826
623,-0.37704244,0.005284478478712482,-0.37704244
624,-0.37704283,0.04734196842666522,-0.37704283
625,0.323003,-0.17697121902059412,0.323003
626,-0.3171037,0.1449873493490687,-0.3171037
627,0.060496867,0.12056149488273898,0.060496867
628,0.060496867,0.12056149488273898,0.060496867
629,0.044080116,-0.009824789144367328,0.044080116
630,-0.3520967,0.06440393399610042,-0.3520967
631,-0.34604937,0.09685143306462697,-0.34604937
632,0.037857503,-0.025384623785785654,0.037857503
633,-0.4629734,0.027847172756169474,-0.4629734
634,0.10932134,0.13627062022072783,0.10932134
635,-0.07264181,-0.009406840554102978,-0.07264181
636,-0.07264181,0.09181307409302256,-0.07264181
637,-0.28946498,0.0702558048714225,-0.28946498
638,-0.42958513,0.07768210536235674,-0.42958513
639,-0.44650152,-0.022945377536294977,-0.44650152
640,-0.2870383,0.09717650205138242,-0.2870383
641,0.10945467,0.11621427345562234,0.10945467
642,0.10945467,0.16390109045388487,0.10945467
643,0.10945467,0.16390109045388487,0.10945467
644,0.10945467,0.15931194114719238,0.10945467
645,0.10945467,0.15931194114719238,0.10945467
646,0.10945467,0.3507291035165351,0.10945467
647,0.10945467,0.06525850913880082,0.10945467
648,0.10945467,0.1214291740625207,0.10945467
649,0.10945467,0.027075297654927284,0.10945467
650,0.10945467,0.027075297654927284,0.10945467
651,-0.05643526,0.05330988603506445,-0.05643526
652,0.021614509,0.009035378982786097,0.021614509
653,-0.012377749,0.18233356214353086,-0.012377749
654,0.021320501,0.010860103299762553,0.021320501
655,-0.4663899,0.07437934886072196,-0.4663899
656,-0.3913906,-0.033440764213482084,-0.3913906
657,-0.3913906,-0.033440764213482084,-0.3913906
658,0.10560678,0.05893827512079023,0.10560678
659,0.10560678,0.05893827512079023,0.10560678
660,-0.36308485,0.10776701130725136,-0.36308485
661,-0.36308488,0.00824702210907395,-0.36308488
662,-0.36308685,0.1705421340355298,-0.36308685
663,-0.36308488,0.05025535080656551,-0.36308488
664,-0.36308485,0.09785826172950336,-0.36308485
665,-0.36308485,0.0378771232021272,-0.36308485
666,-0.36308485,0.13736482140238765,-0.36308485
667,-0.36308485,0.09478045361779927,-0.36308485
668,-0.36308494,0.05108291007692571,-0.36308494
669,0.053390414,-0.00045320460347876394,0.053390414
670,0.10560678,0.24633591547284012,0.10560678
671,0.10560678,0.018629991833777813,0.10560678
672,0.10945467,0.06674646876560704,0.10945467
673,-0.49224252,-0.18767160855541065,-0.49224252
674,-0.49224246,-0.06472111641402983,-0.49224246
675,-0.49224252,0.07879213263821293,-0.49224252
676,-0.4922425,-0.0495275027231491,-0.4922425
677,-0.49224257,-0.0680292739268713,-0.49224257
678,-0.4922425,-0.028547347604309624,-0.4922425
679,-0.49224603,-0.053873002887848874,-0.49224603
680,-0.49245304,-0.03719286414126526,-0.49245304
681,-0.50364685,-0.0040312809229750505,-0.50364685
682,-0.48930678,-0.0301982584979419,-0.48930678
683,-0.48638093,-0.026000676970431826,-0.48638093
684,-0.48431808,0.013526027828347349,-0.48431808
685,-0.50364655,-0.03359005993581216,-0.50364655
686,-0.4871495,-0.014011990011619544,-0.4871495
687,-0.48715508,-0.041663969662100835,-0.48715508
688,-0.4871559,0.06886192883720488,-0.4871559
689,-0.48608726,-0.08918635333917982,-0.48608726
690,-0.48160693,0.0003748695737753884,-0.48160693
691,-0.4816077,-0.012951536164331834,-0.4816077
692,-0.48415825,-0.04913744349680374,-0.48415825
693,-0.48159993,-0.13732922929829428,-0.48159993
694,-0.48695204,-0.07095181622319112,-0.48695204
695,-0.48160806,-0.03554899887163668,-0.48160806
696,-0.48162338,-0.03966827782007526,-0.48162338
697,-0.39138958,0.04062016968742266,-0.39138958
698,0.054094274,-0.06804658025214456,0.054094274
699,0.054073088,-0.15705107477133928,0.054073088
700,0.054114718,-0.010503193054803349,0.054114718
701,0.05409463,0.02093791861075536,0.05409463
702,0.054117844,0.10542429985650724,0.054117844
703,0.053961877,-0.002810464577328426,0.053961877
704,0.05409852,0.02656853342129234,0.05409852
705,0.054098133,0.020400609089302482,0.054098133
706,0.054098133,-0.0483158311123916,0.054098133
707,0.054098133,-0.048066003787873096,0.054098133
708,0.054094635,0.002932508824088695,0.054094635
709,0.054094635,0.0005631614763939113,0.054094635
710,0.054098856,0.12865845642763424,0.054098856
711,-0.3913892,0.03584236735968791,-0.3913892
712,-0.3913892,0.04328628164566536,-0.3913892
713,-0.3913906,0.044590143438845285,-0.3913906
714,-0.35266745,0.12257819006576594,-0.35266745
715,0.0722605,0.023247889726300285,0.0722605
716,-0.36070877,0.03433736186379738,-0.36070877
717,0.08070952,-0.04750458788432273,0.08070952
718,0.08070911,0.06777472771456287,0.08070911
719,0.08053077,0.05416149825142363,0.08053077
720,-0.5038571,-0.03057133501715871,-0.5038571
721,-0.37544882,0.11266764087686386,-0.37544882
722,-0.019848866,0.07658252038226976,-0.019848866
723,-0.019848866,0.07658252038226976,-0.019848866
724,-0.05775619,0.15457384328618387,-0.05775619
725,-0.09431802,0.05626544200183567,-0.09431802
726,-0.056754984,0.09698854627516931,-0.056754984
727,-0.019849272,0.10664231861798965,-0.019849272
728,-0.05643812,0.15178033557641102,-0.05643812
729,-0.29184777,0.023064838962546796,-0.29184777
730,-0.29184777,0.0998409245967049,-0.29184777
731,0.020716578,-0.010105035953127114,0.020716578
732,0.32042038,0.05852802540866957,0.32042038
733,-0.31153154,0.06390310408179965,-0.31153154
734,-0.31518444,-0.036364898142926726,-0.31518444
735,-0.31518444,0.020874277997478978,-0.31518444
736,-0.29762232,0.019022635262222594,-0.29762232
737,-0.28797862,0.14857581439005646,-0.28797862
738,-0.28797862,0.08260422177991807,-0.28797862
739,0.29011258,0.08217525710835195,0.29011258
740,0.29011258,-0.2058060164779672,0.29011258
741,-0.01985873,0.0662037267441826,-0.01985873
742,-0.01972587,0.0652211977173342,-0.01972587
743,0.06484182,0.05089312585026256,0.06484182
744,-0.0564477,0.15653223926894874,-0.0564477
745,-0.05705201,-0.010436213357561721,-0.05705201
746,-0.019859262,0.06729867015998738,-0.019859262
747,-0.05654811,0.08199100427782664,-0.05654811
748,-0.35628688,0.02197831953541595,-0.35628688
749,-0.35628688,0.1910989472575024,-0.35628688
750,-0.28832346,0.1418692237493301,-0.28832346
751,-0.32917678,0.08145564706301794,-0.32917678
752,-0.32917678,0.04855688404885454,-0.32917678
753,-0.3382056,0.07885117255652707,-0.3382056
754,0.16564175,-0.10754481943929876,0.16564175
755,0.16564175,-0.03757997904702238,0.16564175
756,-0.28822136,-0.0030805103266362795,-0.28822136
757,-0.28826523,0.048185286679682776,-0.28826523
758,-0.28827807,0.007479005040312705,-0.28827807
759,-0.2840697,0.0645157309065892,-0.2840697
760,-0.3150427,0.1395156993110779,-0.3150427
761,-0.3150427,0.08469996936845232,-0.3150427
762,-0.46824473,0.030662426571357405,-0.46824473
763,-0.46824473,-0.005555397030606048,-0.46824473
764,0.064332165,0.1001219614042566,0.064332165
765,0.03867806,0.17750368430347419,0.03867806
766,0.03867806,0.13144913906428302,0.03867806
767,-0.3150427,0.020050380170642132,-0.3150427
768,-0.2978548,0.03773927375058525,-0.2978548
769,-0.2978548,0.0165779945046912,-0.2978548
770,-0.2978629,0.05141830459396075,-0.2978629
771,-0.2978629,0.07456390080530237,-0.2978629
772,-0.29236537,0.15543091258968764,-0.29236537
773,-0.29236537,0.09634615691897609,-0.29236537
774,-0.29237345,0.0034785443112492933,-0.29237345
775,-0.29181793,0.13135482746169985,-0.29181793
776,-0.29181793,0.030696560295540416,-0.29181793
777,-0.291826,0.1153926864782144,-0.291826
778,-0.291826,0.09345244222676434,-0.291826
779,-0.39138964,0.03875339610538548,-0.39138964
780,-0.31517956,0.10058731678194337,-0.31517956
781,-0.311519,-0.03005132247537172,-0.311519
782,-0.311519,0.14521572167198826,-0.311519
783,-0.2894187,0.059555670322027555,-0.2894187
784,-0.2894187,0.11930215236293486,-0.2894187
785,-0.28854197,0.09261049662117028,-0.28854197
786,-0.28854197,0.023842401139801492,-0.28854197
787,-0.28949404,0.14355902557694863,-0.28949404
788,-0.28949404,0.03159970542438412,-0.28949404
789,-0.3151797,0.09667686658262806,-0.3151797
790,-0.28891775,0.14055050710581923,-0.28891775
791,-0.28891775,0.08986802204469338,-0.28891775
792,0.07267056,-0.07231193587383798,0.07267056
793,-0.3460598,0.03348402559780407,-0.3460598
794,-0.34183156,0.12031432279426743,-0.34183156
795,-0.30167642,0.08190578388996361,-0.30167642
796,-0.30167755,0.07906195182629717,-0.30167755
797,-0.28879708,0.23115636570325607,-0.28879708
798,-0.28879708,0.05703104575532897,-0.28879708
799,-0.28891438,0.1289924516429798,-0.28891438
800,-0.28879708,0.14087460524862883,-0.28879708
801,-0.28879708,0.07879847166822722,-0.28879708
802,-0.28879708,0.13228414240787553,-0.28879708
803,-0.28879708,0.05623539710890834,-0.28879708
804,-0.28879708,0.12054352916867306,-0.28879708
805,-0.28879708,0.046055542647871366,-0.28879708
806,-0.28879708,0.2836330728309946,-0.28879708
807,-0.28879708,0.14861515155207047,-0.28879708
808,-0.30519676,0.0754254559028379,-0.30519676
809,-0.30519676,0.034466913095529954,-0.30519676
810,-0.30167702,0.07180571915079495,-0.30167702
811,-0.28879905,0.07885461444658125,-0.28879905
812,-0.28879905,0.08633287931730897,-0.28879905
813,-0.2887976,0.1060172448868993,-0.2887976
814,-0.2887976,0.03800045026250417,-0.2887976
815,-0.28882664,0.06864679897765397,-0.28882664
816,-0.28882664,-0.08542721806660883,-0.28882664
817,-0.30526745,0.12628157111796856,-0.30526745
818,-0.30526745,0.08190540062064022,-0.30526745
819,-0.30167815,0.08664852055740688,-0.30167815
820,-0.30167815,0.08637121694037875,-0.30167815
821,-0.47472546,-0.04970269467721807,-0.47472546
822,-0.39149746,0.010537864538673882,-0.39149746
823,-0.2846447,0.1600211390654931,-0.2846447
824,0.10940627,0.060555852241919596,0.10940627
825,-0.2858898,0.11936976193213023,-0.2858898
826,-0.2882765,0.10883366196107297,-0.2882765
827,-0.28827515,0.15965508432007883,-0.28827515
828,-0.29944527,0.15742218899593183,-0.29944527
829,-0.30164504,0.04705611625594222,-0.30164504
830,-0.30163482,0.06372351053138894,-0.30163482
831,-0.29759023,0.059174365409420886,-0.29759023
832,-0.30124873,0.1303918376772985,-0.30124873
833,-0.2840376,0.12694336538720927,-0.2840376
834,-0.3012568,0.0997095728089266,-0.3012568
835,-0.28402734,0.10957741809096228,-0.28402734
836,-0.30163348,0.08818959041129251,-0.30163348
837,-0.30131948,0.11310116891548999,-0.30131948
838,-0.2890086,0.21925348792808041,-0.2890086
839,-0.35980207,0.09951399343746434,-0.35980207
840,-0.35980207,0.13680438035212905,-0.35980207
841,-0.3419122,0.019901551294738574,-0.3419122
842,-0.3420773,0.00038930546247916667,-0.3420773
843,0.03760376,0.03311746776059351,0.03760376
844,-0.059733555,0.011872125817250582,-0.059733555
845,-0.05690485,0.1157294231538572,-0.05690485
846,0.040189616,0.04958910280575461,0.040189616
847,0.04001325,0.11994055045292915,0.04001325
848,0.04001325,0.07292481027383127,0.04001325
849,0.04001325,0.01634435705656195,0.04001325
850,0.04002472,0.060487281566828505,0.04002472
851,0.04002472,0.07030826856448578,0.04002472
852,-0.42814288,0.05992765183140885,-0.42814288
853,-0.41020226,0.07584296496192672,-0.41020226
854,-0.41020226,0.0911866222825707,-0.41020226
855,-0.46639,0.05808623403189869,-0.46639
856,-0.46639,-0.016802146873804935,-0.46639
857,-0.2755448,0.19846091809858307,-0.2755448
858,-0.2755448,-0.0029343757244242093,-0.2755448
859,-0.28705597,0.08458907693035977,-0.28705597
860,-0.28705597,0.09983125072467215,-0.28705597
861,-0.2840697,0.18139898011883368,-0.2840697
862,-0.28325245,0.13164831497606388,-0.28325245
863,-0.28092933,0.07426256915793576,-0.28092933
864,-0.27982122,0.15019684982596862,-0.27982122
865,-0.28406966,0.10890315756607541,-0.28406966
866,-0.28406963,0.1113543970041651,-0.28406963
867,-0.2840696,0.11834025252080674,-0.2840696
868,-0.2865611,0.12007451241079505,-0.2865611
869,-0.2865611,0.052870286117071584,-0.2865611
870,-0.2865611,0.11407456499908641,-0.2865611
871,-0.2865611,0.07360936878855578,-0.2865611
872,-0.39499658,0.022283176444390415,-0.39499658
873,-0.39499658,0.07271759100833251,-0.39499658
874,-0.39499363,0.05302655954757017,-0.39499363
875,-0.3949936,0.031227115363708,-0.3949936
876,-0.3949966,0.07877577309750095,-0.3949966
877,-0.41207778,0.005472514750813929,-0.41207778
878,-0.41207778,0.0805500946642544,-0.41207778
879,-0.42814356,-0.00038282847453365563,-0.42814356
880,-0.39832935,0.017356665220905804,-0.39832935
881,-0.41207442,-0.018434552624020592,-0.41207442
882,-0.39832935,0.07639505996382212,-0.39832935
883,-0.40072602,0.21886224228346055,-0.40072602
884,-0.40072602,0.029881682887329147,-0.40072602
885,-0.41432086,-0.038805817764402,-0.41432086
886,-0.40072602,0.009507633975550283,-0.40072602
887,-0.40072602,0.06901849836019205,-0.40072602
888,-0.39832637,0.23999507735664738,-0.39832637
889,-0.39832637,-0.013850637142134707,-0.39832637
890,-0.41207442,0.019665945311110287,-0.41207442
891,-0.45050338,0.021425194123218583,-0.45050338
892,-0.39778027,-0.00022731579436966983,-0.39778027
893,-0.39858982,0.02626114575509741,-0.39858982
894,-0.39778027,-0.0011297538731486218,-0.39778027
895,-0.41207778,0.0012857625974013272,-0.41207778
896,-0.40019298,0.017183269861682237,-0.40019298
897,-0.40019298,0.034586818449960116,-0.40019298
898,-0.40072307,-0.003695044346059611,-0.40072307
899,-0.40072307,0.0562017656569887,-0.40072307
900,-0.39777735,0.060077615733279244,-0.39777735
901,-0.39777732,0.1848484723978521,-0.39777732
902,-0.39832935,0.02684587035667391,-0.39832935
903,-0.40072605,0.05677917492499204,-0.40072605
904,-0.40072605,0.005711880645322355,-0.40072605
905,-0.3977803,-0.033429347468329165,-0.3977803
906,-0.4007115,0.18174485402884352,-0.4007115
907,-0.4007115,0.04589165287036392,-0.4007115
908,-0.40044698,0.004151589938482315,-0.40044698
909,-0.41430923,0.02201440956169551,-0.41430923
910,-0.42382288,0.009130493600870091,-0.42382288
911,-0.4064678,0.06475969719508755,-0.4064678
912,-0.311519,0.11754361962300228,-0.311519
913,-0.311519,0.016207605911984047,-0.311519
914,-0.3151797,-0.02418499505070698,-0.3151797
915,-0.07113596,0.12223548187021584,-0.07113596
916,-0.07480251,0.08230594118279613,-0.07480251
917,-0.31531563,0.036260050441899304,-0.31531563
918,-0.39166164,0.05647842204048662,-0.39166164
919,-0.071408965,0.12352771040380502,-0.071408965
920,-0.39225093,-0.05014688632777782,-0.39225093
921,-0.3159051,0.15420387362805982,-0.3159051
922,-0.0719985,0.08773304787616093,-0.0719985
923,-0.2630346,0.046913721326249214,-0.2630346
924,-0.2666978,0.07481977817057925,-0.2666978
925,-0.26330736,0.09544270279775731,-0.26330736
926,-0.2638966,0.08547063469537873,-0.2638966
927,-0.42814356,0.03762766797135709,-0.42814356
928,-0.42814353,-0.011915809390452562,-0.42814353
929,-0.4238199,0.026273984916295123,-0.4238199
930,-0.4238199,-0.06208165679677436,-0.4238199
931,-0.31506485,-0.011651610549498082,-0.31506485
932,-0.2882034,0.028428564634395234,-0.2882034
933,-0.28820336,0.10778667499672429,-0.28820336
934,-0.40075636,0.001743657481748959,-0.40075636
935,-0.40075636,0.04174809971881841,-0.40075636
936,-0.4007564,0.021268364930482855,-0.4007564
937,-0.4007564,-0.012952172922018623,-0.4007564
938,-0.40680724,-0.03972108223752473,-0.40680724
939,-0.40075642,0.03537212767174129,-0.40075642
940,-0.24152176,0.015349701094334497,-0.24152176
941,-0.31616148,-0.052189235509933055,-0.31616148
942,-0.40677333,0.15114036256803823,-0.40677333
943,-0.40677333,0.0395744066191546,-0.40677333
944,-0.28930002,0.05333592737113482,-0.28930002
945,-0.40677333,0.0142067080318716,-0.40677333
946,-0.40677333,-0.03613073331939578,-0.40677333
947,-0.40677333,0.02241193271374146,-0.40677333
948,-0.31714562,-0.018440338985120833,-0.31714562
949,-0.34393263,0.057029532776155335,-0.34393263
950,-0.45190665,0.08094410492208877,-0.45190665
951,-0.45190668,0.04900709569030739,-0.45190668
952,-0.47152802,0.016654056676685382,-0.47152802
953,0.26308206,0.0809124488702415,0.26308206
954,0.0218995,0.10128184712532023,0.0218995
955,0.20318368,-0.0006675094560620876,0.20318368
956,0.20318368,-0.051496525470119736,0.20318368
957,-0.013477456,0.08053336832061042,-0.013477456
958,-0.013477456,0.09009757311732589,-0.013477456
959,0.10944769,0.1070749683810206,0.10944769
960,0.10944769,0.036873548272115884,0.10944769
961,0.08827636,0.11943691456062193,0.08827636
962,-0.123003304,0.13504449881920136,-0.123003304
963,-0.3950442,0.04054897190938402,-0.3950442
964,-0.47547948,0.10978900791043272,-0.47547948
965,-0.47547948,0.10978900791043272,-0.47547948
966,-0.36714616,0.03526480048489306,-0.36714616
967,-0.35639772,0.10313509525507816,-0.35639772
968,-0.12300052,0.032572476390787246,-0.12300052
969,-0.43202308,0.030869307762506307,-0.43202308
970,-0.45163852,0.08721820165026957,-0.45163852
971,-0.44310242,0.06551090511720867,-0.44310242
972,-0.13155952,0.1987720971637164,-0.13155952
973,-0.43202308,0.08710987325896381,-0.43202308
974,-0.44310242,0.016712538246010253,-0.44310242
975,-0.3934463,0.23041627032841627,-0.3934463
976,-0.32959217,0.0674296323604872,-0.32959217
977,-0.34017792,0.1060227816052636,-0.34017792
978,-0.34017792,0.05877541534002037,-0.34017792
979,-0.3401802,0.03909086988410812,-0.3401802
980,-0.32658514,0.0652147642587176,-0.32658514
981,-0.31677556,0.011720619281738362,-0.31677556
982,-0.32254064,0.05809754053800185,-0.32254064
983,-0.30167654,0.3831767501203444,-0.30167654
984,-0.28703758,0.09598291525713905,-0.28703758
985,-0.28703818,0.06067097081065159,-0.28703818
986,-0.29748476,0.03831150496802789,-0.29748476
987,-0.29748473,0.05755766299319813,-0.29748473
988,-0.29747444,0.14519479554807033,-0.29747444
989,-0.2974641,0.08678227728784152,-0.2974641
990,-0.29748476,0.04762302218498421,-0.29748476
991,-0.3485839,0.09544626194196087,-0.3485839
992,-0.34858403,-0.014190046163927068,-0.34858403
993,-0.34626162,0.017346480629301914,-0.34626162
994,-0.34626174,0.049792634548675774,-0.34626174
995,-0.34556612,0.05552158243837725,-0.34556612
996,-0.19683589,0.10517006031046028,-0.19683589
997,-0.19669531,0.06325419348590683,-0.19669531
998,-0.1966999,0.005898380180983507,-0.1966999
999,-0.3934463,-0.030032184033577672,-0.3934463
1000,-0.3934463,0.04817858922769503,-0.3934463
1001,-0.3934463,-0.056877638856213275,-0.3934463
1002,-0.4132952,0.04438169050897781,-0.4132952
1003,-0.3934463,0.02472930142863754,-0.3934463
1004,-0.41329396,0.037228168545678876,-0.41329396
1005,-0.3934463,0.019826880586133078,-0.3934463
1006,-0.3934463,-0.051009765432113996,-0.3934463
1007,-0.3934463,0.006260279201696515,-0.3934463
1008,-0.3934463,-0.09039300754172012,-0.3934463
1009,-0.3934463,-0.062003233331871195,-0.3934463
1010,0.28445143,-0.19579006115141384,0.28445143
1011,-0.0943203,0.1031842219613649,-0.0943203
1012,0.045984633,0.08615778357772558,0.045984633
1013,-0.458771,0.03797187598781773,-0.458771
1014,-0.45856398,-0.0035804700956900085,-0.45856398
1015,-0.45832944,0.020059574580769533,-0.45832944
1016,-0.45872194,0.009834211312991796,-0.45872194
1017,-0.45864192,0.10748016456191978,-0.45864192
1018,-0.45856044,-0.010444710103414538,-0.45856044
1019,-0.45856044,0.0031444537865313624,-0.45856044
1020,-0.45856398,0.02295431288048968,-0.45856398
1021,-0.45856047,0.02015601592920136,-0.45856047
1022,-0.45856047,0.08721364157876134,-0.45856047
1023,-0.45832056,0.05968495451290383,-0.45832056
1024,-0.45786482,0.020872807843682825,-0.45786482
1025,0.05873582,0.07232166624518951,0.05873582
1026,0.03911381,0.0296746293596738,0.03911381
1027,0.1640879,0.07572515173460423,0.1640879
1028,0.16408673,-0.07213499956876719,0.16408673
1029,-0.34580907,0.0031475347016724,-0.34580907
1030,0.14087538,-0.014894118440160134,0.14087538
1031,-0.3770421,0.08302854229496254,-0.3770421
1032,0.07188462,-0.02395887985501623,0.07188462
1033,-0.37412068,0.05819402964892146,-0.37412068
1034,-0.37425306,0.034570636179417254,-0.37425306
1035,-0.37704283,0.04662537323621548,-0.37704283
1036,0.3229777,0.011743984677906839,0.3229777
1037,-0.31138203,0.05779693780269013,-0.31138203
1038,-0.34386408,0.0010153755890549318,-0.34386408
1039,0.07287007,-0.01648045409812833,0.07287007
1040,-0.2883083,0.0810640064352293,-0.2883083
1041,-0.2883083,0.08553223189197835,-0.2883083
1042,-0.45862204,0.10895673111831906,-0.45862204
1043,-0.24862383,0.1167769600065232,-0.24862383
1044,0.20795056,-0.022081428495900245,0.20795056
1045,-0.31152737,0.0653525678156018,-0.31152737
1046,-0.2869774,0.12789543201122872,-0.2869774
1047,-0.2869774,0.003951577755263159,-0.2869774
1048,-0.28697807,0.09778374020209957,-0.28697807
1049,-0.2870393,0.11679485180912802,-0.2870393
1050,-0.2870393,0.09369038327653659,-0.2870393
1051,-0.2870387,0.1278170911100903,-0.2870387
1052,-0.30153957,0.05228214223839985,-0.30153957
1053,-0.30153957,0.08078985416531619,-0.30153957
1054,-0.30153957,0.3512249475281059,-0.30153957
1055,0.04407925,-0.010507029472374675,0.04407925
1056,0.04407856,0.07341203024130744,0.04407856
1057,0.044076897,-0.017824649921265152,0.044076897
1058,0.04407771,0.011715729357847973,0.04407771
1059,0.044076577,0.07571166517602285,0.044076577
1060,0.044077914,-0.0066713614245945945,0.044077914
1061,0.04407661,-0.012904844069186419,0.04407661
1062,0.044079293,-0.01383818195423489,0.044079293
1063,0.044076826,-0.16149921911740447,0.044076826
1064,0.044076573,-0.06490915105249659,0.044076573
1065,0.0440921,0.07325084877617824,0.0440921
1066,0.04408017,0.02625752284522386,0.04408017
1067,0.044076588,-0.034867930508117366,0.044076588
1068,0.044076584,0.0008148381238265322,0.044076584
1069,0.05340667,0.07142529371065677,0.05340667
1070,-0.28703818,0.08984161080362858,-0.28703818
1071,-0.056437586,0.03879292564351638,-0.056437586
1072,-0.36504406,0.07605515993881821,-0.36504406
1073,0.040116537,0.130686547883679,0.040116537
1074,-0.28703818,0.07859875273967892,-0.28703818
1075,-0.28703818,0.08633611094070558,-0.28703818
1076,0.037857503,0.08970963872606828,0.037857503
1077,0.03785749,0.07662998538103508,0.03785749
1078,-0.28830713,0.08858465917056438,-0.28830713
1079,-0.28830713,0.06253940888545466,-0.28830713
1080,-0.28830713,0.09007356550957729,-0.28830713
1081,-0.28830713,0.17417917450923384,-0.28830713
1082,0.10945467,0.055221192150853846,0.10945467
1083,0.10945467,0.01971848206212345,0.10945467
1084,0.10945467,0.08593597317483861,0.10945467
1085,0.10945467,0.06412547099984406,0.10945467
1086,-0.47216532,-0.02585879224520138,-0.47216532
1087,-0.47216517,0.1540747240742951,-0.47216517
1088,-0.39152682,0.05359384669085996,-0.39152682
1089,-0.38004804,0.029700841466644028,-0.38004804
1090,-0.38004807,0.10359977883325441,-0.38004807
1091,-0.3801968,0.012160553975822119,-0.3801968
1092,-0.38005054,0.019663355558614776,-0.38005054
1093,-0.42972234,0.004841128073209837,-0.42972234
1094,-0.12678999,0.10933294884585427,-0.12678999
1095,-0.12679003,0.039113637909122395,-0.12679003
1096,-0.4629734,-0.03787186607928902,-0.4629734
1097,-0.4629734,0.09356691040324885,-0.4629734
1098,-0.46297342,-0.05957554137463385,-0.46297342
1099,-0.46297342,0.04624581735377188,-0.46297342
1100,-0.46297342,-0.04506016418650865,-0.46297342
1101,-0.4629734,-0.027213709248396348,-0.4629734
1102,-0.46297345,0.02457513737985922,-0.46297345
1103,-0.46297356,0.06178208209015552,-0.46297356
1104,-0.46297416,0.009810953930802738,-0.46297416
1105,-0.34932044,0.032520029792164826,-0.34932044
1106,0.030930748,0.1920182876324908,0.030930748
1107,-0.2883083,-0.0030204542787240327,-0.2883083
1108,-0.23743919,0.13591344464758398,-0.23743919
1109,-0.23743919,0.04401191242776942,-0.23743919
1110,-0.2374398,0.060560057784791385,-0.2374398
1111,-0.23743938,0.05822437793341706,-0.23743938
1112,-0.23744313,0.0248339850715092,-0.23744313
1113,-0.23744132,0.07887108350504034,-0.23744132
1114,-0.23743922,0.017794045228485704,-0.23743922
1115,-0.23743919,0.06008536073688575,-0.23743919
1116,-0.23743917,0.03844474449338816,-0.23743917
1117,0.10574515,0.01334479015314948,0.10574515
1118,0.10945467,-0.09036546408822975,0.10945467
1119,0.10574516,0.17394593821937046,0.10574516
1120,0.10944462,0.10143019771297022,0.10944462
1121,0.10945467,0.08233047547364873,0.10945467
1122,0.109444626,0.041477305268325264,0.109444626
1123,-0.38005057,0.0764232678406843,-0.38005057
1124,-0.38005057,0.009048450942049747,-0.38005057
1125,-0.2883061,-0.015559108866123073,-0.2883061
1126,-0.2883061,0.15578973580909874,-0.2883061
1127,-0.2883061,0.09045473461713258,-0.2883061
1128,-0.2883061,0.09163460266151217,-0.2883061
1129,-0.2883061,0.09733416824645474,-0.2883061
1130,-0.2883061,0.13065408714681467,-0.2883061
1131,-0.4297224,0.07387846202969084,-0.4297224
1132,0.039123114,-0.12271500265292544,0.039123114
1133,0.039123103,0.07197907808029623,0.039123103
1134,0.039123103,0.06597092348231506,0.039123103
1135,0.037856452,0.05277498439240223,0.037856452
1136,0.037752874,-0.14018436937424664,0.037752874
1137,0.037805,0.11422521758252481,0.037805
1138,0.037720863,0.01308159529426246,0.037720863
1139,-0.44650152,0.0032642488178806846,-0.44650152
1140,0.05365176,0.01719628752051671,0.05365176
1141,-0.38009012,0.05601056748462111,-0.38009012
1142,-0.38150257,0.06177493107044893,-0.38150257
1143,-0.532157,-0.021850269931467433,-0.532157
1144,0.10945467,-0.0065003102351137805,0.10945467
1145,-0.2870383,0.08335949246133899,-0.2870383
1146,-0.28703818,-0.007675008600989877,-0.28703818
1147,-0.28703818,0.07494626493096372,-0.28703818
1148,-0.28703818,-0.015345409191608891,-0.28703818
1149,0.13071588,0.029874167834060456,0.13071588
1150,0.13071588,0.035047121235730457,0.13071588
1151,0.021351757,0.128767396028225,0.021351757
1152,-0.010958206,0.10322203850270308,-0.010958206
1153,0.021374555,0.09618743840744788,0.021374555
1154,0.021320507,0.09226985687505015,0.021320507
1155,0.021330837,0.10325099808656907,0.021330837
1156,0.02134299,0.058206741787183866,0.02134299
1157,-0.45856312,0.08482032344228452,-0.45856312
1158,-0.42382982,-0.031545916193420294,-0.42382982
1159,-0.42382714,-0.037169806330718654,-0.42382714
1160,0.024195382,0.09210136278808564,0.024195382
1161,0.024308188,0.09421170543876448,0.024308188
1162,-0.013969236,0.08931346138252019,-0.013969236
1163,0.024309771,0.15015993084119406,0.024309771
1164,0.024308896,0.08290697580519374,0.024308896
1165,0.02430777,0.08734475373749245,0.02430777
1166,0.02419725,0.06269380743035988,0.02419725
1167,0.024196446,0.13724386197056876,0.024196446
1168,0.024306895,0.13130570881354953,0.024306895
1169,-0.02806247,0.106297797366133,-0.02806247
1170,-0.29421976,0.11785046097508746,-0.29421976
1171,-0.2882034,0.11240527227562665,-0.2882034
1172,-0.3005824,0.05753893742539356,-0.3005824
1173,-0.5161799,-0.07475373288008319,-0.5161799
1174,-0.5161799,-0.07093360363384171,-0.5161799
1175,0.10576062,0.21112231142631807,0.10576062
1176,-0.35881913,0.04233650815410023,-0.35881913
1177,-0.36308485,0.1555706524676248,-0.36308485
1178,-0.3630875,0.03289289915399532,-0.3630875
1179,-0.36316767,0.05576326464160812,-0.36316767
1180,-0.36308485,0.04144403716713926,-0.36308485
1181,-0.36308485,0.10116175678032567,-0.36308485
1182,-0.13155672,0.11471754213881323,-0.13155672
1183,-0.29421976,0.15931313596551283,-0.29421976
1184,-0.29421976,0.03700544235622404,-0.29421976
1185,-0.42972258,-0.0857323279683398,-0.42972258
1186,-0.42972258,0.06530467086836016,-0.42972258
1187,0.04059926,0.14613930365316494,0.04059926
1188,-0.3361318,0.08993158275799834,-0.3361318
1189,0.022032434,0.08958007317790737,0.022032434
1190,-0.14287518,0.06641573858055484,-0.14287518
1191,-0.14274965,0.16639072475752004,-0.14274965
1192,-0.1426226,0.13116391651525133,-0.1426226
1193,-0.14263467,0.13350908794066552,-0.14263467
1194,-0.14265272,0.18052079408552996,-0.14265272
1195,-0.14261301,0.07993048481636207,-0.14261301
1196,-0.14261614,0.03955623752852835,-0.14261614
1197,-0.14275023,0.11902710546005614,-0.14275023
1198,-0.25505057,0.05594301137478487,-0.25505057
1199,-0.14261268,0.06042084377032046,-0.14261268
1200,-0.14262329,0.12230508719205005,-0.14262329
1201,-0.18085487,0.033943814865130394,-0.18085487
1202,-0.15970361,0.052295022359341345,-0.15970361
1203,-0.18330891,-0.007864867057639115,-0.18330891
1204,-0.13782899,0.037242317469408745,-0.13782899
1205,-0.14226739,0.09354088031307584,-0.14226739
1206,-0.14261208,-0.011166909053371489,-0.14261208
1207,-0.14174381,0.09334452508551325,-0.14174381
1208,-0.14256865,0.07374687286321206,-0.14256865
1209,-0.14251447,0.13361619411012837,-0.14251447
1210,-0.31518015,0.07795125334148933,-0.31518015
1211,-0.31504446,0.08344161200252606,-0.31504446
1212,-0.31504446,0.08755082810439534,-0.31504446
1213,-0.3913988,0.04739559787855387,-0.3913988
1214,-0.02029937,0.10815660554841523,-0.02029937
1215,0.03785745,0.04381906180842816,0.03785745
1216,0.037718665,-0.10913503310453762,0.037718665
1217,0.10945467,0.09677823905093356,0.10945467
1218,-0.34530735,0.06680582489130243,-0.34530735
1219,-0.41384807,-0.021346395867600752,-0.41384807
1220,-0.41384807,-0.08822054857767518,-0.41384807
1221,-0.41384807,-0.021346395867600752,-0.41384807
1222,-0.41384807,-0.08822054857767518,-0.41384807
1223,-0.41384807,0.02637937948513969,-0.41384807
1224,-0.41384807,-0.06186216063104263,-0.41384807
1225,-0.41384807,0.030977183241130673,-0.41384807
1226,-0.41384807,-2.2128928465233247e-05,-0.41384807
1227,-0.41384807,0.030977183241130673,-0.41384807
1228,-0.41384807,0.007496248535965002,-0.41384807
1229,-0.41384807,-0.06186216063104263,-0.41384807
1230,-0.41384807,0.030977183241130673,-0.41384807
1231,-0.41384807,-0.06186216063104263,-0.41384807
1232,-0.41384807,-2.2128928465233247e-05,-0.41384807
1233,-0.41384807,-0.06186216063104263,-0.41384807
1234,-0.41384807,0.030977183241130673,-0.41384807
1235,-0.4842895,0.022435697912929136,-0.4842895
1236,-0.4842895,0.022435697912929136,-0.4842895
1237,-0.4842895,-0.02956801922871561,-0.4842895
1238,-0.4842895,-0.02956801922871561,-0.4842895
1239,-0.4842895,-0.02956801922871561,-0.4842895
1240,-0.6082312,-0.11955074151424294,-0.6082312
1241,-0.46937507,0.034474345839108085,-0.46937507
1242,-0.60687065,-0.00955547402037105,-0.60687065
1243,-0.60687065,-0.04092101006353953,-0.60687065
1244,-0.48445854,-0.0378417916757137,-0.48445854
1245,-0.60780895,-0.007198098212879799,-0.60780895
1246,-0.60780895,-0.007198098212879799,-0.60780895
1247,-0.60780895,-0.007198098212879799,-0.60780895
1248,-0.4138392,-0.0015345789803298472,-0.4138392
1249,-0.4138392,-0.031626313314862924,-0.4138392
1250,-0.4138392,0.03211066964689042,-0.4138392
1251,-0.4138392,-0.0426859670485327,-0.4138392
1252,-0.4138392,0.03211066964689042,-0.4138392
1253,-0.4138392,0.03211066964689042,-0.4138392
1254,-0.4138392,0.027889671859863914,-0.4138392
1255,-0.4138392,0.026501247724278695,-0.4138392
1256,-0.4138392,0.026501247724278695,-0.4138392
1257,-0.6082177,0.10895754744559413,-0.6082177
1258,-0.441508,-0.06818874743606726,-0.441508
1259,-0.441508,-0.012714220219693626,-0.441508
1260,-0.441508,-0.0851871392553503,-0.441508
1261,-0.6081533,0.014205980228336614,-0.6081533
1262,-0.6081533,0.014205980228336614,-0.6081533
1263,-0.6081533,-0.11737199943981605,-0.6081533
1264,-0.6081533,-0.11737199943981605,-0.6081533
1265,-0.6081533,-0.07553272698042227,-0.6081533
1266,-0.6081533,-0.07553272698042227,-0.6081533
1267,-0.6081533,-0.07553272698042227,-0.6081533
1268,-0.6081533,-0.07553272698042227,-0.6081533
1269,-0.6081533,-0.07553272698042227,-0.6081533
1270,-0.6081533,-0.07553272698042227,-0.6081533
1271,-0.6081533,-0.07553272698042227,-0.6081533
1272,-0.48428163,0.019145561831003036,-0.48428163
1273,-0.56585133,-0.006022815493853743,-0.56585133
1274,-0.39893386,-0.03753284906967438,-0.39893386
1275,-0.39893386,0.03220540797726707,-0.39893386
1276,-0.6081025,-0.06509585142660523,-0.6081025
1277,-0.6081025,-0.3540624610556566,-0.6081025
1278,-0.6081025,-0.3540624610556566,-0.6081025
1279,-0.6081025,-0.3540624610556566,-0.6081025
1280,-0.6081025,-0.3540624610556566,-0.6081025
1281,-0.6081025,-0.3540624610556566,-0.6081025
1282,-0.6081025,-0.3540624610556566,-0.6081025
1283,-0.6081025,-0.3540624610556566,-0.6081025
1284,-0.6081025,-0.3540624610556566,-0.6081025
1285,-0.6081025,-0.3540624610556566,-0.6081025
1286,-0.6081025,-0.3540624610556566,-0.6081025
1287,-0.6081025,-0.4133731590530125,-0.6081025
1288,-0.6081025,-0.4133731590530125,-0.6081025
1289,-0.6081025,-0.4133731590530125,-0.6081025
1290,-0.6081025,0.1291396183070313,-0.6081025
1291,-0.6081025,-0.004768201401966946,-0.6081025
1292,-0.6081025,-0.004768201401966946,-0.6081025
1293,-0.6081025,-0.004768201401966946,-0.6081025
1294,-0.6081025,-0.004768201401966946,-0.6081025
1295,-0.6081025,-0.004768201401966946,-0.6081025
1296,-0.6081025,0.1291396183070313,-0.6081025
1297,-0.6081025,-0.004768201401966946,-0.6081025
1298,-0.6081025,-0.004768201401966946,-0.6081025
1299,-0.6081025,-0.004768201401966946,-0.6081025
1300,-0.6081025,-0.004768201401966946,-0.6081025
1301,-0.5934001,-0.06542546107276545,-0.5934001
1302,-0.5934001,0.0021963231753561172,-0.5934001
1303,-0.6080398,-0.10349647297813375,-0.6080398
1304,-0.6080398,0.13300063966752868,-0.6080398
1305,-0.5933276,0.04495578132040273,-0.5933276
1306,-0.5933276,-0.09007229511567882,-0.5933276
1307,-0.60798895,0.037874153006077736,-0.60798895
1308,-0.60798895,-0.09440659730042426,-0.60798895
1309,-0.5933276,-0.34800640075476313,-0.5933276
1310,-0.5933276,-0.1047985063967718,-0.5933276
1311,-0.53794765,0.0014029276370800547,-0.53794765
1312,-0.5379593,-0.02819999833484274,-0.5379593
1313,-0.41383994,-0.04352013145229397,-0.41383994
1314,-0.41383994,0.015606562540800001,-0.41383994
1315,-0.41383994,0.009997140618188283,-0.41383994
1316,-0.41383994,0.009997140618188283,-0.41383994
1317,-0.41383994,0.009997140618188283,-0.41383994
1318,-0.41383994,0.009997140618188283,-0.41383994
1319,-0.41383022,0.032699910173769484,-0.41383022
1320,-0.41383022,-0.02310049686320953,-0.41383022
1321,-0.41383022,-0.02310049686320953,-0.41383022
1322,-0.413839,-0.012708411562575843,-0.413839
1323,-0.413839,-0.08134963035915295,-0.413839
1324,-0.413839,0.01879068889111884,-0.413839
1325,-0.413839,-0.018406825484688798,-0.413839
1326,-0.6118506,-0.07585814311087279,-0.6118506
1327,-0.6118506,0.04765400714890555,-0.6118506
1328,-0.64847445,-0.11282608455108245,-0.64847445
1329,-0.64847445,-0.11282608455108245,-0.64847445
1330,-0.6966416,0.10090424042540927,-0.6966416
1331,-0.44149998,-0.07042348737411183,-0.44149998
1332,-0.4138465,-0.0568517814027212,-0.4138465
1333,-0.4446148,-0.0930431533058966,-0.4446148
1334,-0.734708,-0.13748442190659213,-0.734708
1335,-0.734708,-0.13748442190659213,-0.734708
1336,-0.734708,-0.03436065005629992,-0.734708
1337,-0.734708,-0.03436065005629992,-0.734708
1338,-0.56584364,0.023504411568817427,-0.56584364
1339,-0.56584364,0.023504411568817427,-0.56584364
1340,-0.56584364,-0.032539471992812395,-0.56584364
1341,-0.56584364,-0.032539471992812395,-0.56584364
1342,-0.81923276,-0.07350996430235827,-0.81923276
1343,-0.81923276,-0.07350996430235827,-0.81923276
1344,-0.81923276,-0.07350996430235827,-0.81923276
1345,-0.81923276,-0.07350996430235827,-0.81923276
1346,-0.81923276,-0.18837587530304856,-0.81923276
1347,-0.81923276,-0.07350996430235827,-0.81923276
1348,-0.81923276,-0.047616881173000086,-0.81923276
1349,-0.81923276,-0.047616881173000086,-0.81923276
1350,-0.81923276,-0.047616881173000086,-0.81923276
1351,-0.81923276,-0.047616881173000086,-0.81923276
1352,-0.81923276,-0.047616881173000086,-0.81923276
1353,-0.81923276,-0.046171240626327645,-0.81923276
1354,-0.81923276,-0.047616881173000086,-0.81923276
1355,-0.6078211,-0.1361953402325254,-0.6078211
1356,-0.608092,-0.04830586885827141,-0.608092
1357,-0.608092,-0.04830586885827141,-0.608092
1358,-0.60810244,-0.23065978332958434,-0.60810244
1359,-0.60810244,-0.029527193885615956,-0.60810244
1360,-0.6078211,0.06277558772976032,-0.6078211
1361,-0.44142315,-0.015105373498876069,-0.44142315
1362,-0.5236092,0.08706736575395126,-0.5236092
1363,-0.5236092,-0.06396262990934715,-0.5236092
1364,-0.5236092,-0.06396262990934715,-0.5236092
1365,-0.5236092,0.06940502324878524,-0.5236092
1366,-0.5236092,0.06940502324878524,-0.5236092
1367,-0.41384748,-0.08592817747333847,-0.41384748
1368,-0.41384748,-0.02664445662559855,-0.41384748
1369,-0.48419636,0.010622468999605767,-0.48419636
1370,-0.60512584,0.025023004790506526,-0.60512584
1371,-0.60512584,0.025023004790506526,-0.60512584
1372,-0.60799104,-0.10763310363661167,-0.60799104
1373,-0.60813737,-0.07408708643374982,-0.60813737
1374,-0.60813737,-0.07408708643374982,-0.60813737
1375,-0.6081014,-0.11398671777969578,-0.6081014
1376,-0.6081014,-0.11398671777969578,-0.6081014
1377,-0.60799104,0.07764478283043483,-0.60799104
1378,-0.5445311,-0.2057303498004051,-0.5445311
1379,-0.5445311,-0.059507973164130416,-0.5445311
1380,-0.5445311,-0.04586875541082545,-0.5445311
1381,-0.4843608,0.11041365772013804,-0.4843608
1382,-0.4843608,0.11041365772013804,-0.4843608
1383,-0.4843608,0.11041365772013804,-0.4843608
1384,-0.4843608,0.11041365772013804,-0.4843608
1385,-0.4843608,0.11041365772013804,-0.4843608
1386,-0.4843608,0.11041365772013804,-0.4843608
1387,-0.4843608,0.11041365772013804,-0.4843608
1388,-0.4843608,0.11041365772013804,-0.4843608
1389,-0.4843608,0.11041365772013804,-0.4843608
1390,-0.4843608,0.11041365772013804,-0.4843608
1391,-0.4843608,0.016097530500975475,-0.4843608
1392,-0.4843608,0.016097530500975475,-0.4843608
1393,-0.4843608,0.016097530500975475,-0.4843608
1394,-0.41383886,0.04494199223272869,-0.41383886
1395,-0.41383886,-0.05636098521087648,-0.41383886
1396,-0.413839,-0.03738445922339353,-0.413839
1397,-0.4138212,0.01157710602219895,-0.4138212
1398,-0.4138212,-0.03100117333995176,-0.4138212
1399,-0.4138212,-0.03100117333995176,-0.4138212
1400,-0.41383886,-0.019116100145467434,-0.41383886
1401,-0.41383886,-0.019116100145467434,-0.41383886
1402,-0.41383886,-0.019116100145467434,-0.41383886
1403,-0.41383103,-0.08264226859935761,-0.41383103
1404,-0.41383103,-0.010840205393528153,-0.41383103
1405,-0.41383103,0.005997762578329428,-0.41383103
1406,-0.41383103,0.005997762578329428,-0.41383103
1407,-0.41383103,0.005997762578329428,-0.41383103
1408,-0.413839,0.01335725022458206,-0.413839
1409,-0.413839,0.01335725022458206,-0.413839
1410,-0.413839,0.01335725022458206,-0.413839
1411,-0.413839,0.01335725022458206,-0.413839
1412,-0.41383886,0.027886092239338613,-0.41383886
1413,-0.413839,-0.04963787923736407,-0.413839
1414,-0.6082181,0.16858686956656652,-0.6082181
1415,-0.6082181,-0.032382390688885536,-0.6082181
1416,-0.4842589,-0.01827930564958564,-0.4842589
1417,-0.4842589,-0.01827930564958564,-0.4842589
1418,-0.59349275,-0.04668837942097674,-0.59349275
1419,-0.59349275,-0.3304765097730076,-0.59349275
1420,-0.60810465,-0.10149922771136345,-0.60810465
1421,-0.60810465,-0.20496747891754416,-0.60810465
1422,-0.44497707,-0.038099297736566604,-0.44497707
1423,-0.60807747,-0.37400730323854514,-0.60807747
1424,-0.6081023,-0.06677068761452812,-0.6081023
1425,-0.8213845,-0.07890925092355468,-0.8213845
1426,-0.8213845,-0.07890925092355468,-0.8213845
1427,-0.8213845,-0.07890925092355468,-0.8213845
1428,-0.8213845,0.07854039789861908,-0.8213845
1429,-0.8213845,0.07854039789861908,-0.8213845
1430,-0.8213845,0.07854039789861908,-0.8213845
1431,-0.8213845,0.07854039789861908,-0.8213845
1432,-0.8213845,0.07854039789861908,-0.8213845
1433,-0.8213845,0.07854039789861908,-0.8213845
1434,-0.60810244,-0.4004160912120048,-0.60810244
1435,-0.607821,0.018594699919697092,-0.607821
1436,-0.607821,0.018594699919697092,-0.607821
1437,-0.8190874,-0.062171934373810196,-0.8190874
1438,-0.8190874,-0.062171934373810196,-0.8190874
1439,-0.8190874,0.08803738260565148,-0.8190874
1440,-0.8190874,0.08803738260565148,-0.8190874
1441,-0.6079571,-0.33914740601345217,-0.6079571
1442,-0.6079571,-0.36624442369774,-0.6079571
1443,-0.6081011,-0.23294898031939057,-0.6081011
1444,-0.6079571,0.14564722362928015,-0.6079571
1445,-0.6081011,-0.03934200990827118,-0.6081011
1446,-0.5230353,0.14973924194962532,-0.5230353
1447,-0.5230353,-0.0543543099920664,-0.5230353
1448,-0.4551919,-0.028321793060065263,-0.4551919
1449,-0.4551919,-0.04715191727675028,-0.4551919
1450,-0.18528424,0.20412881163665617,-0.18528424
1451,-0.60815275,-0.3415440406038743,-0.60815275
1452,-0.60815275,-0.3415440406038743,-0.60815275
1453,-0.60815275,-0.042764075157769414,-0.60815275
1454,-0.60815275,-0.3415440406038743,-0.60815275
1455,-0.60815275,-0.3415440406038743,-0.60815275
1456,-0.60815275,-0.3415440406038743,-0.60815275
1457,-0.60815275,-0.3415440406038743,-0.60815275
1458,-0.6080971,-0.05565471645800387,-0.6080971
1459,-0.6080971,-0.05565471645800387,-0.6080971
1460,-0.6080463,-0.33426233710794123,-0.6080463
1461,-0.6080463,-0.0996560731549164,-0.6080463
1462,-0.6080463,-0.0996560731549164,-0.6080463
1463,-0.60810196,-0.3462467373762112,-0.60810196
1464,-0.60810196,-0.3462467373762112,-0.60810196
1465,-0.60810196,-0.29958125651313394,-0.60810196
1466,-0.60810196,-0.29958125651313394,-0.60810196
1467,-0.60810196,-0.29958125651313394,-0.60810196
1468,-0.6080463,0.07837831474860346,-0.6080463
1469,-0.48435295,-0.059159276659464965,-0.48435295
1470,-0.48435295,-0.06310827008830325,-0.48435295
1471,-0.6081533,-0.03646454921051911,-0.6081533
1472,-0.6081533,-0.03646454921051911,-0.6081533
1473,-0.6081533,-0.03646454921051911,-0.6081533
1474,-0.6081533,-0.03646454921051911,-0.6081533
1475,-0.6081533,-0.03646454921051911,-0.6081533
1476,-0.6081533,-0.03646454921051911,-0.6081533
1477,-0.6081533,-0.03646454921051911,-0.6081533
1478,-0.7806402,0.21566513699837067,-0.7806402
1479,-0.44542068,0.03503475832675525,-0.44542068
1480,-0.413839,-0.07968487960370896,-0.413839
1481,-0.41383088,0.022644336086898385,-0.41383088
1482,-0.413839,-0.03705177051837769,-0.413839
1483,-0.41383088,0.01640107519810761,-0.41383088
1484,-0.5658433,-0.03527781443172078,-0.5658433
1485,-0.5410818,-0.13398908064653783,-0.5410818
1486,-0.48427883,-0.03127414324190966,-0.48427883
1487,-0.45617253,0.009549730144427098,-0.45617253
1488,-0.44534054,0.031159983929005895,-0.44534054
1489,-0.8233747,-0.13887400644086065,-0.8233747
1490,-0.8233747,-0.13887400644086065,-0.8233747
1491,-0.8233747,-0.13887400644086065,-0.8233747
1492,-0.8233747,-0.13887400644086065,-0.8233747
1493,-0.8233747,-0.13887400644086065,-0.8233747
1494,-0.8233747,-0.0530346992000843,-0.8233747
1495,-0.8233747,-0.0530346992000843,-0.8233747
1496,-0.8233747,-0.0530346992000843,-0.8233747
1497,-0.8233747,-0.0530346992000843,-0.8233747
1498,-0.8233747,-0.0530346992000843,-0.8233747
1499,-0.6109008,-0.0016521276603076798,-0.6109008
1500,-0.8216495,-0.06658617646483694,-0.8216495
1501,-0.39655682,-0.04095256824684387,-0.39655682
1502,-0.39655682,0.024326995709656896,-0.39655682
1503,-0.60809994,-0.09652954484972409,-0.60809994
1504,-0.60809994,-0.019611231119481192,-0.60809994
1505,-0.6078328,-0.3343394182012468,-0.6078328
1506,-0.6078328,-0.3343394182012468,-0.6078328
1507,-0.6078328,-0.1903020438479195,-0.6078328
1508,-0.6078328,0.1187360514303751,-0.6078328
1509,-0.82127297,0.18896580172153646,-0.82127297
1510,-0.60815257,-0.04908616239790613,-0.60815257
1511,-0.7806364,-0.1712678573733751,-0.7806364
1512,-0.41380465,-0.014277205672333714,-0.41380465
1513,-0.41383088,-0.024158336909346483,-0.41383088
1514,-0.41383088,-0.024158336909346483,-0.41383088
1515,-0.41383088,-0.024158336909346483,-0.41383088
1516,-0.413839,-0.022621342563679314,-0.413839
1517,-0.41383088,0.025732973865832467,-0.41383088
1518,-0.413839,0.007387409296027249,-0.413839
1519,-0.44570515,-0.11241652893851889,-0.44570515
1520,-0.4843608,0.1679625743124315,-0.4843608
1521,-0.6392101,-0.13921083820142818,-0.6392101
1522,-0.6392101,0.023000410892377216,-0.6392101
1523,-0.7373548,-0.13481395927351808,-0.7373548
1524,-0.821239,0.042156555537700376,-0.821239
1525,-0.41382882,-0.044239402288886606,-0.41382882
1526,-0.41382882,-0.044239402288886606,-0.41382882
1527,-0.41382882,-0.039188930367596894,-0.41382882
1528,-0.41382882,-0.08378467605202863,-0.41382882
1529,-0.41382882,-0.044239402288886606,-0.41382882
1530,-0.41382882,-0.044239402288886606,-0.41382882
1531,-0.41382882,-0.08378467605202863,-0.41382882
1532,-0.41382882,0.034018553662040464,-0.41382882
1533,-0.41382882,-0.06731049998549482,-0.41382882
1534,-0.4842676,-0.017289325915313333,-0.4842676
1535,-0.4842676,0.1122701289232018,-0.4842676
1536,-0.4842676,0.1122701289232018,-0.4842676
1537,-0.8213282,-0.05434876524404948,-0.8213282
1538,-0.5258109,0.03378381775750322,-0.5258109
1539,-0.5258109,-0.06105963082357583,-0.5258109
1540,-0.60815287,0.003408294514064361,-0.60815287
1541,-0.60815287,0.003408294514064361,-0.60815287
1542,-0.60815287,-0.029254787043635502,-0.60815287
1543,-0.60815287,-0.029254787043635502,-0.60815287
1544,-0.60808593,-0.2937380996686902,-0.60808593
1545,-0.60808593,-0.2937380996686902,-0.60808593
1546,-0.48423076,0.02190465363219453,-0.48423076
1547,-0.48423076,-0.06764956583944136,-0.48423076
1548,-0.60826296,-0.048582017691662656,-0.60826296
1549,-0.82138366,0.036795461208025654,-0.82138366
1550,-0.41399562,-0.006324290843973687,-0.41399562
1551,-0.73727614,-0.02867202425473598,-0.73727614
1552,-0.41383886,-0.07882291087715478,-0.41383886
1553,-0.41383886,-0.09325078831017738,-0.41383886
1554,-0.41383886,-0.009062299089924826,-0.41383886
1555,-0.41383886,-0.07232166880336685,-0.41383886
1556,-0.41383886,0.01723481533971451,-0.41383886
1557,-0.41383886,-0.09325078831017738,-0.41383886
1558,-0.41382882,-0.008588292110876217,-0.41382882
1559,-0.41382882,-0.008588292110876217,-0.41382882
1560,-0.41382882,-0.0013891699006267585,-0.41382882
1561,-0.41382882,-0.024446215614407487,-0.41382882
1562,-0.48545358,-0.06799859152510587,-0.48545358
1563,-0.5870312,-0.09462603658618474,-0.5870312
1564,-0.5870312,-0.1025822630886819,-0.5870312
1565,-0.6081523,-0.480240340014946,-0.6081523
1566,-0.6081523,-0.480240340014946,-0.6081523
1567,-0.6081523,-0.480240340014946,-0.6081523
1568,-0.6081523,-0.480240340014946,-0.6081523
1569,-0.6081523,-0.480240340014946,-0.6081523
1570,-0.60810214,-0.21110446775553685,-0.60810214
1571,-0.60810214,-0.21110446775553685,-0.60810214
1572,-0.5852448,0.004628146205651936,-0.5852448
1573,-0.5852448,-0.13409340436800468,-0.5852448
1574,-0.57216144,-0.12755265145050648,-0.57216144
1575,-0.46167344,0.0883864280081775,-0.46167344
1576,-0.5256994,-0.06499073048316986,-0.5256994
1577,-0.73991925,-0.14844083816860873,-0.73991925
1578,-0.73991925,-0.14844083816860873,-0.73991925
1579,-0.73991925,-0.14844083816860873,-0.73991925
1580,-0.73991925,0.08810167194015957,-0.73991925
1581,-0.73991925,0.08810167194015957,-0.73991925
1582,-0.73991925,0.08810167194015957,-0.73991925
1583,-0.37688184,0.08300593266021528,-0.37688184
1584,-0.56584346,0.012381408221713486,-0.56584346
1585,-0.82137334,-0.1279332540616543,-0.82137334
1586,-0.41399562,-0.02553316880442783,-0.41399562
1587,-0.32627827,0.11759913893403509,-0.32627827
1588,-0.6078085,-0.01688019102004143,-0.6078085
1589,-0.41383886,-0.016502140682197616,-0.41383886
1590,-0.41383886,-0.05396846037647512,-0.41383886
1591,-0.41383886,-0.05396846037647512,-0.41383886
1592,-0.41383886,-0.04562733139388629,-0.41383886
1593,-0.52576244,-0.05150827217637352,-0.52576244
1594,-0.44545043,0.023649297333874462,-0.44545043
1595,-0.41382882,-0.04931546062035814,-0.41382882
1596,-0.41382882,-0.04931546062035814,-0.41382882
1597,-0.48545358,-0.04782036530499823,-0.48545358
1598,-0.41382882,-0.036817057928406054,-0.41382882
1599,-0.41382882,-0.02413220650890116,-0.41382882
1600,-0.6081531,-0.03744343768878329,-0.6081531
1601,-0.5658433,-0.02619959503730431,-0.5658433
1602,-0.5658433,-0.02619959503730431,-0.5658433
1603,-0.6081023,-0.07854088844874797,-0.6081023
1604,-0.6081023,0.12548366325434368,-0.6081023
1605,-0.6079888,0.0010500881184990832,-0.6079888
1606,-0.6079888,-0.049313974124672706,-0.6079888
1607,-0.48545364,-0.056890310933398525,-0.48545364
1608,-0.6023779,0.051918493812796174,-0.6023779
1609,-0.30677935,0.12715059733326664,-0.30677935
1610,-0.82132626,-0.15100452382924903,-0.82132626
1611,-0.82335055,0.1052665954323776,-0.82335055
1612,-0.37679175,0.07575445028490499,-0.37679175
1613,-0.37679175,-0.03373541522761662,-0.37679175
1614,-0.41181305,0.054212269221218946,-0.41181305
1615,-0.413839,-0.026946536954605048,-0.413839
1616,-0.47492602,-0.029378620076416624,-0.47492602
1617,-0.4854453,-0.05346306815964523,-0.4854453
1618,-0.41383886,-0.043866005914930076,-0.41383886
1619,-0.5658433,0.016985370421326328,-0.5658433
1620,-0.5658433,-0.04982028218290057,-0.5658433
1621,-0.5658433,-0.05533858826288267,-0.5658433
1622,-0.56584346,-0.02365526484917552,-0.56584346
1623,-0.5658328,0.001750026009575181,-0.5658328
1624,-0.5658324,-0.03364841694082994,-0.5658324
1625,-0.48545364,-0.05713925920634663,-0.48545364
1626,-0.48545712,-0.06528550999496158,-0.48545712
1627,-0.485664,-0.1291605636801956,-0.485664
1628,-0.41399562,0.0009426120785305266,-0.41399562
1629,-0.60800785,-0.2369623997433933,-0.60800785
1630,-0.82134193,0.0948412089389841,-0.82134193
1631,-0.82138306,0.1102742000298832,-0.82138306
1632,-0.5658433,-0.10283878936903026,-0.5658433
1633,-0.5658396,-0.020913910394695773,-0.5658396
1634,-0.41382882,0.001711450598486789,-0.41382882
1635,-0.4854536,-0.0703653482313619,-0.4854536
1636,-0.5222954,-0.045535281356072335,-0.5222954
1637,-0.4616731,-0.02729610972446876,-0.4616731
1638,-0.413839,-0.007446573645073879,-0.413839
1639,-0.43240148,-0.12451273077664847,-0.43240148
1640,-0.58544797,-0.020861349757722362,-0.58544797
1641,-0.58544797,-0.003470900750847725,-0.58544797
1642,-0.5869749,-0.04126544835326929,-0.5869749
1643,-0.5869749,-0.057280293149200974,-0.5869749
1644,-0.608096,-0.08098698884507226,-0.608096
1645,-0.608096,-0.08098698884507226,-0.608096
1646,-0.60815173,-0.26240712225412466,-0.60815173
1647,-0.60815173,-0.26240712225412466,-0.60815173
1648,-0.60815173,-0.26240712225412466,-0.60815173
1649,-0.60815173,-0.26240712225412466,-0.60815173
1650,-0.60815173,-0.26240712225412466,-0.60815173
1651,-0.60815173,-0.26240712225412466,-0.60815173
1652,-0.60815173,-0.26240712225412466,-0.60815173
1653,-0.60815173,-0.26240712225412466,-0.60815173
1654,-0.60815173,0.02712716909443653,-0.60815173
1655,-0.5862904,-0.13133007939015395,-0.5862904
1656,-0.5862904,-0.08525537788600356,-0.5862904
1657,-0.56584173,-0.033066179737574884,-0.56584173
1658,-0.5509186,-0.06411700376461352,-0.5509186
1659,-0.41383886,-0.010325145644704018,-0.41383886
1660,-0.41399562,-0.06395190927404425,-0.41399562
1661,-0.41181302,-0.025375835906966293,-0.41181302
1662,-0.41180494,0.050577554012676315,-0.41180494
1663,-0.41181305,-0.029621517961133884,-0.41181305
1664,-0.41383886,-0.03459277939338875,-0.41383886
1665,-0.41383886,-0.014078636452779592,-0.41383886
1666,-0.6080077,-0.0851044910902743,-0.6080077
1667,-0.6081531,-0.0059382345608468765,-0.6081531
1668,-0.6081531,-0.21097488390182836,-0.6081531
1669,-0.5658433,-0.06381529760594798,-0.5658433
1670,-0.5658433,-0.13352001396487032,-0.5658433
1671,-0.56569856,-0.040438552764429064,-0.56569856
1672,-0.41399562,-0.047142046334902224,-0.41399562
1673,-0.41383886,-0.03652435391619562,-0.41383886
1674,-0.5658433,-0.1259324605814164,-0.5658433
1675,-0.42831877,-0.015130485303138631,-0.42831877
1676,-0.60815287,-0.09408653425910835,-0.60815287
1677,-0.51878107,-0.04234154011672575,-0.51878107
1678,-0.51878107,-0.05953125577588449,-0.51878107
1679,-0.78063625,0.0512398951551166,-0.78063625
1680,-0.5862802,-0.14684655034434815,-0.5862802
1681,-0.55675954,-0.042052113375581755,-0.55675954
1682,-0.51934963,-0.006663443596491391,-0.51934963
1683,-0.51934963,-0.003756607602359593,-0.51934963
1684,-0.60812813,0.05661151003913875,-0.60812813
1685,-0.41170117,0.03187072053869295,-0.41170117
1686,-0.41181305,-0.027912820399697266,-0.41181305
1687,-0.6081531,0.11507370043904368,-0.6081531
1688,-0.6081531,-0.12583018872846483,-0.6081531
1689,-0.5414183,-0.01808231534781532,-0.5414183
1690,-0.5658433,-0.03452329987864921,-0.5658433
1691,-0.36562908,0.07086659540718443,-0.36562908
1692,-0.41176978,0.04011262532392291,-0.41176978
1693,-0.43345973,-0.051367080292328504,-0.43345973
1694,-0.413839,-0.12576773856189818,-0.413839
1695,-0.41382882,-0.03753770012329906,-0.41382882
1696,-0.42390493,-0.007741281625723717,-0.42390493
1697,-0.6081531,0.11021167503179964,-0.6081531
1698,-0.6081531,-0.12856608889113197,-0.6081531
1699,-0.36591983,0.01532103323496612,-0.36591983
1700,-0.60815287,-0.34546270867857426,-0.60815287
1701,-0.5658433,-0.05241708498398049,-0.5658433
1702,-0.52214056,-0.05288033420309363,-0.52214056
1703,-0.52214056,-0.0023097132894579235,-0.52214056
1704,-0.5187757,-0.0643676124200687,-0.5187757
1705,-0.5187757,-0.04609676558666029,-0.5187757
1706,-0.6080562,0.31440015721297165,-0.6080562
1707,-0.58628005,-0.10230462358666276,-0.58628005
1708,-0.58628005,-0.1263266130491612,-0.58628005
1709,-0.52576834,-0.03480487654016834,-0.52576834
1710,-0.48540932,-0.07056859112732482,-0.48540932
1711,-0.5861496,0.007009215602022084,-0.5861496
1712,-0.5862856,-0.1889094973372766,-0.5862856
1713,-0.6081531,-0.048403884038239024,-0.6081531
1714,-0.6081531,-0.07852200993392842,-0.6081531
1715,-0.60744077,-0.16506905759971116,-0.60744077
1716,-0.5658429,-0.015165975227755906,-0.5658429
1717,-0.6080438,0.11751290776311092,-0.6080438
1718,-0.6080438,-0.22509481439820161,-0.6080438
1719,-0.60777664,0.09480070230341828,-0.60777664
1720,-0.60777664,-0.0916439537473266,-0.60777664
1721,-0.60809547,-0.14899923312992125,-0.60809547
1722,-0.60809547,-0.14899923312992125,-0.60809547
1723,-0.60809547,-0.14899923312992125,-0.60809547
1724,-0.60809547,-0.14899923312992125,-0.60809547
1725,-0.60809547,-0.14899923312992125,-0.60809547
1726,-0.21563827,0.004577474366749826,-0.21563827
1727,-0.21563827,0.13346260733164306,-0.21563827
1728,-0.21563827,0.1538492735227121,-0.21563827
1729,-0.21563827,0.10514098180956488,-0.21563827
1730,-0.6081531,-0.022296374368191228,-0.6081531
1731,-0.6081531,-0.06865736569128349,-0.6081531
1732,-0.39597154,-0.011526437604616581,-0.39597154
1733,-0.5575357,-0.22013837025097757,-0.5575357
1734,-0.5575357,-0.22013837025097757,-0.5575357
1735,-0.5575357,-0.22013837025097757,-0.5575357
1736,-0.5575357,-0.22013837025097757,-0.5575357
1737,-0.36562908,0.04861045211394811,-0.36562908
1738,-0.36562908,0.09799577481671942,-0.36562908
1739,-0.5417694,0.04701216873197109,-0.5417694
1740,-0.3189317,0.12117913425537313,-0.3189317
1741,-0.4515589,0.04950563565403311,-0.4515589
1742,-0.36591974,-0.022591395010945044,-0.36591974
1743,-0.52759784,-0.02228357234610655,-0.52759784
1744,-0.42377016,0.003707582278665922,-0.42377016
1745,-0.42377016,0.017021306654316976,-0.42377016
1746,-0.32348505,0.09931090066335105,-0.32348505
1747,-0.32348505,0.1278847863560447,-0.32348505
1748,-0.60815287,-0.2754375591595736,-0.60815287
1749,-0.60815287,-0.3245241934825419,-0.60815287
1750,-0.21563827,0.24426912393304573,-0.21563827
1751,-0.21563827,0.24426912393304573,-0.21563827
1752,-0.21563827,0.08509313967474869,-0.21563827
1753,-0.21563827,0.08509313967474869,-0.21563827
1754,-0.52363145,0.1227696308944229,-0.52363145
1755,-0.52363145,0.05699254451002447,-0.52363145
1756,-0.4854536,-0.05622440692066915,-0.4854536
1757,-0.56580687,-0.0046031987816886055,-0.56580687
1758,-0.56580687,-0.0046031987816886055,-0.56580687
1759,-0.281102,0.10798018033180622,-0.281102
1760,-0.6081531,0.15479767666311245,-0.6081531
1761,-0.6081531,-0.21092378205562212,-0.6081531
1762,-0.5874009,0.08717628448135001,-0.5874009
1763,-0.5874009,-0.0629623708920368,-0.5874009
1764,-0.5874009,-0.0629623708920368,-0.5874009
1765,-0.5874009,-0.0629623708920368,-0.5874009
1766,-0.60815173,-0.07423783620119179,-0.60815173
1767,-0.36581177,0.05812508918059465,-0.36581177
1768,-0.6081531,0.01248288120887661,-0.6081531
1769,-0.6081531,-0.13498105854179843,-0.6081531
1770,-0.6080414,-0.09746637119499729,-0.6080414
1771,-0.5642651,-0.006924158745399946,-0.5642651
1772,-0.3768614,0.04637197543939589,-0.3768614
1773,-0.21563827,0.23450258504371807,-0.21563827
1774,-0.21563827,0.10610634920144302,-0.21563827
1775,-0.33718485,0.1267264179405156,-0.33718485
1776,-0.6074397,-0.1324908389287548,-0.6074397
1777,-0.6081531,-0.07578390696356135,-0.6081531
1778,-0.5575236,0.005704160159492724,-0.5575236
1779,-0.365629,0.058752071920158695,-0.365629
1780,-0.5575369,-0.16828587221668037,-0.5575369
1781,-0.5575356,-0.2533071809386191,-0.5575356
1782,-0.5575252,-0.06783053721908988,-0.5575252
1783,-0.46640718,0.07013233983775509,-0.46640718
1784,-0.6081531,0.15363935606488305,-0.6081531
1785,-0.6081531,-0.1213470179681517,-0.6081531
1786,-0.60815287,-0.13709934310377161,-0.60815287
1787,-0.4334413,0.04158840306004718,-0.4334413
1788,-0.36562905,0.024612128402383547,-0.36562905
1789,-0.49262202,-0.06405692438455576,-0.49262202
1790,-0.49262202,-0.04527446245396171,-0.49262202
1791,-0.6081531,-0.025093310102972406,-0.6081531
1792,-0.6081531,-0.2550537325974656,-0.6081531
1793,-0.55790263,-0.021220160075710728,-0.55790263
1794,-0.55791503,-0.06176945766685092,-0.55791503
1795,-0.38105473,0.0122865233967685,-0.38105473
1796,-0.5770058,-0.11100794846157748,-0.5770058
1797,-0.6081531,-0.26713288956625186,-0.6081531
1798,-0.55444217,-0.16584110663879098,-0.55444217
1799,-0.5575478,-0.13426354146460706,-0.5575478
1800,-0.46633,-0.020398831950663502,-0.46633
1801,-0.36577886,0.019251103551025113,-0.36577886
1802,-0.28110144,0.14597086174158438,-0.28110144
1803,-0.5658433,-0.06350229946831741,-0.5658433
1804,-0.5658433,-0.13156067622765372,-0.5658433
1805,-0.5658419,-0.052195300227832295,-0.5658419
1806,-0.264762,0.11256754355717974,-0.264762
1807,-0.58629006,-0.127258202436461,-0.58629006
1808,-0.6081531,-0.009008387450985257,-0.6081531
1809,-0.6081531,-0.38570854610517336,-0.6081531
1810,-0.6081531,0.13957671458172496,-0.6081531
1811,-0.6081531,-0.260231615356668,-0.6081531
1812,-0.6081531,-0.009286964975490622,-0.6081531
1813,-0.6081531,-0.26296051455015274,-0.6081531
1814,-0.60755634,-0.12069662022690986,-0.60755634
1815,-0.58724624,-0.013501452543942133,-0.58724624
1816,-0.58724624,-0.03976903686586318,-0.58724624
1817,-0.5838522,0.03200670865229343,-0.5838522
1818,-0.5838522,-0.08504649664103289,-0.5838522
1819,-0.58442074,-0.015130318675812913,-0.58442074
1820,-0.58442074,-0.018829582846626863,-0.58442074
1821,-0.58614457,-0.039443412623866504,-0.58614457
1822,-0.3768512,0.07361654565924716,-0.3768512
1823,-0.6081531,0.08655776550964259,-0.6081531
1824,-0.6081531,-0.16004044262568853,-0.6081531
1825,-0.39961025,0.019860217477069567,-0.39961025
1826,-0.6081531,0.0044104861133466245,-0.6081531
1827,-0.6081531,-0.22365468961933416,-0.6081531
1828,-0.6081531,-0.1696964231086524,-0.6081531
1829,-0.6081531,-0.1696964231086524,-0.6081531
1830,-0.6081531,-0.08069746909708747,-0.6081531
1831,-0.5575131,-0.271160060662113,-0.5575131
1832,-0.5572433,-0.2256135330964716,-0.5572433
1833,-0.5575235,-0.025823525203700955,-0.5575235
1834,-0.36562875,0.04833561663842536,-0.36562875
1835,-0.60815287,-0.34074690458850204,-0.60815287
1836,-0.43345022,-0.01455983508256589,-0.43345022
1837,-0.6081531,-0.07232205616814207,-0.6081531
1838,-0.6081531,-0.19673732895382082,-0.6081531
1839,-0.3654881,0.07205024085132455,-0.3654881
1840,-0.413839,-0.006807245340154429,-0.413839
1841,-0.60749155,-0.04693273188128518,-0.60749155
1842,-0.6081531,0.1685741349471245,-0.6081531
1843,-0.6081531,-0.2692719839734348,-0.6081531
1844,-0.55443,-0.03289685758294524,-0.55443
1845,-0.55752206,-0.11432075565397787,-0.55752206
1846,-0.6081531,0.06731537399152902,-0.6081531
1847,-0.6081531,-0.24979929082624347,-0.6081531
1848,-0.82095,0.05296485072878259,-0.82095
1849,-0.7399541,-0.005416397410276533,-0.7399541
1850,-0.7399541,-0.005416397410276533,-0.7399541
1851,-0.7399541,0.06443485824233494,-0.7399541
1852,-0.7399541,-0.1122153284658257,-0.7399541
1853,-0.7399541,-0.1122153284658257,-0.7399541
1854,-0.6081531,-0.090402204870703,-0.6081531
1855,-0.55596036,-0.19619696088951669,-0.55596036
1856,-0.55753493,-0.07535172741497291,-0.55753493
1857,-0.5574798,-0.10760863078097721,-0.5574798
1858,-0.6081531,-0.002319928131582409,-0.6081531
1859,-0.6081531,-0.1070068683756044,-0.6081531
1860,-0.5872554,-0.05103550641944346,-0.5872554
1861,-0.5838468,-0.03996891681881417,-0.5838468
1862,-0.5838468,-0.06126776087216904,-0.5838468
1863,-0.58724606,-0.1964271027627789,-0.58724606
1864,-0.58724606,-0.09020648803631834,-0.58724606
1865,-0.5575357,-0.1662935760784775,-0.5575357
1866,-0.5575357,-0.1662935760784775,-0.5575357
1867,-0.52363145,-0.0655242029249583,-0.52363145
1868,-0.52363145,-0.08743948329191505,-0.52363145
1869,-0.21563827,0.015936533685423342,-0.21563827
1870,-0.21563827,0.015936533685423342,-0.21563827
1871,-0.21563827,0.127673458372416,-0.21563827
1872,-0.21563827,0.127673458372416,-0.21563827
1873,-0.6081531,0.06282496125029866,-0.6081531
1874,-0.6081531,-0.0809534081573871,-0.6081531
1875,-0.6075552,-0.008052272986052381,-0.6075552
1876,-0.6081531,-0.14934767189620876,-0.6081531
1877,-0.6081531,-0.13991896044883093,-0.6081531
1878,-0.6081531,-0.029205046533373753,-0.6081531
1879,-0.58734465,-0.018183481756559577,-0.58734465
1880,-0.587399,-0.03678143176833184,-0.587399
1881,-0.6081531,-0.1915347517390145,-0.6081531
1882,-0.6081531,-0.0415829895290008,-0.6081531
1883,-0.5862678,-0.10133143424750866,-0.5862678
1884,-0.6081531,-0.24456431691970706,-0.6081531
1885,-0.6081527,-0.2664194299036572,-0.6081527
1886,-0.6081068,-0.0109392820107049,-0.6081068
1887,-0.6081068,-0.0109392820107049,-0.6081068
1888,-0.6081068,-0.3668537983435945,-0.6081068
1889,-0.6081527,0.26148095712861485,-0.6081527
1890,-0.6081531,0.06319956903981569,-0.6081531
1891,-0.6081531,-0.19223325128646354,-0.6081531
1892,-0.6081531,-0.06214758111389028,-0.6081531
1893,-0.6081531,-0.0030586668707281084,-0.6081531
1894,-0.34862292,0.07367284531247635,-0.34862292
1895,-0.34862292,0.07367284531247635,-0.34862292
1896,-0.6081531,-0.3307946602322122,-0.6081531
1897,-0.6081531,0.1394230413703017,-0.6081531
1898,-0.6081531,0.012374916557931723,-0.6081531
1899,-0.6081531,-0.1928793280485764,-0.6081531
1900,-0.6081531,-0.1709055355242697,-0.6081531
1901,-0.6081531,-0.056303088556103845,-0.6081531
1902,-0.5414187,-0.055006614040292626,-0.5414187
1903,-0.6081531,-0.016920950250340815,-0.6081531
1904,-0.6081531,-0.2592785920596801,-0.6081531
1905,-0.60815287,-0.2457656900295596,-0.60815287
1906,-0.4175007,0.0011801244832743078,-0.4175007
1907,-0.5575215,-0.26879194525468064,-0.5575215
1908,-0.41011927,0.021786286747794214,-0.41011927
1909,-0.32099935,0.06202545239372688,-0.32099935
1910,-0.6046305,-0.11605268554543173,-0.6046305
1911,-0.6046305,-0.017561675266566212,-0.6046305
1912,-0.28107828,0.11190775069082136,-0.28107828
1913,-0.28108567,0.24383454412941397,-0.28108567
1914,-0.3212617,0.13730031421236533,-0.3212617
1915,-0.43344992,-0.03377327869950464,-0.43344992
1916,-0.52363145,0.07922621316902434,-0.52363145
1917,-0.21563827,-0.0021889027463423156,-0.21563827
1918,-0.21563827,-0.0021889027463423156,-0.21563827
1919,-0.21563827,0.10249981410225349,-0.21563827
1920,-0.52363145,-0.07640534081612815,-0.52363145
1921,-0.60519814,-0.08228293330977024,-0.60519814
1922,-0.60519814,-0.07831859345361539,-0.60519814
1923,-0.6081531,0.1031709265498659,-0.6081531
1924,-0.6081531,-0.1738149579141985,-0.6081531
1925,-0.6081531,-0.06265870108589192,-0.6081531
1926,-0.6081531,-0.2601033138260488,-0.6081531
1927,-0.55746764,-0.14122682902218137,-0.55746764
1928,-0.55752283,-0.026518201125520998,-0.55752283
1929,-0.6081531,0.14033758239013813,-0.6081531
1930,-0.6081531,-0.37936818234471326,-0.6081531
1931,-0.6081531,-0.05346346854108645,-0.6081531
1932,-0.6081531,-0.21531770721225527,-0.6081531
1933,-0.6081531,-0.07197895855213594,-0.6081531
1934,-0.6081531,-0.22819204973793397,-0.6081531
1935,-0.5575253,-0.10201102907875398,-0.5575253
1936,-0.5575253,-0.10201102907875398,-0.5575253
1937,-0.5575356,-0.1176431010206524,-0.5575356
1938,-0.5575356,-0.1176431010206524,-0.5575356
1939,-0.5575369,-0.12287110077173655,-0.5575369
1940,-0.5575369,-0.12287110077173655,-0.5575369
1941,-0.6081531,0.16675258884963795,-0.6081531
1942,-0.6081531,-0.12047001875889134,-0.6081531
1943,-0.6081531,-0.07825042657032995,-0.6081531
1944,-0.6081531,-0.2760889659663634,-0.6081531
1945,-0.6081531,0.07230807759931199,-0.6081531
1946,-0.6081531,-0.2844508117657948,-0.6081531
1947,-0.6081531,0.07896287627617121,-0.6081531
1948,-0.6081531,-0.238200887838239,-0.6081531
1949,-0.55753416,-0.1799635475944203,-0.55753416
1950,-0.55753416,-0.1799635475944203,-0.55753416
1951,-0.55444217,-0.12787008679955442,-0.55444217
1952,-0.55444217,-0.12787008679955442,-0.55444217
1953,-0.6081531,-0.059100024290885025,-0.6081531
1954,-0.6081531,-0.12159199337977755,-0.6081531
1955,-0.45877618,0.05920724598653829,-0.45877618
1956,-0.45877618,0.05920724598653829,-0.45877618
1957,-0.34861436,0.08861596713606974,-0.34861436
1958,-0.6081045,-0.28780964180958757,-0.6081045
1959,-0.6081531,-0.3015081375926168,-0.6081531
1960,-0.5575247,-0.18674519217830565,-0.5575247
1961,-0.6081531,0.16038555219014083,-0.6081531
1962,-0.6081531,-0.017025431370264393,-0.6081531
1963,-0.6080456,0.06841817734480209,-0.6080456
1964,-0.6080456,-0.2217081685174165,-0.6080456
1965,-0.6079649,-0.11526383319718503,-0.6079649
1966,-0.6081531,0.12734515241424932,-0.6081531
1967,-0.6081531,-0.13398797373343044,-0.6081531
1968,-0.6081068,0.07611804607831742,-0.6081068
1969,-0.6081068,-0.09292486143570557,-0.6081068
1970,-0.6081832,-0.08690417664783502,-0.6081832
1971,-0.6081832,-0.304504245041496,-0.6081832
1972,-0.60804635,0.1835893618611623,-0.60804635
1973,-0.60804635,-0.16566820412834257,-0.60804635
1974,-0.60793275,-0.0845840823243975,-0.60793275
1975,-0.60793275,0.10713631609557266,-0.60793275
1976,-0.43343988,0.020550642683374035,-0.43343988
1977,-0.6081531,-0.003982642640299879,-0.6081531
1978,-0.6081531,-0.15406618608056374,-0.6081531
1979,-0.60815287,-0.06826716552926812,-0.60815287
1980,-0.60815287,-0.13561417738324064,-0.60815287
1981,-0.6081531,-0.21584094559865266,-0.6081531
1982,-0.6065714,-0.012942557528456008,-0.6065714
1983,-0.6081531,0.13646671841491584,-0.6081531
1984,-0.6081531,-0.3896697331730155,-0.6081531
1985,-0.40745476,0.04177784226492647,-0.40745476
1986,-0.4074239,0.12607389018604187,-0.4074239
1987,-0.5575336,-0.1799635475944203,-0.5575336
1988,-0.5575336,-0.1799635475944203,-0.5575336
1989,-0.6081531,-0.01797984246913102,-0.6081531
1990,-0.6081531,-0.11896857681039648,-0.6081531
1991,-0.45877618,0.013054737587874258,-0.45877618
1992,-0.45877618,0.013054737587874258,-0.45877618
1993,-0.45877618,0.020435996928408,-0.45877618
1994,-0.45877618,0.020435996928408,-0.45877618
1995,-0.60811037,-0.3561932588687004,-0.60811037
1996,-0.36561295,-0.009593113653160481,-0.36561295
1997,-0.5575355,-0.22564939772615578,-0.5575355
1998,-0.6081531,-0.05447932665665445,-0.6081531
1999,-0.6081531,-0.09046313532787899,-0.6081531
2000,-0.45877603,0.07922470273071143,-0.45877603
2001,-0.45877603,0.07922470273071143,-0.45877603
2002,-0.60812813,-0.08334579631469878,-0.60812813
2003,-0.55753493,-0.1792989522749279,-0.55753493
2004,-0.55753493,-0.1792989522749279,-0.55753493
2005,-0.6081531,0.10171999688041908,-0.6081531
2006,-0.6081531,-0.054640620047415635,-0.6081531
2007,-0.4116086,0.045071008242482,-0.4116086
2008,-0.60519814,-0.06233064556902226,-0.60519814
2009,-0.5574961,-0.12429122972436021,-0.5574961
2010,-0.55752325,-0.1247356133206919,-0.55752325
2011,-0.5933998,-0.08702468762471444,-0.5933998
2012,-0.5933998,-0.06814981112263571,-0.5933998
2013,-0.6081531,0.22415787533401296,-0.6081531
2014,-0.6081531,-0.09732257601585817,-0.6081531
2015,-0.60804635,0.10382109084100535,-0.60804635
2016,-0.60804635,-0.2640093470754936,-0.60804635
2017,-0.43360007,-0.021343484205898943,-0.43360007
2018,-0.6081531,0.06759051785756996,-0.6081531
2019,-0.6081531,-0.05365955333346945,-0.6081531
2020,-0.41166785,0.058665323445095854,-0.41166785
2021,-0.6081531,-0.2024759872092301,-0.6081531
2022,-0.6081531,-0.05682680243760103,-0.6081531
2023,-0.6081531,-0.19798222552287123,-0.6081531
2024,-0.6074925,-0.146683671850537,-0.6074925
2025,-0.6081531,-0.07015830929021123,-0.6081531
2026,-0.6081531,0.09146931656414387,-0.6081531
2027,-0.6081531,0.06259588615878582,-0.6081531
2028,-0.6081531,-0.0796348122084876,-0.6081531
2029,-0.60804635,0.07125302638255666,-0.60804635
2030,-0.60804635,-0.1717224530954326,-0.60804635
2031,-0.43345022,-0.014314770342952502,-0.43345022
2032,-0.43345022,-0.014314770342952502,-0.43345022
2033,-0.60793275,-0.09616518215748285,-0.60793275
2034,-0.60793275,0.09107693069566485,-0.60793275
2035,-0.6081531,-0.24648995101299873,-0.6081531
2036,-0.6081531,0.014919498888800353,-0.6081531
2037,-0.6081531,0.1838042978734738,-0.6081531
2038,-0.6081531,-0.08428053134290558,-0.6081531
2039,-0.6081531,0.03157042510929274,-0.6081531
2040,-0.6081531,-0.08072187467338947,-0.6081531
2041,-0.6081531,0.16251954921335449,-0.6081531
2042,-0.6081531,-0.37629040385544127,-0.6081531
2043,-0.36558786,0.10278202240520036,-0.36558786
2044,-0.5563418,-0.10345130375478577,-0.5563418
2045,-0.5575351,-0.09162861229530295,-0.5575351
2046,-0.55749345,-0.19129356457068566,-0.55749345
2047,-0.28102422,0.047317178360215935,-0.28102422
2048,-0.45877603,0.009997152401831749,-0.45877603
2049,-0.45877603,0.009997152401831749,-0.45877603
2050,-0.45877603,0.022589962048367607,-0.45877603
2051,-0.45877603,0.022589962048367607,-0.45877603
2052,-0.34650314,0.03730753486429382,-0.34650314
2053,-0.34650314,0.0705712521533383,-0.34650314
2054,-0.32650498,0.07827400946892349,-0.32650498
2055,-0.26475006,0.21565841779909423,-0.26475006
2056,-0.5575234,-0.001998024104189741,-0.5575234
2057,-0.5575234,-0.08747834457975219,-0.5575234
2058,-0.6081531,-0.13853679553650022,-0.6081531
2059,-0.6046305,-0.09455953938525159,-0.6046305
2060,-0.6046305,0.06276410211408748,-0.6046305
2061,-0.5236537,-0.013908889724767875,-0.5236537
2062,-0.5236537,-0.026261546125217538,-0.5236537
2063,-0.60519814,-0.013743669294750375,-0.60519814
2064,-0.60519814,-0.13697864727889264,-0.60519814
2065,-0.6081531,-0.03685993228280175,-0.6081531
2066,-0.6081531,-0.09757138764233077,-0.6081531
2067,-0.5575351,-0.2912682567811712,-0.5575351
2068,-0.82434225,-0.13041284208022455,-0.82434225
2069,-0.6081531,-0.009567920633672245,-0.6081531
2070,-0.6081531,-0.21566875004384162,-0.6081531
2071,-0.6081531,0.10089835115294757,-0.6081531
2072,-0.6081531,-0.05998951293145514,-0.6081531
2073,-0.6081531,-0.08186459084519326,-0.6081531
2074,-0.6081531,-0.10710773079520464,-0.6081531
2075,-0.822617,-0.17572345048187,-0.822617
2076,-0.6080969,-0.15385146991230703,-0.6080969
2077,-0.6081283,-0.07232418699833165,-0.6081283
2078,-0.6081283,-0.12165115489217848,-0.6081283
2079,-0.6080148,-0.26317191124387457,-0.6080148
2080,-0.6080148,0.041588535321617943,-0.6080148
2081,-0.60793275,-0.12040943678003607,-0.60793275
2082,-0.60793275,0.6128069119747801,-0.60793275
2083,-0.5575353,0.0010061032135889856,-0.5575353
2084,-0.5575233,-0.022005990676164534,-0.5575233
2085,-0.6081531,0.09037510158542637,-0.6081531
2086,-0.6081531,-0.1907644681314568,-0.6081531
2087,-0.60804635,0.13339999189683482,-0.60804635
2088,-0.60804635,-0.09610863529684183,-0.60804635
2089,-0.45885667,0.015082255146971995,-0.45885667
2090,-0.45885667,0.015082255146971995,-0.45885667
2091,-0.38549492,0.04686444336361553,-0.38549492
2092,-0.45885667,-0.028145283267363312,-0.45885667
2093,-0.45885667,-0.028145283267363312,-0.45885667
2094,-0.6081531,0.09191902496063416,-0.6081531
2095,-0.6081531,-0.13635725722390402,-0.6081531
2096,-0.557523,-0.20067695671644623,-0.557523
2097,-0.45883787,0.01764892597147054,-0.45883787
2098,-0.45883787,0.01764892597147054,-0.45883787
2099,-0.32650498,0.09532499334263159,-0.32650498
2100,-0.5575082,-0.12127165237479948,-0.5575082
2101,-0.5575082,-0.12127165237479948,-0.5575082
2102,-0.55753535,-0.031103502577415443,-0.55753535
2103,-0.55753535,-0.031103502577415443,-0.55753535
2104,-0.5575353,-0.0633591496866725,-0.5575353
2105,-0.45883787,0.04241636396662083,-0.45883787
2106,-0.45883787,0.04241636396662083,-0.45883787
2107,-0.5697426,-0.09422956532218535,-0.5697426
2108,-0.5891944,-0.05416833981542432,-0.5891944
2109,-0.60462517,-0.018534930827592427,-0.60462517
2110,-0.60462517,-0.021693395891837802,-0.60462517
2111,-0.6081832,0.10802624048078116,-0.6081832
2112,-0.6081832,-0.12977646001081464,-0.6081832
2113,-0.3720147,-0.00880137617761374,-0.3720147
2114,-0.41166785,0.01484231892147309,-0.41166785
2115,-0.60813427,-0.05436956396559041,-0.60813427
2116,-0.60813427,-0.17402452982379285,-0.60813427
2117,-0.8243348,-0.19685644418730935,-0.8243348
2118,-0.6065714,-0.20847151038536668,-0.6065714
2119,-0.6065714,0.07690093480517785,-0.6065714
2120,-0.41166785,0.0087083518696967,-0.41166785
2121,-0.41166785,0.013668317075681816,-0.41166785
2122,-0.37140352,0.05760117170922454,-0.37140352
2123,-0.37140352,0.0952588839653588,-0.37140352
2124,-0.6081283,-0.042513637812958686,-0.6081283
2125,-0.6081283,-0.14432469209739382,-0.6081283
2126,-0.43343988,0.01648712046818141,-0.43343988
2127,-0.6080148,-0.26626611989157806,-0.6080148
2128,-0.6080148,0.09510498065134015,-0.6080148
2129,-0.5575355,-0.05963758595612807,-0.5575355
2130,-0.5575355,-0.05963758595612807,-0.5575355
2131,-0.6081283,-0.05757764736835415,-0.6081283
2132,-0.6081283,-0.41440102948918234,-0.6081283
2133,-0.6080148,-0.11226252701648691,-0.6080148
2134,-0.6080148,0.037345658694739534,-0.6080148
2135,-0.60793275,-0.15574490976412558,-0.60793275
2136,-0.60793275,-0.051654305159390346,-0.60793275
2137,-0.5575353,-0.11865351640648263,-0.5575353
2138,-0.60813403,-0.026558354004320765,-0.60813403
2139,-0.6081531,0.07600433612097138,-0.6081531
2140,-0.6081531,-0.125851366535972,-0.6081531
2141,-0.6074932,-0.18740349321857042,-0.6074932
2142,-0.5575353,-0.20799474970957443,-0.5575353
2143,-0.5575353,-0.29656332888897663,-0.5575353
2144,-0.5575353,-0.08858962132064604,-0.5575353
2145,-0.5575354,-0.11909557872199915,-0.5575354
2146,-0.5575354,-0.11909557872199915,-0.5575354
2147,-0.6081531,0.12880684190615072,-0.6081531
2148,-0.6081531,-0.2146225291073735,-0.6081531
2149,-0.6081531,0.22216664958705754,-0.6081531
2150,-0.6081531,-0.04137439900134933,-0.6081531
2151,-0.6081531,-0.006522748384623088,-0.6081531
2152,-0.6081531,-0.16568642044334236,-0.6081531
2153,-0.6081531,-0.1346786650925717,-0.6081531
2154,-0.8243239,-0.10393864594723336,-0.8243239
2155,-0.82433444,-0.11831667891484555,-0.82433444
2156,-0.8243243,-0.10756203138348755,-0.8243243
2157,-0.8240543,-0.2687734619121211,-0.8240543
2158,-0.8243346,-0.13199622570490477,-0.8243346
2159,-0.5575351,-0.10241240069633577,-0.5575351
2160,-0.5575351,-0.10241240069633577,-0.5575351
2161,-0.6081283,-0.06451210578181164,-0.6081283
2162,-0.6081283,-0.37547481555242207,-0.6081283
2163,-0.82433105,-0.2070705632529689,-0.82433105
2164,-0.8242238,-0.15015708266458727,-0.8242238
2165,-0.82123935,-0.19546125989328156,-0.82123935
2166,-0.55672276,-0.021597744759088978,-0.55672276
2167,-0.6081531,0.055145033607202076,-0.6081531
2168,-0.6081531,-0.16169026616223522,-0.6081531
2169,-0.6080148,-0.2936876090616602,-0.6080148
2170,-0.6080148,0.10249504443378606,-0.6080148
2171,-0.117287435,0.14033411204842022,-0.117287435
2172,-0.4695397,0.013142290066561785,-0.4695397
2173,-0.60813403,-0.017000844077653596,-0.60813403
2174,-0.5784124,-0.0295425300366943,-0.5784124
2175,-0.82432985,-0.16644312243664905,-0.82432985
2176,-0.6059026,-0.031466087533061446,-0.6059026
2177,-0.60804635,-0.06623952787939151,-0.60804635
2178,-0.60804635,-0.14894922116249468,-0.60804635
2179,-0.8243329,-0.12501025413277367,-0.8243329
2180,-0.82427883,-0.2123287546897505,-0.82427883
2181,-0.8227585,-0.08950477333361914,-0.8227585
2182,-0.5784124,-0.03738521473085605,-0.5784124
2183,-0.45873675,-0.007904935629113862,-0.45873675
2184,-0.45873675,-0.007904935629113862,-0.45873675
2185,-0.45873675,-0.0521421376042483,-0.45873675
2186,-0.45873675,-0.0521421376042483,-0.45873675
2187,-0.46641523,-0.007582901618473321,-0.46641523
2188,-0.46641523,0.014325682551492957,-0.46641523
2189,-0.5575353,-0.06543991840369227,-0.5575353
2190,-0.60813403,0.07948662803218023,-0.60813403
2191,-0.60804635,0.10258109188203807,-0.60804635
2192,-0.60804635,-0.3944665569658477,-0.60804635
2193,-0.6059026,0.010471958741544631,-0.6059026
2194,-0.6059026,-0.07167400106908059,-0.6059026
2195,-0.5867386,0.015201659840469032,-0.5867386
2196,-0.31516072,0.05572851576534614,-0.31516072
2197,-0.6080456,-0.01772192034385858,-0.6080456
2198,-0.6080456,-0.18025598064272774,-0.6080456
2199,-0.6079645,-0.19491408141232405,-0.6079645
2200,-0.58378565,0.12836865834057948,-0.58378565
2201,-0.58378565,-0.12084524017689051,-0.58378565
2202,-0.6081283,0.07776130791159166,-0.6081283
2203,-0.6081283,-0.26178192654496496,-0.6081283
2204,-0.6081023,-0.10242870567077184,-0.6081023
2205,-0.60807955,-0.1201111108458351,-0.60807955
2206,-0.3854859,0.022130847450039355,-0.3854859
2207,-0.60813403,-0.08899642510624174,-0.60813403
2208,-0.8242983,-0.2197620817500885,-0.8242983
2209,-0.5867348,-0.056688392440346805,-0.5867348
2210,-0.27715874,0.10532712624822824,-0.27715874
2211,-0.7399541,-0.10502522468207036,-0.7399541
2212,-0.6081283,0.14406171907591003,-0.6081283
2213,-0.6081283,-0.1336040574601819,-0.6081283
2214,-0.6081531,-0.20621460258782717,-0.6081531
2215,-0.8243344,-0.11864257550985932,-0.8243344
2216,-0.82433337,-0.12585229500228604,-0.82433337
2217,-0.8231402,-0.21714026987700638,-0.8231402
2218,-0.7531888,0.05617797432564608,-0.7531888
2219,-0.8243181,-0.2040271471537951,-0.8243181
2220,-0.8243199,-0.19395364882689706,-0.8243199
2221,-0.31514412,0.15626016241435975,-0.31514412
2222,-0.3151604,0.041743216551595186,-0.3151604
2223,-0.3151604,0.041743216551595186,-0.3151604
2224,-0.3151423,0.08642942288739387,-0.3151423
2225,-0.31515008,0.09916785454839094,-0.31515008
2226,-0.31515008,0.09916785454839094,-0.31515008
2227,-0.31540346,0.08933670456060736,-0.31540346
2228,-0.31505126,0.16238775949526754,-0.31505126
2229,-0.31505126,0.16238775949526754,-0.31505126
2230,-0.6080456,0.0014849961949199453,-0.6080456
2231,-0.6080456,-0.119885407751358,-0.6080456
2232,-0.55791396,0.10208156377160515,-0.55791396
2233,-0.60815287,-0.1290865046277838,-0.60815287
2234,-0.60815287,-0.09464895120645672,-0.60815287
2235,-0.6081045,-0.12122024825167668,-0.6081045
2236,-0.6081045,0.013636811291533346,-0.6081045
2237,-0.023884634,0.15069819620147978,-0.023884634
2238,-0.023884634,0.1151787154721406,-0.023884634
2239,-0.023884634,0.1151787154721406,-0.023884634
2240,-0.023884634,0.0078469053254399,-0.023884634
2241,-0.023884634,0.0078469053254399,-0.023884634
2242,-0.023884634,0.0078469053254399,-0.023884634
2243,-0.2748483,0.04975411814418658,-0.2748483
2244,-0.2748483,0.04975411814418658,-0.2748483
2245,-0.3522355,-0.01851841722678831,-0.3522355
2246,-0.3522355,-0.01851841722678831,-0.3522355
2247,-0.3522355,-0.01851841722678831,-0.3522355
2248,-0.3522355,-0.01851841722678831,-0.3522355
2249,-0.3522355,-0.01851841722678831,-0.3522355
2250,-0.3522355,-0.01851841722678831,-0.3522355
2251,-0.3522355,-0.01851841722678831,-0.3522355
2252,-0.3522355,0.031469055247473426,-0.3522355
2253,-0.3522355,-0.01851841722678831,-0.3522355
2254,-0.3522355,-0.01851841722678831,-0.3522355
2255,-0.3522355,-0.01851841722678831,-0.3522355
2256,-0.3522355,-0.01851841722678831,-0.3522355
2257,-0.3522355,-0.01851841722678831,-0.3522355
2258,-0.3522355,-0.01851841722678831,-0.3522355
2259,-0.3522355,-0.01851841722678831,-0.3522355
2260,-0.3522355,-0.01851841722678831,-0.3522355
2261,-0.3522355,-0.01851841722678831,-0.3522355
2262,-0.3522355,-0.01851841722678831,-0.3522355
2263,-0.3522355,-0.01851841722678831,-0.3522355
2264,-0.3522355,-0.01851841722678831,-0.3522355
2265,-0.3522355,-0.0004975175477027159,-0.3522355
2266,-0.3522355,-0.0004975175477027159,-0.3522355
2267,-0.3522355,0.01110653317100559,-0.3522355
2268,-0.3522355,0.01110653317100559,-0.3522355
2269,-0.3522355,0.01110653317100559,-0.3522355
2270,-0.3522355,0.01110653317100559,-0.3522355
2271,-0.3522355,0.01110653317100559,-0.3522355
2272,-0.3522355,0.01110653317100559,-0.3522355
2273,-0.3522355,0.01110653317100559,-0.3522355
2274,-0.3522355,0.01110653317100559,-0.3522355
2275,-0.3522355,0.01110653317100559,-0.3522355
2276,-0.3522355,0.01110653317100559,-0.3522355
2277,-0.3522355,0.01110653317100559,-0.3522355
2278,-0.3522355,0.01110653317100559,-0.3522355
2279,-0.3522355,0.17419605599865948,-0.3522355
2280,-0.3522355,0.01110653317100559,-0.3522355
2281,-0.3522355,0.01110653317100559,-0.3522355
2282,-0.3522355,0.01110653317100559,-0.3522355
2283,-0.3522355,0.01110653317100559,-0.3522355
2284,-0.3522355,0.01110653317100559,-0.3522355
2285,-0.3522355,0.01110653317100559,-0.3522355
2286,-0.2748483,0.20223839812287317,-0.2748483
2287,-0.2748483,0.20223839812287317,-0.2748483
2288,-0.2748483,0.20223839812287317,-0.2748483
2289,-0.2748483,-0.018011960178120175,-0.2748483
2290,0.064691216,0.1140281127979232,0.064691216
2291,0.064691216,0.1140281127979232,0.064691216
2292,0.064691216,-0.05463370693923405,0.064691216
2293,0.13655394,-0.13187534230065856,0.13655394
2294,0.13655394,-0.13187534230065856,0.13655394
2295,0.13655394,-0.13187534230065856,0.13655394
2296,-0.47774532,0.006728539673414641,-0.47774532
2297,0.13655394,-0.018743318423624415,0.13655394
2298,-0.47774532,-0.0374500643381292,-0.47774532
2299,-0.47774532,-0.0374500643381292,-0.47774532
2300,-0.47774532,0.13915299448532892,-0.47774532
2301,-0.47774532,0.13915299448532892,-0.47774532
2302,-0.41397682,-0.03890100660160293,-0.41397682
2303,-0.41397682,-0.03890100660160293,-0.41397682
2304,-0.41397682,-0.03890100660160293,-0.41397682
2305,-0.41397682,-0.03890100660160293,-0.41397682
2306,-0.41397682,-0.03890100660160293,-0.41397682
2307,-0.41397682,-0.03890100660160293,-0.41397682
2308,-0.41397682,-0.03890100660160293,-0.41397682
2309,-0.41397682,-0.03890100660160293,-0.41397682
2310,-0.41397682,-0.03890100660160293,-0.41397682
2311,-0.41397682,-0.0421318264590208,-0.41397682
2312,-0.41397682,-0.0025305514808212437,-0.41397682
2313,-0.41397682,-0.0025305514808212437,-0.41397682
2314,-0.41397682,0.018500594354741898,-0.41397682
2315,-0.41397682,-0.0025305514808212437,-0.41397682
2316,-0.41397682,-0.0025305514808212437,-0.41397682
2317,-0.41397682,0.018500594354741898,-0.41397682
2318,-0.48449555,0.03090788300819633,-0.48449555
2319,-0.48449555,0.03090788300819633,-0.48449555
2320,-0.48449555,0.03090788300819633,-0.48449555
2321,-0.48449555,0.03090788300819633,-0.48449555
2322,-0.48449555,0.03090788300819633,-0.48449555
2323,-0.48449555,-0.054243321953750895,-0.48449555
2324,-0.48449555,-0.054243321953750895,-0.48449555
2325,-0.48449555,-0.054243321953750895,-0.48449555
2326,-0.48449555,0.007942566524025724,-0.48449555
2327,-0.48449555,0.007942566524025724,-0.48449555
2328,-0.48449555,0.007942566524025724,-0.48449555
2329,-0.48449555,0.007942566524025724,-0.48449555
2330,-0.48449555,0.007942566524025724,-0.48449555
2331,-0.48449555,-0.054243321953750895,-0.48449555
2332,-0.48449555,-0.054243321953750895,-0.48449555
2333,-0.6077799,-0.037496250001161635,-0.6077799
2334,-0.3519641,0.004796483338212678,-0.3519641
2335,0.20722733,0.05637834663524468,0.20722733
2336,0.20722733,0.02716894393235016,0.20722733
2337,0.20722733,0.02716894393235016,0.20722733
2338,0.20722733,0.11277364852693515,0.20722733
2339,0.20722733,0.11277364852693515,0.20722733
2340,0.20722733,0.11277364852693515,0.20722733
2341,-0.062164195,-0.051755840395854916,-0.062164195
2342,-0.35186836,0.0012706438140313268,-0.35186836
2343,-0.35186836,0.0012706438140313268,-0.35186836
2344,-0.35186836,0.0012706438140313268,-0.35186836
2345,-0.35186836,0.0012706438140313268,-0.35186836
2346,-0.35186836,0.0012706438140313268,-0.35186836
2347,-0.35186836,0.06978018170732456,-0.35186836
2348,-0.35186836,0.06978018170732456,-0.35186836
2349,-0.35186836,0.06978018170732456,-0.35186836
2350,-0.35186836,0.06978018170732456,-0.35186836
2351,-0.31956106,-0.007034997848346164,-0.31956106
2352,-0.31956106,-0.057355076292204724,-0.31956106
2353,-0.31956106,-0.007034997848346164,-0.31956106
2354,-0.31956106,-0.007034997848346164,-0.31956106
2355,-0.31956106,0.1252187705390869,-0.31956106
2356,-0.31956106,0.1252187705390869,-0.31956106
2357,-0.35515293,0.14093137675888015,-0.35515293
2358,-0.35515293,0.14093137675888015,-0.35515293
2359,-0.35515293,0.13093667655518004,-0.35515293
2360,-0.35515293,0.13093667655518004,-0.35515293
2361,-0.35515293,0.13093667655518004,-0.35515293
2362,-0.35515293,0.13093667655518004,-0.35515293
2363,-0.35515293,0.13093667655518004,-0.35515293
2364,-0.35249868,-0.002417685531817188,-0.35249868
2365,-0.35249868,-0.002417685531817188,-0.35249868
2366,-0.352255,0.024592738226724677,-0.352255
2367,-0.352255,0.024592738226724677,-0.352255
2368,-0.352255,0.024592738226724677,-0.352255
2369,-0.352255,0.024592738226724677,-0.352255
2370,-0.352255,0.024592738226724677,-0.352255
2371,-0.352255,0.024592738226724677,-0.352255
2372,-0.352255,0.024592738226724677,-0.352255
2373,-0.35249868,0.04231840726566751,-0.35249868
2374,-0.35249868,0.04231840726566751,-0.35249868
2375,-0.35249868,0.04231840726566751,-0.35249868
2376,-0.352255,0.2571621654704144,-0.352255
2377,-0.352255,0.2571621654704144,-0.352255
2378,-0.352255,0.2571621654704144,-0.352255
2379,-0.352255,0.2571621654704144,-0.352255
2380,-0.352255,0.2571621654704144,-0.352255
2381,-0.35223523,-0.03793784169728073,-0.35223523
2382,-0.35222754,0.028468582902025658,-0.35222754
2383,0.06442793,0.09480245087170401,0.06442793
2384,0.06467173,0.004196371512849639,0.06467173
2385,-0.47725362,-0.03801413016021848,-0.47725362
2386,-0.47725362,-0.03801413016021848,-0.47725362
2387,-0.47725362,-0.03801413016021848,-0.47725362
2388,-0.47725362,-0.003671443966158687,-0.47725362
2389,-0.47725362,-0.03801413016021848,-0.47725362
2390,-0.47725362,-0.03801413016021848,-0.47725362
2391,-0.47725362,-0.03801413016021848,-0.47725362
2392,-0.47725362,-0.003671443966158687,-0.47725362
2393,-0.47725362,-0.03801413016021848,-0.47725362
2394,-0.47725362,-0.03801413016021848,-0.47725362
2395,-0.47725362,-0.03801413016021848,-0.47725362
2396,-0.47725362,-0.03801413016021848,-0.47725362
2397,-0.47725362,-0.03801413016021848,-0.47725362
2398,-0.47725362,-0.03801413016021848,-0.47725362
2399,-0.47725362,-0.03801413016021848,-0.47725362
2400,-0.47725362,0.006941865069701885,-0.47725362
2401,-0.47725362,0.006941865069701885,-0.47725362
2402,-0.47725362,0.11112391721328965,-0.47725362
2403,-0.47725362,0.11112391721328965,-0.47725362
2404,-0.47725362,0.11112391721328965,-0.47725362
2405,-0.47725362,0.11112391721328965,-0.47725362
2406,-0.47725362,0.11112391721328965,-0.47725362
2407,-0.47725362,0.006941865069701885,-0.47725362
2408,-0.47725362,0.006941865069701885,-0.47725362
2409,-0.47725362,0.006941865069701885,-0.47725362
2410,-0.47725362,0.11112391721328965,-0.47725362
2411,-0.47725362,0.11112391721328965,-0.47725362
2412,-0.47725362,0.11112391721328965,-0.47725362
2413,-0.47725362,0.11112391721328965,-0.47725362
2414,-0.47725362,0.11112391721328965,-0.47725362
2415,-0.44628948,0.09948514879502544,-0.44628948
2416,-0.44628948,-0.03644950231045788,-0.44628948
2417,-0.44628948,0.04333431503941789,-0.44628948
2418,-0.44628948,0.04333431503941789,-0.44628948
2419,-0.44628948,0.04333431503941789,-0.44628948
2420,-0.44628948,0.04333431503941789,-0.44628948
2421,0.07456142,-0.03243137780771707,0.07456142
2422,0.07456142,-0.03243137780771707,0.07456142
2423,0.07456142,0.06885621414958712,0.07456142
2424,0.07456142,0.06885621414958712,0.07456142
2425,0.07456142,0.06885621414958712,0.07456142
2426,0.35213596,0.016799144173998394,0.35213596
2427,-0.61945856,-0.1386855291734955,-0.61945856
2428,-0.61945856,-0.002862358896923607,-0.61945856
2429,-0.61945856,-0.14703971088997717,-0.61945856
2430,-0.61945856,-0.14703971088997717,-0.61945856
2431,0.0329555,0.1789037369771362,0.0329555
2432,0.0329555,0.07144386239138133,0.0329555
2433,0.0329555,0.11180099768871074,0.0329555
2434,0.0329555,0.11180099768871074,0.0329555
2435,-0.47774497,-0.03544657178836635,-0.47774497
2436,0.13653447,0.010426015810739373,0.13653447
2437,-0.35238603,0.18966489249816987,-0.35238603
2438,-0.41397667,-0.055074725159776475,-0.41397667
2439,-0.70383096,-0.09089811816438129,-0.70383096
2440,-0.70383096,-0.09089811816438129,-0.70383096
2441,-0.70383096,-0.09089811816438129,-0.70383096
2442,-0.70383096,-0.09089811816438129,-0.70383096
2443,-0.70383096,-0.09089811816438129,-0.70383096
2444,-0.70383096,-0.09089811816438129,-0.70383096
2445,-0.70383096,-0.09089811816438129,-0.70383096
2446,-0.70383096,-0.09089811816438129,-0.70383096
2447,-0.70383096,0.28696409389017663,-0.70383096
2448,-0.70383096,0.28696409389017663,-0.70383096
2449,-0.70383096,0.28696409389017663,-0.70383096
2450,-0.70383096,0.28696409389017663,-0.70383096
2451,-0.70383096,0.28696409389017663,-0.70383096
2452,-0.70383096,0.28696409389017663,-0.70383096
2453,-0.7434066,-0.019217393004825094,-0.7434066
2454,-0.48449555,-0.10669780432699653,-0.48449555
2455,-0.48449555,-0.10669780432699653,-0.48449555
2456,-0.48449555,-0.10669780432699653,-0.48449555
2457,-0.35590133,0.0516634697331875,-0.35590133
2458,-0.48449555,0.08768178501293651,-0.48449555
2459,-0.48449555,0.08768178501293651,-0.48449555
2460,-0.48449555,0.08768178501293651,-0.48449555
2461,-0.48449552,-0.014289970514435061,-0.48449552
2462,-0.48448747,0.006996684300411604,-0.48448747
2463,-0.48449555,-0.10669780432699653,-0.48449555
2464,-0.48448747,0.006996684300411604,-0.48448747
2465,-0.60777974,-0.01483238526897709,-0.60777974
2466,-0.6077799,-0.06693580261916218,-0.6077799
2467,-0.6077799,-0.10742322435872945,-0.6077799
2468,0.13655749,-0.05958562157797362,0.13655749
2469,-0.08304775,0.08962681514321329,-0.08304775
2470,-0.3878902,0.03420065827580698,-0.3878902
2471,-0.3878902,0.03420065827580698,-0.3878902
2472,-0.3878902,0.03420065827580698,-0.3878902
2473,0.028999068,0.09498388017789784,0.028999068
2474,0.028999068,-0.005122322148432348,0.028999068
2475,-0.35244155,0.043705637432829604,-0.35244155
2476,-0.35244155,0.043705637432829604,-0.35244155
2477,-0.35244155,0.036214364483178864,-0.35244155
2478,-0.35244155,0.043705637432829604,-0.35244155
2479,-0.35223275,0.04513750936406177,-0.35223275
2480,-0.35223275,0.04513750936406177,-0.35223275
2481,-0.35223275,0.04513750936406177,-0.35223275
2482,-0.35244155,0.05513272250674532,-0.35244155
2483,-0.35244155,0.05513272250674532,-0.35244155
2484,-0.35244155,0.05513272250674532,-0.35244155
2485,-0.35244155,0.05513272250674532,-0.35244155
2486,0.06178805,0.07620496741511995,0.06178805
2487,0.0644852,-0.0758909222678046,0.0644852
2488,-0.35223275,0.1513295238935792,-0.35223275
2489,-0.35223275,0.1513295238935792,-0.35223275
2490,-0.39907366,0.10036810685496138,-0.39907366
2491,-0.39907366,0.10036810685496138,-0.39907366
2492,-0.51343846,-0.012847646279537923,-0.51343846
2493,0.13655399,-0.09656270085510446,0.13655399
2494,0.1367155,-0.025864428758233186,0.1367155
2495,0.13634793,0.02995684725391841,0.13634793
2496,-0.41397682,-0.06527033432283251,-0.41397682
2497,-0.41397682,-0.06527033432283251,-0.41397682
2498,-0.41397682,-0.06527033432283251,-0.41397682
2499,-0.41397682,0.0006828976855785718,-0.41397682
2500,-0.41397682,0.0006828976855785718,-0.41397682
2501,-0.41397682,-0.06930658500757512,-0.41397682
2502,-0.41397682,-0.06930658500757512,-0.41397682
2503,-0.41397524,-0.06946042478912183,-0.41397524
2504,-0.48449555,-0.05246140637649068,-0.48449555
2505,-0.48449555,-0.05246140637649068,-0.48449555
2506,-0.48449555,-0.05246140637649068,-0.48449555
2507,-0.48449555,0.032483557468684504,-0.48449555
2508,-0.48449555,0.032483557468684504,-0.48449555
2509,-0.48450282,0.19319938566504335,-0.48450282
2510,-0.48449552,-0.019475066965315774,-0.48449552
2511,-0.48449552,-0.019475066965315774,-0.48449552
2512,-0.48449555,-0.05246140637649068,-0.48449555
2513,-0.48450282,-0.054223714037279054,-0.48450282
2514,-0.6077799,-0.1335283673404981,-0.6077799
2515,-0.6077799,-0.1302509239965826,-0.6077799
2516,-0.6077776,-0.15479470933501227,-0.6077776
2517,-0.6077799,0.3565434157097221,-0.6077799
2518,-0.35232493,0.06369704822637952,-0.35232493
2519,-0.35198358,0.07429771286168652,-0.35198358
2520,-0.35227796,-0.027755275229527383,-0.35227796
2521,-0.062144715,0.10643063790084646,-0.062144715
2522,-0.34138942,0.03299253794757162,-0.34138942
2523,-0.35188785,0.08670119512440261,-0.35188785
2524,-0.35478577,0.04162793408200687,-0.35478577
2525,-0.35213155,0.10842229836738537,-0.35213155
2526,-0.48151568,-0.074662959961475,-0.48151568
2527,-0.31958055,-0.07430761968153837,-0.31958055
2528,-0.31958055,0.005924185381292326,-0.31958055
2529,-0.31982425,0.07924881929158661,-0.31982425
2530,-0.31982425,-0.047012752602178416,-0.31982425
2531,-0.31956106,-0.009019629504544616,-0.31956106
2532,-0.31956106,-0.09457309460636178,-0.31956106
2533,-0.31956092,-0.013745596648023502,-0.31956092
2534,-0.31956092,0.05896017281234398,-0.31956092
2535,-0.35517246,0.07478803205488198,-0.35517246
2536,-0.35517246,0.07478803205488198,-0.35517246
2537,0.06416464,0.11417595409780379,0.06416464
2538,0.06416464,-0.07991197239382267,0.06416464
2539,-0.35276186,0.0794781019547645,-0.35276186
2540,-0.35225472,0.009918099607342433,-0.35225472
2541,-0.3525182,0.29631225046087956,-0.3525182
2542,-0.3525182,0.29631225046087956,-0.3525182
2543,-0.35276186,0.024285992057323035,-0.35276186
2544,-0.47774455,-0.03871393924652149,-0.47774455
2545,-0.47698936,-0.047425958390943414,-0.47698936
2546,-0.44630897,0.08719854672591691,-0.44630897
2547,-0.44630897,0.025887252923976933,-0.44630897
2548,-0.44630897,0.025887252923976933,-0.44630897
2549,-0.44630897,0.025887252923976933,-0.44630897
2550,-0.4772731,0.16267193975954922,-0.4772731
2551,-0.4772731,0.16267193975954922,-0.4772731
2552,-0.4772731,0.16267193975954922,-0.4772731
2553,-0.4772731,0.037033426844570325,-0.4772731
2554,-0.47724316,0.16961912736771248,-0.47724316
2555,-0.47724316,0.16961912736771248,-0.47724316
2556,-0.47724316,-0.10818441128235093,-0.47724316
2557,-0.47751698,0.053336478706071666,-0.47751698
2558,-0.47751698,0.053336478706071666,-0.47751698
2559,-0.47751698,0.016526319387923774,-0.47751698
2560,-0.47725326,0.05613084753096781,-0.47725326
2561,-0.47725326,0.0560626173897001,-0.47725326
2562,-0.48017153,0.041928321424809734,-0.48017153
2563,-0.4492073,-0.016232439142066332,-0.4492073
2564,-0.47725326,-0.13669448219309976,-0.47725326
2565,-0.47751698,-0.10563237475748051,-0.47751698
2566,-0.47751698,-0.10563237475748051,-0.47751698
2567,0.07456158,0.06320370735999882,0.07456158
2568,0.07456158,0.06320370735999882,0.07456158
2569,0.04350242,0.10665972702317429,0.04350242
2570,-0.61945856,-0.13539317609585133,-0.61945856
2571,-0.61945856,-0.13539317609585133,-0.61945856
2572,-0.62179613,-0.13288569478404305,-0.62179613
2573,-0.62179613,-0.13288569478404305,-0.62179613
2574,-0.62179613,-0.102279503391985,-0.62179613
2575,-0.62179613,-0.102279503391985,-0.62179613
2576,-0.62179613,-0.102279503391985,-0.62179613
2577,-0.61945856,-0.08239033865033453,-0.61945856
2578,-0.61945856,-0.09091262993962153,-0.61945856
2579,-0.61945856,-0.13178107780079473,-0.61945856
2580,0.13655421,-0.016131557977062644,0.13655421
2581,0.13627115,0.07722585772643557,0.13627115
2582,0.13654974,-0.18160131624151923,0.13654974
2583,-0.41396868,-0.04803191658438502,-0.41396868
2584,-0.41396868,-0.04803191658438502,-0.41396868
2585,-0.70383084,-0.025508397621599167,-0.70383084
2586,-0.70383084,-0.025508397621599167,-0.70383084
2587,-0.70383084,-0.025508397621599167,-0.70383084
2588,-0.70383084,-0.025508397621599167,-0.70383084
2589,-0.70383084,-0.050684574504788575,-0.70383084
2590,-0.70382285,0.046961030233953496,-0.70382285
2591,-0.70382285,0.046961030233953496,-0.70382285
2592,-0.70382285,0.046961030233953496,-0.70382285
2593,-0.70382285,-0.1830698823082693,-0.70382285
2594,-0.70382285,-0.1830698823082693,-0.70382285
2595,-0.70382285,-0.1830698823082693,-0.70382285
2596,-0.70382285,-0.1830698823082693,-0.70382285
2597,-0.745738,0.01189187788094934,-0.745738
2598,-0.70383096,0.09007329009659484,-0.70383096
2599,-0.70383096,0.09007329009659484,-0.70383096
2600,-0.70383096,0.09007329009659484,-0.70383096
2601,-0.70383096,0.09007329009659484,-0.70383096
2602,-0.70383096,0.09007329009659484,-0.70383096
2603,-0.70383096,-0.15306932440593043,-0.70383096
2604,-0.70383096,-0.15306932440593043,-0.70383096
2605,-0.70383096,-0.15306932440593043,-0.70383096
2606,-0.70383096,-0.15306932440593043,-0.70383096
2607,-0.35213694,0.0894412049483139,-0.35213694
2608,-0.35213694,-0.014287065471237793,-0.35213694
2609,-0.39353576,0.044811708609933804,-0.39353576
2610,-0.39353576,-0.016677480445986905,-0.39353576
2611,-0.69302577,-0.1689817038550697,-0.69302577
2612,-0.70383096,0.19004408688408736,-0.70383096
2613,-0.7038334,-0.10722198024862604,-0.7038334
2614,-0.703832,0.023602173117515887,-0.703832
2615,-0.703832,0.023602173117515887,-0.703832
2616,-0.703832,0.023602173117515887,-0.703832
2617,-0.35217014,-0.06153091058711718,-0.35217014
2618,-0.27511713,0.1274639459216501,-0.27511713
2619,-0.27511713,0.1328857454496021,-0.27511713
2620,-0.3525043,0.0287941124397125,-0.3525043
2621,-0.3525043,0.0287941124397125,-0.3525043
2622,-0.3525043,0.020705094142902076,-0.3525043
2623,-0.3525043,0.0287941124397125,-0.3525043
2624,-0.3525043,0.0287941124397125,-0.3525043
2625,-0.3525043,0.0287941124397125,-0.3525043
2626,-0.3525043,0.0287941124397125,-0.3525043
2627,-0.3525043,0.020705094142902076,-0.3525043
2628,-0.3525043,0.0287941124397125,-0.3525043
2629,-0.3525043,0.0287941124397125,-0.3525043
2630,-0.3525043,0.0287941124397125,-0.3525043
2631,-0.3525043,0.0287941124397125,-0.3525043
2632,-0.3525043,0.0287941124397125,-0.3525043
2633,-0.3525043,0.0287941124397125,-0.3525043
2634,-0.3525043,0.14089436003153794,-0.3525043
2635,-0.3525043,0.14089436003153794,-0.3525043
2636,-0.3525043,0.14089436003153794,-0.3525043
2637,-0.3525043,0.14089436003153794,-0.3525043
2638,-0.3525043,0.14089436003153794,-0.3525043
2639,-0.3525043,0.14089436003153794,-0.3525043
2640,0.061016027,0.06322057956142922,0.061016027
2641,0.061016027,-0.027434975933587867,0.061016027
2642,-0.35590926,0.053607455789474526,-0.35590926
2643,-0.35590926,0.053607455789474526,-0.35590926
2644,-0.35590926,0.053607455789474526,-0.35590926
2645,-0.35590926,0.053607455789474526,-0.35590926
2646,-0.35590926,0.14446345607678338,-0.35590926
2647,-0.35590926,0.14446345607678338,-0.35590926
2648,-0.35590926,0.14446345607678338,-0.35590926
2649,-0.35590926,0.14446345607678338,-0.35590926
2650,-0.39414322,0.06859521044347963,-0.39414322
2651,-0.39414322,0.0769976615725188,-0.39414322
2652,-0.39414322,0.0769976615725188,-0.39414322
2653,-0.39414322,0.0769976615725188,-0.39414322
2654,-0.27511713,0.23291717976449847,-0.27511713
2655,-0.48448747,-0.0616323411843503,-0.48448747
2656,0.064422436,0.08769386212071437,0.064422436
2657,-0.35223186,-0.005235725325729507,-0.35223186
2658,-0.35223186,-0.005235725325729507,-0.35223186
2659,-0.35223186,0.10053603581464055,-0.35223186
2660,-0.35223186,0.10053603581464055,-0.35223186
2661,0.022733523,0.04515117409633927,0.022733523
2662,-0.47710958,0.19182162363674335,-0.47710958
2663,-0.47710958,-0.011021565142784696,-0.47710958
2664,-0.47710958,-0.03341453608501679,-0.47710958
2665,-0.47710958,-0.011021565142784696,-0.47710958
2666,-0.47710958,-0.03341453608501679,-0.47710958
2667,-0.4772488,-0.13824846010466757,-0.4772488
2668,0.20702133,0.07095107691192017,0.20702133
2669,0.20733266,0.018724504434618375,0.20733266
2670,0.13628517,0.1382615499273176,0.13628517
2671,0.13628517,-0.029760309151795075,0.13628517
2672,0.13628517,-0.029760309151795075,0.13628517
2673,0.13628517,-0.029760309151795075,0.13628517
2674,0.09459832,0.21940231559894857,0.09459832
2675,-0.47774497,0.02356853287240809,-0.47774497
2676,-0.47760144,0.10407466517889143,-0.47760144
2677,-0.6077799,-0.12790713393061695,-0.6077799
2678,0.13287891,-0.019408153676130125,0.13287891
2679,-0.41397473,0.023975352803928717,-0.41397473
2680,-0.41397682,0.006706279858408815,-0.41397682
2681,-0.41397682,0.006706279858408815,-0.41397682
2682,-0.41397682,0.006706279858408815,-0.41397682
2683,-0.41397682,0.006706279858408815,-0.41397682
2684,-0.41397682,0.006706279858408815,-0.41397682
2685,-0.41397682,0.006706279858408815,-0.41397682
2686,-0.41397682,0.04272733534241354,-0.41397682
2687,-0.41397682,0.04272733534241354,-0.41397682
2688,-0.41397682,-0.02010701121627842,-0.41397682
2689,-0.4139768,0.0043858702144947284,-0.4139768
2690,-0.4139768,0.00714749026129121,-0.4139768
2691,-0.41386616,-0.03430319296779525,-0.41386616
2692,-0.41397524,0.004634859082789921,-0.41397524
2693,-0.082559876,0.028849678937796764,-0.082559876
2694,-0.082559876,0.05386433248536118,-0.082559876
2695,-0.3520744,0.096163849786873,-0.3520744
2696,-0.38752648,-0.043570359244812035,-0.38752648
2697,-0.31976712,-0.002281229887577665,-0.31976712
2698,-0.31976712,0.0004112957020204694,-0.31976712
2699,-0.31956103,-0.10011026760187898,-0.31956103
2700,-0.31956103,0.042763652297286354,-0.31956103
2701,-0.31955954,-0.0012406697668416787,-0.31955954
2702,-0.48449555,-0.04967557744508523,-0.48449555
2703,-0.48449555,-0.04967557744508523,-0.48449555
2704,-0.48449555,-0.04967557744508523,-0.48449555
2705,-0.48449552,-0.06191997781557647,-0.48449552
2706,-0.48449552,0.08634530878037966,-0.48449552
2707,-0.48449552,0.08634530878037966,-0.48449552
2708,-0.48449555,-0.005411584890290231,-0.48449555
2709,-0.48449555,-0.005411584890290231,-0.48449555
2710,-0.48449555,-0.005411584890290231,-0.48449555
2711,-0.48449555,-0.11244832752767926,-0.48449555
2712,-0.48449552,-0.06191997781557647,-0.48449552
2713,-0.35225222,0.0049737643177638555,-0.35225222
2714,-0.35225222,0.0698028182786105,-0.35225222
2715,-0.34752974,0.13563698365002458,-0.34752974
2716,-0.5900194,-0.06419778932611195,-0.5900194
2717,-0.39907366,-0.0241478787027277,-0.39907366
2718,-0.4774598,0.013313758700463663,-0.4774598
2719,-0.47724995,8.315898098983196e-05,-0.47724995
2720,-0.4774598,0.07952495464534794,-0.4774598
2721,-0.4774598,0.07952495464534794,-0.4774598
2722,-0.5129463,-0.06743306238679178,-0.5129463
2723,-0.4801577,0.029583597830244324,-0.4801577
2724,-0.4801577,0.04502166044226419,-0.4801577
2725,-0.6194845,-0.27461954702671676,-0.6194845
2726,0.03295551,0.06787272002739912,0.03295551
2727,0.03295551,0.06787272002739912,0.03295551
2728,-0.61945856,-0.2871619165180589,-0.61945856
2729,-0.61945856,-0.2871619165180589,-0.61945856
2730,0.13628897,0.05638343268502432,0.13628897
2731,0.13628897,0.05638343268502432,0.13628897
2732,0.13628897,-0.06458767380443023,0.13628897
2733,0.13628897,0.05638343268502432,0.13628897
2734,0.13628897,0.05638343268502432,0.13628897
2735,0.13628897,0.05638343268502432,0.13628897
2736,0.13628897,0.05638343268502432,0.13628897
2737,0.13628897,0.05638343268502432,0.13628897
2738,0.13628897,0.05638343268502432,0.13628897
2739,0.13628897,-0.06458767380443023,0.13628897
2740,0.13628897,-0.06458767380443023,0.13628897
2741,0.13628897,0.05638343268502432,0.13628897
2742,0.13628897,0.05638343268502432,0.13628897
2743,0.13628897,0.05638343268502432,0.13628897
2744,0.13628897,0.05638343268502432,0.13628897
2745,-0.4778703,-0.04618166775394472,-0.4778703
2746,-0.4778703,-0.04618166775394472,-0.4778703
2747,-0.4778703,-0.03142569475320124,-0.4778703
2748,0.13628897,0.05787096380941485,0.13628897
2749,-0.6077799,-0.1680343835133678,-0.6077799
2750,-0.6077799,-0.1329470138717736,-0.6077799
2751,-0.6077768,-0.1336240579151081,-0.6077768
2752,0.13653451,-0.18874488940600756,0.13653451
2753,0.13669601,0.016478672555165556,0.13669601
2754,-0.70383096,0.08213327672180626,-0.70383096
2755,-0.70383096,0.08213327672180626,-0.70383096
2756,-0.70383096,0.08213327672180626,-0.70383096
2757,-0.70383096,0.08213327672180626,-0.70383096
2758,-0.7038314,0.007959829115954392,-0.7038314
2759,-0.7038314,0.007959829115954392,-0.7038314
2760,-0.70383096,-0.2890487249729299,-0.70383096
2761,-0.70383096,-0.2890487249729299,-0.70383096
2762,-0.70383096,-0.2890487249729299,-0.70383096
2763,-0.70383096,-0.2890487249729299,-0.70383096
2764,-0.7038314,-0.14517829176633254,-0.7038314
2765,-0.7038314,-0.14517829176633254,-0.7038314
2766,-0.7038314,-0.14517829176633254,-0.7038314
2767,-0.48441026,0.01888755540301329,-0.48441026
2768,-0.35223413,0.0111039051093894,-0.35223413
2769,-0.35223413,0.0111039051093894,-0.35223413
2770,-0.35223413,0.0111039051093894,-0.35223413
2771,-0.35223413,0.0111039051093894,-0.35223413
2772,-0.35233945,0.0230114917967182,-0.35233945
2773,-0.35233945,0.0230114917967182,-0.35233945
2774,-0.35233945,0.0230114917967182,-0.35233945
2775,-0.35233945,0.0230114917967182,-0.35233945
2776,-0.35233945,0.0230114917967182,-0.35233945
2777,-0.35233945,0.0230114917967182,-0.35233945
2778,-0.35233945,0.0230114917967182,-0.35233945
2779,-0.35233945,0.0230114917967182,-0.35233945
2780,-0.35233945,0.0230114917967182,-0.35233945
2781,-0.35233945,0.14089436003153794,-0.35233945
2782,-0.35233945,0.14089436003153794,-0.35233945
2783,-0.35233945,0.14089436003153794,-0.35233945
2784,-0.35233945,0.14089436003153794,-0.35233945
2785,-0.35233945,0.14089436003153794,-0.35233945
2786,-0.3537129,0.05635455298131223,-0.3537129
2787,-0.3537129,0.05635455298131223,-0.3537129
2788,-0.3537129,0.05635455298131223,-0.3537129
2789,-0.35223413,0.24566715884909823,-0.35223413
2790,-0.35223413,0.24566715884909823,-0.35223413
2791,-0.35223413,0.24566715884909823,-0.35223413
2792,-0.35219276,0.07397236596377814,-0.35219276
2793,-0.35219297,0.27096147038445456,-0.35219297
2794,0.06458729,0.005935882749141748,0.06458729
2795,-0.026896821,0.112071519488028,-0.026896821
2796,-0.4777435,-0.04135656097873609,-0.4777435
2797,0.13655397,-0.07340994827736301,0.13655397
2798,0.1365553,-0.04284344666479169,0.1365553
2799,-0.41393402,0.02867541656071984,-0.41393402
2800,-0.41397622,0.01271906612050272,-0.41397622
2801,-0.41397622,0.01271906612050272,-0.41397622
2802,-0.41397682,-0.059802756492801395,-0.41397682
2803,-0.41397682,-0.059802756492801395,-0.41397682
2804,-0.41397682,-0.059802756492801395,-0.41397682
2805,-0.41397682,-0.059802756492801395,-0.41397682
2806,0.028786262,0.0815251101766827,0.028786262
2807,0.058884785,0.042310197137471375,0.058884785
2808,-0.39907366,0.05380140382201645,-0.39907366
2809,-0.48449555,-0.03446383455108715,-0.48449555
2810,-0.48449555,-0.03446383455108715,-0.48449555
2811,-0.48449555,0.07014861187430971,-0.48449555
2812,-0.48449555,0.07014861187430971,-0.48449555
2813,-0.48449552,-0.02977571090709405,-0.48449552
2814,-0.48449552,-0.02977571090709405,-0.48449552
2815,-0.48449552,-0.02977571090709405,-0.48449552
2816,-0.48449543,0.036978457264589384,-0.48449543
2817,-0.48445252,-0.09877742723541386,-0.48445252
2818,-0.4844992,-0.048945394674853406,-0.4844992
2819,-0.48445252,-0.03518124767580546,-0.48445252
2820,-0.48449555,-0.03446383455108715,-0.48449555
2821,-0.2748483,0.11290692644046862,-0.2748483
2822,-0.4138907,0.02827385869591669,-0.4138907
2823,-0.4207563,-0.0032528770828823663,-0.4207563
2824,-0.4207563,-0.0032528770828823663,-0.4207563
2825,-0.6077799,-0.13431787318864552,-0.6077799
2826,-0.6077799,0.3391716870638539,-0.6077799
2827,-0.48441026,0.015098698315391014,-0.48441026
2828,-0.4845669,0.049246714885970724,-0.4845669
2829,0.20713791,0.1806602785706595,0.20713791
2830,-0.4773431,0.1867950517319446,-0.4773431
2831,-0.4773431,-0.08205305043737951,-0.4773431
2832,0.032955505,0.14715090758535435,0.032955505
2833,-0.61945856,-0.2506671241180721,-0.61945856
2834,-0.3522329,0.0678771589449938,-0.3522329
2835,-0.35225567,0.0691118180728047,-0.35225567
2836,-0.47726265,-0.1059546461210695,-0.47726265
2837,-0.47726265,-0.015402699906080184,-0.47726265
2838,0.074561745,0.09029794380679243,0.074561745
2839,-0.47727346,0.04604478109812957,-0.47727346
2840,-0.47727346,0.04604478109812957,-0.47727346
2841,-0.4772325,0.061312321176191995,-0.4772325
2842,0.20695856,0.1999696160712158,0.20695856
2843,0.20695856,0.1999696160712158,0.20695856
2844,0.1652844,0.06294458310461426,0.1652844
2845,0.20355265,0.06866818398179277,0.20355265
2846,0.20723191,-0.007150442620772995,0.20723191
2847,-0.058488887,-0.010247611042745214,-0.058488887
2848,-0.020204498,0.11874851996666075,-0.020204498
2849,-0.058488887,0.13446660925143322,-0.058488887
2850,-0.06189542,0.05904470718459537,-0.06189542
2851,-0.48019108,-0.0077954135581025236,-0.48019108
2852,-0.4772428,-0.07232182306896455,-0.4772428
2853,-0.47727275,0.11631517604859098,-0.47727275
2854,-0.48852536,-0.04401381654245421,-0.48852536
2855,-0.06189542,0.11100350907149101,-0.06189542
2856,-0.020204498,0.07782493547961793,-0.020204498
2857,0.20695856,-0.015269773872927356,0.20695856
2858,0.1652844,-0.12717717602015743,0.1652844
2859,-0.6194586,-0.25342789388177434,-0.6194586
2860,-0.6194586,-0.09047168744281735,-0.6194586
2861,-0.62179613,0.05333912656354503,-0.62179613
2862,-0.62179613,0.05333912656354503,-0.62179613
2863,-0.62179613,-0.2359630328978316,-0.62179613
2864,-0.62179613,-0.2359630328978316,-0.62179613
2865,-0.62179613,-0.15289452989824623,-0.62179613
2866,-0.41396868,0.03051536573010802,-0.41396868
2867,-0.35238647,0.048468191048667196,-0.35238647
2868,-0.35238647,-0.03542213151360575,-0.35238647
2869,-0.31956103,0.009399810669606889,-0.31956103
2870,-0.31956103,-0.010390203923567327,-0.31956103
2871,-0.31956103,0.009399810669606889,-0.31956103
2872,-0.70383096,-0.1818852664474,-0.70383096
2873,-0.70383096,-0.1818852664474,-0.70383096
2874,-0.70383096,-0.1818852664474,-0.70383096
2875,-0.70383096,-0.1818852664474,-0.70383096
2876,-0.35212165,-0.017738031135088313,-0.35212165
2877,-0.70383096,-0.012364903595212973,-0.70383096
2878,-0.31982988,0.04963748792449993,-0.31982988
2879,-0.31982988,0.08285612502574793,-0.31982988
2880,-0.31982988,0.04963748792449993,-0.31982988
2881,-0.35212165,0.1455087346335132,-0.35212165
2882,-0.35554206,0.08141315504357356,-0.35554206
2883,-0.35554206,0.08141315504357356,-0.35554206
2884,-0.35554206,-0.01634424648882684,-0.35554206
2885,-0.69301766,-0.06617835075142099,-0.69301766
2886,-0.023618428,0.10008549542801644,-0.023618428
2887,-0.47752258,-0.04027961501138892,-0.47752258
2888,-0.47752258,0.001111295848065537,-0.47752258
2889,-0.47752258,-0.07151814790296486,-0.47752258
2890,-0.47710946,-0.07710439431992425,-0.47710946
2891,-0.47774452,-0.1366830521114973,-0.47774452
2892,-0.44655845,0.039235672713926736,-0.44655845
2893,-0.47752258,-0.00821089637717687,-0.47752258
2894,-0.47752258,-0.00821089637717687,-0.47752258
2895,-0.47710946,0.05834194749851469,-0.47710946
2896,-0.47710946,0.05834194749851469,-0.47710946
2897,-0.47710946,0.002301287864233832,-0.47710946
2898,-0.4462096,-0.06160606184594316,-0.4462096
2899,-0.47724876,0.17624461073020847,-0.47724876
2900,-0.47724876,0.057642484112282455,-0.47724876
2901,-0.51921046,0.012622292859082474,-0.51921046
2902,0.07456142,0.06499740009473144,0.07456142
2903,0.07456142,0.06499740009473144,0.07456142
2904,-0.47737294,0.04920327590571842,-0.47737294
2905,-0.48092988,0.014306343632052266,-0.48092988
2906,-0.48092988,-0.05947608665633573,-0.48092988
2907,0.07456265,0.09356465537005292,0.07456265
2908,-0.61945856,-0.060018403569634074,-0.61945856
2909,0.032955512,0.16644742507416393,0.032955512
2910,0.032955512,0.14001654393852972,0.032955512
2911,0.032976814,0.06861435839122673,0.032976814
2912,0.03295607,0.08046940871919167,0.03295607
2913,-0.35273424,0.04287581591662052,-0.35273424
2914,0.032955512,0.14001654393852972,0.032955512
2915,0.032976814,0.06861435839122673,0.032976814
2916,-0.6194591,-0.25316313413201336,-0.6194591
2917,-0.6194591,-0.08460750585075384,-0.6194591
2918,-0.023620434,0.07285911911516939,-0.023620434
2919,0.13653453,0.07101204595882706,0.13653453
2920,-0.08255953,0.1045224207648763,-0.08255953
2921,-0.082549475,0.02958217949606722,-0.082549475
2922,-0.08254969,0.06099147244642718,-0.08254969
2923,-0.082280025,0.034865467265282,-0.082280025
2924,-0.08257936,0.11330666664143099,-0.08257936
2925,-0.082823105,0.06660650942979811,-0.082823105
2926,-0.085475825,0.020789906238843726,-0.085475825
2927,-0.70383096,-0.057068396546907936,-0.70383096
2928,-0.70383096,-0.057068396546907936,-0.70383096
2929,-0.70383096,-0.057068396546907936,-0.70383096
2930,-0.70383096,-0.057068396546907936,-0.70383096
2931,-0.70383096,-0.057068396546907936,-0.70383096
2932,-0.70383096,0.13114362516371814,-0.70383096
2933,-0.70383096,0.13114362516371814,-0.70383096
2934,-0.70383096,0.13114362516371814,-0.70383096
2935,-0.70383096,0.13114362516371814,-0.70383096
2936,-0.7038653,-0.04323070885956615,-0.7038653
2937,-0.7038653,-0.04323070885956615,-0.7038653
2938,-0.7038653,-0.04323070885956615,-0.7038653
2939,-0.7038653,-0.07810049524064881,-0.7038653
2940,-0.7038315,-0.010788587549852974,-0.7038315
2941,-0.70371914,-0.04691336519653427,-0.70371914
2942,-0.41397682,-0.08894125513179166,-0.41397682
2943,-0.41397682,0.04733723417870418,-0.41397682
2944,-0.4139768,0.011599645427337442,-0.4139768
2945,-0.08262261,0.06435894108518225,-0.08262261
2946,-0.5900194,0.09227332282765945,-0.5900194
2947,-0.3523147,0.01780715153249541,-0.3523147
2948,-0.35206804,0.12747830393376527,-0.35206804
2949,-0.4769624,-0.08389961302648832,-0.4769624
2950,-0.4769624,-0.025229328602179257,-0.4769624
2951,-0.4769624,-0.08389961302648832,-0.4769624
2952,-0.4769624,-0.022613773085285806,-0.4769624
2953,-0.4769624,-0.08389961302648832,-0.4769624
2954,-0.4769624,-0.025229328602179257,-0.4769624
2955,-0.4769624,-0.08389961302648832,-0.4769624
2956,-0.4769624,-0.08389961302648832,-0.4769624
2957,-0.4769624,-0.08389961302648832,-0.4769624
2958,-0.4769624,-0.08389961302648832,-0.4769624
2959,-0.4769624,-0.08389961302648832,-0.4769624
2960,-0.4769624,-0.025229328602179257,-0.4769624
2961,-0.4769624,-0.08389961302648832,-0.4769624
2962,-0.4769624,-0.08389961302648832,-0.4769624
2963,-0.4769624,-0.025229328602179257,-0.4769624
2964,-0.4769624,-0.08389961302648832,-0.4769624
2965,-0.4769624,-0.08389961302648832,-0.4769624
2966,-0.4769624,-0.08389961302648832,-0.4769624
2967,-0.4769624,-0.08389961302648832,-0.4769624
2968,-0.4769624,0.03771644600399499,-0.4769624
2969,-0.4769624,0.03771644600399499,-0.4769624
2970,-0.4773783,-0.09772430099919709,-0.4773783
2971,-0.4773783,-0.09772430099919709,-0.4773783
2972,-0.4773783,-0.09772430099919709,-0.4773783
2973,-0.4773783,-0.09772430099919709,-0.4773783
2974,-0.4773783,-0.09772430099919709,-0.4773783
2975,-0.4773783,-0.09772430099919709,-0.4773783
2976,-0.4773783,-0.09772430099919709,-0.4773783
2977,-0.4461901,-0.02334673470071609,-0.4461901
2978,-0.4461901,0.0608220663992359,-0.4461901
2979,-0.47710454,-0.08789048126873708,-0.47710454
2980,0.07456265,0.1479950673502044,0.07456265
2981,-0.4461901,-0.03324911582498951,-0.4461901
2982,-0.48449555,-0.030936881613960954,-0.48449555
2983,-0.47744933,0.006884423324655969,-0.47744933
2984,-0.47744933,0.15214503096286658,-0.47744933
2985,-0.4771626,-0.05245822070499924,-0.4771626
2986,-0.4771626,0.04181412105855785,-0.4771626
2987,-0.62179655,-0.09933014803665942,-0.62179655
2988,-0.62179655,-0.09344639566155977,-0.62179655
2989,-0.62179655,0.05892735566071864,-0.62179655
2990,-0.47745693,-0.019344119396208326,-0.47745693
2991,-0.47745693,-0.019344119396208326,-0.47745693
2992,-0.47745693,-0.020161140127181256,-0.47745693
2993,-0.47787052,-0.021775421936146674,-0.47787052
2994,-0.47787052,-0.021775421936146674,-0.47787052
2995,-0.47787017,-0.08615239597143169,-0.47787017
2996,-0.47787017,-0.08615239597143169,-0.47787017
2997,-0.4775905,-0.05759887207240079,-0.4775905
2998,-0.4775905,-0.059604342740084706,-0.4775905
2999,-0.4775905,-0.017672937811769047,-0.4775905
3000,-0.4775905,-0.04358336900670829,-0.4775905
3001,-0.47759658,-0.05934732448330615,-0.47759658
3002,-0.47786993,0.07006687994313557,-0.47786993
3003,-0.51931494,0.0017019520792320606,-0.51931494
3004,0.20712341,0.05725695493751407,0.20712341
3005,-0.0435513,0.12786190300164388,-0.0435513
3006,-0.060686234,-0.04037586224730891,-0.060686234
3007,-0.062060267,0.12432661165153863,-0.062060267
3008,-0.062060267,0.01942827922017932,-0.062060267
3009,-0.70383084,0.021363412177701623,-0.70383084
3010,-0.3494483,0.028793982831969215,-0.3494483
3011,-0.3519723,0.06179118620873056,-0.3519723
3012,-0.35334575,0.08054156523079198,-0.35334575
3013,-0.3704682,0.05693167857162507,-0.3704682
3014,-0.35334575,0.0024191352852670454,-0.35334575
3015,-0.32103842,-0.05170201231389412,-0.32103842
3016,-0.31956103,-0.005628747724445144,-0.31956103
3017,-0.31956103,-0.024934767957406123,-0.31956103
3018,-0.47731575,-0.0001092367352015179,-0.47731575
3019,-0.47776332,0.03648330368569833,-0.47776332
3020,0.13629252,-0.09542705837083172,0.13629252
3021,0.13629252,-0.08091562353513819,0.13629252
3022,-0.4778653,-0.14748285227795094,-0.4778653
3023,-0.6077799,-0.1561176474096681,-0.6077799
3024,-0.082556345,0.04600217035470236,-0.082556345
3025,-0.08244988,0.04162028627827923,-0.08244988
3026,-0.08245219,0.05329463422227148,-0.08245219
3027,-0.079527065,0.04873479655214747,-0.079527065
3028,-0.0827659,0.11669417963874956,-0.0827659
3029,-0.48518395,-0.08948017335907053,-0.48518395
3030,-0.48518395,-0.024616994154948803,-0.48518395
3031,0.26853055,0.01750087839236536,0.26853055
3032,-0.47725177,0.03687195432672818,-0.47725177
3033,-0.47725177,0.2096550004607919,-0.47725177
3034,-0.47735763,-0.058911584286022126,-0.47735763
3035,-0.478732,0.014527352205885519,-0.478732
3036,-0.49586606,0.00458446237874131,-0.49586606
3037,-0.44639346,-0.04328341994182916,-0.44639346
3038,-0.44639346,-0.04328341994182916,-0.44639346
3039,-0.49586606,0.004174230746321731,-0.49586606
3040,-0.46490142,0.034561553160355654,-0.46490142
3041,0.032963905,0.18535863512826165,0.032963905
3042,-0.61945856,-0.15233957409926227,-0.61945856
3043,-0.61945856,-0.25441108560348225,-0.61945856
3044,0.032963905,0.18535863512826165,0.032963905
3045,0.03295485,0.08137853730218271,0.03295485
3046,0.13653448,0.005794732012922919,0.13653448
3047,0.13661599,-0.14096707900476685,0.13661599
3048,-0.3285711,0.17158278931691529,-0.3285711
3049,-0.17366964,0.11302090223608299,-0.17366964
3050,-0.17366964,0.09250302440686861,-0.17366964
3051,-0.17366964,0.09250302440686861,-0.17366964
3052,-0.455306,0.00818642376356612,-0.455306
3053,-0.35287294,0.04123751431882411,-0.35287294
3054,-0.35287294,0.04123751431882411,-0.35287294
3055,-0.35287294,0.04123751431882411,-0.35287294
3056,-0.35287294,0.04123751431882411,-0.35287294
3057,-0.35287294,0.04123751431882411,-0.35287294
3058,-0.35287294,0.04123751431882411,-0.35287294
3059,-0.35287294,0.04123751431882411,-0.35287294
3060,-0.35287294,0.04123751431882411,-0.35287294
3061,-0.35287294,0.04123751431882411,-0.35287294
3062,-0.35287294,0.04123751431882411,-0.35287294
3063,0.056858815,-0.015482045822973488,0.056858815
3064,0.06405356,0.09355281910063022,0.06405356
3065,0.06405356,0.1099181098972799,0.06405356
3066,-0.35287294,0.19431610645887767,-0.35287294
3067,-0.35287294,0.19431610645887767,-0.35287294
3068,-0.360065,-0.00992788724956517,-0.360065
3069,-0.360065,-0.00992788724956517,-0.360065
3070,-0.360065,-0.00992788724956517,-0.360065
3071,-0.360065,-0.00992788724956517,-0.360065
3072,-0.360065,0.0509922484248847,-0.360065
3073,-0.7037877,-0.31602195079119444,-0.7037877
3074,-0.7037877,-0.31602195079119444,-0.7037877
3075,-0.7037877,-0.31602195079119444,-0.7037877
3076,-0.7037877,-0.31602195079119444,-0.7037877
3077,-0.7037877,-0.02049987159169911,-0.7037877
3078,-0.7037877,-0.02049987159169911,-0.7037877
3079,-0.7037877,-0.02049987159169911,-0.7037877
3080,-0.7037877,-0.02049987159169911,-0.7037877
3081,-0.7037877,-0.02049987159169911,-0.7037877
3082,-0.7037877,-0.02049987159169911,-0.7037877
3083,-0.70383096,0.028190653104998117,-0.70383096
3084,-0.70383096,0.028190653104998117,-0.70383096
3085,-0.70383096,0.028190653104998117,-0.70383096
3086,-0.70383096,-0.076866942624582,-0.70383096
3087,-0.70383096,-0.076866942624582,-0.70383096
3088,-0.70383096,-0.076866942624582,-0.70383096
3089,-0.70383096,-0.076866942624582,-0.70383096
3090,-0.7434066,-0.10615884719762025,-0.7434066
3091,-0.70383644,0.022051284800381897,-0.70383644
3092,-0.7038303,0.027318157959894826,-0.7038303
3093,-0.48448747,-0.048720528669193075,-0.48448747
3094,-0.47734928,-0.05895821812905823,-0.47734928
3095,-0.47734928,0.15214503096286658,-0.47734928
3096,-0.47772184,0.02082717841792834,-0.47772184
3097,-0.47709092,0.010352941252568538,-0.47709092
3098,0.13591632,0.23287600375054898,0.13591632
3099,0.13591632,0.23287600375054898,0.13591632
3100,-0.41397682,0.07624108686506083,-0.41397682
3101,-0.41397682,0.07624108686506083,-0.41397682
3102,-0.41397682,0.07624108686506083,-0.41397682
3103,-0.41397682,0.07624108686506083,-0.41397682
3104,-0.41397682,0.07624108686506083,-0.41397682
3105,-0.4139591,-0.016979843581167862,-0.4139591
3106,-0.48449552,0.018131544833116162,-0.48449552
3107,-0.48449552,0.018131544833116162,-0.48449552
3108,-0.48449704,-0.003477200781327576,-0.48449704
3109,-0.48449552,0.018131544833116162,-0.48449552
3110,-0.02690058,0.13970419122850866,-0.02690058
3111,-0.027003461,0.056746987384861246,-0.027003461
3112,-0.6077799,-0.10443721550231169,-0.6077799
3113,-0.42078933,-0.013545700271144644,-0.42078933
3114,-0.3582605,0.07019778285684464,-0.3582605
3115,-0.3346404,0.11232934316230035,-0.3346404
3116,-0.35250434,0.00794586134259998,-0.35250434
3117,-0.35227796,0.026211193148166327,-0.35227796
3118,-0.48445252,-0.09662846153990523,-0.48445252
3119,-0.47647285,-0.04180467640456068,-0.47647285
3120,0.20718072,0.1252888903484854,0.20718072
3121,-0.62235326,-0.19644840009400313,-0.62235326
3122,-0.62235326,-0.14380453722308914,-0.62235326
3123,-0.62235326,-0.14078943311333858,-0.62235326
3124,-0.279354,0.0960265267409857,-0.279354
3125,-0.279354,-0.011626714262253096,-0.279354
3126,-0.279354,0.04874383659659465,-0.279354
3127,-0.6861184,-0.18164473093747716,-0.6861184
3128,-0.33592346,0.05729994065890447,-0.33592346
3129,0.07576181,0.0922547050578429,0.07576181
3130,-0.35225603,0.13735479209044613,-0.35225603
3131,-0.35225603,0.13735479209044613,-0.35225603
3132,-0.35225603,0.13735479209044613,-0.35225603
3133,-0.35225603,0.01628865432095662,-0.35225603
3134,-0.35225603,0.01628865432095662,-0.35225603
3135,-0.4772344,-0.1176913969030741,-0.4772344
3136,-0.48853657,-0.01527189792215444,-0.48853657
3137,-0.48878866,-0.05962337119442271,-0.48878866
3138,-0.4885451,-0.0736357354883006,-0.4885451
3139,0.20404096,-0.07214083095683547,0.20404096
3140,0.2066947,0.03135566193102998,0.2066947
3141,0.20696853,-0.14991281148998037,0.20696853
3142,0.2066947,0.10062815251425951,0.2066947
3143,0.24094607,0.038399457600033646,0.24094607
3144,-0.35238665,0.06373620026869938,-0.35238665
3145,-0.35201934,0.06305362337568438,-0.35201934
3146,-0.35201934,-0.07623007241532453,-0.35201934
3147,-0.3092009,0.10860077120756734,-0.3092009
3148,-0.3092009,0.10860077120756734,-0.3092009
3149,-0.35228664,0.02425470214795198,-0.35228664
3150,-0.6899124,-0.06214259003703351,-0.6899124
3151,-0.48448703,0.0184946192883585,-0.48448703
3152,-0.35236707,0.019165698735277868,-0.35236707
3153,-0.35236707,-0.016046279870970754,-0.35236707
3154,-0.319561,0.06141640954528483,-0.319561
3155,-0.44620952,0.153320027361004,-0.44620952
3156,-0.47712895,0.03316917891993659,-0.47712895
3157,-0.6239558,-0.023462521670185626,-0.6239558
3158,-0.6239558,-0.15753481269429678,-0.6239558
3159,-0.62183,-0.19202743998701227,-0.62183
3160,-0.62183,-0.19202743998701227,-0.62183
3161,-0.62179613,-0.24405135926513347,-0.62179613
3162,-0.62179613,-0.24405135926513347,-0.62179613
3163,-0.62179613,0.06500152709556427,-0.62179613
3164,-0.62183,-0.20810597407253498,-0.62183
3165,-0.6077799,-0.16887380443938282,-0.6077799
3166,-0.41396865,-0.04817494320235988,-0.41396865
3167,-0.41396868,-0.13677511049562924,-0.41396868
3168,-0.41396868,-0.047812906866423505,-0.41396868
3169,-0.08254935,0.041000572837252766,-0.08254935
3170,-0.083086334,0.03749109153417863,-0.083086334
3171,0.03295552,0.14675404754099625,0.03295552
3172,-0.26414979,0.08283791265460239,-0.26414979
3173,-0.35250068,0.0360114239881864,-0.35250068
3174,-0.35250068,0.08960022923683644,-0.35250068
3175,-0.39442125,0.026220337296215566,-0.39442125
3176,-0.35618848,0.32817401209998975,-0.35618848
3177,-0.35958308,0.0663499033890512,-0.35958308
3178,-0.35958308,0.0663499033890512,-0.35958308
3179,-0.4766821,-0.007630171103087571,-0.4766821
3180,-0.47737855,-0.08437391910998898,-0.47737855
3181,-0.47696227,-0.04982250382639362,-0.47696227
3182,-0.47696227,-0.12571598987464075,-0.47696227
3183,-0.47696227,-0.0978667009215433,-0.47696227
3184,-0.47696227,-0.0978667009215433,-0.47696227
3185,-0.47696227,-0.0978667009215433,-0.47696227
3186,-0.47696227,-0.0978667009215433,-0.47696227
3187,-0.47696227,-0.0978667009215433,-0.47696227
3188,-0.47696227,-0.0978667009215433,-0.47696227
3189,-0.47696227,-0.0978667009215433,-0.47696227
3190,-0.47696227,-0.0978667009215433,-0.47696227
3191,-0.47696227,-0.0978667009215433,-0.47696227
3192,-0.47696227,-0.0978667009215433,-0.47696227
3193,-0.47696227,-0.0978667009215433,-0.47696227
3194,-0.476962,-0.10276699105128044,-0.476962
3195,-0.476962,0.062007094136732735,-0.476962
3196,-0.476962,0.062007094136732735,-0.476962
3197,-0.476962,0.062007094136732735,-0.476962
3198,-0.4773782,-0.09910869885920823,-0.4773782
3199,-0.4773782,-0.09910869885920823,-0.4773782
3200,-0.47696227,0.008960120968313527,-0.47696227
3201,-0.47696227,0.008960120968313527,-0.47696227
3202,-0.51930994,-0.038072568443670504,-0.51930994
3203,-0.47858506,-0.07155438811474102,-0.47858506
3204,-0.47698188,-0.0377418593690101,-0.47698188
3205,-0.49142888,-0.06843572927640282,-0.49142888
3206,0.20404628,-0.09108221849850248,0.20404628
3207,0.20696203,0.16376134305427323,0.20696203
3208,0.20706388,0.0656049315039466,0.20706388
3209,0.20706388,0.09851646019024222,0.20706388
3210,0.20404628,0.12304763322014473,0.20404628
3211,0.13628873,-0.011268304110014905,0.13628873
3212,0.13628873,-0.011268304110014905,0.13628873
3213,0.13628873,-0.011268304110014905,0.13628873
3214,0.13628873,-0.011268304110014905,0.13628873
3215,0.13628873,0.058378829325233604,0.13628873
3216,0.13628873,0.058378829325233604,0.13628873
3217,-0.47745657,0.005066761944316808,-0.47745657
3218,0.09460187,0.06293039356358097,0.09460187
3219,-0.4774568,-0.06762664204901989,-0.4774568
3220,0.13628873,0.12113381709270123,0.13628873
3221,0.13259973,0.1267189842367756,0.13259973
3222,0.09460187,0.10880994724259642,0.09460187
3223,0.09432036,0.04462075784097393,0.09432036
3224,0.09432036,0.10705997733899794,0.09432036
3225,-0.4775901,-0.14125347727896811,-0.4775901
3226,-0.4774568,0.006612538032576235,-0.4774568
3227,-0.4778704,-0.05818496887488771,-0.4778704
3228,-0.082555205,0.14118201869329783,-0.082555205
3229,-0.08282866,0.06020381464679327,-0.08282866
3230,-0.48449552,-0.06879433199592919,-0.48449552
3231,-0.5900194,-0.057703838121995775,-0.5900194
3232,-0.35260153,0.040184429958994655,-0.35260153
3233,-0.34978035,0.053295043094816016,-0.34978035
3234,-0.47723112,-0.06222142544454011,-0.47723112
3235,-0.47723112,-0.12859115001119084,-0.47723112
3236,-0.47723112,-0.06222142544454011,-0.47723112
3237,-0.47723112,-0.12859115001119084,-0.47723112
3238,-0.47723112,-0.12859115001119084,-0.47723112
3239,-0.47723112,-0.10673302514623755,-0.47723112
3240,-0.47723112,-0.10673302514623755,-0.47723112
3241,-0.47723112,-0.11477328106498844,-0.47723112
3242,-0.47723112,-0.11477328106498844,-0.47723112
3243,-0.47723112,-0.11477328106498844,-0.47723112
3244,-0.47723112,-0.10673302514623755,-0.47723112
3245,-0.47723112,-0.10673302514623755,-0.47723112
3246,-0.47723112,-0.11477328106498844,-0.47723112
3247,-0.47723112,-0.11477328106498844,-0.47723112
3248,-0.47723112,-0.11477328106498844,-0.47723112
3249,-0.47723112,-0.10673302514623755,-0.47723112
3250,-0.47723112,-0.09174921089732431,-0.47723112
3251,-0.47723112,0.08121139102598603,-0.47723112
3252,-0.47723112,-0.038776799252454794,-0.47723112
3253,-0.47723112,0.08121139102598603,-0.47723112
3254,-0.47723112,0.08121139102598603,-0.47723112
3255,-0.47723112,0.08121139102598603,-0.47723112
3256,-0.4810571,-0.0972720382996097,-0.4810571
3257,-0.4810571,-0.1139967207872695,-0.4810571
3258,-0.4810571,-0.1139967207872695,-0.4810571
3259,-0.4810571,-0.1139967207872695,-0.4810571
3260,-0.4810571,-0.1139967207872695,-0.4810571
3261,-0.4810571,-0.1139967207872695,-0.4810571
3262,-0.4810571,-0.1139967207872695,-0.4810571
3263,-0.4810571,-0.1139967207872695,-0.4810571
3264,-0.4810571,-0.10272259596482484,-0.4810571
3265,-0.51910037,0.13001527915791825,-0.51910037
3266,-0.4773156,-0.058917521138235396,-0.4773156
3267,-0.4773156,0.037993887259095534,-0.4773156
3268,-0.47741207,0.018266442650735615,-0.47741207
3269,-0.47741207,0.012366874690651298,-0.47741207
3270,0.094567776,0.10383987784445235,0.094567776
3271,0.094567776,0.10383987784445235,0.094567776
3272,0.094567776,0.10383987784445235,0.094567776
3273,0.094567776,0.10383987784445235,0.094567776
3274,0.094567776,0.10383987784445235,0.094567776
3275,-0.47396132,-0.01888384456870425,-0.47396132
3276,0.094567776,-0.011218277785887465,0.094567776
3277,0.094567776,0.04551422929378375,0.094567776
3278,0.094567776,-0.011218277785887465,0.094567776
3279,0.094567776,-0.011218277785887465,0.094567776
3280,-0.481549,-0.12709971588358646,-0.481549
3281,-0.48154938,-0.10010170262148178,-0.48154938
3282,-0.48154938,-0.10010170262148178,-0.48154938
3283,0.09432416,0.09831058445112849,0.09432416
3284,-0.47772565,-0.11764088468341875,-0.47772565
3285,0.09456803,0.02857794442966083,0.09456803
3286,-0.5193101,-0.008941747969997535,-0.5193101
3287,-0.51959276,-0.1368198420846402,-0.51959276
3288,-0.51959276,-0.006207588869228406,-0.51959276
3289,0.20658977,0.07162646564833268,0.20658977
3290,0.19939741,0.09367455305480717,0.19939741
3291,-0.05433144,0.06350968502421137,-0.05433144
3292,-0.48518395,-0.0249975248049031,-0.48518395
3293,-0.4772413,-0.023728648046618825,-0.4772413
3294,-0.4772413,0.007213883970604029,-0.4772413
3295,-0.62179613,-0.11466998021612855,-0.62179613
3296,-0.41396868,0.040820044766575796,-0.41396868
3297,-0.3525058,0.05514978858057752,-0.3525058
3298,-0.3201985,0.07173190178695582,-0.3201985
3299,-0.3285711,0.12387355939627703,-0.3285711
3300,-0.17393284,0.09545743062061895,-0.17393284
3301,-0.17393284,0.09545743062061895,-0.17393284
3302,-0.17368911,0.037280399377129236,-0.17368911
3303,-0.17658469,-0.005675809716592624,-0.17658469
3304,-0.17366949,0.007037105884324027,-0.17366949
3305,-0.17658469,0.09582451275934473,-0.17658469
3306,-0.17368911,0.16583166074860417,-0.17368911
3307,-0.17366962,0.08929895326779749,-0.17366962
3308,-0.693026,-0.19943600330419625,-0.693026
3309,-0.69302577,-0.15942082475429345,-0.69302577
3310,-0.47716856,-0.009575819163396252,-0.47716856
3311,-0.45412183,0.07165736109966618,-0.45412183
3312,-0.47789147,-0.03333914536544673,-0.47789147
3313,-0.47789147,-0.02693836910195072,-0.47789147
3314,-0.47789147,-0.02693836910195072,-0.47789147
3315,-0.47789147,0.009269881701318143,-0.47789147
3316,-0.47789147,0.02688125702033264,-0.47789147
3317,-0.47723007,0.006600017502935135,-0.47723007
3318,-0.47723007,0.006600017502935135,-0.47723007
3319,-0.48508617,0.01898179775690249,-0.48508617
3320,-0.48508617,0.003277222325455412,-0.48508617
3321,-0.48508617,-0.07903277831373927,-0.48508617
3322,-0.48508617,-0.15944935869046714,-0.48508617
3323,-0.48508617,-0.1223629327785988,-0.48508617
3324,-0.47659835,0.15357947399909314,-0.47659835
3325,-0.6194586,-0.051656711551334056,-0.6194586
3326,0.03295559,0.06154128398483326,0.03295559
3327,0.032959,0.19713345549920647,0.032959
3328,-0.6194407,-0.3965317011158839,-0.6194407
3329,-0.619464,-0.09542034639629754,-0.619464
3330,0.26852882,0.0012274911390106158,0.26852882
3331,-0.0825581,0.05248995093171748,-0.0825581
3332,-0.703831,-0.038194464315491734,-0.703831
3333,-0.4844525,-0.04953576088749838,-0.4844525
3334,0.0536762,0.02514223486330144,0.0536762
3335,-0.42078936,0.015530436442048755,-0.42078936
3336,-0.42079023,0.022951107697992627,-0.42079023
3337,-0.3522662,-0.009193166943235987,-0.3522662
3338,-0.3522662,0.014762187036696026,-0.3522662
3339,-0.3522662,0.014762187036696026,-0.3522662
3340,-0.3522662,0.014762187036696026,-0.3522662
3341,-0.3522662,0.014762187036696026,-0.3522662
3342,-0.3522662,0.20392989591276606,-0.3522662
3343,-0.35283783,0.10450504361093377,-0.35283783
3344,-0.35283783,0.06332809799000613,-0.35283783
3345,-0.35222295,0.1019752268305386,-0.35222295
3346,0.06466054,-0.00844376415577335,0.06466054
3347,-0.3644343,0.25976455979981433,-0.3644343
3348,-0.17387566,0.22808954059805184,-0.17387566
3349,-0.17387566,0.09427932163404758,-0.17387566
3350,-0.1736696,0.07589656848102878,-0.1736696
3351,-0.610985,-0.11998233474831753,-0.610985
3352,-0.33756006,0.11861021231364456,-0.33756006
3353,-0.33490384,0.16453568017022277,-0.33490384
3354,-0.70378774,0.020443650871399148,-0.70378774
3355,-0.41397682,-0.003389566307899625,-0.41397682
3356,-0.41397682,-0.10525028720622519,-0.41397682
3357,-0.41397682,-0.003389566307899625,-0.41397682
3358,-0.41397682,-0.003389566307899625,-0.41397682
3359,-0.41396418,0.015447738054354395,-0.41396418
3360,-0.41397667,-0.01636139796077827,-0.41397667
3361,-0.41397682,0.05826357966209093,-0.41397682
3362,-0.47784752,-0.06585332923805441,-0.47784752
3363,-0.47784752,-0.06585332923805441,-0.47784752
3364,-0.4139334,0.014129895626410854,-0.4139334
3365,-0.4139334,0.014129895626410854,-0.4139334
3366,-0.4139334,0.014129895626410854,-0.4139334
3367,-0.41397682,-0.08617355975795216,-0.41397682
3368,-0.41397682,-0.08617355975795216,-0.41397682
3369,-0.4139334,0.05020267671544142,-0.4139334
3370,-0.48449555,0.056878427249714786,-0.48449555
3371,-0.27937353,0.10286754107508247,-0.27937353
3372,-0.3195816,0.03637956888679876,-0.3195816
3373,-0.3195816,0.059925068322322576,-0.3195816
3374,-0.35225534,-0.015187677381461302,-0.35225534
3375,-0.48449552,-0.06940699773787115,-0.48449552
3376,-0.48449552,-0.07218067341726665,-0.48449552
3377,-0.48449552,-0.06940699773787115,-0.48449552
3378,-0.48445252,-0.08244128076124548,-0.48445252
3379,-0.6077799,-0.13431787318864552,-0.6077799
3380,-0.027007349,0.12382687740508046,-0.027007349
3381,-0.42078933,-0.001933030706098366,-0.42078933
3382,-0.42078978,0.01377426235939399,-0.42078978
3383,0.20717622,0.19462112678028282,0.20717622
3384,-0.47727415,0.05113448953153574,-0.47727415
3385,-0.48854783,-0.0734197796657203,-0.48854783
3386,-0.61945856,-0.2251294455817417,-0.61945856
3387,-0.6077231,-0.24910501668165747,-0.6077231
3388,-0.33484653,0.16327224372541924,-0.33484653
3389,-0.7038224,-0.0500070218498549,-0.7038224
3390,-0.7038224,-0.0500070218498549,-0.7038224
3391,-0.35228664,0.1592744350614511,-0.35228664
3392,-0.32008737,0.15433510943934758,-0.32008737
3393,-0.35222578,0.016944537446244277,-0.35222578
3394,-0.4772425,-0.11418428818391912,-0.4772425
3395,-0.47811234,0.028587412386666896,-0.47811234
3396,-0.47710901,0.002726027205999881,-0.47710901
3397,0.07456142,0.015572798598284934,0.07456142
3398,0.07456265,0.0358951444574875,0.07456265
3399,0.07456382,0.05897848325678687,0.07456382
3400,-0.054813486,-0.001567386142906428,-0.054813486
3401,-0.49220088,-0.12594602343545733,-0.49220088
3402,-0.49227765,-0.10920669718253176,-0.49227765
3403,0.16500643,0.040014718267045626,0.16500643
3404,0.20327346,0.030797995464066846,0.20327346
3405,0.20709655,0.007831337833500911,0.20709655
3406,0.20696314,0.018019494161786238,0.20696314
3407,0.20709595,-0.04854381502430662,0.20709595
3408,0.20695856,0.07068869206412122,0.20695856
3409,0.20696314,0.08919147908304258,0.20696314
3410,-0.41395575,-0.03331836017258618,-0.41395575
3411,-0.41397655,-0.0906698636772194,-0.41397655
3412,-0.27956018,0.12005248543644949,-0.27956018
3413,-0.32351398,-0.010620028165614038,-0.32351398
3414,-0.31955904,0.0050070183182406025,-0.31955904
3415,-0.26414964,0.14352108033563185,-0.26414964
3416,-0.26429245,0.13688415662713052,-0.26429245
3417,-0.47620165,0.064408936652109,-0.47620165
3418,-0.47620165,0.06296329610543656,-0.47620165
3419,-0.47696152,0.1322257575524069,-0.47696152
3420,-0.47620165,0.06223531765731488,-0.47620165
3421,-0.47696152,-0.08502979588311413,-0.47696152
3422,0.07456265,0.08993157200130932,0.07456265
3423,-0.47696188,-0.1744896809836757,-0.47696188
3424,-0.47696212,-0.0841411216131076,-0.47696212
3425,-0.47668174,-0.1399303942101059,-0.47668174
3426,-0.47737843,-0.038359569261676434,-0.47737843
3427,-0.47668198,0.05957808955948289,-0.47668198
3428,-0.47710943,-0.10130588230763743,-0.47710943
3429,-0.47696212,0.05186663465969514,-0.47696212
3430,-0.47696212,-0.0018118079790519386,-0.47696212
3431,0.07456595,0.024878706141578593,0.07456595
3432,-0.48460624,-0.06277428206114972,-0.48460624
3433,-0.48120925,-0.1506483054263503,-0.48120925
3434,0.07456265,0.1157483269952352,0.07456265
3435,0.07456265,0.07413389414742193,0.07456265
3436,0.30984843,0.29964438463629983,0.30984843
3437,0.26830053,0.10114286899993001,0.26830053
3438,-0.6077794,-0.09258441802263431,-0.6077794
3439,-0.023890758,0.13980281068401393,-0.023890758
3440,-0.47745642,-0.07581942899902072,-0.47745642
3441,-0.16511205,0.09316704407653,-0.16511205
3442,-0.35227868,-0.007957115129733778,-0.35227868
3443,-0.35227868,-0.007957115129733778,-0.35227868
3444,-0.35227868,-0.007957115129733778,-0.35227868
3445,-0.35227868,-0.007957115129733778,-0.35227868
3446,-0.35227868,-0.007957115129733778,-0.35227868
3447,-0.35227868,-0.007957115129733778,-0.35227868
3448,0.06464805,0.15309949497002828,0.06464805
3449,-0.35221782,0.10881274029147422,-0.35221782
3450,-0.47304663,0.018811596461657566,-0.47304663
3451,-0.45013788,0.04034550604608094,-0.45013788
3452,-0.47723135,-0.026162858222152183,-0.47723135
3453,-0.47723135,-0.08730762828726775,-0.47723135
3454,-0.47723135,-0.08730762828726775,-0.47723135
3455,-0.47723097,-0.16483099565366535,-0.47723097
3456,-0.47723097,-0.16483099565366535,-0.47723097
3457,-0.47723097,-0.007653954668004892,-0.47723097
3458,-0.47723097,-0.16483099565366535,-0.47723097
3459,-0.47723097,-0.16483099565366535,-0.47723097
3460,-0.47723097,-0.16483099565366535,-0.47723097
3461,-0.47723097,-0.007653954668004892,-0.47723097
3462,-0.47723097,-0.16483099565366535,-0.47723097
3463,-0.47723097,-0.16483099565366535,-0.47723097
3464,-0.47723097,-0.007653954668004892,-0.47723097
3465,-0.47723097,-0.007653954668004892,-0.47723097
3466,-0.47723097,-0.16483099565366535,-0.47723097
3467,-0.47723097,-0.16483099565366535,-0.47723097
3468,-0.51867527,-0.1668141529237876,-0.51867527
3469,-0.47723073,-0.10611012901397397,-0.47723073
3470,-0.45013788,-0.051166294280053384,-0.45013788
3471,-0.47695717,-0.06989707711241076,-0.47695717
3472,-0.47723097,-0.14832553544319046,-0.47723097
3473,-0.44645905,0.045391251269789795,-0.44645905
3474,-0.48105696,-0.19996929278123898,-0.48105696
3475,-0.5183951,-0.12279205776059775,-0.5183951
3476,0.0744994,0.1616702259742105,0.0744994
3477,-0.51881754,-0.06605484637128392,-0.51881754
3478,-0.47304663,-0.0036918057294444686,-0.47304663
3479,0.09456778,0.08850342624722984,0.09456778
3480,0.09456778,0.09458213251378934,0.09456778
3481,0.09456778,0.09458213251378934,0.09456778
3482,0.0943239,0.06087873066939257,0.0943239
3483,0.0943239,0.09390269185361276,0.0943239
3484,0.0943239,0.09390269185361276,0.0943239
3485,0.09456778,0.10408818444887125,0.09456778
3486,0.09456778,0.10408818444887125,0.09456778
3487,0.0943239,0.06876464020728636,0.0943239
3488,0.0943239,0.08137514675297895,0.0943239
3489,-0.48126957,-0.08257903410515417,-0.48126957
3490,-0.48126957,-0.09627186792101726,-0.48126957
3491,-0.4812772,-0.13640748725384855,-0.4812772
3492,-0.47744575,-0.13949731538549917,-0.47744575
3493,-0.47744575,-0.09251356995419763,-0.47744575
3494,-0.47772592,-0.03325489698500285,-0.47772592
3495,-0.47772592,-0.045506567914261976,-0.47772592
3496,-0.48155686,-0.031153346733608814,-0.48155686
3497,-0.47772554,-0.053696601846642246,-0.47772554
3498,-0.4774461,-0.08774639054926996,-0.4774461
3499,-0.47744575,0.03194780998483111,-0.47744575
3500,-0.47772554,0.012479733162401597,-0.47772554
3501,-0.48155725,-0.13640748725384855,-0.48155725
3502,-0.519313,-0.09083785028760127,-0.519313
3503,-0.4778652,-0.06572807401188858,-0.4778652
3504,-0.48126918,-0.13659918218667766,-0.48126918
3505,-0.48557764,-0.09469117764921152,-0.48557764
3506,-0.41397682,-0.04558064366586547,-0.41397682
3507,-0.49000347,-0.10099576787270696,-0.49000347
3508,0.20547579,-0.10484337072331373,0.20547579
3509,0.20701194,0.10717027688344412,0.20701194
3510,0.2069603,-0.009812883041238108,0.2069603
3511,0.2070117,-0.05099061295951441,0.2070117
3512,-0.48449555,-0.04665117686898649,-0.48449555
3513,-0.48449555,-0.04665117686898649,-0.48449555
3514,-0.48449555,-0.04665117686898649,-0.48449555
3515,-0.48449555,0.024101239329425966,-0.48449555
3516,-0.48449555,0.024101239329425966,-0.48449555
3517,-0.48449555,0.024101239329425966,-0.48449555
3518,-0.48449555,-0.04665117686898649,-0.48449555
3519,-0.36027142,0.11155419396607191,-0.36027142
3520,-0.3639483,0.12357610582177077,-0.3639483
3521,-0.23832043,0.07078552391166935,-0.23832043
3522,-0.23832043,0.07078552391166935,-0.23832043
3523,-0.5376398,-0.14509176454490763,-0.5376398
3524,-0.35335505,0.021621644549343493,-0.35335505
3525,-0.35335505,0.021621644549343493,-0.35335505
3526,-0.35335505,0.021621644549343493,-0.35335505
3527,-0.35335505,0.021621644549343493,-0.35335505
3528,-0.35231408,0.012260598591015501,-0.35231408
3529,-0.35231408,0.012260598591015501,-0.35231408
3530,-0.35231408,0.012260598591015501,-0.35231408
3531,-0.35231408,0.012260598591015501,-0.35231408
3532,-0.35231408,0.2802354265720413,-0.35231408
3533,-0.35231408,0.2802354265720413,-0.35231408
3534,-0.35231408,0.2802354265720413,-0.35231408
3535,-0.35223445,0.06274737546055616,-0.35223445
3536,-0.35223445,0.06274737546055616,-0.35223445
3537,-0.35223445,0.06274737546055616,-0.35223445
3538,0.06461265,-0.015560944283932569,0.06461265
3539,-0.35223445,-0.002796718102372293,-0.35223445
3540,-0.35223445,-0.002796718102372293,-0.35223445
3541,-0.35223445,-0.002796718102372293,-0.35223445
3542,-0.35220334,0.057031638955838994,-0.35220334
3543,-0.35220334,0.057031638955838994,-0.35220334
3544,-0.35220334,0.057031638955838994,-0.35220334
3545,-0.35220334,0.12784309629663196,-0.35220334
3546,-0.35220334,0.12784309629663196,-0.35220334
3547,-0.4809099,-0.0477056325329651,-0.4809099
3548,-0.4809099,-0.13599650234436395,-0.4809099
3549,-0.4809099,-0.06934118581233568,-0.4809099
3550,-0.4809099,-0.06934118581233568,-0.4809099
3551,-0.4809099,-0.06934118581233568,-0.4809099
3552,-0.4809099,-0.06934118581233568,-0.4809099
3553,-0.4809099,-0.06934118581233568,-0.4809099
3554,-0.56025296,-0.1391592359946017,-0.56025296
3555,-0.56025296,-0.1391592359946017,-0.56025296
3556,-0.51895314,-0.07010906191523193,-0.51895314
3557,-0.51895314,-0.07010906191523193,-0.51895314
3558,-0.48429918,-0.11918012388414409,-0.48429918
3559,-0.48444134,-0.10888918492095861,-0.48444134
3560,0.09088585,0.1709714703472725,0.09088585
3561,0.09067053,0.13382477526587266,0.09067053
3562,-0.48154402,-0.09737474157167283,-0.48154402
3563,-0.48518395,-0.013998273354646453,-0.48518395
3564,-0.48518395,-0.013998273354646453,-0.48518395
3565,-0.48545504,0.07087080206411814,-0.48545504
3566,-0.6077799,-0.057248878146179634,-0.6077799
3567,-0.48518386,-0.0012212790053714782,-0.48518386
3568,0.032958876,0.16333270439854136,0.032958876
3569,0.032959472,0.20012634540332408,0.032959472
3570,-0.34773707,0.09585809251663638,-0.34773707
3571,-0.34773707,0.09585809251663638,-0.34773707
3572,-0.41396835,-0.2267997185073445,-0.41396835
3573,-0.42076084,0.21777031883071943,-0.42076084
3574,-0.47752073,-0.005314393135760439,-0.47752073
3575,-0.47655648,0.003074518195661748,-0.47655648
3576,-0.47782394,-0.10385707048278267,-0.47782394
3577,-0.47782394,0.0020897281806474145,-0.47782394
3578,-0.4919385,-0.09479696038889117,-0.4919385
3579,0.13655396,-0.07972108935988785,0.13655396
3580,-0.41397637,-0.12079081048035571,-0.41397637
3581,-0.41397637,-0.12079081048035571,-0.41397637
3582,-0.41397682,-0.028006193688682263,-0.41397682
3583,-0.41397682,-0.028006193688682263,-0.41397682
3584,-0.41397682,-0.028006193688682263,-0.41397682
3585,-0.41397682,-0.028006193688682263,-0.41397682
3586,-0.41397682,-0.028006193688682263,-0.41397682
3587,-0.41397682,0.003894151239976761,-0.41397682
3588,-0.41397682,0.003894151239976761,-0.41397682
3589,-0.41397682,0.003894151239976761,-0.41397682
3590,-0.41397682,-0.0029193600446265873,-0.41397682
3591,-0.41397682,-0.07643480207688355,-0.41397682
3592,-0.41394445,0.005882461794848527,-0.41394445
3593,-0.41394445,0.005882461794848527,-0.41394445
3594,-0.36188528,0.047621817393864646,-0.36188528
3595,-0.17393842,-0.019650073726994396,-0.17393842
3596,-0.17366959,0.13026659399015833,-0.17366959
3597,-0.48449552,-0.060835945565100455,-0.48449552
3598,-0.48449552,-0.060835945565100455,-0.48449552
3599,-0.48449552,-0.03256341632612888,-0.48449552
3600,-0.48449552,-0.044186983483657634,-0.48449552
3601,-0.48449552,-0.044186983483657634,-0.48449552
3602,-0.48449552,-0.044186983483657634,-0.48449552
3603,-0.48449555,-0.042991569695577575,-0.48449555
3604,-0.48449555,-0.042991569695577575,-0.48449555
3605,-0.48449555,0.06543895095588043,-0.48449555
3606,-0.48449555,0.06543895095588043,-0.48449555
3607,-0.48449555,0.06543895095588043,-0.48449555
3608,-0.48449555,-0.042991569695577575,-0.48449555
3609,0.20719667,0.13100634078083495,0.20719667
3610,-0.04996057,0.03148657928853609,-0.04996057
3611,-0.06213352,0.11299876433573951,-0.06213352
3612,-0.4802667,0.04980880215039636,-0.4802667
3613,-0.083197415,0.07545577453296873,-0.083197415
3614,-0.08253694,0.059479211038601335,-0.08253694
3615,0.03097345,0.015487173126018073,0.03097345
3616,0.03097345,0.11457306991985827,0.03097345
3617,-0.3522194,0.06674118283389065,-0.3522194
3618,-0.6077799,-0.10072055659830849,-0.6077799
3619,-0.6077799,-0.14313938731551737,-0.6077799
3620,-0.3522582,0.02762987509403342,-0.3522582
3621,-0.3522557,0.16002892047840275,-0.3522557
3622,-0.3522557,0.16002892047840275,-0.3522557
3623,-0.4772843,-0.013131059609596962,-0.4772843
3624,-0.4207877,-0.02551608061931959,-0.4207877
3625,-0.4207899,-0.024103112600407605,-0.4207899
3626,-0.42080158,0.016532860743669362,-0.42080158
3627,-0.48518395,-0.08526099953466103,-0.48518395
3628,-0.61941475,-0.11845970313590433,-0.61941475
3629,-0.4139334,0.010187773214121225,-0.4139334
3630,-0.37655586,0.07562532643602898,-0.37655586
3631,-0.33490932,0.15075801699654884,-0.33490932
3632,-0.3285711,0.20986955868136653,-0.3285711
3633,-0.17377357,0.14218426023379746,-0.17377357
3634,-0.47646776,-0.07357063528806784,-0.47646776
3635,0.23846717,0.03777424675969058,0.23846717
3636,0.23846717,0.03777424675969058,0.23846717
3637,-0.47723168,0.03447286002709157,-0.47723168
3638,-0.4764639,0.020757628428121837,-0.4764639
3639,0.20717622,0.14385872318613968,0.20717622
3640,0.2062335,0.04656372857477643,0.2062335
3641,0.20695856,0.020789633846586872,0.20695856
3642,0.20695856,0.08347475332905784,0.20695856
3643,0.20695856,0.07987865658212982,0.20695856
3644,-0.49058187,-0.1173504707923739,-0.49058187
3645,-0.026738813,0.15351716309150754,-0.026738813
3646,-0.02333992,0.12284982354684115,-0.02333992
3647,-0.4772425,-0.006220172385607335,-0.4772425
3648,-0.61945856,-0.03751082313747709,-0.61945856
3649,-0.4919217,0.008154033552259079,-0.4919217
3650,-0.024857918,0.19453100520737224,-0.024857918
3651,-0.4207887,-0.05371545912382078,-0.4207887
3652,-0.42078954,-0.10384687882586378,-0.42078954
3653,-0.42078933,-0.017293638915020705,-0.42078933
3654,-0.4139334,-0.002558827224361948,-0.4139334
3655,0.008686769,0.11661572969606546,0.008686769
3656,-0.47620127,-0.031779859902616475,-0.47620127
3657,-0.47668126,-0.11048397454357728,-0.47668126
3658,-0.4461882,0.03459938181137865,-0.4461882
3659,-0.47809333,-0.018738348990019207,-0.47809333
3660,-0.4733479,0.05163101322276714,-0.4733479
3661,-0.4762015,-0.1348333877652543,-0.4762015
3662,-0.47723764,-0.09614522501076585,-0.47723764
3663,0.24117906,-0.13377047940200812,0.24117906
3664,0.24117906,-0.13377047940200812,0.24117906
3665,-0.4766816,0.06614452846926462,-0.4766816
3666,-0.47787118,-0.022776678037601344,-0.47787118
3667,-0.47668183,-0.01238462179881404,-0.47668183
3668,-0.062121026,0.028619986852050666,-0.062121026
3669,-0.062121026,0.028619986852050666,-0.062121026
3670,-0.062121026,0.06843567847068782,-0.062121026
3671,-0.062121026,0.06843567847068782,-0.062121026
3672,-0.6194407,-0.3991412744676832,-0.6194407
3673,-0.6194407,-0.10714217372783774,-0.6194407
3674,-0.30811194,0.030422039900780278,-0.30811194
3675,-0.28773287,0.09721078686539227,-0.28773287
3676,-0.28773287,0.09721078686539227,-0.28773287
3677,-0.3522707,0.07985945201456704,-0.3522707
3678,-0.27945802,0.09831423334810757,-0.27945802
3679,-0.35225466,0.26819852186482046,-0.35225466
3680,-0.51866996,-0.08771836373828018,-0.51866996
3681,-0.4779459,0.008731900611099248,-0.4779459
3682,-0.47695044,0.013352778748940473,-0.47695044
3683,-0.47695044,0.0014993871225763506,-0.47695044
3684,-0.47695044,0.0014993871225763506,-0.47695044
3685,-0.47304648,-0.07612405706536193,-0.47304648
3686,-0.4765382,-0.09873226851891335,-0.4765382
3687,-0.4765382,-0.09873226851891335,-0.4765382
3688,-0.5183947,-0.07936014955590773,-0.5183947
3689,-0.47723123,-0.05738830900801236,-0.47723123
3690,-0.47723123,-0.08731447038080327,-0.47723123
3691,-0.4772306,-0.1983010289603563,-0.4772306
3692,-0.4772306,0.0036381228270712966,-0.4772306
3693,-0.48105723,-0.14454118809446756,-0.48105723
3694,-0.48445415,-0.08768877484062244,-0.48445415
3695,0.07456488,0.04834336534498459,0.07456488
3696,0.07456488,0.04834336534498459,0.07456488
3697,-0.47695702,-0.09802308519559949,-0.47695702
3698,-0.058366515,0.08129162292166049,-0.058366515
3699,-0.47319028,-0.10179151318477932,-0.47319028
3700,-0.47695044,0.03562198611494906,-0.47695044
3701,-0.5188174,-0.07248255473418716,-0.5188174
3702,-0.4775053,-0.24538520888688256,-0.4775053
3703,-0.51867485,-0.13582672037719482,-0.51867485
3704,-0.4769507,-0.04960744638077061,-0.4769507
3705,-0.5151524,0.014985626687814368,-0.5151524
3706,0.13260359,0.045352735078274455,0.13260359
3707,-0.4535427,-0.02147051528595989,-0.4535427
3708,-0.49219725,-0.09754930917574216,-0.49219725
3709,-0.48912022,-0.0990057514817982,-0.48912022
3710,0.09432391,0.05772671285156993,0.09432391
3711,0.09432391,0.11956002957881,0.09432391
3712,-0.47744536,-0.040599304160326165,-0.47744536
3713,-0.5193132,-0.13275827387606906,-0.5193132
3714,-0.47772515,-0.07593350760210425,-0.47772515
3715,-0.4772968,0.044405514676775476,-0.4772968
3716,-0.4772968,-0.08454593707330406,-0.4772968
3717,-0.43939412,0.06726865857104015,-0.43939412
3718,-0.43939412,0.1016816716943734,-0.43939412
3719,-0.34986082,0.13392985600270702,-0.34986082
3720,-0.2378496,0.1412428653203528,-0.2378496
3721,-0.2378496,0.1412428653203528,-0.2378496
3722,-0.36053485,0.11155419396607191,-0.36053485
3723,-0.36027133,0.08996970173327754,-0.36027133
3724,-0.3639483,0.07827341156471482,-0.3639483
3725,-0.7431109,-0.23257795823172417,-0.7431109
3726,-0.3195605,0.05483054787945576,-0.3195605
3727,-0.35194695,0.12548082931263838,-0.35194695
3728,-0.35194695,-0.059151328269845475,-0.35194695
3729,-0.35298792,0.07821608738468964,-0.35298792
3730,-0.36605427,-0.009483995172412142,-0.36605427
3731,-0.31956106,0.05028674085996693,-0.31956106
3732,-0.35225394,0.13471519384023276,-0.35225394
3733,-0.48091015,-0.14478963564349276,-0.48091015
3734,-0.48091015,-0.14478963564349276,-0.48091015
3735,-0.48091015,-0.1623523304567758,-0.48091015
3736,-0.48091778,-0.11086824901947141,-0.48091778
3737,-0.45013785,0.031826543708809316,-0.45013785
3738,-0.45013785,0.031826543708809316,-0.45013785
3739,0.078310885,0.06850132901515744,0.078310885
3740,0.078310885,0.06850132901515744,0.078310885
3741,0.078310885,0.11496556345233043,0.078310885
3742,0.078310885,0.11496556345233043,0.078310885
3743,0.078310885,0.21748699397606025,0.078310885
3744,0.078310885,0.13965058703153735,0.078310885
3745,-0.52256185,-0.08369572860379365,-0.52256185
3746,-0.47722587,0.008018331314342549,-0.47722587
3747,-0.518953,-0.05691707716386021,-0.518953
3748,-0.47332346,0.011207181411689096,-0.47332346
3749,-0.5223404,-0.09560227434499564,-0.5223404
3750,-0.51895344,-0.29523730842708035,-0.51895344
3751,-0.47714308,-0.03618178351051826,-0.47714308
3752,-0.4879,-0.06812357630684629,-0.4879
3753,-0.56025285,-0.0457630976311862,-0.56025285
3754,0.09066264,0.11482454204395974,0.09066264
3755,0.09066264,0.06385349171685771,0.09066264
3756,0.09066264,0.11062733246061314,0.09066264
3757,0.09088558,0.0436455699812059,0.09088558
3758,0.09477869,0.18953100465415704,0.09477869
3759,0.09477869,0.21361292725963502,0.09477869
3760,-0.48141277,-0.0854378471914413,-0.48141277
3761,-0.48141277,-0.0854378471914413,-0.48141277
3762,0.09043684,0.09976604616842293,0.09043684
3763,0.09043684,0.11407237545737144,0.09043684
3764,-0.4815519,-0.10734925053889861,-0.4815519
3765,-0.48154402,-0.07983924229221895,-0.48154402
3766,-0.48140436,-0.11320024241660559,-0.48140436
3767,-0.5194481,-0.022495710473597816,-0.5194481
3768,-0.5234305,-0.07151309933999793,-0.5234305
3769,0.09064199,0.10127213590778206,0.09064199
3770,-0.47764042,0.13329440142862536,-0.47764042
3771,-0.4815444,-0.04427433723033164,-0.4815444
3772,-0.48545504,-0.031798476058402414,-0.48545504
3773,-0.48545504,-0.09709188503567405,-0.48545504
3774,-0.48517352,-0.09173266588161318,-0.48517352
3775,-0.48517352,-0.09173266588161318,-0.48517352
3776,-0.48518378,0.01795143487602918,-0.48518378
3777,0.050469633,-0.14237444874536642,0.050469633
3778,-0.4852036,0.013010614486214067,-0.4852036
3779,0.19912499,0.08453742630573483,0.19912499
3780,0.20658971,0.10094314941939654,0.20658971
3781,0.20758346,-0.15860405629211452,0.20758346
3782,-0.34773707,0.07510556701164976,-0.34773707
3783,-0.34773707,0.07510556701164976,-0.34773707
3784,-0.3477371,0.13204203294452796,-0.3477371
3785,-0.34773707,0.08201613144715335,-0.34773707
3786,-0.34773707,0.08201613144715335,-0.34773707
3787,-0.34772694,0.09621014978996542,-0.34772694
3788,-0.34772694,0.0927606036210168,-0.34772694
3789,-0.47725222,-0.032379652214798875,-0.47725222
3790,-0.47725222,-0.032379652214798875,-0.47725222
3791,-0.47733223,0.08224431888779617,-0.47733223
3792,-0.47733223,0.08224431888779617,-0.47733223
3793,-0.47733223,-0.08496587783377962,-0.47733223
3794,-0.47837391,0.046058786332704015,-0.47837391
3795,-0.47837391,-0.11332804265178188,-0.47837391
3796,-0.4914466,-0.06015554376374205,-0.4914466
3797,-0.61945856,-0.018380961549658955,-0.61945856
3798,-0.4430612,0.06694174307796169,-0.4430612
3799,-0.4430612,0.09120579233646366,-0.4430612
3800,-0.70383096,-0.08867430605353363,-0.70383096
3801,-0.70383096,-0.08867430605353363,-0.70383096
3802,-0.70383096,-0.08867430605353363,-0.70383096
3803,-0.70383096,-0.08867430605353363,-0.70383096
3804,-0.70383096,-0.08867430605353363,-0.70383096
3805,-0.70383096,0.2590332131702567,-0.70383096
3806,-0.70383096,0.2590332131702567,-0.70383096
3807,-0.70383096,0.2590332131702567,-0.70383096
3808,-0.7434066,-0.08067051646515752,-0.7434066
3809,-0.7434066,-0.08067051646515752,-0.7434066
3810,-0.26429486,-0.03315769105560597,-0.26429486
3811,-0.63949233,-0.009341197174889801,-0.63949233
3812,0.09088126,0.01900247532604634,0.09088126
3813,-0.47749856,0.013807171596002707,-0.47749856
3814,0.07456402,0.09633332113579295,0.07456402
3815,0.302316,0.26157547974102674,0.302316
3816,-0.6194407,-0.07312321914176069,-0.6194407
3817,-0.48441026,-0.03619497894810008,-0.48441026
3818,-0.3524405,0.027059323915755034,-0.3524405
3819,-0.39907366,0.019584717719725392,-0.39907366
3820,-0.39907366,0.019584717719725392,-0.39907366
3821,-0.48507354,0.033498342479506366,-0.48507354
3822,-0.34773707,0.04789049707470324,-0.34773707
3823,-0.34773707,0.04789049707470324,-0.34773707
3824,-0.34773734,0.08471896019759004,-0.34773734
3825,-0.34773734,0.08471896019759004,-0.34773734
3826,-0.34773707,0.04358299556177965,-0.34773707
3827,-0.34773707,0.04358299556177965,-0.34773707
3828,-0.47647548,-0.05104206171785949,-0.47647548
3829,0.053821597,0.08157950226956805,0.053821597
3830,-0.6217524,-0.20482025954979874,-0.6217524
3831,-0.35226253,-0.032891086675548784,-0.35226253
3832,0.27636307,-0.03132906770420913,0.27636307
3833,-0.019973312,0.06299954060385109,-0.019973312
3834,-0.082559444,0.15090772282342807,-0.082559444
3835,-0.08259055,0.13250465579036041,-0.08259055
3836,-0.47762597,-0.06330291417187427,-0.47762597
3837,-0.47723702,-0.09397070487421207,-0.47723702
3838,-0.47749504,-0.009431520580302331,-0.47749504
3839,-0.47672728,0.014594234419831688,-0.47672728
3840,-0.6194407,-0.2987536621402807,-0.6194407
3841,-0.6194407,-0.09855916422774105,-0.6194407
3842,-0.4139334,-0.0904867906409815,-0.4139334
3843,-0.24514109,0.02819845764101129,-0.24514109
3844,-0.35232258,0.012913046005169192,-0.35232258
3845,-0.02673857,0.12923235020370108,-0.02673857
3846,-0.47723097,0.020733646112388572,-0.47723097
3847,-0.47659394,-0.034099678471932106,-0.47659394
3848,0.24111629,-0.1532954846236117,0.24111629
3849,0.24111629,-0.1532954846236117,0.24111629
3850,0.10791379,0.034840440060368814,0.10791379
3851,-0.4781563,-0.12558470505224412,-0.4781563
3852,-0.4781563,-0.1158785414600114,-0.4781563
3853,-0.47756693,-0.08536684205110376,-0.47756693
3854,-0.47756693,-0.08536684205110376,-0.47756693
3855,-0.47756693,-0.12228336644962504,-0.47756693
3856,-0.4781563,-0.05110855431131704,-0.4781563
3857,-0.3084995,0.12188478068988513,-0.3084995
3858,-0.37656748,0.06211513489822013,-0.37656748
3859,-0.37656748,0.08105907608789463,-0.37656748
3860,-0.37656748,0.13275665310248408,-0.37656748
3861,-0.34930742,0.11523147330648391,-0.34930742
3862,-0.4766811,0.020795544814557195,-0.4766811
3863,-0.4762014,-0.09339898097568242,-0.4762014
3864,-0.47620112,-0.07955269656185167,-0.47620112
3865,-0.4779682,0.035644993115753115,-0.4779682
3866,-0.4771606,-0.02122831548680764,-0.4771606
3867,-0.4771606,0.02259525033072176,-0.4771606
3868,-0.47667006,-0.026931835776979725,-0.47667006
3869,0.12316543,0.15040944809383455,0.12316543
3870,-0.49219608,-0.05247255341516688,-0.49219608
3871,0.19958824,0.0813729183838449,0.19958824
3872,-0.42078942,-0.013917375676484971,-0.42078942
3873,0.24086687,0.09254400240169361,0.24086687
3874,-0.32351395,-0.01392882186885293,-0.32351395
3875,-0.32719824,0.07559190604178377,-0.32719824
3876,-0.35950553,0.10595182470593147,-0.35950553
3877,-0.33402368,0.08286175640814022,-0.33402368
3878,-0.34247282,0.09613313276070763,-0.34247282
3879,-0.3352783,0.0189045509016132,-0.3352783
3880,-0.4740065,-0.006063486998390179,-0.4740065
3881,-0.47647,0.018312506226736896,-0.47647
3882,-0.4773672,-0.026297958041640535,-0.4773672
3883,-0.4769507,0.011505482074303432,-0.4769507
3884,-0.47653812,-0.027237753420780803,-0.47653812
3885,-0.47653812,-0.027237753420780803,-0.47653812
3886,-0.4769569,0.01336527637137685,-0.4769569
3887,-0.4769569,0.01336527637137685,-0.4769569
3888,-0.47668156,0.011562699092651358,-0.47668156
3889,-0.45014566,0.1344015104023196,-0.45014566
3890,-0.47723085,-0.03916195054262355,-0.47723085
3891,-0.4772311,-0.12919004244353766,-0.4772311
3892,-0.4772311,-0.09667730048575558,-0.4772311
3893,-0.4772311,-0.09344648062833773,-0.4772311
3894,-0.47668156,0.05304947008487645,-0.47668156
3895,0.074700326,0.06227401922230622,0.074700326
3896,0.07456595,0.0994797554455522,0.07456595
3897,0.074563675,0.11609117839630756,0.074563675
3898,0.07456597,0.08176615213857259,0.07456597
3899,0.07456595,0.03444464795008059,0.07456595
3900,0.26442128,0.22635612736633667,0.26442128
3901,0.30595428,0.2568899981287315,0.30595428
3902,0.2680134,0.1467711854228602,0.2680134
3903,-0.47695032,-0.030303743949415533,-0.47695032
3904,0.0744994,0.10771457649911426,0.0744994
3905,0.0744994,0.06562347656347031,0.0744994
3906,0.010835848,0.10257155008370757,0.010835848
3907,0.20695782,0.07054616230513377,0.20695782
3908,-0.6223735,-0.1896974190409821,-0.6223735
3909,-0.6223735,-0.1896974190409821,-0.6223735
3910,-0.6223735,-0.07768261119458905,-0.6223735
3911,-0.6223735,-0.07768261119458905,-0.6223735
3912,-0.6265937,-0.1059565924531438,-0.6265937
3913,-0.4776543,0.0373262903958775,-0.4776543
3914,-0.4776543,-0.04804910770979428,-0.4776543
3915,0.23990712,0.04402491930365501,0.23990712
3916,0.23990712,0.04402491930365501,0.23990712
3917,-0.2799921,0.04580921238369951,-0.2799921
3918,-0.25308117,-0.03797197727474626,-0.25308117
3919,-0.6854957,-0.24536630798884823,-0.6854957
3920,-0.5225566,-0.13012012119704894,-0.5225566
3921,-0.48091766,-0.07771371618190331,-0.48091766
3922,-0.48062924,-0.14678216576901265,-0.48062924
3923,-0.47722575,0.010002256869050048,-0.47722575
3924,-0.47722575,0.010002256869050048,-0.47722575
3925,-0.5227956,-0.07583472797364375,-0.5227956
3926,-0.52205986,-0.08091310063713962,-0.52205986
3927,-0.52234834,-0.08383084731284395,-0.52234834
3928,-0.5147595,-0.1352961715002301,-0.5147595
3929,-0.48091766,-0.10844364700506832,-0.48091766
3930,-0.48473617,-0.14486328367782803,-0.48473617
3931,-0.5147595,-0.093182060277538,-0.5147595
3932,0.078310885,0.0963422451314194,0.078310885
3933,0.074564904,0.10107046078062691,0.074564904
3934,-0.4806375,-0.12099195671363282,-0.4806375
3935,-0.4809094,-0.1876625027251921,-0.4809094
3936,-0.48430696,-0.08945063971068944,-0.48430696
3937,-0.4538323,0.1278056891604916,-0.4538323
3938,0.09066264,0.058654782821553016,0.09066264
3939,0.09456778,0.08926947294837936,0.09456778
3940,0.09042899,0.10629654682669028,0.09042899
3941,-0.48141223,-0.11320024241660559,-0.48141223
3942,-0.5194484,-0.1184428757238932,-0.5194484
3943,0.09417938,0.10852179877516069,0.09417938
3944,-0.4815519,-0.02871650350909716,-0.4815519
3945,-0.5196921,0.011616016046787248,-0.5196921
3946,-0.48113245,-0.14465946302079566,-0.48113245
3947,0.094534814,0.10023870580142691,0.094534814
3948,-0.4845218,0.003060199914895976,-0.4845218
3949,-0.48113245,0.05589917067707519,-0.48113245
3950,0.13628517,-0.1222694305572783,0.13628517
3951,-0.4849045,0.048082355907019696,-0.4849045
3952,-0.49219906,-0.048404123796522404,-0.49219906
3953,-0.62179613,-0.11125348537185838,-0.62179613
3954,-0.62179613,-0.15431677675594246,-0.62179613
3955,-0.62179613,-0.05112021621711616,-0.62179613
3956,-0.41396868,0.08698568034457922,-0.41396868
3957,-0.41396868,0.03543624086780928,-0.41396868
3958,-0.40625563,-0.003176010403708998,-0.40625563
3959,-0.4809761,-0.08879700973903853,-0.4809761
3960,-0.48449555,0.017980358075191803,-0.48449555
3961,-0.3639483,0.06790887307341824,-0.3639483
3962,-0.36054245,0.06525740876560013,-0.36054245
3963,-0.36027005,0.08228067370451342,-0.36027005
3964,-0.36016127,-0.010515953593144875,-0.36016127
3965,-0.3639482,0.11177922360330386,-0.3639482
3966,-0.39430958,0.027668888666609177,-0.39430958
3967,-0.69302577,-0.09145496532418225,-0.69302577
3968,-0.5223353,-0.09757437057272457,-0.5223353
3969,-0.4770023,-0.10530818074449404,-0.4770023
3970,-0.48090467,-0.08499486434843301,-0.48090467
3971,0.0783109,0.024381217396099476,0.0783109
3972,-0.56053996,-0.13475286465629904,-0.56053996
3973,0.09067059,0.08368847508361274,0.09067059
3974,0.09067059,0.03227956092568455,0.09067059
3975,0.094571635,0.24414856733559978,0.094571635
3976,-0.48545498,-0.043041567953395,-0.48545498
3977,-0.48503992,-0.09972832813798531,-0.48503992
3978,-0.48503992,-0.09972832813798531,-0.48503992
3979,-0.48545504,-0.0495066868848004,-0.48545504
3980,-0.48545504,-0.0495066868848004,-0.48545504
3981,-0.48885927,0.060839345564040755,-0.48885927
3982,-0.48885927,0.060839345564040755,-0.48885927
3983,-0.48518145,-0.05446769902439769,-0.48518145
3984,-0.34773707,0.09125735077020476,-0.34773707
3985,-0.34773707,0.09125735077020476,-0.34773707
3986,-0.082558535,0.11923736750885573,-0.082558535
3987,-0.08263844,0.06341321264260671,-0.08263844
3988,0.054277305,0.02389221382876677,0.054277305
3989,0.05382172,-0.025155624617674496,0.05382172
3990,0.054055873,-0.09714660630751352,0.054055873
3991,-0.61945057,-0.15228915674808338,-0.61945057
3992,-0.36027092,0.03791234802969715,-0.36027092
3993,-0.476328,-0.0021833271559188005,-0.476328
3994,-0.476328,-0.09168984258606112,-0.476328
3995,-0.476328,-0.0021833271559188005,-0.476328
3996,-0.47737738,-0.06690844465849045,-0.47737738
3997,-0.4770839,-0.06807489377317907,-0.4770839
3998,0.05355306,0.11864285844082303,0.05355306
3999,-0.47707868,-0.021195675440922473,-0.47707868
4000,-0.4768057,-0.05859240804608167,-0.4768057
4001,-0.47725153,0.06707665734660867,-0.47725153
4002,-0.48545504,0.05752624148227931,-0.48545504
4003,-0.48512825,-0.11032064962844816,-0.48512825
4004,-0.48528877,-0.09510248925226558,-0.48528877
4005,0.032741606,0.21908317862726806,0.032741606
4006,-0.34773707,0.0975700961654973,-0.34773707
4007,-0.34773707,0.0975700961654973,-0.34773707
4008,-0.34768292,0.10852808469452015,-0.34768292
4009,-0.34768292,0.10852808469452015,-0.34768292
4010,0.032741606,0.21908317862726806,0.032741606
4011,-0.61945856,-0.08609356282513343,-0.61945856
4012,-0.476962,0.011828463695212928,-0.476962
4013,-0.47667062,-0.10076445885139712,-0.47667062
4014,-0.47707453,-0.15184469408333695,-0.47707453
4015,-0.47665846,-0.1005153274474857,-0.47665846
4016,-0.47665846,-0.025898415638011214,-0.47665846
4017,-0.47696224,-0.030231452551905364,-0.47696224
4018,0.09460139,0.1147446847776284,0.09460139
4019,-0.47737792,-0.14017717628143522,-0.47737792
4020,0.094568044,0.10264400605237166,0.094568044
4021,-0.47647563,-0.08333557694968663,-0.47647563
4022,-0.51895964,0.010695120856286858,-0.51895964
4023,-0.47709063,-0.11690271887645518,-0.47709063
4024,0.24089494,-0.0473355186209088,0.24089494
4025,-0.48445252,-0.05435080284422426,-0.48445252
4026,-0.48445252,-0.05435080284422426,-0.48445252
4027,-0.3765573,0.028104333572715263,-0.3765573
4028,-0.47777528,-0.04592151125199227,-0.47777528
4029,0.13628794,0.07037024255484055,0.13628794
4030,0.20341563,0.0751866132572839,0.20341563
4031,0.090470225,0.024921170148165195,0.090470225
4032,0.20341563,-0.029470551551189703,0.20341563
4033,0.09456804,0.05292395771690446,0.09456804
4034,0.09426122,-0.011609685992449827,0.09426122
4035,0.09426122,-0.011609685992449827,0.09426122
4036,0.09456804,-0.015842831072031282,0.09456804
4037,-0.48507816,-0.03192383201897968,-0.48507816
4038,0.0945836,0.10242511352565865,0.0945836
4039,0.017101737,0.058839247694664615,0.017101737
4040,0.0945836,0.21174105782753094,0.0945836
4041,-0.47759077,0.014834441744607177,-0.47759077
4042,-0.49040693,-0.06217079150775409,-0.49040693
4043,-0.47379068,-0.06673102786187586,-0.47379068
4044,-0.47399843,-0.04595347040935489,-0.47399843
4045,-0.47400647,-0.022424116137665442,-0.47400647
4046,-0.47401312,-0.048502863664556625,-0.47401312
4047,-0.61941475,-0.3214604205760284,-0.61941475
4048,-0.47986946,-0.11428941865187205,-0.47986946
4049,0.07544307,0.11942654033686617,0.07544307
4050,0.074498504,0.1101963333921845,0.074498504
4051,-0.51863843,-0.09025458378475551,-0.51863843
4052,-0.47668144,-0.07218459570962665,-0.47668144
4053,-0.4769508,-0.07818164889917933,-0.4769508
4054,-0.47757918,-0.14013898156857738,-0.47757918
4055,-0.47757918,-0.14013898156857738,-0.47757918
4056,0.20695856,0.08307973590643747,0.20695856
4057,-0.37656748,0.059825878278595965,-0.37656748
4058,-0.27879927,0.03587903869249733,-0.27879927
4059,-0.27865645,0.09595738066093615,-0.27865645
4060,-0.27865645,0.08721597290393154,-0.27865645
4061,-0.25307193,0.0887157771991563,-0.25307193
4062,-0.25307107,0.08588897271620387,-0.25307107
4063,-0.253081,0.09011345790294902,-0.253081
4064,-0.28773287,0.1263291186179443,-0.28773287
4065,-0.28773287,0.1263291186179443,-0.28773287
4066,-0.68548757,-0.19542548312563698,-0.68548757
4067,-0.68549556,-0.1565692924397827,-0.68549556
4068,-0.481046,-0.15253898857604864,-0.481046
4069,-0.481046,-0.04937619227204999,-0.481046
4070,-0.47344115,-0.034517371250138665,-0.47344115
4071,-0.02636967,0.11421467793054088,-0.02636967
4072,-0.019174522,0.16155980729464403,-0.019174522
4073,-0.4809179,-0.12243759726030526,-0.4809179
4074,-0.45383254,0.009726681155259303,-0.45383254
4075,-0.51867276,-0.07625940546288414,-0.51867276
4076,0.074564904,-0.011080883994247727,0.074564904
4077,-0.5228039,-0.048711982656483105,-0.5228039
4078,-0.48474404,-0.07891618704544993,-0.48474404
4079,-0.48474404,-0.13075993801751443,-0.48474404
4080,-0.473467,-0.09869502127912544,-0.473467
4081,0.074564904,0.04877849286969365,0.074564904
4082,0.074564904,-0.006442539948305187,0.074564904
4083,-0.5222897,-0.08541563222735962,-0.5222897
4084,-0.4767305,-0.09637996359752476,-0.4767305
4085,-0.4733232,0.04263185996321476,-0.4733232
4086,-0.51969236,-0.09570855341779302,-0.51969236
4087,0.13628869,0.005906589077897879,0.13628869
4088,0.09432391,0.2572411419301651,0.09432391
4089,0.09432391,0.10223292382854153,0.09432391
4090,-0.51930034,-0.004978685248164851,-0.51930034
4091,-0.51930034,-0.08538316121771948,-0.51930034
4092,-0.5195444,-0.14205923607482626,-0.5195444
4093,-0.61945856,-0.1410008019886731,-0.61945856
4094,-0.6194407,-0.11743326024622934,-0.6194407
4095,-0.34773713,0.20977160139394344,-0.34773713
4096,-0.6194505,-0.12853510810516955,-0.6194505
4097,-0.610985,-0.15370303710778635,-0.610985
4098,-0.35238543,0.13789062341919137,-0.35238543
4099,-0.4740065,-0.03221509112411526,-0.4740065
4100,-0.35579082,0.1487395373844656,-0.35579082
4101,-0.5223352,-0.08309366677549705,-0.5223352
4102,0.0783109,0.1180138813032211,0.0783109
4103,-0.48090494,-0.11670307757200202,-0.48090494
4104,-0.48091257,-0.021729775478285956,-0.48091257
4105,0.0783109,0.12000937341116462,0.0783109
4106,0.08675456,0.06585719222393713,0.08675456
4107,-0.6077996,-0.1360583961505935,-0.6077996
4108,-0.6077996,-0.1360583961505935,-0.6077996
4109,-0.6077996,0.02261597132756699,-0.6077996
4110,-0.6077996,0.02261597132756699,-0.6077996
4111,0.09457138,0.23292718961807826,0.09457138
4112,0.08675454,0.08652666573027067,0.08675454
4113,-0.48545504,-0.04851756301569914,-0.48545504
4114,-0.34773707,0.2130055246862526,-0.34773707
4115,-0.34773707,0.06705726514541258,-0.34773707
4116,-0.25307938,-0.021513821097102502,-0.25307938
4117,-0.28773287,0.07710899451236737,-0.28773287
4118,-0.28773287,0.07710899451236737,-0.28773287
4119,-0.35040435,0.07812956901718782,-0.35040435
4120,-0.48545504,-0.04704167027115584,-0.48545504
4121,-0.3522016,0.023316958974279343,-0.3522016
4122,-0.47931734,-0.019156019699690566,-0.47931734
4123,-0.47535986,-0.051336591486128735,-0.47535986
4124,-0.4766304,0.009084310228314824,-0.4766304
4125,-0.026960729,0.11988943092669983,-0.026960729
4126,-0.4763278,0.006890895854103131,-0.4763278
4127,-0.47632787,-0.051861052305370255,-0.47632787
4128,-0.47632787,-0.09949270476449489,-0.47632787
4129,-0.062044773,0.10716205951814645,-0.062044773
4130,-0.06204455,0.08338389110651008,-0.06204455
4131,0.053787336,0.13203023677368705,0.053787336
4132,-0.35047218,0.04624374169872185,-0.35047218
4133,-0.026856214,0.16277839274980693,-0.026856214
4134,-0.48449704,-0.06890914825955892,-0.48449704
4135,0.13659613,0.056261646666825565,0.13659613
4136,-0.4777246,-0.15208897655698841,-0.4777246
4137,-0.4765967,-0.08587584906420126,-0.4765967
4138,-0.51867443,-0.0958797000776166,-0.51867443
4139,-0.51846623,-0.15859511974676463,-0.51846623
4140,-0.47674137,0.021324359859616174,-0.47674137
4141,-0.477377,-0.05455545859128964,-0.477377
4142,-0.47737738,-0.08290133202919425,-0.47737738
4143,-0.47665834,0.00417054010657355,-0.47665834
4144,0.09460114,0.21355786318682624,0.09460114
4145,-0.47707438,0.0072858781473441065,-0.47707438
4146,-0.47707438,-0.08445876178157063,-0.47707438
4147,-0.47665834,-0.014459002177888827,-0.47665834
4148,-0.4773778,0.01053776301016793,-0.4773778
4149,-0.4773778,-0.06351237214141708,-0.4773778
4150,-0.4773778,0.01053776301016793,-0.4773778
4151,-0.47696188,-0.08142814475912914,-0.47696188
4152,-0.47707477,-0.11130476047544045,-0.47707477
4153,-0.4773778,-0.03208183370025133,-0.4773778
4154,-0.4773778,-0.03467554351887746,-0.4773778
4155,-0.4764755,0.025651496417257433,-0.4764755
4156,-0.35191157,0.10604512259595801,-0.35191157
4157,-0.35191157,0.2020586300661253,-0.35191157
4158,-0.34773713,0.08096559462570638,-0.34773713
4159,-0.34899804,0.19717389748292402,-0.34899804
4160,-0.34899804,0.19717389748292402,-0.34899804
4161,-0.18298906,0.11056879861829716,-0.18298906
4162,-0.4771533,-0.10516553210378722,-0.4771533
4163,-0.027004272,0.1716706936623556,-0.027004272
4164,-0.5584051,-0.15940197135398018,-0.5584051
4165,0.07456265,0.13078662734571478,0.07456265
4166,-0.4769272,-0.12990954651502223,-0.4769272
4167,-0.4769272,-0.03693162054014312,-0.4769272
4168,-0.4769272,-0.12990954651502223,-0.4769272
4169,-0.4769272,-0.12990954651502223,-0.4769272
4170,-0.4769272,-0.03693162054014312,-0.4769272
4171,-0.4769272,-0.03693162054014312,-0.4769272
4172,-0.47751713,-0.1575675623844682,-0.47751713
4173,-0.4769272,-0.06214533560239781,-0.4769272
4174,-0.51837146,-0.15572601552579787,-0.51837146
4175,-0.51879656,-0.08272340262986223,-0.51879656
4176,-0.51879656,-0.08272340262986223,-0.51879656
4177,-0.51879656,-0.08272340262986223,-0.51879656
4178,-0.51879656,-0.08272340262986223,-0.51879656
4179,-0.4770841,-0.09166884964810762,-0.4770841
4180,-0.47708488,-0.09702909440227514,-0.47708488
4181,-0.47690454,0.007751317077138583,-0.47690454
4182,0.23743089,0.0425878541836161,0.23743089
4183,0.23743089,0.0425878541836161,0.23743089
4184,0.09460139,0.10309304017228484,0.09460139
4185,-0.48076546,-0.05480803796035805,-0.48076546
4186,-0.47737792,-0.09501917935100189,-0.47737792
4187,-0.47737792,-0.04154309624321097,-0.47737792
4188,-0.47737792,-0.03407780949193159,-0.47737792
4189,-0.47706947,-0.008870525554645663,-0.47706947
4190,-0.5183836,-0.10799363273800794,-0.5183836
4191,-0.47666883,0.009777538286374593,-0.47666883
4192,0.07456021,0.050399246660443424,0.07456021
4193,-0.43939397,-0.006249723864395475,-0.43939397
4194,-0.43939397,0.0600178306377584,-0.43939397
4195,-0.47667065,-0.032937665840870406,-0.47667065
4196,0.09456778,0.1100607310604273,0.09456778
4197,0.09426123,0.13844220959535036,0.09426123
4198,-0.5192898,-0.08999899253217042,-0.5192898
4199,0.09456778,0.004659942451269408,0.09456778
4200,0.09456778,0.004659942451269408,0.09456778
4201,-0.47776285,-0.17879545710450462,-0.47776285
4202,-0.4773778,-0.07946987575495401,-0.4773778
4203,0.09402184,0.07464775857528715,0.09402184
4204,-0.48184302,-0.11688938204657835,-0.48184302
4205,-0.48184302,-0.015453841022388339,-0.48184302
4206,-0.3087683,0.0763477128304776,-0.3087683
4207,-0.42078933,0.01397036882280111,-0.42078933
4208,-0.37656748,0.08722946271239501,-0.37656748
4209,-0.27939722,0.050962153504702006,-0.27939722
4210,-0.47987738,-0.015110521047775093,-0.47987738
4211,0.07544307,0.007361715284360495,0.07544307
4212,-0.47695044,-0.11917339696841292,-0.47695044
4213,0.20341562,0.14618423674652062,0.20341562
4214,-0.48125607,-0.11099487566023408,-0.48125607
4215,-0.48105672,-0.10791699169522659,-0.48105672
4216,-0.4770863,-0.07275317103373864,-0.4770863
4217,-0.4770863,-0.014687816239138892,-0.4770863
4218,-0.6194148,-0.11514589421876521,-0.6194148
4219,-0.268103,0.11693946273452284,-0.268103
4220,-0.37593913,0.063067284584183,-0.37593913
4221,-0.25281143,0.11267851278493143,-0.25281143
4222,-0.2531008,0.13775200600247983,-0.2531008
4223,-0.2560005,0.029967371739790832,-0.2560005
4224,-0.27943262,0.08862747068625014,-0.27943262
4225,-0.27943262,0.032395372815269344,-0.27943262
4226,-0.27935266,0.1481516610091495,-0.27935266
4227,0.09385377,0.055607037187588235,0.09385377
4228,-0.48091778,-0.11520381324009475,-0.48091778
4229,-0.47695068,-0.06939205725071906,-0.47695068
4230,0.07470034,0.06912755174461602,0.07470034
4231,0.07831685,0.1033198303644365,0.07831685
4232,-0.5228038,-0.12525914306381752,-0.5228038
4233,-0.5150032,-0.03739609071536329,-0.5150032
4234,0.07456265,0.034953841052768046,0.07456265
4235,0.0945836,0.21866349222726794,0.0945836
4236,-0.439394,-0.022486205605943183,-0.439394
4237,0.23982622,-0.07886423353285256,0.23982622
4238,0.06348646,0.13999555412076323,0.06348646
4239,-0.35225362,0.12652813703539534,-0.35225362
4240,0.20709695,-0.02747164924659268,0.20709695
4241,-0.376567,0.04946512145509662,-0.376567
4242,-0.37656668,0.047768862016346836,-0.37656668
4243,0.0783109,0.06339236559483068,0.0783109
4244,-0.5226368,-0.14080849918063876,-0.5226368
4245,0.07470398,0.07199367312562119,0.07470398
4246,-0.48460484,-0.129314297470842,-0.48460484
4247,0.0745672,0.19945020454513457,0.0745672
4248,-0.4845886,-0.02737505146554557,-0.4845886
4249,0.09417963,0.10476517405994165,0.09417963
4250,0.13629223,0.006797839267773667,0.13629223
4251,0.08674669,0.08652666573027067,0.08674669
4252,-0.48494342,-0.1341308941515673,-0.48494342
4253,-0.34773707,0.09665176741033785,-0.34773707
4254,-0.37661391,0.25785734182067754,-0.37661391
4255,-0.70311993,0.0689118173880271,-0.70311993
4256,-0.3424151,0.05533973383584353,-0.3424151
4257,-0.47400638,0.0006940354073108561,-0.47400638
4258,-0.47401026,-0.00735726001329573,-0.47401026
4259,-0.4740065,-0.05167155624202233,-0.4740065
4260,-0.4740065,-0.06119381627377316,-0.4740065
4261,-0.47396347,-0.05167155624202233,-0.47396347
4262,-0.026976673,0.06177127773820796,-0.026976673
4263,0.08698824,0.15623008512192832,0.08698824
4264,-0.47646776,-0.0368831716697505,-0.47646776
4265,-0.4766806,-0.02021873846422318,-0.4766806
4266,-0.47535986,-0.02833981214926225,-0.47535986
4267,-0.47535986,0.014500509397033895,-0.47535986
4268,-0.47535986,-0.09039345169296277,-0.47535986
4269,-0.47535986,-0.023247086200569155,-0.47535986
4270,-0.47827783,0.006859479650215103,-0.47827783
4271,0.074557886,0.2243254179421546,0.074557886
4272,-0.026958348,0.126585642554721,-0.026958348
4273,-0.2532889,-0.005014531299816955,-0.2532889
4274,-0.2560212,0.06121096588178586,-0.2560212
4275,-0.2887719,0.09462133290082482,-0.2887719
4276,-0.5575089,-0.05103703344005784,-0.5575089
4277,0.063832,0.021606588029712586,0.063832
4278,-0.47723335,-0.09433977933900968,-0.47723335
4279,-0.47723335,-0.09433977933900968,-0.47723335
4280,-0.47659695,-0.029929327570853242,-0.47659695
4281,-0.058366936,0.2321742132377223,-0.058366936
4282,-0.058366712,0.18490409345930706,-0.058366712
4283,0.09388738,0.09281116995289211,0.09388738
4284,-0.47732264,0.006361310017639139,-0.47732264
4285,-0.55756456,0.14911847533789932,-0.55756456
4286,-0.4766582,-0.026272682781798506,-0.4766582
4287,-0.47737804,-1.3102453132949861e-05,-0.47737804
4288,0.09484069,0.07867417106739052,0.09484069
4289,0.09484069,0.13541894947830613,0.09484069
4290,0.032958508,0.20195929795802126,0.032958508
4291,-0.47506154,-0.006093338189535483,-0.47506154
4292,-0.3522661,0.017716592986835065,-0.3522661
4293,-0.5584051,-0.19090350552697233,-0.5584051
4294,-0.5584051,-0.17840517493609556,-0.5584051
4295,-0.5584049,-0.1331103789955627,-0.5584049
4296,-0.3422798,0.0691954727077079,-0.3422798
4297,-0.47744304,-0.07867570097166701,-0.47744304
4298,-0.33894265,0.05912138751604504,-0.33894265
4299,-0.48042342,-0.09111221852743745,-0.48042342
4300,-0.48090896,-0.10896138895078733,-0.48090896
4301,-0.47632802,-0.026272682781798506,-0.47632802
4302,-0.47723123,-0.030653606697471324,-0.47723123
4303,0.09070389,0.08531791349152935,0.09070389
4304,0.074562825,0.049152372797427714,0.074562825
4305,0.07457534,0.0028217098894474215,0.07457534
4306,-0.47692707,-0.13099465783128766,-0.47692707
4307,-0.47665322,-0.15455430220765873,-0.47665322
4308,-0.47695044,-0.13538697522073784,-0.47695044
4309,-0.4769268,0.0024584835403843428,-0.4769268
4310,-0.4730462,0.04896380710895052,-0.4730462
4311,-0.47692743,-0.0820366652620015,-0.47692743
4312,-0.47692707,-0.15520160064741134,-0.47692707
4313,-0.47692707,-0.15520160064741134,-0.47692707
4314,-0.4813434,-0.11316597938027556,-0.4813434
4315,-0.47751737,-0.08215472660574351,-0.47751737
4316,0.07830866,0.06998453631249651,0.07830866
4317,0.09457159,0.14479946374102934,0.09457159
4318,-0.4773778,-0.0408915048020663,-0.4773778
4319,-0.4773778,-0.08733765347368222,-0.4773778
4320,-0.4775098,-0.03064657682248219,-0.4775098
4321,0.0783199,0.04041400855683108,0.0783199
4322,-0.47750682,-0.1452792199400462,-0.47750682
4323,-0.48459393,-0.0635651363107091,-0.48459393
4324,-0.48459393,-0.05924671684224875,-0.48459393
4325,-0.47695702,-0.10571948817435056,-0.47695702
4326,0.09458335,0.09129867504206628,0.09458335
4327,0.09458335,0.09129867504206628,0.09458335
4328,0.09458335,0.09719951236090543,0.09458335
4329,0.09458335,0.09719951236090543,0.09458335
4330,-0.4239873,-0.11643134242224777,-0.4239873
4331,-0.69540244,-0.25420527871168264,-0.69540244
4332,-0.3383394,0.08423305014278426,-0.3383394
4333,-0.5407613,-0.05474451135407188,-0.5407613
4334,-0.4772316,-0.09894468277337201,-0.4772316
4335,-0.4772316,-0.0509393416775278,-0.4772316
4336,-0.60417265,-0.07238246758661077,-0.60417265
4337,-0.34773707,0.09431887179734542,-0.34773707
4338,-0.48119593,-0.16058963186666292,-0.48119593
4339,-0.480606,-0.091323291572609,-0.480606
4340,-0.48091018,-0.10073316282658715,-0.48091018
4341,-0.5186492,-0.08554294948791952,-0.5186492
4342,-0.5186492,-0.08554294948791952,-0.5186492
4343,-0.5186492,-0.08554294948791952,-0.5186492
4344,-0.5189528,-0.13211236819738678,-0.5189528
4345,0.078310885,0.04191905934690038,0.078310885
4346,-0.48090976,-0.07123590150091078,-0.48090976
4347,0.078310885,0.08668260506232234,0.078310885
4348,-0.47723135,-0.07678602337160595,-0.47723135
4349,0.09457158,0.06555809705223986,0.09457158
4350,-0.47667065,-0.09924866972257379,-0.47667065
4351,0.09088585,0.14141807522258634,0.09088585
4352,0.09447638,0.0849289303769734,0.09447638
4353,0.09036371,0.14470297900464213,0.09036371
4354,0.0906864,-0.009185496714131295,0.0906864
4355,-0.51930004,-0.027589309641813817,-0.51930004
4356,-0.51930004,-0.09610721013908344,-0.51930004
4357,-0.34773722,0.0906773596150616,-0.34773722
4358,-0.5584051,-0.2027892137914937,-0.5584051
4359,-0.24467851,0.24516085544109648,-0.24467851
4360,-0.24467851,0.24516085544109648,-0.24467851
4361,-0.24467851,0.24516085544109648,-0.24467851
4362,-0.25307164,0.019500174077607055,-0.25307164
4363,-0.4139334,-0.0012810056488393178,-0.4139334
4364,-0.47723073,-0.08413358538827516,-0.47723073
4365,-0.47723073,-0.06305847630151425,-0.47723073
4366,-0.47708502,-0.024035582982543647,-0.47708502
4367,-0.47708502,-0.11971845840248892,-0.47708502
4368,-0.47750565,-0.05004741936610628,-0.47750565
4369,-0.4769395,0.017089758535393077,-0.4769395
4370,-0.47380012,0.013049918979248286,-0.47380012
4371,0.20696314,-0.004195507451287988,0.20696314
4372,0.07544532,0.006626817627553591,0.07544532
4373,-0.47713792,-0.15358136091624622,-0.47713792
4374,-0.4843083,-0.1400405634549897,-0.4843083
4375,-0.4733177,-0.08459869015848923,-0.4733177
4376,0.090639904,0.13065267419240623,0.090639904
4377,-0.37656748,0.012009534886884925,-0.37656748
4378,-0.48458374,-0.0922246580864007,-0.48458374
4379,0.08696545,0.13999093525472187,0.08696545
4380,-0.47665805,-0.023096254476298424,-0.47665805
4381,-0.476962,0.009939955119287932,-0.476962
4382,-0.47827783,-0.07270724139673587,-0.47827783
4383,-0.3418561,0.17182250562010035,-0.3418561
4384,-0.4740065,0.11055460035454832,-0.4740065
4385,-0.3639483,0.057406549648730265,-0.3639483
4386,0.03397734,0.005342518545636824,0.03397734
4387,-0.439394,-0.04193870180989245,-0.439394
4388,-0.47784987,0.024495506293848404,-0.47784987
4389,-0.47644755,-0.11811541850983558,-0.47644755
4390,-0.48545504,0.006168781818588097,-0.48545504
4391,-0.0268564,0.10614284815235481,-0.0268564
4392,-0.25308043,0.15196836564124502,-0.25308043
4393,-0.5575089,0.142461834764196,-0.5575089
4394,-0.3639483,0.0624474732702987,-0.3639483
4395,-0.058366682,0.13292112615662866,-0.058366682
4396,-0.47657633,0.00015566772857981363,-0.47657633
4397,-0.47737804,-0.11123349740939946,-0.47737804
4398,-0.48545504,-0.1157227661259947,-0.48545504
4399,-0.48514184,0.0574572279195367,-0.48514184
4400,-0.48514184,0.0574572279195367,-0.48514184
4401,-0.34773707,0.10146124292514254,-0.34773707
4402,-0.34773707,0.10146124292514254,-0.34773707
4403,-0.34773707,0.124041389695475,-0.34773707
4404,-0.34769616,0.06076444642656367,-0.34769616
4405,-0.3489052,0.0858322317433308,-0.3489052
4406,-0.51105297,-0.06773741417134242,-0.51105297
4407,-0.558428,-0.14276458672268288,-0.558428
4408,-0.48091224,-0.11976301730181153,-0.48091224
4409,-0.48027575,-0.14463325005111421,-0.48027575
4410,-0.4768452,0.0022721259627877066,-0.4768452
4411,-0.51856273,-0.14463077019320875,-0.51856273
4412,-0.48027512,-0.12099183751504143,-0.48027512
4413,0.07833452,0.06586092610840621,0.07833452
4414,0.07832194,0.12822352335991996,0.07832194
4415,-0.47696197,0.0030085141427745083,-0.47696197
4416,-0.47658637,-0.05974049062463189,-0.47658637
4417,-0.47632787,-0.14305564625341796,-0.47632787
4418,0.090470195,0.1092622298558281,0.090470195
4419,0.090470195,0.1092622298558281,0.090470195
4420,0.09434331,0.08736797421549469,0.09434331
4421,0.09434331,0.12556343908380888,0.09434331
4422,0.07456488,0.05158461142727979,0.07456488
4423,-0.34899804,0.1627734167784846,-0.34899804
4424,-0.34899804,0.1627734167784846,-0.34899804
4425,0.09458335,0.06718458478496224,0.09458335
4426,0.09458335,0.06718458478496224,0.09458335
4427,0.09458335,0.048823182464668644,0.09458335
4428,0.09458335,0.048823182464668644,0.09458335
4429,-0.3236522,0.015844968643918243,-0.3236522
4430,-0.3236522,0.015844968643918243,-0.3236522
4431,-0.5584051,-0.13057518874888313,-0.5584051
4432,-0.5584051,-0.11423781872287488,-0.5584051
4433,-0.5584023,-0.06101048867933937,-0.5584023
4434,-0.69539434,-0.2093533167035173,-0.69539434
4435,-0.6954023,0.007466245857095702,-0.6954023
4436,-0.69540244,-0.18614052222536373,-0.69540244
4437,-0.5407613,-0.0800935579603117,-0.5407613
4438,-0.5407613,-0.013093401365066145,-0.5407613
4439,0.074564904,0.09474236279021482,0.074564904
4440,0.074564904,0.033017571329585556,0.074564904
4441,-0.51475924,0.021815763959265003,-0.51475924
4442,-0.47693664,0.058853743885087476,-0.47693664
4443,-0.47692707,-0.0864740816080951,-0.47692707
4444,-0.47692707,0.017622699822044754,-0.47692707
4445,0.23713265,0.07995973354154085,0.23713265
4446,-0.48060623,-0.0970792899093011,-0.48060623
4447,-0.48060623,-0.0970792899093011,-0.48060623
4448,-0.48062924,-0.07254812308676413,-0.48062924
4449,-0.48444673,-0.08555220557771293,-0.48444673
4450,-0.4772306,-0.08653318425382439,-0.4772306
4451,0.078319915,0.05678016090342654,0.078319915
4452,-0.51919675,-0.1525615728661887,-0.51919675
4453,-0.4840032,-0.1649187299740106,-0.4840032
4454,-0.47737777,-0.14128135379401577,-0.47737777
4455,0.09457158,0.09311502563595539,0.09457158
4456,0.09432771,0.06892538561425954,0.09432771
4457,0.09426921,0.15648386219595645,0.09426921
4458,0.09045271,0.06553004952165539,0.09045271
4459,0.09422782,0.035834555965029394,0.09422782
4460,0.09457133,0.16437211912166835,0.09457133
4461,-0.48110887,-0.028176485815983445,-0.48110887
4462,0.0906864,0.13017506464845915,0.0906864
4463,-0.47745773,-0.07765504958145504,-0.47745773
4464,-0.3186583,0.010077641577971239,-0.3186583
4465,-0.3186583,0.010077641577971239,-0.3186583
4466,-0.24494198,0.15341445383765695,-0.24494198
4467,-0.24467817,0.18041176581049012,-0.24467817
4468,-0.244698,0.12011626167586843,-0.244698
4469,-0.24494198,0.15341445383765695,-0.24494198
4470,-0.244698,0.12011626167586843,-0.244698
4471,-0.25361112,0.09613377936873649,-0.25361112
4472,-0.6194149,-0.05839425339839662,-0.6194149
4473,-0.48503986,-0.0353251174953959,-0.48503986
4474,-0.480606,-0.10874470273070294,-0.480606
4475,-0.48091885,-0.22762827770776276,-0.48091885
4476,-0.47723073,0.01550711007221778,-0.47723073
4477,-0.47723073,-0.05968522320201468,-0.47723073
4478,-0.4769504,0.008322441297740745,-0.4769504
4479,0.1997304,0.19930478199584975,0.1997304
4480,-0.47716555,-0.09504602559557673,-0.47716555
4481,-0.49258706,-0.10605171718700894,-0.49258706
4482,-0.027004268,0.05816740036635533,-0.027004268
4483,-0.027004272,0.10620421649501952,-0.027004272
4484,-0.34899804,0.17086793385184315,-0.34899804
4485,-0.34899804,0.17086793385184315,-0.34899804
4486,-0.4775842,0.009670669225045475,-0.4775842
4487,-0.25308076,0.11878162838687113,-0.25308076
4488,-0.28208232,-0.007417268413299434,-0.28208232
4489,-0.26281092,0.07761396988755077,-0.26281092
4490,-0.5584051,-0.20236406015585603,-0.5584051
4491,0.07544532,0.09239344153899037,0.07544532
4492,-0.48460457,-0.12442585712578838,-0.48460457
4493,-0.47330981,0.0058945105942741745,-0.47330981
4494,-0.52309334,-0.11981988929582618,-0.52309334
4495,-0.52309334,-0.11271979442522223,-0.52309334
4496,-0.47617576,0.0016170456850314967,-0.47617576
4497,-0.47617576,0.012370742268691877,-0.47617576
4498,-0.47668123,-0.047302818747833555,-0.47668123
4499,-0.47668123,0.05150405065569939,-0.47668123
4500,-0.4764751,-0.0027153869802549672,-0.4764751
4501,-0.24488465,0.13016119915088986,-0.24488465
4502,-0.24488465,0.13016119915088986,-0.24488465
4503,-0.25335217,0.059716383749498586,-0.25335217
4504,-0.33465695,0.18752472673118248,-0.33465695
4505,-0.5565751,-0.10794390035433606,-0.5565751
4506,-0.4779994,-0.13734105339115044,-0.4779994
4507,0.0869576,0.13106036162274104,0.0869576
4508,-0.6077996,0.0012190070677286207,-0.6077996
4509,-0.6077996,-0.15463381109709673,-0.6077996
4510,-0.47737807,0.025627467385569543,-0.47737807
4511,-0.062121026,-0.059928592175559126,-0.062121026
4512,-0.062121026,0.10573674455878965,-0.062121026
4513,-0.23372313,0.011278051236875438,-0.23372313
4514,-0.23372313,0.005293642166948465,-0.23372313
4515,-0.47342062,0.01969024474418358,-0.47342062
4516,-0.47722974,-0.010466804277757643,-0.47722974
4517,-0.476962,-0.06419032654329235,-0.476962
4518,-0.476962,-0.12730579309658183,-0.476962
4519,-0.476962,-0.020562170984710443,-0.476962
4520,-0.30802292,0.2126387189543593,-0.30802292
4521,-0.5575087,0.24577673148538703,-0.5575087
4522,-0.70383096,-0.262022373271831,-0.70383096
4523,-0.026956227,0.07016672396545685,-0.026956227
4524,-0.4766526,-0.007937534575924318,-0.4766526
4525,-0.476328,0.005962401744626096,-0.476328
4526,0.09426948,0.15405123621965452,0.09426948
4527,-0.4802752,-0.1123090011627439,-0.4802752
4528,0.07456402,0.13402897685086956,0.07456402
4529,0.3022794,0.01995480124238133,0.3022794
4530,-0.47737804,-0.021592881725539696,-0.47737804
4531,0.20695855,-0.0037618108805823618,0.20695855
4532,-0.4740065,0.006244213683999922,-0.4740065
4533,-0.4784844,-0.019683421436689802,-0.4784844
4534,-0.16458747,0.13260501779471917,-0.16458747
4535,-0.4809166,-0.03150099887965277,-0.4809166
4536,-0.47647563,-0.13532141510184328,-0.47647563
4537,0.09434332,0.2717790453843738,0.09434332
4538,-0.47692716,-0.12849756566628492,-0.47692716
4539,-0.4806298,0.05279829215088582,-0.4806298
4540,0.09458335,0.03603573641808091,0.09458335
4541,0.09458335,0.03603573641808091,0.09458335
4542,0.09458335,0.19866358246224786,0.09458335
4543,0.09458335,0.19866358246224786,0.09458335
4544,-0.25306523,0.09905313432797848,-0.25306523
4545,-0.49397257,-0.1257128621878295,-0.49397257
4546,0.094305895,0.08558317531000245,0.094305895
4547,0.07832213,0.10042209953866958,0.07832213
4548,0.07831708,0.04318868121647773,0.07831708
4549,0.074564904,0.03364938171430488,0.074564904
4550,0.07456718,0.09008830116392423,0.07456718
4551,-0.4806061,-0.08813142719604497,-0.4806061
4552,0.078310885,0.08204758199579022,0.078310885
4553,0.0908894,0.2239143014698976,0.0908894
4554,-0.4769268,0.00717715246096986,-0.4769268
4555,-0.42398575,-0.012319403886654461,-0.42398575
4556,-0.35588357,0.13512835246199717,-0.35588357
4557,-0.69540244,-0.0689336430035218,-0.69540244
4558,-0.24520545,0.05144339326778792,-0.24520545
4559,-0.24469766,0.11273335552514341,-0.24469766
4560,-0.2570138,0.00900136680646701,-0.2570138
4561,-0.15990369,0.06013644962810979,-0.15990369
4562,-0.15990369,0.21570410350057537,-0.15990369
4563,-0.4462088,-0.02957219230306576,-0.4462088
4564,-0.5226363,-0.10559854864419112,-0.5226363
4565,-0.48428518,-0.06074228761399449,-0.48428518
4566,-0.48091805,-0.11241853432113709,-0.48091805
4567,-0.47696182,-0.055723678782574546,-0.47696182
4568,0.09045243,0.02208796964489764,0.09045243
4569,0.20666285,0.13717786549388697,0.20666285
4570,-0.3267972,0.1542405068493276,-0.3267972
4571,-0.24467382,0.07437847988628707,-0.24467382
4572,-0.24494745,0.19764171411630077,-0.24494745
4573,-0.61945045,-0.19211629189519858,-0.61945045
4574,0.07830633,0.09918068770339232,0.07830633
4575,0.07830633,0.22302845241620867,0.07830633
4576,-0.47693756,0.0036496150851717257,-0.47693756
4577,-0.47693756,-0.062305149466166714,-0.47693756
4578,-0.47632715,0.00644997038087306,-0.47632715
4579,-0.47632703,-0.09243041482863583,-0.47632703
4580,-0.439394,0.04483107819171257,-0.439394
4581,-0.4921786,-0.1150510523976369,-0.4921786
4582,-0.5584047,-0.15229098192884413,-0.5584047
4583,-0.5584051,-0.05058844971452452,-0.5584051
4584,-0.15990368,0.1434400259866062,-0.15990368
4585,-0.69535923,-0.20204842095212797,-0.69535923
4586,-0.69540244,-0.2628848999197183,-0.69540244
4587,-0.6954144,-0.1710171515640544,-0.6954144
4588,-0.5407613,-0.08259075063009681,-0.5407613
4589,-0.5407613,-0.0610677362870341,-0.5407613
4590,-0.48459947,-0.11409685819532236,-0.48459947
4591,-0.47787115,-0.05603090591864388,-0.47787115
4592,-0.4763276,-0.03938840274675878,-0.4763276
4593,-0.47703022,0.00392973443076209,-0.47703022
4594,-0.4766575,0.013332291035360556,-0.4766575
4595,-0.47708666,-0.1934915785346151,-0.47708666
4596,-0.47677547,0.02525847361592742,-0.47677547
4597,-0.4249587,-0.1280738167358718,-0.4249587
4598,0.073088996,0.05965370711003159,0.073088996
4599,-0.54076165,-0.031102824612785584,-0.54076165
4600,-0.23664482,0.08089565246707722,-0.23664482
4601,-0.23374264,0.1973209655108067,-0.23374264
4602,-0.2339866,0.09592283907698548,-0.2339866
4603,-0.24467672,0.14576800152893332,-0.24467672
4604,-0.24467672,0.14576800152893332,-0.24467672
4605,-0.34821406,0.06927060063027475,-0.34821406
4606,-0.33514398,0.08843192077157318,-0.33514398
4607,-0.33410227,0.10568536810015529,-0.33410227
4608,-0.4740065,-0.02105372428869952,-0.4740065
4609,-0.473974,0.0694096368624124,-0.473974
4610,-0.47784987,-0.08433144323127649,-0.47784987
4611,-0.4739705,-0.015330014162069822,-0.4739705
4612,-0.47736055,-0.13933250039789238,-0.47736055
4613,-0.47736055,-0.12582629184244956,-0.47736055
4614,-0.47736055,-0.12582629184244956,-0.47736055
4615,-0.47665808,-0.010349675421267392,-0.47665808
4616,-0.47707453,-0.06339142648318574,-0.47707453
4617,-0.47707453,0.01267314228125314,-0.47707453
4618,-0.47707453,-0.054016277826133025,-0.47707453
4619,0.09429927,0.12560716396554267,0.09429927
4620,-0.4766466,-0.14031409982932816,-0.4766466
4621,-0.4766466,-0.14031409982932816,-0.4766466
4622,-0.47736055,-0.023417382311161566,-0.47736055
4623,-0.47737855,0.017362835782256635,-0.47737855
4624,0.09458391,0.09496422847471758,0.09458391
4625,-0.47708666,-0.04818174515310323,-0.47708666
4626,0.1363046,-0.1385415341457372,0.1363046
4627,-0.48106587,-0.02388120193343265,-0.48106587
4628,-0.48087528,-0.042046435304722754,-0.48087528
4629,-0.27612945,0.11664240322532879,-0.27612945
4630,-0.82547915,-0.1252087391752905,-0.82547915
4631,-0.4771084,-0.1247032766793083,-0.4771084
4632,-0.48536417,-0.024447526349752908,-0.48536417
4633,-0.48536417,-0.024447526349752908,-0.48536417
4634,-0.48536417,-0.024447526349752908,-0.48536417
4635,0.094281785,-0.11230913148782304,0.094281785
4636,0.094281785,-0.11230913148782304,0.094281785
4637,0.09426096,0.12777279985661727,0.09426096
4638,0.09426123,0.017878568728706405,0.09426123
4639,0.09397765,0.07734810119949563,0.09397765
4640,0.094583906,0.1234841114327758,0.094583906
4641,-0.4853507,0.03245624878886075,-0.4853507
4642,-0.47737804,-0.01761179991639783,-0.47737804
4643,-0.23662825,0.11434479828957267,-0.23662825
4644,-0.47744408,0.054836748108802666,-0.47744408
4645,-0.5575068,-0.0036662674501430717,-0.5575068
4646,0.09458335,0.07061079683718212,0.09458335
4647,0.09458335,0.07061079683718212,0.09458335
4648,0.09458335,0.048823182464668644,0.09458335
4649,0.09458335,0.048823182464668644,0.09458335
4650,0.09045626,0.11634393749978736,0.09045626
4651,-0.47659683,0.01044846121808249,-0.47659683
4652,-0.48060596,-0.06886407942013918,-0.48060596
4653,0.094269216,0.06718278688942331,0.094269216
4654,-0.5584023,-0.380036539479247,-0.5584023
4655,-0.5575081,-0.03937384293076054,-0.5575081
4656,-0.55750775,-0.12644101128477794,-0.55750775
4657,-0.47723144,0.03533637013148969,-0.47723144
4658,-0.4769617,0.0016336612885766702,-0.4769617
4659,-0.5487438,-0.1759600717678692,-0.5487438
4660,-0.24469331,0.19771969260721214,-0.24469331
4661,-0.3567321,0.1362863445116042,-0.3567321
4662,-0.42398423,-0.052361816270303035,-0.42398423
4663,0.056409713,0.19566859726400807,0.056409713
4664,-0.35588172,0.03267132444338747,-0.35588172
4665,-0.35588172,0.04474473061128212,-0.35588172
4666,-0.35588172,0.04474473061128212,-0.35588172
4667,-0.47694147,-0.05757150617878974,-0.47694147
4668,-0.5093468,-0.09819527157576402,-0.5093468
4669,-0.47665736,-0.13693032596279692,-0.47665736
4670,-0.48017275,-0.14877028943000387,-0.48017275
4671,-0.47632787,0.06829242042533971,-0.47632787
4672,-0.47632787,-0.04098910264108535,-0.47632787
4673,-0.5407613,-0.09409351773562939,-0.5407613
4674,-0.5407615,-0.06603043631518765,-0.5407615
4675,-0.5407613,-0.15681506762899122,-0.5407613
4676,-0.23374298,0.15790881620551472,-0.23374298
4677,-0.24469621,0.05953227444474182,-0.24469621
4678,-0.48452285,-0.040099303005752006,-0.48452285
4679,-0.48128423,-0.18652569289774207,-0.48128423
4680,-0.47696188,-0.046438836053082785,-0.47696188
4681,-0.5183705,-0.04156913688980892,-0.5183705
4682,-0.47692624,-0.037568821260321295,-0.47692624
4683,-0.47688273,-0.1173274468201902,-0.47688273
4684,-0.5183423,-0.1676180771939676,-0.5183423
4685,-0.47665834,0.08010632184704947,-0.47665834
4686,-0.47696188,-0.011285853298085789,-0.47696188
4687,-0.47795057,-0.02362862040314643,-0.47795057
4688,-0.47707438,-0.014612142864582584,-0.47707438
4689,-0.47664645,0.031436365325970037,-0.47664645
4690,-0.47664645,0.031436365325970037,-0.47664645
4691,-0.47707438,0.012781867967627387,-0.47707438
4692,-0.47784987,-0.09279603161500526,-0.47784987
4693,-0.4772132,0.008816723919635125,-0.4772132
4694,-0.47751674,-0.10363546136700419,-0.47751674
4695,-0.5183834,-0.1422117771651846,-0.5183834
4696,-0.47723073,-0.14634355495191606,-0.47723073
4697,-0.47723073,-0.12261157958965038,-0.47723073
4698,-0.47723073,-0.14634355495191606,-0.47723073
4699,-0.47723073,-0.03114451138323953,-0.47723073
4700,-0.5188085,-0.136592479380883,-0.5188085
4701,-0.4769268,-0.09009266613867756,-0.4769268
4702,-0.4769268,-0.09009266613867756,-0.4769268
4703,-0.4769268,-0.013202401184014143,-0.4769268
4704,-0.47723135,-0.08390466409922138,-0.47723135
4705,-0.47751713,-0.12444902902308899,-0.47751713
4706,-0.47794074,-0.12097389512527994,-0.47794074
4707,-0.47723097,-0.06626183101741574,-0.47723097
4708,-0.47723097,-0.06692354761450847,-0.47723097
4709,-0.5186773,-0.13764567941714487,-0.5186773
4710,-0.5186728,-0.13395350849050194,-0.5186728
4711,-0.51879656,-0.05884886004983333,-0.51879656
4712,-0.5191035,-0.04842129182760347,-0.5191035
4713,-0.5191035,-0.10485034136788644,-0.5191035
4714,-0.5191035,-0.04842129182760347,-0.5191035
4715,-0.51908237,-0.1057040023273821,-0.51908237
4716,-0.51879656,-0.0966188879037343,-0.51879656
4717,-0.51838344,-0.05022541205606076,-0.51838344
4718,-0.47708666,0.01777437157165086,-0.47708666
4719,-0.47708666,0.04706746490898067,-0.47708666
4720,-0.47708666,-0.05924234454088591,-0.47708666
4721,-0.47693935,-0.09198015409639024,-0.47693935
4722,-0.47707453,-0.07702024988212723,-0.47707453
4723,-0.47707453,-0.14386804354795668,-0.47707453
4724,-0.47708482,0.0018988165802581083,-0.47708482
4725,-0.4770841,0.05504236606997994,-0.4770841
4726,-0.47708642,-0.07778751703525727,-0.47708642
4727,-0.47708488,-0.16533335335148192,-0.47708488
4728,0.0783199,0.06115348189020693,0.0783199
4729,-0.47723097,-0.026085303386907868,-0.47723097
4730,0.09403323,0.10477030214775547,0.09403323
4731,-0.5094908,-0.17831289316372972,-0.5094908
4732,-0.5094908,-0.030837234615732404,-0.5094908
4733,-0.54075986,-0.1305500300829266,-0.54075986
4734,-0.51276654,-0.10320894153343602,-0.51276654
4735,-0.02673855,0.13806652870694314,-0.02673855
4736,-0.32098126,0.1624662040368014,-0.32098126
4737,-0.24171679,0.12402319084609234,-0.24171679
4738,-0.23382713,0.08814264035042396,-0.23382713
4739,-0.47455087,0.055044543051440326,-0.47455087
4740,0.07833453,0.06434030588371643,0.07833453
4741,0.074564904,0.1290506914514701,0.074564904
4742,-0.35191727,0.08122721460181156,-0.35191727
4743,-0.35191727,0.051211605650190506,-0.35191727
4744,0.09427679,0.11525250873675211,0.09427679
4745,0.09417937,0.22615476013901162,0.09417937
4746,0.09417936,0.10816427899144128,0.09417936
4747,0.09389396,0.08544380353425944,0.09389396
4748,0.09387718,0.1091059702069254,0.09387718
4749,-0.47737882,-0.018720201425729405,-0.47737882
4750,-0.47696185,-0.01665285973369942,-0.47696185
4751,-0.42398575,0.010359830831395352,-0.42398575
4752,-0.24553744,0.23657040351109462,-0.24553744
4753,-0.45349124,-0.02634790959843882,-0.45349124
4754,-0.5510394,-0.30854626432671584,-0.5510394
4755,-0.33434838,0.10308263346203582,-0.33434838
4756,-0.2572826,0.12621903704020446,-0.2572826
4757,-0.16458549,0.18978814820369494,-0.16458549
4758,-0.16458672,0.08681413314770474,-0.16458672
4759,-0.44611904,0.016878444006805368,-0.44611904
4760,-0.24439636,0.2047471478354227,-0.24439636
4761,-0.25203404,0.10803760586002234,-0.25203404
4762,-0.5584051,-0.057462411145907576,-0.5584051
4763,-0.48545504,0.03150539885373768,-0.48545504
4764,-0.48460472,-0.11985850678973659,-0.48460472
4765,-0.5688041,-0.14910606374893398,-0.5688041
4766,-0.47811434,-0.14598695913300067,-0.47811434
4767,-0.47692648,0.008452480780035484,-0.47692648
4768,-0.47659656,-0.02422402141140468,-0.47659656
4769,-0.47659656,-0.1365105304636989,-0.47659656
4770,-0.34986082,0.14045856238535578,-0.34986082
4771,-0.5599481,-0.06336940028245265,-0.5599481
4772,-0.48399428,-0.0730312963355053,-0.48399428
4773,-0.51831836,-0.146749567898355,-0.51831836
4774,-0.51864827,-0.10683206198420878,-0.51864827
4775,-0.4842982,-0.1276982232395154,-0.4842982
4776,-0.47692582,0.02908063528226339,-0.47692582
4777,-0.47693795,-0.024603498546023898,-0.47693795
4778,-0.47692388,0.0015168362855647948,-0.47692388
4779,-0.47721344,-0.09341844395907548,-0.47721344
4780,-0.51905245,-0.08697777621286938,-0.51905245
4781,-0.47780338,-0.1235235706843468,-0.47780338
4782,-0.47780338,-0.1235235706843468,-0.47780338
4783,-0.47693896,-0.02297343727908235,-0.47693896
4784,-0.51838326,-0.11624384670293195,-0.51838326
4785,0.0783199,0.047558602932381816,0.0783199
4786,0.074570574,0.02782731546634487,0.074570574
4787,-0.47723097,-0.026010937112994223,-0.47723097
4788,-0.47826135,-0.08071177567848106,-0.47826135
4789,0.07456012,0.062181084345812654,0.07456012
4790,-0.47692743,-0.01180472048022143,-0.47692743
4791,0.09426947,0.12784067084682166,0.09426947
4792,-0.5193475,-0.038838197148626484,-0.5193475
4793,0.090919204,0.09481225787888645,0.090919204
4794,-0.47707453,-0.06865026666742736,-0.47707453
4795,-0.47707453,-0.016613714608334967,-0.47707453
4796,-0.47692704,-0.052284889913760776,-0.47692704
4797,0.09426478,0.07641183015329599,0.09426478
4798,0.13628872,-0.09818958241278301,0.13628872
4799,-0.5097563,-0.15342855834551528,-0.5097563
4800,-0.47692767,-0.030435519070622967,-0.47692767
4801,-0.4772312,-0.05128523916428903,-0.4772312
4802,-0.47692767,-0.08090867723799047,-0.47692767
4803,-0.51866114,-0.1696120280068397,-0.51866114
4804,-0.4847249,-0.1346219358499697,-0.4847249
4805,-0.5189528,-0.06928116745901598,-0.5189528
4806,-0.5192386,-0.1635462366364029,-0.5192386
4807,-0.5192386,-0.05289510268773408,-0.5192386
4808,-0.518935,-0.11619525992862596,-0.518935
4809,-0.51864886,-0.07235788018332422,-0.51864886
4810,-0.51864886,-0.07235788018332422,-0.51864886
4811,-0.51864886,-0.07235788018332422,-0.51864886
4812,-0.48090953,-0.16624829591336374,-0.48090953
4813,-0.48090953,-0.15042883122583403,-0.48090953
4814,-0.48090953,-0.15042883122583403,-0.48090953
4815,-0.48090953,-0.16624829591336374,-0.48090953
4816,-0.48090953,-0.16624829591336374,-0.48090953
4817,-0.4844389,-0.10779600088612566,-0.4844389
4818,-0.4844389,-0.08169502373797285,-0.4844389
4819,-0.47750694,-0.03002505618548796,-0.47750694
4820,-0.5189562,-0.09980156570213489,-0.5189562
4821,-0.5189562,-0.1321551668733636,-0.5189562
4822,-0.5189562,-0.09980156570213489,-0.5189562
4823,-0.5189562,-0.1321551668733636,-0.5189562
4824,-0.5189562,-0.1321551668733636,-0.5189562
4825,-0.5189562,-0.1321551668733636,-0.5189562
4826,-0.48119593,-0.06057585706293812,-0.48119593
4827,-0.48119593,-0.06057585706293812,-0.48119593
4828,-0.4842988,-0.1167764723554767,-0.4842988
4829,-0.47779354,-0.1120791021113528,-0.47779354
4830,-0.51923895,-0.14411216849172237,-0.51923895
4831,-0.51923895,-0.14411216849172237,-0.51923895
4832,-0.51923895,-0.14411216849172237,-0.51923895
4833,-0.48399526,-0.08233847958983398,-0.48399526
4834,0.07832213,0.2190916797610113,0.07832213
4835,-0.47723073,-0.1214603960795555,-0.47723073
4836,-0.5195412,-0.09993661916583964,-0.5195412
4837,-0.4844385,-0.08496858280889837,-0.4844385
4838,-0.51866114,-0.1696120280068397,-0.51866114
4839,-0.5189528,-0.06928116745901598,-0.5189528
4840,-0.51896834,-0.10950669961308297,-0.51896834
4841,-0.5189515,-0.05244103425951061,-0.5189515
4842,0.09426946,0.07704662364826537,0.09426946
4843,0.09426946,0.07704662364826537,0.09426946
4844,0.09426946,0.07704662364826537,0.09426946
4845,0.09426946,0.07704662364826537,0.09426946
4846,0.09426946,0.12232798807721439,0.09426946
4847,-0.4847698,-0.10099371397422563,-0.4847698
4848,0.0906864,0.13707240425764783,0.0906864
4849,-0.47536,0.010134756309833022,-0.47536
4850,-0.46177718,-0.05749379664359192,-0.46177718
4851,-0.24171679,0.3496888440183181,-0.24171679
4852,-0.24171652,0.18494474934813823,-0.24171652
4853,-0.24171679,0.15396237705501584,-0.24171679
4854,-0.4956907,0.11118354615861893,-0.4956907
4855,-0.47827783,-0.05496428940168079,-0.47827783
4856,-0.48140407,-0.0812480559094137,-0.48140407
4857,-0.48140407,-0.0812480559094137,-0.48140407
4858,-0.48140407,-0.09350420678483891,-0.48140407
4859,-0.5183834,-0.13511186347936352,-0.5183834
4860,-0.5183834,-0.13511186347936352,-0.5183834
4861,-0.47751713,-0.12125883385341814,-0.47751713
4862,-0.47708666,0.01081053329533228,-0.47708666
4863,-0.4769268,-0.11984125212437745,-0.4769268
4864,-0.23436122,0.10504890082069847,-0.23436122
4865,-0.24171679,0.1685488110785218,-0.24171679
4866,-0.48094273,-0.10430058710939157,-0.48094273
4867,-0.45017114,0.07471775266715494,-0.45017114
4868,-0.45017114,0.07471775266715494,-0.45017114
4869,-0.32098126,0.15529492970825617,-0.32098126
4870,-0.24506101,0.10295698274763473,-0.24506101
4871,-0.24171679,0.12350002774434927,-0.24171679
4872,-0.5510315,-0.0758146614861426,-0.5510315
4873,-0.55103934,-0.062063928049494725,-0.55103934
4874,-0.47784987,-0.03906601108279002,-0.47784987
4875,-0.42398423,-0.0040406357867876115,-0.42398423
4876,-0.55097145,-0.0867773159673201,-0.55097145
4877,-0.47737882,-0.04379107884917872,-0.47737882
4878,-0.4773409,-0.11198367615913954,-0.4773409
4879,-0.5575087,-0.010994773592755589,-0.5575087
4880,-0.6954115,0.01367436951009738,-0.6954115
4881,-0.5195716,-0.10432403615394811,-0.5195716
4882,-0.2446025,0.15284370842148884,-0.2446025
4883,-0.47599775,-0.09822499757033688,-0.47599775
4884,-0.51864856,-0.12456443888168214,-0.51864856
4885,0.07833452,0.07423595884559565,0.07833452
4886,-0.65935457,-0.10222314924408223,-0.65935457
4887,-0.65935403,-0.24860733433680346,-0.65935403
4888,-0.47721308,-0.0143840366009059,-0.47721308
4889,-0.4772367,-0.13787272610760115,-0.4772367
4890,-0.48076108,-0.07164768472354069,-0.48076108
4891,-0.48076132,-0.033850340932355824,-0.48076132
4892,-0.51919675,-0.10696406108968282,-0.51919675
4893,0.07832213,0.09110688849714181,0.07832213
4894,-0.5186491,-0.04438002879905749,-0.5186491
4895,0.07832172,0.11318625959716093,0.07832172
4896,-0.518661,-0.11141134403221152,-0.518661
4897,-0.518661,-0.11141134403221152,-0.518661
4898,-0.518661,-0.11141134403221152,-0.518661
4899,0.07830625,0.17841640617209528,0.07830625
4900,0.07832213,-0.00907826640998151,0.07832213
4901,-0.47811416,-0.06632112321381237,-0.47811416
4902,-0.4809174,-0.15559724821317283,-0.4809174
4903,-0.51920015,-0.1573799994134667,-0.51920015
4904,-0.51920015,-0.11989222599601103,-0.51920015
4905,-0.51920015,-0.1573799994134667,-0.51920015
4906,-0.51920015,-0.11989222599601103,-0.51920015
4907,-0.51920015,-0.11989222599601103,-0.51920015
4908,-0.518661,-0.11141134403221152,-0.518661
4909,-0.48413524,-0.14201961625890022,-0.48413524
4910,-0.48090976,-0.19471715306656995,-0.48090976
4911,-0.47779378,-0.0894842932444253,-0.47779378
4912,-0.5192392,-0.10388273771889964,-0.5192392
4913,-0.5192392,-0.10388273771889964,-0.5192392
4914,-0.51950365,-0.19779616720494356,-0.51950365
4915,-0.5186611,-0.08788957748307749,-0.5186611
4916,-0.5189564,-0.13648751157000497,-0.5189564
4917,-0.5192123,-0.092626773522486,-0.5192123
4918,0.09426946,0.14665185008257967,0.09426946
4919,0.08025648,-0.025940593789070786,0.08025648
4920,-0.24173626,0.15916885265011546,-0.24173626
4921,-0.47693673,-0.05642978820091929,-0.47693673
4922,-0.48090953,-0.1985957062534092,-0.48090953
4923,0.07456718,0.1040600680926075,0.07456718
4924,0.07456488,0.09479071588649449,0.07456488
4925,0.07456488,0.09479071588649449,0.07456488
4926,-0.47751674,-0.03300388181113586,-0.47751674
4927,0.0942817,0.07397491213821548,0.0942817
4928,0.09428146,0.08543744562653309,0.09428146
4929,-0.5407609,-0.03166773761348391,-0.5407609
4930,-0.24171679,0.03778973669163368,-0.24171679
4931,-0.34914103,-0.05511936756064549,-0.34914103
4932,-0.46173817,-0.005236712502924726,-0.46173817
4933,-0.46173817,-0.020707553426788015,-0.46173817
4934,-0.48508304,-0.021877368052422585,-0.48508304
4935,-0.48508304,-0.08617385737557236,-0.48508304
4936,-0.51866114,-0.09977196211038732,-0.51866114
4937,-0.51866114,-0.09977196211038732,-0.51866114
4938,-0.5186614,-0.11697198581688026,-0.5186614
4939,-0.4844389,-0.06460936878435419,-0.4844389
4940,-0.48090938,-0.07960579799120605,-0.48090938
4941,-0.47723073,-0.0985501329838824,-0.47723073
4942,-0.5192554,-0.053626358018424226,-0.5192554
4943,-0.5189528,-0.1105489545370563,-0.5189528
4944,-0.5189528,-0.1836685813772571,-0.5189528
4945,0.0942817,0.09971401199174368,0.0942817
4946,-0.32667798,0.021431064426052467,-0.32667798
4947,-0.24171674,0.0949630706688333,-0.24171674
4948,-0.55106235,-0.06351056422942923,-0.55106235
4949,-0.5509294,-0.29997139571189946,-0.5509294
4950,-0.33434835,0.14354350956850695,-0.33434835
4951,-0.15990345,0.009420700256467504,-0.15990345
4952,-0.2601908,0.12332889704936897,-0.2601908
4953,-0.26004803,0.1163208105486008,-0.26004803
4954,-0.26004803,0.2012701463989632,-0.26004803
4955,-0.24171679,0.39040250607829535,-0.24171679
4956,-0.36303696,0.08344478805806343,-0.36303696
4957,-0.4769268,0.011004495336509962,-0.4769268
4958,-0.33434698,0.14700727446191367,-0.33434698
4959,-0.30617297,0.04945771959981076,-0.30617297
4960,-0.48401013,-0.10751081373316362,-0.48401013
4961,0.07830116,0.08851562715875265,0.07830116
4962,0.07833453,0.12771379226860907,0.07833453
4963,-0.518905,-0.05770409992357954,-0.518905
4964,-0.518905,-0.05770409992357954,-0.518905
4965,-0.48091766,-0.13323854698912302,-0.48091766
4966,-0.51866126,-0.08166606310878267,-0.51866126
4967,0.07830625,0.11322458929062133,0.07830625
4968,-0.48473302,-0.033065651059302335,-0.48473302
4969,-0.48473302,-0.0278749070532816,-0.48473302
4970,0.09426921,0.026729788407816996,0.09426921
4971,-0.5094908,-0.13631230530124072,-0.5094908
4972,-0.48459634,-0.17705028893593897,-0.48459634
4973,-0.4845887,-0.15670530071766564,-0.4845887
4974,-0.48091727,-0.12445132605899868,-0.48091727
4975,-0.48091727,-0.13939045870333305,-0.48091727
4976,-0.4809174,-0.1465942909782441,-0.4809174
4977,-0.16474788,0.23792474180464837,-0.16474788
4978,-0.16474788,0.23792474180464837,-0.16474788
4979,-0.16474788,0.23792474180464837,-0.16474788
4980,-0.48451054,-0.06636130056958585,-0.48451054
4981,-0.48451054,-0.037136763986666245,-0.48451054
4982,-0.23380175,0.08191718742121655,-0.23380175
4983,-0.48094353,-0.08609995594475198,-0.48094353
4984,-0.518661,-0.039332504440584976,-0.518661
4985,-0.51890516,-0.09827270180734603,-0.51890516
4986,-0.518661,-0.039332504440584976,-0.518661
4987,-0.51895267,-0.11751031196726831,-0.51895267
4988,-0.518661,-0.08583342521646571,-0.518661
4989,-0.48090965,-0.16085650541116273,-0.48090965
4990,-0.47723073,-0.16226296925441053,-0.47723073
4991,-0.48090976,-0.11449168105269711,-0.48090976
4992,-0.4809174,-0.10214950512509029,-0.4809174
4993,-0.518661,0.003917987670364183,-0.518661
4994,-0.5186614,-0.09373556715688272,-0.5186614
4995,-0.24173626,0.1723470507848823,-0.24173626
4996,-0.3343481,0.07822598421023781,-0.3343481
4997,-0.5407611,-0.014535021137874861,-0.5407611
4998,-0.47737882,-0.12388934568591328,-0.47737882
4999,-0.35675088,0.09318960368845626,-0.35675088
5000,0.07456525,0.038940519523363866,0.07456525
5001,-0.47765872,-0.11338417218177031,-0.47765872
5002,-0.47665846,-0.11493077634308055,-0.47665846
5003,-0.24163845,0.0980332904982181,-0.24163845
5004,-0.47719613,-0.01551612677524488,-0.47719613
5005,-0.4853503,-0.08305507343000858,-0.4853503
5006,-0.4853503,-0.08305507343000858,-0.4853503
5007,-0.48024747,-0.16109552384446282,-0.48024747
5008,-0.48412797,-0.11294870572591655,-0.48412797
5009,-0.48401,-0.07724381022895782,-0.48401
5010,-0.51889235,-0.12898475454627323,-0.51889235
5011,-0.51901037,-0.13136842195058443,-0.51901037
5012,-0.5510218,-0.04967600373932834,-0.5510218
5013,-0.4769271,-0.14196145697032805,-0.4769271
5014,-0.4501463,0.0762150251200274,-0.4501463
5015,-0.24503444,0.17086951938574035,-0.24503444
5016,-0.5407609,-0.12891737733516634,-0.5407609
5017,-0.54076165,-0.10025052236378022,-0.54076165
5018,-0.47692752,-0.22884553970105148,-0.47692752
5019,-0.47665766,0.01580135340485191,-0.47665766
5020,-0.4846042,-0.1215768065199195,-0.4846042
5021,-0.4846042,-0.1215768065199195,-0.4846042
5022,-0.48459658,-0.15676265430783504,-0.48459658
5023,-0.49127233,-0.005889303261447109,-0.49127233
5024,-0.4845887,-0.15204544720174473,-0.4845887
5025,0.074564904,-0.053887513036643846,0.074564904
5026,0.07456718,0.0625277307794843,0.07456718
5027,0.07456718,0.0625277307794843,0.07456718
5028,-0.2452539,0.1629927463267374,-0.2452539
5029,0.089805655,0.15108226845311193,0.089805655
5030,-0.48158485,-0.10411828513572156,-0.48158485
5031,-0.4845962,-0.10419546386533886,-0.4845962
5032,-0.47632787,0.0026255972067678636,-0.47632787
5033,-0.47632787,0.023256605734712884,-0.47632787
5034,-0.48493248,-0.04585384646424765,-0.48493248
5035,-0.48493248,0.06697240828471991,-0.48493248
5036,-0.47763696,-0.13770897421200826,-0.47763696
5037,-0.47765684,-0.016083116420245805,-0.47765684
5038,-0.5191035,-0.10046443267159681,-0.5191035
5039,-0.519082,-0.11627711752646704,-0.519082
5040,-0.4769272,-0.11226614057442823,-0.4769272
5041,-0.32679734,0.0015896987735348036,-0.32679734
5042,0.13629225,-0.2022952240462741,0.13629225
5043,-0.4769272,-0.026887998931454667,-0.4769272
5044,-0.24171679,0.13247015076640847,-0.24171679
5045,-0.24314135,0.13810336865461964,-0.24314135
5046,0.093573265,0.11587942205014141,0.093573265
5047,0.094195224,0.10305791343669092,0.094195224
5048,-0.246763,0.10482327898291706,-0.246763
5049,0.07832215,0.11112321903832882,0.07832215
5050,0.093591504,0.1472030962232008,0.093591504
5051,-0.42398554,0.07912213917509475,-0.42398554
5052,-0.35589626,0.1501049936529947,-0.35589626
5053,-0.35589626,0.1501049936529947,-0.35589626
5054,-0.35589626,0.1501049936529947,-0.35589626
5055,-0.35589626,0.1501049936529947,-0.35589626
5056,-0.35589626,0.1501049936529947,-0.35589626
5057,-0.35589626,0.1501049936529947,-0.35589626
5058,-0.47723123,-0.06038395549923441,-0.47723123
5059,-0.30619466,0.015612702829483889,-0.30619466
5060,-0.30619466,0.1080358724746448,-0.30619466
5061,-0.48459646,-0.13034154761596328,-0.48459646
5062,-0.48460406,-0.22317909238213696,-0.48460406
5063,-0.4846042,-0.08755551790321654,-0.4846042
5064,-0.48451054,-0.03825286118609099,-0.48451054
5065,-0.48451054,-0.045065962325427214,-0.48451054
5066,-0.48451054,-0.045065962325427214,-0.48451054
5067,-0.48493272,-0.11916201866630036,-0.48493272
5068,-0.48493272,-0.047492274864311304,-0.48493272
5069,-0.47679904,-0.04911963206383227,-0.47679904
5070,-0.47679904,-0.04911963206383227,-0.47679904
5071,-0.47659656,-0.04993708198334462,-0.47659656
5072,-0.47659656,0.018887816936516123,-0.47659656
5073,-0.5189341,-0.10677104353212083,-0.5189341
5074,-0.5189341,-0.21649576176782384,-0.5189341
5075,-0.48443794,-0.10425168127715079,-0.48443794
5076,-0.5584549,-0.32207173903117947,-0.5584549
5077,-0.5186608,-0.04987224765693058,-0.5186608
5078,-0.5186608,-0.04987224765693058,-0.5186608
5079,-0.5186608,-0.04987224765693058,-0.5186608
5080,-0.4844385,-0.0872666331139651,-0.4844385
5081,-0.4844385,-0.025173859399671483,-0.4844385
5082,-0.4844385,-0.025173859399671483,-0.4844385
5083,-0.48119554,-0.12855323389599485,-0.48119554
5084,-0.4844385,-0.1151086550059516,-0.4844385
5085,-0.48443836,-0.07450330174765296,-0.48443836
5086,-0.518935,-0.0862186126123038,-0.518935
5087,-0.5195412,-0.07291097719363271,-0.5195412
5088,-0.519255,-0.1009819837728849,-0.519255
5089,-0.480606,-0.1358979296351227,-0.480606
5090,-0.47737882,-0.12612960780053498,-0.47737882
5091,-0.55103904,-0.13721361751752678,-0.55103904
5092,-0.5510073,-0.020368824236283747,-0.5510073
5093,-0.47737777,-0.12749174880910938,-0.47737777
5094,0.09419877,0.09529027396395826,0.09419877
5095,-0.48460487,-0.07166521279958517,-0.48460487
5096,-0.3343447,0.14964008360012696,-0.3343447
5097,-0.24553603,0.33651968367755747,-0.24553603
5098,-0.48978913,-0.06382355198565873,-0.48978913
5099,-0.48978913,-0.08962157844800736,-0.48978913
5100,-0.48978913,-0.06382355198565873,-0.48978913
5101,-0.48978913,-0.06382355198565873,-0.48978913
5102,-0.5090719,0.04970868374488579,-0.5090719
5103,-0.48978913,0.02586330508826792,-0.48978913
5104,-0.0005731011,0.06994996774302431,-0.0005731011
5105,-0.28972265,0.1227181623746873,-0.28972265
5106,-0.3926181,0.031357030559805016,-0.3926181
5107,-0.4402142,-0.008831768981019318,-0.4402142
5108,0.005537933,0.1149257740545418,0.005537933
5109,0.005537933,0.24288288759663607,0.005537933
5110,-0.3157685,0.008804169417337835,-0.3157685
5111,-0.23558229,0.11975078868668063,-0.23558229
5112,-0.3926181,0.19400914592152801,-0.3926181
5113,-0.12011652,0.1444139803066207,-0.12011652
5114,-0.28972265,0.0988498140932385,-0.28972265
5115,-0.4257555,0.034570428097547415,-0.4257555
5116,-0.4846478,-0.06985403953656384,-0.4846478
5117,-0.42402643,0.029156265086462123,-0.42402643
5118,0.024788106,0.191076937289595,0.024788106
5119,0.024788106,0.13664597802225528,0.024788106
5120,-0.48465368,-0.01391231502648872,-0.48465368
5121,-0.48465368,0.011723544820813224,-0.48465368
5122,-0.48978916,-0.11159341437452859,-0.48978916
5123,-0.4895769,0.04149340346172402,-0.4895769
5124,-0.4895769,-0.06863463179005369,-0.4895769
5125,-0.40216637,-0.06331375571823061,-0.40216637
5126,-0.48466188,-0.15312292592529705,-0.48466188
5127,-0.4865578,-0.09498395717200686,-0.4865578
5128,-0.48464653,-0.027770749642173978,-0.48464653
5129,-0.41595498,0.014790773144700379,-0.41595498
5130,-0.4338926,-0.0077501231084952955,-0.4338926
5131,-0.36348468,0.019402632114848935,-0.36348468
5132,-0.36348468,0.006131185151158489,-0.36348468
5133,-0.33643013,0.013760083568882,-0.33643013
5134,-0.40216637,-0.0004920883689596572,-0.40216637
5135,-0.42576236,0.06531469100426561,-0.42576236
5136,-0.42577574,0.05858612079244086,-0.42577574
5137,-0.43230906,0.06030968553626452,-0.43230906
5138,-0.4197296,0.012969549491826833,-0.4197296
5139,-0.4588032,0.018045095281622514,-0.4588032
5140,-0.4257759,0.0513600641370983,-0.4257759
5141,-0.42006215,0.13805595556632913,-0.42006215
5142,-0.0005731011,0.061940009703118956,-0.0005731011
5143,0.07250007,0.09519002015318546,0.07250007
5144,-0.39996085,-0.008893694380513791,-0.39996085
5145,-0.32793283,0.10590063436609269,-0.32793283
5146,-0.32793283,0.07148704240575722,-0.32793283
5147,-0.33643013,0.1008427041053199,-0.33643013
5148,-0.33701947,0.036891290496752785,-0.33701947
5149,-0.34427738,0.03030653896330452,-0.34427738
5150,-0.34427738,0.01120210300064914,-0.34427738
5151,-0.43951038,0.0014996647578217194,-0.43951038
5152,-0.43951038,-0.0062872969171074,-0.43951038
5153,-0.44010332,0.028836930911005653,-0.44010332
5154,-0.44010332,0.00019521850020822194,-0.44010332
5155,-0.5072719,-0.06358314092171335,-0.5072719
5156,-0.5072719,-0.09161705023570875,-0.5072719
5157,-0.5271943,-0.022245580210402686,-0.5271943
5158,-0.42005062,-0.059716183203919665,-0.42005062
5159,-0.42006236,0.02640076764874553,-0.42006236
5160,-0.4897898,-0.07322868517426348,-0.4897898
5161,-0.48978972,0.03916048673230709,-0.48978972
5162,-0.24553625,0.07671516759278668,-0.24553625
5163,-0.23558229,0.10388459080412542,-0.23558229
5164,-0.36409014,0.08347328423271985,-0.36409014
5165,0.0095627075,0.020688385798897015,0.0095627075
5166,0.009564893,0.024606803121748986,0.009564893
5167,0.009562741,0.08013066911429524,0.009562741
5168,0.00956487,0.05526787087089166,0.00956487
5169,0.009694109,0.05480486852700907,0.009694109
5170,0.00956272,0.035690275192089005,0.00956272
5171,0.009563529,0.03587069263961854,0.009563529
5172,0.00956277,-0.006413633828728978,0.00956277
5173,0.009562907,0.07808083060849762,0.009562907
5174,0.009561157,0.29444452627629814,0.009561157
5175,0.009562465,0.04043748467239351,0.009562465
5176,0.009562462,0.011268650502175957,0.009562462
5177,0.009562189,0.11206187421079657,0.009562189
5178,0.07320537,0.046244458975368885,0.07320537
5179,0.07318588,-0.06617375426814064,0.07318588
5180,0.07310144,-0.0766757439694026,0.07310144
5181,0.27368987,0.003770058718916211,0.27368987
5182,0.008961988,0.027666642321493053,0.008961988
5183,0.008961752,0.04035159354900771,0.008961752
5184,0.008961748,0.05212752372962684,0.008961748
5185,0.008961483,0.018299706850641133,0.008961483
5186,0.072604,-0.05167413447842675,0.072604
5187,0.07258452,-0.003125196552575665,0.07258452
5188,0.27429107,-0.17000767190731744,0.27429107
5189,0.00955655,0.0597722779414025,0.00955655
5190,-0.3999445,0.0064416362432031605,-0.3999445
5191,-0.39985058,-0.0025286594693552066,-0.39985058
5192,-0.39985055,0.06813259228204992,-0.39985055
5193,-0.39995852,-0.02182059344517175,-0.39995852
5194,-0.39996088,0.0054394356002623505,-0.39996088
5195,-0.39995906,0.026247073337295614,-0.39995906
5196,-0.39996022,-0.08048151700048127,-0.39996022
5197,-0.39996085,0.08156904857917277,-0.39996085
5198,-0.39996088,-0.08048151700048127,-0.39996088
5199,-0.4338926,0.044247656079249305,-0.4338926
5200,-0.26447845,0.14070527410068803,-0.26447845
5201,-0.32850644,-0.04147389240822236,-0.32850644
5202,-0.6262544,-0.19626072159413205,-0.6262544
5203,-0.6420236,0.11320950774849046,-0.6420236
